WEEK,COUNTRY,EVENT_TYPE,EVENTS,CENTROID_LATITUDE,CENTROID_LONGITUDE
10/06/2018,Mexico,Riots,1,22.0396,-102.3127
10/27/2018,Mexico,Riots,1,22.0396,-102.3127
05/18/2019,Mexico,Riots,1,22.0396,-102.3127
05/25/2019,Mexico,Riots,1,22.0396,-102.3127
06/01/2019,Mexico,Riots,1,22.0396,-102.3127
06/08/2019,Mexico,Riots,1,22.0396,-102.3127
10/05/2019,Mexico,Riots,1,22.0396,-102.3127
01/29/2022,Mexico,Riots,1,22.0396,-102.3127
07/08/2023,Mexico,Riots,1,22.0396,-102.3127
04/28/2018,Mexico,Riots,1,22.0396,-102.3127
05/18/2019,Mexico,Riots,1,22.0396,-102.3127
03/06/2021,Mexico,Riots,1,22.0396,-102.3127
06/01/2019,Mexico,Violence against civilians,1,22.0396,-102.3127
10/09/2021,Mexico,Violence against civilians,1,22.0396,-102.3127
05/11/2024,Mexico,Violence against civilians,1,22.0396,-102.3127
02/01/2025,Mexico,Violence against civilians,1,22.0396,-102.3127
02/08/2025,Mexico,Violence against civilians,1,22.0396,-102.3127
04/07/2018,Mexico,Violence against civilians,1,22.0396,-102.3127
08/11/2018,Mexico,Violence against civilians,1,22.0396,-102.3127
11/17/2018,Mexico,Violence against civilians,1,22.0396,-102.3127
02/02/2019,Mexico,Violence against civilians,2,22.0396,-102.3127
06/01/2019,Mexico,Violence against civilians,1,22.0396,-102.3127
10/26/2019,Mexico,Violence against civilians,1,22.0396,-102.3127
01/11/2020,Mexico,Violence against civilians,1,22.0396,-102.3127
02/15/2020,Mexico,Violence against civilians,1,22.0396,-102.3127
07/04/2020,Mexico,Violence against civilians,1,22.0396,-102.3127
12/26/2020,Mexico,Violence against civilians,1,22.0396,-102.3127
01/16/2021,Mexico,Violence against civilians,1,22.0396,-102.3127
10/09/2021,Mexico,Violence against civilians,1,22.0396,-102.3127
01/01/2022,Mexico,Violence against civilians,1,22.0396,-102.3127
09/03/2022,Mexico,Violence against civilians,1,22.0396,-102.3127
10/29/2022,Mexico,Violence against civilians,1,22.0396,-102.3127
11/12/2022,Mexico,Violence against civilians,1,22.0396,-102.3127
12/17/2022,Mexico,Violence against civilians,1,22.0396,-102.3127
01/21/2023,Mexico,Violence against civilians,1,22.0396,-102.3127
02/18/2023,Mexico,Violence against civilians,1,22.0396,-102.3127
03/18/2023,Mexico,Violence against civilians,1,22.0396,-102.3127
04/01/2023,Mexico,Violence against civilians,1,22.0396,-102.3127
07/15/2023,Mexico,Violence against civilians,1,22.0396,-102.3127
07/29/2023,Mexico,Violence against civilians,1,22.0396,-102.3127
08/05/2023,Mexico,Violence against civilians,1,22.0396,-102.3127
01/20/2024,Mexico,Violence against civilians,1,22.0396,-102.3127
02/10/2024,Mexico,Violence against civilians,1,22.0396,-102.3127
03/23/2024,Mexico,Violence against civilians,1,22.0396,-102.3127
06/22/2024,Mexico,Violence against civilians,1,22.0396,-102.3127
07/13/2024,Mexico,Violence against civilians,4,22.0396,-102.3127
08/31/2024,Mexico,Violence against civilians,1,22.0396,-102.3127
09/28/2024,Mexico,Violence against civilians,1,22.0396,-102.3127
01/11/2025,Mexico,Violence against civilians,1,22.0396,-102.3127
01/25/2025,Mexico,Violence against civilians,3,22.0396,-102.3127
02/22/2025,Mexico,Violence against civilians,1,22.0396,-102.3127
03/01/2025,Mexico,Violence against civilians,2,22.0396,-102.3127
06/28/2025,Mexico,Violence against civilians,2,22.0396,-102.3127
07/05/2025,Mexico,Violence against civilians,1,22.0396,-102.3127
08/09/2025,Mexico,Violence against civilians,1,22.0396,-102.3127
09/13/2025,Mexico,Violence against civilians,1,22.0396,-102.3127
10/11/2025,Mexico,Explosions/Remote violence,1,30.3589,-115.2442
01/01/2022,Mexico,Explosions/Remote violence,1,30.3589,-115.2442
01/27/2024,Mexico,Explosions/Remote violence,1,30.3589,-115.2442
03/17/2018,Mexico,Riots,1,30.3589,-115.2442
03/31/2018,Mexico,Riots,3,30.3589,-115.2442
06/02/2018,Mexico,Riots,1,30.3589,-115.2442
12/15/2018,Mexico,Riots,2,30.3589,-115.2442
12/29/2018,Mexico,Riots,1,30.3589,-115.2442
01/05/2019,Mexico,Riots,1,30.3589,-115.2442
01/19/2019,Mexico,Riots,1,30.3589,-115.2442
05/11/2019,Mexico,Riots,1,30.3589,-115.2442
06/15/2019,Mexico,Riots,1,30.3589,-115.2442
07/06/2019,Mexico,Riots,1,30.3589,-115.2442
12/07/2019,Mexico,Riots,1,30.3589,-115.2442
06/13/2020,Mexico,Riots,1,30.3589,-115.2442
08/29/2020,Mexico,Riots,1,30.3589,-115.2442
11/28/2020,Mexico,Riots,1,30.3589,-115.2442
12/26/2020,Mexico,Riots,1,30.3589,-115.2442
03/13/2021,Mexico,Riots,1,30.3589,-115.2442
04/24/2021,Mexico,Riots,1,30.3589,-115.2442
06/05/2021,Mexico,Riots,1,30.3589,-115.2442
07/03/2021,Mexico,Riots,1,30.3589,-115.2442
05/14/2022,Mexico,Riots,1,30.3589,-115.2442
10/08/2022,Mexico,Riots,1,30.3589,-115.2442
10/15/2022,Mexico,Riots,1,30.3589,-115.2442
06/17/2023,Mexico,Riots,1,30.3589,-115.2442
03/30/2024,Mexico,Riots,1,30.3589,-115.2442
06/29/2024,Mexico,Riots,1,30.3589,-115.2442
07/27/2024,Mexico,Riots,1,30.3589,-115.2442
11/23/2024,Mexico,Riots,1,30.3589,-115.2442
01/25/2025,Mexico,Riots,1,30.3589,-115.2442
02/08/2025,Mexico,Riots,1,30.3589,-115.2442
05/03/2025,Mexico,Riots,1,30.3589,-115.2442
01/13/2018,Mexico,Riots,1,30.3589,-115.2442
03/31/2018,Mexico,Riots,1,30.3589,-115.2442
11/10/2018,Mexico,Riots,2,30.3589,-115.2442
12/22/2018,Mexico,Riots,1,30.3589,-115.2442
01/05/2019,Mexico,Riots,1,30.3589,-115.2442
01/19/2019,Mexico,Riots,1,30.3589,-115.2442
03/23/2019,Mexico,Riots,2,30.3589,-115.2442
03/30/2019,Mexico,Riots,1,30.3589,-115.2442
08/10/2019,Mexico,Riots,2,30.3589,-115.2442
07/04/2020,Mexico,Riots,1,30.3589,-115.2442
09/26/2020,Mexico,Riots,1,30.3589,-115.2442
11/28/2020,Mexico,Riots,1,30.3589,-115.2442
03/06/2021,Mexico,Riots,2,30.3589,-115.2442
04/10/2021,Mexico,Riots,1,30.3589,-115.2442
07/24/2021,Mexico,Riots,1,30.3589,-115.2442
03/05/2022,Mexico,Riots,1,30.3589,-115.2442
04/23/2022,Mexico,Riots,1,30.3589,-115.2442
04/30/2022,Mexico,Riots,1,30.3589,-115.2442
09/24/2022,Mexico,Riots,1,30.3589,-115.2442
11/05/2022,Mexico,Riots,1,30.3589,-115.2442
12/03/2022,Mexico,Riots,1,30.3589,-115.2442
03/04/2023,Mexico,Riots,1,30.3589,-115.2442
04/15/2023,Mexico,Riots,1,30.3589,-115.2442
05/13/2023,Mexico,Riots,1,30.3589,-115.2442
10/21/2023,Mexico,Riots,1,30.3589,-115.2442
12/09/2023,Mexico,Riots,1,30.3589,-115.2442
09/07/2024,Mexico,Riots,1,30.3589,-115.2442
03/08/2025,Mexico,Riots,2,30.3589,-115.2442
05/05/2018,Mexico,Violence against civilians,1,30.3589,-115.2442
05/26/2018,Mexico,Violence against civilians,1,30.3589,-115.2442
06/02/2018,Mexico,Violence against civilians,1,30.3589,-115.2442
07/14/2018,Mexico,Violence against civilians,3,30.3589,-115.2442
07/21/2018,Mexico,Violence against civilians,1,30.3589,-115.2442
09/01/2018,Mexico,Violence against civilians,1,30.3589,-115.2442
11/17/2018,Mexico,Violence against civilians,2,30.3589,-115.2442
01/12/2019,Mexico,Violence against civilians,1,30.3589,-115.2442
03/16/2019,Mexico,Violence against civilians,2,30.3589,-115.2442
05/16/2020,Mexico,Violence against civilians,1,30.3589,-115.2442
07/25/2020,Mexico,Violence against civilians,1,30.3589,-115.2442
10/31/2020,Mexico,Violence against civilians,1,30.3589,-115.2442
02/27/2021,Mexico,Violence against civilians,1,30.3589,-115.2442
03/06/2021,Mexico,Violence against civilians,2,30.3589,-115.2442
03/13/2021,Mexico,Violence against civilians,1,30.3589,-115.2442
03/20/2021,Mexico,Violence against civilians,3,30.3589,-115.2442
05/01/2021,Mexico,Violence against civilians,1,30.3589,-115.2442
08/14/2021,Mexico,Violence against civilians,1,30.3589,-115.2442
10/30/2021,Mexico,Violence against civilians,1,30.3589,-115.2442
01/01/2022,Mexico,Violence against civilians,1,30.3589,-115.2442
04/16/2022,Mexico,Violence against civilians,1,30.3589,-115.2442
05/07/2022,Mexico,Violence against civilians,1,30.3589,-115.2442
05/21/2022,Mexico,Violence against civilians,1,30.3589,-115.2442
09/17/2022,Mexico,Violence against civilians,1,30.3589,-115.2442
11/05/2022,Mexico,Violence against civilians,1,30.3589,-115.2442
11/12/2022,Mexico,Violence against civilians,1,30.3589,-115.2442
12/24/2022,Mexico,Violence against civilians,1,30.3589,-115.2442
01/07/2023,Mexico,Violence against civilians,1,30.3589,-115.2442
04/29/2023,Mexico,Violence against civilians,1,30.3589,-115.2442
07/01/2023,Mexico,Violence against civilians,1,30.3589,-115.2442
07/08/2023,Mexico,Violence against civilians,2,30.3589,-115.2442
10/28/2023,Mexico,Violence against civilians,1,30.3589,-115.2442
11/11/2023,Mexico,Violence against civilians,1,30.3589,-115.2442
12/16/2023,Mexico,Violence against civilians,1,30.3589,-115.2442
02/24/2024,Mexico,Violence against civilians,1,30.3589,-115.2442
04/13/2024,Mexico,Violence against civilians,2,30.3589,-115.2442
05/11/2024,Mexico,Violence against civilians,1,30.3589,-115.2442
07/13/2024,Mexico,Violence against civilians,2,30.3589,-115.2442
08/10/2024,Mexico,Violence against civilians,1,30.3589,-115.2442
09/21/2024,Mexico,Violence against civilians,1,30.3589,-115.2442
10/12/2024,Mexico,Violence against civilians,1,30.3589,-115.2442
10/19/2024,Mexico,Violence against civilians,1,30.3589,-115.2442
11/09/2024,Mexico,Violence against civilians,1,30.3589,-115.2442
12/28/2024,Mexico,Violence against civilians,2,30.3589,-115.2442
02/01/2025,Mexico,Violence against civilians,1,30.3589,-115.2442
02/15/2025,Mexico,Violence against civilians,1,30.3589,-115.2442
02/22/2025,Mexico,Violence against civilians,2,30.3589,-115.2442
03/29/2025,Mexico,Violence against civilians,1,30.3589,-115.2442
04/26/2025,Mexico,Violence against civilians,2,30.3589,-115.2442
05/10/2025,Mexico,Violence against civilians,2,30.3589,-115.2442
05/17/2025,Mexico,Violence against civilians,1,30.3589,-115.2442
06/28/2025,Mexico,Violence against civilians,1,30.3589,-115.2442
08/09/2025,Mexico,Violence against civilians,1,30.3589,-115.2442
08/23/2025,Mexico,Violence against civilians,1,30.3589,-115.2442
09/27/2025,Mexico,Violence against civilians,1,30.3589,-115.2442
10/04/2025,Mexico,Violence against civilians,1,30.3589,-115.2442
10/18/2025,Mexico,Violence against civilians,2,30.3589,-115.2442
12/30/2017,Mexico,Violence against civilians,5,30.3589,-115.2442
01/06/2018,Mexico,Violence against civilians,4,30.3589,-115.2442
01/13/2018,Mexico,Violence against civilians,7,30.3589,-115.2442
01/20/2018,Mexico,Violence against civilians,11,30.3589,-115.2442
01/27/2018,Mexico,Violence against civilians,8,30.3589,-115.2442
02/03/2018,Mexico,Violence against civilians,6,30.3589,-115.2442
02/10/2018,Mexico,Violence against civilians,9,30.3589,-115.2442
02/17/2018,Mexico,Violence against civilians,5,30.3589,-115.2442
02/24/2018,Mexico,Violence against civilians,9,30.3589,-115.2442
03/03/2018,Mexico,Violence against civilians,7,30.3589,-115.2442
03/10/2018,Mexico,Violence against civilians,3,30.3589,-115.2442
03/17/2018,Mexico,Violence against civilians,3,30.3589,-115.2442
03/24/2018,Mexico,Violence against civilians,2,30.3589,-115.2442
03/31/2018,Mexico,Violence against civilians,5,30.3589,-115.2442
04/07/2018,Mexico,Violence against civilians,4,30.3589,-115.2442
04/14/2018,Mexico,Violence against civilians,4,30.3589,-115.2442
04/21/2018,Mexico,Violence against civilians,1,30.3589,-115.2442
04/28/2018,Mexico,Violence against civilians,11,30.3589,-115.2442
05/05/2018,Mexico,Violence against civilians,8,30.3589,-115.2442
05/12/2018,Mexico,Violence against civilians,6,30.3589,-115.2442
05/19/2018,Mexico,Violence against civilians,7,30.3589,-115.2442
05/26/2018,Mexico,Violence against civilians,6,30.3589,-115.2442
06/02/2018,Mexico,Violence against civilians,4,30.3589,-115.2442
06/09/2018,Mexico,Violence against civilians,9,30.3589,-115.2442
06/16/2018,Mexico,Violence against civilians,5,30.3589,-115.2442
06/23/2018,Mexico,Violence against civilians,5,30.3589,-115.2442
06/30/2018,Mexico,Violence against civilians,6,30.3589,-115.2442
07/07/2018,Mexico,Violence against civilians,6,30.3589,-115.2442
07/14/2018,Mexico,Violence against civilians,7,30.3589,-115.2442
07/21/2018,Mexico,Violence against civilians,4,30.3589,-115.2442
07/28/2018,Mexico,Violence against civilians,3,30.3589,-115.2442
08/04/2018,Mexico,Violence against civilians,6,30.3589,-115.2442
08/11/2018,Mexico,Violence against civilians,7,30.3589,-115.2442
08/18/2018,Mexico,Violence against civilians,8,30.3589,-115.2442
08/25/2018,Mexico,Violence against civilians,15,30.3589,-115.2442
09/01/2018,Mexico,Violence against civilians,7,30.3589,-115.2442
09/08/2018,Mexico,Violence against civilians,11,30.3589,-115.2442
09/15/2018,Mexico,Violence against civilians,7,30.3589,-115.2442
09/22/2018,Mexico,Violence against civilians,5,30.3589,-115.2442
09/29/2018,Mexico,Violence against civilians,16,30.3589,-115.2442
10/06/2018,Mexico,Violence against civilians,13,30.3589,-115.2442
10/13/2018,Mexico,Violence against civilians,9,30.3589,-115.2442
10/20/2018,Mexico,Violence against civilians,10,30.3589,-115.2442
10/27/2018,Mexico,Violence against civilians,8,30.3589,-115.2442
11/03/2018,Mexico,Violence against civilians,12,30.3589,-115.2442
11/10/2018,Mexico,Violence against civilians,9,30.3589,-115.2442
11/17/2018,Mexico,Violence against civilians,5,30.3589,-115.2442
11/24/2018,Mexico,Violence against civilians,1,30.3589,-115.2442
12/01/2018,Mexico,Violence against civilians,11,30.3589,-115.2442
12/08/2018,Mexico,Violence against civilians,6,30.3589,-115.2442
12/15/2018,Mexico,Violence against civilians,12,30.3589,-115.2442
12/22/2018,Mexico,Violence against civilians,12,30.3589,-115.2442
12/29/2018,Mexico,Violence against civilians,13,30.3589,-115.2442
01/05/2019,Mexico,Violence against civilians,12,30.3589,-115.2442
01/12/2019,Mexico,Violence against civilians,4,30.3589,-115.2442
01/19/2019,Mexico,Violence against civilians,8,30.3589,-115.2442
01/26/2019,Mexico,Violence against civilians,1,30.3589,-115.2442
02/02/2019,Mexico,Violence against civilians,9,30.3589,-115.2442
02/09/2019,Mexico,Violence against civilians,11,30.3589,-115.2442
02/16/2019,Mexico,Violence against civilians,9,30.3589,-115.2442
02/23/2019,Mexico,Violence against civilians,9,30.3589,-115.2442
03/02/2019,Mexico,Violence against civilians,8,30.3589,-115.2442
03/09/2019,Mexico,Violence against civilians,3,30.3589,-115.2442
03/16/2019,Mexico,Violence against civilians,5,30.3589,-115.2442
03/23/2019,Mexico,Violence against civilians,8,30.3589,-115.2442
03/30/2019,Mexico,Violence against civilians,8,30.3589,-115.2442
04/06/2019,Mexico,Violence against civilians,2,30.3589,-115.2442
04/13/2019,Mexico,Violence against civilians,5,30.3589,-115.2442
04/20/2019,Mexico,Violence against civilians,6,30.3589,-115.2442
04/27/2019,Mexico,Violence against civilians,3,30.3589,-115.2442
05/04/2019,Mexico,Violence against civilians,2,30.3589,-115.2442
05/11/2019,Mexico,Violence against civilians,11,30.3589,-115.2442
05/18/2019,Mexico,Violence against civilians,3,30.3589,-115.2442
05/25/2019,Mexico,Violence against civilians,4,30.3589,-115.2442
06/01/2019,Mexico,Violence against civilians,6,30.3589,-115.2442
06/08/2019,Mexico,Violence against civilians,5,30.3589,-115.2442
06/15/2019,Mexico,Violence against civilians,10,30.3589,-115.2442
06/22/2019,Mexico,Violence against civilians,3,30.3589,-115.2442
06/29/2019,Mexico,Violence against civilians,8,30.3589,-115.2442
07/06/2019,Mexico,Violence against civilians,8,30.3589,-115.2442
07/13/2019,Mexico,Violence against civilians,7,30.3589,-115.2442
07/20/2019,Mexico,Violence against civilians,8,30.3589,-115.2442
07/27/2019,Mexico,Violence against civilians,9,30.3589,-115.2442
08/03/2019,Mexico,Violence against civilians,11,30.3589,-115.2442
08/10/2019,Mexico,Violence against civilians,5,30.3589,-115.2442
08/17/2019,Mexico,Violence against civilians,1,30.3589,-115.2442
08/24/2019,Mexico,Violence against civilians,4,30.3589,-115.2442
08/31/2019,Mexico,Violence against civilians,3,30.3589,-115.2442
09/07/2019,Mexico,Violence against civilians,9,30.3589,-115.2442
09/14/2019,Mexico,Violence against civilians,6,30.3589,-115.2442
09/21/2019,Mexico,Violence against civilians,6,30.3589,-115.2442
09/28/2019,Mexico,Violence against civilians,6,30.3589,-115.2442
10/05/2019,Mexico,Violence against civilians,4,30.3589,-115.2442
10/12/2019,Mexico,Violence against civilians,5,30.3589,-115.2442
10/19/2019,Mexico,Violence against civilians,8,30.3589,-115.2442
10/26/2019,Mexico,Violence against civilians,6,30.3589,-115.2442
11/02/2019,Mexico,Violence against civilians,5,30.3589,-115.2442
11/09/2019,Mexico,Violence against civilians,9,30.3589,-115.2442
11/16/2019,Mexico,Violence against civilians,8,30.3589,-115.2442
11/23/2019,Mexico,Violence against civilians,5,30.3589,-115.2442
11/30/2019,Mexico,Violence against civilians,8,30.3589,-115.2442
12/07/2019,Mexico,Violence against civilians,10,30.3589,-115.2442
12/14/2019,Mexico,Violence against civilians,7,30.3589,-115.2442
12/21/2019,Mexico,Violence against civilians,4,30.3589,-115.2442
12/28/2019,Mexico,Violence against civilians,2,30.3589,-115.2442
01/04/2020,Mexico,Violence against civilians,10,30.3589,-115.2442
01/11/2020,Mexico,Violence against civilians,7,30.3589,-115.2442
01/18/2020,Mexico,Violence against civilians,5,30.3589,-115.2442
01/25/2020,Mexico,Violence against civilians,2,30.3589,-115.2442
02/01/2020,Mexico,Violence against civilians,11,30.3589,-115.2442
02/08/2020,Mexico,Violence against civilians,6,30.3589,-115.2442
02/15/2020,Mexico,Violence against civilians,8,30.3589,-115.2442
02/22/2020,Mexico,Violence against civilians,3,30.3589,-115.2442
02/29/2020,Mexico,Violence against civilians,1,30.3589,-115.2442
03/07/2020,Mexico,Violence against civilians,3,30.3589,-115.2442
03/14/2020,Mexico,Violence against civilians,8,30.3589,-115.2442
03/21/2020,Mexico,Violence against civilians,4,30.3589,-115.2442
03/28/2020,Mexico,Violence against civilians,9,30.3589,-115.2442
04/04/2020,Mexico,Violence against civilians,4,30.3589,-115.2442
04/11/2020,Mexico,Violence against civilians,6,30.3589,-115.2442
04/18/2020,Mexico,Violence against civilians,2,30.3589,-115.2442
04/25/2020,Mexico,Violence against civilians,13,30.3589,-115.2442
05/02/2020,Mexico,Violence against civilians,4,30.3589,-115.2442
05/09/2020,Mexico,Violence against civilians,12,30.3589,-115.2442
05/16/2020,Mexico,Violence against civilians,6,30.3589,-115.2442
05/23/2020,Mexico,Violence against civilians,9,30.3589,-115.2442
05/30/2020,Mexico,Violence against civilians,3,30.3589,-115.2442
06/06/2020,Mexico,Violence against civilians,7,30.3589,-115.2442
06/13/2020,Mexico,Violence against civilians,3,30.3589,-115.2442
06/20/2020,Mexico,Violence against civilians,8,30.3589,-115.2442
06/27/2020,Mexico,Violence against civilians,9,30.3589,-115.2442
07/04/2020,Mexico,Violence against civilians,6,30.3589,-115.2442
07/11/2020,Mexico,Violence against civilians,4,30.3589,-115.2442
07/18/2020,Mexico,Violence against civilians,6,30.3589,-115.2442
07/25/2020,Mexico,Violence against civilians,11,30.3589,-115.2442
08/01/2020,Mexico,Violence against civilians,8,30.3589,-115.2442
08/08/2020,Mexico,Violence against civilians,7,30.3589,-115.2442
08/15/2020,Mexico,Violence against civilians,7,30.3589,-115.2442
08/22/2020,Mexico,Violence against civilians,6,30.3589,-115.2442
08/29/2020,Mexico,Violence against civilians,2,30.3589,-115.2442
09/05/2020,Mexico,Violence against civilians,4,30.3589,-115.2442
09/12/2020,Mexico,Violence against civilians,3,30.3589,-115.2442
09/19/2020,Mexico,Violence against civilians,10,30.3589,-115.2442
09/26/2020,Mexico,Violence against civilians,9,30.3589,-115.2442
10/03/2020,Mexico,Violence against civilians,9,30.3589,-115.2442
10/10/2020,Mexico,Violence against civilians,3,30.3589,-115.2442
10/17/2020,Mexico,Violence against civilians,5,30.3589,-115.2442
10/24/2020,Mexico,Violence against civilians,4,30.3589,-115.2442
10/31/2020,Mexico,Violence against civilians,17,30.3589,-115.2442
11/07/2020,Mexico,Violence against civilians,10,30.3589,-115.2442
11/14/2020,Mexico,Violence against civilians,11,30.3589,-115.2442
11/21/2020,Mexico,Violence against civilians,14,30.3589,-115.2442
11/28/2020,Mexico,Violence against civilians,3,30.3589,-115.2442
12/05/2020,Mexico,Violence against civilians,6,30.3589,-115.2442
12/12/2020,Mexico,Violence against civilians,12,30.3589,-115.2442
12/19/2020,Mexico,Violence against civilians,5,30.3589,-115.2442
12/26/2020,Mexico,Violence against civilians,8,30.3589,-115.2442
01/02/2021,Mexico,Violence against civilians,11,30.3589,-115.2442
01/09/2021,Mexico,Violence against civilians,10,30.3589,-115.2442
01/16/2021,Mexico,Violence against civilians,13,30.3589,-115.2442
01/23/2021,Mexico,Violence against civilians,14,30.3589,-115.2442
01/30/2021,Mexico,Violence against civilians,7,30.3589,-115.2442
02/06/2021,Mexico,Violence against civilians,8,30.3589,-115.2442
02/13/2021,Mexico,Violence against civilians,8,30.3589,-115.2442
02/20/2021,Mexico,Violence against civilians,10,30.3589,-115.2442
02/27/2021,Mexico,Violence against civilians,5,30.3589,-115.2442
03/06/2021,Mexico,Violence against civilians,1,30.3589,-115.2442
03/13/2021,Mexico,Violence against civilians,8,30.3589,-115.2442
03/20/2021,Mexico,Violence against civilians,10,30.3589,-115.2442
03/27/2021,Mexico,Violence against civilians,6,30.3589,-115.2442
04/03/2021,Mexico,Violence against civilians,12,30.3589,-115.2442
04/10/2021,Mexico,Violence against civilians,11,30.3589,-115.2442
04/17/2021,Mexico,Violence against civilians,7,30.3589,-115.2442
04/24/2021,Mexico,Violence against civilians,11,30.3589,-115.2442
05/01/2021,Mexico,Violence against civilians,11,30.3589,-115.2442
05/08/2021,Mexico,Violence against civilians,9,30.3589,-115.2442
05/15/2021,Mexico,Violence against civilians,8,30.3589,-115.2442
05/22/2021,Mexico,Violence against civilians,15,30.3589,-115.2442
05/29/2021,Mexico,Violence against civilians,8,30.3589,-115.2442
06/05/2021,Mexico,Violence against civilians,19,30.3589,-115.2442
06/12/2021,Mexico,Violence against civilians,12,30.3589,-115.2442
06/19/2021,Mexico,Violence against civilians,14,30.3589,-115.2442
06/26/2021,Mexico,Violence against civilians,13,30.3589,-115.2442
07/03/2021,Mexico,Violence against civilians,11,30.3589,-115.2442
07/10/2021,Mexico,Violence against civilians,14,30.3589,-115.2442
07/17/2021,Mexico,Violence against civilians,5,30.3589,-115.2442
07/24/2021,Mexico,Violence against civilians,10,30.3589,-115.2442
07/31/2021,Mexico,Violence against civilians,12,30.3589,-115.2442
08/07/2021,Mexico,Violence against civilians,14,30.3589,-115.2442
08/14/2021,Mexico,Violence against civilians,11,30.3589,-115.2442
08/21/2021,Mexico,Violence against civilians,5,30.3589,-115.2442
08/28/2021,Mexico,Violence against civilians,8,30.3589,-115.2442
09/04/2021,Mexico,Violence against civilians,12,30.3589,-115.2442
09/11/2021,Mexico,Violence against civilians,7,30.3589,-115.2442
09/18/2021,Mexico,Violence against civilians,10,30.3589,-115.2442
09/25/2021,Mexico,Violence against civilians,6,30.3589,-115.2442
10/02/2021,Mexico,Violence against civilians,3,30.3589,-115.2442
10/09/2021,Mexico,Violence against civilians,5,30.3589,-115.2442
10/16/2021,Mexico,Violence against civilians,8,30.3589,-115.2442
10/23/2021,Mexico,Violence against civilians,5,30.3589,-115.2442
10/30/2021,Mexico,Violence against civilians,7,30.3589,-115.2442
11/06/2021,Mexico,Violence against civilians,7,30.3589,-115.2442
11/13/2021,Mexico,Violence against civilians,8,30.3589,-115.2442
11/20/2021,Mexico,Violence against civilians,7,30.3589,-115.2442
11/27/2021,Mexico,Violence against civilians,4,30.3589,-115.2442
12/04/2021,Mexico,Violence against civilians,6,30.3589,-115.2442
12/11/2021,Mexico,Violence against civilians,6,30.3589,-115.2442
12/18/2021,Mexico,Violence against civilians,9,30.3589,-115.2442
12/25/2021,Mexico,Violence against civilians,5,30.3589,-115.2442
01/01/2022,Mexico,Violence against civilians,10,30.3589,-115.2442
01/08/2022,Mexico,Violence against civilians,9,30.3589,-115.2442
01/15/2022,Mexico,Violence against civilians,9,30.3589,-115.2442
01/22/2022,Mexico,Violence against civilians,6,30.3589,-115.2442
01/29/2022,Mexico,Violence against civilians,6,30.3589,-115.2442
02/05/2022,Mexico,Violence against civilians,11,30.3589,-115.2442
02/12/2022,Mexico,Violence against civilians,8,30.3589,-115.2442
02/19/2022,Mexico,Violence against civilians,9,30.3589,-115.2442
02/26/2022,Mexico,Violence against civilians,1,30.3589,-115.2442
03/05/2022,Mexico,Violence against civilians,8,30.3589,-115.2442
03/12/2022,Mexico,Violence against civilians,12,30.3589,-115.2442
03/19/2022,Mexico,Violence against civilians,12,30.3589,-115.2442
03/26/2022,Mexico,Violence against civilians,9,30.3589,-115.2442
04/02/2022,Mexico,Violence against civilians,5,30.3589,-115.2442
04/09/2022,Mexico,Violence against civilians,7,30.3589,-115.2442
04/16/2022,Mexico,Violence against civilians,8,30.3589,-115.2442
04/23/2022,Mexico,Violence against civilians,5,30.3589,-115.2442
04/30/2022,Mexico,Violence against civilians,5,30.3589,-115.2442
05/07/2022,Mexico,Violence against civilians,7,30.3589,-115.2442
05/14/2022,Mexico,Violence against civilians,6,30.3589,-115.2442
05/21/2022,Mexico,Violence against civilians,8,30.3589,-115.2442
05/28/2022,Mexico,Violence against civilians,9,30.3589,-115.2442
06/04/2022,Mexico,Violence against civilians,9,30.3589,-115.2442
06/11/2022,Mexico,Violence against civilians,8,30.3589,-115.2442
06/18/2022,Mexico,Violence against civilians,13,30.3589,-115.2442
06/25/2022,Mexico,Violence against civilians,10,30.3589,-115.2442
07/02/2022,Mexico,Violence against civilians,7,30.3589,-115.2442
07/09/2022,Mexico,Violence against civilians,4,30.3589,-115.2442
07/16/2022,Mexico,Violence against civilians,15,30.3589,-115.2442
07/23/2022,Mexico,Violence against civilians,8,30.3589,-115.2442
07/30/2022,Mexico,Violence against civilians,8,30.3589,-115.2442
08/06/2022,Mexico,Violence against civilians,7,30.3589,-115.2442
08/13/2022,Mexico,Violence against civilians,7,30.3589,-115.2442
08/20/2022,Mexico,Violence against civilians,9,30.3589,-115.2442
08/27/2022,Mexico,Violence against civilians,7,30.3589,-115.2442
09/03/2022,Mexico,Violence against civilians,9,30.3589,-115.2442
09/10/2022,Mexico,Violence against civilians,6,30.3589,-115.2442
09/17/2022,Mexico,Violence against civilians,12,30.3589,-115.2442
09/24/2022,Mexico,Violence against civilians,10,30.3589,-115.2442
10/01/2022,Mexico,Violence against civilians,4,30.3589,-115.2442
10/08/2022,Mexico,Violence against civilians,8,30.3589,-115.2442
10/15/2022,Mexico,Violence against civilians,3,30.3589,-115.2442
10/22/2022,Mexico,Violence against civilians,11,30.3589,-115.2442
10/29/2022,Mexico,Violence against civilians,8,30.3589,-115.2442
11/05/2022,Mexico,Violence against civilians,2,30.3589,-115.2442
11/12/2022,Mexico,Violence against civilians,6,30.3589,-115.2442
11/19/2022,Mexico,Violence against civilians,4,30.3589,-115.2442
11/26/2022,Mexico,Violence against civilians,3,30.3589,-115.2442
12/03/2022,Mexico,Violence against civilians,6,30.3589,-115.2442
12/10/2022,Mexico,Violence against civilians,5,30.3589,-115.2442
12/17/2022,Mexico,Violence against civilians,5,30.3589,-115.2442
12/24/2022,Mexico,Violence against civilians,4,30.3589,-115.2442
12/31/2022,Mexico,Violence against civilians,2,30.3589,-115.2442
01/07/2023,Mexico,Violence against civilians,7,30.3589,-115.2442
01/14/2023,Mexico,Violence against civilians,2,30.3589,-115.2442
01/21/2023,Mexico,Violence against civilians,6,30.3589,-115.2442
01/28/2023,Mexico,Violence against civilians,4,30.3589,-115.2442
02/04/2023,Mexico,Violence against civilians,9,30.3589,-115.2442
02/11/2023,Mexico,Violence against civilians,5,30.3589,-115.2442
02/18/2023,Mexico,Violence against civilians,3,30.3589,-115.2442
02/25/2023,Mexico,Violence against civilians,3,30.3589,-115.2442
03/04/2023,Mexico,Violence against civilians,3,30.3589,-115.2442
03/11/2023,Mexico,Violence against civilians,7,30.3589,-115.2442
03/18/2023,Mexico,Violence against civilians,2,30.3589,-115.2442
03/25/2023,Mexico,Violence against civilians,5,30.3589,-115.2442
04/01/2023,Mexico,Violence against civilians,3,30.3589,-115.2442
04/08/2023,Mexico,Violence against civilians,5,30.3589,-115.2442
04/15/2023,Mexico,Violence against civilians,4,30.3589,-115.2442
04/22/2023,Mexico,Violence against civilians,7,30.3589,-115.2442
04/29/2023,Mexico,Violence against civilians,3,30.3589,-115.2442
05/06/2023,Mexico,Violence against civilians,3,30.3589,-115.2442
05/13/2023,Mexico,Violence against civilians,7,30.3589,-115.2442
05/20/2023,Mexico,Violence against civilians,3,30.3589,-115.2442
05/27/2023,Mexico,Violence against civilians,4,30.3589,-115.2442
06/03/2023,Mexico,Violence against civilians,2,30.3589,-115.2442
06/10/2023,Mexico,Violence against civilians,5,30.3589,-115.2442
06/17/2023,Mexico,Violence against civilians,5,30.3589,-115.2442
06/24/2023,Mexico,Violence against civilians,2,30.3589,-115.2442
07/01/2023,Mexico,Violence against civilians,12,30.3589,-115.2442
07/08/2023,Mexico,Violence against civilians,6,30.3589,-115.2442
07/15/2023,Mexico,Violence against civilians,7,30.3589,-115.2442
07/22/2023,Mexico,Violence against civilians,3,30.3589,-115.2442
07/29/2023,Mexico,Violence against civilians,4,30.3589,-115.2442
08/05/2023,Mexico,Violence against civilians,7,30.3589,-115.2442
08/12/2023,Mexico,Violence against civilians,4,30.3589,-115.2442
08/19/2023,Mexico,Violence against civilians,7,30.3589,-115.2442
08/26/2023,Mexico,Violence against civilians,5,30.3589,-115.2442
09/02/2023,Mexico,Violence against civilians,5,30.3589,-115.2442
09/09/2023,Mexico,Violence against civilians,4,30.3589,-115.2442
09/16/2023,Mexico,Violence against civilians,7,30.3589,-115.2442
09/23/2023,Mexico,Violence against civilians,3,30.3589,-115.2442
09/30/2023,Mexico,Violence against civilians,2,30.3589,-115.2442
10/07/2023,Mexico,Violence against civilians,4,30.3589,-115.2442
10/14/2023,Mexico,Violence against civilians,4,30.3589,-115.2442
10/21/2023,Mexico,Violence against civilians,6,30.3589,-115.2442
10/28/2023,Mexico,Violence against civilians,7,30.3589,-115.2442
11/04/2023,Mexico,Violence against civilians,4,30.3589,-115.2442
11/11/2023,Mexico,Violence against civilians,3,30.3589,-115.2442
11/18/2023,Mexico,Violence against civilians,4,30.3589,-115.2442
11/25/2023,Mexico,Violence against civilians,6,30.3589,-115.2442
12/02/2023,Mexico,Violence against civilians,5,30.3589,-115.2442
12/09/2023,Mexico,Violence against civilians,4,30.3589,-115.2442
12/16/2023,Mexico,Violence against civilians,4,30.3589,-115.2442
12/23/2023,Mexico,Violence against civilians,1,30.3589,-115.2442
12/30/2023,Mexico,Violence against civilians,6,30.3589,-115.2442
01/06/2024,Mexico,Violence against civilians,3,30.3589,-115.2442
01/13/2024,Mexico,Violence against civilians,2,30.3589,-115.2442
01/20/2024,Mexico,Violence against civilians,1,30.3589,-115.2442
01/27/2024,Mexico,Violence against civilians,6,30.3589,-115.2442
02/03/2024,Mexico,Violence against civilians,14,30.3589,-115.2442
02/10/2024,Mexico,Violence against civilians,5,30.3589,-115.2442
02/17/2024,Mexico,Violence against civilians,7,30.3589,-115.2442
02/24/2024,Mexico,Violence against civilians,5,30.3589,-115.2442
03/02/2024,Mexico,Violence against civilians,6,30.3589,-115.2442
03/09/2024,Mexico,Violence against civilians,3,30.3589,-115.2442
03/16/2024,Mexico,Violence against civilians,6,30.3589,-115.2442
03/23/2024,Mexico,Violence against civilians,9,30.3589,-115.2442
03/30/2024,Mexico,Violence against civilians,8,30.3589,-115.2442
04/06/2024,Mexico,Violence against civilians,10,30.3589,-115.2442
04/13/2024,Mexico,Violence against civilians,7,30.3589,-115.2442
04/20/2024,Mexico,Violence against civilians,10,30.3589,-115.2442
04/27/2024,Mexico,Violence against civilians,7,30.3589,-115.2442
05/04/2024,Mexico,Violence against civilians,10,30.3589,-115.2442
05/11/2024,Mexico,Violence against civilians,8,30.3589,-115.2442
05/18/2024,Mexico,Violence against civilians,6,30.3589,-115.2442
05/25/2024,Mexico,Violence against civilians,6,30.3589,-115.2442
06/01/2024,Mexico,Violence against civilians,10,30.3589,-115.2442
06/08/2024,Mexico,Violence against civilians,4,30.3589,-115.2442
06/15/2024,Mexico,Violence against civilians,5,30.3589,-115.2442
06/22/2024,Mexico,Violence against civilians,3,30.3589,-115.2442
06/29/2024,Mexico,Violence against civilians,5,30.3589,-115.2442
07/06/2024,Mexico,Violence against civilians,6,30.3589,-115.2442
07/13/2024,Mexico,Violence against civilians,7,30.3589,-115.2442
07/20/2024,Mexico,Violence against civilians,7,30.3589,-115.2442
07/27/2024,Mexico,Violence against civilians,6,30.3589,-115.2442
08/03/2024,Mexico,Violence against civilians,8,30.3589,-115.2442
08/10/2024,Mexico,Violence against civilians,12,30.3589,-115.2442
08/17/2024,Mexico,Violence against civilians,3,30.3589,-115.2442
08/24/2024,Mexico,Violence against civilians,10,30.3589,-115.2442
08/31/2024,Mexico,Violence against civilians,9,30.3589,-115.2442
09/07/2024,Mexico,Violence against civilians,4,30.3589,-115.2442
09/14/2024,Mexico,Violence against civilians,5,30.3589,-115.2442
09/21/2024,Mexico,Violence against civilians,5,30.3589,-115.2442
09/28/2024,Mexico,Violence against civilians,7,30.3589,-115.2442
10/05/2024,Mexico,Violence against civilians,6,30.3589,-115.2442
10/12/2024,Mexico,Violence against civilians,8,30.3589,-115.2442
10/19/2024,Mexico,Violence against civilians,4,30.3589,-115.2442
10/26/2024,Mexico,Violence against civilians,3,30.3589,-115.2442
11/02/2024,Mexico,Violence against civilians,8,30.3589,-115.2442
11/09/2024,Mexico,Violence against civilians,7,30.3589,-115.2442
11/16/2024,Mexico,Violence against civilians,5,30.3589,-115.2442
11/23/2024,Mexico,Violence against civilians,11,30.3589,-115.2442
11/30/2024,Mexico,Violence against civilians,14,30.3589,-115.2442
12/07/2024,Mexico,Violence against civilians,7,30.3589,-115.2442
12/14/2024,Mexico,Violence against civilians,11,30.3589,-115.2442
12/21/2024,Mexico,Violence against civilians,7,30.3589,-115.2442
12/28/2024,Mexico,Violence against civilians,10,30.3589,-115.2442
01/04/2025,Mexico,Violence against civilians,5,30.3589,-115.2442
01/11/2025,Mexico,Violence against civilians,6,30.3589,-115.2442
01/18/2025,Mexico,Violence against civilians,4,30.3589,-115.2442
01/25/2025,Mexico,Violence against civilians,8,30.3589,-115.2442
02/01/2025,Mexico,Violence against civilians,12,30.3589,-115.2442
02/08/2025,Mexico,Violence against civilians,7,30.3589,-115.2442
02/15/2025,Mexico,Violence against civilians,7,30.3589,-115.2442
02/22/2025,Mexico,Violence against civilians,8,30.3589,-115.2442
03/01/2025,Mexico,Violence against civilians,10,30.3589,-115.2442
03/08/2025,Mexico,Violence against civilians,4,30.3589,-115.2442
03/15/2025,Mexico,Violence against civilians,8,30.3589,-115.2442
03/22/2025,Mexico,Violence against civilians,8,30.3589,-115.2442
03/29/2025,Mexico,Violence against civilians,6,30.3589,-115.2442
04/05/2025,Mexico,Violence against civilians,5,30.3589,-115.2442
04/12/2025,Mexico,Violence against civilians,11,30.3589,-115.2442
04/19/2025,Mexico,Violence against civilians,7,30.3589,-115.2442
04/26/2025,Mexico,Violence against civilians,8,30.3589,-115.2442
05/03/2025,Mexico,Violence against civilians,6,30.3589,-115.2442
05/10/2025,Mexico,Violence against civilians,7,30.3589,-115.2442
05/17/2025,Mexico,Violence against civilians,9,30.3589,-115.2442
05/24/2025,Mexico,Violence against civilians,5,30.3589,-115.2442
05/31/2025,Mexico,Violence against civilians,13,30.3589,-115.2442
06/07/2025,Mexico,Violence against civilians,12,30.3589,-115.2442
06/14/2025,Mexico,Violence against civilians,5,30.3589,-115.2442
06/21/2025,Mexico,Violence against civilians,8,30.3589,-115.2442
06/28/2025,Mexico,Violence against civilians,16,30.3589,-115.2442
07/05/2025,Mexico,Violence against civilians,11,30.3589,-115.2442
07/12/2025,Mexico,Violence against civilians,6,30.3589,-115.2442
07/19/2025,Mexico,Violence against civilians,10,30.3589,-115.2442
07/26/2025,Mexico,Violence against civilians,10,30.3589,-115.2442
08/02/2025,Mexico,Violence against civilians,7,30.3589,-115.2442
08/09/2025,Mexico,Violence against civilians,10,30.3589,-115.2442
08/16/2025,Mexico,Violence against civilians,5,30.3589,-115.2442
08/23/2025,Mexico,Violence against civilians,6,30.3589,-115.2442
08/30/2025,Mexico,Violence against civilians,9,30.3589,-115.2442
09/06/2025,Mexico,Violence against civilians,13,30.3589,-115.2442
09/13/2025,Mexico,Violence against civilians,9,30.3589,-115.2442
09/20/2025,Mexico,Violence against civilians,8,30.3589,-115.2442
09/27/2025,Mexico,Violence against civilians,7,30.3589,-115.2442
10/04/2025,Mexico,Violence against civilians,16,30.3589,-115.2442
10/11/2025,Mexico,Violence against civilians,7,30.3589,-115.2442
10/18/2025,Mexico,Violence against civilians,5,30.3589,-115.2442
04/06/2019,Mexico,Violence against civilians,1,30.3589,-115.2442
07/06/2019,Mexico,Violence against civilians,1,30.3589,-115.2442
04/18/2020,Mexico,Violence against civilians,1,30.3589,-115.2442
03/26/2022,Mexico,Violence against civilians,1,30.3589,-115.2442
08/05/2023,Mexico,Violence against civilians,1,30.3589,-115.2442
01/27/2024,Mexico,Violence against civilians,1,30.3589,-115.2442
11/23/2024,Mexico,Violence against civilians,1,30.3589,-115.2442
01/25/2025,Mexico,Violence against civilians,1,30.3589,-115.2442
02/08/2025,Mexico,Violence against civilians,1,30.3589,-115.2442
03/10/2018,Mexico,Riots,1,25.4369,-111.5449
04/07/2018,Mexico,Riots,1,25.4369,-111.5449
04/21/2018,Mexico,Riots,1,25.4369,-111.5449
09/15/2018,Mexico,Riots,1,25.4369,-111.5449
12/01/2018,Mexico,Riots,1,25.4369,-111.5449
10/19/2019,Mexico,Riots,1,25.4369,-111.5449
11/14/2020,Mexico,Riots,1,25.4369,-111.5449
05/15/2021,Mexico,Riots,1,25.4369,-111.5449
02/11/2023,Mexico,Riots,1,25.4369,-111.5449
10/21/2023,Mexico,Riots,1,25.4369,-111.5449
07/20/2024,Mexico,Riots,1,25.4369,-111.5449
02/08/2025,Mexico,Riots,1,25.4369,-111.5449
07/07/2018,Mexico,Riots,1,25.4369,-111.5449
04/27/2019,Mexico,Riots,1,25.4369,-111.5449
07/27/2019,Mexico,Riots,1,25.4369,-111.5449
03/27/2021,Mexico,Riots,1,25.4369,-111.5449
03/05/2022,Mexico,Riots,1,25.4369,-111.5449
03/04/2023,Mexico,Riots,1,25.4369,-111.5449
11/25/2023,Mexico,Riots,1,25.4369,-111.5449
09/29/2018,Mexico,Violence against civilians,1,25.4369,-111.5449
12/22/2018,Mexico,Violence against civilians,1,25.4369,-111.5449
02/16/2019,Mexico,Violence against civilians,1,25.4369,-111.5449
02/23/2019,Mexico,Violence against civilians,1,25.4369,-111.5449
08/31/2019,Mexico,Violence against civilians,1,25.4369,-111.5449
01/04/2020,Mexico,Violence against civilians,1,25.4369,-111.5449
01/02/2021,Mexico,Violence against civilians,1,25.4369,-111.5449
04/17/2021,Mexico,Violence against civilians,1,25.4369,-111.5449
01/01/2022,Mexico,Violence against civilians,1,25.4369,-111.5449
05/21/2022,Mexico,Violence against civilians,1,25.4369,-111.5449
10/08/2022,Mexico,Violence against civilians,1,25.4369,-111.5449
11/05/2022,Mexico,Violence against civilians,1,25.4369,-111.5449
11/26/2022,Mexico,Violence against civilians,1,25.4369,-111.5449
12/03/2022,Mexico,Violence against civilians,1,25.4369,-111.5449
01/14/2023,Mexico,Violence against civilians,1,25.4369,-111.5449
04/15/2023,Mexico,Violence against civilians,1,25.4369,-111.5449
04/22/2023,Mexico,Violence against civilians,1,25.4369,-111.5449
06/24/2023,Mexico,Violence against civilians,1,25.4369,-111.5449
07/29/2023,Mexico,Violence against civilians,1,25.4369,-111.5449
04/13/2024,Mexico,Violence against civilians,1,25.4369,-111.5449
06/15/2024,Mexico,Violence against civilians,1,25.4369,-111.5449
01/06/2018,Mexico,Violence against civilians,4,25.4369,-111.5449
01/13/2018,Mexico,Violence against civilians,3,25.4369,-111.5449
01/27/2018,Mexico,Violence against civilians,1,25.4369,-111.5449
02/10/2018,Mexico,Violence against civilians,1,25.4369,-111.5449
03/31/2018,Mexico,Violence against civilians,3,25.4369,-111.5449
04/07/2018,Mexico,Violence against civilians,2,25.4369,-111.5449
04/14/2018,Mexico,Violence against civilians,1,25.4369,-111.5449
04/21/2018,Mexico,Violence against civilians,2,25.4369,-111.5449
06/09/2018,Mexico,Violence against civilians,1,25.4369,-111.5449
06/16/2018,Mexico,Violence against civilians,1,25.4369,-111.5449
08/11/2018,Mexico,Violence against civilians,1,25.4369,-111.5449
08/25/2018,Mexico,Violence against civilians,2,25.4369,-111.5449
10/27/2018,Mexico,Violence against civilians,1,25.4369,-111.5449
11/17/2018,Mexico,Violence against civilians,1,25.4369,-111.5449
01/05/2019,Mexico,Violence against civilians,2,25.4369,-111.5449
01/19/2019,Mexico,Violence against civilians,2,25.4369,-111.5449
01/26/2019,Mexico,Violence against civilians,3,25.4369,-111.5449
02/09/2019,Mexico,Violence against civilians,1,25.4369,-111.5449
03/02/2019,Mexico,Violence against civilians,1,25.4369,-111.5449
04/06/2019,Mexico,Violence against civilians,1,25.4369,-111.5449
04/13/2019,Mexico,Violence against civilians,1,25.4369,-111.5449
04/20/2019,Mexico,Violence against civilians,1,25.4369,-111.5449
05/11/2019,Mexico,Violence against civilians,1,25.4369,-111.5449
05/18/2019,Mexico,Violence against civilians,1,25.4369,-111.5449
05/25/2019,Mexico,Violence against civilians,1,25.4369,-111.5449
06/15/2019,Mexico,Violence against civilians,1,25.4369,-111.5449
06/29/2019,Mexico,Violence against civilians,1,25.4369,-111.5449
07/06/2019,Mexico,Violence against civilians,1,25.4369,-111.5449
07/20/2019,Mexico,Violence against civilians,1,25.4369,-111.5449
08/10/2019,Mexico,Violence against civilians,1,25.4369,-111.5449
08/31/2019,Mexico,Violence against civilians,1,25.4369,-111.5449
10/12/2019,Mexico,Violence against civilians,1,25.4369,-111.5449
10/26/2019,Mexico,Violence against civilians,1,25.4369,-111.5449
11/02/2019,Mexico,Violence against civilians,1,25.4369,-111.5449
01/18/2020,Mexico,Violence against civilians,1,25.4369,-111.5449
02/01/2020,Mexico,Violence against civilians,1,25.4369,-111.5449
02/29/2020,Mexico,Violence against civilians,1,25.4369,-111.5449
03/28/2020,Mexico,Violence against civilians,2,25.4369,-111.5449
04/25/2020,Mexico,Violence against civilians,1,25.4369,-111.5449
05/09/2020,Mexico,Violence against civilians,1,25.4369,-111.5449
05/16/2020,Mexico,Violence against civilians,1,25.4369,-111.5449
06/27/2020,Mexico,Violence against civilians,2,25.4369,-111.5449
11/28/2020,Mexico,Violence against civilians,1,25.4369,-111.5449
12/05/2020,Mexico,Violence against civilians,1,25.4369,-111.5449
12/12/2020,Mexico,Violence against civilians,1,25.4369,-111.5449
01/09/2021,Mexico,Violence against civilians,1,25.4369,-111.5449
01/16/2021,Mexico,Violence against civilians,1,25.4369,-111.5449
01/23/2021,Mexico,Violence against civilians,1,25.4369,-111.5449
02/13/2021,Mexico,Violence against civilians,1,25.4369,-111.5449
04/03/2021,Mexico,Violence against civilians,1,25.4369,-111.5449
05/22/2021,Mexico,Violence against civilians,2,25.4369,-111.5449
07/03/2021,Mexico,Violence against civilians,1,25.4369,-111.5449
07/17/2021,Mexico,Violence against civilians,1,25.4369,-111.5449
10/16/2021,Mexico,Violence against civilians,1,25.4369,-111.5449
11/27/2021,Mexico,Violence against civilians,2,25.4369,-111.5449
12/25/2021,Mexico,Violence against civilians,1,25.4369,-111.5449
01/15/2022,Mexico,Violence against civilians,1,25.4369,-111.5449
01/29/2022,Mexico,Violence against civilians,1,25.4369,-111.5449
02/26/2022,Mexico,Violence against civilians,1,25.4369,-111.5449
03/05/2022,Mexico,Violence against civilians,1,25.4369,-111.5449
03/12/2022,Mexico,Violence against civilians,1,25.4369,-111.5449
04/23/2022,Mexico,Violence against civilians,1,25.4369,-111.5449
07/16/2022,Mexico,Violence against civilians,1,25.4369,-111.5449
08/20/2022,Mexico,Violence against civilians,1,25.4369,-111.5449
11/12/2022,Mexico,Violence against civilians,1,25.4369,-111.5449
01/07/2023,Mexico,Violence against civilians,1,25.4369,-111.5449
01/28/2023,Mexico,Violence against civilians,1,25.4369,-111.5449
03/04/2023,Mexico,Violence against civilians,1,25.4369,-111.5449
03/11/2023,Mexico,Violence against civilians,1,25.4369,-111.5449
04/01/2023,Mexico,Violence against civilians,1,25.4369,-111.5449
04/22/2023,Mexico,Violence against civilians,1,25.4369,-111.5449
04/29/2023,Mexico,Violence against civilians,1,25.4369,-111.5449
07/15/2023,Mexico,Violence against civilians,1,25.4369,-111.5449
08/12/2023,Mexico,Violence against civilians,1,25.4369,-111.5449
09/16/2023,Mexico,Violence against civilians,1,25.4369,-111.5449
10/07/2023,Mexico,Violence against civilians,1,25.4369,-111.5449
03/09/2024,Mexico,Violence against civilians,1,25.4369,-111.5449
03/23/2024,Mexico,Violence against civilians,1,25.4369,-111.5449
04/27/2024,Mexico,Violence against civilians,1,25.4369,-111.5449
05/04/2024,Mexico,Violence against civilians,1,25.4369,-111.5449
06/29/2024,Mexico,Violence against civilians,1,25.4369,-111.5449
09/21/2024,Mexico,Violence against civilians,1,25.4369,-111.5449
09/28/2024,Mexico,Violence against civilians,1,25.4369,-111.5449
11/23/2024,Mexico,Violence against civilians,1,25.4369,-111.5449
11/30/2024,Mexico,Violence against civilians,3,25.4369,-111.5449
12/07/2024,Mexico,Violence against civilians,1,25.4369,-111.5449
01/25/2025,Mexico,Violence against civilians,1,25.4369,-111.5449
02/08/2025,Mexico,Violence against civilians,2,25.4369,-111.5449
02/22/2025,Mexico,Violence against civilians,1,25.4369,-111.5449
03/29/2025,Mexico,Violence against civilians,1,25.4369,-111.5449
04/19/2025,Mexico,Violence against civilians,4,25.4369,-111.5449
05/03/2025,Mexico,Violence against civilians,2,25.4369,-111.5449
05/10/2025,Mexico,Violence against civilians,2,25.4369,-111.5449
05/31/2025,Mexico,Violence against civilians,2,25.4369,-111.5449
06/07/2025,Mexico,Violence against civilians,3,25.4369,-111.5449
06/21/2025,Mexico,Violence against civilians,1,25.4369,-111.5449
08/02/2025,Mexico,Violence against civilians,1,25.4369,-111.5449
08/16/2025,Mexico,Violence against civilians,1,25.4369,-111.5449
08/23/2025,Mexico,Violence against civilians,2,25.4369,-111.5449
08/30/2025,Mexico,Violence against civilians,1,25.4369,-111.5449
09/06/2025,Mexico,Violence against civilians,1,25.4369,-111.5449
10/27/2018,Mexico,Violence against civilians,1,25.4369,-111.5449
08/24/2019,Mexico,Violence against civilians,1,25.4369,-111.5449
07/23/2022,Mexico,Violence against civilians,1,25.4369,-111.5449
10/28/2023,Mexico,Violence against civilians,1,25.4369,-111.5449
07/11/2020,Mexico,Explosions/Remote violence,1,19.3333,-89.9417
12/30/2017,Mexico,Riots,1,19.3333,-89.9417
01/06/2018,Mexico,Riots,2,19.3333,-89.9417
01/13/2018,Mexico,Riots,2,19.3333,-89.9417
02/24/2018,Mexico,Riots,1,19.3333,-89.9417
03/31/2018,Mexico,Riots,1,19.3333,-89.9417
04/07/2018,Mexico,Riots,3,19.3333,-89.9417
04/14/2018,Mexico,Riots,1,19.3333,-89.9417
04/28/2018,Mexico,Riots,1,19.3333,-89.9417
05/12/2018,Mexico,Riots,2,19.3333,-89.9417
05/26/2018,Mexico,Riots,1,19.3333,-89.9417
06/02/2018,Mexico,Riots,3,19.3333,-89.9417
06/09/2018,Mexico,Riots,3,19.3333,-89.9417
06/16/2018,Mexico,Riots,1,19.3333,-89.9417
06/23/2018,Mexico,Riots,3,19.3333,-89.9417
06/30/2018,Mexico,Riots,3,19.3333,-89.9417
07/07/2018,Mexico,Riots,1,19.3333,-89.9417
07/21/2018,Mexico,Riots,1,19.3333,-89.9417
09/01/2018,Mexico,Riots,3,19.3333,-89.9417
10/06/2018,Mexico,Riots,1,19.3333,-89.9417
10/13/2018,Mexico,Riots,4,19.3333,-89.9417
10/27/2018,Mexico,Riots,1,19.3333,-89.9417
11/03/2018,Mexico,Riots,4,19.3333,-89.9417
11/10/2018,Mexico,Riots,1,19.3333,-89.9417
11/17/2018,Mexico,Riots,4,19.3333,-89.9417
12/08/2018,Mexico,Riots,1,19.3333,-89.9417
12/15/2018,Mexico,Riots,2,19.3333,-89.9417
03/16/2019,Mexico,Riots,2,19.3333,-89.9417
05/04/2019,Mexico,Riots,2,19.3333,-89.9417
06/01/2019,Mexico,Riots,1,19.3333,-89.9417
06/22/2019,Mexico,Riots,1,19.3333,-89.9417
06/29/2019,Mexico,Riots,4,19.3333,-89.9417
07/13/2019,Mexico,Riots,1,19.3333,-89.9417
07/20/2019,Mexico,Riots,2,19.3333,-89.9417
07/27/2019,Mexico,Riots,1,19.3333,-89.9417
08/10/2019,Mexico,Riots,5,19.3333,-89.9417
08/17/2019,Mexico,Riots,1,19.3333,-89.9417
08/31/2019,Mexico,Riots,1,19.3333,-89.9417
09/07/2019,Mexico,Riots,1,19.3333,-89.9417
09/14/2019,Mexico,Riots,1,19.3333,-89.9417
09/21/2019,Mexico,Riots,3,19.3333,-89.9417
09/28/2019,Mexico,Riots,3,19.3333,-89.9417
10/12/2019,Mexico,Riots,1,19.3333,-89.9417
10/19/2019,Mexico,Riots,2,19.3333,-89.9417
10/26/2019,Mexico,Riots,1,19.3333,-89.9417
11/02/2019,Mexico,Riots,2,19.3333,-89.9417
11/23/2019,Mexico,Riots,1,19.3333,-89.9417
11/30/2019,Mexico,Riots,1,19.3333,-89.9417
12/21/2019,Mexico,Riots,1,19.3333,-89.9417
12/28/2019,Mexico,Riots,1,19.3333,-89.9417
01/04/2020,Mexico,Riots,1,19.3333,-89.9417
01/11/2020,Mexico,Riots,1,19.3333,-89.9417
01/18/2020,Mexico,Riots,2,19.3333,-89.9417
01/25/2020,Mexico,Riots,1,19.3333,-89.9417
02/08/2020,Mexico,Riots,1,19.3333,-89.9417
02/15/2020,Mexico,Riots,3,19.3333,-89.9417
02/22/2020,Mexico,Riots,3,19.3333,-89.9417
02/29/2020,Mexico,Riots,1,19.3333,-89.9417
03/14/2020,Mexico,Riots,1,19.3333,-89.9417
03/21/2020,Mexico,Riots,1,19.3333,-89.9417
03/28/2020,Mexico,Riots,2,19.3333,-89.9417
04/04/2020,Mexico,Riots,4,19.3333,-89.9417
04/11/2020,Mexico,Riots,1,19.3333,-89.9417
04/25/2020,Mexico,Riots,2,19.3333,-89.9417
05/16/2020,Mexico,Riots,1,19.3333,-89.9417
05/23/2020,Mexico,Riots,1,19.3333,-89.9417
06/13/2020,Mexico,Riots,1,19.3333,-89.9417
07/18/2020,Mexico,Riots,1,19.3333,-89.9417
07/25/2020,Mexico,Riots,1,19.3333,-89.9417
08/22/2020,Mexico,Riots,1,19.3333,-89.9417
08/29/2020,Mexico,Riots,1,19.3333,-89.9417
09/12/2020,Mexico,Riots,1,19.3333,-89.9417
09/26/2020,Mexico,Riots,1,19.3333,-89.9417
10/10/2020,Mexico,Riots,1,19.3333,-89.9417
10/17/2020,Mexico,Riots,1,19.3333,-89.9417
10/24/2020,Mexico,Riots,1,19.3333,-89.9417
10/31/2020,Mexico,Riots,1,19.3333,-89.9417
12/12/2020,Mexico,Riots,1,19.3333,-89.9417
01/02/2021,Mexico,Riots,2,19.3333,-89.9417
01/09/2021,Mexico,Riots,2,19.3333,-89.9417
01/30/2021,Mexico,Riots,1,19.3333,-89.9417
02/06/2021,Mexico,Riots,2,19.3333,-89.9417
02/13/2021,Mexico,Riots,2,19.3333,-89.9417
03/13/2021,Mexico,Riots,1,19.3333,-89.9417
03/20/2021,Mexico,Riots,2,19.3333,-89.9417
04/10/2021,Mexico,Riots,3,19.3333,-89.9417
04/24/2021,Mexico,Riots,2,19.3333,-89.9417
05/08/2021,Mexico,Riots,2,19.3333,-89.9417
05/22/2021,Mexico,Riots,3,19.3333,-89.9417
05/29/2021,Mexico,Riots,2,19.3333,-89.9417
06/05/2021,Mexico,Riots,2,19.3333,-89.9417
06/12/2021,Mexico,Riots,1,19.3333,-89.9417
06/26/2021,Mexico,Riots,1,19.3333,-89.9417
07/17/2021,Mexico,Riots,1,19.3333,-89.9417
07/24/2021,Mexico,Riots,1,19.3333,-89.9417
09/04/2021,Mexico,Riots,1,19.3333,-89.9417
09/18/2021,Mexico,Riots,2,19.3333,-89.9417
09/25/2021,Mexico,Riots,1,19.3333,-89.9417
10/02/2021,Mexico,Riots,1,19.3333,-89.9417
10/23/2021,Mexico,Riots,3,19.3333,-89.9417
11/06/2021,Mexico,Riots,2,19.3333,-89.9417
11/13/2021,Mexico,Riots,1,19.3333,-89.9417
11/20/2021,Mexico,Riots,1,19.3333,-89.9417
12/04/2021,Mexico,Riots,1,19.3333,-89.9417
12/11/2021,Mexico,Riots,3,19.3333,-89.9417
12/25/2021,Mexico,Riots,4,19.3333,-89.9417
01/01/2022,Mexico,Riots,1,19.3333,-89.9417
01/08/2022,Mexico,Riots,1,19.3333,-89.9417
01/15/2022,Mexico,Riots,1,19.3333,-89.9417
01/22/2022,Mexico,Riots,1,19.3333,-89.9417
01/29/2022,Mexico,Riots,1,19.3333,-89.9417
02/12/2022,Mexico,Riots,1,19.3333,-89.9417
03/19/2022,Mexico,Riots,2,19.3333,-89.9417
04/09/2022,Mexico,Riots,1,19.3333,-89.9417
04/30/2022,Mexico,Riots,1,19.3333,-89.9417
05/07/2022,Mexico,Riots,1,19.3333,-89.9417
05/14/2022,Mexico,Riots,1,19.3333,-89.9417
05/21/2022,Mexico,Riots,2,19.3333,-89.9417
05/28/2022,Mexico,Riots,1,19.3333,-89.9417
06/04/2022,Mexico,Riots,1,19.3333,-89.9417
08/13/2022,Mexico,Riots,1,19.3333,-89.9417
08/20/2022,Mexico,Riots,1,19.3333,-89.9417
08/27/2022,Mexico,Riots,2,19.3333,-89.9417
09/03/2022,Mexico,Riots,1,19.3333,-89.9417
09/10/2022,Mexico,Riots,1,19.3333,-89.9417
10/01/2022,Mexico,Riots,2,19.3333,-89.9417
10/22/2022,Mexico,Riots,1,19.3333,-89.9417
12/17/2022,Mexico,Riots,1,19.3333,-89.9417
01/21/2023,Mexico,Riots,1,19.3333,-89.9417
03/04/2023,Mexico,Riots,1,19.3333,-89.9417
03/25/2023,Mexico,Riots,1,19.3333,-89.9417
04/01/2023,Mexico,Riots,1,19.3333,-89.9417
04/15/2023,Mexico,Riots,2,19.3333,-89.9417
05/13/2023,Mexico,Riots,1,19.3333,-89.9417
06/03/2023,Mexico,Riots,1,19.3333,-89.9417
06/10/2023,Mexico,Riots,2,19.3333,-89.9417
06/17/2023,Mexico,Riots,1,19.3333,-89.9417
06/24/2023,Mexico,Riots,2,19.3333,-89.9417
07/01/2023,Mexico,Riots,3,19.3333,-89.9417
07/29/2023,Mexico,Riots,1,19.3333,-89.9417
08/19/2023,Mexico,Riots,1,19.3333,-89.9417
09/23/2023,Mexico,Riots,1,19.3333,-89.9417
10/28/2023,Mexico,Riots,1,19.3333,-89.9417
11/11/2023,Mexico,Riots,2,19.3333,-89.9417
01/13/2024,Mexico,Riots,1,19.3333,-89.9417
03/02/2024,Mexico,Riots,1,19.3333,-89.9417
03/09/2024,Mexico,Riots,1,19.3333,-89.9417
06/01/2024,Mexico,Riots,4,19.3333,-89.9417
07/13/2024,Mexico,Riots,1,19.3333,-89.9417
08/24/2024,Mexico,Riots,1,19.3333,-89.9417
08/31/2024,Mexico,Riots,1,19.3333,-89.9417
09/07/2024,Mexico,Riots,1,19.3333,-89.9417
09/21/2024,Mexico,Riots,1,19.3333,-89.9417
09/28/2024,Mexico,Riots,1,19.3333,-89.9417
10/05/2024,Mexico,Riots,1,19.3333,-89.9417
11/16/2024,Mexico,Riots,1,19.3333,-89.9417
11/23/2024,Mexico,Riots,1,19.3333,-89.9417
12/14/2024,Mexico,Riots,1,19.3333,-89.9417
01/04/2025,Mexico,Riots,1,19.3333,-89.9417
03/01/2025,Mexico,Riots,1,19.3333,-89.9417
03/08/2025,Mexico,Riots,1,19.3333,-89.9417
03/29/2025,Mexico,Riots,1,19.3333,-89.9417
07/12/2025,Mexico,Riots,1,19.3333,-89.9417
09/06/2025,Mexico,Riots,1,19.3333,-89.9417
09/20/2025,Mexico,Riots,1,19.3333,-89.9417
06/09/2018,Mexico,Riots,1,19.3333,-89.9417
07/14/2018,Mexico,Riots,2,19.3333,-89.9417
09/29/2018,Mexico,Riots,1,19.3333,-89.9417
10/20/2018,Mexico,Riots,1,19.3333,-89.9417
03/09/2019,Mexico,Riots,1,19.3333,-89.9417
08/17/2019,Mexico,Riots,1,19.3333,-89.9417
01/18/2020,Mexico,Riots,1,19.3333,-89.9417
03/07/2020,Mexico,Riots,1,19.3333,-89.9417
06/06/2020,Mexico,Riots,1,19.3333,-89.9417
09/12/2020,Mexico,Riots,1,19.3333,-89.9417
06/26/2021,Mexico,Riots,1,19.3333,-89.9417
07/03/2021,Mexico,Riots,1,19.3333,-89.9417
11/20/2021,Mexico,Riots,1,19.3333,-89.9417
03/05/2022,Mexico,Riots,1,19.3333,-89.9417
03/26/2022,Mexico,Riots,1,19.3333,-89.9417
05/07/2022,Mexico,Riots,1,19.3333,-89.9417
05/21/2022,Mexico,Riots,1,19.3333,-89.9417
05/28/2022,Mexico,Riots,1,19.3333,-89.9417
06/25/2022,Mexico,Riots,2,19.3333,-89.9417
01/07/2023,Mexico,Riots,1,19.3333,-89.9417
04/29/2023,Mexico,Riots,1,19.3333,-89.9417
06/17/2023,Mexico,Riots,2,19.3333,-89.9417
07/15/2023,Mexico,Riots,1,19.3333,-89.9417
08/12/2023,Mexico,Riots,1,19.3333,-89.9417
08/19/2023,Mexico,Riots,1,19.3333,-89.9417
10/28/2023,Mexico,Riots,1,19.3333,-89.9417
03/02/2024,Mexico,Riots,1,19.3333,-89.9417
05/18/2024,Mexico,Riots,1,19.3333,-89.9417
09/28/2024,Mexico,Riots,1,19.3333,-89.9417
03/08/2025,Mexico,Riots,1,19.3333,-89.9417
05/24/2025,Mexico,Riots,1,19.3333,-89.9417
07/12/2025,Mexico,Riots,1,19.3333,-89.9417
08/23/2025,Mexico,Riots,2,19.3333,-89.9417
09/27/2025,Mexico,Riots,1,19.3333,-89.9417
08/01/2020,Mexico,Violence against civilians,1,19.3333,-89.9417
01/16/2021,Mexico,Violence against civilians,1,19.3333,-89.9417
03/20/2021,Mexico,Violence against civilians,1,19.3333,-89.9417
07/24/2021,Mexico,Violence against civilians,1,19.3333,-89.9417
01/29/2022,Mexico,Violence against civilians,1,19.3333,-89.9417
03/12/2022,Mexico,Violence against civilians,1,19.3333,-89.9417
07/16/2022,Mexico,Violence against civilians,1,19.3333,-89.9417
01/07/2023,Mexico,Violence against civilians,1,19.3333,-89.9417
01/14/2023,Mexico,Violence against civilians,1,19.3333,-89.9417
09/02/2023,Mexico,Violence against civilians,1,19.3333,-89.9417
02/03/2024,Mexico,Violence against civilians,1,19.3333,-89.9417
04/20/2024,Mexico,Violence against civilians,1,19.3333,-89.9417
03/22/2025,Mexico,Violence against civilians,1,19.3333,-89.9417
05/31/2025,Mexico,Violence against civilians,1,19.3333,-89.9417
08/09/2025,Mexico,Violence against civilians,1,19.3333,-89.9417
03/31/2018,Mexico,Violence against civilians,2,19.3333,-89.9417
06/09/2018,Mexico,Violence against civilians,1,19.3333,-89.9417
06/16/2018,Mexico,Violence against civilians,1,19.3333,-89.9417
06/30/2018,Mexico,Violence against civilians,1,19.3333,-89.9417
09/15/2018,Mexico,Violence against civilians,1,19.3333,-89.9417
09/22/2018,Mexico,Violence against civilians,1,19.3333,-89.9417
09/29/2018,Mexico,Violence against civilians,2,19.3333,-89.9417
10/20/2018,Mexico,Violence against civilians,1,19.3333,-89.9417
11/03/2018,Mexico,Violence against civilians,1,19.3333,-89.9417
11/17/2018,Mexico,Violence against civilians,2,19.3333,-89.9417
12/08/2018,Mexico,Violence against civilians,1,19.3333,-89.9417
01/12/2019,Mexico,Violence against civilians,1,19.3333,-89.9417
01/26/2019,Mexico,Violence against civilians,1,19.3333,-89.9417
04/20/2019,Mexico,Violence against civilians,1,19.3333,-89.9417
06/01/2019,Mexico,Violence against civilians,1,19.3333,-89.9417
06/22/2019,Mexico,Violence against civilians,2,19.3333,-89.9417
08/03/2019,Mexico,Violence against civilians,4,19.3333,-89.9417
08/17/2019,Mexico,Violence against civilians,2,19.3333,-89.9417
08/24/2019,Mexico,Violence against civilians,1,19.3333,-89.9417
08/31/2019,Mexico,Violence against civilians,1,19.3333,-89.9417
09/07/2019,Mexico,Violence against civilians,1,19.3333,-89.9417
10/19/2019,Mexico,Violence against civilians,1,19.3333,-89.9417
10/26/2019,Mexico,Violence against civilians,2,19.3333,-89.9417
11/02/2019,Mexico,Violence against civilians,1,19.3333,-89.9417
11/09/2019,Mexico,Violence against civilians,1,19.3333,-89.9417
12/07/2019,Mexico,Violence against civilians,4,19.3333,-89.9417
01/18/2020,Mexico,Violence against civilians,1,19.3333,-89.9417
02/01/2020,Mexico,Violence against civilians,1,19.3333,-89.9417
03/14/2020,Mexico,Violence against civilians,2,19.3333,-89.9417
03/21/2020,Mexico,Violence against civilians,1,19.3333,-89.9417
03/28/2020,Mexico,Violence against civilians,1,19.3333,-89.9417
04/11/2020,Mexico,Violence against civilians,1,19.3333,-89.9417
04/25/2020,Mexico,Violence against civilians,1,19.3333,-89.9417
05/02/2020,Mexico,Violence against civilians,1,19.3333,-89.9417
05/09/2020,Mexico,Violence against civilians,1,19.3333,-89.9417
05/30/2020,Mexico,Violence against civilians,2,19.3333,-89.9417
06/20/2020,Mexico,Violence against civilians,1,19.3333,-89.9417
07/04/2020,Mexico,Violence against civilians,2,19.3333,-89.9417
07/18/2020,Mexico,Violence against civilians,2,19.3333,-89.9417
08/01/2020,Mexico,Violence against civilians,1,19.3333,-89.9417
08/29/2020,Mexico,Violence against civilians,2,19.3333,-89.9417
09/05/2020,Mexico,Violence against civilians,1,19.3333,-89.9417
09/26/2020,Mexico,Violence against civilians,1,19.3333,-89.9417
10/24/2020,Mexico,Violence against civilians,1,19.3333,-89.9417
12/19/2020,Mexico,Violence against civilians,1,19.3333,-89.9417
01/02/2021,Mexico,Violence against civilians,1,19.3333,-89.9417
01/23/2021,Mexico,Violence against civilians,1,19.3333,-89.9417
01/30/2021,Mexico,Violence against civilians,1,19.3333,-89.9417
02/06/2021,Mexico,Violence against civilians,1,19.3333,-89.9417
02/13/2021,Mexico,Violence against civilians,1,19.3333,-89.9417
02/20/2021,Mexico,Violence against civilians,2,19.3333,-89.9417
03/13/2021,Mexico,Violence against civilians,1,19.3333,-89.9417
04/17/2021,Mexico,Violence against civilians,2,19.3333,-89.9417
05/01/2021,Mexico,Violence against civilians,2,19.3333,-89.9417
05/08/2021,Mexico,Violence against civilians,2,19.3333,-89.9417
05/15/2021,Mexico,Violence against civilians,2,19.3333,-89.9417
05/22/2021,Mexico,Violence against civilians,1,19.3333,-89.9417
05/29/2021,Mexico,Violence against civilians,1,19.3333,-89.9417
06/05/2021,Mexico,Violence against civilians,2,19.3333,-89.9417
06/19/2021,Mexico,Violence against civilians,1,19.3333,-89.9417
07/03/2021,Mexico,Violence against civilians,1,19.3333,-89.9417
07/17/2021,Mexico,Violence against civilians,1,19.3333,-89.9417
07/31/2021,Mexico,Violence against civilians,2,19.3333,-89.9417
08/07/2021,Mexico,Violence against civilians,4,19.3333,-89.9417
08/14/2021,Mexico,Violence against civilians,4,19.3333,-89.9417
08/21/2021,Mexico,Violence against civilians,2,19.3333,-89.9417
09/11/2021,Mexico,Violence against civilians,1,19.3333,-89.9417
10/09/2021,Mexico,Violence against civilians,1,19.3333,-89.9417
10/16/2021,Mexico,Violence against civilians,1,19.3333,-89.9417
10/23/2021,Mexico,Violence against civilians,3,19.3333,-89.9417
12/18/2021,Mexico,Violence against civilians,2,19.3333,-89.9417
01/15/2022,Mexico,Violence against civilians,1,19.3333,-89.9417
02/05/2022,Mexico,Violence against civilians,1,19.3333,-89.9417
04/30/2022,Mexico,Violence against civilians,2,19.3333,-89.9417
05/07/2022,Mexico,Violence against civilians,2,19.3333,-89.9417
05/14/2022,Mexico,Violence against civilians,1,19.3333,-89.9417
05/21/2022,Mexico,Violence against civilians,2,19.3333,-89.9417
06/11/2022,Mexico,Violence against civilians,2,19.3333,-89.9417
06/25/2022,Mexico,Violence against civilians,4,19.3333,-89.9417
07/02/2022,Mexico,Violence against civilians,1,19.3333,-89.9417
07/16/2022,Mexico,Violence against civilians,1,19.3333,-89.9417
07/23/2022,Mexico,Violence against civilians,1,19.3333,-89.9417
07/30/2022,Mexico,Violence against civilians,1,19.3333,-89.9417
09/24/2022,Mexico,Violence against civilians,2,19.3333,-89.9417
10/08/2022,Mexico,Violence against civilians,3,19.3333,-89.9417
10/15/2022,Mexico,Violence against civilians,3,19.3333,-89.9417
10/22/2022,Mexico,Violence against civilians,4,19.3333,-89.9417
10/29/2022,Mexico,Violence against civilians,3,19.3333,-89.9417
11/05/2022,Mexico,Violence against civilians,2,19.3333,-89.9417
11/12/2022,Mexico,Violence against civilians,1,19.3333,-89.9417
11/19/2022,Mexico,Violence against civilians,3,19.3333,-89.9417
11/26/2022,Mexico,Violence against civilians,2,19.3333,-89.9417
12/03/2022,Mexico,Violence against civilians,1,19.3333,-89.9417
12/17/2022,Mexico,Violence against civilians,3,19.3333,-89.9417
12/24/2022,Mexico,Violence against civilians,2,19.3333,-89.9417
01/14/2023,Mexico,Violence against civilians,1,19.3333,-89.9417
01/21/2023,Mexico,Violence against civilians,1,19.3333,-89.9417
02/04/2023,Mexico,Violence against civilians,2,19.3333,-89.9417
02/18/2023,Mexico,Violence against civilians,1,19.3333,-89.9417
02/25/2023,Mexico,Violence against civilians,1,19.3333,-89.9417
03/04/2023,Mexico,Violence against civilians,2,19.3333,-89.9417
03/11/2023,Mexico,Violence against civilians,2,19.3333,-89.9417
03/18/2023,Mexico,Violence against civilians,3,19.3333,-89.9417
04/08/2023,Mexico,Violence against civilians,1,19.3333,-89.9417
04/22/2023,Mexico,Violence against civilians,1,19.3333,-89.9417
04/29/2023,Mexico,Violence against civilians,3,19.3333,-89.9417
05/06/2023,Mexico,Violence against civilians,1,19.3333,-89.9417
05/13/2023,Mexico,Violence against civilians,1,19.3333,-89.9417
05/20/2023,Mexico,Violence against civilians,3,19.3333,-89.9417
05/27/2023,Mexico,Violence against civilians,1,19.3333,-89.9417
06/03/2023,Mexico,Violence against civilians,1,19.3333,-89.9417
06/10/2023,Mexico,Violence against civilians,2,19.3333,-89.9417
07/01/2023,Mexico,Violence against civilians,1,19.3333,-89.9417
07/29/2023,Mexico,Violence against civilians,3,19.3333,-89.9417
08/12/2023,Mexico,Violence against civilians,2,19.3333,-89.9417
08/26/2023,Mexico,Violence against civilians,1,19.3333,-89.9417
09/02/2023,Mexico,Violence against civilians,1,19.3333,-89.9417
09/09/2023,Mexico,Violence against civilians,1,19.3333,-89.9417
09/16/2023,Mexico,Violence against civilians,2,19.3333,-89.9417
09/30/2023,Mexico,Violence against civilians,4,19.3333,-89.9417
10/07/2023,Mexico,Violence against civilians,1,19.3333,-89.9417
11/04/2023,Mexico,Violence against civilians,2,19.3333,-89.9417
11/11/2023,Mexico,Violence against civilians,1,19.3333,-89.9417
11/18/2023,Mexico,Violence against civilians,2,19.3333,-89.9417
11/25/2023,Mexico,Violence against civilians,2,19.3333,-89.9417
12/02/2023,Mexico,Violence against civilians,1,19.3333,-89.9417
12/09/2023,Mexico,Violence against civilians,1,19.3333,-89.9417
12/23/2023,Mexico,Violence against civilians,2,19.3333,-89.9417
12/30/2023,Mexico,Violence against civilians,3,19.3333,-89.9417
01/06/2024,Mexico,Violence against civilians,1,19.3333,-89.9417
02/24/2024,Mexico,Violence against civilians,1,19.3333,-89.9417
03/23/2024,Mexico,Violence against civilians,1,19.3333,-89.9417
03/30/2024,Mexico,Violence against civilians,1,19.3333,-89.9417
04/06/2024,Mexico,Violence against civilians,3,19.3333,-89.9417
04/20/2024,Mexico,Violence against civilians,1,19.3333,-89.9417
04/27/2024,Mexico,Violence against civilians,1,19.3333,-89.9417
05/18/2024,Mexico,Violence against civilians,2,19.3333,-89.9417
06/01/2024,Mexico,Violence against civilians,1,19.3333,-89.9417
06/15/2024,Mexico,Violence against civilians,1,19.3333,-89.9417
07/13/2024,Mexico,Violence against civilians,1,19.3333,-89.9417
07/20/2024,Mexico,Violence against civilians,1,19.3333,-89.9417
08/03/2024,Mexico,Violence against civilians,1,19.3333,-89.9417
08/10/2024,Mexico,Violence against civilians,1,19.3333,-89.9417
08/24/2024,Mexico,Violence against civilians,1,19.3333,-89.9417
09/28/2024,Mexico,Violence against civilians,1,19.3333,-89.9417
10/05/2024,Mexico,Violence against civilians,2,19.3333,-89.9417
10/12/2024,Mexico,Violence against civilians,2,19.3333,-89.9417
10/26/2024,Mexico,Violence against civilians,1,19.3333,-89.9417
11/02/2024,Mexico,Violence against civilians,2,19.3333,-89.9417
11/09/2024,Mexico,Violence against civilians,2,19.3333,-89.9417
11/16/2024,Mexico,Violence against civilians,2,19.3333,-89.9417
11/23/2024,Mexico,Violence against civilians,1,19.3333,-89.9417
11/30/2024,Mexico,Violence against civilians,1,19.3333,-89.9417
12/21/2024,Mexico,Violence against civilians,2,19.3333,-89.9417
01/11/2025,Mexico,Violence against civilians,2,19.3333,-89.9417
02/01/2025,Mexico,Violence against civilians,2,19.3333,-89.9417
02/22/2025,Mexico,Violence against civilians,3,19.3333,-89.9417
03/01/2025,Mexico,Violence against civilians,2,19.3333,-89.9417
03/08/2025,Mexico,Violence against civilians,1,19.3333,-89.9417
03/22/2025,Mexico,Violence against civilians,3,19.3333,-89.9417
03/29/2025,Mexico,Violence against civilians,1,19.3333,-89.9417
04/05/2025,Mexico,Violence against civilians,3,19.3333,-89.9417
04/26/2025,Mexico,Violence against civilians,1,19.3333,-89.9417
05/03/2025,Mexico,Violence against civilians,2,19.3333,-89.9417
05/10/2025,Mexico,Violence against civilians,1,19.3333,-89.9417
05/17/2025,Mexico,Violence against civilians,3,19.3333,-89.9417
07/12/2025,Mexico,Violence against civilians,1,19.3333,-89.9417
07/26/2025,Mexico,Violence against civilians,3,19.3333,-89.9417
08/09/2025,Mexico,Violence against civilians,2,19.3333,-89.9417
08/16/2025,Mexico,Violence against civilians,1,19.3333,-89.9417
08/23/2025,Mexico,Violence against civilians,1,19.3333,-89.9417
08/30/2025,Mexico,Violence against civilians,1,19.3333,-89.9417
09/06/2025,Mexico,Violence against civilians,2,19.3333,-89.9417
09/13/2025,Mexico,Violence against civilians,2,19.3333,-89.9417
09/20/2025,Mexico,Violence against civilians,1,19.3333,-89.9417
10/04/2025,Mexico,Violence against civilians,1,19.3333,-89.9417
05/24/2025,Mexico,Violence against civilians,1,19.3333,-89.9417
01/21/2023,Mexico,Explosions/Remote violence,1,16.2598,-92.2326
08/17/2024,Mexico,Explosions/Remote violence,1,16.2598,-92.2326
08/24/2024,Mexico,Explosions/Remote violence,1,16.2598,-92.2326
08/31/2024,Mexico,Explosions/Remote violence,1,16.2598,-92.2326
09/02/2023,Mexico,Explosions/Remote violence,1,16.2598,-92.2326
12/16/2023,Mexico,Explosions/Remote violence,1,16.2598,-92.2326
06/01/2019,Mexico,Explosions/Remote violence,1,16.2598,-92.2326
01/27/2018,Mexico,Riots,1,16.2598,-92.2326
05/05/2018,Mexico,Riots,3,16.2598,-92.2326
05/12/2018,Mexico,Riots,1,16.2598,-92.2326
06/16/2018,Mexico,Riots,1,16.2598,-92.2326
06/23/2018,Mexico,Riots,1,16.2598,-92.2326
06/30/2018,Mexico,Riots,9,16.2598,-92.2326
07/07/2018,Mexico,Riots,1,16.2598,-92.2326
07/21/2018,Mexico,Riots,1,16.2598,-92.2326
07/28/2018,Mexico,Riots,1,16.2598,-92.2326
08/18/2018,Mexico,Riots,1,16.2598,-92.2326
09/01/2018,Mexico,Riots,1,16.2598,-92.2326
09/08/2018,Mexico,Riots,2,16.2598,-92.2326
09/29/2018,Mexico,Riots,1,16.2598,-92.2326
10/13/2018,Mexico,Riots,1,16.2598,-92.2326
10/27/2018,Mexico,Riots,1,16.2598,-92.2326
12/15/2018,Mexico,Riots,1,16.2598,-92.2326
12/22/2018,Mexico,Riots,2,16.2598,-92.2326
01/26/2019,Mexico,Riots,1,16.2598,-92.2326
02/16/2019,Mexico,Riots,1,16.2598,-92.2326
03/30/2019,Mexico,Riots,1,16.2598,-92.2326
04/06/2019,Mexico,Riots,3,16.2598,-92.2326
04/13/2019,Mexico,Riots,2,16.2598,-92.2326
04/27/2019,Mexico,Riots,2,16.2598,-92.2326
05/04/2019,Mexico,Riots,4,16.2598,-92.2326
05/11/2019,Mexico,Riots,2,16.2598,-92.2326
05/18/2019,Mexico,Riots,2,16.2598,-92.2326
06/01/2019,Mexico,Riots,1,16.2598,-92.2326
06/22/2019,Mexico,Riots,1,16.2598,-92.2326
06/29/2019,Mexico,Riots,1,16.2598,-92.2326
07/20/2019,Mexico,Riots,1,16.2598,-92.2326
07/27/2019,Mexico,Riots,2,16.2598,-92.2326
08/10/2019,Mexico,Riots,1,16.2598,-92.2326
08/31/2019,Mexico,Riots,1,16.2598,-92.2326
09/14/2019,Mexico,Riots,1,16.2598,-92.2326
09/28/2019,Mexico,Riots,1,16.2598,-92.2326
10/12/2019,Mexico,Riots,2,16.2598,-92.2326
10/26/2019,Mexico,Riots,1,16.2598,-92.2326
11/02/2019,Mexico,Riots,1,16.2598,-92.2326
11/16/2019,Mexico,Riots,1,16.2598,-92.2326
11/30/2019,Mexico,Riots,1,16.2598,-92.2326
12/21/2019,Mexico,Riots,1,16.2598,-92.2326
01/04/2020,Mexico,Riots,1,16.2598,-92.2326
01/18/2020,Mexico,Riots,2,16.2598,-92.2326
02/15/2020,Mexico,Riots,2,16.2598,-92.2326
02/22/2020,Mexico,Riots,1,16.2598,-92.2326
02/29/2020,Mexico,Riots,1,16.2598,-92.2326
05/23/2020,Mexico,Riots,3,16.2598,-92.2326
06/06/2020,Mexico,Riots,3,16.2598,-92.2326
06/20/2020,Mexico,Riots,1,16.2598,-92.2326
06/27/2020,Mexico,Riots,1,16.2598,-92.2326
07/11/2020,Mexico,Riots,3,16.2598,-92.2326
07/18/2020,Mexico,Riots,1,16.2598,-92.2326
08/01/2020,Mexico,Riots,1,16.2598,-92.2326
08/29/2020,Mexico,Riots,1,16.2598,-92.2326
09/19/2020,Mexico,Riots,1,16.2598,-92.2326
11/28/2020,Mexico,Riots,1,16.2598,-92.2326
12/05/2020,Mexico,Riots,1,16.2598,-92.2326
12/12/2020,Mexico,Riots,2,16.2598,-92.2326
01/09/2021,Mexico,Riots,2,16.2598,-92.2326
01/23/2021,Mexico,Riots,1,16.2598,-92.2326
01/30/2021,Mexico,Riots,1,16.2598,-92.2326
02/06/2021,Mexico,Riots,1,16.2598,-92.2326
03/06/2021,Mexico,Riots,1,16.2598,-92.2326
03/13/2021,Mexico,Riots,1,16.2598,-92.2326
04/03/2021,Mexico,Riots,1,16.2598,-92.2326
05/15/2021,Mexico,Riots,3,16.2598,-92.2326
05/22/2021,Mexico,Riots,1,16.2598,-92.2326
05/29/2021,Mexico,Riots,4,16.2598,-92.2326
06/05/2021,Mexico,Riots,3,16.2598,-92.2326
06/12/2021,Mexico,Riots,1,16.2598,-92.2326
06/26/2021,Mexico,Riots,1,16.2598,-92.2326
07/03/2021,Mexico,Riots,1,16.2598,-92.2326
07/10/2021,Mexico,Riots,1,16.2598,-92.2326
07/31/2021,Mexico,Riots,1,16.2598,-92.2326
08/28/2021,Mexico,Riots,2,16.2598,-92.2326
10/16/2021,Mexico,Riots,1,16.2598,-92.2326
10/23/2021,Mexico,Riots,1,16.2598,-92.2326
10/30/2021,Mexico,Riots,1,16.2598,-92.2326
11/27/2021,Mexico,Riots,1,16.2598,-92.2326
12/11/2021,Mexico,Riots,3,16.2598,-92.2326
01/08/2022,Mexico,Riots,1,16.2598,-92.2326
01/15/2022,Mexico,Riots,1,16.2598,-92.2326
03/05/2022,Mexico,Riots,1,16.2598,-92.2326
03/12/2022,Mexico,Riots,1,16.2598,-92.2326
04/23/2022,Mexico,Riots,1,16.2598,-92.2326
05/07/2022,Mexico,Riots,1,16.2598,-92.2326
05/14/2022,Mexico,Riots,1,16.2598,-92.2326
06/18/2022,Mexico,Riots,3,16.2598,-92.2326
07/09/2022,Mexico,Riots,1,16.2598,-92.2326
07/23/2022,Mexico,Riots,2,16.2598,-92.2326
07/30/2022,Mexico,Riots,1,16.2598,-92.2326
08/13/2022,Mexico,Riots,1,16.2598,-92.2326
09/24/2022,Mexico,Riots,2,16.2598,-92.2326
10/08/2022,Mexico,Riots,1,16.2598,-92.2326
11/05/2022,Mexico,Riots,1,16.2598,-92.2326
11/12/2022,Mexico,Riots,1,16.2598,-92.2326
12/17/2022,Mexico,Riots,1,16.2598,-92.2326
12/24/2022,Mexico,Riots,2,16.2598,-92.2326
03/25/2023,Mexico,Riots,1,16.2598,-92.2326
05/06/2023,Mexico,Riots,1,16.2598,-92.2326
05/20/2023,Mexico,Riots,2,16.2598,-92.2326
05/27/2023,Mexico,Riots,2,16.2598,-92.2326
06/10/2023,Mexico,Riots,1,16.2598,-92.2326
08/05/2023,Mexico,Riots,1,16.2598,-92.2326
08/19/2023,Mexico,Riots,2,16.2598,-92.2326
08/26/2023,Mexico,Riots,1,16.2598,-92.2326
09/23/2023,Mexico,Riots,1,16.2598,-92.2326
10/07/2023,Mexico,Riots,2,16.2598,-92.2326
10/14/2023,Mexico,Riots,3,16.2598,-92.2326
10/21/2023,Mexico,Riots,3,16.2598,-92.2326
11/11/2023,Mexico,Riots,3,16.2598,-92.2326
12/09/2023,Mexico,Riots,1,16.2598,-92.2326
01/06/2024,Mexico,Riots,1,16.2598,-92.2326
02/17/2024,Mexico,Riots,1,16.2598,-92.2326
02/24/2024,Mexico,Riots,1,16.2598,-92.2326
03/09/2024,Mexico,Riots,1,16.2598,-92.2326
03/30/2024,Mexico,Riots,1,16.2598,-92.2326
04/13/2024,Mexico,Riots,1,16.2598,-92.2326
05/25/2024,Mexico,Riots,2,16.2598,-92.2326
06/01/2024,Mexico,Riots,4,16.2598,-92.2326
06/08/2024,Mexico,Riots,2,16.2598,-92.2326
06/22/2024,Mexico,Riots,1,16.2598,-92.2326
07/20/2024,Mexico,Riots,1,16.2598,-92.2326
09/07/2024,Mexico,Riots,2,16.2598,-92.2326
09/21/2024,Mexico,Riots,1,16.2598,-92.2326
10/05/2024,Mexico,Riots,2,16.2598,-92.2326
11/02/2024,Mexico,Riots,1,16.2598,-92.2326
11/16/2024,Mexico,Riots,1,16.2598,-92.2326
01/04/2025,Mexico,Riots,1,16.2598,-92.2326
01/25/2025,Mexico,Riots,1,16.2598,-92.2326
02/15/2025,Mexico,Riots,1,16.2598,-92.2326
04/26/2025,Mexico,Riots,1,16.2598,-92.2326
05/31/2025,Mexico,Riots,1,16.2598,-92.2326
08/16/2025,Mexico,Riots,1,16.2598,-92.2326
01/06/2018,Mexico,Riots,2,16.2598,-92.2326
01/13/2018,Mexico,Riots,1,16.2598,-92.2326
01/20/2018,Mexico,Riots,1,16.2598,-92.2326
01/27/2018,Mexico,Riots,1,16.2598,-92.2326
04/14/2018,Mexico,Riots,2,16.2598,-92.2326
04/21/2018,Mexico,Riots,2,16.2598,-92.2326
05/12/2018,Mexico,Riots,1,16.2598,-92.2326
05/19/2018,Mexico,Riots,1,16.2598,-92.2326
05/26/2018,Mexico,Riots,1,16.2598,-92.2326
06/23/2018,Mexico,Riots,1,16.2598,-92.2326
09/01/2018,Mexico,Riots,1,16.2598,-92.2326
09/15/2018,Mexico,Riots,1,16.2598,-92.2326
09/29/2018,Mexico,Riots,2,16.2598,-92.2326
10/06/2018,Mexico,Riots,1,16.2598,-92.2326
10/27/2018,Mexico,Riots,1,16.2598,-92.2326
11/03/2018,Mexico,Riots,2,16.2598,-92.2326
11/17/2018,Mexico,Riots,2,16.2598,-92.2326
11/24/2018,Mexico,Riots,1,16.2598,-92.2326
12/01/2018,Mexico,Riots,1,16.2598,-92.2326
12/08/2018,Mexico,Riots,1,16.2598,-92.2326
01/05/2019,Mexico,Riots,3,16.2598,-92.2326
02/09/2019,Mexico,Riots,5,16.2598,-92.2326
02/16/2019,Mexico,Riots,2,16.2598,-92.2326
03/30/2019,Mexico,Riots,3,16.2598,-92.2326
04/06/2019,Mexico,Riots,1,16.2598,-92.2326
04/20/2019,Mexico,Riots,1,16.2598,-92.2326
04/27/2019,Mexico,Riots,1,16.2598,-92.2326
05/11/2019,Mexico,Riots,1,16.2598,-92.2326
05/25/2019,Mexico,Riots,1,16.2598,-92.2326
06/22/2019,Mexico,Riots,1,16.2598,-92.2326
06/29/2019,Mexico,Riots,1,16.2598,-92.2326
07/13/2019,Mexico,Riots,1,16.2598,-92.2326
07/20/2019,Mexico,Riots,2,16.2598,-92.2326
08/03/2019,Mexico,Riots,1,16.2598,-92.2326
08/10/2019,Mexico,Riots,1,16.2598,-92.2326
08/17/2019,Mexico,Riots,1,16.2598,-92.2326
08/24/2019,Mexico,Riots,1,16.2598,-92.2326
08/31/2019,Mexico,Riots,3,16.2598,-92.2326
09/07/2019,Mexico,Riots,1,16.2598,-92.2326
09/14/2019,Mexico,Riots,1,16.2598,-92.2326
09/28/2019,Mexico,Riots,1,16.2598,-92.2326
10/05/2019,Mexico,Riots,2,16.2598,-92.2326
10/26/2019,Mexico,Riots,2,16.2598,-92.2326
11/02/2019,Mexico,Riots,1,16.2598,-92.2326
11/16/2019,Mexico,Riots,1,16.2598,-92.2326
12/21/2019,Mexico,Riots,1,16.2598,-92.2326
02/15/2020,Mexico,Riots,2,16.2598,-92.2326
03/21/2020,Mexico,Riots,1,16.2598,-92.2326
05/16/2020,Mexico,Riots,1,16.2598,-92.2326
07/18/2020,Mexico,Riots,1,16.2598,-92.2326
08/01/2020,Mexico,Riots,1,16.2598,-92.2326
08/29/2020,Mexico,Riots,1,16.2598,-92.2326
09/05/2020,Mexico,Riots,3,16.2598,-92.2326
09/19/2020,Mexico,Riots,1,16.2598,-92.2326
10/10/2020,Mexico,Riots,1,16.2598,-92.2326
11/07/2020,Mexico,Riots,1,16.2598,-92.2326
11/28/2020,Mexico,Riots,1,16.2598,-92.2326
12/05/2020,Mexico,Riots,2,16.2598,-92.2326
12/19/2020,Mexico,Riots,1,16.2598,-92.2326
01/09/2021,Mexico,Riots,1,16.2598,-92.2326
03/06/2021,Mexico,Riots,2,16.2598,-92.2326
03/13/2021,Mexico,Riots,1,16.2598,-92.2326
04/10/2021,Mexico,Riots,2,16.2598,-92.2326
04/17/2021,Mexico,Riots,2,16.2598,-92.2326
05/08/2021,Mexico,Riots,1,16.2598,-92.2326
05/15/2021,Mexico,Riots,1,16.2598,-92.2326
05/29/2021,Mexico,Riots,2,16.2598,-92.2326
07/17/2021,Mexico,Riots,2,16.2598,-92.2326
07/24/2021,Mexico,Riots,1,16.2598,-92.2326
08/21/2021,Mexico,Riots,1,16.2598,-92.2326
09/11/2021,Mexico,Riots,1,16.2598,-92.2326
09/25/2021,Mexico,Riots,1,16.2598,-92.2326
10/09/2021,Mexico,Riots,1,16.2598,-92.2326
01/08/2022,Mexico,Riots,3,16.2598,-92.2326
02/05/2022,Mexico,Riots,1,16.2598,-92.2326
02/19/2022,Mexico,Riots,3,16.2598,-92.2326
02/26/2022,Mexico,Riots,1,16.2598,-92.2326
03/05/2022,Mexico,Riots,1,16.2598,-92.2326
03/12/2022,Mexico,Riots,1,16.2598,-92.2326
03/26/2022,Mexico,Riots,1,16.2598,-92.2326
04/02/2022,Mexico,Riots,1,16.2598,-92.2326
04/09/2022,Mexico,Riots,5,16.2598,-92.2326
05/21/2022,Mexico,Riots,1,16.2598,-92.2326
06/04/2022,Mexico,Riots,1,16.2598,-92.2326
06/11/2022,Mexico,Riots,1,16.2598,-92.2326
06/18/2022,Mexico,Riots,2,16.2598,-92.2326
07/09/2022,Mexico,Riots,1,16.2598,-92.2326
07/16/2022,Mexico,Riots,1,16.2598,-92.2326
07/23/2022,Mexico,Riots,3,16.2598,-92.2326
07/30/2022,Mexico,Riots,1,16.2598,-92.2326
08/20/2022,Mexico,Riots,1,16.2598,-92.2326
08/27/2022,Mexico,Riots,2,16.2598,-92.2326
09/24/2022,Mexico,Riots,1,16.2598,-92.2326
10/22/2022,Mexico,Riots,1,16.2598,-92.2326
11/05/2022,Mexico,Riots,1,16.2598,-92.2326
12/10/2022,Mexico,Riots,1,16.2598,-92.2326
12/31/2022,Mexico,Riots,1,16.2598,-92.2326
01/21/2023,Mexico,Riots,1,16.2598,-92.2326
01/28/2023,Mexico,Riots,2,16.2598,-92.2326
02/11/2023,Mexico,Riots,1,16.2598,-92.2326
04/29/2023,Mexico,Riots,3,16.2598,-92.2326
06/03/2023,Mexico,Riots,1,16.2598,-92.2326
07/22/2023,Mexico,Riots,2,16.2598,-92.2326
07/29/2023,Mexico,Riots,1,16.2598,-92.2326
08/05/2023,Mexico,Riots,2,16.2598,-92.2326
08/12/2023,Mexico,Riots,1,16.2598,-92.2326
08/26/2023,Mexico,Riots,1,16.2598,-92.2326
09/23/2023,Mexico,Riots,8,16.2598,-92.2326
09/30/2023,Mexico,Riots,1,16.2598,-92.2326
11/04/2023,Mexico,Riots,1,16.2598,-92.2326
11/11/2023,Mexico,Riots,2,16.2598,-92.2326
11/18/2023,Mexico,Riots,3,16.2598,-92.2326
12/02/2023,Mexico,Riots,3,16.2598,-92.2326
01/13/2024,Mexico,Riots,2,16.2598,-92.2326
01/20/2024,Mexico,Riots,3,16.2598,-92.2326
02/17/2024,Mexico,Riots,1,16.2598,-92.2326
04/06/2024,Mexico,Riots,1,16.2598,-92.2326
05/18/2024,Mexico,Riots,1,16.2598,-92.2326
06/01/2024,Mexico,Riots,3,16.2598,-92.2326
06/08/2024,Mexico,Riots,1,16.2598,-92.2326
08/03/2024,Mexico,Riots,1,16.2598,-92.2326
08/17/2024,Mexico,Riots,1,16.2598,-92.2326
09/28/2024,Mexico,Riots,1,16.2598,-92.2326
11/30/2024,Mexico,Riots,1,16.2598,-92.2326
12/14/2024,Mexico,Riots,2,16.2598,-92.2326
07/19/2025,Mexico,Riots,1,16.2598,-92.2326
04/28/2018,Mexico,Violence against civilians,1,16.2598,-92.2326
05/05/2018,Mexico,Violence against civilians,1,16.2598,-92.2326
05/12/2018,Mexico,Violence against civilians,1,16.2598,-92.2326
07/28/2018,Mexico,Violence against civilians,1,16.2598,-92.2326
03/02/2019,Mexico,Violence against civilians,1,16.2598,-92.2326
04/13/2019,Mexico,Violence against civilians,1,16.2598,-92.2326
09/21/2019,Mexico,Violence against civilians,1,16.2598,-92.2326
06/06/2020,Mexico,Violence against civilians,2,16.2598,-92.2326
04/10/2021,Mexico,Violence against civilians,1,16.2598,-92.2326
04/24/2021,Mexico,Violence against civilians,1,16.2598,-92.2326
05/15/2021,Mexico,Violence against civilians,1,16.2598,-92.2326
07/10/2021,Mexico,Violence against civilians,2,16.2598,-92.2326
07/31/2021,Mexico,Violence against civilians,1,16.2598,-92.2326
09/18/2021,Mexico,Violence against civilians,1,16.2598,-92.2326
12/25/2021,Mexico,Violence against civilians,2,16.2598,-92.2326
01/01/2022,Mexico,Violence against civilians,1,16.2598,-92.2326
10/22/2022,Mexico,Violence against civilians,1,16.2598,-92.2326
11/19/2022,Mexico,Violence against civilians,1,16.2598,-92.2326
12/10/2022,Mexico,Violence against civilians,1,16.2598,-92.2326
12/17/2022,Mexico,Violence against civilians,1,16.2598,-92.2326
05/13/2023,Mexico,Violence against civilians,1,16.2598,-92.2326
05/20/2023,Mexico,Violence against civilians,1,16.2598,-92.2326
06/17/2023,Mexico,Violence against civilians,1,16.2598,-92.2326
09/30/2023,Mexico,Violence against civilians,1,16.2598,-92.2326
10/07/2023,Mexico,Violence against civilians,1,16.2598,-92.2326
12/09/2023,Mexico,Violence against civilians,1,16.2598,-92.2326
12/16/2023,Mexico,Violence against civilians,1,16.2598,-92.2326
02/17/2024,Mexico,Violence against civilians,1,16.2598,-92.2326
03/16/2024,Mexico,Violence against civilians,1,16.2598,-92.2326
03/30/2024,Mexico,Violence against civilians,1,16.2598,-92.2326
04/06/2024,Mexico,Violence against civilians,2,16.2598,-92.2326
04/13/2024,Mexico,Violence against civilians,1,16.2598,-92.2326
04/20/2024,Mexico,Violence against civilians,1,16.2598,-92.2326
04/27/2024,Mexico,Violence against civilians,1,16.2598,-92.2326
05/11/2024,Mexico,Violence against civilians,1,16.2598,-92.2326
05/25/2024,Mexico,Violence against civilians,1,16.2598,-92.2326
07/13/2024,Mexico,Violence against civilians,4,16.2598,-92.2326
08/17/2024,Mexico,Violence against civilians,1,16.2598,-92.2326
08/31/2024,Mexico,Violence against civilians,2,16.2598,-92.2326
09/07/2024,Mexico,Violence against civilians,1,16.2598,-92.2326
09/14/2024,Mexico,Violence against civilians,1,16.2598,-92.2326
11/09/2024,Mexico,Violence against civilians,1,16.2598,-92.2326
11/23/2024,Mexico,Violence against civilians,1,16.2598,-92.2326
11/30/2024,Mexico,Violence against civilians,1,16.2598,-92.2326
12/28/2024,Mexico,Violence against civilians,1,16.2598,-92.2326
01/11/2025,Mexico,Violence against civilians,1,16.2598,-92.2326
08/02/2025,Mexico,Violence against civilians,1,16.2598,-92.2326
01/06/2018,Mexico,Violence against civilians,1,16.2598,-92.2326
01/13/2018,Mexico,Violence against civilians,1,16.2598,-92.2326
01/27/2018,Mexico,Violence against civilians,1,16.2598,-92.2326
02/10/2018,Mexico,Violence against civilians,1,16.2598,-92.2326
03/17/2018,Mexico,Violence against civilians,1,16.2598,-92.2326
03/31/2018,Mexico,Violence against civilians,2,16.2598,-92.2326
04/14/2018,Mexico,Violence against civilians,1,16.2598,-92.2326
05/19/2018,Mexico,Violence against civilians,1,16.2598,-92.2326
06/09/2018,Mexico,Violence against civilians,1,16.2598,-92.2326
06/16/2018,Mexico,Violence against civilians,3,16.2598,-92.2326
06/23/2018,Mexico,Violence against civilians,2,16.2598,-92.2326
06/30/2018,Mexico,Violence against civilians,4,16.2598,-92.2326
07/07/2018,Mexico,Violence against civilians,1,16.2598,-92.2326
08/04/2018,Mexico,Violence against civilians,2,16.2598,-92.2326
09/01/2018,Mexico,Violence against civilians,1,16.2598,-92.2326
09/15/2018,Mexico,Violence against civilians,1,16.2598,-92.2326
09/29/2018,Mexico,Violence against civilians,5,16.2598,-92.2326
10/13/2018,Mexico,Violence against civilians,1,16.2598,-92.2326
10/20/2018,Mexico,Violence against civilians,1,16.2598,-92.2326
11/17/2018,Mexico,Violence against civilians,1,16.2598,-92.2326
11/24/2018,Mexico,Violence against civilians,1,16.2598,-92.2326
12/01/2018,Mexico,Violence against civilians,1,16.2598,-92.2326
12/15/2018,Mexico,Violence against civilians,1,16.2598,-92.2326
12/22/2018,Mexico,Violence against civilians,1,16.2598,-92.2326
12/29/2018,Mexico,Violence against civilians,2,16.2598,-92.2326
01/12/2019,Mexico,Violence against civilians,3,16.2598,-92.2326
01/19/2019,Mexico,Violence against civilians,5,16.2598,-92.2326
01/26/2019,Mexico,Violence against civilians,5,16.2598,-92.2326
02/02/2019,Mexico,Violence against civilians,3,16.2598,-92.2326
02/09/2019,Mexico,Violence against civilians,1,16.2598,-92.2326
02/16/2019,Mexico,Violence against civilians,1,16.2598,-92.2326
03/02/2019,Mexico,Violence against civilians,1,16.2598,-92.2326
03/09/2019,Mexico,Violence against civilians,1,16.2598,-92.2326
03/23/2019,Mexico,Violence against civilians,1,16.2598,-92.2326
04/06/2019,Mexico,Violence against civilians,1,16.2598,-92.2326
04/27/2019,Mexico,Violence against civilians,1,16.2598,-92.2326
05/04/2019,Mexico,Violence against civilians,1,16.2598,-92.2326
06/08/2019,Mexico,Violence against civilians,1,16.2598,-92.2326
06/15/2019,Mexico,Violence against civilians,3,16.2598,-92.2326
06/22/2019,Mexico,Violence against civilians,1,16.2598,-92.2326
07/06/2019,Mexico,Violence against civilians,1,16.2598,-92.2326
07/13/2019,Mexico,Violence against civilians,5,16.2598,-92.2326
07/20/2019,Mexico,Violence against civilians,1,16.2598,-92.2326
07/27/2019,Mexico,Violence against civilians,1,16.2598,-92.2326
08/17/2019,Mexico,Violence against civilians,1,16.2598,-92.2326
09/14/2019,Mexico,Violence against civilians,1,16.2598,-92.2326
09/28/2019,Mexico,Violence against civilians,2,16.2598,-92.2326
10/05/2019,Mexico,Violence against civilians,1,16.2598,-92.2326
11/02/2019,Mexico,Violence against civilians,3,16.2598,-92.2326
11/09/2019,Mexico,Violence against civilians,3,16.2598,-92.2326
11/30/2019,Mexico,Violence against civilians,1,16.2598,-92.2326
12/07/2019,Mexico,Violence against civilians,1,16.2598,-92.2326
12/14/2019,Mexico,Violence against civilians,2,16.2598,-92.2326
12/21/2019,Mexico,Violence against civilians,1,16.2598,-92.2326
01/04/2020,Mexico,Violence against civilians,2,16.2598,-92.2326
01/25/2020,Mexico,Violence against civilians,1,16.2598,-92.2326
02/29/2020,Mexico,Violence against civilians,2,16.2598,-92.2326
03/28/2020,Mexico,Violence against civilians,1,16.2598,-92.2326
04/18/2020,Mexico,Violence against civilians,1,16.2598,-92.2326
04/25/2020,Mexico,Violence against civilians,1,16.2598,-92.2326
05/02/2020,Mexico,Violence against civilians,1,16.2598,-92.2326
06/27/2020,Mexico,Violence against civilians,1,16.2598,-92.2326
07/04/2020,Mexico,Violence against civilians,1,16.2598,-92.2326
07/11/2020,Mexico,Violence against civilians,1,16.2598,-92.2326
08/08/2020,Mexico,Violence against civilians,1,16.2598,-92.2326
08/15/2020,Mexico,Violence against civilians,2,16.2598,-92.2326
08/22/2020,Mexico,Violence against civilians,1,16.2598,-92.2326
08/29/2020,Mexico,Violence against civilians,3,16.2598,-92.2326
09/12/2020,Mexico,Violence against civilians,2,16.2598,-92.2326
09/19/2020,Mexico,Violence against civilians,2,16.2598,-92.2326
09/26/2020,Mexico,Violence against civilians,1,16.2598,-92.2326
10/03/2020,Mexico,Violence against civilians,2,16.2598,-92.2326
10/10/2020,Mexico,Violence against civilians,2,16.2598,-92.2326
10/31/2020,Mexico,Violence against civilians,1,16.2598,-92.2326
11/07/2020,Mexico,Violence against civilians,1,16.2598,-92.2326
11/14/2020,Mexico,Violence against civilians,1,16.2598,-92.2326
11/28/2020,Mexico,Violence against civilians,2,16.2598,-92.2326
12/05/2020,Mexico,Violence against civilians,1,16.2598,-92.2326
12/19/2020,Mexico,Violence against civilians,1,16.2598,-92.2326
12/26/2020,Mexico,Violence against civilians,2,16.2598,-92.2326
01/02/2021,Mexico,Violence against civilians,1,16.2598,-92.2326
01/09/2021,Mexico,Violence against civilians,1,16.2598,-92.2326
01/16/2021,Mexico,Violence against civilians,1,16.2598,-92.2326
01/23/2021,Mexico,Violence against civilians,1,16.2598,-92.2326
02/06/2021,Mexico,Violence against civilians,1,16.2598,-92.2326
02/13/2021,Mexico,Violence against civilians,1,16.2598,-92.2326
03/06/2021,Mexico,Violence against civilians,1,16.2598,-92.2326
03/13/2021,Mexico,Violence against civilians,8,16.2598,-92.2326
03/20/2021,Mexico,Violence against civilians,7,16.2598,-92.2326
03/27/2021,Mexico,Violence against civilians,3,16.2598,-92.2326
04/03/2021,Mexico,Violence against civilians,4,16.2598,-92.2326
04/17/2021,Mexico,Violence against civilians,1,16.2598,-92.2326
04/24/2021,Mexico,Violence against civilians,2,16.2598,-92.2326
05/01/2021,Mexico,Violence against civilians,1,16.2598,-92.2326
05/08/2021,Mexico,Violence against civilians,2,16.2598,-92.2326
05/15/2021,Mexico,Violence against civilians,2,16.2598,-92.2326
05/22/2021,Mexico,Violence against civilians,3,16.2598,-92.2326
05/29/2021,Mexico,Violence against civilians,3,16.2598,-92.2326
06/05/2021,Mexico,Violence against civilians,3,16.2598,-92.2326
06/12/2021,Mexico,Violence against civilians,1,16.2598,-92.2326
06/19/2021,Mexico,Violence against civilians,2,16.2598,-92.2326
06/26/2021,Mexico,Violence against civilians,2,16.2598,-92.2326
07/03/2021,Mexico,Violence against civilians,2,16.2598,-92.2326
07/10/2021,Mexico,Violence against civilians,1,16.2598,-92.2326
07/24/2021,Mexico,Violence against civilians,1,16.2598,-92.2326
07/31/2021,Mexico,Violence against civilians,1,16.2598,-92.2326
08/07/2021,Mexico,Violence against civilians,2,16.2598,-92.2326
08/28/2021,Mexico,Violence against civilians,2,16.2598,-92.2326
09/11/2021,Mexico,Violence against civilians,2,16.2598,-92.2326
10/23/2021,Mexico,Violence against civilians,3,16.2598,-92.2326
10/30/2021,Mexico,Violence against civilians,6,16.2598,-92.2326
11/06/2021,Mexico,Violence against civilians,1,16.2598,-92.2326
11/20/2021,Mexico,Violence against civilians,2,16.2598,-92.2326
11/27/2021,Mexico,Violence against civilians,2,16.2598,-92.2326
12/04/2021,Mexico,Violence against civilians,1,16.2598,-92.2326
12/18/2021,Mexico,Violence against civilians,1,16.2598,-92.2326
12/25/2021,Mexico,Violence against civilians,1,16.2598,-92.2326
01/01/2022,Mexico,Violence against civilians,1,16.2598,-92.2326
01/08/2022,Mexico,Violence against civilians,8,16.2598,-92.2326
01/15/2022,Mexico,Violence against civilians,1,16.2598,-92.2326
02/26/2022,Mexico,Violence against civilians,4,16.2598,-92.2326
03/26/2022,Mexico,Violence against civilians,4,16.2598,-92.2326
04/09/2022,Mexico,Violence against civilians,1,16.2598,-92.2326
04/16/2022,Mexico,Violence against civilians,1,16.2598,-92.2326
05/07/2022,Mexico,Violence against civilians,1,16.2598,-92.2326
05/14/2022,Mexico,Violence against civilians,1,16.2598,-92.2326
05/21/2022,Mexico,Violence against civilians,1,16.2598,-92.2326
05/28/2022,Mexico,Violence against civilians,1,16.2598,-92.2326
06/04/2022,Mexico,Violence against civilians,2,16.2598,-92.2326
06/11/2022,Mexico,Violence against civilians,1,16.2598,-92.2326
06/18/2022,Mexico,Violence against civilians,1,16.2598,-92.2326
07/09/2022,Mexico,Violence against civilians,3,16.2598,-92.2326
07/30/2022,Mexico,Violence against civilians,1,16.2598,-92.2326
08/06/2022,Mexico,Violence against civilians,1,16.2598,-92.2326
09/10/2022,Mexico,Violence against civilians,1,16.2598,-92.2326
09/24/2022,Mexico,Violence against civilians,1,16.2598,-92.2326
10/01/2022,Mexico,Violence against civilians,2,16.2598,-92.2326
11/19/2022,Mexico,Violence against civilians,1,16.2598,-92.2326
12/10/2022,Mexico,Violence against civilians,1,16.2598,-92.2326
12/17/2022,Mexico,Violence against civilians,1,16.2598,-92.2326
12/24/2022,Mexico,Violence against civilians,1,16.2598,-92.2326
01/07/2023,Mexico,Violence against civilians,1,16.2598,-92.2326
01/21/2023,Mexico,Violence against civilians,1,16.2598,-92.2326
02/04/2023,Mexico,Violence against civilians,6,16.2598,-92.2326
02/11/2023,Mexico,Violence against civilians,1,16.2598,-92.2326
02/25/2023,Mexico,Violence against civilians,1,16.2598,-92.2326
03/11/2023,Mexico,Violence against civilians,1,16.2598,-92.2326
03/18/2023,Mexico,Violence against civilians,1,16.2598,-92.2326
04/29/2023,Mexico,Violence against civilians,1,16.2598,-92.2326
05/20/2023,Mexico,Violence against civilians,3,16.2598,-92.2326
05/27/2023,Mexico,Violence against civilians,1,16.2598,-92.2326
06/17/2023,Mexico,Violence against civilians,5,16.2598,-92.2326
06/24/2023,Mexico,Violence against civilians,2,16.2598,-92.2326
07/08/2023,Mexico,Violence against civilians,1,16.2598,-92.2326
07/15/2023,Mexico,Violence against civilians,1,16.2598,-92.2326
07/22/2023,Mexico,Violence against civilians,3,16.2598,-92.2326
08/12/2023,Mexico,Violence against civilians,1,16.2598,-92.2326
08/19/2023,Mexico,Violence against civilians,1,16.2598,-92.2326
08/26/2023,Mexico,Violence against civilians,3,16.2598,-92.2326
09/02/2023,Mexico,Violence against civilians,2,16.2598,-92.2326
09/16/2023,Mexico,Violence against civilians,3,16.2598,-92.2326
09/23/2023,Mexico,Violence against civilians,4,16.2598,-92.2326
09/30/2023,Mexico,Violence against civilians,1,16.2598,-92.2326
10/07/2023,Mexico,Violence against civilians,2,16.2598,-92.2326
10/14/2023,Mexico,Violence against civilians,4,16.2598,-92.2326
10/21/2023,Mexico,Violence against civilians,1,16.2598,-92.2326
11/04/2023,Mexico,Violence against civilians,1,16.2598,-92.2326
11/11/2023,Mexico,Violence against civilians,2,16.2598,-92.2326
11/18/2023,Mexico,Violence against civilians,2,16.2598,-92.2326
11/25/2023,Mexico,Violence against civilians,3,16.2598,-92.2326
12/02/2023,Mexico,Violence against civilians,4,16.2598,-92.2326
12/09/2023,Mexico,Violence against civilians,1,16.2598,-92.2326
12/16/2023,Mexico,Violence against civilians,2,16.2598,-92.2326
12/30/2023,Mexico,Violence against civilians,4,16.2598,-92.2326
01/06/2024,Mexico,Violence against civilians,1,16.2598,-92.2326
01/13/2024,Mexico,Violence against civilians,4,16.2598,-92.2326
02/17/2024,Mexico,Violence against civilians,4,16.2598,-92.2326
02/24/2024,Mexico,Violence against civilians,4,16.2598,-92.2326
03/02/2024,Mexico,Violence against civilians,3,16.2598,-92.2326
03/09/2024,Mexico,Violence against civilians,4,16.2598,-92.2326
03/16/2024,Mexico,Violence against civilians,1,16.2598,-92.2326
03/23/2024,Mexico,Violence against civilians,5,16.2598,-92.2326
04/06/2024,Mexico,Violence against civilians,5,16.2598,-92.2326
04/13/2024,Mexico,Violence against civilians,10,16.2598,-92.2326
04/20/2024,Mexico,Violence against civilians,3,16.2598,-92.2326
04/27/2024,Mexico,Violence against civilians,1,16.2598,-92.2326
05/04/2024,Mexico,Violence against civilians,1,16.2598,-92.2326
05/11/2024,Mexico,Violence against civilians,4,16.2598,-92.2326
05/18/2024,Mexico,Violence against civilians,4,16.2598,-92.2326
05/25/2024,Mexico,Violence against civilians,6,16.2598,-92.2326
06/01/2024,Mexico,Violence against civilians,9,16.2598,-92.2326
06/08/2024,Mexico,Violence against civilians,7,16.2598,-92.2326
06/15/2024,Mexico,Violence against civilians,1,16.2598,-92.2326
06/22/2024,Mexico,Violence against civilians,3,16.2598,-92.2326
06/29/2024,Mexico,Violence against civilians,1,16.2598,-92.2326
07/06/2024,Mexico,Violence against civilians,3,16.2598,-92.2326
07/20/2024,Mexico,Violence against civilians,3,16.2598,-92.2326
07/27/2024,Mexico,Violence against civilians,3,16.2598,-92.2326
08/03/2024,Mexico,Violence against civilians,1,16.2598,-92.2326
08/17/2024,Mexico,Violence against civilians,6,16.2598,-92.2326
08/24/2024,Mexico,Violence against civilians,3,16.2598,-92.2326
08/31/2024,Mexico,Violence against civilians,1,16.2598,-92.2326
09/07/2024,Mexico,Violence against civilians,1,16.2598,-92.2326
09/14/2024,Mexico,Violence against civilians,3,16.2598,-92.2326
09/21/2024,Mexico,Violence against civilians,1,16.2598,-92.2326
09/28/2024,Mexico,Violence against civilians,1,16.2598,-92.2326
10/05/2024,Mexico,Violence against civilians,4,16.2598,-92.2326
10/12/2024,Mexico,Violence against civilians,4,16.2598,-92.2326
10/19/2024,Mexico,Violence against civilians,5,16.2598,-92.2326
11/16/2024,Mexico,Violence against civilians,1,16.2598,-92.2326
11/23/2024,Mexico,Violence against civilians,1,16.2598,-92.2326
11/30/2024,Mexico,Violence against civilians,3,16.2598,-92.2326
12/14/2024,Mexico,Violence against civilians,1,16.2598,-92.2326
12/21/2024,Mexico,Violence against civilians,1,16.2598,-92.2326
12/28/2024,Mexico,Violence against civilians,1,16.2598,-92.2326
01/04/2025,Mexico,Violence against civilians,1,16.2598,-92.2326
01/11/2025,Mexico,Violence against civilians,2,16.2598,-92.2326
01/18/2025,Mexico,Violence against civilians,1,16.2598,-92.2326
02/08/2025,Mexico,Violence against civilians,3,16.2598,-92.2326
03/01/2025,Mexico,Violence against civilians,1,16.2598,-92.2326
03/22/2025,Mexico,Violence against civilians,1,16.2598,-92.2326
03/29/2025,Mexico,Violence against civilians,2,16.2598,-92.2326
04/05/2025,Mexico,Violence against civilians,1,16.2598,-92.2326
04/12/2025,Mexico,Violence against civilians,2,16.2598,-92.2326
05/03/2025,Mexico,Violence against civilians,2,16.2598,-92.2326
05/31/2025,Mexico,Violence against civilians,1,16.2598,-92.2326
06/07/2025,Mexico,Violence against civilians,1,16.2598,-92.2326
06/21/2025,Mexico,Violence against civilians,3,16.2598,-92.2326
06/28/2025,Mexico,Violence against civilians,3,16.2598,-92.2326
07/12/2025,Mexico,Violence against civilians,2,16.2598,-92.2326
07/19/2025,Mexico,Violence against civilians,2,16.2598,-92.2326
07/26/2025,Mexico,Violence against civilians,1,16.2598,-92.2326
08/02/2025,Mexico,Violence against civilians,2,16.2598,-92.2326
08/09/2025,Mexico,Violence against civilians,1,16.2598,-92.2326
08/23/2025,Mexico,Violence against civilians,1,16.2598,-92.2326
09/06/2025,Mexico,Violence against civilians,1,16.2598,-92.2326
09/20/2025,Mexico,Violence against civilians,1,16.2598,-92.2326
10/18/2025,Mexico,Violence against civilians,2,16.2598,-92.2326
03/02/2019,Mexico,Violence against civilians,1,16.2598,-92.2326
12/28/2019,Mexico,Violence against civilians,1,16.2598,-92.2326
12/21/2024,Mexico,Explosions/Remote violence,3,28.7044,-106.0382
12/28/2024,Mexico,Explosions/Remote violence,1,28.7044,-106.0382
02/01/2025,Mexico,Explosions/Remote violence,1,28.7044,-106.0382
05/26/2018,Mexico,Explosions/Remote violence,1,28.7044,-106.0382
12/28/2024,Mexico,Explosions/Remote violence,1,28.7044,-106.0382
07/28/2018,Mexico,Riots,1,28.7044,-106.0382
04/18/2020,Mexico,Riots,1,28.7044,-106.0382
05/02/2020,Mexico,Riots,1,28.7044,-106.0382
08/22/2020,Mexico,Riots,1,28.7044,-106.0382
04/09/2022,Mexico,Riots,1,28.7044,-106.0382
07/09/2022,Mexico,Riots,1,28.7044,-106.0382
08/20/2022,Mexico,Riots,1,28.7044,-106.0382
11/26/2022,Mexico,Riots,1,28.7044,-106.0382
02/11/2023,Mexico,Riots,1,28.7044,-106.0382
03/11/2023,Mexico,Riots,1,28.7044,-106.0382
04/15/2023,Mexico,Riots,1,28.7044,-106.0382
01/06/2024,Mexico,Riots,1,28.7044,-106.0382
05/18/2024,Mexico,Riots,1,28.7044,-106.0382
07/13/2024,Mexico,Riots,1,28.7044,-106.0382
08/03/2024,Mexico,Riots,1,28.7044,-106.0382
10/19/2024,Mexico,Riots,1,28.7044,-106.0382
12/28/2024,Mexico,Riots,2,28.7044,-106.0382
01/18/2025,Mexico,Riots,1,28.7044,-106.0382
06/21/2025,Mexico,Riots,1,28.7044,-106.0382
08/23/2025,Mexico,Riots,1,28.7044,-106.0382
09/20/2025,Mexico,Riots,1,28.7044,-106.0382
12/15/2018,Mexico,Riots,1,28.7044,-106.0382
08/10/2019,Mexico,Riots,1,28.7044,-106.0382
03/21/2020,Mexico,Riots,2,28.7044,-106.0382
06/06/2020,Mexico,Riots,2,28.7044,-106.0382
07/25/2020,Mexico,Riots,1,28.7044,-106.0382
09/05/2020,Mexico,Riots,1,28.7044,-106.0382
09/12/2020,Mexico,Riots,1,28.7044,-106.0382
01/16/2021,Mexico,Riots,1,28.7044,-106.0382
10/29/2022,Mexico,Riots,1,28.7044,-106.0382
03/04/2023,Mexico,Riots,1,28.7044,-106.0382
03/25/2023,Mexico,Riots,1,28.7044,-106.0382
03/02/2024,Mexico,Riots,1,28.7044,-106.0382
05/11/2024,Mexico,Riots,1,28.7044,-106.0382
07/27/2024,Mexico,Riots,1,28.7044,-106.0382
01/25/2025,Mexico,Riots,1,28.7044,-106.0382
03/08/2025,Mexico,Riots,1,28.7044,-106.0382
08/16/2025,Mexico,Riots,1,28.7044,-106.0382
02/17/2018,Mexico,Violence against civilians,1,28.7044,-106.0382
10/13/2018,Mexico,Violence against civilians,1,28.7044,-106.0382
11/03/2018,Mexico,Violence against civilians,1,28.7044,-106.0382
12/22/2018,Mexico,Violence against civilians,1,28.7044,-106.0382
01/05/2019,Mexico,Violence against civilians,1,28.7044,-106.0382
01/19/2019,Mexico,Violence against civilians,1,28.7044,-106.0382
07/13/2019,Mexico,Violence against civilians,1,28.7044,-106.0382
10/05/2019,Mexico,Violence against civilians,1,28.7044,-106.0382
12/14/2019,Mexico,Violence against civilians,1,28.7044,-106.0382
02/15/2020,Mexico,Violence against civilians,1,28.7044,-106.0382
06/20/2020,Mexico,Violence against civilians,1,28.7044,-106.0382
08/08/2020,Mexico,Violence against civilians,1,28.7044,-106.0382
02/27/2021,Mexico,Violence against civilians,1,28.7044,-106.0382
05/29/2021,Mexico,Violence against civilians,1,28.7044,-106.0382
10/02/2021,Mexico,Violence against civilians,1,28.7044,-106.0382
01/08/2022,Mexico,Violence against civilians,1,28.7044,-106.0382
01/29/2022,Mexico,Violence against civilians,1,28.7044,-106.0382
04/02/2022,Mexico,Violence against civilians,1,28.7044,-106.0382
04/16/2022,Mexico,Violence against civilians,1,28.7044,-106.0382
04/30/2022,Mexico,Violence against civilians,1,28.7044,-106.0382
06/18/2022,Mexico,Violence against civilians,1,28.7044,-106.0382
07/02/2022,Mexico,Violence against civilians,1,28.7044,-106.0382
11/26/2022,Mexico,Violence against civilians,1,28.7044,-106.0382
12/03/2022,Mexico,Violence against civilians,2,28.7044,-106.0382
04/08/2023,Mexico,Violence against civilians,1,28.7044,-106.0382
07/29/2023,Mexico,Violence against civilians,1,28.7044,-106.0382
08/19/2023,Mexico,Violence against civilians,1,28.7044,-106.0382
10/14/2023,Mexico,Violence against civilians,1,28.7044,-106.0382
11/18/2023,Mexico,Violence against civilians,1,28.7044,-106.0382
01/13/2024,Mexico,Violence against civilians,1,28.7044,-106.0382
05/04/2024,Mexico,Violence against civilians,2,28.7044,-106.0382
07/06/2024,Mexico,Violence against civilians,1,28.7044,-106.0382
08/03/2024,Mexico,Violence against civilians,1,28.7044,-106.0382
10/26/2024,Mexico,Violence against civilians,1,28.7044,-106.0382
11/23/2024,Mexico,Violence against civilians,1,28.7044,-106.0382
12/14/2024,Mexico,Violence against civilians,1,28.7044,-106.0382
01/18/2025,Mexico,Violence against civilians,2,28.7044,-106.0382
03/29/2025,Mexico,Violence against civilians,1,28.7044,-106.0382
04/05/2025,Mexico,Violence against civilians,1,28.7044,-106.0382
05/31/2025,Mexico,Violence against civilians,2,28.7044,-106.0382
07/26/2025,Mexico,Violence against civilians,1,28.7044,-106.0382
08/02/2025,Mexico,Violence against civilians,1,28.7044,-106.0382
08/09/2025,Mexico,Violence against civilians,1,28.7044,-106.0382
08/16/2025,Mexico,Violence against civilians,1,28.7044,-106.0382
09/13/2025,Mexico,Violence against civilians,1,28.7044,-106.0382
12/30/2017,Mexico,Violence against civilians,12,28.7044,-106.0382
01/06/2018,Mexico,Violence against civilians,6,28.7044,-106.0382
01/13/2018,Mexico,Violence against civilians,3,28.7044,-106.0382
01/20/2018,Mexico,Violence against civilians,2,28.7044,-106.0382
01/27/2018,Mexico,Violence against civilians,6,28.7044,-106.0382
02/03/2018,Mexico,Violence against civilians,6,28.7044,-106.0382
02/10/2018,Mexico,Violence against civilians,4,28.7044,-106.0382
02/17/2018,Mexico,Violence against civilians,5,28.7044,-106.0382
02/24/2018,Mexico,Violence against civilians,5,28.7044,-106.0382
03/03/2018,Mexico,Violence against civilians,7,28.7044,-106.0382
03/10/2018,Mexico,Violence against civilians,11,28.7044,-106.0382
03/17/2018,Mexico,Violence against civilians,4,28.7044,-106.0382
03/31/2018,Mexico,Violence against civilians,1,28.7044,-106.0382
04/14/2018,Mexico,Violence against civilians,2,28.7044,-106.0382
04/21/2018,Mexico,Violence against civilians,3,28.7044,-106.0382
04/28/2018,Mexico,Violence against civilians,2,28.7044,-106.0382
05/05/2018,Mexico,Violence against civilians,9,28.7044,-106.0382
05/12/2018,Mexico,Violence against civilians,2,28.7044,-106.0382
05/19/2018,Mexico,Violence against civilians,3,28.7044,-106.0382
05/26/2018,Mexico,Violence against civilians,9,28.7044,-106.0382
06/02/2018,Mexico,Violence against civilians,4,28.7044,-106.0382
06/09/2018,Mexico,Violence against civilians,7,28.7044,-106.0382
06/16/2018,Mexico,Violence against civilians,4,28.7044,-106.0382
06/23/2018,Mexico,Violence against civilians,6,28.7044,-106.0382
06/30/2018,Mexico,Violence against civilians,3,28.7044,-106.0382
07/07/2018,Mexico,Violence against civilians,6,28.7044,-106.0382
07/14/2018,Mexico,Violence against civilians,4,28.7044,-106.0382
07/21/2018,Mexico,Violence against civilians,7,28.7044,-106.0382
07/28/2018,Mexico,Violence against civilians,1,28.7044,-106.0382
08/04/2018,Mexico,Violence against civilians,3,28.7044,-106.0382
08/11/2018,Mexico,Violence against civilians,9,28.7044,-106.0382
08/18/2018,Mexico,Violence against civilians,7,28.7044,-106.0382
08/25/2018,Mexico,Violence against civilians,10,28.7044,-106.0382
09/01/2018,Mexico,Violence against civilians,4,28.7044,-106.0382
09/08/2018,Mexico,Violence against civilians,3,28.7044,-106.0382
09/15/2018,Mexico,Violence against civilians,3,28.7044,-106.0382
09/22/2018,Mexico,Violence against civilians,4,28.7044,-106.0382
09/29/2018,Mexico,Violence against civilians,1,28.7044,-106.0382
10/06/2018,Mexico,Violence against civilians,2,28.7044,-106.0382
10/13/2018,Mexico,Violence against civilians,2,28.7044,-106.0382
10/20/2018,Mexico,Violence against civilians,3,28.7044,-106.0382
10/27/2018,Mexico,Violence against civilians,2,28.7044,-106.0382
11/03/2018,Mexico,Violence against civilians,4,28.7044,-106.0382
11/10/2018,Mexico,Violence against civilians,4,28.7044,-106.0382
11/17/2018,Mexico,Violence against civilians,5,28.7044,-106.0382
11/24/2018,Mexico,Violence against civilians,2,28.7044,-106.0382
12/01/2018,Mexico,Violence against civilians,6,28.7044,-106.0382
12/08/2018,Mexico,Violence against civilians,4,28.7044,-106.0382
12/22/2018,Mexico,Violence against civilians,1,28.7044,-106.0382
12/29/2018,Mexico,Violence against civilians,3,28.7044,-106.0382
01/05/2019,Mexico,Violence against civilians,1,28.7044,-106.0382
01/12/2019,Mexico,Violence against civilians,3,28.7044,-106.0382
01/19/2019,Mexico,Violence against civilians,3,28.7044,-106.0382
01/26/2019,Mexico,Violence against civilians,2,28.7044,-106.0382
02/02/2019,Mexico,Violence against civilians,6,28.7044,-106.0382
02/09/2019,Mexico,Violence against civilians,8,28.7044,-106.0382
02/23/2019,Mexico,Violence against civilians,7,28.7044,-106.0382
03/02/2019,Mexico,Violence against civilians,4,28.7044,-106.0382
03/16/2019,Mexico,Violence against civilians,4,28.7044,-106.0382
03/23/2019,Mexico,Violence against civilians,4,28.7044,-106.0382
03/30/2019,Mexico,Violence against civilians,1,28.7044,-106.0382
04/06/2019,Mexico,Violence against civilians,3,28.7044,-106.0382
04/13/2019,Mexico,Violence against civilians,12,28.7044,-106.0382
04/20/2019,Mexico,Violence against civilians,7,28.7044,-106.0382
04/27/2019,Mexico,Violence against civilians,2,28.7044,-106.0382
05/04/2019,Mexico,Violence against civilians,2,28.7044,-106.0382
05/11/2019,Mexico,Violence against civilians,4,28.7044,-106.0382
05/18/2019,Mexico,Violence against civilians,6,28.7044,-106.0382
05/25/2019,Mexico,Violence against civilians,3,28.7044,-106.0382
06/08/2019,Mexico,Violence against civilians,7,28.7044,-106.0382
06/15/2019,Mexico,Violence against civilians,4,28.7044,-106.0382
06/22/2019,Mexico,Violence against civilians,1,28.7044,-106.0382
06/29/2019,Mexico,Violence against civilians,1,28.7044,-106.0382
07/06/2019,Mexico,Violence against civilians,3,28.7044,-106.0382
07/13/2019,Mexico,Violence against civilians,4,28.7044,-106.0382
07/20/2019,Mexico,Violence against civilians,2,28.7044,-106.0382
07/27/2019,Mexico,Violence against civilians,3,28.7044,-106.0382
08/03/2019,Mexico,Violence against civilians,1,28.7044,-106.0382
08/10/2019,Mexico,Violence against civilians,1,28.7044,-106.0382
08/17/2019,Mexico,Violence against civilians,2,28.7044,-106.0382
08/24/2019,Mexico,Violence against civilians,3,28.7044,-106.0382
08/31/2019,Mexico,Violence against civilians,4,28.7044,-106.0382
09/14/2019,Mexico,Violence against civilians,1,28.7044,-106.0382
09/21/2019,Mexico,Violence against civilians,2,28.7044,-106.0382
09/28/2019,Mexico,Violence against civilians,2,28.7044,-106.0382
10/05/2019,Mexico,Violence against civilians,1,28.7044,-106.0382
10/12/2019,Mexico,Violence against civilians,2,28.7044,-106.0382
10/19/2019,Mexico,Violence against civilians,1,28.7044,-106.0382
10/26/2019,Mexico,Violence against civilians,3,28.7044,-106.0382
11/02/2019,Mexico,Violence against civilians,5,28.7044,-106.0382
11/09/2019,Mexico,Violence against civilians,2,28.7044,-106.0382
11/16/2019,Mexico,Violence against civilians,2,28.7044,-106.0382
11/23/2019,Mexico,Violence against civilians,1,28.7044,-106.0382
11/30/2019,Mexico,Violence against civilians,6,28.7044,-106.0382
12/14/2019,Mexico,Violence against civilians,2,28.7044,-106.0382
12/21/2019,Mexico,Violence against civilians,1,28.7044,-106.0382
12/28/2019,Mexico,Violence against civilians,2,28.7044,-106.0382
01/11/2020,Mexico,Violence against civilians,1,28.7044,-106.0382
01/18/2020,Mexico,Violence against civilians,5,28.7044,-106.0382
01/25/2020,Mexico,Violence against civilians,4,28.7044,-106.0382
02/01/2020,Mexico,Violence against civilians,1,28.7044,-106.0382
02/08/2020,Mexico,Violence against civilians,1,28.7044,-106.0382
02/15/2020,Mexico,Violence against civilians,5,28.7044,-106.0382
02/22/2020,Mexico,Violence against civilians,2,28.7044,-106.0382
02/29/2020,Mexico,Violence against civilians,2,28.7044,-106.0382
03/07/2020,Mexico,Violence against civilians,5,28.7044,-106.0382
03/14/2020,Mexico,Violence against civilians,1,28.7044,-106.0382
03/21/2020,Mexico,Violence against civilians,1,28.7044,-106.0382
03/28/2020,Mexico,Violence against civilians,2,28.7044,-106.0382
04/04/2020,Mexico,Violence against civilians,2,28.7044,-106.0382
04/11/2020,Mexico,Violence against civilians,3,28.7044,-106.0382
04/18/2020,Mexico,Violence against civilians,4,28.7044,-106.0382
04/25/2020,Mexico,Violence against civilians,4,28.7044,-106.0382
05/02/2020,Mexico,Violence against civilians,2,28.7044,-106.0382
05/09/2020,Mexico,Violence against civilians,1,28.7044,-106.0382
05/16/2020,Mexico,Violence against civilians,2,28.7044,-106.0382
05/23/2020,Mexico,Violence against civilians,3,28.7044,-106.0382
05/30/2020,Mexico,Violence against civilians,1,28.7044,-106.0382
06/06/2020,Mexico,Violence against civilians,3,28.7044,-106.0382
06/13/2020,Mexico,Violence against civilians,3,28.7044,-106.0382
06/20/2020,Mexico,Violence against civilians,3,28.7044,-106.0382
06/27/2020,Mexico,Violence against civilians,3,28.7044,-106.0382
07/04/2020,Mexico,Violence against civilians,2,28.7044,-106.0382
07/11/2020,Mexico,Violence against civilians,2,28.7044,-106.0382
07/18/2020,Mexico,Violence against civilians,2,28.7044,-106.0382
07/25/2020,Mexico,Violence against civilians,1,28.7044,-106.0382
08/01/2020,Mexico,Violence against civilians,1,28.7044,-106.0382
08/22/2020,Mexico,Violence against civilians,1,28.7044,-106.0382
08/29/2020,Mexico,Violence against civilians,3,28.7044,-106.0382
09/19/2020,Mexico,Violence against civilians,2,28.7044,-106.0382
09/26/2020,Mexico,Violence against civilians,2,28.7044,-106.0382
10/03/2020,Mexico,Violence against civilians,1,28.7044,-106.0382
10/10/2020,Mexico,Violence against civilians,2,28.7044,-106.0382
10/17/2020,Mexico,Violence against civilians,2,28.7044,-106.0382
10/24/2020,Mexico,Violence against civilians,2,28.7044,-106.0382
10/31/2020,Mexico,Violence against civilians,3,28.7044,-106.0382
11/07/2020,Mexico,Violence against civilians,1,28.7044,-106.0382
11/14/2020,Mexico,Violence against civilians,2,28.7044,-106.0382
12/05/2020,Mexico,Violence against civilians,4,28.7044,-106.0382
12/12/2020,Mexico,Violence against civilians,2,28.7044,-106.0382
12/19/2020,Mexico,Violence against civilians,2,28.7044,-106.0382
12/26/2020,Mexico,Violence against civilians,1,28.7044,-106.0382
01/02/2021,Mexico,Violence against civilians,3,28.7044,-106.0382
01/16/2021,Mexico,Violence against civilians,1,28.7044,-106.0382
01/23/2021,Mexico,Violence against civilians,4,28.7044,-106.0382
01/30/2021,Mexico,Violence against civilians,3,28.7044,-106.0382
02/06/2021,Mexico,Violence against civilians,6,28.7044,-106.0382
02/20/2021,Mexico,Violence against civilians,6,28.7044,-106.0382
02/27/2021,Mexico,Violence against civilians,4,28.7044,-106.0382
03/06/2021,Mexico,Violence against civilians,3,28.7044,-106.0382
03/13/2021,Mexico,Violence against civilians,1,28.7044,-106.0382
03/20/2021,Mexico,Violence against civilians,1,28.7044,-106.0382
04/03/2021,Mexico,Violence against civilians,4,28.7044,-106.0382
04/10/2021,Mexico,Violence against civilians,2,28.7044,-106.0382
04/17/2021,Mexico,Violence against civilians,3,28.7044,-106.0382
04/24/2021,Mexico,Violence against civilians,2,28.7044,-106.0382
05/01/2021,Mexico,Violence against civilians,3,28.7044,-106.0382
05/08/2021,Mexico,Violence against civilians,1,28.7044,-106.0382
05/15/2021,Mexico,Violence against civilians,4,28.7044,-106.0382
05/29/2021,Mexico,Violence against civilians,1,28.7044,-106.0382
06/05/2021,Mexico,Violence against civilians,4,28.7044,-106.0382
06/12/2021,Mexico,Violence against civilians,3,28.7044,-106.0382
06/19/2021,Mexico,Violence against civilians,1,28.7044,-106.0382
06/26/2021,Mexico,Violence against civilians,2,28.7044,-106.0382
07/03/2021,Mexico,Violence against civilians,1,28.7044,-106.0382
07/10/2021,Mexico,Violence against civilians,2,28.7044,-106.0382
07/17/2021,Mexico,Violence against civilians,4,28.7044,-106.0382
07/24/2021,Mexico,Violence against civilians,1,28.7044,-106.0382
07/31/2021,Mexico,Violence against civilians,3,28.7044,-106.0382
08/07/2021,Mexico,Violence against civilians,2,28.7044,-106.0382
08/14/2021,Mexico,Violence against civilians,1,28.7044,-106.0382
08/21/2021,Mexico,Violence against civilians,3,28.7044,-106.0382
08/28/2021,Mexico,Violence against civilians,5,28.7044,-106.0382
09/04/2021,Mexico,Violence against civilians,4,28.7044,-106.0382
09/11/2021,Mexico,Violence against civilians,1,28.7044,-106.0382
09/18/2021,Mexico,Violence against civilians,6,28.7044,-106.0382
09/25/2021,Mexico,Violence against civilians,3,28.7044,-106.0382
10/02/2021,Mexico,Violence against civilians,4,28.7044,-106.0382
10/09/2021,Mexico,Violence against civilians,3,28.7044,-106.0382
10/16/2021,Mexico,Violence against civilians,1,28.7044,-106.0382
10/23/2021,Mexico,Violence against civilians,3,28.7044,-106.0382
10/30/2021,Mexico,Violence against civilians,1,28.7044,-106.0382
11/13/2021,Mexico,Violence against civilians,6,28.7044,-106.0382
11/20/2021,Mexico,Violence against civilians,2,28.7044,-106.0382
11/27/2021,Mexico,Violence against civilians,3,28.7044,-106.0382
12/04/2021,Mexico,Violence against civilians,1,28.7044,-106.0382
12/11/2021,Mexico,Violence against civilians,2,28.7044,-106.0382
12/18/2021,Mexico,Violence against civilians,6,28.7044,-106.0382
12/25/2021,Mexico,Violence against civilians,5,28.7044,-106.0382
01/01/2022,Mexico,Violence against civilians,3,28.7044,-106.0382
01/08/2022,Mexico,Violence against civilians,1,28.7044,-106.0382
01/15/2022,Mexico,Violence against civilians,6,28.7044,-106.0382
01/22/2022,Mexico,Violence against civilians,4,28.7044,-106.0382
01/29/2022,Mexico,Violence against civilians,3,28.7044,-106.0382
02/05/2022,Mexico,Violence against civilians,3,28.7044,-106.0382
02/12/2022,Mexico,Violence against civilians,3,28.7044,-106.0382
02/19/2022,Mexico,Violence against civilians,3,28.7044,-106.0382
02/26/2022,Mexico,Violence against civilians,2,28.7044,-106.0382
03/05/2022,Mexico,Violence against civilians,3,28.7044,-106.0382
03/12/2022,Mexico,Violence against civilians,2,28.7044,-106.0382
03/19/2022,Mexico,Violence against civilians,2,28.7044,-106.0382
03/26/2022,Mexico,Violence against civilians,2,28.7044,-106.0382
04/02/2022,Mexico,Violence against civilians,3,28.7044,-106.0382
04/09/2022,Mexico,Violence against civilians,1,28.7044,-106.0382
04/16/2022,Mexico,Violence against civilians,3,28.7044,-106.0382
04/23/2022,Mexico,Violence against civilians,3,28.7044,-106.0382
04/30/2022,Mexico,Violence against civilians,2,28.7044,-106.0382
05/07/2022,Mexico,Violence against civilians,5,28.7044,-106.0382
05/14/2022,Mexico,Violence against civilians,4,28.7044,-106.0382
05/21/2022,Mexico,Violence against civilians,4,28.7044,-106.0382
05/28/2022,Mexico,Violence against civilians,4,28.7044,-106.0382
06/04/2022,Mexico,Violence against civilians,4,28.7044,-106.0382
06/11/2022,Mexico,Violence against civilians,8,28.7044,-106.0382
06/18/2022,Mexico,Violence against civilians,4,28.7044,-106.0382
06/25/2022,Mexico,Violence against civilians,6,28.7044,-106.0382
07/02/2022,Mexico,Violence against civilians,2,28.7044,-106.0382
07/09/2022,Mexico,Violence against civilians,4,28.7044,-106.0382
07/16/2022,Mexico,Violence against civilians,3,28.7044,-106.0382
07/23/2022,Mexico,Violence against civilians,3,28.7044,-106.0382
07/30/2022,Mexico,Violence against civilians,8,28.7044,-106.0382
08/06/2022,Mexico,Violence against civilians,5,28.7044,-106.0382
08/13/2022,Mexico,Violence against civilians,2,28.7044,-106.0382
08/20/2022,Mexico,Violence against civilians,4,28.7044,-106.0382
08/27/2022,Mexico,Violence against civilians,3,28.7044,-106.0382
09/03/2022,Mexico,Violence against civilians,3,28.7044,-106.0382
09/10/2022,Mexico,Violence against civilians,3,28.7044,-106.0382
09/17/2022,Mexico,Violence against civilians,3,28.7044,-106.0382
09/24/2022,Mexico,Violence against civilians,1,28.7044,-106.0382
10/01/2022,Mexico,Violence against civilians,1,28.7044,-106.0382
10/08/2022,Mexico,Violence against civilians,3,28.7044,-106.0382
10/15/2022,Mexico,Violence against civilians,3,28.7044,-106.0382
10/22/2022,Mexico,Violence against civilians,3,28.7044,-106.0382
10/29/2022,Mexico,Violence against civilians,6,28.7044,-106.0382
11/05/2022,Mexico,Violence against civilians,4,28.7044,-106.0382
11/12/2022,Mexico,Violence against civilians,2,28.7044,-106.0382
11/19/2022,Mexico,Violence against civilians,4,28.7044,-106.0382
11/26/2022,Mexico,Violence against civilians,2,28.7044,-106.0382
12/03/2022,Mexico,Violence against civilians,3,28.7044,-106.0382
12/10/2022,Mexico,Violence against civilians,2,28.7044,-106.0382
12/17/2022,Mexico,Violence against civilians,1,28.7044,-106.0382
12/24/2022,Mexico,Violence against civilians,2,28.7044,-106.0382
12/31/2022,Mexico,Violence against civilians,2,28.7044,-106.0382
01/07/2023,Mexico,Violence against civilians,4,28.7044,-106.0382
01/14/2023,Mexico,Violence against civilians,1,28.7044,-106.0382
01/21/2023,Mexico,Violence against civilians,2,28.7044,-106.0382
01/28/2023,Mexico,Violence against civilians,3,28.7044,-106.0382
02/04/2023,Mexico,Violence against civilians,4,28.7044,-106.0382
02/11/2023,Mexico,Violence against civilians,7,28.7044,-106.0382
02/18/2023,Mexico,Violence against civilians,3,28.7044,-106.0382
02/25/2023,Mexico,Violence against civilians,2,28.7044,-106.0382
03/04/2023,Mexico,Violence against civilians,4,28.7044,-106.0382
03/11/2023,Mexico,Violence against civilians,1,28.7044,-106.0382
03/18/2023,Mexico,Violence against civilians,2,28.7044,-106.0382
03/25/2023,Mexico,Violence against civilians,5,28.7044,-106.0382
04/01/2023,Mexico,Violence against civilians,2,28.7044,-106.0382
04/08/2023,Mexico,Violence against civilians,2,28.7044,-106.0382
04/15/2023,Mexico,Violence against civilians,1,28.7044,-106.0382
04/22/2023,Mexico,Violence against civilians,4,28.7044,-106.0382
04/29/2023,Mexico,Violence against civilians,4,28.7044,-106.0382
05/06/2023,Mexico,Violence against civilians,2,28.7044,-106.0382
05/13/2023,Mexico,Violence against civilians,3,28.7044,-106.0382
05/20/2023,Mexico,Violence against civilians,4,28.7044,-106.0382
05/27/2023,Mexico,Violence against civilians,3,28.7044,-106.0382
06/03/2023,Mexico,Violence against civilians,1,28.7044,-106.0382
06/10/2023,Mexico,Violence against civilians,1,28.7044,-106.0382
06/17/2023,Mexico,Violence against civilians,1,28.7044,-106.0382
06/24/2023,Mexico,Violence against civilians,5,28.7044,-106.0382
07/08/2023,Mexico,Violence against civilians,3,28.7044,-106.0382
07/15/2023,Mexico,Violence against civilians,1,28.7044,-106.0382
07/22/2023,Mexico,Violence against civilians,2,28.7044,-106.0382
07/29/2023,Mexico,Violence against civilians,5,28.7044,-106.0382
08/05/2023,Mexico,Violence against civilians,2,28.7044,-106.0382
08/12/2023,Mexico,Violence against civilians,3,28.7044,-106.0382
08/26/2023,Mexico,Violence against civilians,4,28.7044,-106.0382
09/02/2023,Mexico,Violence against civilians,1,28.7044,-106.0382
09/09/2023,Mexico,Violence against civilians,2,28.7044,-106.0382
09/16/2023,Mexico,Violence against civilians,2,28.7044,-106.0382
09/23/2023,Mexico,Violence against civilians,4,28.7044,-106.0382
09/30/2023,Mexico,Violence against civilians,4,28.7044,-106.0382
10/07/2023,Mexico,Violence against civilians,2,28.7044,-106.0382
10/14/2023,Mexico,Violence against civilians,1,28.7044,-106.0382
10/21/2023,Mexico,Violence against civilians,1,28.7044,-106.0382
10/28/2023,Mexico,Violence against civilians,1,28.7044,-106.0382
11/04/2023,Mexico,Violence against civilians,2,28.7044,-106.0382
11/11/2023,Mexico,Violence against civilians,4,28.7044,-106.0382
11/25/2023,Mexico,Violence against civilians,2,28.7044,-106.0382
12/09/2023,Mexico,Violence against civilians,3,28.7044,-106.0382
12/16/2023,Mexico,Violence against civilians,3,28.7044,-106.0382
12/23/2023,Mexico,Violence against civilians,5,28.7044,-106.0382
12/30/2023,Mexico,Violence against civilians,1,28.7044,-106.0382
01/06/2024,Mexico,Violence against civilians,1,28.7044,-106.0382
01/13/2024,Mexico,Violence against civilians,6,28.7044,-106.0382
01/20/2024,Mexico,Violence against civilians,2,28.7044,-106.0382
01/27/2024,Mexico,Violence against civilians,4,28.7044,-106.0382
02/03/2024,Mexico,Violence against civilians,5,28.7044,-106.0382
02/10/2024,Mexico,Violence against civilians,1,28.7044,-106.0382
02/17/2024,Mexico,Violence against civilians,2,28.7044,-106.0382
02/24/2024,Mexico,Violence against civilians,1,28.7044,-106.0382
03/02/2024,Mexico,Violence against civilians,1,28.7044,-106.0382
03/09/2024,Mexico,Violence against civilians,3,28.7044,-106.0382
03/16/2024,Mexico,Violence against civilians,2,28.7044,-106.0382
03/23/2024,Mexico,Violence against civilians,1,28.7044,-106.0382
03/30/2024,Mexico,Violence against civilians,3,28.7044,-106.0382
04/06/2024,Mexico,Violence against civilians,2,28.7044,-106.0382
04/13/2024,Mexico,Violence against civilians,2,28.7044,-106.0382
04/20/2024,Mexico,Violence against civilians,3,28.7044,-106.0382
04/27/2024,Mexico,Violence against civilians,2,28.7044,-106.0382
05/04/2024,Mexico,Violence against civilians,3,28.7044,-106.0382
05/18/2024,Mexico,Violence against civilians,1,28.7044,-106.0382
05/25/2024,Mexico,Violence against civilians,4,28.7044,-106.0382
06/01/2024,Mexico,Violence against civilians,4,28.7044,-106.0382
06/08/2024,Mexico,Violence against civilians,4,28.7044,-106.0382
06/15/2024,Mexico,Violence against civilians,4,28.7044,-106.0382
06/22/2024,Mexico,Violence against civilians,5,28.7044,-106.0382
06/29/2024,Mexico,Violence against civilians,1,28.7044,-106.0382
07/06/2024,Mexico,Violence against civilians,5,28.7044,-106.0382
07/13/2024,Mexico,Violence against civilians,2,28.7044,-106.0382
07/20/2024,Mexico,Violence against civilians,2,28.7044,-106.0382
07/27/2024,Mexico,Violence against civilians,1,28.7044,-106.0382
08/03/2024,Mexico,Violence against civilians,3,28.7044,-106.0382
08/10/2024,Mexico,Violence against civilians,5,28.7044,-106.0382
08/24/2024,Mexico,Violence against civilians,11,28.7044,-106.0382
08/31/2024,Mexico,Violence against civilians,3,28.7044,-106.0382
09/07/2024,Mexico,Violence against civilians,4,28.7044,-106.0382
09/14/2024,Mexico,Violence against civilians,5,28.7044,-106.0382
09/21/2024,Mexico,Violence against civilians,3,28.7044,-106.0382
09/28/2024,Mexico,Violence against civilians,6,28.7044,-106.0382
10/05/2024,Mexico,Violence against civilians,1,28.7044,-106.0382
10/12/2024,Mexico,Violence against civilians,4,28.7044,-106.0382
10/19/2024,Mexico,Violence against civilians,6,28.7044,-106.0382
10/26/2024,Mexico,Violence against civilians,3,28.7044,-106.0382
11/02/2024,Mexico,Violence against civilians,2,28.7044,-106.0382
11/09/2024,Mexico,Violence against civilians,4,28.7044,-106.0382
11/16/2024,Mexico,Violence against civilians,4,28.7044,-106.0382
11/23/2024,Mexico,Violence against civilians,3,28.7044,-106.0382
11/30/2024,Mexico,Violence against civilians,5,28.7044,-106.0382
12/07/2024,Mexico,Violence against civilians,1,28.7044,-106.0382
12/14/2024,Mexico,Violence against civilians,1,28.7044,-106.0382
12/21/2024,Mexico,Violence against civilians,3,28.7044,-106.0382
12/28/2024,Mexico,Violence against civilians,4,28.7044,-106.0382
01/04/2025,Mexico,Violence against civilians,5,28.7044,-106.0382
01/11/2025,Mexico,Violence against civilians,8,28.7044,-106.0382
01/18/2025,Mexico,Violence against civilians,3,28.7044,-106.0382
01/25/2025,Mexico,Violence against civilians,3,28.7044,-106.0382
02/01/2025,Mexico,Violence against civilians,1,28.7044,-106.0382
02/08/2025,Mexico,Violence against civilians,4,28.7044,-106.0382
02/15/2025,Mexico,Violence against civilians,2,28.7044,-106.0382
02/22/2025,Mexico,Violence against civilians,3,28.7044,-106.0382
03/01/2025,Mexico,Violence against civilians,4,28.7044,-106.0382
03/08/2025,Mexico,Violence against civilians,3,28.7044,-106.0382
03/15/2025,Mexico,Violence against civilians,3,28.7044,-106.0382
03/22/2025,Mexico,Violence against civilians,1,28.7044,-106.0382
04/05/2025,Mexico,Violence against civilians,1,28.7044,-106.0382
04/12/2025,Mexico,Violence against civilians,2,28.7044,-106.0382
04/19/2025,Mexico,Violence against civilians,7,28.7044,-106.0382
05/03/2025,Mexico,Violence against civilians,1,28.7044,-106.0382
05/10/2025,Mexico,Violence against civilians,2,28.7044,-106.0382
05/17/2025,Mexico,Violence against civilians,2,28.7044,-106.0382
05/24/2025,Mexico,Violence against civilians,2,28.7044,-106.0382
05/31/2025,Mexico,Violence against civilians,2,28.7044,-106.0382
06/07/2025,Mexico,Violence against civilians,6,28.7044,-106.0382
06/14/2025,Mexico,Violence against civilians,3,28.7044,-106.0382
06/21/2025,Mexico,Violence against civilians,2,28.7044,-106.0382
06/28/2025,Mexico,Violence against civilians,1,28.7044,-106.0382
07/05/2025,Mexico,Violence against civilians,3,28.7044,-106.0382
07/12/2025,Mexico,Violence against civilians,8,28.7044,-106.0382
07/19/2025,Mexico,Violence against civilians,3,28.7044,-106.0382
07/26/2025,Mexico,Violence against civilians,2,28.7044,-106.0382
08/02/2025,Mexico,Violence against civilians,3,28.7044,-106.0382
08/09/2025,Mexico,Violence against civilians,3,28.7044,-106.0382
08/23/2025,Mexico,Violence against civilians,4,28.7044,-106.0382
08/30/2025,Mexico,Violence against civilians,1,28.7044,-106.0382
09/06/2025,Mexico,Violence against civilians,2,28.7044,-106.0382
09/13/2025,Mexico,Violence against civilians,2,28.7044,-106.0382
09/20/2025,Mexico,Violence against civilians,3,28.7044,-106.0382
09/27/2025,Mexico,Violence against civilians,2,28.7044,-106.0382
10/04/2025,Mexico,Violence against civilians,3,28.7044,-106.0382
10/11/2025,Mexico,Violence against civilians,1,28.7044,-106.0382
07/14/2018,Mexico,Violence against civilians,1,28.7044,-106.0382
09/28/2019,Mexico,Violence against civilians,1,28.7044,-106.0382
04/29/2023,Mexico,Violence against civilians,1,28.7044,-106.0382
04/12/2025,Mexico,Violence against civilians,1,28.7044,-106.0382
05/10/2025,Mexico,Violence against civilians,1,28.7044,-106.0382
06/07/2025,Mexico,Violence against civilians,1,28.7044,-106.0382
07/19/2025,Mexico,Violence against civilians,1,28.7044,-106.0382
09/06/2025,Mexico,Violence against civilians,1,28.7044,-106.0382
09/03/2022,Mexico,Explosions/Remote violence,1,19.32,-99.1522
05/25/2019,Mexico,Explosions/Remote violence,2,19.32,-99.1522
12/30/2017,Mexico,Riots,1,19.32,-99.1522
01/06/2018,Mexico,Riots,1,19.32,-99.1522
01/13/2018,Mexico,Riots,2,19.32,-99.1522
01/20/2018,Mexico,Riots,2,19.32,-99.1522
01/27/2018,Mexico,Riots,1,19.32,-99.1522
02/03/2018,Mexico,Riots,1,19.32,-99.1522
02/10/2018,Mexico,Riots,1,19.32,-99.1522
02/17/2018,Mexico,Riots,1,19.32,-99.1522
03/03/2018,Mexico,Riots,2,19.32,-99.1522
03/10/2018,Mexico,Riots,1,19.32,-99.1522
03/17/2018,Mexico,Riots,2,19.32,-99.1522
03/31/2018,Mexico,Riots,1,19.32,-99.1522
04/07/2018,Mexico,Riots,1,19.32,-99.1522
04/21/2018,Mexico,Riots,1,19.32,-99.1522
04/28/2018,Mexico,Riots,1,19.32,-99.1522
05/05/2018,Mexico,Riots,2,19.32,-99.1522
05/12/2018,Mexico,Riots,2,19.32,-99.1522
05/19/2018,Mexico,Riots,1,19.32,-99.1522
06/02/2018,Mexico,Riots,2,19.32,-99.1522
06/09/2018,Mexico,Riots,2,19.32,-99.1522
06/16/2018,Mexico,Riots,1,19.32,-99.1522
06/30/2018,Mexico,Riots,1,19.32,-99.1522
07/07/2018,Mexico,Riots,1,19.32,-99.1522
07/21/2018,Mexico,Riots,2,19.32,-99.1522
08/04/2018,Mexico,Riots,1,19.32,-99.1522
08/18/2018,Mexico,Riots,1,19.32,-99.1522
09/01/2018,Mexico,Riots,1,19.32,-99.1522
09/08/2018,Mexico,Riots,4,19.32,-99.1522
09/15/2018,Mexico,Riots,2,19.32,-99.1522
09/22/2018,Mexico,Riots,2,19.32,-99.1522
09/29/2018,Mexico,Riots,3,19.32,-99.1522
10/06/2018,Mexico,Riots,4,19.32,-99.1522
10/13/2018,Mexico,Riots,2,19.32,-99.1522
10/27/2018,Mexico,Riots,1,19.32,-99.1522
11/10/2018,Mexico,Riots,1,19.32,-99.1522
11/17/2018,Mexico,Riots,2,19.32,-99.1522
11/24/2018,Mexico,Riots,1,19.32,-99.1522
12/01/2018,Mexico,Riots,1,19.32,-99.1522
12/08/2018,Mexico,Riots,1,19.32,-99.1522
01/05/2019,Mexico,Riots,1,19.32,-99.1522
01/12/2019,Mexico,Riots,2,19.32,-99.1522
01/19/2019,Mexico,Riots,1,19.32,-99.1522
02/02/2019,Mexico,Riots,4,19.32,-99.1522
02/09/2019,Mexico,Riots,1,19.32,-99.1522
02/16/2019,Mexico,Riots,1,19.32,-99.1522
02/23/2019,Mexico,Riots,2,19.32,-99.1522
03/02/2019,Mexico,Riots,1,19.32,-99.1522
03/09/2019,Mexico,Riots,1,19.32,-99.1522
03/16/2019,Mexico,Riots,3,19.32,-99.1522
03/23/2019,Mexico,Riots,1,19.32,-99.1522
03/30/2019,Mexico,Riots,1,19.32,-99.1522
04/06/2019,Mexico,Riots,2,19.32,-99.1522
04/20/2019,Mexico,Riots,1,19.32,-99.1522
04/27/2019,Mexico,Riots,1,19.32,-99.1522
05/04/2019,Mexico,Riots,1,19.32,-99.1522
05/25/2019,Mexico,Riots,1,19.32,-99.1522
06/01/2019,Mexico,Riots,1,19.32,-99.1522
07/06/2019,Mexico,Riots,1,19.32,-99.1522
07/13/2019,Mexico,Riots,1,19.32,-99.1522
08/10/2019,Mexico,Riots,1,19.32,-99.1522
08/24/2019,Mexico,Riots,1,19.32,-99.1522
08/31/2019,Mexico,Riots,1,19.32,-99.1522
09/07/2019,Mexico,Riots,2,19.32,-99.1522
09/14/2019,Mexico,Riots,1,19.32,-99.1522
09/21/2019,Mexico,Riots,4,19.32,-99.1522
10/05/2019,Mexico,Riots,1,19.32,-99.1522
10/12/2019,Mexico,Riots,2,19.32,-99.1522
11/09/2019,Mexico,Riots,1,19.32,-99.1522
11/16/2019,Mexico,Riots,1,19.32,-99.1522
11/23/2019,Mexico,Riots,1,19.32,-99.1522
12/14/2019,Mexico,Riots,3,19.32,-99.1522
01/11/2020,Mexico,Riots,1,19.32,-99.1522
01/18/2020,Mexico,Riots,1,19.32,-99.1522
01/25/2020,Mexico,Riots,2,19.32,-99.1522
02/08/2020,Mexico,Riots,2,19.32,-99.1522
02/15/2020,Mexico,Riots,1,19.32,-99.1522
02/22/2020,Mexico,Riots,2,19.32,-99.1522
03/21/2020,Mexico,Riots,1,19.32,-99.1522
04/11/2020,Mexico,Riots,2,19.32,-99.1522
05/16/2020,Mexico,Riots,1,19.32,-99.1522
05/23/2020,Mexico,Riots,2,19.32,-99.1522
06/06/2020,Mexico,Riots,1,19.32,-99.1522
06/20/2020,Mexico,Riots,1,19.32,-99.1522
07/11/2020,Mexico,Riots,2,19.32,-99.1522
07/18/2020,Mexico,Riots,1,19.32,-99.1522
07/25/2020,Mexico,Riots,1,19.32,-99.1522
08/01/2020,Mexico,Riots,2,19.32,-99.1522
08/08/2020,Mexico,Riots,1,19.32,-99.1522
08/15/2020,Mexico,Riots,1,19.32,-99.1522
08/22/2020,Mexico,Riots,1,19.32,-99.1522
08/29/2020,Mexico,Riots,1,19.32,-99.1522
09/05/2020,Mexico,Riots,1,19.32,-99.1522
09/19/2020,Mexico,Riots,2,19.32,-99.1522
10/24/2020,Mexico,Riots,1,19.32,-99.1522
12/12/2020,Mexico,Riots,1,19.32,-99.1522
12/19/2020,Mexico,Riots,2,19.32,-99.1522
01/09/2021,Mexico,Riots,1,19.32,-99.1522
01/23/2021,Mexico,Riots,1,19.32,-99.1522
01/30/2021,Mexico,Riots,1,19.32,-99.1522
02/13/2021,Mexico,Riots,1,19.32,-99.1522
03/13/2021,Mexico,Riots,1,19.32,-99.1522
03/27/2021,Mexico,Riots,2,19.32,-99.1522
04/10/2021,Mexico,Riots,1,19.32,-99.1522
04/17/2021,Mexico,Riots,2,19.32,-99.1522
06/12/2021,Mexico,Riots,2,19.32,-99.1522
07/03/2021,Mexico,Riots,1,19.32,-99.1522
07/24/2021,Mexico,Riots,1,19.32,-99.1522
08/07/2021,Mexico,Riots,1,19.32,-99.1522
09/18/2021,Mexico,Riots,1,19.32,-99.1522
09/25/2021,Mexico,Riots,3,19.32,-99.1522
10/23/2021,Mexico,Riots,1,19.32,-99.1522
11/06/2021,Mexico,Riots,1,19.32,-99.1522
11/13/2021,Mexico,Riots,1,19.32,-99.1522
11/20/2021,Mexico,Riots,1,19.32,-99.1522
12/25/2021,Mexico,Riots,1,19.32,-99.1522
01/15/2022,Mexico,Riots,3,19.32,-99.1522
01/22/2022,Mexico,Riots,1,19.32,-99.1522
01/29/2022,Mexico,Riots,1,19.32,-99.1522
02/12/2022,Mexico,Riots,1,19.32,-99.1522
02/26/2022,Mexico,Riots,2,19.32,-99.1522
04/09/2022,Mexico,Riots,1,19.32,-99.1522
04/23/2022,Mexico,Riots,2,19.32,-99.1522
04/30/2022,Mexico,Riots,2,19.32,-99.1522
05/21/2022,Mexico,Riots,1,19.32,-99.1522
05/28/2022,Mexico,Riots,1,19.32,-99.1522
06/25/2022,Mexico,Riots,1,19.32,-99.1522
10/15/2022,Mexico,Riots,1,19.32,-99.1522
10/22/2022,Mexico,Riots,2,19.32,-99.1522
10/29/2022,Mexico,Riots,3,19.32,-99.1522
11/26/2022,Mexico,Riots,1,19.32,-99.1522
12/03/2022,Mexico,Riots,1,19.32,-99.1522
02/11/2023,Mexico,Riots,1,19.32,-99.1522
02/18/2023,Mexico,Riots,1,19.32,-99.1522
03/04/2023,Mexico,Riots,1,19.32,-99.1522
03/11/2023,Mexico,Riots,1,19.32,-99.1522
03/25/2023,Mexico,Riots,2,19.32,-99.1522
04/01/2023,Mexico,Riots,1,19.32,-99.1522
04/15/2023,Mexico,Riots,1,19.32,-99.1522
05/06/2023,Mexico,Riots,3,19.32,-99.1522
05/13/2023,Mexico,Riots,1,19.32,-99.1522
05/20/2023,Mexico,Riots,1,19.32,-99.1522
05/27/2023,Mexico,Riots,1,19.32,-99.1522
06/24/2023,Mexico,Riots,2,19.32,-99.1522
07/01/2023,Mexico,Riots,1,19.32,-99.1522
07/08/2023,Mexico,Riots,3,19.32,-99.1522
08/19/2023,Mexico,Riots,1,19.32,-99.1522
08/26/2023,Mexico,Riots,1,19.32,-99.1522
10/14/2023,Mexico,Riots,1,19.32,-99.1522
10/21/2023,Mexico,Riots,1,19.32,-99.1522
10/28/2023,Mexico,Riots,2,19.32,-99.1522
11/18/2023,Mexico,Riots,3,19.32,-99.1522
12/09/2023,Mexico,Riots,1,19.32,-99.1522
12/16/2023,Mexico,Riots,1,19.32,-99.1522
02/24/2024,Mexico,Riots,2,19.32,-99.1522
03/02/2024,Mexico,Riots,1,19.32,-99.1522
03/16/2024,Mexico,Riots,2,19.32,-99.1522
03/23/2024,Mexico,Riots,1,19.32,-99.1522
04/06/2024,Mexico,Riots,1,19.32,-99.1522
05/11/2024,Mexico,Riots,2,19.32,-99.1522
06/01/2024,Mexico,Riots,2,19.32,-99.1522
06/08/2024,Mexico,Riots,1,19.32,-99.1522
06/29/2024,Mexico,Riots,2,19.32,-99.1522
07/13/2024,Mexico,Riots,1,19.32,-99.1522
07/20/2024,Mexico,Riots,2,19.32,-99.1522
07/27/2024,Mexico,Riots,1,19.32,-99.1522
08/17/2024,Mexico,Riots,1,19.32,-99.1522
09/21/2024,Mexico,Riots,2,19.32,-99.1522
09/28/2024,Mexico,Riots,1,19.32,-99.1522
10/19/2024,Mexico,Riots,2,19.32,-99.1522
10/26/2024,Mexico,Riots,1,19.32,-99.1522
12/14/2024,Mexico,Riots,1,19.32,-99.1522
01/04/2025,Mexico,Riots,1,19.32,-99.1522
01/11/2025,Mexico,Riots,2,19.32,-99.1522
01/18/2025,Mexico,Riots,2,19.32,-99.1522
01/25/2025,Mexico,Riots,1,19.32,-99.1522
02/01/2025,Mexico,Riots,2,19.32,-99.1522
02/15/2025,Mexico,Riots,1,19.32,-99.1522
03/08/2025,Mexico,Riots,1,19.32,-99.1522
03/15/2025,Mexico,Riots,1,19.32,-99.1522
03/29/2025,Mexico,Riots,1,19.32,-99.1522
05/17/2025,Mexico,Riots,1,19.32,-99.1522
06/21/2025,Mexico,Riots,1,19.32,-99.1522
07/26/2025,Mexico,Riots,1,19.32,-99.1522
08/02/2025,Mexico,Riots,1,19.32,-99.1522
08/16/2025,Mexico,Riots,1,19.32,-99.1522
08/23/2025,Mexico,Riots,2,19.32,-99.1522
09/06/2025,Mexico,Riots,2,19.32,-99.1522
09/13/2025,Mexico,Riots,1,19.32,-99.1522
10/04/2025,Mexico,Riots,1,19.32,-99.1522
10/11/2025,Mexico,Riots,1,19.32,-99.1522
01/20/2018,Mexico,Riots,1,19.32,-99.1522
01/27/2018,Mexico,Riots,1,19.32,-99.1522
02/10/2018,Mexico,Riots,3,19.32,-99.1522
04/21/2018,Mexico,Riots,2,19.32,-99.1522
04/28/2018,Mexico,Riots,1,19.32,-99.1522
06/02/2018,Mexico,Riots,5,19.32,-99.1522
08/25/2018,Mexico,Riots,1,19.32,-99.1522
09/01/2018,Mexico,Riots,2,19.32,-99.1522
09/08/2018,Mexico,Riots,2,19.32,-99.1522
09/15/2018,Mexico,Riots,1,19.32,-99.1522
09/22/2018,Mexico,Riots,1,19.32,-99.1522
09/29/2018,Mexico,Riots,2,19.32,-99.1522
10/06/2018,Mexico,Riots,1,19.32,-99.1522
10/13/2018,Mexico,Riots,1,19.32,-99.1522
11/17/2018,Mexico,Riots,1,19.32,-99.1522
12/08/2018,Mexico,Riots,3,19.32,-99.1522
03/30/2019,Mexico,Riots,2,19.32,-99.1522
05/25/2019,Mexico,Riots,2,19.32,-99.1522
06/01/2019,Mexico,Riots,1,19.32,-99.1522
06/15/2019,Mexico,Riots,1,19.32,-99.1522
06/29/2019,Mexico,Riots,1,19.32,-99.1522
08/10/2019,Mexico,Riots,3,19.32,-99.1522
08/31/2019,Mexico,Riots,3,19.32,-99.1522
09/21/2019,Mexico,Riots,1,19.32,-99.1522
09/28/2019,Mexico,Riots,3,19.32,-99.1522
10/05/2019,Mexico,Riots,3,19.32,-99.1522
10/19/2019,Mexico,Riots,2,19.32,-99.1522
10/26/2019,Mexico,Riots,1,19.32,-99.1522
11/02/2019,Mexico,Riots,2,19.32,-99.1522
11/09/2019,Mexico,Riots,4,19.32,-99.1522
11/23/2019,Mexico,Riots,1,19.32,-99.1522
01/25/2020,Mexico,Riots,3,19.32,-99.1522
02/01/2020,Mexico,Riots,2,19.32,-99.1522
02/08/2020,Mexico,Riots,2,19.32,-99.1522
02/15/2020,Mexico,Riots,2,19.32,-99.1522
02/29/2020,Mexico,Riots,1,19.32,-99.1522
03/07/2020,Mexico,Riots,2,19.32,-99.1522
03/14/2020,Mexico,Riots,2,19.32,-99.1522
05/30/2020,Mexico,Riots,2,19.32,-99.1522
06/06/2020,Mexico,Riots,1,19.32,-99.1522
07/25/2020,Mexico,Riots,1,19.32,-99.1522
08/01/2020,Mexico,Riots,1,19.32,-99.1522
08/15/2020,Mexico,Riots,1,19.32,-99.1522
08/22/2020,Mexico,Riots,1,19.32,-99.1522
09/05/2020,Mexico,Riots,1,19.32,-99.1522
09/12/2020,Mexico,Riots,1,19.32,-99.1522
09/19/2020,Mexico,Riots,2,19.32,-99.1522
09/26/2020,Mexico,Riots,2,19.32,-99.1522
10/10/2020,Mexico,Riots,2,19.32,-99.1522
10/24/2020,Mexico,Riots,2,19.32,-99.1522
10/31/2020,Mexico,Riots,1,19.32,-99.1522
11/07/2020,Mexico,Riots,1,19.32,-99.1522
11/14/2020,Mexico,Riots,1,19.32,-99.1522
11/21/2020,Mexico,Riots,2,19.32,-99.1522
12/12/2020,Mexico,Riots,1,19.32,-99.1522
01/23/2021,Mexico,Riots,1,19.32,-99.1522
02/13/2021,Mexico,Riots,1,19.32,-99.1522
02/27/2021,Mexico,Riots,3,19.32,-99.1522
03/06/2021,Mexico,Riots,1,19.32,-99.1522
03/20/2021,Mexico,Riots,1,19.32,-99.1522
03/27/2021,Mexico,Riots,2,19.32,-99.1522
05/22/2021,Mexico,Riots,1,19.32,-99.1522
05/29/2021,Mexico,Riots,3,19.32,-99.1522
06/26/2021,Mexico,Riots,1,19.32,-99.1522
07/10/2021,Mexico,Riots,2,19.32,-99.1522
07/17/2021,Mexico,Riots,2,19.32,-99.1522
08/14/2021,Mexico,Riots,1,19.32,-99.1522
09/04/2021,Mexico,Riots,1,19.32,-99.1522
09/18/2021,Mexico,Riots,2,19.32,-99.1522
09/25/2021,Mexico,Riots,3,19.32,-99.1522
10/02/2021,Mexico,Riots,1,19.32,-99.1522
10/09/2021,Mexico,Riots,2,19.32,-99.1522
10/16/2021,Mexico,Riots,1,19.32,-99.1522
10/30/2021,Mexico,Riots,1,19.32,-99.1522
11/06/2021,Mexico,Riots,1,19.32,-99.1522
11/13/2021,Mexico,Riots,1,19.32,-99.1522
11/20/2021,Mexico,Riots,2,19.32,-99.1522
11/27/2021,Mexico,Riots,1,19.32,-99.1522
01/08/2022,Mexico,Riots,2,19.32,-99.1522
01/29/2022,Mexico,Riots,1,19.32,-99.1522
02/19/2022,Mexico,Riots,1,19.32,-99.1522
03/05/2022,Mexico,Riots,1,19.32,-99.1522
03/19/2022,Mexico,Riots,1,19.32,-99.1522
04/16/2022,Mexico,Riots,1,19.32,-99.1522
05/28/2022,Mexico,Riots,1,19.32,-99.1522
07/30/2022,Mexico,Riots,1,19.32,-99.1522
08/20/2022,Mexico,Riots,1,19.32,-99.1522
09/03/2022,Mexico,Riots,1,19.32,-99.1522
09/17/2022,Mexico,Riots,1,19.32,-99.1522
09/24/2022,Mexico,Riots,2,19.32,-99.1522
10/01/2022,Mexico,Riots,1,19.32,-99.1522
10/08/2022,Mexico,Riots,1,19.32,-99.1522
10/22/2022,Mexico,Riots,1,19.32,-99.1522
10/29/2022,Mexico,Riots,1,19.32,-99.1522
11/19/2022,Mexico,Riots,3,19.32,-99.1522
11/26/2022,Mexico,Riots,3,19.32,-99.1522
12/10/2022,Mexico,Riots,1,19.32,-99.1522
12/17/2022,Mexico,Riots,1,19.32,-99.1522
01/07/2023,Mexico,Riots,1,19.32,-99.1522
01/14/2023,Mexico,Riots,2,19.32,-99.1522
02/18/2023,Mexico,Riots,1,19.32,-99.1522
03/04/2023,Mexico,Riots,1,19.32,-99.1522
03/25/2023,Mexico,Riots,1,19.32,-99.1522
04/15/2023,Mexico,Riots,1,19.32,-99.1522
05/06/2023,Mexico,Riots,2,19.32,-99.1522
06/03/2023,Mexico,Riots,2,19.32,-99.1522
07/15/2023,Mexico,Riots,1,19.32,-99.1522
07/29/2023,Mexico,Riots,1,19.32,-99.1522
09/02/2023,Mexico,Riots,1,19.32,-99.1522
09/23/2023,Mexico,Riots,2,19.32,-99.1522
09/30/2023,Mexico,Riots,2,19.32,-99.1522
10/07/2023,Mexico,Riots,2,19.32,-99.1522
10/14/2023,Mexico,Riots,2,19.32,-99.1522
11/04/2023,Mexico,Riots,1,19.32,-99.1522
11/11/2023,Mexico,Riots,2,19.32,-99.1522
11/25/2023,Mexico,Riots,2,19.32,-99.1522
12/02/2023,Mexico,Riots,1,19.32,-99.1522
01/06/2024,Mexico,Riots,1,19.32,-99.1522
01/20/2024,Mexico,Riots,1,19.32,-99.1522
01/27/2024,Mexico,Riots,1,19.32,-99.1522
02/24/2024,Mexico,Riots,3,19.32,-99.1522
03/02/2024,Mexico,Riots,3,19.32,-99.1522
04/13/2024,Mexico,Riots,1,19.32,-99.1522
04/20/2024,Mexico,Riots,1,19.32,-99.1522
04/27/2024,Mexico,Riots,1,19.32,-99.1522
05/11/2024,Mexico,Riots,2,19.32,-99.1522
05/18/2024,Mexico,Riots,2,19.32,-99.1522
05/25/2024,Mexico,Riots,1,19.32,-99.1522
06/01/2024,Mexico,Riots,4,19.32,-99.1522
06/15/2024,Mexico,Riots,1,19.32,-99.1522
06/22/2024,Mexico,Riots,1,19.32,-99.1522
06/29/2024,Mexico,Riots,1,19.32,-99.1522
08/03/2024,Mexico,Riots,1,19.32,-99.1522
08/10/2024,Mexico,Riots,1,19.32,-99.1522
08/17/2024,Mexico,Riots,1,19.32,-99.1522
08/31/2024,Mexico,Riots,1,19.32,-99.1522
09/21/2024,Mexico,Riots,3,19.32,-99.1522
09/28/2024,Mexico,Riots,1,19.32,-99.1522
10/12/2024,Mexico,Riots,1,19.32,-99.1522
01/11/2025,Mexico,Riots,1,19.32,-99.1522
01/18/2025,Mexico,Riots,2,19.32,-99.1522
02/22/2025,Mexico,Riots,1,19.32,-99.1522
03/01/2025,Mexico,Riots,2,19.32,-99.1522
03/08/2025,Mexico,Riots,2,19.32,-99.1522
03/15/2025,Mexico,Riots,1,19.32,-99.1522
03/22/2025,Mexico,Riots,2,19.32,-99.1522
04/05/2025,Mexico,Riots,1,19.32,-99.1522
04/26/2025,Mexico,Riots,2,19.32,-99.1522
05/03/2025,Mexico,Riots,1,19.32,-99.1522
05/17/2025,Mexico,Riots,2,19.32,-99.1522
05/24/2025,Mexico,Riots,2,19.32,-99.1522
05/31/2025,Mexico,Riots,3,19.32,-99.1522
06/07/2025,Mexico,Riots,1,19.32,-99.1522
06/14/2025,Mexico,Riots,1,19.32,-99.1522
06/21/2025,Mexico,Riots,1,19.32,-99.1522
06/28/2025,Mexico,Riots,1,19.32,-99.1522
07/05/2025,Mexico,Riots,1,19.32,-99.1522
07/19/2025,Mexico,Riots,1,19.32,-99.1522
09/20/2025,Mexico,Riots,1,19.32,-99.1522
09/27/2025,Mexico,Riots,3,19.32,-99.1522
02/10/2018,Mexico,Violence against civilians,2,19.32,-99.1522
03/31/2018,Mexico,Violence against civilians,1,19.32,-99.1522
05/26/2018,Mexico,Violence against civilians,1,19.32,-99.1522
09/29/2018,Mexico,Violence against civilians,1,19.32,-99.1522
10/06/2018,Mexico,Violence against civilians,1,19.32,-99.1522
10/27/2018,Mexico,Violence against civilians,1,19.32,-99.1522
11/10/2018,Mexico,Violence against civilians,1,19.32,-99.1522
12/22/2018,Mexico,Violence against civilians,1,19.32,-99.1522
01/19/2019,Mexico,Violence against civilians,1,19.32,-99.1522
01/26/2019,Mexico,Violence against civilians,1,19.32,-99.1522
02/02/2019,Mexico,Violence against civilians,1,19.32,-99.1522
02/09/2019,Mexico,Violence against civilians,1,19.32,-99.1522
04/13/2019,Mexico,Violence against civilians,1,19.32,-99.1522
05/04/2019,Mexico,Violence against civilians,1,19.32,-99.1522
05/25/2019,Mexico,Violence against civilians,1,19.32,-99.1522
06/08/2019,Mexico,Violence against civilians,3,19.32,-99.1522
06/29/2019,Mexico,Violence against civilians,1,19.32,-99.1522
07/20/2019,Mexico,Violence against civilians,1,19.32,-99.1522
07/27/2019,Mexico,Violence against civilians,1,19.32,-99.1522
08/10/2019,Mexico,Violence against civilians,1,19.32,-99.1522
09/07/2019,Mexico,Violence against civilians,1,19.32,-99.1522
09/14/2019,Mexico,Violence against civilians,1,19.32,-99.1522
07/11/2020,Mexico,Violence against civilians,1,19.32,-99.1522
01/23/2021,Mexico,Violence against civilians,1,19.32,-99.1522
04/02/2022,Mexico,Violence against civilians,1,19.32,-99.1522
06/25/2022,Mexico,Violence against civilians,1,19.32,-99.1522
08/20/2022,Mexico,Violence against civilians,1,19.32,-99.1522
01/28/2023,Mexico,Violence against civilians,1,19.32,-99.1522
04/08/2023,Mexico,Violence against civilians,1,19.32,-99.1522
05/11/2024,Mexico,Violence against civilians,1,19.32,-99.1522
10/05/2024,Mexico,Violence against civilians,1,19.32,-99.1522
11/23/2024,Mexico,Violence against civilians,2,19.32,-99.1522
01/25/2025,Mexico,Violence against civilians,1,19.32,-99.1522
05/24/2025,Mexico,Violence against civilians,1,19.32,-99.1522
09/06/2025,Mexico,Violence against civilians,1,19.32,-99.1522
09/20/2025,Mexico,Violence against civilians,1,19.32,-99.1522
12/30/2017,Mexico,Violence against civilians,1,19.32,-99.1522
01/06/2018,Mexico,Violence against civilians,3,19.32,-99.1522
01/13/2018,Mexico,Violence against civilians,6,19.32,-99.1522
01/20/2018,Mexico,Violence against civilians,6,19.32,-99.1522
01/27/2018,Mexico,Violence against civilians,2,19.32,-99.1522
02/03/2018,Mexico,Violence against civilians,10,19.32,-99.1522
02/10/2018,Mexico,Violence against civilians,8,19.32,-99.1522
02/17/2018,Mexico,Violence against civilians,7,19.32,-99.1522
02/24/2018,Mexico,Violence against civilians,7,19.32,-99.1522
03/03/2018,Mexico,Violence against civilians,1,19.32,-99.1522
03/10/2018,Mexico,Violence against civilians,2,19.32,-99.1522
03/17/2018,Mexico,Violence against civilians,1,19.32,-99.1522
03/24/2018,Mexico,Violence against civilians,5,19.32,-99.1522
03/31/2018,Mexico,Violence against civilians,7,19.32,-99.1522
04/07/2018,Mexico,Violence against civilians,2,19.32,-99.1522
04/14/2018,Mexico,Violence against civilians,4,19.32,-99.1522
04/21/2018,Mexico,Violence against civilians,6,19.32,-99.1522
04/28/2018,Mexico,Violence against civilians,8,19.32,-99.1522
05/05/2018,Mexico,Violence against civilians,2,19.32,-99.1522
05/12/2018,Mexico,Violence against civilians,4,19.32,-99.1522
05/19/2018,Mexico,Violence against civilians,2,19.32,-99.1522
05/26/2018,Mexico,Violence against civilians,5,19.32,-99.1522
06/02/2018,Mexico,Violence against civilians,5,19.32,-99.1522
06/09/2018,Mexico,Violence against civilians,3,19.32,-99.1522
06/16/2018,Mexico,Violence against civilians,7,19.32,-99.1522
06/23/2018,Mexico,Violence against civilians,12,19.32,-99.1522
06/30/2018,Mexico,Violence against civilians,2,19.32,-99.1522
07/07/2018,Mexico,Violence against civilians,14,19.32,-99.1522
07/14/2018,Mexico,Violence against civilians,4,19.32,-99.1522
07/21/2018,Mexico,Violence against civilians,7,19.32,-99.1522
07/28/2018,Mexico,Violence against civilians,10,19.32,-99.1522
08/04/2018,Mexico,Violence against civilians,12,19.32,-99.1522
08/11/2018,Mexico,Violence against civilians,3,19.32,-99.1522
08/18/2018,Mexico,Violence against civilians,10,19.32,-99.1522
08/25/2018,Mexico,Violence against civilians,12,19.32,-99.1522
09/01/2018,Mexico,Violence against civilians,9,19.32,-99.1522
09/08/2018,Mexico,Violence against civilians,3,19.32,-99.1522
09/15/2018,Mexico,Violence against civilians,3,19.32,-99.1522
09/22/2018,Mexico,Violence against civilians,8,19.32,-99.1522
09/29/2018,Mexico,Violence against civilians,8,19.32,-99.1522
10/06/2018,Mexico,Violence against civilians,7,19.32,-99.1522
10/13/2018,Mexico,Violence against civilians,5,19.32,-99.1522
10/20/2018,Mexico,Violence against civilians,1,19.32,-99.1522
10/27/2018,Mexico,Violence against civilians,4,19.32,-99.1522
11/03/2018,Mexico,Violence against civilians,3,19.32,-99.1522
11/10/2018,Mexico,Violence against civilians,6,19.32,-99.1522
11/17/2018,Mexico,Violence against civilians,3,19.32,-99.1522
11/24/2018,Mexico,Violence against civilians,2,19.32,-99.1522
12/01/2018,Mexico,Violence against civilians,12,19.32,-99.1522
12/08/2018,Mexico,Violence against civilians,2,19.32,-99.1522
12/15/2018,Mexico,Violence against civilians,9,19.32,-99.1522
12/22/2018,Mexico,Violence against civilians,8,19.32,-99.1522
12/29/2018,Mexico,Violence against civilians,10,19.32,-99.1522
01/05/2019,Mexico,Violence against civilians,4,19.32,-99.1522
01/12/2019,Mexico,Violence against civilians,8,19.32,-99.1522
01/19/2019,Mexico,Violence against civilians,10,19.32,-99.1522
01/26/2019,Mexico,Violence against civilians,3,19.32,-99.1522
02/02/2019,Mexico,Violence against civilians,6,19.32,-99.1522
02/09/2019,Mexico,Violence against civilians,3,19.32,-99.1522
02/16/2019,Mexico,Violence against civilians,6,19.32,-99.1522
02/23/2019,Mexico,Violence against civilians,1,19.32,-99.1522
03/02/2019,Mexico,Violence against civilians,5,19.32,-99.1522
03/16/2019,Mexico,Violence against civilians,1,19.32,-99.1522
03/23/2019,Mexico,Violence against civilians,2,19.32,-99.1522
03/30/2019,Mexico,Violence against civilians,7,19.32,-99.1522
04/06/2019,Mexico,Violence against civilians,2,19.32,-99.1522
04/13/2019,Mexico,Violence against civilians,4,19.32,-99.1522
04/20/2019,Mexico,Violence against civilians,3,19.32,-99.1522
04/27/2019,Mexico,Violence against civilians,1,19.32,-99.1522
05/04/2019,Mexico,Violence against civilians,4,19.32,-99.1522
05/11/2019,Mexico,Violence against civilians,8,19.32,-99.1522
05/18/2019,Mexico,Violence against civilians,6,19.32,-99.1522
05/25/2019,Mexico,Violence against civilians,5,19.32,-99.1522
06/01/2019,Mexico,Violence against civilians,2,19.32,-99.1522
06/08/2019,Mexico,Violence against civilians,5,19.32,-99.1522
06/15/2019,Mexico,Violence against civilians,2,19.32,-99.1522
06/22/2019,Mexico,Violence against civilians,9,19.32,-99.1522
06/29/2019,Mexico,Violence against civilians,4,19.32,-99.1522
07/06/2019,Mexico,Violence against civilians,4,19.32,-99.1522
07/13/2019,Mexico,Violence against civilians,3,19.32,-99.1522
07/20/2019,Mexico,Violence against civilians,2,19.32,-99.1522
07/27/2019,Mexico,Violence against civilians,1,19.32,-99.1522
08/03/2019,Mexico,Violence against civilians,2,19.32,-99.1522
08/10/2019,Mexico,Violence against civilians,5,19.32,-99.1522
08/17/2019,Mexico,Violence against civilians,7,19.32,-99.1522
08/24/2019,Mexico,Violence against civilians,3,19.32,-99.1522
08/31/2019,Mexico,Violence against civilians,3,19.32,-99.1522
09/07/2019,Mexico,Violence against civilians,6,19.32,-99.1522
09/14/2019,Mexico,Violence against civilians,5,19.32,-99.1522
09/21/2019,Mexico,Violence against civilians,4,19.32,-99.1522
09/28/2019,Mexico,Violence against civilians,3,19.32,-99.1522
10/05/2019,Mexico,Violence against civilians,3,19.32,-99.1522
10/12/2019,Mexico,Violence against civilians,5,19.32,-99.1522
10/19/2019,Mexico,Violence against civilians,2,19.32,-99.1522
10/26/2019,Mexico,Violence against civilians,8,19.32,-99.1522
11/02/2019,Mexico,Violence against civilians,5,19.32,-99.1522
11/09/2019,Mexico,Violence against civilians,5,19.32,-99.1522
11/16/2019,Mexico,Violence against civilians,8,19.32,-99.1522
11/23/2019,Mexico,Violence against civilians,4,19.32,-99.1522
11/30/2019,Mexico,Violence against civilians,3,19.32,-99.1522
12/07/2019,Mexico,Violence against civilians,4,19.32,-99.1522
12/14/2019,Mexico,Violence against civilians,3,19.32,-99.1522
12/21/2019,Mexico,Violence against civilians,4,19.32,-99.1522
12/28/2019,Mexico,Violence against civilians,3,19.32,-99.1522
01/04/2020,Mexico,Violence against civilians,4,19.32,-99.1522
01/11/2020,Mexico,Violence against civilians,6,19.32,-99.1522
01/18/2020,Mexico,Violence against civilians,6,19.32,-99.1522
01/25/2020,Mexico,Violence against civilians,4,19.32,-99.1522
02/01/2020,Mexico,Violence against civilians,3,19.32,-99.1522
02/08/2020,Mexico,Violence against civilians,4,19.32,-99.1522
02/22/2020,Mexico,Violence against civilians,3,19.32,-99.1522
02/29/2020,Mexico,Violence against civilians,7,19.32,-99.1522
03/07/2020,Mexico,Violence against civilians,8,19.32,-99.1522
03/14/2020,Mexico,Violence against civilians,8,19.32,-99.1522
03/21/2020,Mexico,Violence against civilians,2,19.32,-99.1522
03/28/2020,Mexico,Violence against civilians,5,19.32,-99.1522
04/04/2020,Mexico,Violence against civilians,3,19.32,-99.1522
04/11/2020,Mexico,Violence against civilians,4,19.32,-99.1522
04/18/2020,Mexico,Violence against civilians,3,19.32,-99.1522
04/25/2020,Mexico,Violence against civilians,1,19.32,-99.1522
05/02/2020,Mexico,Violence against civilians,5,19.32,-99.1522
05/09/2020,Mexico,Violence against civilians,6,19.32,-99.1522
05/16/2020,Mexico,Violence against civilians,2,19.32,-99.1522
05/23/2020,Mexico,Violence against civilians,6,19.32,-99.1522
05/30/2020,Mexico,Violence against civilians,3,19.32,-99.1522
06/06/2020,Mexico,Violence against civilians,3,19.32,-99.1522
06/13/2020,Mexico,Violence against civilians,11,19.32,-99.1522
06/20/2020,Mexico,Violence against civilians,4,19.32,-99.1522
06/27/2020,Mexico,Violence against civilians,3,19.32,-99.1522
07/04/2020,Mexico,Violence against civilians,1,19.32,-99.1522
07/11/2020,Mexico,Violence against civilians,5,19.32,-99.1522
07/18/2020,Mexico,Violence against civilians,2,19.32,-99.1522
07/25/2020,Mexico,Violence against civilians,5,19.32,-99.1522
08/01/2020,Mexico,Violence against civilians,4,19.32,-99.1522
08/08/2020,Mexico,Violence against civilians,2,19.32,-99.1522
08/15/2020,Mexico,Violence against civilians,2,19.32,-99.1522
08/22/2020,Mexico,Violence against civilians,1,19.32,-99.1522
08/29/2020,Mexico,Violence against civilians,3,19.32,-99.1522
09/05/2020,Mexico,Violence against civilians,3,19.32,-99.1522
09/12/2020,Mexico,Violence against civilians,1,19.32,-99.1522
09/19/2020,Mexico,Violence against civilians,5,19.32,-99.1522
09/26/2020,Mexico,Violence against civilians,3,19.32,-99.1522
10/03/2020,Mexico,Violence against civilians,1,19.32,-99.1522
10/10/2020,Mexico,Violence against civilians,1,19.32,-99.1522
10/24/2020,Mexico,Violence against civilians,3,19.32,-99.1522
10/31/2020,Mexico,Violence against civilians,3,19.32,-99.1522
11/07/2020,Mexico,Violence against civilians,3,19.32,-99.1522
11/14/2020,Mexico,Violence against civilians,1,19.32,-99.1522
11/21/2020,Mexico,Violence against civilians,2,19.32,-99.1522
11/28/2020,Mexico,Violence against civilians,3,19.32,-99.1522
12/05/2020,Mexico,Violence against civilians,4,19.32,-99.1522
12/12/2020,Mexico,Violence against civilians,2,19.32,-99.1522
12/19/2020,Mexico,Violence against civilians,1,19.32,-99.1522
12/26/2020,Mexico,Violence against civilians,1,19.32,-99.1522
01/02/2021,Mexico,Violence against civilians,1,19.32,-99.1522
01/09/2021,Mexico,Violence against civilians,3,19.32,-99.1522
01/16/2021,Mexico,Violence against civilians,4,19.32,-99.1522
01/23/2021,Mexico,Violence against civilians,2,19.32,-99.1522
02/13/2021,Mexico,Violence against civilians,4,19.32,-99.1522
02/20/2021,Mexico,Violence against civilians,1,19.32,-99.1522
02/27/2021,Mexico,Violence against civilians,4,19.32,-99.1522
03/06/2021,Mexico,Violence against civilians,6,19.32,-99.1522
03/13/2021,Mexico,Violence against civilians,4,19.32,-99.1522
03/20/2021,Mexico,Violence against civilians,3,19.32,-99.1522
03/27/2021,Mexico,Violence against civilians,1,19.32,-99.1522
04/03/2021,Mexico,Violence against civilians,1,19.32,-99.1522
04/10/2021,Mexico,Violence against civilians,2,19.32,-99.1522
04/17/2021,Mexico,Violence against civilians,3,19.32,-99.1522
04/24/2021,Mexico,Violence against civilians,4,19.32,-99.1522
05/01/2021,Mexico,Violence against civilians,3,19.32,-99.1522
05/22/2021,Mexico,Violence against civilians,1,19.32,-99.1522
05/29/2021,Mexico,Violence against civilians,3,19.32,-99.1522
06/05/2021,Mexico,Violence against civilians,5,19.32,-99.1522
06/12/2021,Mexico,Violence against civilians,6,19.32,-99.1522
06/19/2021,Mexico,Violence against civilians,1,19.32,-99.1522
06/26/2021,Mexico,Violence against civilians,6,19.32,-99.1522
07/03/2021,Mexico,Violence against civilians,1,19.32,-99.1522
07/10/2021,Mexico,Violence against civilians,4,19.32,-99.1522
07/17/2021,Mexico,Violence against civilians,1,19.32,-99.1522
07/24/2021,Mexico,Violence against civilians,2,19.32,-99.1522
08/07/2021,Mexico,Violence against civilians,3,19.32,-99.1522
08/14/2021,Mexico,Violence against civilians,1,19.32,-99.1522
08/21/2021,Mexico,Violence against civilians,1,19.32,-99.1522
08/28/2021,Mexico,Violence against civilians,1,19.32,-99.1522
09/04/2021,Mexico,Violence against civilians,3,19.32,-99.1522
09/11/2021,Mexico,Violence against civilians,1,19.32,-99.1522
09/25/2021,Mexico,Violence against civilians,1,19.32,-99.1522
10/02/2021,Mexico,Violence against civilians,1,19.32,-99.1522
10/09/2021,Mexico,Violence against civilians,2,19.32,-99.1522
10/16/2021,Mexico,Violence against civilians,2,19.32,-99.1522
10/23/2021,Mexico,Violence against civilians,1,19.32,-99.1522
10/30/2021,Mexico,Violence against civilians,6,19.32,-99.1522
11/06/2021,Mexico,Violence against civilians,4,19.32,-99.1522
11/20/2021,Mexico,Violence against civilians,3,19.32,-99.1522
11/27/2021,Mexico,Violence against civilians,1,19.32,-99.1522
12/11/2021,Mexico,Violence against civilians,2,19.32,-99.1522
12/18/2021,Mexico,Violence against civilians,2,19.32,-99.1522
12/25/2021,Mexico,Violence against civilians,1,19.32,-99.1522
01/01/2022,Mexico,Violence against civilians,1,19.32,-99.1522
01/08/2022,Mexico,Violence against civilians,2,19.32,-99.1522
01/15/2022,Mexico,Violence against civilians,4,19.32,-99.1522
01/22/2022,Mexico,Violence against civilians,2,19.32,-99.1522
01/29/2022,Mexico,Violence against civilians,3,19.32,-99.1522
02/05/2022,Mexico,Violence against civilians,2,19.32,-99.1522
02/19/2022,Mexico,Violence against civilians,3,19.32,-99.1522
02/26/2022,Mexico,Violence against civilians,1,19.32,-99.1522
03/05/2022,Mexico,Violence against civilians,1,19.32,-99.1522
03/19/2022,Mexico,Violence against civilians,1,19.32,-99.1522
03/26/2022,Mexico,Violence against civilians,1,19.32,-99.1522
04/09/2022,Mexico,Violence against civilians,1,19.32,-99.1522
04/23/2022,Mexico,Violence against civilians,1,19.32,-99.1522
04/30/2022,Mexico,Violence against civilians,1,19.32,-99.1522
05/07/2022,Mexico,Violence against civilians,1,19.32,-99.1522
05/14/2022,Mexico,Violence against civilians,2,19.32,-99.1522
05/21/2022,Mexico,Violence against civilians,3,19.32,-99.1522
05/28/2022,Mexico,Violence against civilians,1,19.32,-99.1522
06/04/2022,Mexico,Violence against civilians,2,19.32,-99.1522
06/11/2022,Mexico,Violence against civilians,2,19.32,-99.1522
06/25/2022,Mexico,Violence against civilians,1,19.32,-99.1522
07/02/2022,Mexico,Violence against civilians,2,19.32,-99.1522
07/09/2022,Mexico,Violence against civilians,3,19.32,-99.1522
07/16/2022,Mexico,Violence against civilians,1,19.32,-99.1522
07/23/2022,Mexico,Violence against civilians,1,19.32,-99.1522
07/30/2022,Mexico,Violence against civilians,1,19.32,-99.1522
08/06/2022,Mexico,Violence against civilians,1,19.32,-99.1522
08/13/2022,Mexico,Violence against civilians,5,19.32,-99.1522
08/20/2022,Mexico,Violence against civilians,3,19.32,-99.1522
08/27/2022,Mexico,Violence against civilians,2,19.32,-99.1522
09/03/2022,Mexico,Violence against civilians,2,19.32,-99.1522
09/10/2022,Mexico,Violence against civilians,3,19.32,-99.1522
09/17/2022,Mexico,Violence against civilians,1,19.32,-99.1522
09/24/2022,Mexico,Violence against civilians,1,19.32,-99.1522
10/01/2022,Mexico,Violence against civilians,3,19.32,-99.1522
10/08/2022,Mexico,Violence against civilians,1,19.32,-99.1522
10/15/2022,Mexico,Violence against civilians,2,19.32,-99.1522
10/22/2022,Mexico,Violence against civilians,3,19.32,-99.1522
10/29/2022,Mexico,Violence against civilians,7,19.32,-99.1522
11/05/2022,Mexico,Violence against civilians,4,19.32,-99.1522
11/12/2022,Mexico,Violence against civilians,3,19.32,-99.1522
11/19/2022,Mexico,Violence against civilians,1,19.32,-99.1522
11/26/2022,Mexico,Violence against civilians,2,19.32,-99.1522
12/03/2022,Mexico,Violence against civilians,1,19.32,-99.1522
12/10/2022,Mexico,Violence against civilians,2,19.32,-99.1522
12/17/2022,Mexico,Violence against civilians,2,19.32,-99.1522
12/31/2022,Mexico,Violence against civilians,1,19.32,-99.1522
01/14/2023,Mexico,Violence against civilians,1,19.32,-99.1522
01/21/2023,Mexico,Violence against civilians,3,19.32,-99.1522
01/28/2023,Mexico,Violence against civilians,4,19.32,-99.1522
02/04/2023,Mexico,Violence against civilians,2,19.32,-99.1522
02/11/2023,Mexico,Violence against civilians,1,19.32,-99.1522
02/18/2023,Mexico,Violence against civilians,1,19.32,-99.1522
03/04/2023,Mexico,Violence against civilians,4,19.32,-99.1522
03/11/2023,Mexico,Violence against civilians,1,19.32,-99.1522
03/18/2023,Mexico,Violence against civilians,1,19.32,-99.1522
03/25/2023,Mexico,Violence against civilians,1,19.32,-99.1522
04/01/2023,Mexico,Violence against civilians,1,19.32,-99.1522
04/08/2023,Mexico,Violence against civilians,2,19.32,-99.1522
04/15/2023,Mexico,Violence against civilians,2,19.32,-99.1522
04/22/2023,Mexico,Violence against civilians,3,19.32,-99.1522
04/29/2023,Mexico,Violence against civilians,2,19.32,-99.1522
05/06/2023,Mexico,Violence against civilians,1,19.32,-99.1522
05/13/2023,Mexico,Violence against civilians,4,19.32,-99.1522
05/20/2023,Mexico,Violence against civilians,1,19.32,-99.1522
05/27/2023,Mexico,Violence against civilians,1,19.32,-99.1522
06/03/2023,Mexico,Violence against civilians,2,19.32,-99.1522
06/10/2023,Mexico,Violence against civilians,1,19.32,-99.1522
06/17/2023,Mexico,Violence against civilians,3,19.32,-99.1522
06/24/2023,Mexico,Violence against civilians,3,19.32,-99.1522
07/01/2023,Mexico,Violence against civilians,3,19.32,-99.1522
07/08/2023,Mexico,Violence against civilians,3,19.32,-99.1522
07/15/2023,Mexico,Violence against civilians,1,19.32,-99.1522
07/29/2023,Mexico,Violence against civilians,4,19.32,-99.1522
08/05/2023,Mexico,Violence against civilians,4,19.32,-99.1522
08/12/2023,Mexico,Violence against civilians,1,19.32,-99.1522
08/19/2023,Mexico,Violence against civilians,3,19.32,-99.1522
08/26/2023,Mexico,Violence against civilians,3,19.32,-99.1522
09/02/2023,Mexico,Violence against civilians,1,19.32,-99.1522
09/16/2023,Mexico,Violence against civilians,2,19.32,-99.1522
09/30/2023,Mexico,Violence against civilians,3,19.32,-99.1522
10/07/2023,Mexico,Violence against civilians,4,19.32,-99.1522
10/14/2023,Mexico,Violence against civilians,6,19.32,-99.1522
10/21/2023,Mexico,Violence against civilians,2,19.32,-99.1522
10/28/2023,Mexico,Violence against civilians,4,19.32,-99.1522
11/04/2023,Mexico,Violence against civilians,2,19.32,-99.1522
11/11/2023,Mexico,Violence against civilians,2,19.32,-99.1522
11/18/2023,Mexico,Violence against civilians,1,19.32,-99.1522
12/02/2023,Mexico,Violence against civilians,2,19.32,-99.1522
12/09/2023,Mexico,Violence against civilians,1,19.32,-99.1522
12/16/2023,Mexico,Violence against civilians,2,19.32,-99.1522
12/30/2023,Mexico,Violence against civilians,1,19.32,-99.1522
01/13/2024,Mexico,Violence against civilians,3,19.32,-99.1522
01/20/2024,Mexico,Violence against civilians,2,19.32,-99.1522
01/27/2024,Mexico,Violence against civilians,2,19.32,-99.1522
02/03/2024,Mexico,Violence against civilians,2,19.32,-99.1522
02/10/2024,Mexico,Violence against civilians,3,19.32,-99.1522
02/17/2024,Mexico,Violence against civilians,3,19.32,-99.1522
02/24/2024,Mexico,Violence against civilians,2,19.32,-99.1522
03/02/2024,Mexico,Violence against civilians,2,19.32,-99.1522
03/09/2024,Mexico,Violence against civilians,2,19.32,-99.1522
03/16/2024,Mexico,Violence against civilians,3,19.32,-99.1522
03/23/2024,Mexico,Violence against civilians,1,19.32,-99.1522
03/30/2024,Mexico,Violence against civilians,2,19.32,-99.1522
04/06/2024,Mexico,Violence against civilians,1,19.32,-99.1522
04/13/2024,Mexico,Violence against civilians,3,19.32,-99.1522
04/20/2024,Mexico,Violence against civilians,2,19.32,-99.1522
04/27/2024,Mexico,Violence against civilians,5,19.32,-99.1522
05/04/2024,Mexico,Violence against civilians,5,19.32,-99.1522
05/11/2024,Mexico,Violence against civilians,3,19.32,-99.1522
05/18/2024,Mexico,Violence against civilians,4,19.32,-99.1522
05/25/2024,Mexico,Violence against civilians,6,19.32,-99.1522
06/01/2024,Mexico,Violence against civilians,2,19.32,-99.1522
06/08/2024,Mexico,Violence against civilians,3,19.32,-99.1522
06/15/2024,Mexico,Violence against civilians,1,19.32,-99.1522
06/22/2024,Mexico,Violence against civilians,2,19.32,-99.1522
06/29/2024,Mexico,Violence against civilians,6,19.32,-99.1522
07/06/2024,Mexico,Violence against civilians,2,19.32,-99.1522
07/13/2024,Mexico,Violence against civilians,2,19.32,-99.1522
07/20/2024,Mexico,Violence against civilians,4,19.32,-99.1522
07/27/2024,Mexico,Violence against civilians,2,19.32,-99.1522
08/03/2024,Mexico,Violence against civilians,3,19.32,-99.1522
08/10/2024,Mexico,Violence against civilians,3,19.32,-99.1522
08/24/2024,Mexico,Violence against civilians,1,19.32,-99.1522
08/31/2024,Mexico,Violence against civilians,1,19.32,-99.1522
09/07/2024,Mexico,Violence against civilians,6,19.32,-99.1522
09/14/2024,Mexico,Violence against civilians,7,19.32,-99.1522
09/21/2024,Mexico,Violence against civilians,2,19.32,-99.1522
09/28/2024,Mexico,Violence against civilians,1,19.32,-99.1522
10/05/2024,Mexico,Violence against civilians,3,19.32,-99.1522
10/12/2024,Mexico,Violence against civilians,5,19.32,-99.1522
10/19/2024,Mexico,Violence against civilians,2,19.32,-99.1522
10/26/2024,Mexico,Violence against civilians,3,19.32,-99.1522
11/02/2024,Mexico,Violence against civilians,1,19.32,-99.1522
11/09/2024,Mexico,Violence against civilians,1,19.32,-99.1522
11/16/2024,Mexico,Violence against civilians,5,19.32,-99.1522
11/23/2024,Mexico,Violence against civilians,5,19.32,-99.1522
11/30/2024,Mexico,Violence against civilians,4,19.32,-99.1522
12/07/2024,Mexico,Violence against civilians,2,19.32,-99.1522
12/14/2024,Mexico,Violence against civilians,2,19.32,-99.1522
12/21/2024,Mexico,Violence against civilians,1,19.32,-99.1522
12/28/2024,Mexico,Violence against civilians,2,19.32,-99.1522
01/04/2025,Mexico,Violence against civilians,3,19.32,-99.1522
01/11/2025,Mexico,Violence against civilians,3,19.32,-99.1522
01/18/2025,Mexico,Violence against civilians,5,19.32,-99.1522
01/25/2025,Mexico,Violence against civilians,3,19.32,-99.1522
02/01/2025,Mexico,Violence against civilians,7,19.32,-99.1522
02/08/2025,Mexico,Violence against civilians,7,19.32,-99.1522
02/15/2025,Mexico,Violence against civilians,7,19.32,-99.1522
02/22/2025,Mexico,Violence against civilians,6,19.32,-99.1522
03/01/2025,Mexico,Violence against civilians,8,19.32,-99.1522
03/08/2025,Mexico,Violence against civilians,1,19.32,-99.1522
03/15/2025,Mexico,Violence against civilians,7,19.32,-99.1522
03/22/2025,Mexico,Violence against civilians,5,19.32,-99.1522
03/29/2025,Mexico,Violence against civilians,5,19.32,-99.1522
04/05/2025,Mexico,Violence against civilians,3,19.32,-99.1522
04/12/2025,Mexico,Violence against civilians,5,19.32,-99.1522
04/19/2025,Mexico,Violence against civilians,4,19.32,-99.1522
04/26/2025,Mexico,Violence against civilians,7,19.32,-99.1522
05/03/2025,Mexico,Violence against civilians,1,19.32,-99.1522
05/17/2025,Mexico,Violence against civilians,5,19.32,-99.1522
05/24/2025,Mexico,Violence against civilians,2,19.32,-99.1522
05/31/2025,Mexico,Violence against civilians,5,19.32,-99.1522
06/07/2025,Mexico,Violence against civilians,10,19.32,-99.1522
06/14/2025,Mexico,Violence against civilians,3,19.32,-99.1522
06/21/2025,Mexico,Violence against civilians,5,19.32,-99.1522
06/28/2025,Mexico,Violence against civilians,8,19.32,-99.1522
07/05/2025,Mexico,Violence against civilians,3,19.32,-99.1522
07/12/2025,Mexico,Violence against civilians,9,19.32,-99.1522
07/19/2025,Mexico,Violence against civilians,4,19.32,-99.1522
07/26/2025,Mexico,Violence against civilians,6,19.32,-99.1522
08/02/2025,Mexico,Violence against civilians,2,19.32,-99.1522
08/09/2025,Mexico,Violence against civilians,1,19.32,-99.1522
08/16/2025,Mexico,Violence against civilians,4,19.32,-99.1522
08/23/2025,Mexico,Violence against civilians,3,19.32,-99.1522
08/30/2025,Mexico,Violence against civilians,4,19.32,-99.1522
09/13/2025,Mexico,Violence against civilians,2,19.32,-99.1522
09/20/2025,Mexico,Violence against civilians,3,19.32,-99.1522
09/27/2025,Mexico,Violence against civilians,3,19.32,-99.1522
10/04/2025,Mexico,Violence against civilians,3,19.32,-99.1522
10/11/2025,Mexico,Violence against civilians,5,19.32,-99.1522
10/18/2025,Mexico,Violence against civilians,4,19.32,-99.1522
02/03/2018,Mexico,Violence against civilians,1,19.32,-99.1522
03/03/2018,Mexico,Violence against civilians,1,19.32,-99.1522
06/09/2018,Mexico,Violence against civilians,1,19.32,-99.1522
07/06/2019,Mexico,Violence against civilians,1,19.32,-99.1522
08/03/2019,Mexico,Violence against civilians,1,19.32,-99.1522
09/07/2019,Mexico,Violence against civilians,2,19.32,-99.1522
09/21/2019,Mexico,Violence against civilians,1,19.32,-99.1522
11/23/2019,Mexico,Violence against civilians,1,19.32,-99.1522
12/31/2022,Mexico,Violence against civilians,1,19.32,-99.1522
03/23/2024,Mexico,Violence against civilians,1,19.32,-99.1522
01/13/2018,Mexico,Riots,1,27.2043,-102.3112
03/03/2018,Mexico,Riots,1,27.2043,-102.3112
03/24/2018,Mexico,Riots,1,27.2043,-102.3112
06/02/2018,Mexico,Riots,1,27.2043,-102.3112
06/30/2018,Mexico,Riots,1,27.2043,-102.3112
08/25/2018,Mexico,Riots,2,27.2043,-102.3112
09/01/2018,Mexico,Riots,1,27.2043,-102.3112
12/08/2018,Mexico,Riots,1,27.2043,-102.3112
01/19/2019,Mexico,Riots,1,27.2043,-102.3112
02/09/2019,Mexico,Riots,1,27.2043,-102.3112
02/16/2019,Mexico,Riots,1,27.2043,-102.3112
03/02/2019,Mexico,Riots,1,27.2043,-102.3112
05/25/2019,Mexico,Riots,1,27.2043,-102.3112
10/12/2019,Mexico,Riots,1,27.2043,-102.3112
11/02/2019,Mexico,Riots,1,27.2043,-102.3112
05/30/2020,Mexico,Riots,1,27.2043,-102.3112
11/21/2020,Mexico,Riots,1,27.2043,-102.3112
05/01/2021,Mexico,Riots,1,27.2043,-102.3112
05/22/2021,Mexico,Riots,1,27.2043,-102.3112
06/05/2021,Mexico,Riots,2,27.2043,-102.3112
10/16/2021,Mexico,Riots,1,27.2043,-102.3112
10/23/2021,Mexico,Riots,1,27.2043,-102.3112
12/11/2021,Mexico,Riots,1,27.2043,-102.3112
01/01/2022,Mexico,Riots,1,27.2043,-102.3112
03/12/2022,Mexico,Riots,1,27.2043,-102.3112
03/26/2022,Mexico,Riots,1,27.2043,-102.3112
04/09/2022,Mexico,Riots,1,27.2043,-102.3112
04/23/2022,Mexico,Riots,1,27.2043,-102.3112
11/12/2022,Mexico,Riots,1,27.2043,-102.3112
12/17/2022,Mexico,Riots,1,27.2043,-102.3112
12/31/2022,Mexico,Riots,2,27.2043,-102.3112
01/14/2023,Mexico,Riots,1,27.2043,-102.3112
04/15/2023,Mexico,Riots,1,27.2043,-102.3112
05/13/2023,Mexico,Riots,1,27.2043,-102.3112
10/12/2024,Mexico,Riots,1,27.2043,-102.3112
12/14/2024,Mexico,Riots,1,27.2043,-102.3112
01/18/2025,Mexico,Riots,1,27.2043,-102.3112
02/01/2025,Mexico,Riots,1,27.2043,-102.3112
04/05/2025,Mexico,Riots,1,27.2043,-102.3112
04/26/2025,Mexico,Riots,1,27.2043,-102.3112
08/02/2025,Mexico,Riots,1,27.2043,-102.3112
08/16/2025,Mexico,Riots,1,27.2043,-102.3112
09/13/2025,Mexico,Riots,1,27.2043,-102.3112
01/20/2018,Mexico,Riots,1,27.2043,-102.3112
03/10/2018,Mexico,Riots,1,27.2043,-102.3112
06/23/2018,Mexico,Riots,1,27.2043,-102.3112
01/19/2019,Mexico,Riots,1,27.2043,-102.3112
01/26/2019,Mexico,Riots,1,27.2043,-102.3112
05/11/2019,Mexico,Riots,1,27.2043,-102.3112
02/08/2020,Mexico,Riots,1,27.2043,-102.3112
03/07/2020,Mexico,Riots,1,27.2043,-102.3112
03/28/2020,Mexico,Riots,1,27.2043,-102.3112
11/07/2020,Mexico,Riots,1,27.2043,-102.3112
04/10/2021,Mexico,Riots,1,27.2043,-102.3112
06/05/2021,Mexico,Riots,1,27.2043,-102.3112
08/28/2021,Mexico,Riots,1,27.2043,-102.3112
03/19/2022,Mexico,Riots,1,27.2043,-102.3112
05/14/2022,Mexico,Riots,1,27.2043,-102.3112
05/21/2022,Mexico,Riots,1,27.2043,-102.3112
06/18/2022,Mexico,Riots,1,27.2043,-102.3112
02/25/2023,Mexico,Riots,1,27.2043,-102.3112
04/01/2023,Mexico,Riots,1,27.2043,-102.3112
05/06/2023,Mexico,Riots,1,27.2043,-102.3112
07/15/2023,Mexico,Riots,1,27.2043,-102.3112
04/20/2024,Mexico,Riots,1,27.2043,-102.3112
03/08/2025,Mexico,Riots,1,27.2043,-102.3112
01/27/2018,Mexico,Violence against civilians,1,27.2043,-102.3112
04/28/2018,Mexico,Violence against civilians,1,27.2043,-102.3112
05/12/2018,Mexico,Violence against civilians,1,27.2043,-102.3112
10/27/2018,Mexico,Violence against civilians,1,27.2043,-102.3112
12/08/2018,Mexico,Violence against civilians,1,27.2043,-102.3112
02/09/2019,Mexico,Violence against civilians,1,27.2043,-102.3112
05/25/2019,Mexico,Violence against civilians,1,27.2043,-102.3112
06/29/2019,Mexico,Violence against civilians,1,27.2043,-102.3112
08/03/2019,Mexico,Violence against civilians,1,27.2043,-102.3112
09/14/2019,Mexico,Violence against civilians,1,27.2043,-102.3112
12/21/2019,Mexico,Violence against civilians,1,27.2043,-102.3112
10/08/2022,Mexico,Violence against civilians,1,27.2043,-102.3112
12/30/2017,Mexico,Violence against civilians,2,27.2043,-102.3112
01/06/2018,Mexico,Violence against civilians,3,27.2043,-102.3112
01/13/2018,Mexico,Violence against civilians,2,27.2043,-102.3112
01/20/2018,Mexico,Violence against civilians,1,27.2043,-102.3112
01/27/2018,Mexico,Violence against civilians,3,27.2043,-102.3112
02/10/2018,Mexico,Violence against civilians,2,27.2043,-102.3112
02/17/2018,Mexico,Violence against civilians,3,27.2043,-102.3112
02/24/2018,Mexico,Violence against civilians,1,27.2043,-102.3112
03/03/2018,Mexico,Violence against civilians,2,27.2043,-102.3112
03/10/2018,Mexico,Violence against civilians,2,27.2043,-102.3112
03/24/2018,Mexico,Violence against civilians,1,27.2043,-102.3112
03/31/2018,Mexico,Violence against civilians,1,27.2043,-102.3112
04/14/2018,Mexico,Violence against civilians,4,27.2043,-102.3112
05/05/2018,Mexico,Violence against civilians,2,27.2043,-102.3112
05/12/2018,Mexico,Violence against civilians,3,27.2043,-102.3112
05/26/2018,Mexico,Violence against civilians,1,27.2043,-102.3112
06/02/2018,Mexico,Violence against civilians,3,27.2043,-102.3112
06/16/2018,Mexico,Violence against civilians,1,27.2043,-102.3112
06/30/2018,Mexico,Violence against civilians,1,27.2043,-102.3112
07/07/2018,Mexico,Violence against civilians,1,27.2043,-102.3112
07/14/2018,Mexico,Violence against civilians,1,27.2043,-102.3112
07/21/2018,Mexico,Violence against civilians,3,27.2043,-102.3112
08/25/2018,Mexico,Violence against civilians,1,27.2043,-102.3112
09/01/2018,Mexico,Violence against civilians,1,27.2043,-102.3112
09/15/2018,Mexico,Violence against civilians,2,27.2043,-102.3112
09/29/2018,Mexico,Violence against civilians,1,27.2043,-102.3112
10/06/2018,Mexico,Violence against civilians,3,27.2043,-102.3112
10/20/2018,Mexico,Violence against civilians,2,27.2043,-102.3112
10/27/2018,Mexico,Violence against civilians,2,27.2043,-102.3112
11/03/2018,Mexico,Violence against civilians,3,27.2043,-102.3112
11/17/2018,Mexico,Violence against civilians,1,27.2043,-102.3112
11/24/2018,Mexico,Violence against civilians,1,27.2043,-102.3112
12/01/2018,Mexico,Violence against civilians,1,27.2043,-102.3112
12/08/2018,Mexico,Violence against civilians,1,27.2043,-102.3112
12/15/2018,Mexico,Violence against civilians,2,27.2043,-102.3112
12/22/2018,Mexico,Violence against civilians,1,27.2043,-102.3112
12/29/2018,Mexico,Violence against civilians,2,27.2043,-102.3112
01/12/2019,Mexico,Violence against civilians,1,27.2043,-102.3112
01/19/2019,Mexico,Violence against civilians,4,27.2043,-102.3112
01/26/2019,Mexico,Violence against civilians,3,27.2043,-102.3112
02/16/2019,Mexico,Violence against civilians,2,27.2043,-102.3112
03/02/2019,Mexico,Violence against civilians,1,27.2043,-102.3112
03/09/2019,Mexico,Violence against civilians,1,27.2043,-102.3112
03/23/2019,Mexico,Violence against civilians,1,27.2043,-102.3112
03/30/2019,Mexico,Violence against civilians,6,27.2043,-102.3112
04/06/2019,Mexico,Violence against civilians,1,27.2043,-102.3112
04/13/2019,Mexico,Violence against civilians,3,27.2043,-102.3112
04/27/2019,Mexico,Violence against civilians,3,27.2043,-102.3112
05/04/2019,Mexico,Violence against civilians,1,27.2043,-102.3112
05/11/2019,Mexico,Violence against civilians,6,27.2043,-102.3112
05/18/2019,Mexico,Violence against civilians,1,27.2043,-102.3112
05/25/2019,Mexico,Violence against civilians,3,27.2043,-102.3112
06/01/2019,Mexico,Violence against civilians,2,27.2043,-102.3112
06/08/2019,Mexico,Violence against civilians,1,27.2043,-102.3112
06/15/2019,Mexico,Violence against civilians,2,27.2043,-102.3112
06/22/2019,Mexico,Violence against civilians,2,27.2043,-102.3112
06/29/2019,Mexico,Violence against civilians,4,27.2043,-102.3112
07/06/2019,Mexico,Violence against civilians,3,27.2043,-102.3112
07/13/2019,Mexico,Violence against civilians,2,27.2043,-102.3112
07/27/2019,Mexico,Violence against civilians,1,27.2043,-102.3112
08/03/2019,Mexico,Violence against civilians,1,27.2043,-102.3112
08/17/2019,Mexico,Violence against civilians,1,27.2043,-102.3112
08/24/2019,Mexico,Violence against civilians,1,27.2043,-102.3112
08/31/2019,Mexico,Violence against civilians,1,27.2043,-102.3112
09/14/2019,Mexico,Violence against civilians,1,27.2043,-102.3112
09/28/2019,Mexico,Violence against civilians,1,27.2043,-102.3112
10/05/2019,Mexico,Violence against civilians,1,27.2043,-102.3112
10/19/2019,Mexico,Violence against civilians,1,27.2043,-102.3112
11/16/2019,Mexico,Violence against civilians,3,27.2043,-102.3112
11/23/2019,Mexico,Violence against civilians,1,27.2043,-102.3112
11/30/2019,Mexico,Violence against civilians,2,27.2043,-102.3112
12/07/2019,Mexico,Violence against civilians,1,27.2043,-102.3112
12/14/2019,Mexico,Violence against civilians,2,27.2043,-102.3112
12/21/2019,Mexico,Violence against civilians,1,27.2043,-102.3112
12/28/2019,Mexico,Violence against civilians,2,27.2043,-102.3112
01/04/2020,Mexico,Violence against civilians,3,27.2043,-102.3112
01/18/2020,Mexico,Violence against civilians,1,27.2043,-102.3112
01/25/2020,Mexico,Violence against civilians,4,27.2043,-102.3112
02/15/2020,Mexico,Violence against civilians,1,27.2043,-102.3112
02/29/2020,Mexico,Violence against civilians,2,27.2043,-102.3112
03/07/2020,Mexico,Violence against civilians,1,27.2043,-102.3112
03/21/2020,Mexico,Violence against civilians,1,27.2043,-102.3112
04/04/2020,Mexico,Violence against civilians,2,27.2043,-102.3112
04/11/2020,Mexico,Violence against civilians,1,27.2043,-102.3112
04/18/2020,Mexico,Violence against civilians,2,27.2043,-102.3112
05/02/2020,Mexico,Violence against civilians,1,27.2043,-102.3112
05/16/2020,Mexico,Violence against civilians,1,27.2043,-102.3112
05/23/2020,Mexico,Violence against civilians,1,27.2043,-102.3112
06/06/2020,Mexico,Violence against civilians,1,27.2043,-102.3112
06/13/2020,Mexico,Violence against civilians,1,27.2043,-102.3112
06/20/2020,Mexico,Violence against civilians,3,27.2043,-102.3112
07/04/2020,Mexico,Violence against civilians,1,27.2043,-102.3112
07/18/2020,Mexico,Violence against civilians,2,27.2043,-102.3112
08/15/2020,Mexico,Violence against civilians,1,27.2043,-102.3112
08/22/2020,Mexico,Violence against civilians,2,27.2043,-102.3112
08/29/2020,Mexico,Violence against civilians,1,27.2043,-102.3112
09/12/2020,Mexico,Violence against civilians,1,27.2043,-102.3112
10/03/2020,Mexico,Violence against civilians,1,27.2043,-102.3112
10/17/2020,Mexico,Violence against civilians,1,27.2043,-102.3112
10/31/2020,Mexico,Violence against civilians,3,27.2043,-102.3112
11/14/2020,Mexico,Violence against civilians,1,27.2043,-102.3112
11/21/2020,Mexico,Violence against civilians,1,27.2043,-102.3112
11/28/2020,Mexico,Violence against civilians,1,27.2043,-102.3112
01/23/2021,Mexico,Violence against civilians,1,27.2043,-102.3112
02/06/2021,Mexico,Violence against civilians,1,27.2043,-102.3112
03/06/2021,Mexico,Violence against civilians,2,27.2043,-102.3112
03/27/2021,Mexico,Violence against civilians,1,27.2043,-102.3112
04/03/2021,Mexico,Violence against civilians,1,27.2043,-102.3112
04/10/2021,Mexico,Violence against civilians,1,27.2043,-102.3112
04/24/2021,Mexico,Violence against civilians,1,27.2043,-102.3112
06/05/2021,Mexico,Violence against civilians,2,27.2043,-102.3112
06/19/2021,Mexico,Violence against civilians,1,27.2043,-102.3112
06/26/2021,Mexico,Violence against civilians,1,27.2043,-102.3112
07/10/2021,Mexico,Violence against civilians,1,27.2043,-102.3112
07/17/2021,Mexico,Violence against civilians,1,27.2043,-102.3112
09/11/2021,Mexico,Violence against civilians,1,27.2043,-102.3112
09/18/2021,Mexico,Violence against civilians,2,27.2043,-102.3112
09/25/2021,Mexico,Violence against civilians,1,27.2043,-102.3112
10/02/2021,Mexico,Violence against civilians,1,27.2043,-102.3112
11/27/2021,Mexico,Violence against civilians,1,27.2043,-102.3112
01/22/2022,Mexico,Violence against civilians,1,27.2043,-102.3112
03/05/2022,Mexico,Violence against civilians,1,27.2043,-102.3112
03/26/2022,Mexico,Violence against civilians,1,27.2043,-102.3112
05/28/2022,Mexico,Violence against civilians,1,27.2043,-102.3112
06/11/2022,Mexico,Violence against civilians,1,27.2043,-102.3112
06/18/2022,Mexico,Violence against civilians,1,27.2043,-102.3112
08/27/2022,Mexico,Violence against civilians,1,27.2043,-102.3112
09/17/2022,Mexico,Violence against civilians,1,27.2043,-102.3112
10/15/2022,Mexico,Violence against civilians,1,27.2043,-102.3112
10/29/2022,Mexico,Violence against civilians,1,27.2043,-102.3112
11/26/2022,Mexico,Violence against civilians,1,27.2043,-102.3112
01/28/2023,Mexico,Violence against civilians,1,27.2043,-102.3112
02/25/2023,Mexico,Violence against civilians,1,27.2043,-102.3112
03/18/2023,Mexico,Violence against civilians,1,27.2043,-102.3112
03/25/2023,Mexico,Violence against civilians,1,27.2043,-102.3112
04/01/2023,Mexico,Violence against civilians,1,27.2043,-102.3112
05/27/2023,Mexico,Violence against civilians,2,27.2043,-102.3112
07/15/2023,Mexico,Violence against civilians,1,27.2043,-102.3112
07/22/2023,Mexico,Violence against civilians,2,27.2043,-102.3112
07/29/2023,Mexico,Violence against civilians,3,27.2043,-102.3112
09/09/2023,Mexico,Violence against civilians,2,27.2043,-102.3112
11/04/2023,Mexico,Violence against civilians,1,27.2043,-102.3112
12/30/2023,Mexico,Violence against civilians,1,27.2043,-102.3112
04/20/2024,Mexico,Violence against civilians,1,27.2043,-102.3112
06/22/2024,Mexico,Violence against civilians,1,27.2043,-102.3112
07/06/2024,Mexico,Violence against civilians,1,27.2043,-102.3112
08/24/2024,Mexico,Violence against civilians,2,27.2043,-102.3112
09/07/2024,Mexico,Violence against civilians,1,27.2043,-102.3112
10/19/2024,Mexico,Violence against civilians,1,27.2043,-102.3112
11/23/2024,Mexico,Violence against civilians,1,27.2043,-102.3112
11/30/2024,Mexico,Violence against civilians,1,27.2043,-102.3112
12/14/2024,Mexico,Violence against civilians,2,27.2043,-102.3112
01/25/2025,Mexico,Violence against civilians,1,27.2043,-102.3112
03/01/2025,Mexico,Violence against civilians,1,27.2043,-102.3112
04/19/2025,Mexico,Violence against civilians,1,27.2043,-102.3112
05/31/2025,Mexico,Violence against civilians,1,27.2043,-102.3112
06/14/2025,Mexico,Violence against civilians,1,27.2043,-102.3112
07/05/2025,Mexico,Violence against civilians,1,27.2043,-102.3112
08/02/2025,Mexico,Violence against civilians,1,27.2043,-102.3112
09/13/2025,Mexico,Violence against civilians,1,27.2043,-102.3112
08/17/2019,Mexico,Violence against civilians,1,27.2043,-102.3112
08/31/2019,Mexico,Violence against civilians,1,27.2043,-102.3112
02/29/2020,Mexico,Violence against civilians,1,27.2043,-102.3112
05/29/2021,Mexico,Violence against civilians,1,27.2043,-102.3112
07/12/2025,Mexico,Violence against civilians,1,27.2043,-102.3112
05/23/2020,Mexico,Explosions/Remote violence,1,19.1002,-103.9241
12/17/2022,Mexico,Explosions/Remote violence,1,19.1002,-103.9241
09/30/2023,Mexico,Explosions/Remote violence,1,19.1002,-103.9241
02/22/2025,Mexico,Explosions/Remote violence,1,19.1002,-103.9241
06/30/2018,Mexico,Riots,1,19.1002,-103.9241
12/15/2018,Mexico,Riots,1,19.1002,-103.9241
09/21/2019,Mexico,Riots,1,19.1002,-103.9241
11/30/2019,Mexico,Riots,1,19.1002,-103.9241
12/14/2019,Mexico,Riots,1,19.1002,-103.9241
04/18/2020,Mexico,Riots,1,19.1002,-103.9241
02/11/2023,Mexico,Riots,1,19.1002,-103.9241
04/07/2018,Mexico,Riots,1,19.1002,-103.9241
05/09/2020,Mexico,Riots,1,19.1002,-103.9241
03/04/2023,Mexico,Riots,1,19.1002,-103.9241
03/11/2023,Mexico,Riots,1,19.1002,-103.9241
03/02/2024,Mexico,Riots,1,19.1002,-103.9241
11/09/2024,Mexico,Riots,1,19.1002,-103.9241
12/14/2024,Mexico,Riots,1,19.1002,-103.9241
03/08/2025,Mexico,Riots,1,19.1002,-103.9241
02/16/2019,Mexico,Violence against civilians,1,19.1002,-103.9241
08/17/2019,Mexico,Violence against civilians,1,19.1002,-103.9241
10/10/2020,Mexico,Violence against civilians,1,19.1002,-103.9241
06/04/2022,Mexico,Violence against civilians,1,19.1002,-103.9241
07/30/2022,Mexico,Violence against civilians,1,19.1002,-103.9241
10/08/2022,Mexico,Violence against civilians,1,19.1002,-103.9241
01/14/2023,Mexico,Violence against civilians,1,19.1002,-103.9241
04/15/2023,Mexico,Violence against civilians,1,19.1002,-103.9241
12/30/2023,Mexico,Violence against civilians,1,19.1002,-103.9241
03/30/2024,Mexico,Violence against civilians,1,19.1002,-103.9241
05/04/2024,Mexico,Violence against civilians,1,19.1002,-103.9241
03/01/2025,Mexico,Violence against civilians,1,19.1002,-103.9241
09/20/2025,Mexico,Violence against civilians,1,19.1002,-103.9241
12/30/2017,Mexico,Violence against civilians,1,19.1002,-103.9241
01/06/2018,Mexico,Violence against civilians,4,19.1002,-103.9241
01/13/2018,Mexico,Violence against civilians,1,19.1002,-103.9241
01/20/2018,Mexico,Violence against civilians,3,19.1002,-103.9241
01/27/2018,Mexico,Violence against civilians,1,19.1002,-103.9241
02/10/2018,Mexico,Violence against civilians,4,19.1002,-103.9241
02/17/2018,Mexico,Violence against civilians,4,19.1002,-103.9241
02/24/2018,Mexico,Violence against civilians,1,19.1002,-103.9241
03/03/2018,Mexico,Violence against civilians,4,19.1002,-103.9241
03/10/2018,Mexico,Violence against civilians,2,19.1002,-103.9241
03/17/2018,Mexico,Violence against civilians,5,19.1002,-103.9241
03/31/2018,Mexico,Violence against civilians,8,19.1002,-103.9241
04/07/2018,Mexico,Violence against civilians,2,19.1002,-103.9241
04/14/2018,Mexico,Violence against civilians,7,19.1002,-103.9241
04/21/2018,Mexico,Violence against civilians,7,19.1002,-103.9241
05/05/2018,Mexico,Violence against civilians,7,19.1002,-103.9241
05/12/2018,Mexico,Violence against civilians,5,19.1002,-103.9241
05/19/2018,Mexico,Violence against civilians,5,19.1002,-103.9241
05/26/2018,Mexico,Violence against civilians,3,19.1002,-103.9241
06/02/2018,Mexico,Violence against civilians,2,19.1002,-103.9241
06/09/2018,Mexico,Violence against civilians,2,19.1002,-103.9241
06/16/2018,Mexico,Violence against civilians,1,19.1002,-103.9241
06/23/2018,Mexico,Violence against civilians,3,19.1002,-103.9241
06/30/2018,Mexico,Violence against civilians,1,19.1002,-103.9241
07/07/2018,Mexico,Violence against civilians,1,19.1002,-103.9241
07/14/2018,Mexico,Violence against civilians,1,19.1002,-103.9241
07/21/2018,Mexico,Violence against civilians,4,19.1002,-103.9241
07/28/2018,Mexico,Violence against civilians,4,19.1002,-103.9241
08/04/2018,Mexico,Violence against civilians,1,19.1002,-103.9241
08/11/2018,Mexico,Violence against civilians,1,19.1002,-103.9241
08/18/2018,Mexico,Violence against civilians,6,19.1002,-103.9241
08/25/2018,Mexico,Violence against civilians,4,19.1002,-103.9241
09/01/2018,Mexico,Violence against civilians,3,19.1002,-103.9241
09/08/2018,Mexico,Violence against civilians,1,19.1002,-103.9241
09/15/2018,Mexico,Violence against civilians,5,19.1002,-103.9241
09/22/2018,Mexico,Violence against civilians,9,19.1002,-103.9241
09/29/2018,Mexico,Violence against civilians,5,19.1002,-103.9241
10/13/2018,Mexico,Violence against civilians,3,19.1002,-103.9241
10/20/2018,Mexico,Violence against civilians,6,19.1002,-103.9241
10/27/2018,Mexico,Violence against civilians,4,19.1002,-103.9241
11/03/2018,Mexico,Violence against civilians,4,19.1002,-103.9241
11/10/2018,Mexico,Violence against civilians,5,19.1002,-103.9241
11/17/2018,Mexico,Violence against civilians,6,19.1002,-103.9241
11/24/2018,Mexico,Violence against civilians,1,19.1002,-103.9241
12/01/2018,Mexico,Violence against civilians,4,19.1002,-103.9241
12/15/2018,Mexico,Violence against civilians,1,19.1002,-103.9241
12/22/2018,Mexico,Violence against civilians,2,19.1002,-103.9241
12/29/2018,Mexico,Violence against civilians,7,19.1002,-103.9241
01/05/2019,Mexico,Violence against civilians,2,19.1002,-103.9241
01/12/2019,Mexico,Violence against civilians,4,19.1002,-103.9241
01/19/2019,Mexico,Violence against civilians,8,19.1002,-103.9241
01/26/2019,Mexico,Violence against civilians,1,19.1002,-103.9241
02/02/2019,Mexico,Violence against civilians,8,19.1002,-103.9241
02/09/2019,Mexico,Violence against civilians,2,19.1002,-103.9241
02/16/2019,Mexico,Violence against civilians,3,19.1002,-103.9241
02/23/2019,Mexico,Violence against civilians,6,19.1002,-103.9241
03/02/2019,Mexico,Violence against civilians,2,19.1002,-103.9241
03/09/2019,Mexico,Violence against civilians,2,19.1002,-103.9241
03/16/2019,Mexico,Violence against civilians,1,19.1002,-103.9241
03/23/2019,Mexico,Violence against civilians,1,19.1002,-103.9241
03/30/2019,Mexico,Violence against civilians,7,19.1002,-103.9241
04/13/2019,Mexico,Violence against civilians,13,19.1002,-103.9241
04/20/2019,Mexico,Violence against civilians,3,19.1002,-103.9241
04/27/2019,Mexico,Violence against civilians,1,19.1002,-103.9241
05/04/2019,Mexico,Violence against civilians,3,19.1002,-103.9241
05/11/2019,Mexico,Violence against civilians,1,19.1002,-103.9241
05/18/2019,Mexico,Violence against civilians,3,19.1002,-103.9241
05/25/2019,Mexico,Violence against civilians,6,19.1002,-103.9241
06/01/2019,Mexico,Violence against civilians,3,19.1002,-103.9241
06/08/2019,Mexico,Violence against civilians,4,19.1002,-103.9241
06/15/2019,Mexico,Violence against civilians,7,19.1002,-103.9241
06/22/2019,Mexico,Violence against civilians,4,19.1002,-103.9241
06/29/2019,Mexico,Violence against civilians,3,19.1002,-103.9241
07/06/2019,Mexico,Violence against civilians,3,19.1002,-103.9241
07/13/2019,Mexico,Violence against civilians,4,19.1002,-103.9241
07/20/2019,Mexico,Violence against civilians,3,19.1002,-103.9241
07/27/2019,Mexico,Violence against civilians,4,19.1002,-103.9241
08/03/2019,Mexico,Violence against civilians,2,19.1002,-103.9241
08/10/2019,Mexico,Violence against civilians,5,19.1002,-103.9241
08/17/2019,Mexico,Violence against civilians,2,19.1002,-103.9241
08/24/2019,Mexico,Violence against civilians,3,19.1002,-103.9241
08/31/2019,Mexico,Violence against civilians,8,19.1002,-103.9241
09/07/2019,Mexico,Violence against civilians,3,19.1002,-103.9241
09/14/2019,Mexico,Violence against civilians,4,19.1002,-103.9241
09/21/2019,Mexico,Violence against civilians,3,19.1002,-103.9241
09/28/2019,Mexico,Violence against civilians,6,19.1002,-103.9241
10/05/2019,Mexico,Violence against civilians,4,19.1002,-103.9241
10/12/2019,Mexico,Violence against civilians,4,19.1002,-103.9241
10/19/2019,Mexico,Violence against civilians,2,19.1002,-103.9241
10/26/2019,Mexico,Violence against civilians,5,19.1002,-103.9241
11/02/2019,Mexico,Violence against civilians,6,19.1002,-103.9241
11/09/2019,Mexico,Violence against civilians,6,19.1002,-103.9241
11/16/2019,Mexico,Violence against civilians,6,19.1002,-103.9241
11/23/2019,Mexico,Violence against civilians,8,19.1002,-103.9241
11/30/2019,Mexico,Violence against civilians,6,19.1002,-103.9241
12/07/2019,Mexico,Violence against civilians,4,19.1002,-103.9241
12/14/2019,Mexico,Violence against civilians,5,19.1002,-103.9241
12/28/2019,Mexico,Violence against civilians,3,19.1002,-103.9241
01/04/2020,Mexico,Violence against civilians,4,19.1002,-103.9241
01/11/2020,Mexico,Violence against civilians,7,19.1002,-103.9241
01/18/2020,Mexico,Violence against civilians,3,19.1002,-103.9241
01/25/2020,Mexico,Violence against civilians,3,19.1002,-103.9241
02/01/2020,Mexico,Violence against civilians,5,19.1002,-103.9241
02/15/2020,Mexico,Violence against civilians,3,19.1002,-103.9241
02/22/2020,Mexico,Violence against civilians,1,19.1002,-103.9241
02/29/2020,Mexico,Violence against civilians,3,19.1002,-103.9241
03/07/2020,Mexico,Violence against civilians,3,19.1002,-103.9241
03/14/2020,Mexico,Violence against civilians,3,19.1002,-103.9241
03/21/2020,Mexico,Violence against civilians,3,19.1002,-103.9241
03/28/2020,Mexico,Violence against civilians,2,19.1002,-103.9241
04/04/2020,Mexico,Violence against civilians,6,19.1002,-103.9241
04/11/2020,Mexico,Violence against civilians,5,19.1002,-103.9241
04/18/2020,Mexico,Violence against civilians,6,19.1002,-103.9241
05/02/2020,Mexico,Violence against civilians,5,19.1002,-103.9241
05/09/2020,Mexico,Violence against civilians,2,19.1002,-103.9241
05/16/2020,Mexico,Violence against civilians,4,19.1002,-103.9241
05/23/2020,Mexico,Violence against civilians,2,19.1002,-103.9241
05/30/2020,Mexico,Violence against civilians,2,19.1002,-103.9241
06/13/2020,Mexico,Violence against civilians,3,19.1002,-103.9241
06/20/2020,Mexico,Violence against civilians,1,19.1002,-103.9241
06/27/2020,Mexico,Violence against civilians,2,19.1002,-103.9241
07/04/2020,Mexico,Violence against civilians,3,19.1002,-103.9241
07/11/2020,Mexico,Violence against civilians,2,19.1002,-103.9241
07/18/2020,Mexico,Violence against civilians,3,19.1002,-103.9241
07/25/2020,Mexico,Violence against civilians,4,19.1002,-103.9241
08/01/2020,Mexico,Violence against civilians,1,19.1002,-103.9241
08/08/2020,Mexico,Violence against civilians,2,19.1002,-103.9241
08/15/2020,Mexico,Violence against civilians,2,19.1002,-103.9241
08/22/2020,Mexico,Violence against civilians,3,19.1002,-103.9241
08/29/2020,Mexico,Violence against civilians,5,19.1002,-103.9241
09/05/2020,Mexico,Violence against civilians,1,19.1002,-103.9241
09/12/2020,Mexico,Violence against civilians,1,19.1002,-103.9241
09/19/2020,Mexico,Violence against civilians,3,19.1002,-103.9241
09/26/2020,Mexico,Violence against civilians,2,19.1002,-103.9241
10/10/2020,Mexico,Violence against civilians,2,19.1002,-103.9241
10/17/2020,Mexico,Violence against civilians,4,19.1002,-103.9241
10/24/2020,Mexico,Violence against civilians,2,19.1002,-103.9241
10/31/2020,Mexico,Violence against civilians,1,19.1002,-103.9241
11/07/2020,Mexico,Violence against civilians,1,19.1002,-103.9241
11/14/2020,Mexico,Violence against civilians,2,19.1002,-103.9241
11/21/2020,Mexico,Violence against civilians,8,19.1002,-103.9241
11/28/2020,Mexico,Violence against civilians,6,19.1002,-103.9241
12/05/2020,Mexico,Violence against civilians,2,19.1002,-103.9241
12/12/2020,Mexico,Violence against civilians,3,19.1002,-103.9241
12/19/2020,Mexico,Violence against civilians,2,19.1002,-103.9241
01/02/2021,Mexico,Violence against civilians,2,19.1002,-103.9241
01/09/2021,Mexico,Violence against civilians,3,19.1002,-103.9241
01/16/2021,Mexico,Violence against civilians,3,19.1002,-103.9241
01/23/2021,Mexico,Violence against civilians,4,19.1002,-103.9241
01/30/2021,Mexico,Violence against civilians,7,19.1002,-103.9241
02/06/2021,Mexico,Violence against civilians,6,19.1002,-103.9241
02/13/2021,Mexico,Violence against civilians,4,19.1002,-103.9241
02/20/2021,Mexico,Violence against civilians,3,19.1002,-103.9241
02/27/2021,Mexico,Violence against civilians,3,19.1002,-103.9241
03/06/2021,Mexico,Violence against civilians,5,19.1002,-103.9241
03/13/2021,Mexico,Violence against civilians,3,19.1002,-103.9241
03/20/2021,Mexico,Violence against civilians,2,19.1002,-103.9241
03/27/2021,Mexico,Violence against civilians,3,19.1002,-103.9241
04/03/2021,Mexico,Violence against civilians,1,19.1002,-103.9241
04/10/2021,Mexico,Violence against civilians,5,19.1002,-103.9241
04/17/2021,Mexico,Violence against civilians,1,19.1002,-103.9241
04/24/2021,Mexico,Violence against civilians,5,19.1002,-103.9241
05/01/2021,Mexico,Violence against civilians,4,19.1002,-103.9241
05/08/2021,Mexico,Violence against civilians,3,19.1002,-103.9241
05/15/2021,Mexico,Violence against civilians,4,19.1002,-103.9241
05/22/2021,Mexico,Violence against civilians,2,19.1002,-103.9241
06/05/2021,Mexico,Violence against civilians,7,19.1002,-103.9241
06/12/2021,Mexico,Violence against civilians,3,19.1002,-103.9241
06/19/2021,Mexico,Violence against civilians,3,19.1002,-103.9241
06/26/2021,Mexico,Violence against civilians,8,19.1002,-103.9241
07/03/2021,Mexico,Violence against civilians,2,19.1002,-103.9241
07/10/2021,Mexico,Violence against civilians,2,19.1002,-103.9241
07/17/2021,Mexico,Violence against civilians,4,19.1002,-103.9241
07/24/2021,Mexico,Violence against civilians,1,19.1002,-103.9241
07/31/2021,Mexico,Violence against civilians,2,19.1002,-103.9241
08/07/2021,Mexico,Violence against civilians,3,19.1002,-103.9241
08/14/2021,Mexico,Violence against civilians,3,19.1002,-103.9241
08/21/2021,Mexico,Violence against civilians,7,19.1002,-103.9241
08/28/2021,Mexico,Violence against civilians,1,19.1002,-103.9241
09/04/2021,Mexico,Violence against civilians,1,19.1002,-103.9241
09/11/2021,Mexico,Violence against civilians,4,19.1002,-103.9241
09/18/2021,Mexico,Violence against civilians,3,19.1002,-103.9241
09/25/2021,Mexico,Violence against civilians,3,19.1002,-103.9241
10/09/2021,Mexico,Violence against civilians,2,19.1002,-103.9241
10/16/2021,Mexico,Violence against civilians,2,19.1002,-103.9241
10/23/2021,Mexico,Violence against civilians,1,19.1002,-103.9241
10/30/2021,Mexico,Violence against civilians,3,19.1002,-103.9241
11/06/2021,Mexico,Violence against civilians,3,19.1002,-103.9241
11/13/2021,Mexico,Violence against civilians,3,19.1002,-103.9241
12/04/2021,Mexico,Violence against civilians,2,19.1002,-103.9241
12/11/2021,Mexico,Violence against civilians,3,19.1002,-103.9241
12/25/2021,Mexico,Violence against civilians,4,19.1002,-103.9241
01/01/2022,Mexico,Violence against civilians,3,19.1002,-103.9241
01/08/2022,Mexico,Violence against civilians,2,19.1002,-103.9241
01/15/2022,Mexico,Violence against civilians,5,19.1002,-103.9241
01/22/2022,Mexico,Violence against civilians,5,19.1002,-103.9241
01/29/2022,Mexico,Violence against civilians,2,19.1002,-103.9241
02/05/2022,Mexico,Violence against civilians,13,19.1002,-103.9241
02/12/2022,Mexico,Violence against civilians,9,19.1002,-103.9241
02/19/2022,Mexico,Violence against civilians,12,19.1002,-103.9241
02/26/2022,Mexico,Violence against civilians,13,19.1002,-103.9241
03/05/2022,Mexico,Violence against civilians,10,19.1002,-103.9241
03/12/2022,Mexico,Violence against civilians,6,19.1002,-103.9241
03/19/2022,Mexico,Violence against civilians,8,19.1002,-103.9241
03/26/2022,Mexico,Violence against civilians,7,19.1002,-103.9241
04/02/2022,Mexico,Violence against civilians,9,19.1002,-103.9241
04/09/2022,Mexico,Violence against civilians,6,19.1002,-103.9241
04/16/2022,Mexico,Violence against civilians,5,19.1002,-103.9241
04/23/2022,Mexico,Violence against civilians,7,19.1002,-103.9241
04/30/2022,Mexico,Violence against civilians,7,19.1002,-103.9241
05/07/2022,Mexico,Violence against civilians,6,19.1002,-103.9241
05/14/2022,Mexico,Violence against civilians,8,19.1002,-103.9241
05/21/2022,Mexico,Violence against civilians,6,19.1002,-103.9241
05/28/2022,Mexico,Violence against civilians,4,19.1002,-103.9241
06/04/2022,Mexico,Violence against civilians,15,19.1002,-103.9241
06/11/2022,Mexico,Violence against civilians,7,19.1002,-103.9241
06/18/2022,Mexico,Violence against civilians,3,19.1002,-103.9241
06/25/2022,Mexico,Violence against civilians,5,19.1002,-103.9241
07/02/2022,Mexico,Violence against civilians,2,19.1002,-103.9241
07/09/2022,Mexico,Violence against civilians,5,19.1002,-103.9241
07/16/2022,Mexico,Violence against civilians,4,19.1002,-103.9241
07/23/2022,Mexico,Violence against civilians,6,19.1002,-103.9241
07/30/2022,Mexico,Violence against civilians,9,19.1002,-103.9241
08/06/2022,Mexico,Violence against civilians,5,19.1002,-103.9241
08/13/2022,Mexico,Violence against civilians,4,19.1002,-103.9241
08/20/2022,Mexico,Violence against civilians,8,19.1002,-103.9241
08/27/2022,Mexico,Violence against civilians,4,19.1002,-103.9241
09/03/2022,Mexico,Violence against civilians,6,19.1002,-103.9241
09/10/2022,Mexico,Violence against civilians,9,19.1002,-103.9241
09/17/2022,Mexico,Violence against civilians,5,19.1002,-103.9241
09/24/2022,Mexico,Violence against civilians,6,19.1002,-103.9241
10/01/2022,Mexico,Violence against civilians,7,19.1002,-103.9241
10/08/2022,Mexico,Violence against civilians,7,19.1002,-103.9241
10/15/2022,Mexico,Violence against civilians,5,19.1002,-103.9241
10/22/2022,Mexico,Violence against civilians,3,19.1002,-103.9241
10/29/2022,Mexico,Violence against civilians,3,19.1002,-103.9241
11/05/2022,Mexico,Violence against civilians,6,19.1002,-103.9241
11/12/2022,Mexico,Violence against civilians,4,19.1002,-103.9241
11/19/2022,Mexico,Violence against civilians,3,19.1002,-103.9241
12/03/2022,Mexico,Violence against civilians,9,19.1002,-103.9241
12/10/2022,Mexico,Violence against civilians,2,19.1002,-103.9241
12/17/2022,Mexico,Violence against civilians,5,19.1002,-103.9241
12/24/2022,Mexico,Violence against civilians,4,19.1002,-103.9241
12/31/2022,Mexico,Violence against civilians,4,19.1002,-103.9241
01/07/2023,Mexico,Violence against civilians,2,19.1002,-103.9241
01/14/2023,Mexico,Violence against civilians,6,19.1002,-103.9241
01/28/2023,Mexico,Violence against civilians,5,19.1002,-103.9241
02/04/2023,Mexico,Violence against civilians,4,19.1002,-103.9241
02/11/2023,Mexico,Violence against civilians,2,19.1002,-103.9241
02/18/2023,Mexico,Violence against civilians,2,19.1002,-103.9241
02/25/2023,Mexico,Violence against civilians,5,19.1002,-103.9241
03/04/2023,Mexico,Violence against civilians,3,19.1002,-103.9241
03/11/2023,Mexico,Violence against civilians,2,19.1002,-103.9241
03/18/2023,Mexico,Violence against civilians,8,19.1002,-103.9241
03/25/2023,Mexico,Violence against civilians,6,19.1002,-103.9241
04/01/2023,Mexico,Violence against civilians,2,19.1002,-103.9241
04/08/2023,Mexico,Violence against civilians,6,19.1002,-103.9241
04/15/2023,Mexico,Violence against civilians,9,19.1002,-103.9241
04/22/2023,Mexico,Violence against civilians,9,19.1002,-103.9241
04/29/2023,Mexico,Violence against civilians,9,19.1002,-103.9241
05/06/2023,Mexico,Violence against civilians,2,19.1002,-103.9241
05/13/2023,Mexico,Violence against civilians,5,19.1002,-103.9241
05/20/2023,Mexico,Violence against civilians,2,19.1002,-103.9241
05/27/2023,Mexico,Violence against civilians,5,19.1002,-103.9241
06/03/2023,Mexico,Violence against civilians,3,19.1002,-103.9241
06/10/2023,Mexico,Violence against civilians,3,19.1002,-103.9241
06/17/2023,Mexico,Violence against civilians,1,19.1002,-103.9241
06/24/2023,Mexico,Violence against civilians,4,19.1002,-103.9241
07/01/2023,Mexico,Violence against civilians,4,19.1002,-103.9241
07/08/2023,Mexico,Violence against civilians,6,19.1002,-103.9241
07/15/2023,Mexico,Violence against civilians,6,19.1002,-103.9241
07/22/2023,Mexico,Violence against civilians,3,19.1002,-103.9241
07/29/2023,Mexico,Violence against civilians,1,19.1002,-103.9241
08/05/2023,Mexico,Violence against civilians,1,19.1002,-103.9241
08/12/2023,Mexico,Violence against civilians,4,19.1002,-103.9241
08/19/2023,Mexico,Violence against civilians,3,19.1002,-103.9241
08/26/2023,Mexico,Violence against civilians,7,19.1002,-103.9241
09/02/2023,Mexico,Violence against civilians,6,19.1002,-103.9241
09/09/2023,Mexico,Violence against civilians,3,19.1002,-103.9241
09/16/2023,Mexico,Violence against civilians,2,19.1002,-103.9241
09/23/2023,Mexico,Violence against civilians,3,19.1002,-103.9241
09/30/2023,Mexico,Violence against civilians,2,19.1002,-103.9241
10/07/2023,Mexico,Violence against civilians,2,19.1002,-103.9241
10/21/2023,Mexico,Violence against civilians,2,19.1002,-103.9241
10/28/2023,Mexico,Violence against civilians,2,19.1002,-103.9241
11/04/2023,Mexico,Violence against civilians,2,19.1002,-103.9241
11/11/2023,Mexico,Violence against civilians,3,19.1002,-103.9241
11/25/2023,Mexico,Violence against civilians,1,19.1002,-103.9241
12/02/2023,Mexico,Violence against civilians,3,19.1002,-103.9241
12/09/2023,Mexico,Violence against civilians,3,19.1002,-103.9241
12/16/2023,Mexico,Violence against civilians,1,19.1002,-103.9241
12/30/2023,Mexico,Violence against civilians,2,19.1002,-103.9241
01/06/2024,Mexico,Violence against civilians,3,19.1002,-103.9241
01/13/2024,Mexico,Violence against civilians,3,19.1002,-103.9241
01/20/2024,Mexico,Violence against civilians,3,19.1002,-103.9241
02/03/2024,Mexico,Violence against civilians,4,19.1002,-103.9241
02/10/2024,Mexico,Violence against civilians,1,19.1002,-103.9241
02/17/2024,Mexico,Violence against civilians,1,19.1002,-103.9241
02/24/2024,Mexico,Violence against civilians,3,19.1002,-103.9241
03/02/2024,Mexico,Violence against civilians,1,19.1002,-103.9241
03/09/2024,Mexico,Violence against civilians,1,19.1002,-103.9241
03/16/2024,Mexico,Violence against civilians,3,19.1002,-103.9241
03/23/2024,Mexico,Violence against civilians,1,19.1002,-103.9241
03/30/2024,Mexico,Violence against civilians,1,19.1002,-103.9241
04/06/2024,Mexico,Violence against civilians,4,19.1002,-103.9241
04/13/2024,Mexico,Violence against civilians,5,19.1002,-103.9241
04/20/2024,Mexico,Violence against civilians,3,19.1002,-103.9241
04/27/2024,Mexico,Violence against civilians,5,19.1002,-103.9241
05/04/2024,Mexico,Violence against civilians,6,19.1002,-103.9241
05/11/2024,Mexico,Violence against civilians,3,19.1002,-103.9241
05/18/2024,Mexico,Violence against civilians,1,19.1002,-103.9241
06/01/2024,Mexico,Violence against civilians,7,19.1002,-103.9241
06/08/2024,Mexico,Violence against civilians,3,19.1002,-103.9241
06/15/2024,Mexico,Violence against civilians,6,19.1002,-103.9241
06/22/2024,Mexico,Violence against civilians,5,19.1002,-103.9241
06/29/2024,Mexico,Violence against civilians,4,19.1002,-103.9241
07/06/2024,Mexico,Violence against civilians,4,19.1002,-103.9241
07/13/2024,Mexico,Violence against civilians,5,19.1002,-103.9241
07/20/2024,Mexico,Violence against civilians,3,19.1002,-103.9241
07/27/2024,Mexico,Violence against civilians,5,19.1002,-103.9241
08/03/2024,Mexico,Violence against civilians,7,19.1002,-103.9241
08/10/2024,Mexico,Violence against civilians,4,19.1002,-103.9241
08/17/2024,Mexico,Violence against civilians,5,19.1002,-103.9241
08/24/2024,Mexico,Violence against civilians,1,19.1002,-103.9241
08/31/2024,Mexico,Violence against civilians,3,19.1002,-103.9241
09/07/2024,Mexico,Violence against civilians,5,19.1002,-103.9241
09/14/2024,Mexico,Violence against civilians,1,19.1002,-103.9241
09/21/2024,Mexico,Violence against civilians,7,19.1002,-103.9241
09/28/2024,Mexico,Violence against civilians,6,19.1002,-103.9241
10/05/2024,Mexico,Violence against civilians,2,19.1002,-103.9241
10/12/2024,Mexico,Violence against civilians,4,19.1002,-103.9241
10/19/2024,Mexico,Violence against civilians,6,19.1002,-103.9241
10/26/2024,Mexico,Violence against civilians,8,19.1002,-103.9241
11/02/2024,Mexico,Violence against civilians,7,19.1002,-103.9241
11/09/2024,Mexico,Violence against civilians,3,19.1002,-103.9241
11/16/2024,Mexico,Violence against civilians,3,19.1002,-103.9241
11/23/2024,Mexico,Violence against civilians,4,19.1002,-103.9241
11/30/2024,Mexico,Violence against civilians,3,19.1002,-103.9241
12/07/2024,Mexico,Violence against civilians,4,19.1002,-103.9241
12/14/2024,Mexico,Violence against civilians,2,19.1002,-103.9241
12/21/2024,Mexico,Violence against civilians,4,19.1002,-103.9241
12/28/2024,Mexico,Violence against civilians,2,19.1002,-103.9241
01/04/2025,Mexico,Violence against civilians,1,19.1002,-103.9241
01/11/2025,Mexico,Violence against civilians,2,19.1002,-103.9241
01/18/2025,Mexico,Violence against civilians,2,19.1002,-103.9241
01/25/2025,Mexico,Violence against civilians,5,19.1002,-103.9241
02/01/2025,Mexico,Violence against civilians,4,19.1002,-103.9241
02/08/2025,Mexico,Violence against civilians,3,19.1002,-103.9241
02/15/2025,Mexico,Violence against civilians,2,19.1002,-103.9241
02/22/2025,Mexico,Violence against civilians,3,19.1002,-103.9241
03/01/2025,Mexico,Violence against civilians,1,19.1002,-103.9241
03/08/2025,Mexico,Violence against civilians,4,19.1002,-103.9241
03/15/2025,Mexico,Violence against civilians,1,19.1002,-103.9241
03/22/2025,Mexico,Violence against civilians,4,19.1002,-103.9241
03/29/2025,Mexico,Violence against civilians,1,19.1002,-103.9241
04/05/2025,Mexico,Violence against civilians,2,19.1002,-103.9241
04/12/2025,Mexico,Violence against civilians,3,19.1002,-103.9241
04/19/2025,Mexico,Violence against civilians,1,19.1002,-103.9241
04/26/2025,Mexico,Violence against civilians,2,19.1002,-103.9241
05/03/2025,Mexico,Violence against civilians,3,19.1002,-103.9241
05/10/2025,Mexico,Violence against civilians,2,19.1002,-103.9241
05/24/2025,Mexico,Violence against civilians,2,19.1002,-103.9241
06/07/2025,Mexico,Violence against civilians,4,19.1002,-103.9241
06/14/2025,Mexico,Violence against civilians,6,19.1002,-103.9241
06/21/2025,Mexico,Violence against civilians,6,19.1002,-103.9241
06/28/2025,Mexico,Violence against civilians,3,19.1002,-103.9241
07/05/2025,Mexico,Violence against civilians,7,19.1002,-103.9241
07/12/2025,Mexico,Violence against civilians,4,19.1002,-103.9241
07/19/2025,Mexico,Violence against civilians,5,19.1002,-103.9241
07/26/2025,Mexico,Violence against civilians,5,19.1002,-103.9241
08/02/2025,Mexico,Violence against civilians,1,19.1002,-103.9241
08/09/2025,Mexico,Violence against civilians,5,19.1002,-103.9241
08/16/2025,Mexico,Violence against civilians,3,19.1002,-103.9241
08/23/2025,Mexico,Violence against civilians,2,19.1002,-103.9241
08/30/2025,Mexico,Violence against civilians,2,19.1002,-103.9241
09/06/2025,Mexico,Violence against civilians,3,19.1002,-103.9241
09/13/2025,Mexico,Violence against civilians,5,19.1002,-103.9241
09/20/2025,Mexico,Violence against civilians,2,19.1002,-103.9241
09/27/2025,Mexico,Violence against civilians,2,19.1002,-103.9241
10/04/2025,Mexico,Violence against civilians,2,19.1002,-103.9241
10/11/2025,Mexico,Violence against civilians,3,19.1002,-103.9241
10/18/2025,Mexico,Violence against civilians,5,19.1002,-103.9241
08/24/2019,Mexico,Violence against civilians,1,19.1002,-103.9241
10/26/2024,Mexico,Explosions/Remote violence,1,24.5851,-104.5837
11/02/2024,Mexico,Explosions/Remote violence,1,24.5851,-104.5837
09/13/2025,Mexico,Explosions/Remote violence,1,24.5851,-104.5837
09/27/2025,Mexico,Explosions/Remote violence,1,24.5851,-104.5837
11/03/2018,Mexico,Riots,1,24.5851,-104.5837
05/18/2019,Mexico,Riots,1,24.5851,-104.5837
06/01/2019,Mexico,Riots,1,24.5851,-104.5837
10/26/2019,Mexico,Riots,1,24.5851,-104.5837
11/23/2019,Mexico,Riots,1,24.5851,-104.5837
01/04/2020,Mexico,Riots,1,24.5851,-104.5837
10/10/2020,Mexico,Riots,1,24.5851,-104.5837
05/08/2021,Mexico,Riots,1,24.5851,-104.5837
06/26/2021,Mexico,Riots,1,24.5851,-104.5837
12/11/2021,Mexico,Riots,1,24.5851,-104.5837
01/29/2022,Mexico,Riots,1,24.5851,-104.5837
02/12/2022,Mexico,Riots,1,24.5851,-104.5837
02/26/2022,Mexico,Riots,1,24.5851,-104.5837
04/09/2022,Mexico,Riots,1,24.5851,-104.5837
09/09/2023,Mexico,Riots,1,24.5851,-104.5837
08/09/2025,Mexico,Riots,1,24.5851,-104.5837
10/18/2025,Mexico,Riots,1,24.5851,-104.5837
03/03/2018,Mexico,Riots,1,24.5851,-104.5837
10/06/2018,Mexico,Riots,1,24.5851,-104.5837
09/05/2020,Mexico,Riots,1,24.5851,-104.5837
04/17/2021,Mexico,Riots,1,24.5851,-104.5837
07/30/2022,Mexico,Riots,1,24.5851,-104.5837
03/04/2023,Mexico,Riots,1,24.5851,-104.5837
05/06/2023,Mexico,Riots,1,24.5851,-104.5837
06/17/2023,Mexico,Riots,1,24.5851,-104.5837
07/08/2023,Mexico,Riots,1,24.5851,-104.5837
05/11/2024,Mexico,Riots,1,24.5851,-104.5837
06/29/2024,Mexico,Riots,1,24.5851,-104.5837
03/08/2025,Mexico,Riots,1,24.5851,-104.5837
04/05/2025,Mexico,Riots,1,24.5851,-104.5837
06/28/2025,Mexico,Riots,1,24.5851,-104.5837
03/16/2019,Mexico,Violence against civilians,2,24.5851,-104.5837
07/06/2019,Mexico,Violence against civilians,1,24.5851,-104.5837
07/13/2019,Mexico,Violence against civilians,1,24.5851,-104.5837
12/10/2022,Mexico,Violence against civilians,1,24.5851,-104.5837
04/29/2023,Mexico,Violence against civilians,1,24.5851,-104.5837
05/20/2023,Mexico,Violence against civilians,1,24.5851,-104.5837
07/27/2024,Mexico,Violence against civilians,1,24.5851,-104.5837
12/30/2017,Mexico,Violence against civilians,1,24.5851,-104.5837
01/20/2018,Mexico,Violence against civilians,2,24.5851,-104.5837
02/17/2018,Mexico,Violence against civilians,1,24.5851,-104.5837
03/03/2018,Mexico,Violence against civilians,2,24.5851,-104.5837
03/10/2018,Mexico,Violence against civilians,2,24.5851,-104.5837
03/17/2018,Mexico,Violence against civilians,1,24.5851,-104.5837
03/24/2018,Mexico,Violence against civilians,1,24.5851,-104.5837
03/31/2018,Mexico,Violence against civilians,1,24.5851,-104.5837
05/05/2018,Mexico,Violence against civilians,1,24.5851,-104.5837
05/19/2018,Mexico,Violence against civilians,1,24.5851,-104.5837
06/16/2018,Mexico,Violence against civilians,1,24.5851,-104.5837
07/07/2018,Mexico,Violence against civilians,1,24.5851,-104.5837
08/25/2018,Mexico,Violence against civilians,1,24.5851,-104.5837
09/22/2018,Mexico,Violence against civilians,2,24.5851,-104.5837
09/29/2018,Mexico,Violence against civilians,1,24.5851,-104.5837
10/13/2018,Mexico,Violence against civilians,1,24.5851,-104.5837
10/20/2018,Mexico,Violence against civilians,1,24.5851,-104.5837
10/27/2018,Mexico,Violence against civilians,1,24.5851,-104.5837
11/10/2018,Mexico,Violence against civilians,1,24.5851,-104.5837
11/17/2018,Mexico,Violence against civilians,1,24.5851,-104.5837
12/01/2018,Mexico,Violence against civilians,1,24.5851,-104.5837
12/08/2018,Mexico,Violence against civilians,1,24.5851,-104.5837
12/15/2018,Mexico,Violence against civilians,2,24.5851,-104.5837
02/02/2019,Mexico,Violence against civilians,2,24.5851,-104.5837
02/09/2019,Mexico,Violence against civilians,2,24.5851,-104.5837
02/16/2019,Mexico,Violence against civilians,1,24.5851,-104.5837
02/23/2019,Mexico,Violence against civilians,2,24.5851,-104.5837
03/09/2019,Mexico,Violence against civilians,1,24.5851,-104.5837
03/23/2019,Mexico,Violence against civilians,1,24.5851,-104.5837
04/06/2019,Mexico,Violence against civilians,2,24.5851,-104.5837
04/20/2019,Mexico,Violence against civilians,1,24.5851,-104.5837
05/18/2019,Mexico,Violence against civilians,1,24.5851,-104.5837
06/08/2019,Mexico,Violence against civilians,1,24.5851,-104.5837
06/15/2019,Mexico,Violence against civilians,1,24.5851,-104.5837
08/03/2019,Mexico,Violence against civilians,2,24.5851,-104.5837
08/10/2019,Mexico,Violence against civilians,1,24.5851,-104.5837
09/28/2019,Mexico,Violence against civilians,3,24.5851,-104.5837
10/12/2019,Mexico,Violence against civilians,1,24.5851,-104.5837
10/19/2019,Mexico,Violence against civilians,2,24.5851,-104.5837
10/26/2019,Mexico,Violence against civilians,1,24.5851,-104.5837
11/23/2019,Mexico,Violence against civilians,1,24.5851,-104.5837
11/30/2019,Mexico,Violence against civilians,1,24.5851,-104.5837
12/21/2019,Mexico,Violence against civilians,1,24.5851,-104.5837
12/28/2019,Mexico,Violence against civilians,2,24.5851,-104.5837
01/04/2020,Mexico,Violence against civilians,1,24.5851,-104.5837
01/11/2020,Mexico,Violence against civilians,1,24.5851,-104.5837
02/01/2020,Mexico,Violence against civilians,1,24.5851,-104.5837
04/04/2020,Mexico,Violence against civilians,1,24.5851,-104.5837
04/18/2020,Mexico,Violence against civilians,1,24.5851,-104.5837
04/25/2020,Mexico,Violence against civilians,1,24.5851,-104.5837
05/02/2020,Mexico,Violence against civilians,1,24.5851,-104.5837
06/27/2020,Mexico,Violence against civilians,1,24.5851,-104.5837
07/04/2020,Mexico,Violence against civilians,1,24.5851,-104.5837
08/08/2020,Mexico,Violence against civilians,1,24.5851,-104.5837
08/22/2020,Mexico,Violence against civilians,1,24.5851,-104.5837
08/29/2020,Mexico,Violence against civilians,1,24.5851,-104.5837
09/05/2020,Mexico,Violence against civilians,2,24.5851,-104.5837
09/12/2020,Mexico,Violence against civilians,2,24.5851,-104.5837
10/03/2020,Mexico,Violence against civilians,1,24.5851,-104.5837
10/10/2020,Mexico,Violence against civilians,1,24.5851,-104.5837
11/21/2020,Mexico,Violence against civilians,1,24.5851,-104.5837
12/26/2020,Mexico,Violence against civilians,4,24.5851,-104.5837
01/09/2021,Mexico,Violence against civilians,1,24.5851,-104.5837
03/13/2021,Mexico,Violence against civilians,1,24.5851,-104.5837
03/20/2021,Mexico,Violence against civilians,1,24.5851,-104.5837
03/27/2021,Mexico,Violence against civilians,1,24.5851,-104.5837
04/17/2021,Mexico,Violence against civilians,1,24.5851,-104.5837
05/01/2021,Mexico,Violence against civilians,1,24.5851,-104.5837
05/29/2021,Mexico,Violence against civilians,1,24.5851,-104.5837
06/05/2021,Mexico,Violence against civilians,2,24.5851,-104.5837
07/10/2021,Mexico,Violence against civilians,1,24.5851,-104.5837
08/07/2021,Mexico,Violence against civilians,1,24.5851,-104.5837
08/14/2021,Mexico,Violence against civilians,1,24.5851,-104.5837
08/28/2021,Mexico,Violence against civilians,1,24.5851,-104.5837
09/25/2021,Mexico,Violence against civilians,1,24.5851,-104.5837
11/13/2021,Mexico,Violence against civilians,1,24.5851,-104.5837
01/15/2022,Mexico,Violence against civilians,1,24.5851,-104.5837
03/05/2022,Mexico,Violence against civilians,1,24.5851,-104.5837
03/12/2022,Mexico,Violence against civilians,1,24.5851,-104.5837
04/09/2022,Mexico,Violence against civilians,1,24.5851,-104.5837
05/28/2022,Mexico,Violence against civilians,1,24.5851,-104.5837
06/11/2022,Mexico,Violence against civilians,1,24.5851,-104.5837
07/09/2022,Mexico,Violence against civilians,1,24.5851,-104.5837
07/16/2022,Mexico,Violence against civilians,1,24.5851,-104.5837
08/27/2022,Mexico,Violence against civilians,1,24.5851,-104.5837
09/17/2022,Mexico,Violence against civilians,1,24.5851,-104.5837
09/24/2022,Mexico,Violence against civilians,1,24.5851,-104.5837
10/22/2022,Mexico,Violence against civilians,1,24.5851,-104.5837
10/29/2022,Mexico,Violence against civilians,1,24.5851,-104.5837
12/17/2022,Mexico,Violence against civilians,1,24.5851,-104.5837
12/24/2022,Mexico,Violence against civilians,1,24.5851,-104.5837
01/28/2023,Mexico,Violence against civilians,1,24.5851,-104.5837
03/04/2023,Mexico,Violence against civilians,1,24.5851,-104.5837
04/22/2023,Mexico,Violence against civilians,1,24.5851,-104.5837
04/29/2023,Mexico,Violence against civilians,1,24.5851,-104.5837
05/13/2023,Mexico,Violence against civilians,2,24.5851,-104.5837
05/27/2023,Mexico,Violence against civilians,1,24.5851,-104.5837
06/10/2023,Mexico,Violence against civilians,1,24.5851,-104.5837
08/19/2023,Mexico,Violence against civilians,1,24.5851,-104.5837
10/14/2023,Mexico,Violence against civilians,1,24.5851,-104.5837
10/21/2023,Mexico,Violence against civilians,1,24.5851,-104.5837
11/04/2023,Mexico,Violence against civilians,1,24.5851,-104.5837
11/11/2023,Mexico,Violence against civilians,2,24.5851,-104.5837
12/09/2023,Mexico,Violence against civilians,1,24.5851,-104.5837
03/16/2024,Mexico,Violence against civilians,1,24.5851,-104.5837
05/11/2024,Mexico,Violence against civilians,1,24.5851,-104.5837
06/08/2024,Mexico,Violence against civilians,1,24.5851,-104.5837
06/22/2024,Mexico,Violence against civilians,2,24.5851,-104.5837
08/17/2024,Mexico,Violence against civilians,1,24.5851,-104.5837
08/31/2024,Mexico,Violence against civilians,1,24.5851,-104.5837
09/14/2024,Mexico,Violence against civilians,1,24.5851,-104.5837
11/02/2024,Mexico,Violence against civilians,1,24.5851,-104.5837
11/09/2024,Mexico,Violence against civilians,1,24.5851,-104.5837
11/16/2024,Mexico,Violence against civilians,1,24.5851,-104.5837
11/23/2024,Mexico,Violence against civilians,1,24.5851,-104.5837
11/30/2024,Mexico,Violence against civilians,1,24.5851,-104.5837
12/14/2024,Mexico,Violence against civilians,1,24.5851,-104.5837
02/01/2025,Mexico,Violence against civilians,1,24.5851,-104.5837
02/08/2025,Mexico,Violence against civilians,1,24.5851,-104.5837
02/15/2025,Mexico,Violence against civilians,1,24.5851,-104.5837
04/12/2025,Mexico,Violence against civilians,1,24.5851,-104.5837
05/31/2025,Mexico,Violence against civilians,2,24.5851,-104.5837
06/21/2025,Mexico,Violence against civilians,1,24.5851,-104.5837
07/19/2025,Mexico,Violence against civilians,5,24.5851,-104.5837
08/02/2025,Mexico,Violence against civilians,3,24.5851,-104.5837
08/09/2025,Mexico,Violence against civilians,3,24.5851,-104.5837
08/16/2025,Mexico,Violence against civilians,1,24.5851,-104.5837
08/23/2025,Mexico,Violence against civilians,1,24.5851,-104.5837
09/13/2025,Mexico,Violence against civilians,1,24.5851,-104.5837
09/27/2025,Mexico,Violence against civilians,1,24.5851,-104.5837
10/11/2025,Mexico,Violence against civilians,1,24.5851,-104.5837
10/18/2025,Mexico,Violence against civilians,1,24.5851,-104.5837
07/05/2025,Mexico,Explosions/Remote violence,1,20.8769,-101.2589
09/28/2019,Mexico,Explosions/Remote violence,1,20.8769,-101.2589
11/30/2019,Mexico,Explosions/Remote violence,1,20.8769,-101.2589
01/18/2020,Mexico,Explosions/Remote violence,1,20.8769,-101.2589
02/08/2020,Mexico,Explosions/Remote violence,1,20.8769,-101.2589
04/30/2022,Mexico,Explosions/Remote violence,1,20.8769,-101.2589
11/05/2022,Mexico,Explosions/Remote violence,2,20.8769,-101.2589
12/10/2022,Mexico,Explosions/Remote violence,1,20.8769,-101.2589
02/04/2023,Mexico,Explosions/Remote violence,1,20.8769,-101.2589
01/27/2024,Mexico,Explosions/Remote violence,1,20.8769,-101.2589
08/10/2024,Mexico,Explosions/Remote violence,2,20.8769,-101.2589
10/12/2024,Mexico,Explosions/Remote violence,1,20.8769,-101.2589
02/08/2020,Mexico,Explosions/Remote violence,1,20.8769,-101.2589
03/07/2020,Mexico,Explosions/Remote violence,1,20.8769,-101.2589
04/04/2020,Mexico,Explosions/Remote violence,1,20.8769,-101.2589
09/18/2021,Mexico,Explosions/Remote violence,1,20.8769,-101.2589
07/23/2022,Mexico,Explosions/Remote violence,1,20.8769,-101.2589
06/24/2023,Mexico,Explosions/Remote violence,1,20.8769,-101.2589
06/01/2024,Mexico,Explosions/Remote violence,1,20.8769,-101.2589
10/19/2024,Mexico,Explosions/Remote violence,2,20.8769,-101.2589
06/28/2025,Mexico,Explosions/Remote violence,1,20.8769,-101.2589
12/30/2017,Mexico,Riots,2,20.8769,-101.2589
02/03/2018,Mexico,Riots,1,20.8769,-101.2589
03/10/2018,Mexico,Riots,1,20.8769,-101.2589
05/05/2018,Mexico,Riots,1,20.8769,-101.2589
06/02/2018,Mexico,Riots,1,20.8769,-101.2589
06/30/2018,Mexico,Riots,1,20.8769,-101.2589
08/25/2018,Mexico,Riots,1,20.8769,-101.2589
10/06/2018,Mexico,Riots,1,20.8769,-101.2589
10/13/2018,Mexico,Riots,1,20.8769,-101.2589
10/20/2018,Mexico,Riots,2,20.8769,-101.2589
10/27/2018,Mexico,Riots,1,20.8769,-101.2589
12/08/2018,Mexico,Riots,1,20.8769,-101.2589
01/26/2019,Mexico,Riots,2,20.8769,-101.2589
02/09/2019,Mexico,Riots,1,20.8769,-101.2589
02/16/2019,Mexico,Riots,1,20.8769,-101.2589
03/02/2019,Mexico,Riots,1,20.8769,-101.2589
03/16/2019,Mexico,Riots,1,20.8769,-101.2589
05/04/2019,Mexico,Riots,1,20.8769,-101.2589
05/18/2019,Mexico,Riots,2,20.8769,-101.2589
06/08/2019,Mexico,Riots,1,20.8769,-101.2589
07/06/2019,Mexico,Riots,1,20.8769,-101.2589
07/27/2019,Mexico,Riots,1,20.8769,-101.2589
10/12/2019,Mexico,Riots,1,20.8769,-101.2589
11/23/2019,Mexico,Riots,1,20.8769,-101.2589
11/30/2019,Mexico,Riots,1,20.8769,-101.2589
12/14/2019,Mexico,Riots,1,20.8769,-101.2589
02/29/2020,Mexico,Riots,1,20.8769,-101.2589
03/21/2020,Mexico,Riots,1,20.8769,-101.2589
05/02/2020,Mexico,Riots,1,20.8769,-101.2589
05/09/2020,Mexico,Riots,1,20.8769,-101.2589
05/30/2020,Mexico,Riots,1,20.8769,-101.2589
07/11/2020,Mexico,Riots,1,20.8769,-101.2589
08/08/2020,Mexico,Riots,1,20.8769,-101.2589
08/15/2020,Mexico,Riots,1,20.8769,-101.2589
09/19/2020,Mexico,Riots,1,20.8769,-101.2589
09/26/2020,Mexico,Riots,1,20.8769,-101.2589
11/07/2020,Mexico,Riots,1,20.8769,-101.2589
12/19/2020,Mexico,Riots,1,20.8769,-101.2589
02/06/2021,Mexico,Riots,1,20.8769,-101.2589
02/13/2021,Mexico,Riots,2,20.8769,-101.2589
02/27/2021,Mexico,Riots,1,20.8769,-101.2589
03/06/2021,Mexico,Riots,1,20.8769,-101.2589
04/24/2021,Mexico,Riots,1,20.8769,-101.2589
05/15/2021,Mexico,Riots,1,20.8769,-101.2589
05/29/2021,Mexico,Riots,1,20.8769,-101.2589
06/05/2021,Mexico,Riots,1,20.8769,-101.2589
08/28/2021,Mexico,Riots,1,20.8769,-101.2589
11/20/2021,Mexico,Riots,1,20.8769,-101.2589
12/25/2021,Mexico,Riots,1,20.8769,-101.2589
01/08/2022,Mexico,Riots,1,20.8769,-101.2589
04/02/2022,Mexico,Riots,1,20.8769,-101.2589
01/07/2023,Mexico,Riots,1,20.8769,-101.2589
04/01/2023,Mexico,Riots,1,20.8769,-101.2589
07/29/2023,Mexico,Riots,1,20.8769,-101.2589
08/05/2023,Mexico,Riots,1,20.8769,-101.2589
09/16/2023,Mexico,Riots,2,20.8769,-101.2589
09/30/2023,Mexico,Riots,1,20.8769,-101.2589
12/30/2023,Mexico,Riots,1,20.8769,-101.2589
03/02/2024,Mexico,Riots,1,20.8769,-101.2589
07/13/2024,Mexico,Riots,1,20.8769,-101.2589
08/10/2024,Mexico,Riots,1,20.8769,-101.2589
12/07/2024,Mexico,Riots,1,20.8769,-101.2589
02/15/2025,Mexico,Riots,1,20.8769,-101.2589
02/22/2025,Mexico,Riots,1,20.8769,-101.2589
03/22/2025,Mexico,Riots,1,20.8769,-101.2589
04/19/2025,Mexico,Riots,1,20.8769,-101.2589
05/03/2025,Mexico,Riots,1,20.8769,-101.2589
06/07/2025,Mexico,Riots,1,20.8769,-101.2589
07/19/2025,Mexico,Riots,1,20.8769,-101.2589
07/26/2025,Mexico,Riots,1,20.8769,-101.2589
08/02/2025,Mexico,Riots,1,20.8769,-101.2589
08/16/2025,Mexico,Riots,1,20.8769,-101.2589
08/23/2025,Mexico,Riots,1,20.8769,-101.2589
08/30/2025,Mexico,Riots,1,20.8769,-101.2589
09/27/2025,Mexico,Riots,1,20.8769,-101.2589
10/04/2025,Mexico,Riots,1,20.8769,-101.2589
05/12/2018,Mexico,Riots,1,20.8769,-101.2589
09/08/2018,Mexico,Riots,1,20.8769,-101.2589
10/20/2018,Mexico,Riots,1,20.8769,-101.2589
01/05/2019,Mexico,Riots,1,20.8769,-101.2589
02/16/2019,Mexico,Riots,1,20.8769,-101.2589
02/23/2019,Mexico,Riots,1,20.8769,-101.2589
06/01/2019,Mexico,Riots,1,20.8769,-101.2589
08/17/2019,Mexico,Riots,1,20.8769,-101.2589
11/23/2019,Mexico,Riots,1,20.8769,-101.2589
05/09/2020,Mexico,Riots,1,20.8769,-101.2589
09/05/2020,Mexico,Riots,1,20.8769,-101.2589
12/12/2020,Mexico,Riots,1,20.8769,-101.2589
04/10/2021,Mexico,Riots,1,20.8769,-101.2589
04/30/2022,Mexico,Riots,1,20.8769,-101.2589
12/31/2022,Mexico,Riots,1,20.8769,-101.2589
01/07/2023,Mexico,Riots,1,20.8769,-101.2589
01/14/2023,Mexico,Riots,1,20.8769,-101.2589
03/04/2023,Mexico,Riots,2,20.8769,-101.2589
03/02/2024,Mexico,Riots,1,20.8769,-101.2589
04/13/2024,Mexico,Riots,1,20.8769,-101.2589
03/01/2025,Mexico,Riots,1,20.8769,-101.2589
03/08/2025,Mexico,Riots,1,20.8769,-101.2589
04/05/2025,Mexico,Riots,1,20.8769,-101.2589
07/12/2025,Mexico,Riots,1,20.8769,-101.2589
07/19/2025,Mexico,Riots,1,20.8769,-101.2589
09/13/2025,Mexico,Riots,1,20.8769,-101.2589
09/20/2025,Mexico,Riots,1,20.8769,-101.2589
10/18/2025,Mexico,Riots,1,20.8769,-101.2589
02/17/2018,Mexico,Violence against civilians,1,20.8769,-101.2589
03/10/2018,Mexico,Violence against civilians,1,20.8769,-101.2589
03/24/2018,Mexico,Violence against civilians,1,20.8769,-101.2589
04/07/2018,Mexico,Violence against civilians,1,20.8769,-101.2589
04/21/2018,Mexico,Violence against civilians,1,20.8769,-101.2589
05/12/2018,Mexico,Violence against civilians,1,20.8769,-101.2589
06/30/2018,Mexico,Violence against civilians,1,20.8769,-101.2589
09/01/2018,Mexico,Violence against civilians,1,20.8769,-101.2589
10/13/2018,Mexico,Violence against civilians,1,20.8769,-101.2589
01/12/2019,Mexico,Violence against civilians,1,20.8769,-101.2589
02/02/2019,Mexico,Violence against civilians,1,20.8769,-101.2589
03/30/2019,Mexico,Violence against civilians,2,20.8769,-101.2589
04/20/2019,Mexico,Violence against civilians,1,20.8769,-101.2589
05/18/2019,Mexico,Violence against civilians,1,20.8769,-101.2589
06/08/2019,Mexico,Violence against civilians,1,20.8769,-101.2589
06/22/2019,Mexico,Violence against civilians,1,20.8769,-101.2589
07/27/2019,Mexico,Violence against civilians,1,20.8769,-101.2589
08/10/2019,Mexico,Violence against civilians,1,20.8769,-101.2589
09/28/2019,Mexico,Violence against civilians,1,20.8769,-101.2589
10/05/2019,Mexico,Violence against civilians,1,20.8769,-101.2589
01/04/2020,Mexico,Violence against civilians,1,20.8769,-101.2589
05/16/2020,Mexico,Violence against civilians,1,20.8769,-101.2589
10/31/2020,Mexico,Violence against civilians,1,20.8769,-101.2589
11/21/2020,Mexico,Violence against civilians,1,20.8769,-101.2589
01/09/2021,Mexico,Violence against civilians,1,20.8769,-101.2589
05/08/2021,Mexico,Violence against civilians,1,20.8769,-101.2589
06/26/2021,Mexico,Violence against civilians,1,20.8769,-101.2589
07/03/2021,Mexico,Violence against civilians,1,20.8769,-101.2589
08/14/2021,Mexico,Violence against civilians,1,20.8769,-101.2589
10/09/2021,Mexico,Violence against civilians,1,20.8769,-101.2589
01/08/2022,Mexico,Violence against civilians,1,20.8769,-101.2589
02/26/2022,Mexico,Violence against civilians,2,20.8769,-101.2589
05/21/2022,Mexico,Violence against civilians,1,20.8769,-101.2589
07/16/2022,Mexico,Violence against civilians,1,20.8769,-101.2589
08/20/2022,Mexico,Violence against civilians,1,20.8769,-101.2589
10/22/2022,Mexico,Violence against civilians,1,20.8769,-101.2589
11/26/2022,Mexico,Violence against civilians,1,20.8769,-101.2589
12/24/2022,Mexico,Violence against civilians,1,20.8769,-101.2589
12/31/2022,Mexico,Violence against civilians,1,20.8769,-101.2589
02/18/2023,Mexico,Violence against civilians,1,20.8769,-101.2589
04/08/2023,Mexico,Violence against civilians,1,20.8769,-101.2589
05/27/2023,Mexico,Violence against civilians,1,20.8769,-101.2589
08/19/2023,Mexico,Violence against civilians,1,20.8769,-101.2589
09/30/2023,Mexico,Violence against civilians,1,20.8769,-101.2589
03/30/2024,Mexico,Violence against civilians,1,20.8769,-101.2589
06/08/2024,Mexico,Violence against civilians,1,20.8769,-101.2589
06/15/2024,Mexico,Violence against civilians,1,20.8769,-101.2589
07/06/2024,Mexico,Violence against civilians,1,20.8769,-101.2589
07/20/2024,Mexico,Violence against civilians,1,20.8769,-101.2589
09/14/2024,Mexico,Violence against civilians,1,20.8769,-101.2589
10/19/2024,Mexico,Violence against civilians,1,20.8769,-101.2589
01/11/2025,Mexico,Violence against civilians,2,20.8769,-101.2589
01/18/2025,Mexico,Violence against civilians,1,20.8769,-101.2589
02/08/2025,Mexico,Violence against civilians,1,20.8769,-101.2589
02/22/2025,Mexico,Violence against civilians,1,20.8769,-101.2589
03/15/2025,Mexico,Violence against civilians,1,20.8769,-101.2589
03/29/2025,Mexico,Violence against civilians,1,20.8769,-101.2589
05/03/2025,Mexico,Violence against civilians,1,20.8769,-101.2589
05/10/2025,Mexico,Violence against civilians,1,20.8769,-101.2589
06/07/2025,Mexico,Violence against civilians,1,20.8769,-101.2589
06/28/2025,Mexico,Violence against civilians,1,20.8769,-101.2589
08/02/2025,Mexico,Violence against civilians,1,20.8769,-101.2589
08/09/2025,Mexico,Violence against civilians,1,20.8769,-101.2589
08/16/2025,Mexico,Violence against civilians,2,20.8769,-101.2589
09/06/2025,Mexico,Violence against civilians,2,20.8769,-101.2589
09/13/2025,Mexico,Violence against civilians,1,20.8769,-101.2589
09/27/2025,Mexico,Violence against civilians,2,20.8769,-101.2589
10/11/2025,Mexico,Violence against civilians,1,20.8769,-101.2589
12/30/2017,Mexico,Violence against civilians,5,20.8769,-101.2589
01/06/2018,Mexico,Violence against civilians,15,20.8769,-101.2589
01/13/2018,Mexico,Violence against civilians,9,20.8769,-101.2589
01/20/2018,Mexico,Violence against civilians,18,20.8769,-101.2589
01/27/2018,Mexico,Violence against civilians,5,20.8769,-101.2589
02/03/2018,Mexico,Violence against civilians,11,20.8769,-101.2589
02/10/2018,Mexico,Violence against civilians,15,20.8769,-101.2589
02/17/2018,Mexico,Violence against civilians,12,20.8769,-101.2589
02/24/2018,Mexico,Violence against civilians,9,20.8769,-101.2589
03/03/2018,Mexico,Violence against civilians,17,20.8769,-101.2589
03/10/2018,Mexico,Violence against civilians,17,20.8769,-101.2589
03/17/2018,Mexico,Violence against civilians,16,20.8769,-101.2589
03/24/2018,Mexico,Violence against civilians,12,20.8769,-101.2589
03/31/2018,Mexico,Violence against civilians,10,20.8769,-101.2589
04/07/2018,Mexico,Violence against civilians,18,20.8769,-101.2589
04/14/2018,Mexico,Violence against civilians,8,20.8769,-101.2589
04/21/2018,Mexico,Violence against civilians,3,20.8769,-101.2589
04/28/2018,Mexico,Violence against civilians,21,20.8769,-101.2589
05/05/2018,Mexico,Violence against civilians,14,20.8769,-101.2589
05/12/2018,Mexico,Violence against civilians,21,20.8769,-101.2589
05/19/2018,Mexico,Violence against civilians,28,20.8769,-101.2589
05/26/2018,Mexico,Violence against civilians,16,20.8769,-101.2589
06/02/2018,Mexico,Violence against civilians,15,20.8769,-101.2589
06/09/2018,Mexico,Violence against civilians,12,20.8769,-101.2589
06/16/2018,Mexico,Violence against civilians,12,20.8769,-101.2589
06/23/2018,Mexico,Violence against civilians,10,20.8769,-101.2589
06/30/2018,Mexico,Violence against civilians,8,20.8769,-101.2589
07/07/2018,Mexico,Violence against civilians,11,20.8769,-101.2589
07/14/2018,Mexico,Violence against civilians,9,20.8769,-101.2589
07/21/2018,Mexico,Violence against civilians,13,20.8769,-101.2589
07/28/2018,Mexico,Violence against civilians,12,20.8769,-101.2589
08/04/2018,Mexico,Violence against civilians,12,20.8769,-101.2589
08/11/2018,Mexico,Violence against civilians,21,20.8769,-101.2589
08/18/2018,Mexico,Violence against civilians,17,20.8769,-101.2589
08/25/2018,Mexico,Violence against civilians,30,20.8769,-101.2589
09/01/2018,Mexico,Violence against civilians,20,20.8769,-101.2589
09/08/2018,Mexico,Violence against civilians,8,20.8769,-101.2589
09/15/2018,Mexico,Violence against civilians,10,20.8769,-101.2589
09/22/2018,Mexico,Violence against civilians,29,20.8769,-101.2589
09/29/2018,Mexico,Violence against civilians,18,20.8769,-101.2589
10/06/2018,Mexico,Violence against civilians,21,20.8769,-101.2589
10/13/2018,Mexico,Violence against civilians,28,20.8769,-101.2589
10/20/2018,Mexico,Violence against civilians,15,20.8769,-101.2589
10/27/2018,Mexico,Violence against civilians,13,20.8769,-101.2589
11/03/2018,Mexico,Violence against civilians,17,20.8769,-101.2589
11/10/2018,Mexico,Violence against civilians,11,20.8769,-101.2589
11/17/2018,Mexico,Violence against civilians,14,20.8769,-101.2589
11/24/2018,Mexico,Violence against civilians,9,20.8769,-101.2589
12/01/2018,Mexico,Violence against civilians,28,20.8769,-101.2589
12/08/2018,Mexico,Violence against civilians,14,20.8769,-101.2589
12/15/2018,Mexico,Violence against civilians,21,20.8769,-101.2589
12/22/2018,Mexico,Violence against civilians,12,20.8769,-101.2589
12/29/2018,Mexico,Violence against civilians,22,20.8769,-101.2589
01/05/2019,Mexico,Violence against civilians,6,20.8769,-101.2589
01/12/2019,Mexico,Violence against civilians,21,20.8769,-101.2589
01/19/2019,Mexico,Violence against civilians,27,20.8769,-101.2589
01/26/2019,Mexico,Violence against civilians,24,20.8769,-101.2589
02/02/2019,Mexico,Violence against civilians,34,20.8769,-101.2589
02/09/2019,Mexico,Violence against civilians,28,20.8769,-101.2589
02/16/2019,Mexico,Violence against civilians,27,20.8769,-101.2589
02/23/2019,Mexico,Violence against civilians,16,20.8769,-101.2589
03/02/2019,Mexico,Violence against civilians,17,20.8769,-101.2589
03/09/2019,Mexico,Violence against civilians,5,20.8769,-101.2589
03/16/2019,Mexico,Violence against civilians,7,20.8769,-101.2589
03/23/2019,Mexico,Violence against civilians,12,20.8769,-101.2589
03/30/2019,Mexico,Violence against civilians,17,20.8769,-101.2589
04/06/2019,Mexico,Violence against civilians,22,20.8769,-101.2589
04/13/2019,Mexico,Violence against civilians,18,20.8769,-101.2589
04/20/2019,Mexico,Violence against civilians,8,20.8769,-101.2589
04/27/2019,Mexico,Violence against civilians,9,20.8769,-101.2589
05/04/2019,Mexico,Violence against civilians,9,20.8769,-101.2589
05/11/2019,Mexico,Violence against civilians,15,20.8769,-101.2589
05/18/2019,Mexico,Violence against civilians,12,20.8769,-101.2589
05/25/2019,Mexico,Violence against civilians,8,20.8769,-101.2589
06/01/2019,Mexico,Violence against civilians,11,20.8769,-101.2589
06/08/2019,Mexico,Violence against civilians,11,20.8769,-101.2589
06/15/2019,Mexico,Violence against civilians,9,20.8769,-101.2589
06/22/2019,Mexico,Violence against civilians,6,20.8769,-101.2589
06/29/2019,Mexico,Violence against civilians,7,20.8769,-101.2589
07/06/2019,Mexico,Violence against civilians,5,20.8769,-101.2589
07/13/2019,Mexico,Violence against civilians,5,20.8769,-101.2589
07/20/2019,Mexico,Violence against civilians,12,20.8769,-101.2589
07/27/2019,Mexico,Violence against civilians,13,20.8769,-101.2589
08/03/2019,Mexico,Violence against civilians,15,20.8769,-101.2589
08/10/2019,Mexico,Violence against civilians,11,20.8769,-101.2589
08/17/2019,Mexico,Violence against civilians,10,20.8769,-101.2589
08/24/2019,Mexico,Violence against civilians,9,20.8769,-101.2589
08/31/2019,Mexico,Violence against civilians,13,20.8769,-101.2589
09/07/2019,Mexico,Violence against civilians,11,20.8769,-101.2589
09/14/2019,Mexico,Violence against civilians,12,20.8769,-101.2589
09/21/2019,Mexico,Violence against civilians,12,20.8769,-101.2589
09/28/2019,Mexico,Violence against civilians,7,20.8769,-101.2589
10/05/2019,Mexico,Violence against civilians,13,20.8769,-101.2589
10/12/2019,Mexico,Violence against civilians,15,20.8769,-101.2589
10/19/2019,Mexico,Violence against civilians,21,20.8769,-101.2589
10/26/2019,Mexico,Violence against civilians,13,20.8769,-101.2589
11/02/2019,Mexico,Violence against civilians,15,20.8769,-101.2589
11/09/2019,Mexico,Violence against civilians,14,20.8769,-101.2589
11/16/2019,Mexico,Violence against civilians,9,20.8769,-101.2589
11/23/2019,Mexico,Violence against civilians,15,20.8769,-101.2589
11/30/2019,Mexico,Violence against civilians,7,20.8769,-101.2589
12/07/2019,Mexico,Violence against civilians,10,20.8769,-101.2589
12/14/2019,Mexico,Violence against civilians,7,20.8769,-101.2589
12/21/2019,Mexico,Violence against civilians,12,20.8769,-101.2589
12/28/2019,Mexico,Violence against civilians,13,20.8769,-101.2589
01/04/2020,Mexico,Violence against civilians,12,20.8769,-101.2589
01/11/2020,Mexico,Violence against civilians,12,20.8769,-101.2589
01/18/2020,Mexico,Violence against civilians,17,20.8769,-101.2589
01/25/2020,Mexico,Violence against civilians,16,20.8769,-101.2589
02/01/2020,Mexico,Violence against civilians,16,20.8769,-101.2589
02/08/2020,Mexico,Violence against civilians,12,20.8769,-101.2589
02/15/2020,Mexico,Violence against civilians,13,20.8769,-101.2589
02/22/2020,Mexico,Violence against civilians,17,20.8769,-101.2589
02/29/2020,Mexico,Violence against civilians,18,20.8769,-101.2589
03/07/2020,Mexico,Violence against civilians,8,20.8769,-101.2589
03/14/2020,Mexico,Violence against civilians,4,20.8769,-101.2589
03/21/2020,Mexico,Violence against civilians,13,20.8769,-101.2589
03/28/2020,Mexico,Violence against civilians,11,20.8769,-101.2589
04/04/2020,Mexico,Violence against civilians,9,20.8769,-101.2589
04/11/2020,Mexico,Violence against civilians,10,20.8769,-101.2589
04/18/2020,Mexico,Violence against civilians,10,20.8769,-101.2589
04/25/2020,Mexico,Violence against civilians,6,20.8769,-101.2589
05/02/2020,Mexico,Violence against civilians,11,20.8769,-101.2589
05/09/2020,Mexico,Violence against civilians,10,20.8769,-101.2589
05/16/2020,Mexico,Violence against civilians,17,20.8769,-101.2589
05/23/2020,Mexico,Violence against civilians,18,20.8769,-101.2589
05/30/2020,Mexico,Violence against civilians,16,20.8769,-101.2589
06/06/2020,Mexico,Violence against civilians,12,20.8769,-101.2589
06/13/2020,Mexico,Violence against civilians,13,20.8769,-101.2589
06/20/2020,Mexico,Violence against civilians,10,20.8769,-101.2589
06/27/2020,Mexico,Violence against civilians,15,20.8769,-101.2589
07/04/2020,Mexico,Violence against civilians,18,20.8769,-101.2589
07/11/2020,Mexico,Violence against civilians,14,20.8769,-101.2589
07/18/2020,Mexico,Violence against civilians,19,20.8769,-101.2589
07/25/2020,Mexico,Violence against civilians,17,20.8769,-101.2589
08/01/2020,Mexico,Violence against civilians,11,20.8769,-101.2589
08/08/2020,Mexico,Violence against civilians,8,20.8769,-101.2589
08/15/2020,Mexico,Violence against civilians,16,20.8769,-101.2589
08/22/2020,Mexico,Violence against civilians,12,20.8769,-101.2589
08/29/2020,Mexico,Violence against civilians,17,20.8769,-101.2589
09/05/2020,Mexico,Violence against civilians,9,20.8769,-101.2589
09/12/2020,Mexico,Violence against civilians,15,20.8769,-101.2589
09/19/2020,Mexico,Violence against civilians,17,20.8769,-101.2589
09/26/2020,Mexico,Violence against civilians,17,20.8769,-101.2589
10/03/2020,Mexico,Violence against civilians,14,20.8769,-101.2589
10/10/2020,Mexico,Violence against civilians,3,20.8769,-101.2589
10/17/2020,Mexico,Violence against civilians,11,20.8769,-101.2589
10/24/2020,Mexico,Violence against civilians,7,20.8769,-101.2589
10/31/2020,Mexico,Violence against civilians,6,20.8769,-101.2589
11/07/2020,Mexico,Violence against civilians,10,20.8769,-101.2589
11/14/2020,Mexico,Violence against civilians,16,20.8769,-101.2589
11/21/2020,Mexico,Violence against civilians,9,20.8769,-101.2589
11/28/2020,Mexico,Violence against civilians,9,20.8769,-101.2589
12/05/2020,Mexico,Violence against civilians,11,20.8769,-101.2589
12/12/2020,Mexico,Violence against civilians,8,20.8769,-101.2589
12/19/2020,Mexico,Violence against civilians,7,20.8769,-101.2589
12/26/2020,Mexico,Violence against civilians,9,20.8769,-101.2589
01/02/2021,Mexico,Violence against civilians,3,20.8769,-101.2589
01/09/2021,Mexico,Violence against civilians,16,20.8769,-101.2589
01/16/2021,Mexico,Violence against civilians,5,20.8769,-101.2589
01/23/2021,Mexico,Violence against civilians,14,20.8769,-101.2589
01/30/2021,Mexico,Violence against civilians,8,20.8769,-101.2589
02/06/2021,Mexico,Violence against civilians,7,20.8769,-101.2589
02/13/2021,Mexico,Violence against civilians,8,20.8769,-101.2589
02/20/2021,Mexico,Violence against civilians,4,20.8769,-101.2589
02/27/2021,Mexico,Violence against civilians,6,20.8769,-101.2589
03/06/2021,Mexico,Violence against civilians,12,20.8769,-101.2589
03/13/2021,Mexico,Violence against civilians,8,20.8769,-101.2589
03/20/2021,Mexico,Violence against civilians,14,20.8769,-101.2589
03/27/2021,Mexico,Violence against civilians,11,20.8769,-101.2589
04/03/2021,Mexico,Violence against civilians,13,20.8769,-101.2589
04/10/2021,Mexico,Violence against civilians,8,20.8769,-101.2589
04/17/2021,Mexico,Violence against civilians,18,20.8769,-101.2589
04/24/2021,Mexico,Violence against civilians,16,20.8769,-101.2589
05/01/2021,Mexico,Violence against civilians,12,20.8769,-101.2589
05/08/2021,Mexico,Violence against civilians,13,20.8769,-101.2589
05/15/2021,Mexico,Violence against civilians,15,20.8769,-101.2589
05/22/2021,Mexico,Violence against civilians,13,20.8769,-101.2589
05/29/2021,Mexico,Violence against civilians,10,20.8769,-101.2589
06/05/2021,Mexico,Violence against civilians,7,20.8769,-101.2589
06/12/2021,Mexico,Violence against civilians,13,20.8769,-101.2589
06/19/2021,Mexico,Violence against civilians,12,20.8769,-101.2589
06/26/2021,Mexico,Violence against civilians,8,20.8769,-101.2589
07/03/2021,Mexico,Violence against civilians,10,20.8769,-101.2589
07/10/2021,Mexico,Violence against civilians,13,20.8769,-101.2589
07/17/2021,Mexico,Violence against civilians,13,20.8769,-101.2589
07/24/2021,Mexico,Violence against civilians,6,20.8769,-101.2589
07/31/2021,Mexico,Violence against civilians,11,20.8769,-101.2589
08/07/2021,Mexico,Violence against civilians,8,20.8769,-101.2589
08/14/2021,Mexico,Violence against civilians,8,20.8769,-101.2589
08/21/2021,Mexico,Violence against civilians,17,20.8769,-101.2589
08/28/2021,Mexico,Violence against civilians,13,20.8769,-101.2589
09/04/2021,Mexico,Violence against civilians,19,20.8769,-101.2589
09/11/2021,Mexico,Violence against civilians,7,20.8769,-101.2589
09/18/2021,Mexico,Violence against civilians,9,20.8769,-101.2589
09/25/2021,Mexico,Violence against civilians,9,20.8769,-101.2589
10/02/2021,Mexico,Violence against civilians,14,20.8769,-101.2589
10/09/2021,Mexico,Violence against civilians,19,20.8769,-101.2589
10/16/2021,Mexico,Violence against civilians,17,20.8769,-101.2589
10/23/2021,Mexico,Violence against civilians,15,20.8769,-101.2589
10/30/2021,Mexico,Violence against civilians,13,20.8769,-101.2589
11/06/2021,Mexico,Violence against civilians,10,20.8769,-101.2589
11/13/2021,Mexico,Violence against civilians,9,20.8769,-101.2589
11/20/2021,Mexico,Violence against civilians,7,20.8769,-101.2589
11/27/2021,Mexico,Violence against civilians,7,20.8769,-101.2589
12/04/2021,Mexico,Violence against civilians,8,20.8769,-101.2589
12/11/2021,Mexico,Violence against civilians,5,20.8769,-101.2589
12/18/2021,Mexico,Violence against civilians,9,20.8769,-101.2589
12/25/2021,Mexico,Violence against civilians,7,20.8769,-101.2589
01/01/2022,Mexico,Violence against civilians,10,20.8769,-101.2589
01/08/2022,Mexico,Violence against civilians,5,20.8769,-101.2589
01/15/2022,Mexico,Violence against civilians,8,20.8769,-101.2589
01/22/2022,Mexico,Violence against civilians,11,20.8769,-101.2589
01/29/2022,Mexico,Violence against civilians,12,20.8769,-101.2589
02/05/2022,Mexico,Violence against civilians,6,20.8769,-101.2589
02/12/2022,Mexico,Violence against civilians,6,20.8769,-101.2589
02/19/2022,Mexico,Violence against civilians,9,20.8769,-101.2589
02/26/2022,Mexico,Violence against civilians,9,20.8769,-101.2589
03/05/2022,Mexico,Violence against civilians,10,20.8769,-101.2589
03/12/2022,Mexico,Violence against civilians,10,20.8769,-101.2589
03/19/2022,Mexico,Violence against civilians,9,20.8769,-101.2589
03/26/2022,Mexico,Violence against civilians,16,20.8769,-101.2589
04/02/2022,Mexico,Violence against civilians,12,20.8769,-101.2589
04/09/2022,Mexico,Violence against civilians,5,20.8769,-101.2589
04/16/2022,Mexico,Violence against civilians,8,20.8769,-101.2589
04/23/2022,Mexico,Violence against civilians,12,20.8769,-101.2589
04/30/2022,Mexico,Violence against civilians,9,20.8769,-101.2589
05/07/2022,Mexico,Violence against civilians,8,20.8769,-101.2589
05/14/2022,Mexico,Violence against civilians,13,20.8769,-101.2589
05/21/2022,Mexico,Violence against civilians,10,20.8769,-101.2589
05/28/2022,Mexico,Violence against civilians,11,20.8769,-101.2589
06/04/2022,Mexico,Violence against civilians,16,20.8769,-101.2589
06/11/2022,Mexico,Violence against civilians,15,20.8769,-101.2589
06/18/2022,Mexico,Violence against civilians,7,20.8769,-101.2589
06/25/2022,Mexico,Violence against civilians,14,20.8769,-101.2589
07/02/2022,Mexico,Violence against civilians,7,20.8769,-101.2589
07/09/2022,Mexico,Violence against civilians,7,20.8769,-101.2589
07/16/2022,Mexico,Violence against civilians,14,20.8769,-101.2589
07/23/2022,Mexico,Violence against civilians,15,20.8769,-101.2589
07/30/2022,Mexico,Violence against civilians,16,20.8769,-101.2589
08/06/2022,Mexico,Violence against civilians,6,20.8769,-101.2589
08/13/2022,Mexico,Violence against civilians,8,20.8769,-101.2589
08/20/2022,Mexico,Violence against civilians,10,20.8769,-101.2589
08/27/2022,Mexico,Violence against civilians,7,20.8769,-101.2589
09/03/2022,Mexico,Violence against civilians,10,20.8769,-101.2589
09/10/2022,Mexico,Violence against civilians,18,20.8769,-101.2589
09/17/2022,Mexico,Violence against civilians,17,20.8769,-101.2589
09/24/2022,Mexico,Violence against civilians,13,20.8769,-101.2589
10/01/2022,Mexico,Violence against civilians,8,20.8769,-101.2589
10/08/2022,Mexico,Violence against civilians,6,20.8769,-101.2589
10/15/2022,Mexico,Violence against civilians,13,20.8769,-101.2589
10/22/2022,Mexico,Violence against civilians,13,20.8769,-101.2589
10/29/2022,Mexico,Violence against civilians,8,20.8769,-101.2589
11/05/2022,Mexico,Violence against civilians,16,20.8769,-101.2589
11/12/2022,Mexico,Violence against civilians,10,20.8769,-101.2589
11/19/2022,Mexico,Violence against civilians,20,20.8769,-101.2589
11/26/2022,Mexico,Violence against civilians,5,20.8769,-101.2589
12/03/2022,Mexico,Violence against civilians,11,20.8769,-101.2589
12/10/2022,Mexico,Violence against civilians,13,20.8769,-101.2589
12/17/2022,Mexico,Violence against civilians,6,20.8769,-101.2589
12/24/2022,Mexico,Violence against civilians,7,20.8769,-101.2589
12/31/2022,Mexico,Violence against civilians,10,20.8769,-101.2589
01/07/2023,Mexico,Violence against civilians,5,20.8769,-101.2589
01/14/2023,Mexico,Violence against civilians,10,20.8769,-101.2589
01/21/2023,Mexico,Violence against civilians,10,20.8769,-101.2589
01/28/2023,Mexico,Violence against civilians,8,20.8769,-101.2589
02/04/2023,Mexico,Violence against civilians,15,20.8769,-101.2589
02/11/2023,Mexico,Violence against civilians,6,20.8769,-101.2589
02/18/2023,Mexico,Violence against civilians,8,20.8769,-101.2589
02/25/2023,Mexico,Violence against civilians,8,20.8769,-101.2589
03/04/2023,Mexico,Violence against civilians,10,20.8769,-101.2589
03/11/2023,Mexico,Violence against civilians,11,20.8769,-101.2589
03/18/2023,Mexico,Violence against civilians,10,20.8769,-101.2589
03/25/2023,Mexico,Violence against civilians,9,20.8769,-101.2589
04/01/2023,Mexico,Violence against civilians,10,20.8769,-101.2589
04/08/2023,Mexico,Violence against civilians,12,20.8769,-101.2589
04/15/2023,Mexico,Violence against civilians,11,20.8769,-101.2589
04/22/2023,Mexico,Violence against civilians,12,20.8769,-101.2589
04/29/2023,Mexico,Violence against civilians,14,20.8769,-101.2589
05/06/2023,Mexico,Violence against civilians,9,20.8769,-101.2589
05/13/2023,Mexico,Violence against civilians,10,20.8769,-101.2589
05/20/2023,Mexico,Violence against civilians,12,20.8769,-101.2589
05/27/2023,Mexico,Violence against civilians,15,20.8769,-101.2589
06/03/2023,Mexico,Violence against civilians,6,20.8769,-101.2589
06/10/2023,Mexico,Violence against civilians,13,20.8769,-101.2589
06/17/2023,Mexico,Violence against civilians,13,20.8769,-101.2589
06/24/2023,Mexico,Violence against civilians,8,20.8769,-101.2589
07/01/2023,Mexico,Violence against civilians,14,20.8769,-101.2589
07/08/2023,Mexico,Violence against civilians,10,20.8769,-101.2589
07/15/2023,Mexico,Violence against civilians,14,20.8769,-101.2589
07/22/2023,Mexico,Violence against civilians,8,20.8769,-101.2589
07/29/2023,Mexico,Violence against civilians,9,20.8769,-101.2589
08/05/2023,Mexico,Violence against civilians,11,20.8769,-101.2589
08/12/2023,Mexico,Violence against civilians,10,20.8769,-101.2589
08/19/2023,Mexico,Violence against civilians,12,20.8769,-101.2589
08/26/2023,Mexico,Violence against civilians,13,20.8769,-101.2589
09/02/2023,Mexico,Violence against civilians,10,20.8769,-101.2589
09/09/2023,Mexico,Violence against civilians,13,20.8769,-101.2589
09/16/2023,Mexico,Violence against civilians,7,20.8769,-101.2589
09/23/2023,Mexico,Violence against civilians,9,20.8769,-101.2589
09/30/2023,Mexico,Violence against civilians,11,20.8769,-101.2589
10/07/2023,Mexico,Violence against civilians,9,20.8769,-101.2589
10/14/2023,Mexico,Violence against civilians,8,20.8769,-101.2589
10/21/2023,Mexico,Violence against civilians,8,20.8769,-101.2589
10/28/2023,Mexico,Violence against civilians,13,20.8769,-101.2589
11/04/2023,Mexico,Violence against civilians,11,20.8769,-101.2589
11/11/2023,Mexico,Violence against civilians,9,20.8769,-101.2589
11/18/2023,Mexico,Violence against civilians,10,20.8769,-101.2589
11/25/2023,Mexico,Violence against civilians,6,20.8769,-101.2589
12/02/2023,Mexico,Violence against civilians,8,20.8769,-101.2589
12/09/2023,Mexico,Violence against civilians,6,20.8769,-101.2589
12/16/2023,Mexico,Violence against civilians,9,20.8769,-101.2589
12/23/2023,Mexico,Violence against civilians,6,20.8769,-101.2589
12/30/2023,Mexico,Violence against civilians,5,20.8769,-101.2589
01/06/2024,Mexico,Violence against civilians,4,20.8769,-101.2589
01/13/2024,Mexico,Violence against civilians,10,20.8769,-101.2589
01/20/2024,Mexico,Violence against civilians,10,20.8769,-101.2589
01/27/2024,Mexico,Violence against civilians,6,20.8769,-101.2589
02/03/2024,Mexico,Violence against civilians,8,20.8769,-101.2589
02/10/2024,Mexico,Violence against civilians,11,20.8769,-101.2589
02/17/2024,Mexico,Violence against civilians,12,20.8769,-101.2589
02/24/2024,Mexico,Violence against civilians,11,20.8769,-101.2589
03/02/2024,Mexico,Violence against civilians,12,20.8769,-101.2589
03/09/2024,Mexico,Violence against civilians,15,20.8769,-101.2589
03/16/2024,Mexico,Violence against civilians,11,20.8769,-101.2589
03/23/2024,Mexico,Violence against civilians,9,20.8769,-101.2589
03/30/2024,Mexico,Violence against civilians,11,20.8769,-101.2589
04/06/2024,Mexico,Violence against civilians,10,20.8769,-101.2589
04/13/2024,Mexico,Violence against civilians,19,20.8769,-101.2589
04/20/2024,Mexico,Violence against civilians,14,20.8769,-101.2589
04/27/2024,Mexico,Violence against civilians,9,20.8769,-101.2589
05/04/2024,Mexico,Violence against civilians,15,20.8769,-101.2589
05/11/2024,Mexico,Violence against civilians,8,20.8769,-101.2589
05/18/2024,Mexico,Violence against civilians,11,20.8769,-101.2589
05/25/2024,Mexico,Violence against civilians,10,20.8769,-101.2589
06/01/2024,Mexico,Violence against civilians,13,20.8769,-101.2589
06/08/2024,Mexico,Violence against civilians,6,20.8769,-101.2589
06/15/2024,Mexico,Violence against civilians,17,20.8769,-101.2589
06/22/2024,Mexico,Violence against civilians,17,20.8769,-101.2589
06/29/2024,Mexico,Violence against civilians,21,20.8769,-101.2589
07/06/2024,Mexico,Violence against civilians,15,20.8769,-101.2589
07/13/2024,Mexico,Violence against civilians,15,20.8769,-101.2589
07/20/2024,Mexico,Violence against civilians,12,20.8769,-101.2589
07/27/2024,Mexico,Violence against civilians,15,20.8769,-101.2589
08/03/2024,Mexico,Violence against civilians,11,20.8769,-101.2589
08/10/2024,Mexico,Violence against civilians,14,20.8769,-101.2589
08/17/2024,Mexico,Violence against civilians,14,20.8769,-101.2589
08/24/2024,Mexico,Violence against civilians,18,20.8769,-101.2589
08/31/2024,Mexico,Violence against civilians,8,20.8769,-101.2589
09/07/2024,Mexico,Violence against civilians,13,20.8769,-101.2589
09/14/2024,Mexico,Violence against civilians,15,20.8769,-101.2589
09/21/2024,Mexico,Violence against civilians,10,20.8769,-101.2589
09/28/2024,Mexico,Violence against civilians,19,20.8769,-101.2589
10/05/2024,Mexico,Violence against civilians,11,20.8769,-101.2589
10/12/2024,Mexico,Violence against civilians,12,20.8769,-101.2589
10/19/2024,Mexico,Violence against civilians,15,20.8769,-101.2589
10/26/2024,Mexico,Violence against civilians,14,20.8769,-101.2589
11/02/2024,Mexico,Violence against civilians,14,20.8769,-101.2589
11/09/2024,Mexico,Violence against civilians,8,20.8769,-101.2589
11/16/2024,Mexico,Violence against civilians,12,20.8769,-101.2589
11/23/2024,Mexico,Violence against civilians,13,20.8769,-101.2589
11/30/2024,Mexico,Violence against civilians,15,20.8769,-101.2589
12/07/2024,Mexico,Violence against civilians,9,20.8769,-101.2589
12/14/2024,Mexico,Violence against civilians,9,20.8769,-101.2589
12/21/2024,Mexico,Violence against civilians,8,20.8769,-101.2589
12/28/2024,Mexico,Violence against civilians,6,20.8769,-101.2589
01/04/2025,Mexico,Violence against civilians,13,20.8769,-101.2589
01/11/2025,Mexico,Violence against civilians,11,20.8769,-101.2589
01/18/2025,Mexico,Violence against civilians,12,20.8769,-101.2589
01/25/2025,Mexico,Violence against civilians,15,20.8769,-101.2589
02/01/2025,Mexico,Violence against civilians,18,20.8769,-101.2589
02/08/2025,Mexico,Violence against civilians,12,20.8769,-101.2589
02/15/2025,Mexico,Violence against civilians,12,20.8769,-101.2589
02/22/2025,Mexico,Violence against civilians,18,20.8769,-101.2589
03/01/2025,Mexico,Violence against civilians,17,20.8769,-101.2589
03/08/2025,Mexico,Violence against civilians,13,20.8769,-101.2589
03/15/2025,Mexico,Violence against civilians,9,20.8769,-101.2589
03/22/2025,Mexico,Violence against civilians,5,20.8769,-101.2589
03/29/2025,Mexico,Violence against civilians,5,20.8769,-101.2589
04/05/2025,Mexico,Violence against civilians,10,20.8769,-101.2589
04/12/2025,Mexico,Violence against civilians,10,20.8769,-101.2589
04/19/2025,Mexico,Violence against civilians,10,20.8769,-101.2589
04/26/2025,Mexico,Violence against civilians,10,20.8769,-101.2589
05/03/2025,Mexico,Violence against civilians,10,20.8769,-101.2589
05/10/2025,Mexico,Violence against civilians,15,20.8769,-101.2589
05/17/2025,Mexico,Violence against civilians,7,20.8769,-101.2589
05/24/2025,Mexico,Violence against civilians,15,20.8769,-101.2589
05/31/2025,Mexico,Violence against civilians,10,20.8769,-101.2589
06/07/2025,Mexico,Violence against civilians,8,20.8769,-101.2589
06/14/2025,Mexico,Violence against civilians,6,20.8769,-101.2589
06/21/2025,Mexico,Violence against civilians,10,20.8769,-101.2589
06/28/2025,Mexico,Violence against civilians,12,20.8769,-101.2589
07/05/2025,Mexico,Violence against civilians,9,20.8769,-101.2589
07/12/2025,Mexico,Violence against civilians,10,20.8769,-101.2589
07/19/2025,Mexico,Violence against civilians,9,20.8769,-101.2589
07/26/2025,Mexico,Violence against civilians,9,20.8769,-101.2589
08/02/2025,Mexico,Violence against civilians,6,20.8769,-101.2589
08/09/2025,Mexico,Violence against civilians,12,20.8769,-101.2589
08/16/2025,Mexico,Violence against civilians,10,20.8769,-101.2589
08/23/2025,Mexico,Violence against civilians,11,20.8769,-101.2589
08/30/2025,Mexico,Violence against civilians,13,20.8769,-101.2589
09/06/2025,Mexico,Violence against civilians,7,20.8769,-101.2589
09/13/2025,Mexico,Violence against civilians,19,20.8769,-101.2589
09/20/2025,Mexico,Violence against civilians,14,20.8769,-101.2589
09/27/2025,Mexico,Violence against civilians,12,20.8769,-101.2589
10/04/2025,Mexico,Violence against civilians,18,20.8769,-101.2589
10/11/2025,Mexico,Violence against civilians,12,20.8769,-101.2589
10/18/2025,Mexico,Violence against civilians,9,20.8769,-101.2589
03/17/2018,Mexico,Violence against civilians,1,20.8769,-101.2589
11/03/2018,Mexico,Violence against civilians,1,20.8769,-101.2589
01/19/2019,Mexico,Violence against civilians,1,20.8769,-101.2589
09/10/2022,Mexico,Violence against civilians,1,20.8769,-101.2589
12/30/2023,Mexico,Violence against civilians,1,20.8769,-101.2589
03/30/2024,Mexico,Violence against civilians,1,20.8769,-101.2589
07/27/2024,Mexico,Violence against civilians,1,20.8769,-101.2589
06/18/2022,Mexico,Explosions/Remote violence,4,17.6017,-99.9455
07/02/2022,Mexico,Explosions/Remote violence,1,17.6017,-99.9455
04/29/2023,Mexico,Explosions/Remote violence,2,17.6017,-99.9455
05/06/2023,Mexico,Explosions/Remote violence,1,17.6017,-99.9455
05/20/2023,Mexico,Explosions/Remote violence,1,17.6017,-99.9455
08/12/2023,Mexico,Explosions/Remote violence,2,17.6017,-99.9455
08/26/2023,Mexico,Explosions/Remote violence,2,17.6017,-99.9455
12/30/2023,Mexico,Explosions/Remote violence,2,17.6017,-99.9455
01/06/2024,Mexico,Explosions/Remote violence,1,17.6017,-99.9455
03/16/2024,Mexico,Explosions/Remote violence,5,17.6017,-99.9455
03/23/2024,Mexico,Explosions/Remote violence,10,17.6017,-99.9455
04/20/2024,Mexico,Explosions/Remote violence,3,17.6017,-99.9455
06/22/2024,Mexico,Explosions/Remote violence,1,17.6017,-99.9455
07/06/2024,Mexico,Explosions/Remote violence,1,17.6017,-99.9455
07/13/2024,Mexico,Explosions/Remote violence,2,17.6017,-99.9455
06/07/2025,Mexico,Explosions/Remote violence,1,17.6017,-99.9455
01/29/2022,Mexico,Explosions/Remote violence,1,17.6017,-99.9455
08/20/2022,Mexico,Explosions/Remote violence,1,17.6017,-99.9455
09/02/2023,Mexico,Explosions/Remote violence,1,17.6017,-99.9455
05/11/2024,Mexico,Explosions/Remote violence,1,17.6017,-99.9455
06/08/2024,Mexico,Explosions/Remote violence,1,17.6017,-99.9455
08/10/2024,Mexico,Explosions/Remote violence,1,17.6017,-99.9455
07/26/2025,Mexico,Explosions/Remote violence,1,17.6017,-99.9455
03/30/2019,Mexico,Explosions/Remote violence,1,17.6017,-99.9455
06/22/2019,Mexico,Explosions/Remote violence,1,17.6017,-99.9455
02/15/2025,Mexico,Explosions/Remote violence,1,17.6017,-99.9455
01/27/2018,Mexico,Riots,1,17.6017,-99.9455
06/09/2018,Mexico,Riots,1,17.6017,-99.9455
06/23/2018,Mexico,Riots,1,17.6017,-99.9455
06/30/2018,Mexico,Riots,2,17.6017,-99.9455
07/07/2018,Mexico,Riots,1,17.6017,-99.9455
08/18/2018,Mexico,Riots,1,17.6017,-99.9455
09/01/2018,Mexico,Riots,1,17.6017,-99.9455
12/22/2018,Mexico,Riots,1,17.6017,-99.9455
02/02/2019,Mexico,Riots,1,17.6017,-99.9455
06/22/2019,Mexico,Riots,1,17.6017,-99.9455
08/03/2019,Mexico,Riots,1,17.6017,-99.9455
08/24/2019,Mexico,Riots,2,17.6017,-99.9455
09/21/2019,Mexico,Riots,2,17.6017,-99.9455
09/28/2019,Mexico,Riots,1,17.6017,-99.9455
10/26/2019,Mexico,Riots,3,17.6017,-99.9455
11/02/2019,Mexico,Riots,1,17.6017,-99.9455
11/09/2019,Mexico,Riots,1,17.6017,-99.9455
11/23/2019,Mexico,Riots,1,17.6017,-99.9455
11/30/2019,Mexico,Riots,1,17.6017,-99.9455
12/07/2019,Mexico,Riots,1,17.6017,-99.9455
01/11/2020,Mexico,Riots,3,17.6017,-99.9455
02/22/2020,Mexico,Riots,1,17.6017,-99.9455
02/29/2020,Mexico,Riots,1,17.6017,-99.9455
04/04/2020,Mexico,Riots,1,17.6017,-99.9455
06/06/2020,Mexico,Riots,1,17.6017,-99.9455
07/18/2020,Mexico,Riots,1,17.6017,-99.9455
09/05/2020,Mexico,Riots,1,17.6017,-99.9455
12/19/2020,Mexico,Riots,1,17.6017,-99.9455
01/23/2021,Mexico,Riots,1,17.6017,-99.9455
02/13/2021,Mexico,Riots,1,17.6017,-99.9455
02/27/2021,Mexico,Riots,1,17.6017,-99.9455
05/15/2021,Mexico,Riots,1,17.6017,-99.9455
05/22/2021,Mexico,Riots,1,17.6017,-99.9455
06/05/2021,Mexico,Riots,1,17.6017,-99.9455
06/12/2021,Mexico,Riots,1,17.6017,-99.9455
08/14/2021,Mexico,Riots,1,17.6017,-99.9455
10/23/2021,Mexico,Riots,1,17.6017,-99.9455
02/12/2022,Mexico,Riots,1,17.6017,-99.9455
02/19/2022,Mexico,Riots,1,17.6017,-99.9455
06/04/2022,Mexico,Riots,1,17.6017,-99.9455
09/17/2022,Mexico,Riots,1,17.6017,-99.9455
12/10/2022,Mexico,Riots,1,17.6017,-99.9455
02/11/2023,Mexico,Riots,2,17.6017,-99.9455
02/25/2023,Mexico,Riots,1,17.6017,-99.9455
03/18/2023,Mexico,Riots,2,17.6017,-99.9455
04/15/2023,Mexico,Riots,1,17.6017,-99.9455
08/12/2023,Mexico,Riots,1,17.6017,-99.9455
09/16/2023,Mexico,Riots,1,17.6017,-99.9455
10/14/2023,Mexico,Riots,1,17.6017,-99.9455
12/02/2023,Mexico,Riots,1,17.6017,-99.9455
12/23/2023,Mexico,Riots,1,17.6017,-99.9455
02/10/2024,Mexico,Riots,1,17.6017,-99.9455
03/02/2024,Mexico,Riots,1,17.6017,-99.9455
03/23/2024,Mexico,Riots,1,17.6017,-99.9455
05/18/2024,Mexico,Riots,1,17.6017,-99.9455
06/01/2024,Mexico,Riots,2,17.6017,-99.9455
06/08/2024,Mexico,Riots,1,17.6017,-99.9455
07/20/2024,Mexico,Riots,1,17.6017,-99.9455
08/03/2024,Mexico,Riots,1,17.6017,-99.9455
08/17/2024,Mexico,Riots,1,17.6017,-99.9455
08/24/2024,Mexico,Riots,1,17.6017,-99.9455
08/31/2024,Mexico,Riots,1,17.6017,-99.9455
09/14/2024,Mexico,Riots,1,17.6017,-99.9455
11/23/2024,Mexico,Riots,1,17.6017,-99.9455
02/01/2025,Mexico,Riots,1,17.6017,-99.9455
04/19/2025,Mexico,Riots,2,17.6017,-99.9455
05/10/2025,Mexico,Riots,1,17.6017,-99.9455
07/12/2025,Mexico,Riots,1,17.6017,-99.9455
08/23/2025,Mexico,Riots,1,17.6017,-99.9455
09/13/2025,Mexico,Riots,1,17.6017,-99.9455
10/11/2025,Mexico,Riots,1,17.6017,-99.9455
01/13/2018,Mexico,Riots,1,17.6017,-99.9455
01/27/2018,Mexico,Riots,1,17.6017,-99.9455
02/10/2018,Mexico,Riots,1,17.6017,-99.9455
04/28/2018,Mexico,Riots,1,17.6017,-99.9455
05/05/2018,Mexico,Riots,1,17.6017,-99.9455
06/09/2018,Mexico,Riots,2,17.6017,-99.9455
07/14/2018,Mexico,Riots,1,17.6017,-99.9455
08/04/2018,Mexico,Riots,1,17.6017,-99.9455
08/11/2018,Mexico,Riots,1,17.6017,-99.9455
08/18/2018,Mexico,Riots,1,17.6017,-99.9455
09/15/2018,Mexico,Riots,2,17.6017,-99.9455
09/22/2018,Mexico,Riots,1,17.6017,-99.9455
09/29/2018,Mexico,Riots,2,17.6017,-99.9455
01/05/2019,Mexico,Riots,1,17.6017,-99.9455
02/02/2019,Mexico,Riots,1,17.6017,-99.9455
02/23/2019,Mexico,Riots,2,17.6017,-99.9455
03/09/2019,Mexico,Riots,1,17.6017,-99.9455
03/16/2019,Mexico,Riots,1,17.6017,-99.9455
04/06/2019,Mexico,Riots,3,17.6017,-99.9455
04/20/2019,Mexico,Riots,1,17.6017,-99.9455
04/27/2019,Mexico,Riots,1,17.6017,-99.9455
05/25/2019,Mexico,Riots,2,17.6017,-99.9455
06/01/2019,Mexico,Riots,1,17.6017,-99.9455
06/08/2019,Mexico,Riots,4,17.6017,-99.9455
06/15/2019,Mexico,Riots,3,17.6017,-99.9455
06/22/2019,Mexico,Riots,4,17.6017,-99.9455
06/29/2019,Mexico,Riots,3,17.6017,-99.9455
07/06/2019,Mexico,Riots,7,17.6017,-99.9455
07/13/2019,Mexico,Riots,8,17.6017,-99.9455
07/20/2019,Mexico,Riots,2,17.6017,-99.9455
08/17/2019,Mexico,Riots,2,17.6017,-99.9455
08/24/2019,Mexico,Riots,1,17.6017,-99.9455
09/14/2019,Mexico,Riots,1,17.6017,-99.9455
10/26/2019,Mexico,Riots,1,17.6017,-99.9455
11/30/2019,Mexico,Riots,1,17.6017,-99.9455
02/22/2020,Mexico,Riots,1,17.6017,-99.9455
03/07/2020,Mexico,Riots,1,17.6017,-99.9455
06/13/2020,Mexico,Riots,1,17.6017,-99.9455
06/20/2020,Mexico,Riots,1,17.6017,-99.9455
07/11/2020,Mexico,Riots,2,17.6017,-99.9455
08/29/2020,Mexico,Riots,1,17.6017,-99.9455
09/05/2020,Mexico,Riots,1,17.6017,-99.9455
09/19/2020,Mexico,Riots,3,17.6017,-99.9455
09/26/2020,Mexico,Riots,1,17.6017,-99.9455
10/31/2020,Mexico,Riots,1,17.6017,-99.9455
11/07/2020,Mexico,Riots,1,17.6017,-99.9455
11/14/2020,Mexico,Riots,2,17.6017,-99.9455
11/21/2020,Mexico,Riots,1,17.6017,-99.9455
12/12/2020,Mexico,Riots,1,17.6017,-99.9455
02/13/2021,Mexico,Riots,2,17.6017,-99.9455
04/17/2021,Mexico,Riots,1,17.6017,-99.9455
05/08/2021,Mexico,Riots,1,17.6017,-99.9455
05/22/2021,Mexico,Riots,1,17.6017,-99.9455
05/29/2021,Mexico,Riots,1,17.6017,-99.9455
06/12/2021,Mexico,Riots,1,17.6017,-99.9455
06/26/2021,Mexico,Riots,1,17.6017,-99.9455
07/03/2021,Mexico,Riots,1,17.6017,-99.9455
08/14/2021,Mexico,Riots,2,17.6017,-99.9455
08/21/2021,Mexico,Riots,1,17.6017,-99.9455
09/11/2021,Mexico,Riots,1,17.6017,-99.9455
09/18/2021,Mexico,Riots,1,17.6017,-99.9455
09/25/2021,Mexico,Riots,1,17.6017,-99.9455
10/16/2021,Mexico,Riots,1,17.6017,-99.9455
11/13/2021,Mexico,Riots,1,17.6017,-99.9455
11/20/2021,Mexico,Riots,1,17.6017,-99.9455
12/11/2021,Mexico,Riots,2,17.6017,-99.9455
01/22/2022,Mexico,Riots,1,17.6017,-99.9455
01/29/2022,Mexico,Riots,3,17.6017,-99.9455
02/12/2022,Mexico,Riots,1,17.6017,-99.9455
03/19/2022,Mexico,Riots,1,17.6017,-99.9455
04/02/2022,Mexico,Riots,1,17.6017,-99.9455
04/30/2022,Mexico,Riots,1,17.6017,-99.9455
05/07/2022,Mexico,Riots,1,17.6017,-99.9455
05/28/2022,Mexico,Riots,1,17.6017,-99.9455
06/04/2022,Mexico,Riots,5,17.6017,-99.9455
06/11/2022,Mexico,Riots,1,17.6017,-99.9455
06/18/2022,Mexico,Riots,2,17.6017,-99.9455
06/25/2022,Mexico,Riots,1,17.6017,-99.9455
08/13/2022,Mexico,Riots,1,17.6017,-99.9455
09/10/2022,Mexico,Riots,2,17.6017,-99.9455
09/24/2022,Mexico,Riots,1,17.6017,-99.9455
10/15/2022,Mexico,Riots,1,17.6017,-99.9455
11/05/2022,Mexico,Riots,1,17.6017,-99.9455
12/03/2022,Mexico,Riots,2,17.6017,-99.9455
12/10/2022,Mexico,Riots,1,17.6017,-99.9455
12/17/2022,Mexico,Riots,1,17.6017,-99.9455
01/21/2023,Mexico,Riots,1,17.6017,-99.9455
01/28/2023,Mexico,Riots,2,17.6017,-99.9455
02/04/2023,Mexico,Riots,1,17.6017,-99.9455
02/11/2023,Mexico,Riots,1,17.6017,-99.9455
03/04/2023,Mexico,Riots,1,17.6017,-99.9455
03/25/2023,Mexico,Riots,2,17.6017,-99.9455
04/15/2023,Mexico,Riots,2,17.6017,-99.9455
04/29/2023,Mexico,Riots,1,17.6017,-99.9455
05/20/2023,Mexico,Riots,3,17.6017,-99.9455
07/01/2023,Mexico,Riots,3,17.6017,-99.9455
07/08/2023,Mexico,Riots,1,17.6017,-99.9455
08/19/2023,Mexico,Riots,1,17.6017,-99.9455
09/09/2023,Mexico,Riots,2,17.6017,-99.9455
09/16/2023,Mexico,Riots,1,17.6017,-99.9455
09/23/2023,Mexico,Riots,2,17.6017,-99.9455
10/14/2023,Mexico,Riots,2,17.6017,-99.9455
11/11/2023,Mexico,Riots,1,17.6017,-99.9455
11/25/2023,Mexico,Riots,1,17.6017,-99.9455
12/23/2023,Mexico,Riots,1,17.6017,-99.9455
01/06/2024,Mexico,Riots,1,17.6017,-99.9455
01/20/2024,Mexico,Riots,1,17.6017,-99.9455
01/27/2024,Mexico,Riots,1,17.6017,-99.9455
02/17/2024,Mexico,Riots,2,17.6017,-99.9455
03/02/2024,Mexico,Riots,2,17.6017,-99.9455
03/09/2024,Mexico,Riots,2,17.6017,-99.9455
03/16/2024,Mexico,Riots,1,17.6017,-99.9455
04/06/2024,Mexico,Riots,1,17.6017,-99.9455
06/22/2024,Mexico,Riots,1,17.6017,-99.9455
08/03/2024,Mexico,Riots,1,17.6017,-99.9455
09/07/2024,Mexico,Riots,1,17.6017,-99.9455
09/14/2024,Mexico,Riots,1,17.6017,-99.9455
10/19/2024,Mexico,Riots,1,17.6017,-99.9455
12/07/2024,Mexico,Riots,1,17.6017,-99.9455
01/18/2025,Mexico,Riots,2,17.6017,-99.9455
02/22/2025,Mexico,Riots,1,17.6017,-99.9455
03/01/2025,Mexico,Riots,2,17.6017,-99.9455
03/08/2025,Mexico,Riots,1,17.6017,-99.9455
04/12/2025,Mexico,Riots,1,17.6017,-99.9455
04/26/2025,Mexico,Riots,1,17.6017,-99.9455
05/24/2025,Mexico,Riots,3,17.6017,-99.9455
05/31/2025,Mexico,Riots,2,17.6017,-99.9455
08/02/2025,Mexico,Riots,1,17.6017,-99.9455
09/20/2025,Mexico,Riots,1,17.6017,-99.9455
09/27/2025,Mexico,Riots,1,17.6017,-99.9455
01/20/2018,Mexico,Violence against civilians,1,17.6017,-99.9455
02/03/2018,Mexico,Violence against civilians,1,17.6017,-99.9455
02/10/2018,Mexico,Violence against civilians,1,17.6017,-99.9455
02/24/2018,Mexico,Violence against civilians,1,17.6017,-99.9455
03/17/2018,Mexico,Violence against civilians,1,17.6017,-99.9455
04/21/2018,Mexico,Violence against civilians,1,17.6017,-99.9455
04/28/2018,Mexico,Violence against civilians,1,17.6017,-99.9455
06/30/2018,Mexico,Violence against civilians,3,17.6017,-99.9455
07/21/2018,Mexico,Violence against civilians,1,17.6017,-99.9455
07/28/2018,Mexico,Violence against civilians,1,17.6017,-99.9455
08/25/2018,Mexico,Violence against civilians,1,17.6017,-99.9455
09/01/2018,Mexico,Violence against civilians,2,17.6017,-99.9455
11/03/2018,Mexico,Violence against civilians,1,17.6017,-99.9455
11/17/2018,Mexico,Violence against civilians,1,17.6017,-99.9455
01/05/2019,Mexico,Violence against civilians,2,17.6017,-99.9455
01/12/2019,Mexico,Violence against civilians,3,17.6017,-99.9455
01/19/2019,Mexico,Violence against civilians,1,17.6017,-99.9455
01/26/2019,Mexico,Violence against civilians,1,17.6017,-99.9455
02/09/2019,Mexico,Violence against civilians,1,17.6017,-99.9455
02/23/2019,Mexico,Violence against civilians,1,17.6017,-99.9455
03/30/2019,Mexico,Violence against civilians,1,17.6017,-99.9455
04/13/2019,Mexico,Violence against civilians,1,17.6017,-99.9455
05/11/2019,Mexico,Violence against civilians,1,17.6017,-99.9455
06/15/2019,Mexico,Violence against civilians,1,17.6017,-99.9455
07/27/2019,Mexico,Violence against civilians,1,17.6017,-99.9455
08/24/2019,Mexico,Violence against civilians,1,17.6017,-99.9455
09/07/2019,Mexico,Violence against civilians,1,17.6017,-99.9455
09/21/2019,Mexico,Violence against civilians,1,17.6017,-99.9455
09/28/2019,Mexico,Violence against civilians,1,17.6017,-99.9455
10/05/2019,Mexico,Violence against civilians,1,17.6017,-99.9455
12/21/2019,Mexico,Violence against civilians,1,17.6017,-99.9455
02/15/2020,Mexico,Violence against civilians,1,17.6017,-99.9455
02/22/2020,Mexico,Violence against civilians,2,17.6017,-99.9455
02/29/2020,Mexico,Violence against civilians,1,17.6017,-99.9455
04/11/2020,Mexico,Violence against civilians,1,17.6017,-99.9455
05/23/2020,Mexico,Violence against civilians,1,17.6017,-99.9455
06/06/2020,Mexico,Violence against civilians,1,17.6017,-99.9455
06/13/2020,Mexico,Violence against civilians,1,17.6017,-99.9455
10/31/2020,Mexico,Violence against civilians,1,17.6017,-99.9455
11/07/2020,Mexico,Violence against civilians,1,17.6017,-99.9455
11/28/2020,Mexico,Violence against civilians,2,17.6017,-99.9455
02/13/2021,Mexico,Violence against civilians,1,17.6017,-99.9455
04/17/2021,Mexico,Violence against civilians,1,17.6017,-99.9455
05/29/2021,Mexico,Violence against civilians,1,17.6017,-99.9455
07/10/2021,Mexico,Violence against civilians,1,17.6017,-99.9455
07/31/2021,Mexico,Violence against civilians,2,17.6017,-99.9455
08/07/2021,Mexico,Violence against civilians,1,17.6017,-99.9455
10/30/2021,Mexico,Violence against civilians,1,17.6017,-99.9455
12/18/2021,Mexico,Violence against civilians,1,17.6017,-99.9455
01/15/2022,Mexico,Violence against civilians,1,17.6017,-99.9455
02/12/2022,Mexico,Violence against civilians,2,17.6017,-99.9455
04/23/2022,Mexico,Violence against civilians,1,17.6017,-99.9455
05/21/2022,Mexico,Violence against civilians,1,17.6017,-99.9455
06/11/2022,Mexico,Violence against civilians,1,17.6017,-99.9455
07/09/2022,Mexico,Violence against civilians,1,17.6017,-99.9455
12/24/2022,Mexico,Violence against civilians,1,17.6017,-99.9455
02/25/2023,Mexico,Violence against civilians,2,17.6017,-99.9455
03/04/2023,Mexico,Violence against civilians,1,17.6017,-99.9455
04/15/2023,Mexico,Violence against civilians,1,17.6017,-99.9455
06/03/2023,Mexico,Violence against civilians,1,17.6017,-99.9455
07/08/2023,Mexico,Violence against civilians,1,17.6017,-99.9455
07/22/2023,Mexico,Violence against civilians,2,17.6017,-99.9455
08/12/2023,Mexico,Violence against civilians,1,17.6017,-99.9455
08/19/2023,Mexico,Violence against civilians,1,17.6017,-99.9455
08/26/2023,Mexico,Violence against civilians,1,17.6017,-99.9455
11/18/2023,Mexico,Violence against civilians,2,17.6017,-99.9455
11/25/2023,Mexico,Violence against civilians,1,17.6017,-99.9455
12/16/2023,Mexico,Violence against civilians,1,17.6017,-99.9455
12/23/2023,Mexico,Violence against civilians,2,17.6017,-99.9455
01/13/2024,Mexico,Violence against civilians,1,17.6017,-99.9455
01/20/2024,Mexico,Violence against civilians,1,17.6017,-99.9455
03/09/2024,Mexico,Violence against civilians,1,17.6017,-99.9455
04/06/2024,Mexico,Violence against civilians,1,17.6017,-99.9455
05/25/2024,Mexico,Violence against civilians,1,17.6017,-99.9455
06/01/2024,Mexico,Violence against civilians,2,17.6017,-99.9455
06/15/2024,Mexico,Violence against civilians,1,17.6017,-99.9455
07/13/2024,Mexico,Violence against civilians,1,17.6017,-99.9455
08/17/2024,Mexico,Violence against civilians,1,17.6017,-99.9455
10/26/2024,Mexico,Violence against civilians,1,17.6017,-99.9455
11/30/2024,Mexico,Violence against civilians,1,17.6017,-99.9455
05/10/2025,Mexico,Violence against civilians,1,17.6017,-99.9455
05/17/2025,Mexico,Violence against civilians,1,17.6017,-99.9455
12/30/2017,Mexico,Violence against civilians,6,17.6017,-99.9455
01/06/2018,Mexico,Violence against civilians,8,17.6017,-99.9455
01/13/2018,Mexico,Violence against civilians,11,17.6017,-99.9455
01/20/2018,Mexico,Violence against civilians,5,17.6017,-99.9455
01/27/2018,Mexico,Violence against civilians,5,17.6017,-99.9455
02/03/2018,Mexico,Violence against civilians,10,17.6017,-99.9455
02/10/2018,Mexico,Violence against civilians,12,17.6017,-99.9455
02/17/2018,Mexico,Violence against civilians,6,17.6017,-99.9455
02/24/2018,Mexico,Violence against civilians,3,17.6017,-99.9455
03/03/2018,Mexico,Violence against civilians,6,17.6017,-99.9455
03/10/2018,Mexico,Violence against civilians,12,17.6017,-99.9455
03/17/2018,Mexico,Violence against civilians,11,17.6017,-99.9455
03/24/2018,Mexico,Violence against civilians,8,17.6017,-99.9455
03/31/2018,Mexico,Violence against civilians,5,17.6017,-99.9455
04/07/2018,Mexico,Violence against civilians,5,17.6017,-99.9455
04/14/2018,Mexico,Violence against civilians,8,17.6017,-99.9455
04/21/2018,Mexico,Violence against civilians,5,17.6017,-99.9455
04/28/2018,Mexico,Violence against civilians,8,17.6017,-99.9455
05/05/2018,Mexico,Violence against civilians,4,17.6017,-99.9455
05/12/2018,Mexico,Violence against civilians,2,17.6017,-99.9455
05/19/2018,Mexico,Violence against civilians,6,17.6017,-99.9455
05/26/2018,Mexico,Violence against civilians,8,17.6017,-99.9455
06/02/2018,Mexico,Violence against civilians,3,17.6017,-99.9455
06/09/2018,Mexico,Violence against civilians,4,17.6017,-99.9455
06/16/2018,Mexico,Violence against civilians,9,17.6017,-99.9455
06/23/2018,Mexico,Violence against civilians,9,17.6017,-99.9455
06/30/2018,Mexico,Violence against civilians,7,17.6017,-99.9455
07/07/2018,Mexico,Violence against civilians,10,17.6017,-99.9455
07/14/2018,Mexico,Violence against civilians,6,17.6017,-99.9455
07/21/2018,Mexico,Violence against civilians,6,17.6017,-99.9455
07/28/2018,Mexico,Violence against civilians,8,17.6017,-99.9455
08/04/2018,Mexico,Violence against civilians,14,17.6017,-99.9455
08/11/2018,Mexico,Violence against civilians,8,17.6017,-99.9455
08/18/2018,Mexico,Violence against civilians,5,17.6017,-99.9455
08/25/2018,Mexico,Violence against civilians,7,17.6017,-99.9455
09/01/2018,Mexico,Violence against civilians,10,17.6017,-99.9455
09/08/2018,Mexico,Violence against civilians,6,17.6017,-99.9455
09/15/2018,Mexico,Violence against civilians,9,17.6017,-99.9455
09/22/2018,Mexico,Violence against civilians,3,17.6017,-99.9455
09/29/2018,Mexico,Violence against civilians,16,17.6017,-99.9455
10/06/2018,Mexico,Violence against civilians,6,17.6017,-99.9455
10/13/2018,Mexico,Violence against civilians,3,17.6017,-99.9455
10/20/2018,Mexico,Violence against civilians,13,17.6017,-99.9455
10/27/2018,Mexico,Violence against civilians,10,17.6017,-99.9455
11/03/2018,Mexico,Violence against civilians,7,17.6017,-99.9455
11/10/2018,Mexico,Violence against civilians,8,17.6017,-99.9455
11/17/2018,Mexico,Violence against civilians,3,17.6017,-99.9455
11/24/2018,Mexico,Violence against civilians,5,17.6017,-99.9455
12/01/2018,Mexico,Violence against civilians,10,17.6017,-99.9455
12/08/2018,Mexico,Violence against civilians,4,17.6017,-99.9455
12/15/2018,Mexico,Violence against civilians,7,17.6017,-99.9455
12/22/2018,Mexico,Violence against civilians,2,17.6017,-99.9455
12/29/2018,Mexico,Violence against civilians,5,17.6017,-99.9455
01/05/2019,Mexico,Violence against civilians,11,17.6017,-99.9455
01/12/2019,Mexico,Violence against civilians,6,17.6017,-99.9455
01/19/2019,Mexico,Violence against civilians,12,17.6017,-99.9455
01/26/2019,Mexico,Violence against civilians,3,17.6017,-99.9455
02/02/2019,Mexico,Violence against civilians,10,17.6017,-99.9455
02/09/2019,Mexico,Violence against civilians,5,17.6017,-99.9455
02/16/2019,Mexico,Violence against civilians,6,17.6017,-99.9455
02/23/2019,Mexico,Violence against civilians,4,17.6017,-99.9455
03/02/2019,Mexico,Violence against civilians,5,17.6017,-99.9455
03/09/2019,Mexico,Violence against civilians,3,17.6017,-99.9455
03/16/2019,Mexico,Violence against civilians,7,17.6017,-99.9455
03/23/2019,Mexico,Violence against civilians,7,17.6017,-99.9455
03/30/2019,Mexico,Violence against civilians,3,17.6017,-99.9455
04/06/2019,Mexico,Violence against civilians,8,17.6017,-99.9455
04/13/2019,Mexico,Violence against civilians,10,17.6017,-99.9455
04/20/2019,Mexico,Violence against civilians,4,17.6017,-99.9455
04/27/2019,Mexico,Violence against civilians,3,17.6017,-99.9455
05/04/2019,Mexico,Violence against civilians,5,17.6017,-99.9455
05/11/2019,Mexico,Violence against civilians,3,17.6017,-99.9455
05/18/2019,Mexico,Violence against civilians,8,17.6017,-99.9455
05/25/2019,Mexico,Violence against civilians,6,17.6017,-99.9455
06/01/2019,Mexico,Violence against civilians,6,17.6017,-99.9455
06/08/2019,Mexico,Violence against civilians,7,17.6017,-99.9455
06/15/2019,Mexico,Violence against civilians,1,17.6017,-99.9455
06/22/2019,Mexico,Violence against civilians,10,17.6017,-99.9455
06/29/2019,Mexico,Violence against civilians,6,17.6017,-99.9455
07/06/2019,Mexico,Violence against civilians,7,17.6017,-99.9455
07/13/2019,Mexico,Violence against civilians,8,17.6017,-99.9455
07/20/2019,Mexico,Violence against civilians,17,17.6017,-99.9455
07/27/2019,Mexico,Violence against civilians,2,17.6017,-99.9455
08/03/2019,Mexico,Violence against civilians,6,17.6017,-99.9455
08/10/2019,Mexico,Violence against civilians,2,17.6017,-99.9455
08/17/2019,Mexico,Violence against civilians,5,17.6017,-99.9455
08/24/2019,Mexico,Violence against civilians,4,17.6017,-99.9455
08/31/2019,Mexico,Violence against civilians,1,17.6017,-99.9455
09/07/2019,Mexico,Violence against civilians,5,17.6017,-99.9455
09/14/2019,Mexico,Violence against civilians,6,17.6017,-99.9455
09/28/2019,Mexico,Violence against civilians,2,17.6017,-99.9455
10/05/2019,Mexico,Violence against civilians,3,17.6017,-99.9455
10/12/2019,Mexico,Violence against civilians,4,17.6017,-99.9455
10/19/2019,Mexico,Violence against civilians,3,17.6017,-99.9455
10/26/2019,Mexico,Violence against civilians,5,17.6017,-99.9455
11/02/2019,Mexico,Violence against civilians,9,17.6017,-99.9455
11/09/2019,Mexico,Violence against civilians,11,17.6017,-99.9455
11/16/2019,Mexico,Violence against civilians,4,17.6017,-99.9455
11/23/2019,Mexico,Violence against civilians,3,17.6017,-99.9455
11/30/2019,Mexico,Violence against civilians,14,17.6017,-99.9455
12/07/2019,Mexico,Violence against civilians,2,17.6017,-99.9455
12/14/2019,Mexico,Violence against civilians,4,17.6017,-99.9455
12/21/2019,Mexico,Violence against civilians,6,17.6017,-99.9455
12/28/2019,Mexico,Violence against civilians,4,17.6017,-99.9455
01/04/2020,Mexico,Violence against civilians,3,17.6017,-99.9455
01/11/2020,Mexico,Violence against civilians,4,17.6017,-99.9455
01/18/2020,Mexico,Violence against civilians,9,17.6017,-99.9455
01/25/2020,Mexico,Violence against civilians,5,17.6017,-99.9455
02/01/2020,Mexico,Violence against civilians,4,17.6017,-99.9455
02/08/2020,Mexico,Violence against civilians,8,17.6017,-99.9455
02/15/2020,Mexico,Violence against civilians,9,17.6017,-99.9455
02/22/2020,Mexico,Violence against civilians,5,17.6017,-99.9455
02/29/2020,Mexico,Violence against civilians,15,17.6017,-99.9455
03/07/2020,Mexico,Violence against civilians,5,17.6017,-99.9455
03/14/2020,Mexico,Violence against civilians,8,17.6017,-99.9455
03/21/2020,Mexico,Violence against civilians,3,17.6017,-99.9455
03/28/2020,Mexico,Violence against civilians,6,17.6017,-99.9455
04/04/2020,Mexico,Violence against civilians,3,17.6017,-99.9455
04/11/2020,Mexico,Violence against civilians,8,17.6017,-99.9455
04/18/2020,Mexico,Violence against civilians,9,17.6017,-99.9455
04/25/2020,Mexico,Violence against civilians,8,17.6017,-99.9455
05/02/2020,Mexico,Violence against civilians,9,17.6017,-99.9455
05/09/2020,Mexico,Violence against civilians,10,17.6017,-99.9455
05/16/2020,Mexico,Violence against civilians,7,17.6017,-99.9455
05/23/2020,Mexico,Violence against civilians,1,17.6017,-99.9455
05/30/2020,Mexico,Violence against civilians,7,17.6017,-99.9455
06/06/2020,Mexico,Violence against civilians,5,17.6017,-99.9455
06/13/2020,Mexico,Violence against civilians,6,17.6017,-99.9455
06/20/2020,Mexico,Violence against civilians,7,17.6017,-99.9455
06/27/2020,Mexico,Violence against civilians,9,17.6017,-99.9455
07/04/2020,Mexico,Violence against civilians,5,17.6017,-99.9455
07/11/2020,Mexico,Violence against civilians,9,17.6017,-99.9455
07/18/2020,Mexico,Violence against civilians,5,17.6017,-99.9455
07/25/2020,Mexico,Violence against civilians,8,17.6017,-99.9455
08/01/2020,Mexico,Violence against civilians,7,17.6017,-99.9455
08/08/2020,Mexico,Violence against civilians,7,17.6017,-99.9455
08/15/2020,Mexico,Violence against civilians,9,17.6017,-99.9455
08/22/2020,Mexico,Violence against civilians,4,17.6017,-99.9455
08/29/2020,Mexico,Violence against civilians,6,17.6017,-99.9455
09/05/2020,Mexico,Violence against civilians,5,17.6017,-99.9455
09/12/2020,Mexico,Violence against civilians,6,17.6017,-99.9455
09/19/2020,Mexico,Violence against civilians,6,17.6017,-99.9455
09/26/2020,Mexico,Violence against civilians,8,17.6017,-99.9455
10/03/2020,Mexico,Violence against civilians,9,17.6017,-99.9455
10/10/2020,Mexico,Violence against civilians,5,17.6017,-99.9455
10/17/2020,Mexico,Violence against civilians,5,17.6017,-99.9455
10/24/2020,Mexico,Violence against civilians,6,17.6017,-99.9455
10/31/2020,Mexico,Violence against civilians,3,17.6017,-99.9455
11/07/2020,Mexico,Violence against civilians,8,17.6017,-99.9455
11/14/2020,Mexico,Violence against civilians,10,17.6017,-99.9455
11/21/2020,Mexico,Violence against civilians,6,17.6017,-99.9455
11/28/2020,Mexico,Violence against civilians,3,17.6017,-99.9455
12/05/2020,Mexico,Violence against civilians,8,17.6017,-99.9455
12/12/2020,Mexico,Violence against civilians,4,17.6017,-99.9455
12/19/2020,Mexico,Violence against civilians,12,17.6017,-99.9455
12/26/2020,Mexico,Violence against civilians,7,17.6017,-99.9455
01/02/2021,Mexico,Violence against civilians,4,17.6017,-99.9455
01/09/2021,Mexico,Violence against civilians,6,17.6017,-99.9455
01/16/2021,Mexico,Violence against civilians,7,17.6017,-99.9455
01/23/2021,Mexico,Violence against civilians,6,17.6017,-99.9455
01/30/2021,Mexico,Violence against civilians,8,17.6017,-99.9455
02/06/2021,Mexico,Violence against civilians,8,17.6017,-99.9455
02/13/2021,Mexico,Violence against civilians,8,17.6017,-99.9455
02/20/2021,Mexico,Violence against civilians,12,17.6017,-99.9455
02/27/2021,Mexico,Violence against civilians,11,17.6017,-99.9455
03/06/2021,Mexico,Violence against civilians,3,17.6017,-99.9455
03/13/2021,Mexico,Violence against civilians,3,17.6017,-99.9455
03/20/2021,Mexico,Violence against civilians,10,17.6017,-99.9455
03/27/2021,Mexico,Violence against civilians,4,17.6017,-99.9455
04/03/2021,Mexico,Violence against civilians,5,17.6017,-99.9455
04/10/2021,Mexico,Violence against civilians,6,17.6017,-99.9455
04/17/2021,Mexico,Violence against civilians,7,17.6017,-99.9455
04/24/2021,Mexico,Violence against civilians,8,17.6017,-99.9455
05/01/2021,Mexico,Violence against civilians,8,17.6017,-99.9455
05/08/2021,Mexico,Violence against civilians,6,17.6017,-99.9455
05/15/2021,Mexico,Violence against civilians,8,17.6017,-99.9455
05/22/2021,Mexico,Violence against civilians,6,17.6017,-99.9455
05/29/2021,Mexico,Violence against civilians,7,17.6017,-99.9455
06/05/2021,Mexico,Violence against civilians,2,17.6017,-99.9455
06/12/2021,Mexico,Violence against civilians,7,17.6017,-99.9455
06/19/2021,Mexico,Violence against civilians,4,17.6017,-99.9455
06/26/2021,Mexico,Violence against civilians,5,17.6017,-99.9455
07/10/2021,Mexico,Violence against civilians,4,17.6017,-99.9455
07/17/2021,Mexico,Violence against civilians,6,17.6017,-99.9455
07/24/2021,Mexico,Violence against civilians,3,17.6017,-99.9455
07/31/2021,Mexico,Violence against civilians,2,17.6017,-99.9455
08/07/2021,Mexico,Violence against civilians,2,17.6017,-99.9455
08/14/2021,Mexico,Violence against civilians,2,17.6017,-99.9455
08/21/2021,Mexico,Violence against civilians,2,17.6017,-99.9455
08/28/2021,Mexico,Violence against civilians,2,17.6017,-99.9455
09/04/2021,Mexico,Violence against civilians,5,17.6017,-99.9455
09/11/2021,Mexico,Violence against civilians,3,17.6017,-99.9455
09/18/2021,Mexico,Violence against civilians,4,17.6017,-99.9455
09/25/2021,Mexico,Violence against civilians,5,17.6017,-99.9455
10/02/2021,Mexico,Violence against civilians,2,17.6017,-99.9455
10/09/2021,Mexico,Violence against civilians,3,17.6017,-99.9455
10/23/2021,Mexico,Violence against civilians,2,17.6017,-99.9455
10/30/2021,Mexico,Violence against civilians,3,17.6017,-99.9455
11/06/2021,Mexico,Violence against civilians,9,17.6017,-99.9455
11/13/2021,Mexico,Violence against civilians,10,17.6017,-99.9455
11/20/2021,Mexico,Violence against civilians,2,17.6017,-99.9455
11/27/2021,Mexico,Violence against civilians,6,17.6017,-99.9455
12/04/2021,Mexico,Violence against civilians,3,17.6017,-99.9455
12/11/2021,Mexico,Violence against civilians,2,17.6017,-99.9455
12/18/2021,Mexico,Violence against civilians,1,17.6017,-99.9455
12/25/2021,Mexico,Violence against civilians,8,17.6017,-99.9455
01/01/2022,Mexico,Violence against civilians,5,17.6017,-99.9455
01/08/2022,Mexico,Violence against civilians,4,17.6017,-99.9455
01/15/2022,Mexico,Violence against civilians,8,17.6017,-99.9455
01/22/2022,Mexico,Violence against civilians,4,17.6017,-99.9455
01/29/2022,Mexico,Violence against civilians,5,17.6017,-99.9455
02/05/2022,Mexico,Violence against civilians,1,17.6017,-99.9455
02/12/2022,Mexico,Violence against civilians,1,17.6017,-99.9455
02/26/2022,Mexico,Violence against civilians,5,17.6017,-99.9455
03/05/2022,Mexico,Violence against civilians,4,17.6017,-99.9455
03/12/2022,Mexico,Violence against civilians,1,17.6017,-99.9455
03/19/2022,Mexico,Violence against civilians,5,17.6017,-99.9455
03/26/2022,Mexico,Violence against civilians,2,17.6017,-99.9455
04/02/2022,Mexico,Violence against civilians,4,17.6017,-99.9455
04/09/2022,Mexico,Violence against civilians,4,17.6017,-99.9455
04/16/2022,Mexico,Violence against civilians,1,17.6017,-99.9455
04/23/2022,Mexico,Violence against civilians,8,17.6017,-99.9455
04/30/2022,Mexico,Violence against civilians,3,17.6017,-99.9455
05/07/2022,Mexico,Violence against civilians,5,17.6017,-99.9455
05/14/2022,Mexico,Violence against civilians,6,17.6017,-99.9455
05/21/2022,Mexico,Violence against civilians,5,17.6017,-99.9455
05/28/2022,Mexico,Violence against civilians,6,17.6017,-99.9455
06/04/2022,Mexico,Violence against civilians,6,17.6017,-99.9455
06/11/2022,Mexico,Violence against civilians,6,17.6017,-99.9455
06/18/2022,Mexico,Violence against civilians,6,17.6017,-99.9455
06/25/2022,Mexico,Violence against civilians,7,17.6017,-99.9455
07/02/2022,Mexico,Violence against civilians,6,17.6017,-99.9455
07/09/2022,Mexico,Violence against civilians,2,17.6017,-99.9455
07/16/2022,Mexico,Violence against civilians,2,17.6017,-99.9455
07/23/2022,Mexico,Violence against civilians,5,17.6017,-99.9455
07/30/2022,Mexico,Violence against civilians,3,17.6017,-99.9455
08/06/2022,Mexico,Violence against civilians,1,17.6017,-99.9455
08/13/2022,Mexico,Violence against civilians,1,17.6017,-99.9455
08/20/2022,Mexico,Violence against civilians,8,17.6017,-99.9455
08/27/2022,Mexico,Violence against civilians,5,17.6017,-99.9455
09/03/2022,Mexico,Violence against civilians,7,17.6017,-99.9455
09/17/2022,Mexico,Violence against civilians,4,17.6017,-99.9455
09/24/2022,Mexico,Violence against civilians,1,17.6017,-99.9455
10/01/2022,Mexico,Violence against civilians,7,17.6017,-99.9455
10/08/2022,Mexico,Violence against civilians,4,17.6017,-99.9455
10/15/2022,Mexico,Violence against civilians,5,17.6017,-99.9455
10/22/2022,Mexico,Violence against civilians,2,17.6017,-99.9455
10/29/2022,Mexico,Violence against civilians,4,17.6017,-99.9455
11/05/2022,Mexico,Violence against civilians,4,17.6017,-99.9455
11/12/2022,Mexico,Violence against civilians,7,17.6017,-99.9455
11/19/2022,Mexico,Violence against civilians,5,17.6017,-99.9455
11/26/2022,Mexico,Violence against civilians,6,17.6017,-99.9455
12/03/2022,Mexico,Violence against civilians,8,17.6017,-99.9455
12/10/2022,Mexico,Violence against civilians,9,17.6017,-99.9455
12/17/2022,Mexico,Violence against civilians,2,17.6017,-99.9455
12/24/2022,Mexico,Violence against civilians,2,17.6017,-99.9455
12/31/2022,Mexico,Violence against civilians,3,17.6017,-99.9455
01/07/2023,Mexico,Violence against civilians,4,17.6017,-99.9455
01/14/2023,Mexico,Violence against civilians,11,17.6017,-99.9455
01/21/2023,Mexico,Violence against civilians,4,17.6017,-99.9455
01/28/2023,Mexico,Violence against civilians,4,17.6017,-99.9455
02/04/2023,Mexico,Violence against civilians,7,17.6017,-99.9455
02/11/2023,Mexico,Violence against civilians,4,17.6017,-99.9455
02/18/2023,Mexico,Violence against civilians,2,17.6017,-99.9455
02/25/2023,Mexico,Violence against civilians,5,17.6017,-99.9455
03/04/2023,Mexico,Violence against civilians,6,17.6017,-99.9455
03/11/2023,Mexico,Violence against civilians,5,17.6017,-99.9455
03/18/2023,Mexico,Violence against civilians,5,17.6017,-99.9455
03/25/2023,Mexico,Violence against civilians,3,17.6017,-99.9455
04/01/2023,Mexico,Violence against civilians,5,17.6017,-99.9455
04/08/2023,Mexico,Violence against civilians,3,17.6017,-99.9455
04/15/2023,Mexico,Violence against civilians,6,17.6017,-99.9455
04/22/2023,Mexico,Violence against civilians,5,17.6017,-99.9455
04/29/2023,Mexico,Violence against civilians,5,17.6017,-99.9455
05/06/2023,Mexico,Violence against civilians,10,17.6017,-99.9455
05/13/2023,Mexico,Violence against civilians,7,17.6017,-99.9455
05/20/2023,Mexico,Violence against civilians,4,17.6017,-99.9455
05/27/2023,Mexico,Violence against civilians,6,17.6017,-99.9455
06/03/2023,Mexico,Violence against civilians,9,17.6017,-99.9455
06/10/2023,Mexico,Violence against civilians,3,17.6017,-99.9455
06/17/2023,Mexico,Violence against civilians,6,17.6017,-99.9455
06/24/2023,Mexico,Violence against civilians,7,17.6017,-99.9455
07/01/2023,Mexico,Violence against civilians,5,17.6017,-99.9455
07/08/2023,Mexico,Violence against civilians,17,17.6017,-99.9455
07/15/2023,Mexico,Violence against civilians,10,17.6017,-99.9455
07/22/2023,Mexico,Violence against civilians,6,17.6017,-99.9455
07/29/2023,Mexico,Violence against civilians,10,17.6017,-99.9455
08/05/2023,Mexico,Violence against civilians,11,17.6017,-99.9455
08/12/2023,Mexico,Violence against civilians,7,17.6017,-99.9455
08/19/2023,Mexico,Violence against civilians,3,17.6017,-99.9455
08/26/2023,Mexico,Violence against civilians,9,17.6017,-99.9455
09/02/2023,Mexico,Violence against civilians,6,17.6017,-99.9455
09/09/2023,Mexico,Violence against civilians,8,17.6017,-99.9455
09/16/2023,Mexico,Violence against civilians,5,17.6017,-99.9455
09/23/2023,Mexico,Violence against civilians,10,17.6017,-99.9455
09/30/2023,Mexico,Violence against civilians,5,17.6017,-99.9455
10/07/2023,Mexico,Violence against civilians,3,17.6017,-99.9455
10/14/2023,Mexico,Violence against civilians,5,17.6017,-99.9455
10/21/2023,Mexico,Violence against civilians,5,17.6017,-99.9455
10/28/2023,Mexico,Violence against civilians,1,17.6017,-99.9455
11/04/2023,Mexico,Violence against civilians,3,17.6017,-99.9455
11/11/2023,Mexico,Violence against civilians,5,17.6017,-99.9455
11/18/2023,Mexico,Violence against civilians,4,17.6017,-99.9455
11/25/2023,Mexico,Violence against civilians,4,17.6017,-99.9455
12/02/2023,Mexico,Violence against civilians,4,17.6017,-99.9455
12/09/2023,Mexico,Violence against civilians,3,17.6017,-99.9455
12/16/2023,Mexico,Violence against civilians,5,17.6017,-99.9455
12/23/2023,Mexico,Violence against civilians,6,17.6017,-99.9455
12/30/2023,Mexico,Violence against civilians,4,17.6017,-99.9455
01/06/2024,Mexico,Violence against civilians,3,17.6017,-99.9455
01/13/2024,Mexico,Violence against civilians,8,17.6017,-99.9455
01/20/2024,Mexico,Violence against civilians,6,17.6017,-99.9455
01/27/2024,Mexico,Violence against civilians,6,17.6017,-99.9455
02/03/2024,Mexico,Violence against civilians,15,17.6017,-99.9455
02/10/2024,Mexico,Violence against civilians,14,17.6017,-99.9455
02/17/2024,Mexico,Violence against civilians,5,17.6017,-99.9455
02/24/2024,Mexico,Violence against civilians,8,17.6017,-99.9455
03/02/2024,Mexico,Violence against civilians,9,17.6017,-99.9455
03/09/2024,Mexico,Violence against civilians,6,17.6017,-99.9455
03/16/2024,Mexico,Violence against civilians,4,17.6017,-99.9455
03/23/2024,Mexico,Violence against civilians,4,17.6017,-99.9455
03/30/2024,Mexico,Violence against civilians,2,17.6017,-99.9455
04/06/2024,Mexico,Violence against civilians,3,17.6017,-99.9455
04/13/2024,Mexico,Violence against civilians,6,17.6017,-99.9455
04/20/2024,Mexico,Violence against civilians,6,17.6017,-99.9455
05/04/2024,Mexico,Violence against civilians,5,17.6017,-99.9455
05/11/2024,Mexico,Violence against civilians,5,17.6017,-99.9455
05/18/2024,Mexico,Violence against civilians,11,17.6017,-99.9455
05/25/2024,Mexico,Violence against civilians,12,17.6017,-99.9455
06/01/2024,Mexico,Violence against civilians,5,17.6017,-99.9455
06/08/2024,Mexico,Violence against civilians,10,17.6017,-99.9455
06/15/2024,Mexico,Violence against civilians,13,17.6017,-99.9455
06/22/2024,Mexico,Violence against civilians,12,17.6017,-99.9455
06/29/2024,Mexico,Violence against civilians,11,17.6017,-99.9455
07/06/2024,Mexico,Violence against civilians,11,17.6017,-99.9455
07/13/2024,Mexico,Violence against civilians,13,17.6017,-99.9455
07/20/2024,Mexico,Violence against civilians,4,17.6017,-99.9455
07/27/2024,Mexico,Violence against civilians,5,17.6017,-99.9455
08/03/2024,Mexico,Violence against civilians,5,17.6017,-99.9455
08/10/2024,Mexico,Violence against civilians,13,17.6017,-99.9455
08/17/2024,Mexico,Violence against civilians,9,17.6017,-99.9455
08/24/2024,Mexico,Violence against civilians,6,17.6017,-99.9455
08/31/2024,Mexico,Violence against civilians,8,17.6017,-99.9455
09/07/2024,Mexico,Violence against civilians,4,17.6017,-99.9455
09/14/2024,Mexico,Violence against civilians,5,17.6017,-99.9455
09/21/2024,Mexico,Violence against civilians,4,17.6017,-99.9455
09/28/2024,Mexico,Violence against civilians,10,17.6017,-99.9455
10/05/2024,Mexico,Violence against civilians,10,17.6017,-99.9455
10/12/2024,Mexico,Violence against civilians,6,17.6017,-99.9455
10/19/2024,Mexico,Violence against civilians,8,17.6017,-99.9455
10/26/2024,Mexico,Violence against civilians,10,17.6017,-99.9455
11/02/2024,Mexico,Violence against civilians,13,17.6017,-99.9455
11/09/2024,Mexico,Violence against civilians,8,17.6017,-99.9455
11/16/2024,Mexico,Violence against civilians,5,17.6017,-99.9455
11/23/2024,Mexico,Violence against civilians,2,17.6017,-99.9455
11/30/2024,Mexico,Violence against civilians,4,17.6017,-99.9455
12/07/2024,Mexico,Violence against civilians,2,17.6017,-99.9455
12/21/2024,Mexico,Violence against civilians,4,17.6017,-99.9455
12/28/2024,Mexico,Violence against civilians,1,17.6017,-99.9455
01/04/2025,Mexico,Violence against civilians,13,17.6017,-99.9455
01/11/2025,Mexico,Violence against civilians,4,17.6017,-99.9455
01/18/2025,Mexico,Violence against civilians,5,17.6017,-99.9455
01/25/2025,Mexico,Violence against civilians,5,17.6017,-99.9455
02/01/2025,Mexico,Violence against civilians,2,17.6017,-99.9455
02/08/2025,Mexico,Violence against civilians,7,17.6017,-99.9455
02/15/2025,Mexico,Violence against civilians,8,17.6017,-99.9455
02/22/2025,Mexico,Violence against civilians,6,17.6017,-99.9455
03/01/2025,Mexico,Violence against civilians,4,17.6017,-99.9455
03/08/2025,Mexico,Violence against civilians,5,17.6017,-99.9455
03/15/2025,Mexico,Violence against civilians,5,17.6017,-99.9455
03/22/2025,Mexico,Violence against civilians,14,17.6017,-99.9455
03/29/2025,Mexico,Violence against civilians,11,17.6017,-99.9455
04/05/2025,Mexico,Violence against civilians,7,17.6017,-99.9455
04/12/2025,Mexico,Violence against civilians,15,17.6017,-99.9455
04/19/2025,Mexico,Violence against civilians,10,17.6017,-99.9455
04/26/2025,Mexico,Violence against civilians,11,17.6017,-99.9455
05/03/2025,Mexico,Violence against civilians,9,17.6017,-99.9455
05/10/2025,Mexico,Violence against civilians,4,17.6017,-99.9455
05/17/2025,Mexico,Violence against civilians,3,17.6017,-99.9455
05/24/2025,Mexico,Violence against civilians,6,17.6017,-99.9455
05/31/2025,Mexico,Violence against civilians,6,17.6017,-99.9455
06/07/2025,Mexico,Violence against civilians,7,17.6017,-99.9455
06/14/2025,Mexico,Violence against civilians,5,17.6017,-99.9455
06/21/2025,Mexico,Violence against civilians,10,17.6017,-99.9455
06/28/2025,Mexico,Violence against civilians,9,17.6017,-99.9455
07/05/2025,Mexico,Violence against civilians,8,17.6017,-99.9455
07/12/2025,Mexico,Violence against civilians,5,17.6017,-99.9455
07/19/2025,Mexico,Violence against civilians,5,17.6017,-99.9455
07/26/2025,Mexico,Violence against civilians,9,17.6017,-99.9455
08/02/2025,Mexico,Violence against civilians,8,17.6017,-99.9455
08/09/2025,Mexico,Violence against civilians,5,17.6017,-99.9455
08/16/2025,Mexico,Violence against civilians,5,17.6017,-99.9455
08/23/2025,Mexico,Violence against civilians,11,17.6017,-99.9455
08/30/2025,Mexico,Violence against civilians,6,17.6017,-99.9455
09/06/2025,Mexico,Violence against civilians,7,17.6017,-99.9455
09/13/2025,Mexico,Violence against civilians,7,17.6017,-99.9455
09/20/2025,Mexico,Violence against civilians,3,17.6017,-99.9455
09/27/2025,Mexico,Violence against civilians,7,17.6017,-99.9455
10/04/2025,Mexico,Violence against civilians,7,17.6017,-99.9455
10/11/2025,Mexico,Violence against civilians,7,17.6017,-99.9455
10/18/2025,Mexico,Violence against civilians,3,17.6017,-99.9455
01/20/2018,Mexico,Violence against civilians,1,17.6017,-99.9455
02/03/2018,Mexico,Violence against civilians,1,17.6017,-99.9455
08/25/2018,Mexico,Violence against civilians,1,17.6017,-99.9455
06/01/2019,Mexico,Violence against civilians,1,17.6017,-99.9455
11/02/2019,Mexico,Violence against civilians,2,17.6017,-99.9455
10/17/2020,Mexico,Violence against civilians,1,17.6017,-99.9455
06/29/2024,Mexico,Violence against civilians,1,17.6017,-99.9455
08/03/2024,Mexico,Violence against civilians,1,17.6017,-99.9455
02/15/2025,Mexico,Violence against civilians,1,17.6017,-99.9455
04/12/2025,Mexico,Violence against civilians,1,17.6017,-99.9455
04/19/2025,Mexico,Violence against civilians,1,17.6017,-99.9455
05/13/2023,Mexico,Explosions/Remote violence,1,20.4972,-99.2137
08/10/2024,Mexico,Explosions/Remote violence,1,20.4972,-99.2137
11/17/2018,Mexico,Explosions/Remote violence,1,20.4972,-99.2137
12/30/2017,Mexico,Riots,1,20.4972,-99.2137
01/20/2018,Mexico,Riots,3,20.4972,-99.2137
03/10/2018,Mexico,Riots,1,20.4972,-99.2137
03/17/2018,Mexico,Riots,4,20.4972,-99.2137
03/24/2018,Mexico,Riots,2,20.4972,-99.2137
04/07/2018,Mexico,Riots,1,20.4972,-99.2137
04/14/2018,Mexico,Riots,2,20.4972,-99.2137
04/28/2018,Mexico,Riots,1,20.4972,-99.2137
05/12/2018,Mexico,Riots,2,20.4972,-99.2137
05/26/2018,Mexico,Riots,2,20.4972,-99.2137
06/09/2018,Mexico,Riots,1,20.4972,-99.2137
06/16/2018,Mexico,Riots,2,20.4972,-99.2137
06/30/2018,Mexico,Riots,2,20.4972,-99.2137
07/14/2018,Mexico,Riots,3,20.4972,-99.2137
08/04/2018,Mexico,Riots,1,20.4972,-99.2137
08/18/2018,Mexico,Riots,2,20.4972,-99.2137
08/25/2018,Mexico,Riots,4,20.4972,-99.2137
09/08/2018,Mexico,Riots,1,20.4972,-99.2137
09/15/2018,Mexico,Riots,2,20.4972,-99.2137
09/22/2018,Mexico,Riots,1,20.4972,-99.2137
09/29/2018,Mexico,Riots,2,20.4972,-99.2137
10/06/2018,Mexico,Riots,1,20.4972,-99.2137
10/13/2018,Mexico,Riots,2,20.4972,-99.2137
11/03/2018,Mexico,Riots,1,20.4972,-99.2137
11/10/2018,Mexico,Riots,1,20.4972,-99.2137
11/17/2018,Mexico,Riots,2,20.4972,-99.2137
12/01/2018,Mexico,Riots,1,20.4972,-99.2137
12/22/2018,Mexico,Riots,1,20.4972,-99.2137
01/12/2019,Mexico,Riots,4,20.4972,-99.2137
01/19/2019,Mexico,Riots,1,20.4972,-99.2137
02/09/2019,Mexico,Riots,1,20.4972,-99.2137
02/16/2019,Mexico,Riots,1,20.4972,-99.2137
02/23/2019,Mexico,Riots,2,20.4972,-99.2137
03/02/2019,Mexico,Riots,1,20.4972,-99.2137
03/09/2019,Mexico,Riots,2,20.4972,-99.2137
03/23/2019,Mexico,Riots,3,20.4972,-99.2137
03/30/2019,Mexico,Riots,1,20.4972,-99.2137
04/06/2019,Mexico,Riots,1,20.4972,-99.2137
04/20/2019,Mexico,Riots,2,20.4972,-99.2137
05/11/2019,Mexico,Riots,1,20.4972,-99.2137
05/25/2019,Mexico,Riots,3,20.4972,-99.2137
08/03/2019,Mexico,Riots,1,20.4972,-99.2137
08/10/2019,Mexico,Riots,1,20.4972,-99.2137
08/24/2019,Mexico,Riots,3,20.4972,-99.2137
08/31/2019,Mexico,Riots,2,20.4972,-99.2137
09/21/2019,Mexico,Riots,1,20.4972,-99.2137
09/28/2019,Mexico,Riots,2,20.4972,-99.2137
10/05/2019,Mexico,Riots,2,20.4972,-99.2137
10/12/2019,Mexico,Riots,1,20.4972,-99.2137
10/26/2019,Mexico,Riots,1,20.4972,-99.2137
11/02/2019,Mexico,Riots,1,20.4972,-99.2137
11/30/2019,Mexico,Riots,1,20.4972,-99.2137
02/01/2020,Mexico,Riots,1,20.4972,-99.2137
02/08/2020,Mexico,Riots,2,20.4972,-99.2137
02/22/2020,Mexico,Riots,1,20.4972,-99.2137
02/29/2020,Mexico,Riots,1,20.4972,-99.2137
03/07/2020,Mexico,Riots,2,20.4972,-99.2137
03/14/2020,Mexico,Riots,1,20.4972,-99.2137
03/21/2020,Mexico,Riots,1,20.4972,-99.2137
05/16/2020,Mexico,Riots,2,20.4972,-99.2137
05/30/2020,Mexico,Riots,2,20.4972,-99.2137
06/06/2020,Mexico,Riots,1,20.4972,-99.2137
07/04/2020,Mexico,Riots,1,20.4972,-99.2137
07/11/2020,Mexico,Riots,1,20.4972,-99.2137
07/25/2020,Mexico,Riots,1,20.4972,-99.2137
08/01/2020,Mexico,Riots,1,20.4972,-99.2137
08/15/2020,Mexico,Riots,2,20.4972,-99.2137
08/29/2020,Mexico,Riots,1,20.4972,-99.2137
09/05/2020,Mexico,Riots,1,20.4972,-99.2137
09/12/2020,Mexico,Riots,1,20.4972,-99.2137
09/19/2020,Mexico,Riots,1,20.4972,-99.2137
09/26/2020,Mexico,Riots,1,20.4972,-99.2137
10/03/2020,Mexico,Riots,1,20.4972,-99.2137
10/10/2020,Mexico,Riots,1,20.4972,-99.2137
10/31/2020,Mexico,Riots,1,20.4972,-99.2137
11/14/2020,Mexico,Riots,1,20.4972,-99.2137
11/21/2020,Mexico,Riots,1,20.4972,-99.2137
11/28/2020,Mexico,Riots,1,20.4972,-99.2137
12/19/2020,Mexico,Riots,1,20.4972,-99.2137
12/26/2020,Mexico,Riots,1,20.4972,-99.2137
01/02/2021,Mexico,Riots,2,20.4972,-99.2137
01/09/2021,Mexico,Riots,4,20.4972,-99.2137
01/23/2021,Mexico,Riots,2,20.4972,-99.2137
01/30/2021,Mexico,Riots,1,20.4972,-99.2137
02/06/2021,Mexico,Riots,1,20.4972,-99.2137
03/06/2021,Mexico,Riots,1,20.4972,-99.2137
04/03/2021,Mexico,Riots,1,20.4972,-99.2137
04/17/2021,Mexico,Riots,1,20.4972,-99.2137
05/01/2021,Mexico,Riots,3,20.4972,-99.2137
05/15/2021,Mexico,Riots,1,20.4972,-99.2137
05/22/2021,Mexico,Riots,2,20.4972,-99.2137
05/29/2021,Mexico,Riots,1,20.4972,-99.2137
06/05/2021,Mexico,Riots,2,20.4972,-99.2137
07/17/2021,Mexico,Riots,1,20.4972,-99.2137
07/24/2021,Mexico,Riots,2,20.4972,-99.2137
08/14/2021,Mexico,Riots,1,20.4972,-99.2137
09/11/2021,Mexico,Riots,1,20.4972,-99.2137
09/25/2021,Mexico,Riots,1,20.4972,-99.2137
10/02/2021,Mexico,Riots,1,20.4972,-99.2137
10/09/2021,Mexico,Riots,2,20.4972,-99.2137
10/23/2021,Mexico,Riots,1,20.4972,-99.2137
11/20/2021,Mexico,Riots,1,20.4972,-99.2137
12/04/2021,Mexico,Riots,2,20.4972,-99.2137
01/01/2022,Mexico,Riots,1,20.4972,-99.2137
01/15/2022,Mexico,Riots,2,20.4972,-99.2137
01/22/2022,Mexico,Riots,5,20.4972,-99.2137
01/29/2022,Mexico,Riots,1,20.4972,-99.2137
02/05/2022,Mexico,Riots,2,20.4972,-99.2137
02/19/2022,Mexico,Riots,1,20.4972,-99.2137
02/26/2022,Mexico,Riots,1,20.4972,-99.2137
03/12/2022,Mexico,Riots,1,20.4972,-99.2137
04/23/2022,Mexico,Riots,3,20.4972,-99.2137
04/30/2022,Mexico,Riots,1,20.4972,-99.2137
06/04/2022,Mexico,Riots,1,20.4972,-99.2137
07/02/2022,Mexico,Riots,3,20.4972,-99.2137
07/09/2022,Mexico,Riots,1,20.4972,-99.2137
07/16/2022,Mexico,Riots,1,20.4972,-99.2137
07/23/2022,Mexico,Riots,1,20.4972,-99.2137
07/30/2022,Mexico,Riots,2,20.4972,-99.2137
08/27/2022,Mexico,Riots,1,20.4972,-99.2137
10/08/2022,Mexico,Riots,1,20.4972,-99.2137
10/15/2022,Mexico,Riots,1,20.4972,-99.2137
10/22/2022,Mexico,Riots,1,20.4972,-99.2137
01/14/2023,Mexico,Riots,1,20.4972,-99.2137
01/21/2023,Mexico,Riots,1,20.4972,-99.2137
02/04/2023,Mexico,Riots,1,20.4972,-99.2137
02/18/2023,Mexico,Riots,1,20.4972,-99.2137
02/25/2023,Mexico,Riots,1,20.4972,-99.2137
04/22/2023,Mexico,Riots,1,20.4972,-99.2137
04/29/2023,Mexico,Riots,1,20.4972,-99.2137
06/03/2023,Mexico,Riots,1,20.4972,-99.2137
06/10/2023,Mexico,Riots,1,20.4972,-99.2137
06/17/2023,Mexico,Riots,1,20.4972,-99.2137
07/08/2023,Mexico,Riots,1,20.4972,-99.2137
07/15/2023,Mexico,Riots,1,20.4972,-99.2137
07/29/2023,Mexico,Riots,1,20.4972,-99.2137
08/05/2023,Mexico,Riots,1,20.4972,-99.2137
08/12/2023,Mexico,Riots,1,20.4972,-99.2137
08/19/2023,Mexico,Riots,3,20.4972,-99.2137
08/26/2023,Mexico,Riots,1,20.4972,-99.2137
09/02/2023,Mexico,Riots,1,20.4972,-99.2137
09/30/2023,Mexico,Riots,1,20.4972,-99.2137
10/07/2023,Mexico,Riots,1,20.4972,-99.2137
10/21/2023,Mexico,Riots,1,20.4972,-99.2137
11/04/2023,Mexico,Riots,2,20.4972,-99.2137
11/25/2023,Mexico,Riots,1,20.4972,-99.2137
12/02/2023,Mexico,Riots,1,20.4972,-99.2137
12/16/2023,Mexico,Riots,1,20.4972,-99.2137
02/17/2024,Mexico,Riots,1,20.4972,-99.2137
03/02/2024,Mexico,Riots,1,20.4972,-99.2137
04/06/2024,Mexico,Riots,1,20.4972,-99.2137
04/27/2024,Mexico,Riots,1,20.4972,-99.2137
05/04/2024,Mexico,Riots,1,20.4972,-99.2137
05/11/2024,Mexico,Riots,2,20.4972,-99.2137
05/25/2024,Mexico,Riots,1,20.4972,-99.2137
06/01/2024,Mexico,Riots,4,20.4972,-99.2137
06/22/2024,Mexico,Riots,1,20.4972,-99.2137
06/29/2024,Mexico,Riots,1,20.4972,-99.2137
07/06/2024,Mexico,Riots,1,20.4972,-99.2137
07/13/2024,Mexico,Riots,1,20.4972,-99.2137
08/03/2024,Mexico,Riots,1,20.4972,-99.2137
09/14/2024,Mexico,Riots,1,20.4972,-99.2137
09/21/2024,Mexico,Riots,1,20.4972,-99.2137
10/12/2024,Mexico,Riots,2,20.4972,-99.2137
10/26/2024,Mexico,Riots,1,20.4972,-99.2137
11/02/2024,Mexico,Riots,1,20.4972,-99.2137
11/23/2024,Mexico,Riots,1,20.4972,-99.2137
11/30/2024,Mexico,Riots,1,20.4972,-99.2137
12/07/2024,Mexico,Riots,2,20.4972,-99.2137
12/21/2024,Mexico,Riots,1,20.4972,-99.2137
01/25/2025,Mexico,Riots,4,20.4972,-99.2137
02/15/2025,Mexico,Riots,1,20.4972,-99.2137
03/22/2025,Mexico,Riots,2,20.4972,-99.2137
04/05/2025,Mexico,Riots,1,20.4972,-99.2137
04/26/2025,Mexico,Riots,1,20.4972,-99.2137
05/10/2025,Mexico,Riots,1,20.4972,-99.2137
06/07/2025,Mexico,Riots,2,20.4972,-99.2137
06/14/2025,Mexico,Riots,1,20.4972,-99.2137
08/30/2025,Mexico,Riots,1,20.4972,-99.2137
09/06/2025,Mexico,Riots,1,20.4972,-99.2137
09/13/2025,Mexico,Riots,1,20.4972,-99.2137
09/27/2025,Mexico,Riots,3,20.4972,-99.2137
10/11/2025,Mexico,Riots,1,20.4972,-99.2137
03/03/2018,Mexico,Riots,1,20.4972,-99.2137
04/28/2018,Mexico,Riots,1,20.4972,-99.2137
06/02/2018,Mexico,Riots,1,20.4972,-99.2137
06/09/2018,Mexico,Riots,1,20.4972,-99.2137
06/23/2018,Mexico,Riots,1,20.4972,-99.2137
08/04/2018,Mexico,Riots,1,20.4972,-99.2137
08/18/2018,Mexico,Riots,2,20.4972,-99.2137
09/29/2018,Mexico,Riots,1,20.4972,-99.2137
10/06/2018,Mexico,Riots,1,20.4972,-99.2137
11/10/2018,Mexico,Riots,1,20.4972,-99.2137
12/01/2018,Mexico,Riots,1,20.4972,-99.2137
01/19/2019,Mexico,Riots,1,20.4972,-99.2137
03/09/2019,Mexico,Riots,1,20.4972,-99.2137
03/23/2019,Mexico,Riots,1,20.4972,-99.2137
04/06/2019,Mexico,Riots,2,20.4972,-99.2137
06/29/2019,Mexico,Riots,1,20.4972,-99.2137
12/14/2019,Mexico,Riots,1,20.4972,-99.2137
02/15/2020,Mexico,Riots,2,20.4972,-99.2137
03/07/2020,Mexico,Riots,1,20.4972,-99.2137
04/11/2020,Mexico,Riots,1,20.4972,-99.2137
05/16/2020,Mexico,Riots,1,20.4972,-99.2137
05/23/2020,Mexico,Riots,1,20.4972,-99.2137
08/15/2020,Mexico,Riots,1,20.4972,-99.2137
09/05/2020,Mexico,Riots,1,20.4972,-99.2137
09/19/2020,Mexico,Riots,1,20.4972,-99.2137
10/17/2020,Mexico,Riots,5,20.4972,-99.2137
11/07/2020,Mexico,Riots,1,20.4972,-99.2137
11/21/2020,Mexico,Riots,1,20.4972,-99.2137
12/12/2020,Mexico,Riots,1,20.4972,-99.2137
02/27/2021,Mexico,Riots,1,20.4972,-99.2137
03/06/2021,Mexico,Riots,2,20.4972,-99.2137
04/10/2021,Mexico,Riots,1,20.4972,-99.2137
05/15/2021,Mexico,Riots,1,20.4972,-99.2137
05/29/2021,Mexico,Riots,1,20.4972,-99.2137
06/05/2021,Mexico,Riots,1,20.4972,-99.2137
06/26/2021,Mexico,Riots,1,20.4972,-99.2137
07/31/2021,Mexico,Riots,1,20.4972,-99.2137
08/21/2021,Mexico,Riots,1,20.4972,-99.2137
09/11/2021,Mexico,Riots,1,20.4972,-99.2137
11/06/2021,Mexico,Riots,1,20.4972,-99.2137
11/20/2021,Mexico,Riots,2,20.4972,-99.2137
12/04/2021,Mexico,Riots,1,20.4972,-99.2137
12/11/2021,Mexico,Riots,1,20.4972,-99.2137
01/01/2022,Mexico,Riots,1,20.4972,-99.2137
02/05/2022,Mexico,Riots,1,20.4972,-99.2137
02/26/2022,Mexico,Riots,1,20.4972,-99.2137
03/05/2022,Mexico,Riots,1,20.4972,-99.2137
04/09/2022,Mexico,Riots,1,20.4972,-99.2137
05/14/2022,Mexico,Riots,2,20.4972,-99.2137
06/25/2022,Mexico,Riots,1,20.4972,-99.2137
07/02/2022,Mexico,Riots,1,20.4972,-99.2137
08/20/2022,Mexico,Riots,1,20.4972,-99.2137
09/24/2022,Mexico,Riots,1,20.4972,-99.2137
11/19/2022,Mexico,Riots,1,20.4972,-99.2137
01/28/2023,Mexico,Riots,1,20.4972,-99.2137
03/11/2023,Mexico,Riots,1,20.4972,-99.2137
04/29/2023,Mexico,Riots,1,20.4972,-99.2137
07/01/2023,Mexico,Riots,1,20.4972,-99.2137
07/29/2023,Mexico,Riots,1,20.4972,-99.2137
08/05/2023,Mexico,Riots,1,20.4972,-99.2137
08/12/2023,Mexico,Riots,1,20.4972,-99.2137
08/26/2023,Mexico,Riots,2,20.4972,-99.2137
09/16/2023,Mexico,Riots,1,20.4972,-99.2137
10/07/2023,Mexico,Riots,1,20.4972,-99.2137
10/14/2023,Mexico,Riots,1,20.4972,-99.2137
12/30/2023,Mexico,Riots,1,20.4972,-99.2137
01/13/2024,Mexico,Riots,1,20.4972,-99.2137
03/02/2024,Mexico,Riots,2,20.4972,-99.2137
03/09/2024,Mexico,Riots,1,20.4972,-99.2137
04/20/2024,Mexico,Riots,2,20.4972,-99.2137
06/22/2024,Mexico,Riots,1,20.4972,-99.2137
07/13/2024,Mexico,Riots,1,20.4972,-99.2137
08/17/2024,Mexico,Riots,1,20.4972,-99.2137
08/24/2024,Mexico,Riots,1,20.4972,-99.2137
08/31/2024,Mexico,Riots,1,20.4972,-99.2137
10/26/2024,Mexico,Riots,1,20.4972,-99.2137
11/23/2024,Mexico,Riots,1,20.4972,-99.2137
03/08/2025,Mexico,Riots,1,20.4972,-99.2137
05/17/2025,Mexico,Riots,2,20.4972,-99.2137
07/19/2025,Mexico,Riots,1,20.4972,-99.2137
08/09/2025,Mexico,Riots,1,20.4972,-99.2137
08/23/2025,Mexico,Riots,1,20.4972,-99.2137
06/23/2018,Mexico,Violence against civilians,1,20.4972,-99.2137
10/20/2018,Mexico,Violence against civilians,1,20.4972,-99.2137
12/29/2018,Mexico,Violence against civilians,1,20.4972,-99.2137
02/09/2019,Mexico,Violence against civilians,1,20.4972,-99.2137
02/23/2019,Mexico,Violence against civilians,2,20.4972,-99.2137
04/27/2019,Mexico,Violence against civilians,2,20.4972,-99.2137
06/01/2019,Mexico,Violence against civilians,1,20.4972,-99.2137
07/20/2019,Mexico,Violence against civilians,1,20.4972,-99.2137
08/31/2019,Mexico,Violence against civilians,1,20.4972,-99.2137
11/07/2020,Mexico,Violence against civilians,1,20.4972,-99.2137
12/19/2020,Mexico,Violence against civilians,1,20.4972,-99.2137
02/20/2021,Mexico,Violence against civilians,1,20.4972,-99.2137
05/08/2021,Mexico,Violence against civilians,1,20.4972,-99.2137
09/18/2021,Mexico,Violence against civilians,1,20.4972,-99.2137
03/26/2022,Mexico,Violence against civilians,1,20.4972,-99.2137
04/02/2022,Mexico,Violence against civilians,1,20.4972,-99.2137
01/21/2023,Mexico,Violence against civilians,1,20.4972,-99.2137
09/09/2023,Mexico,Violence against civilians,1,20.4972,-99.2137
09/16/2023,Mexico,Violence against civilians,1,20.4972,-99.2137
09/30/2023,Mexico,Violence against civilians,1,20.4972,-99.2137
01/13/2024,Mexico,Violence against civilians,1,20.4972,-99.2137
06/29/2024,Mexico,Violence against civilians,1,20.4972,-99.2137
08/24/2024,Mexico,Violence against civilians,1,20.4972,-99.2137
12/07/2024,Mexico,Violence against civilians,1,20.4972,-99.2137
01/04/2025,Mexico,Violence against civilians,1,20.4972,-99.2137
06/07/2025,Mexico,Violence against civilians,1,20.4972,-99.2137
12/30/2017,Mexico,Violence against civilians,2,20.4972,-99.2137
01/20/2018,Mexico,Violence against civilians,1,20.4972,-99.2137
02/17/2018,Mexico,Violence against civilians,1,20.4972,-99.2137
03/10/2018,Mexico,Violence against civilians,2,20.4972,-99.2137
03/24/2018,Mexico,Violence against civilians,2,20.4972,-99.2137
04/14/2018,Mexico,Violence against civilians,1,20.4972,-99.2137
04/21/2018,Mexico,Violence against civilians,1,20.4972,-99.2137
04/28/2018,Mexico,Violence against civilians,3,20.4972,-99.2137
05/12/2018,Mexico,Violence against civilians,1,20.4972,-99.2137
05/26/2018,Mexico,Violence against civilians,2,20.4972,-99.2137
06/09/2018,Mexico,Violence against civilians,2,20.4972,-99.2137
06/30/2018,Mexico,Violence against civilians,2,20.4972,-99.2137
07/07/2018,Mexico,Violence against civilians,1,20.4972,-99.2137
07/14/2018,Mexico,Violence against civilians,4,20.4972,-99.2137
07/28/2018,Mexico,Violence against civilians,1,20.4972,-99.2137
08/04/2018,Mexico,Violence against civilians,1,20.4972,-99.2137
08/11/2018,Mexico,Violence against civilians,6,20.4972,-99.2137
08/18/2018,Mexico,Violence against civilians,2,20.4972,-99.2137
08/25/2018,Mexico,Violence against civilians,4,20.4972,-99.2137
09/01/2018,Mexico,Violence against civilians,1,20.4972,-99.2137
09/08/2018,Mexico,Violence against civilians,1,20.4972,-99.2137
09/15/2018,Mexico,Violence against civilians,1,20.4972,-99.2137
09/29/2018,Mexico,Violence against civilians,1,20.4972,-99.2137
10/13/2018,Mexico,Violence against civilians,1,20.4972,-99.2137
10/27/2018,Mexico,Violence against civilians,3,20.4972,-99.2137
11/03/2018,Mexico,Violence against civilians,1,20.4972,-99.2137
11/10/2018,Mexico,Violence against civilians,1,20.4972,-99.2137
11/17/2018,Mexico,Violence against civilians,2,20.4972,-99.2137
12/01/2018,Mexico,Violence against civilians,3,20.4972,-99.2137
12/08/2018,Mexico,Violence against civilians,2,20.4972,-99.2137
12/22/2018,Mexico,Violence against civilians,2,20.4972,-99.2137
12/29/2018,Mexico,Violence against civilians,2,20.4972,-99.2137
01/05/2019,Mexico,Violence against civilians,1,20.4972,-99.2137
01/12/2019,Mexico,Violence against civilians,2,20.4972,-99.2137
01/19/2019,Mexico,Violence against civilians,1,20.4972,-99.2137
01/26/2019,Mexico,Violence against civilians,5,20.4972,-99.2137
02/02/2019,Mexico,Violence against civilians,2,20.4972,-99.2137
02/09/2019,Mexico,Violence against civilians,4,20.4972,-99.2137
02/16/2019,Mexico,Violence against civilians,2,20.4972,-99.2137
02/23/2019,Mexico,Violence against civilians,3,20.4972,-99.2137
03/02/2019,Mexico,Violence against civilians,2,20.4972,-99.2137
03/09/2019,Mexico,Violence against civilians,1,20.4972,-99.2137
03/16/2019,Mexico,Violence against civilians,2,20.4972,-99.2137
03/23/2019,Mexico,Violence against civilians,1,20.4972,-99.2137
03/30/2019,Mexico,Violence against civilians,1,20.4972,-99.2137
04/13/2019,Mexico,Violence against civilians,2,20.4972,-99.2137
04/20/2019,Mexico,Violence against civilians,2,20.4972,-99.2137
04/27/2019,Mexico,Violence against civilians,1,20.4972,-99.2137
06/01/2019,Mexico,Violence against civilians,1,20.4972,-99.2137
06/08/2019,Mexico,Violence against civilians,1,20.4972,-99.2137
06/15/2019,Mexico,Violence against civilians,1,20.4972,-99.2137
06/22/2019,Mexico,Violence against civilians,2,20.4972,-99.2137
06/29/2019,Mexico,Violence against civilians,3,20.4972,-99.2137
07/06/2019,Mexico,Violence against civilians,2,20.4972,-99.2137
07/13/2019,Mexico,Violence against civilians,2,20.4972,-99.2137
07/20/2019,Mexico,Violence against civilians,3,20.4972,-99.2137
07/27/2019,Mexico,Violence against civilians,2,20.4972,-99.2137
08/17/2019,Mexico,Violence against civilians,3,20.4972,-99.2137
08/24/2019,Mexico,Violence against civilians,1,20.4972,-99.2137
08/31/2019,Mexico,Violence against civilians,2,20.4972,-99.2137
09/07/2019,Mexico,Violence against civilians,5,20.4972,-99.2137
09/14/2019,Mexico,Violence against civilians,1,20.4972,-99.2137
09/21/2019,Mexico,Violence against civilians,3,20.4972,-99.2137
10/05/2019,Mexico,Violence against civilians,3,20.4972,-99.2137
10/12/2019,Mexico,Violence against civilians,2,20.4972,-99.2137
10/19/2019,Mexico,Violence against civilians,1,20.4972,-99.2137
10/26/2019,Mexico,Violence against civilians,2,20.4972,-99.2137
11/02/2019,Mexico,Violence against civilians,2,20.4972,-99.2137
11/09/2019,Mexico,Violence against civilians,2,20.4972,-99.2137
11/16/2019,Mexico,Violence against civilians,1,20.4972,-99.2137
11/23/2019,Mexico,Violence against civilians,1,20.4972,-99.2137
11/30/2019,Mexico,Violence against civilians,5,20.4972,-99.2137
12/07/2019,Mexico,Violence against civilians,2,20.4972,-99.2137
12/14/2019,Mexico,Violence against civilians,1,20.4972,-99.2137
12/28/2019,Mexico,Violence against civilians,2,20.4972,-99.2137
01/25/2020,Mexico,Violence against civilians,3,20.4972,-99.2137
02/01/2020,Mexico,Violence against civilians,1,20.4972,-99.2137
02/15/2020,Mexico,Violence against civilians,2,20.4972,-99.2137
02/29/2020,Mexico,Violence against civilians,2,20.4972,-99.2137
03/07/2020,Mexico,Violence against civilians,1,20.4972,-99.2137
03/28/2020,Mexico,Violence against civilians,2,20.4972,-99.2137
04/04/2020,Mexico,Violence against civilians,2,20.4972,-99.2137
04/11/2020,Mexico,Violence against civilians,1,20.4972,-99.2137
04/18/2020,Mexico,Violence against civilians,3,20.4972,-99.2137
04/25/2020,Mexico,Violence against civilians,4,20.4972,-99.2137
05/02/2020,Mexico,Violence against civilians,1,20.4972,-99.2137
05/09/2020,Mexico,Violence against civilians,2,20.4972,-99.2137
05/16/2020,Mexico,Violence against civilians,2,20.4972,-99.2137
05/23/2020,Mexico,Violence against civilians,1,20.4972,-99.2137
06/06/2020,Mexico,Violence against civilians,1,20.4972,-99.2137
06/13/2020,Mexico,Violence against civilians,4,20.4972,-99.2137
06/20/2020,Mexico,Violence against civilians,1,20.4972,-99.2137
07/04/2020,Mexico,Violence against civilians,1,20.4972,-99.2137
07/11/2020,Mexico,Violence against civilians,1,20.4972,-99.2137
07/18/2020,Mexico,Violence against civilians,1,20.4972,-99.2137
07/25/2020,Mexico,Violence against civilians,4,20.4972,-99.2137
08/01/2020,Mexico,Violence against civilians,4,20.4972,-99.2137
08/08/2020,Mexico,Violence against civilians,2,20.4972,-99.2137
08/15/2020,Mexico,Violence against civilians,2,20.4972,-99.2137
08/29/2020,Mexico,Violence against civilians,1,20.4972,-99.2137
09/19/2020,Mexico,Violence against civilians,1,20.4972,-99.2137
09/26/2020,Mexico,Violence against civilians,1,20.4972,-99.2137
10/03/2020,Mexico,Violence against civilians,5,20.4972,-99.2137
10/10/2020,Mexico,Violence against civilians,4,20.4972,-99.2137
10/17/2020,Mexico,Violence against civilians,2,20.4972,-99.2137
10/31/2020,Mexico,Violence against civilians,1,20.4972,-99.2137
11/14/2020,Mexico,Violence against civilians,3,20.4972,-99.2137
11/21/2020,Mexico,Violence against civilians,5,20.4972,-99.2137
11/28/2020,Mexico,Violence against civilians,1,20.4972,-99.2137
12/12/2020,Mexico,Violence against civilians,1,20.4972,-99.2137
12/26/2020,Mexico,Violence against civilians,1,20.4972,-99.2137
01/02/2021,Mexico,Violence against civilians,1,20.4972,-99.2137
01/09/2021,Mexico,Violence against civilians,3,20.4972,-99.2137
01/16/2021,Mexico,Violence against civilians,1,20.4972,-99.2137
01/23/2021,Mexico,Violence against civilians,2,20.4972,-99.2137
01/30/2021,Mexico,Violence against civilians,3,20.4972,-99.2137
02/13/2021,Mexico,Violence against civilians,2,20.4972,-99.2137
02/20/2021,Mexico,Violence against civilians,2,20.4972,-99.2137
02/27/2021,Mexico,Violence against civilians,3,20.4972,-99.2137
03/06/2021,Mexico,Violence against civilians,1,20.4972,-99.2137
03/13/2021,Mexico,Violence against civilians,1,20.4972,-99.2137
03/20/2021,Mexico,Violence against civilians,3,20.4972,-99.2137
04/03/2021,Mexico,Violence against civilians,2,20.4972,-99.2137
04/17/2021,Mexico,Violence against civilians,1,20.4972,-99.2137
05/01/2021,Mexico,Violence against civilians,1,20.4972,-99.2137
05/22/2021,Mexico,Violence against civilians,1,20.4972,-99.2137
05/29/2021,Mexico,Violence against civilians,1,20.4972,-99.2137
06/05/2021,Mexico,Violence against civilians,4,20.4972,-99.2137
06/12/2021,Mexico,Violence against civilians,1,20.4972,-99.2137
06/19/2021,Mexico,Violence against civilians,1,20.4972,-99.2137
06/26/2021,Mexico,Violence against civilians,1,20.4972,-99.2137
07/03/2021,Mexico,Violence against civilians,1,20.4972,-99.2137
07/10/2021,Mexico,Violence against civilians,1,20.4972,-99.2137
07/17/2021,Mexico,Violence against civilians,1,20.4972,-99.2137
09/11/2021,Mexico,Violence against civilians,1,20.4972,-99.2137
09/18/2021,Mexico,Violence against civilians,2,20.4972,-99.2137
09/25/2021,Mexico,Violence against civilians,3,20.4972,-99.2137
10/02/2021,Mexico,Violence against civilians,2,20.4972,-99.2137
10/09/2021,Mexico,Violence against civilians,1,20.4972,-99.2137
10/30/2021,Mexico,Violence against civilians,3,20.4972,-99.2137
11/06/2021,Mexico,Violence against civilians,1,20.4972,-99.2137
11/20/2021,Mexico,Violence against civilians,1,20.4972,-99.2137
11/27/2021,Mexico,Violence against civilians,1,20.4972,-99.2137
12/11/2021,Mexico,Violence against civilians,1,20.4972,-99.2137
12/18/2021,Mexico,Violence against civilians,1,20.4972,-99.2137
12/25/2021,Mexico,Violence against civilians,2,20.4972,-99.2137
01/01/2022,Mexico,Violence against civilians,1,20.4972,-99.2137
01/08/2022,Mexico,Violence against civilians,2,20.4972,-99.2137
01/15/2022,Mexico,Violence against civilians,2,20.4972,-99.2137
01/22/2022,Mexico,Violence against civilians,2,20.4972,-99.2137
02/12/2022,Mexico,Violence against civilians,2,20.4972,-99.2137
02/19/2022,Mexico,Violence against civilians,1,20.4972,-99.2137
02/26/2022,Mexico,Violence against civilians,1,20.4972,-99.2137
03/12/2022,Mexico,Violence against civilians,2,20.4972,-99.2137
03/19/2022,Mexico,Violence against civilians,2,20.4972,-99.2137
03/26/2022,Mexico,Violence against civilians,2,20.4972,-99.2137
04/02/2022,Mexico,Violence against civilians,2,20.4972,-99.2137
05/07/2022,Mexico,Violence against civilians,3,20.4972,-99.2137
05/14/2022,Mexico,Violence against civilians,2,20.4972,-99.2137
05/21/2022,Mexico,Violence against civilians,1,20.4972,-99.2137
06/04/2022,Mexico,Violence against civilians,2,20.4972,-99.2137
06/11/2022,Mexico,Violence against civilians,1,20.4972,-99.2137
06/18/2022,Mexico,Violence against civilians,5,20.4972,-99.2137
06/25/2022,Mexico,Violence against civilians,2,20.4972,-99.2137
07/09/2022,Mexico,Violence against civilians,1,20.4972,-99.2137
07/16/2022,Mexico,Violence against civilians,1,20.4972,-99.2137
08/06/2022,Mexico,Violence against civilians,1,20.4972,-99.2137
08/20/2022,Mexico,Violence against civilians,3,20.4972,-99.2137
08/27/2022,Mexico,Violence against civilians,1,20.4972,-99.2137
09/03/2022,Mexico,Violence against civilians,1,20.4972,-99.2137
09/17/2022,Mexico,Violence against civilians,1,20.4972,-99.2137
09/24/2022,Mexico,Violence against civilians,1,20.4972,-99.2137
10/08/2022,Mexico,Violence against civilians,1,20.4972,-99.2137
10/15/2022,Mexico,Violence against civilians,1,20.4972,-99.2137
10/22/2022,Mexico,Violence against civilians,1,20.4972,-99.2137
10/29/2022,Mexico,Violence against civilians,4,20.4972,-99.2137
11/05/2022,Mexico,Violence against civilians,2,20.4972,-99.2137
12/03/2022,Mexico,Violence against civilians,2,20.4972,-99.2137
12/10/2022,Mexico,Violence against civilians,2,20.4972,-99.2137
12/17/2022,Mexico,Violence against civilians,2,20.4972,-99.2137
12/24/2022,Mexico,Violence against civilians,3,20.4972,-99.2137
01/07/2023,Mexico,Violence against civilians,1,20.4972,-99.2137
01/14/2023,Mexico,Violence against civilians,3,20.4972,-99.2137
01/21/2023,Mexico,Violence against civilians,1,20.4972,-99.2137
02/04/2023,Mexico,Violence against civilians,2,20.4972,-99.2137
02/11/2023,Mexico,Violence against civilians,1,20.4972,-99.2137
02/18/2023,Mexico,Violence against civilians,2,20.4972,-99.2137
02/25/2023,Mexico,Violence against civilians,1,20.4972,-99.2137
03/04/2023,Mexico,Violence against civilians,1,20.4972,-99.2137
03/11/2023,Mexico,Violence against civilians,1,20.4972,-99.2137
03/18/2023,Mexico,Violence against civilians,3,20.4972,-99.2137
03/25/2023,Mexico,Violence against civilians,1,20.4972,-99.2137
04/01/2023,Mexico,Violence against civilians,1,20.4972,-99.2137
04/15/2023,Mexico,Violence against civilians,5,20.4972,-99.2137
05/13/2023,Mexico,Violence against civilians,2,20.4972,-99.2137
05/27/2023,Mexico,Violence against civilians,1,20.4972,-99.2137
06/03/2023,Mexico,Violence against civilians,1,20.4972,-99.2137
06/17/2023,Mexico,Violence against civilians,1,20.4972,-99.2137
06/24/2023,Mexico,Violence against civilians,1,20.4972,-99.2137
07/01/2023,Mexico,Violence against civilians,3,20.4972,-99.2137
07/08/2023,Mexico,Violence against civilians,1,20.4972,-99.2137
07/15/2023,Mexico,Violence against civilians,3,20.4972,-99.2137
07/22/2023,Mexico,Violence against civilians,2,20.4972,-99.2137
08/05/2023,Mexico,Violence against civilians,1,20.4972,-99.2137
08/12/2023,Mexico,Violence against civilians,5,20.4972,-99.2137
08/19/2023,Mexico,Violence against civilians,2,20.4972,-99.2137
08/26/2023,Mexico,Violence against civilians,2,20.4972,-99.2137
09/02/2023,Mexico,Violence against civilians,5,20.4972,-99.2137
09/23/2023,Mexico,Violence against civilians,3,20.4972,-99.2137
10/14/2023,Mexico,Violence against civilians,1,20.4972,-99.2137
10/21/2023,Mexico,Violence against civilians,1,20.4972,-99.2137
10/28/2023,Mexico,Violence against civilians,1,20.4972,-99.2137
11/11/2023,Mexico,Violence against civilians,1,20.4972,-99.2137
11/25/2023,Mexico,Violence against civilians,1,20.4972,-99.2137
12/02/2023,Mexico,Violence against civilians,1,20.4972,-99.2137
12/16/2023,Mexico,Violence against civilians,1,20.4972,-99.2137
12/30/2023,Mexico,Violence against civilians,2,20.4972,-99.2137
01/06/2024,Mexico,Violence against civilians,2,20.4972,-99.2137
01/20/2024,Mexico,Violence against civilians,1,20.4972,-99.2137
01/27/2024,Mexico,Violence against civilians,1,20.4972,-99.2137
02/03/2024,Mexico,Violence against civilians,2,20.4972,-99.2137
02/10/2024,Mexico,Violence against civilians,1,20.4972,-99.2137
02/17/2024,Mexico,Violence against civilians,1,20.4972,-99.2137
02/24/2024,Mexico,Violence against civilians,1,20.4972,-99.2137
03/09/2024,Mexico,Violence against civilians,2,20.4972,-99.2137
03/16/2024,Mexico,Violence against civilians,3,20.4972,-99.2137
03/23/2024,Mexico,Violence against civilians,2,20.4972,-99.2137
04/06/2024,Mexico,Violence against civilians,1,20.4972,-99.2137
04/13/2024,Mexico,Violence against civilians,1,20.4972,-99.2137
04/27/2024,Mexico,Violence against civilians,2,20.4972,-99.2137
05/04/2024,Mexico,Violence against civilians,1,20.4972,-99.2137
05/11/2024,Mexico,Violence against civilians,1,20.4972,-99.2137
05/18/2024,Mexico,Violence against civilians,2,20.4972,-99.2137
05/25/2024,Mexico,Violence against civilians,6,20.4972,-99.2137
06/01/2024,Mexico,Violence against civilians,1,20.4972,-99.2137
06/08/2024,Mexico,Violence against civilians,3,20.4972,-99.2137
06/15/2024,Mexico,Violence against civilians,1,20.4972,-99.2137
06/22/2024,Mexico,Violence against civilians,1,20.4972,-99.2137
07/06/2024,Mexico,Violence against civilians,1,20.4972,-99.2137
07/13/2024,Mexico,Violence against civilians,6,20.4972,-99.2137
07/20/2024,Mexico,Violence against civilians,1,20.4972,-99.2137
07/27/2024,Mexico,Violence against civilians,6,20.4972,-99.2137
08/03/2024,Mexico,Violence against civilians,1,20.4972,-99.2137
08/10/2024,Mexico,Violence against civilians,3,20.4972,-99.2137
08/24/2024,Mexico,Violence against civilians,2,20.4972,-99.2137
08/31/2024,Mexico,Violence against civilians,1,20.4972,-99.2137
09/14/2024,Mexico,Violence against civilians,2,20.4972,-99.2137
09/21/2024,Mexico,Violence against civilians,3,20.4972,-99.2137
09/28/2024,Mexico,Violence against civilians,3,20.4972,-99.2137
10/05/2024,Mexico,Violence against civilians,3,20.4972,-99.2137
10/12/2024,Mexico,Violence against civilians,4,20.4972,-99.2137
10/19/2024,Mexico,Violence against civilians,1,20.4972,-99.2137
11/02/2024,Mexico,Violence against civilians,3,20.4972,-99.2137
11/09/2024,Mexico,Violence against civilians,1,20.4972,-99.2137
11/16/2024,Mexico,Violence against civilians,1,20.4972,-99.2137
11/23/2024,Mexico,Violence against civilians,1,20.4972,-99.2137
12/14/2024,Mexico,Violence against civilians,1,20.4972,-99.2137
12/28/2024,Mexico,Violence against civilians,3,20.4972,-99.2137
01/04/2025,Mexico,Violence against civilians,2,20.4972,-99.2137
01/11/2025,Mexico,Violence against civilians,1,20.4972,-99.2137
01/18/2025,Mexico,Violence against civilians,1,20.4972,-99.2137
01/25/2025,Mexico,Violence against civilians,1,20.4972,-99.2137
02/01/2025,Mexico,Violence against civilians,3,20.4972,-99.2137
02/08/2025,Mexico,Violence against civilians,2,20.4972,-99.2137
02/15/2025,Mexico,Violence against civilians,1,20.4972,-99.2137
02/22/2025,Mexico,Violence against civilians,2,20.4972,-99.2137
03/01/2025,Mexico,Violence against civilians,2,20.4972,-99.2137
03/08/2025,Mexico,Violence against civilians,2,20.4972,-99.2137
03/15/2025,Mexico,Violence against civilians,1,20.4972,-99.2137
03/22/2025,Mexico,Violence against civilians,3,20.4972,-99.2137
03/29/2025,Mexico,Violence against civilians,2,20.4972,-99.2137
04/05/2025,Mexico,Violence against civilians,2,20.4972,-99.2137
04/26/2025,Mexico,Violence against civilians,2,20.4972,-99.2137
05/03/2025,Mexico,Violence against civilians,3,20.4972,-99.2137
05/17/2025,Mexico,Violence against civilians,3,20.4972,-99.2137
05/24/2025,Mexico,Violence against civilians,2,20.4972,-99.2137
05/31/2025,Mexico,Violence against civilians,1,20.4972,-99.2137
06/07/2025,Mexico,Violence against civilians,4,20.4972,-99.2137
06/14/2025,Mexico,Violence against civilians,4,20.4972,-99.2137
06/28/2025,Mexico,Violence against civilians,1,20.4972,-99.2137
07/05/2025,Mexico,Violence against civilians,1,20.4972,-99.2137
07/19/2025,Mexico,Violence against civilians,3,20.4972,-99.2137
07/26/2025,Mexico,Violence against civilians,1,20.4972,-99.2137
08/02/2025,Mexico,Violence against civilians,3,20.4972,-99.2137
08/16/2025,Mexico,Violence against civilians,1,20.4972,-99.2137
08/23/2025,Mexico,Violence against civilians,2,20.4972,-99.2137
08/30/2025,Mexico,Violence against civilians,3,20.4972,-99.2137
09/06/2025,Mexico,Violence against civilians,1,20.4972,-99.2137
09/13/2025,Mexico,Violence against civilians,3,20.4972,-99.2137
09/20/2025,Mexico,Violence against civilians,3,20.4972,-99.2137
09/27/2025,Mexico,Violence against civilians,1,20.4972,-99.2137
10/11/2025,Mexico,Violence against civilians,2,20.4972,-99.2137
10/18/2025,Mexico,Violence against civilians,1,20.4972,-99.2137
09/29/2018,Mexico,Violence against civilians,1,20.4972,-99.2137
01/28/2023,Mexico,Violence against civilians,1,20.4972,-99.2137
02/25/2023,Mexico,Violence against civilians,1,20.4972,-99.2137
12/02/2023,Mexico,Violence against civilians,1,20.4972,-99.2137
10/12/2024,Mexico,Violence against civilians,1,20.4972,-99.2137
07/19/2025,Mexico,Violence against civilians,1,20.4972,-99.2137
02/15/2025,Mexico,Explosions/Remote violence,1,20.8381,-103.217
09/13/2025,Mexico,Explosions/Remote violence,1,20.8381,-103.217
11/24/2018,Mexico,Explosions/Remote violence,1,20.8381,-103.217
03/18/2023,Mexico,Explosions/Remote violence,1,20.8381,-103.217
07/08/2023,Mexico,Explosions/Remote violence,1,20.8381,-103.217
07/29/2023,Mexico,Explosions/Remote violence,1,20.8381,-103.217
01/27/2018,Mexico,Riots,1,20.8381,-103.217
05/26/2018,Mexico,Riots,1,20.8381,-103.217
09/01/2018,Mexico,Riots,1,20.8381,-103.217
09/22/2018,Mexico,Riots,2,20.8381,-103.217
09/29/2018,Mexico,Riots,1,20.8381,-103.217
12/01/2018,Mexico,Riots,1,20.8381,-103.217
12/15/2018,Mexico,Riots,1,20.8381,-103.217
07/27/2019,Mexico,Riots,1,20.8381,-103.217
08/31/2019,Mexico,Riots,1,20.8381,-103.217
10/12/2019,Mexico,Riots,1,20.8381,-103.217
04/11/2020,Mexico,Riots,1,20.8381,-103.217
05/30/2020,Mexico,Riots,1,20.8381,-103.217
07/25/2020,Mexico,Riots,1,20.8381,-103.217
08/08/2020,Mexico,Riots,1,20.8381,-103.217
08/15/2020,Mexico,Riots,1,20.8381,-103.217
08/22/2020,Mexico,Riots,2,20.8381,-103.217
09/19/2020,Mexico,Riots,2,20.8381,-103.217
11/28/2020,Mexico,Riots,1,20.8381,-103.217
04/03/2021,Mexico,Riots,2,20.8381,-103.217
04/24/2021,Mexico,Riots,1,20.8381,-103.217
09/04/2021,Mexico,Riots,1,20.8381,-103.217
09/25/2021,Mexico,Riots,1,20.8381,-103.217
05/07/2022,Mexico,Riots,1,20.8381,-103.217
09/10/2022,Mexico,Riots,1,20.8381,-103.217
05/20/2023,Mexico,Riots,1,20.8381,-103.217
07/15/2023,Mexico,Riots,2,20.8381,-103.217
12/09/2023,Mexico,Riots,1,20.8381,-103.217
04/13/2024,Mexico,Riots,2,20.8381,-103.217
05/11/2024,Mexico,Riots,1,20.8381,-103.217
06/01/2024,Mexico,Riots,2,20.8381,-103.217
08/03/2024,Mexico,Riots,1,20.8381,-103.217
09/28/2024,Mexico,Riots,1,20.8381,-103.217
10/05/2024,Mexico,Riots,2,20.8381,-103.217
11/30/2024,Mexico,Riots,1,20.8381,-103.217
05/17/2025,Mexico,Riots,1,20.8381,-103.217
09/27/2025,Mexico,Riots,1,20.8381,-103.217
02/03/2018,Mexico,Riots,1,20.8381,-103.217
06/02/2018,Mexico,Riots,1,20.8381,-103.217
02/02/2019,Mexico,Riots,1,20.8381,-103.217
05/18/2019,Mexico,Riots,1,20.8381,-103.217
05/30/2020,Mexico,Riots,1,20.8381,-103.217
01/16/2021,Mexico,Riots,1,20.8381,-103.217
03/06/2021,Mexico,Riots,1,20.8381,-103.217
07/03/2021,Mexico,Riots,1,20.8381,-103.217
03/05/2022,Mexico,Riots,1,20.8381,-103.217
05/07/2022,Mexico,Riots,1,20.8381,-103.217
05/28/2022,Mexico,Riots,1,20.8381,-103.217
09/24/2022,Mexico,Riots,1,20.8381,-103.217
03/04/2023,Mexico,Riots,1,20.8381,-103.217
05/13/2023,Mexico,Riots,1,20.8381,-103.217
01/06/2024,Mexico,Riots,1,20.8381,-103.217
06/01/2024,Mexico,Riots,1,20.8381,-103.217
05/17/2025,Mexico,Riots,2,20.8381,-103.217
01/27/2018,Mexico,Violence against civilians,1,20.8381,-103.217
02/10/2018,Mexico,Violence against civilians,1,20.8381,-103.217
04/14/2018,Mexico,Violence against civilians,1,20.8381,-103.217
07/21/2018,Mexico,Violence against civilians,1,20.8381,-103.217
07/28/2018,Mexico,Violence against civilians,1,20.8381,-103.217
08/18/2018,Mexico,Violence against civilians,1,20.8381,-103.217
12/08/2018,Mexico,Violence against civilians,1,20.8381,-103.217
01/26/2019,Mexico,Violence against civilians,1,20.8381,-103.217
02/02/2019,Mexico,Violence against civilians,1,20.8381,-103.217
02/09/2019,Mexico,Violence against civilians,2,20.8381,-103.217
02/16/2019,Mexico,Violence against civilians,2,20.8381,-103.217
04/27/2019,Mexico,Violence against civilians,1,20.8381,-103.217
06/22/2019,Mexico,Violence against civilians,1,20.8381,-103.217
06/29/2019,Mexico,Violence against civilians,1,20.8381,-103.217
08/31/2019,Mexico,Violence against civilians,1,20.8381,-103.217
10/19/2019,Mexico,Violence against civilians,1,20.8381,-103.217
12/28/2019,Mexico,Violence against civilians,1,20.8381,-103.217
01/18/2020,Mexico,Violence against civilians,1,20.8381,-103.217
04/25/2020,Mexico,Violence against civilians,1,20.8381,-103.217
06/06/2020,Mexico,Violence against civilians,1,20.8381,-103.217
08/08/2020,Mexico,Violence against civilians,1,20.8381,-103.217
08/15/2020,Mexico,Violence against civilians,1,20.8381,-103.217
08/22/2020,Mexico,Violence against civilians,1,20.8381,-103.217
11/21/2020,Mexico,Violence against civilians,1,20.8381,-103.217
11/28/2020,Mexico,Violence against civilians,1,20.8381,-103.217
01/09/2021,Mexico,Violence against civilians,1,20.8381,-103.217
01/30/2021,Mexico,Violence against civilians,2,20.8381,-103.217
03/27/2021,Mexico,Violence against civilians,1,20.8381,-103.217
04/03/2021,Mexico,Violence against civilians,2,20.8381,-103.217
05/01/2021,Mexico,Violence against civilians,2,20.8381,-103.217
09/25/2021,Mexico,Violence against civilians,1,20.8381,-103.217
11/13/2021,Mexico,Violence against civilians,1,20.8381,-103.217
01/15/2022,Mexico,Violence against civilians,1,20.8381,-103.217
04/23/2022,Mexico,Violence against civilians,1,20.8381,-103.217
05/14/2022,Mexico,Violence against civilians,1,20.8381,-103.217
06/25/2022,Mexico,Violence against civilians,1,20.8381,-103.217
07/02/2022,Mexico,Violence against civilians,1,20.8381,-103.217
07/23/2022,Mexico,Violence against civilians,1,20.8381,-103.217
08/20/2022,Mexico,Violence against civilians,1,20.8381,-103.217
08/27/2022,Mexico,Violence against civilians,1,20.8381,-103.217
09/24/2022,Mexico,Violence against civilians,1,20.8381,-103.217
11/26/2022,Mexico,Violence against civilians,1,20.8381,-103.217
12/10/2022,Mexico,Violence against civilians,1,20.8381,-103.217
01/14/2023,Mexico,Violence against civilians,1,20.8381,-103.217
03/11/2023,Mexico,Violence against civilians,1,20.8381,-103.217
03/18/2023,Mexico,Violence against civilians,1,20.8381,-103.217
04/01/2023,Mexico,Violence against civilians,1,20.8381,-103.217
04/22/2023,Mexico,Violence against civilians,1,20.8381,-103.217
05/13/2023,Mexico,Violence against civilians,1,20.8381,-103.217
09/23/2023,Mexico,Violence against civilians,2,20.8381,-103.217
10/14/2023,Mexico,Violence against civilians,1,20.8381,-103.217
10/21/2023,Mexico,Violence against civilians,1,20.8381,-103.217
02/03/2024,Mexico,Violence against civilians,1,20.8381,-103.217
03/02/2024,Mexico,Violence against civilians,1,20.8381,-103.217
03/09/2024,Mexico,Violence against civilians,1,20.8381,-103.217
03/30/2024,Mexico,Violence against civilians,2,20.8381,-103.217
05/11/2024,Mexico,Violence against civilians,1,20.8381,-103.217
05/18/2024,Mexico,Violence against civilians,2,20.8381,-103.217
07/13/2024,Mexico,Violence against civilians,1,20.8381,-103.217
07/20/2024,Mexico,Violence against civilians,2,20.8381,-103.217
07/27/2024,Mexico,Violence against civilians,1,20.8381,-103.217
09/14/2024,Mexico,Violence against civilians,1,20.8381,-103.217
09/21/2024,Mexico,Violence against civilians,1,20.8381,-103.217
10/05/2024,Mexico,Violence against civilians,1,20.8381,-103.217
11/02/2024,Mexico,Violence against civilians,1,20.8381,-103.217
12/21/2024,Mexico,Violence against civilians,1,20.8381,-103.217
01/25/2025,Mexico,Violence against civilians,1,20.8381,-103.217
02/01/2025,Mexico,Violence against civilians,1,20.8381,-103.217
02/08/2025,Mexico,Violence against civilians,2,20.8381,-103.217
02/15/2025,Mexico,Violence against civilians,1,20.8381,-103.217
03/22/2025,Mexico,Violence against civilians,1,20.8381,-103.217
04/26/2025,Mexico,Violence against civilians,1,20.8381,-103.217
05/24/2025,Mexico,Violence against civilians,1,20.8381,-103.217
08/23/2025,Mexico,Violence against civilians,1,20.8381,-103.217
12/30/2017,Mexico,Violence against civilians,8,20.8381,-103.217
01/06/2018,Mexico,Violence against civilians,4,20.8381,-103.217
01/13/2018,Mexico,Violence against civilians,4,20.8381,-103.217
01/20/2018,Mexico,Violence against civilians,10,20.8381,-103.217
01/27/2018,Mexico,Violence against civilians,8,20.8381,-103.217
02/03/2018,Mexico,Violence against civilians,17,20.8381,-103.217
02/10/2018,Mexico,Violence against civilians,12,20.8381,-103.217
02/17/2018,Mexico,Violence against civilians,5,20.8381,-103.217
02/24/2018,Mexico,Violence against civilians,12,20.8381,-103.217
03/03/2018,Mexico,Violence against civilians,26,20.8381,-103.217
03/10/2018,Mexico,Violence against civilians,11,20.8381,-103.217
03/17/2018,Mexico,Violence against civilians,6,20.8381,-103.217
03/24/2018,Mexico,Violence against civilians,12,20.8381,-103.217
03/31/2018,Mexico,Violence against civilians,7,20.8381,-103.217
04/07/2018,Mexico,Violence against civilians,3,20.8381,-103.217
04/14/2018,Mexico,Violence against civilians,10,20.8381,-103.217
04/21/2018,Mexico,Violence against civilians,6,20.8381,-103.217
04/28/2018,Mexico,Violence against civilians,9,20.8381,-103.217
05/05/2018,Mexico,Violence against civilians,4,20.8381,-103.217
05/12/2018,Mexico,Violence against civilians,6,20.8381,-103.217
05/19/2018,Mexico,Violence against civilians,10,20.8381,-103.217
05/26/2018,Mexico,Violence against civilians,14,20.8381,-103.217
06/02/2018,Mexico,Violence against civilians,1,20.8381,-103.217
06/09/2018,Mexico,Violence against civilians,3,20.8381,-103.217
06/16/2018,Mexico,Violence against civilians,4,20.8381,-103.217
06/23/2018,Mexico,Violence against civilians,4,20.8381,-103.217
06/30/2018,Mexico,Violence against civilians,6,20.8381,-103.217
07/07/2018,Mexico,Violence against civilians,9,20.8381,-103.217
07/14/2018,Mexico,Violence against civilians,6,20.8381,-103.217
07/28/2018,Mexico,Violence against civilians,8,20.8381,-103.217
08/04/2018,Mexico,Violence against civilians,3,20.8381,-103.217
08/11/2018,Mexico,Violence against civilians,3,20.8381,-103.217
08/18/2018,Mexico,Violence against civilians,12,20.8381,-103.217
08/25/2018,Mexico,Violence against civilians,12,20.8381,-103.217
09/01/2018,Mexico,Violence against civilians,2,20.8381,-103.217
09/08/2018,Mexico,Violence against civilians,10,20.8381,-103.217
09/15/2018,Mexico,Violence against civilians,7,20.8381,-103.217
09/22/2018,Mexico,Violence against civilians,4,20.8381,-103.217
09/29/2018,Mexico,Violence against civilians,12,20.8381,-103.217
10/06/2018,Mexico,Violence against civilians,13,20.8381,-103.217
10/13/2018,Mexico,Violence against civilians,12,20.8381,-103.217
10/20/2018,Mexico,Violence against civilians,13,20.8381,-103.217
10/27/2018,Mexico,Violence against civilians,4,20.8381,-103.217
11/03/2018,Mexico,Violence against civilians,5,20.8381,-103.217
11/10/2018,Mexico,Violence against civilians,4,20.8381,-103.217
11/17/2018,Mexico,Violence against civilians,10,20.8381,-103.217
11/24/2018,Mexico,Violence against civilians,12,20.8381,-103.217
12/01/2018,Mexico,Violence against civilians,8,20.8381,-103.217
12/08/2018,Mexico,Violence against civilians,13,20.8381,-103.217
12/15/2018,Mexico,Violence against civilians,11,20.8381,-103.217
12/22/2018,Mexico,Violence against civilians,11,20.8381,-103.217
12/29/2018,Mexico,Violence against civilians,13,20.8381,-103.217
01/05/2019,Mexico,Violence against civilians,14,20.8381,-103.217
01/12/2019,Mexico,Violence against civilians,13,20.8381,-103.217
01/19/2019,Mexico,Violence against civilians,12,20.8381,-103.217
01/26/2019,Mexico,Violence against civilians,6,20.8381,-103.217
02/09/2019,Mexico,Violence against civilians,13,20.8381,-103.217
02/16/2019,Mexico,Violence against civilians,21,20.8381,-103.217
02/23/2019,Mexico,Violence against civilians,9,20.8381,-103.217
03/02/2019,Mexico,Violence against civilians,4,20.8381,-103.217
03/09/2019,Mexico,Violence against civilians,5,20.8381,-103.217
03/16/2019,Mexico,Violence against civilians,4,20.8381,-103.217
03/23/2019,Mexico,Violence against civilians,4,20.8381,-103.217
03/30/2019,Mexico,Violence against civilians,6,20.8381,-103.217
04/06/2019,Mexico,Violence against civilians,4,20.8381,-103.217
04/13/2019,Mexico,Violence against civilians,6,20.8381,-103.217
04/20/2019,Mexico,Violence against civilians,11,20.8381,-103.217
04/27/2019,Mexico,Violence against civilians,6,20.8381,-103.217
05/04/2019,Mexico,Violence against civilians,7,20.8381,-103.217
05/11/2019,Mexico,Violence against civilians,4,20.8381,-103.217
05/18/2019,Mexico,Violence against civilians,7,20.8381,-103.217
05/25/2019,Mexico,Violence against civilians,5,20.8381,-103.217
06/01/2019,Mexico,Violence against civilians,8,20.8381,-103.217
06/08/2019,Mexico,Violence against civilians,7,20.8381,-103.217
06/15/2019,Mexico,Violence against civilians,9,20.8381,-103.217
06/22/2019,Mexico,Violence against civilians,9,20.8381,-103.217
06/29/2019,Mexico,Violence against civilians,10,20.8381,-103.217
07/06/2019,Mexico,Violence against civilians,7,20.8381,-103.217
07/13/2019,Mexico,Violence against civilians,4,20.8381,-103.217
07/20/2019,Mexico,Violence against civilians,8,20.8381,-103.217
07/27/2019,Mexico,Violence against civilians,9,20.8381,-103.217
08/03/2019,Mexico,Violence against civilians,6,20.8381,-103.217
08/10/2019,Mexico,Violence against civilians,2,20.8381,-103.217
08/17/2019,Mexico,Violence against civilians,6,20.8381,-103.217
08/24/2019,Mexico,Violence against civilians,3,20.8381,-103.217
08/31/2019,Mexico,Violence against civilians,7,20.8381,-103.217
09/07/2019,Mexico,Violence against civilians,4,20.8381,-103.217
09/14/2019,Mexico,Violence against civilians,9,20.8381,-103.217
09/21/2019,Mexico,Violence against civilians,12,20.8381,-103.217
09/28/2019,Mexico,Violence against civilians,2,20.8381,-103.217
10/05/2019,Mexico,Violence against civilians,2,20.8381,-103.217
10/12/2019,Mexico,Violence against civilians,4,20.8381,-103.217
10/19/2019,Mexico,Violence against civilians,3,20.8381,-103.217
10/26/2019,Mexico,Violence against civilians,4,20.8381,-103.217
11/02/2019,Mexico,Violence against civilians,11,20.8381,-103.217
11/09/2019,Mexico,Violence against civilians,3,20.8381,-103.217
11/16/2019,Mexico,Violence against civilians,5,20.8381,-103.217
11/23/2019,Mexico,Violence against civilians,5,20.8381,-103.217
11/30/2019,Mexico,Violence against civilians,9,20.8381,-103.217
12/07/2019,Mexico,Violence against civilians,2,20.8381,-103.217
12/14/2019,Mexico,Violence against civilians,5,20.8381,-103.217
12/21/2019,Mexico,Violence against civilians,6,20.8381,-103.217
12/28/2019,Mexico,Violence against civilians,4,20.8381,-103.217
01/04/2020,Mexico,Violence against civilians,10,20.8381,-103.217
01/11/2020,Mexico,Violence against civilians,9,20.8381,-103.217
01/18/2020,Mexico,Violence against civilians,11,20.8381,-103.217
01/25/2020,Mexico,Violence against civilians,6,20.8381,-103.217
02/01/2020,Mexico,Violence against civilians,3,20.8381,-103.217
02/08/2020,Mexico,Violence against civilians,10,20.8381,-103.217
02/15/2020,Mexico,Violence against civilians,7,20.8381,-103.217
02/22/2020,Mexico,Violence against civilians,7,20.8381,-103.217
02/29/2020,Mexico,Violence against civilians,7,20.8381,-103.217
03/07/2020,Mexico,Violence against civilians,13,20.8381,-103.217
03/14/2020,Mexico,Violence against civilians,5,20.8381,-103.217
03/21/2020,Mexico,Violence against civilians,9,20.8381,-103.217
03/28/2020,Mexico,Violence against civilians,4,20.8381,-103.217
04/04/2020,Mexico,Violence against civilians,15,20.8381,-103.217
04/11/2020,Mexico,Violence against civilians,9,20.8381,-103.217
04/18/2020,Mexico,Violence against civilians,8,20.8381,-103.217
04/25/2020,Mexico,Violence against civilians,11,20.8381,-103.217
05/02/2020,Mexico,Violence against civilians,14,20.8381,-103.217
05/09/2020,Mexico,Violence against civilians,6,20.8381,-103.217
05/16/2020,Mexico,Violence against civilians,7,20.8381,-103.217
05/23/2020,Mexico,Violence against civilians,5,20.8381,-103.217
05/30/2020,Mexico,Violence against civilians,6,20.8381,-103.217
06/06/2020,Mexico,Violence against civilians,10,20.8381,-103.217
06/13/2020,Mexico,Violence against civilians,6,20.8381,-103.217
06/20/2020,Mexico,Violence against civilians,7,20.8381,-103.217
06/27/2020,Mexico,Violence against civilians,5,20.8381,-103.217
07/04/2020,Mexico,Violence against civilians,6,20.8381,-103.217
07/11/2020,Mexico,Violence against civilians,3,20.8381,-103.217
07/18/2020,Mexico,Violence against civilians,10,20.8381,-103.217
07/25/2020,Mexico,Violence against civilians,4,20.8381,-103.217
08/01/2020,Mexico,Violence against civilians,6,20.8381,-103.217
08/08/2020,Mexico,Violence against civilians,6,20.8381,-103.217
08/15/2020,Mexico,Violence against civilians,7,20.8381,-103.217
08/22/2020,Mexico,Violence against civilians,9,20.8381,-103.217
08/29/2020,Mexico,Violence against civilians,4,20.8381,-103.217
09/05/2020,Mexico,Violence against civilians,11,20.8381,-103.217
09/12/2020,Mexico,Violence against civilians,4,20.8381,-103.217
09/19/2020,Mexico,Violence against civilians,5,20.8381,-103.217
09/26/2020,Mexico,Violence against civilians,3,20.8381,-103.217
10/03/2020,Mexico,Violence against civilians,1,20.8381,-103.217
10/10/2020,Mexico,Violence against civilians,3,20.8381,-103.217
10/17/2020,Mexico,Violence against civilians,4,20.8381,-103.217
10/24/2020,Mexico,Violence against civilians,5,20.8381,-103.217
10/31/2020,Mexico,Violence against civilians,8,20.8381,-103.217
11/07/2020,Mexico,Violence against civilians,6,20.8381,-103.217
11/14/2020,Mexico,Violence against civilians,10,20.8381,-103.217
11/21/2020,Mexico,Violence against civilians,4,20.8381,-103.217
11/28/2020,Mexico,Violence against civilians,5,20.8381,-103.217
12/05/2020,Mexico,Violence against civilians,2,20.8381,-103.217
12/12/2020,Mexico,Violence against civilians,6,20.8381,-103.217
12/19/2020,Mexico,Violence against civilians,3,20.8381,-103.217
12/26/2020,Mexico,Violence against civilians,4,20.8381,-103.217
01/02/2021,Mexico,Violence against civilians,9,20.8381,-103.217
01/09/2021,Mexico,Violence against civilians,2,20.8381,-103.217
01/16/2021,Mexico,Violence against civilians,5,20.8381,-103.217
01/23/2021,Mexico,Violence against civilians,10,20.8381,-103.217
01/30/2021,Mexico,Violence against civilians,8,20.8381,-103.217
02/06/2021,Mexico,Violence against civilians,10,20.8381,-103.217
02/13/2021,Mexico,Violence against civilians,8,20.8381,-103.217
02/20/2021,Mexico,Violence against civilians,6,20.8381,-103.217
02/27/2021,Mexico,Violence against civilians,5,20.8381,-103.217
03/06/2021,Mexico,Violence against civilians,11,20.8381,-103.217
03/13/2021,Mexico,Violence against civilians,6,20.8381,-103.217
03/20/2021,Mexico,Violence against civilians,8,20.8381,-103.217
03/27/2021,Mexico,Violence against civilians,6,20.8381,-103.217
04/03/2021,Mexico,Violence against civilians,5,20.8381,-103.217
04/10/2021,Mexico,Violence against civilians,7,20.8381,-103.217
04/17/2021,Mexico,Violence against civilians,8,20.8381,-103.217
04/24/2021,Mexico,Violence against civilians,8,20.8381,-103.217
05/01/2021,Mexico,Violence against civilians,5,20.8381,-103.217
05/08/2021,Mexico,Violence against civilians,7,20.8381,-103.217
05/15/2021,Mexico,Violence against civilians,13,20.8381,-103.217
05/22/2021,Mexico,Violence against civilians,9,20.8381,-103.217
05/29/2021,Mexico,Violence against civilians,5,20.8381,-103.217
06/05/2021,Mexico,Violence against civilians,13,20.8381,-103.217
06/12/2021,Mexico,Violence against civilians,6,20.8381,-103.217
06/19/2021,Mexico,Violence against civilians,8,20.8381,-103.217
06/26/2021,Mexico,Violence against civilians,5,20.8381,-103.217
07/03/2021,Mexico,Violence against civilians,3,20.8381,-103.217
07/10/2021,Mexico,Violence against civilians,4,20.8381,-103.217
07/17/2021,Mexico,Violence against civilians,2,20.8381,-103.217
07/24/2021,Mexico,Violence against civilians,6,20.8381,-103.217
07/31/2021,Mexico,Violence against civilians,3,20.8381,-103.217
08/07/2021,Mexico,Violence against civilians,3,20.8381,-103.217
08/14/2021,Mexico,Violence against civilians,1,20.8381,-103.217
08/21/2021,Mexico,Violence against civilians,6,20.8381,-103.217
08/28/2021,Mexico,Violence against civilians,3,20.8381,-103.217
09/04/2021,Mexico,Violence against civilians,2,20.8381,-103.217
09/11/2021,Mexico,Violence against civilians,5,20.8381,-103.217
09/18/2021,Mexico,Violence against civilians,6,20.8381,-103.217
09/25/2021,Mexico,Violence against civilians,3,20.8381,-103.217
10/02/2021,Mexico,Violence against civilians,6,20.8381,-103.217
10/09/2021,Mexico,Violence against civilians,2,20.8381,-103.217
10/16/2021,Mexico,Violence against civilians,9,20.8381,-103.217
10/23/2021,Mexico,Violence against civilians,6,20.8381,-103.217
10/30/2021,Mexico,Violence against civilians,8,20.8381,-103.217
11/06/2021,Mexico,Violence against civilians,8,20.8381,-103.217
11/13/2021,Mexico,Violence against civilians,6,20.8381,-103.217
11/27/2021,Mexico,Violence against civilians,7,20.8381,-103.217
12/04/2021,Mexico,Violence against civilians,7,20.8381,-103.217
12/11/2021,Mexico,Violence against civilians,5,20.8381,-103.217
12/18/2021,Mexico,Violence against civilians,6,20.8381,-103.217
12/25/2021,Mexico,Violence against civilians,9,20.8381,-103.217
01/01/2022,Mexico,Violence against civilians,7,20.8381,-103.217
01/08/2022,Mexico,Violence against civilians,6,20.8381,-103.217
01/15/2022,Mexico,Violence against civilians,4,20.8381,-103.217
01/29/2022,Mexico,Violence against civilians,4,20.8381,-103.217
02/05/2022,Mexico,Violence against civilians,3,20.8381,-103.217
02/12/2022,Mexico,Violence against civilians,3,20.8381,-103.217
02/19/2022,Mexico,Violence against civilians,2,20.8381,-103.217
02/26/2022,Mexico,Violence against civilians,1,20.8381,-103.217
03/05/2022,Mexico,Violence against civilians,5,20.8381,-103.217
03/12/2022,Mexico,Violence against civilians,1,20.8381,-103.217
03/19/2022,Mexico,Violence against civilians,4,20.8381,-103.217
03/26/2022,Mexico,Violence against civilians,6,20.8381,-103.217
04/02/2022,Mexico,Violence against civilians,2,20.8381,-103.217
04/09/2022,Mexico,Violence against civilians,4,20.8381,-103.217
04/16/2022,Mexico,Violence against civilians,1,20.8381,-103.217
04/23/2022,Mexico,Violence against civilians,3,20.8381,-103.217
04/30/2022,Mexico,Violence against civilians,6,20.8381,-103.217
05/07/2022,Mexico,Violence against civilians,3,20.8381,-103.217
05/14/2022,Mexico,Violence against civilians,9,20.8381,-103.217
05/21/2022,Mexico,Violence against civilians,6,20.8381,-103.217
05/28/2022,Mexico,Violence against civilians,6,20.8381,-103.217
06/04/2022,Mexico,Violence against civilians,6,20.8381,-103.217
06/11/2022,Mexico,Violence against civilians,6,20.8381,-103.217
06/18/2022,Mexico,Violence against civilians,3,20.8381,-103.217
06/25/2022,Mexico,Violence against civilians,4,20.8381,-103.217
07/02/2022,Mexico,Violence against civilians,7,20.8381,-103.217
07/09/2022,Mexico,Violence against civilians,8,20.8381,-103.217
07/16/2022,Mexico,Violence against civilians,3,20.8381,-103.217
07/23/2022,Mexico,Violence against civilians,7,20.8381,-103.217
07/30/2022,Mexico,Violence against civilians,5,20.8381,-103.217
08/06/2022,Mexico,Violence against civilians,6,20.8381,-103.217
08/13/2022,Mexico,Violence against civilians,7,20.8381,-103.217
08/20/2022,Mexico,Violence against civilians,6,20.8381,-103.217
08/27/2022,Mexico,Violence against civilians,10,20.8381,-103.217
09/03/2022,Mexico,Violence against civilians,5,20.8381,-103.217
09/10/2022,Mexico,Violence against civilians,4,20.8381,-103.217
09/17/2022,Mexico,Violence against civilians,10,20.8381,-103.217
09/24/2022,Mexico,Violence against civilians,9,20.8381,-103.217
10/01/2022,Mexico,Violence against civilians,11,20.8381,-103.217
10/08/2022,Mexico,Violence against civilians,7,20.8381,-103.217
10/15/2022,Mexico,Violence against civilians,9,20.8381,-103.217
10/22/2022,Mexico,Violence against civilians,6,20.8381,-103.217
10/29/2022,Mexico,Violence against civilians,4,20.8381,-103.217
11/05/2022,Mexico,Violence against civilians,8,20.8381,-103.217
11/12/2022,Mexico,Violence against civilians,9,20.8381,-103.217
11/19/2022,Mexico,Violence against civilians,5,20.8381,-103.217
11/26/2022,Mexico,Violence against civilians,4,20.8381,-103.217
12/03/2022,Mexico,Violence against civilians,7,20.8381,-103.217
12/10/2022,Mexico,Violence against civilians,5,20.8381,-103.217
12/17/2022,Mexico,Violence against civilians,8,20.8381,-103.217
12/24/2022,Mexico,Violence against civilians,4,20.8381,-103.217
12/31/2022,Mexico,Violence against civilians,3,20.8381,-103.217
01/07/2023,Mexico,Violence against civilians,2,20.8381,-103.217
01/14/2023,Mexico,Violence against civilians,7,20.8381,-103.217
01/28/2023,Mexico,Violence against civilians,3,20.8381,-103.217
02/04/2023,Mexico,Violence against civilians,3,20.8381,-103.217
02/11/2023,Mexico,Violence against civilians,2,20.8381,-103.217
02/18/2023,Mexico,Violence against civilians,5,20.8381,-103.217
02/25/2023,Mexico,Violence against civilians,4,20.8381,-103.217
03/04/2023,Mexico,Violence against civilians,9,20.8381,-103.217
03/11/2023,Mexico,Violence against civilians,8,20.8381,-103.217
03/18/2023,Mexico,Violence against civilians,7,20.8381,-103.217
03/25/2023,Mexico,Violence against civilians,6,20.8381,-103.217
04/01/2023,Mexico,Violence against civilians,7,20.8381,-103.217
04/08/2023,Mexico,Violence against civilians,6,20.8381,-103.217
04/15/2023,Mexico,Violence against civilians,9,20.8381,-103.217
04/22/2023,Mexico,Violence against civilians,1,20.8381,-103.217
04/29/2023,Mexico,Violence against civilians,5,20.8381,-103.217
05/06/2023,Mexico,Violence against civilians,9,20.8381,-103.217
05/13/2023,Mexico,Violence against civilians,11,20.8381,-103.217
05/20/2023,Mexico,Violence against civilians,11,20.8381,-103.217
05/27/2023,Mexico,Violence against civilians,6,20.8381,-103.217
06/03/2023,Mexico,Violence against civilians,2,20.8381,-103.217
06/10/2023,Mexico,Violence against civilians,4,20.8381,-103.217
06/17/2023,Mexico,Violence against civilians,5,20.8381,-103.217
06/24/2023,Mexico,Violence against civilians,3,20.8381,-103.217
07/01/2023,Mexico,Violence against civilians,7,20.8381,-103.217
07/08/2023,Mexico,Violence against civilians,8,20.8381,-103.217
07/15/2023,Mexico,Violence against civilians,7,20.8381,-103.217
07/22/2023,Mexico,Violence against civilians,2,20.8381,-103.217
07/29/2023,Mexico,Violence against civilians,5,20.8381,-103.217
08/05/2023,Mexico,Violence against civilians,2,20.8381,-103.217
08/12/2023,Mexico,Violence against civilians,6,20.8381,-103.217
08/19/2023,Mexico,Violence against civilians,5,20.8381,-103.217
08/26/2023,Mexico,Violence against civilians,5,20.8381,-103.217
09/02/2023,Mexico,Violence against civilians,13,20.8381,-103.217
09/09/2023,Mexico,Violence against civilians,5,20.8381,-103.217
09/16/2023,Mexico,Violence against civilians,6,20.8381,-103.217
09/23/2023,Mexico,Violence against civilians,3,20.8381,-103.217
09/30/2023,Mexico,Violence against civilians,6,20.8381,-103.217
10/07/2023,Mexico,Violence against civilians,8,20.8381,-103.217
10/14/2023,Mexico,Violence against civilians,9,20.8381,-103.217
10/21/2023,Mexico,Violence against civilians,5,20.8381,-103.217
10/28/2023,Mexico,Violence against civilians,6,20.8381,-103.217
11/04/2023,Mexico,Violence against civilians,2,20.8381,-103.217
11/11/2023,Mexico,Violence against civilians,6,20.8381,-103.217
11/18/2023,Mexico,Violence against civilians,5,20.8381,-103.217
11/25/2023,Mexico,Violence against civilians,6,20.8381,-103.217
12/02/2023,Mexico,Violence against civilians,9,20.8381,-103.217
12/09/2023,Mexico,Violence against civilians,2,20.8381,-103.217
12/16/2023,Mexico,Violence against civilians,6,20.8381,-103.217
12/23/2023,Mexico,Violence against civilians,7,20.8381,-103.217
12/30/2023,Mexico,Violence against civilians,2,20.8381,-103.217
01/06/2024,Mexico,Violence against civilians,2,20.8381,-103.217
01/13/2024,Mexico,Violence against civilians,6,20.8381,-103.217
01/20/2024,Mexico,Violence against civilians,1,20.8381,-103.217
01/27/2024,Mexico,Violence against civilians,8,20.8381,-103.217
02/03/2024,Mexico,Violence against civilians,7,20.8381,-103.217
02/10/2024,Mexico,Violence against civilians,7,20.8381,-103.217
02/17/2024,Mexico,Violence against civilians,10,20.8381,-103.217
02/24/2024,Mexico,Violence against civilians,4,20.8381,-103.217
03/02/2024,Mexico,Violence against civilians,5,20.8381,-103.217
03/09/2024,Mexico,Violence against civilians,9,20.8381,-103.217
03/16/2024,Mexico,Violence against civilians,3,20.8381,-103.217
03/23/2024,Mexico,Violence against civilians,9,20.8381,-103.217
03/30/2024,Mexico,Violence against civilians,7,20.8381,-103.217
04/06/2024,Mexico,Violence against civilians,5,20.8381,-103.217
04/13/2024,Mexico,Violence against civilians,8,20.8381,-103.217
04/20/2024,Mexico,Violence against civilians,9,20.8381,-103.217
04/27/2024,Mexico,Violence against civilians,4,20.8381,-103.217
05/04/2024,Mexico,Violence against civilians,8,20.8381,-103.217
05/11/2024,Mexico,Violence against civilians,5,20.8381,-103.217
05/18/2024,Mexico,Violence against civilians,11,20.8381,-103.217
05/25/2024,Mexico,Violence against civilians,11,20.8381,-103.217
06/01/2024,Mexico,Violence against civilians,2,20.8381,-103.217
06/08/2024,Mexico,Violence against civilians,11,20.8381,-103.217
06/15/2024,Mexico,Violence against civilians,9,20.8381,-103.217
06/22/2024,Mexico,Violence against civilians,11,20.8381,-103.217
06/29/2024,Mexico,Violence against civilians,8,20.8381,-103.217
07/06/2024,Mexico,Violence against civilians,8,20.8381,-103.217
07/13/2024,Mexico,Violence against civilians,8,20.8381,-103.217
07/20/2024,Mexico,Violence against civilians,11,20.8381,-103.217
07/27/2024,Mexico,Violence against civilians,11,20.8381,-103.217
08/03/2024,Mexico,Violence against civilians,11,20.8381,-103.217
08/10/2024,Mexico,Violence against civilians,3,20.8381,-103.217
08/17/2024,Mexico,Violence against civilians,5,20.8381,-103.217
08/24/2024,Mexico,Violence against civilians,5,20.8381,-103.217
08/31/2024,Mexico,Violence against civilians,8,20.8381,-103.217
09/07/2024,Mexico,Violence against civilians,4,20.8381,-103.217
09/14/2024,Mexico,Violence against civilians,5,20.8381,-103.217
09/21/2024,Mexico,Violence against civilians,12,20.8381,-103.217
09/28/2024,Mexico,Violence against civilians,4,20.8381,-103.217
10/05/2024,Mexico,Violence against civilians,5,20.8381,-103.217
10/12/2024,Mexico,Violence against civilians,7,20.8381,-103.217
10/19/2024,Mexico,Violence against civilians,4,20.8381,-103.217
10/26/2024,Mexico,Violence against civilians,1,20.8381,-103.217
11/02/2024,Mexico,Violence against civilians,7,20.8381,-103.217
11/09/2024,Mexico,Violence against civilians,5,20.8381,-103.217
11/16/2024,Mexico,Violence against civilians,8,20.8381,-103.217
11/23/2024,Mexico,Violence against civilians,4,20.8381,-103.217
11/30/2024,Mexico,Violence against civilians,6,20.8381,-103.217
12/07/2024,Mexico,Violence against civilians,4,20.8381,-103.217
12/14/2024,Mexico,Violence against civilians,2,20.8381,-103.217
12/21/2024,Mexico,Violence against civilians,6,20.8381,-103.217
12/28/2024,Mexico,Violence against civilians,6,20.8381,-103.217
01/04/2025,Mexico,Violence against civilians,7,20.8381,-103.217
01/11/2025,Mexico,Violence against civilians,3,20.8381,-103.217
01/18/2025,Mexico,Violence against civilians,4,20.8381,-103.217
01/25/2025,Mexico,Violence against civilians,5,20.8381,-103.217
02/01/2025,Mexico,Violence against civilians,6,20.8381,-103.217
02/08/2025,Mexico,Violence against civilians,7,20.8381,-103.217
02/15/2025,Mexico,Violence against civilians,6,20.8381,-103.217
02/22/2025,Mexico,Violence against civilians,4,20.8381,-103.217
03/01/2025,Mexico,Violence against civilians,5,20.8381,-103.217
03/08/2025,Mexico,Violence against civilians,3,20.8381,-103.217
03/15/2025,Mexico,Violence against civilians,5,20.8381,-103.217
03/22/2025,Mexico,Violence against civilians,7,20.8381,-103.217
03/29/2025,Mexico,Violence against civilians,14,20.8381,-103.217
04/05/2025,Mexico,Violence against civilians,7,20.8381,-103.217
04/12/2025,Mexico,Violence against civilians,10,20.8381,-103.217
04/19/2025,Mexico,Violence against civilians,5,20.8381,-103.217
04/26/2025,Mexico,Violence against civilians,5,20.8381,-103.217
05/03/2025,Mexico,Violence against civilians,8,20.8381,-103.217
05/10/2025,Mexico,Violence against civilians,11,20.8381,-103.217
05/17/2025,Mexico,Violence against civilians,6,20.8381,-103.217
05/24/2025,Mexico,Violence against civilians,3,20.8381,-103.217
05/31/2025,Mexico,Violence against civilians,4,20.8381,-103.217
06/07/2025,Mexico,Violence against civilians,5,20.8381,-103.217
06/14/2025,Mexico,Violence against civilians,7,20.8381,-103.217
06/21/2025,Mexico,Violence against civilians,3,20.8381,-103.217
06/28/2025,Mexico,Violence against civilians,2,20.8381,-103.217
07/05/2025,Mexico,Violence against civilians,7,20.8381,-103.217
07/12/2025,Mexico,Violence against civilians,7,20.8381,-103.217
07/19/2025,Mexico,Violence against civilians,7,20.8381,-103.217
07/26/2025,Mexico,Violence against civilians,6,20.8381,-103.217
08/02/2025,Mexico,Violence against civilians,4,20.8381,-103.217
08/09/2025,Mexico,Violence against civilians,7,20.8381,-103.217
08/16/2025,Mexico,Violence against civilians,6,20.8381,-103.217
08/23/2025,Mexico,Violence against civilians,8,20.8381,-103.217
08/30/2025,Mexico,Violence against civilians,3,20.8381,-103.217
09/06/2025,Mexico,Violence against civilians,4,20.8381,-103.217
09/13/2025,Mexico,Violence against civilians,4,20.8381,-103.217
09/20/2025,Mexico,Violence against civilians,3,20.8381,-103.217
09/27/2025,Mexico,Violence against civilians,5,20.8381,-103.217
10/04/2025,Mexico,Violence against civilians,5,20.8381,-103.217
10/11/2025,Mexico,Violence against civilians,2,20.8381,-103.217
10/18/2025,Mexico,Violence against civilians,1,20.8381,-103.217
01/20/2018,Mexico,Violence against civilians,1,20.8381,-103.217
06/30/2018,Mexico,Violence against civilians,1,20.8381,-103.217
12/15/2018,Mexico,Violence against civilians,1,20.8381,-103.217
02/16/2019,Mexico,Violence against civilians,1,20.8381,-103.217
09/28/2019,Mexico,Violence against civilians,1,20.8381,-103.217
07/08/2023,Mexico,Violence against civilians,1,20.8381,-103.217
11/18/2023,Mexico,Violence against civilians,1,20.8381,-103.217
03/30/2024,Mexico,Violence against civilians,1,20.8381,-103.217
04/06/2024,Mexico,Violence against civilians,1,20.8381,-103.217
03/22/2025,Mexico,Violence against civilians,1,20.8381,-103.217
10/11/2025,Mexico,Violence against civilians,1,20.8381,-103.217
07/06/2024,Mexico,Explosions/Remote violence,1,19.3277,-99.8217
03/11/2023,Mexico,Explosions/Remote violence,1,19.3277,-99.8217
02/09/2019,Mexico,Explosions/Remote violence,1,19.3277,-99.8217
08/24/2024,Mexico,Explosions/Remote violence,1,19.3277,-99.8217
01/06/2018,Mexico,Riots,2,19.3277,-99.8217
01/13/2018,Mexico,Riots,2,19.3277,-99.8217
02/03/2018,Mexico,Riots,3,19.3277,-99.8217
02/10/2018,Mexico,Riots,2,19.3277,-99.8217
02/17/2018,Mexico,Riots,1,19.3277,-99.8217
02/24/2018,Mexico,Riots,1,19.3277,-99.8217
03/03/2018,Mexico,Riots,1,19.3277,-99.8217
03/17/2018,Mexico,Riots,1,19.3277,-99.8217
03/31/2018,Mexico,Riots,3,19.3277,-99.8217
04/07/2018,Mexico,Riots,1,19.3277,-99.8217
04/14/2018,Mexico,Riots,1,19.3277,-99.8217
04/21/2018,Mexico,Riots,2,19.3277,-99.8217
04/28/2018,Mexico,Riots,3,19.3277,-99.8217
05/05/2018,Mexico,Riots,1,19.3277,-99.8217
05/12/2018,Mexico,Riots,1,19.3277,-99.8217
05/19/2018,Mexico,Riots,1,19.3277,-99.8217
05/26/2018,Mexico,Riots,3,19.3277,-99.8217
06/02/2018,Mexico,Riots,1,19.3277,-99.8217
06/09/2018,Mexico,Riots,1,19.3277,-99.8217
06/16/2018,Mexico,Riots,1,19.3277,-99.8217
06/23/2018,Mexico,Riots,2,19.3277,-99.8217
06/30/2018,Mexico,Riots,3,19.3277,-99.8217
07/07/2018,Mexico,Riots,3,19.3277,-99.8217
07/14/2018,Mexico,Riots,2,19.3277,-99.8217
07/21/2018,Mexico,Riots,2,19.3277,-99.8217
08/04/2018,Mexico,Riots,1,19.3277,-99.8217
08/18/2018,Mexico,Riots,1,19.3277,-99.8217
09/01/2018,Mexico,Riots,2,19.3277,-99.8217
09/08/2018,Mexico,Riots,5,19.3277,-99.8217
09/15/2018,Mexico,Riots,2,19.3277,-99.8217
09/22/2018,Mexico,Riots,2,19.3277,-99.8217
09/29/2018,Mexico,Riots,2,19.3277,-99.8217
10/06/2018,Mexico,Riots,2,19.3277,-99.8217
10/13/2018,Mexico,Riots,5,19.3277,-99.8217
10/20/2018,Mexico,Riots,2,19.3277,-99.8217
11/10/2018,Mexico,Riots,3,19.3277,-99.8217
11/17/2018,Mexico,Riots,4,19.3277,-99.8217
11/24/2018,Mexico,Riots,1,19.3277,-99.8217
12/29/2018,Mexico,Riots,1,19.3277,-99.8217
01/12/2019,Mexico,Riots,3,19.3277,-99.8217
01/19/2019,Mexico,Riots,1,19.3277,-99.8217
01/26/2019,Mexico,Riots,1,19.3277,-99.8217
02/09/2019,Mexico,Riots,2,19.3277,-99.8217
02/16/2019,Mexico,Riots,4,19.3277,-99.8217
02/23/2019,Mexico,Riots,1,19.3277,-99.8217
03/02/2019,Mexico,Riots,3,19.3277,-99.8217
03/09/2019,Mexico,Riots,3,19.3277,-99.8217
03/30/2019,Mexico,Riots,1,19.3277,-99.8217
04/06/2019,Mexico,Riots,3,19.3277,-99.8217
04/13/2019,Mexico,Riots,3,19.3277,-99.8217
04/20/2019,Mexico,Riots,2,19.3277,-99.8217
04/27/2019,Mexico,Riots,1,19.3277,-99.8217
05/18/2019,Mexico,Riots,1,19.3277,-99.8217
05/25/2019,Mexico,Riots,2,19.3277,-99.8217
06/01/2019,Mexico,Riots,1,19.3277,-99.8217
06/08/2019,Mexico,Riots,1,19.3277,-99.8217
06/15/2019,Mexico,Riots,2,19.3277,-99.8217
06/22/2019,Mexico,Riots,3,19.3277,-99.8217
07/06/2019,Mexico,Riots,1,19.3277,-99.8217
07/20/2019,Mexico,Riots,3,19.3277,-99.8217
08/03/2019,Mexico,Riots,1,19.3277,-99.8217
08/10/2019,Mexico,Riots,8,19.3277,-99.8217
08/17/2019,Mexico,Riots,2,19.3277,-99.8217
08/24/2019,Mexico,Riots,2,19.3277,-99.8217
08/31/2019,Mexico,Riots,2,19.3277,-99.8217
09/07/2019,Mexico,Riots,4,19.3277,-99.8217
09/14/2019,Mexico,Riots,3,19.3277,-99.8217
09/21/2019,Mexico,Riots,2,19.3277,-99.8217
09/28/2019,Mexico,Riots,2,19.3277,-99.8217
10/05/2019,Mexico,Riots,1,19.3277,-99.8217
10/26/2019,Mexico,Riots,1,19.3277,-99.8217
11/09/2019,Mexico,Riots,2,19.3277,-99.8217
11/30/2019,Mexico,Riots,2,19.3277,-99.8217
12/07/2019,Mexico,Riots,1,19.3277,-99.8217
01/04/2020,Mexico,Riots,1,19.3277,-99.8217
01/11/2020,Mexico,Riots,1,19.3277,-99.8217
01/25/2020,Mexico,Riots,1,19.3277,-99.8217
02/01/2020,Mexico,Riots,1,19.3277,-99.8217
02/22/2020,Mexico,Riots,1,19.3277,-99.8217
02/29/2020,Mexico,Riots,1,19.3277,-99.8217
03/21/2020,Mexico,Riots,1,19.3277,-99.8217
03/28/2020,Mexico,Riots,2,19.3277,-99.8217
04/04/2020,Mexico,Riots,1,19.3277,-99.8217
04/11/2020,Mexico,Riots,2,19.3277,-99.8217
05/02/2020,Mexico,Riots,1,19.3277,-99.8217
05/09/2020,Mexico,Riots,5,19.3277,-99.8217
05/16/2020,Mexico,Riots,2,19.3277,-99.8217
05/30/2020,Mexico,Riots,1,19.3277,-99.8217
06/13/2020,Mexico,Riots,1,19.3277,-99.8217
06/20/2020,Mexico,Riots,2,19.3277,-99.8217
06/27/2020,Mexico,Riots,1,19.3277,-99.8217
07/04/2020,Mexico,Riots,1,19.3277,-99.8217
07/18/2020,Mexico,Riots,2,19.3277,-99.8217
07/25/2020,Mexico,Riots,2,19.3277,-99.8217
08/01/2020,Mexico,Riots,1,19.3277,-99.8217
08/08/2020,Mexico,Riots,1,19.3277,-99.8217
08/15/2020,Mexico,Riots,2,19.3277,-99.8217
08/22/2020,Mexico,Riots,2,19.3277,-99.8217
08/29/2020,Mexico,Riots,3,19.3277,-99.8217
09/05/2020,Mexico,Riots,3,19.3277,-99.8217
09/12/2020,Mexico,Riots,1,19.3277,-99.8217
09/19/2020,Mexico,Riots,3,19.3277,-99.8217
09/26/2020,Mexico,Riots,2,19.3277,-99.8217
10/03/2020,Mexico,Riots,1,19.3277,-99.8217
10/10/2020,Mexico,Riots,1,19.3277,-99.8217
10/17/2020,Mexico,Riots,1,19.3277,-99.8217
10/24/2020,Mexico,Riots,2,19.3277,-99.8217
10/31/2020,Mexico,Riots,1,19.3277,-99.8217
11/07/2020,Mexico,Riots,1,19.3277,-99.8217
11/21/2020,Mexico,Riots,2,19.3277,-99.8217
11/28/2020,Mexico,Riots,3,19.3277,-99.8217
12/05/2020,Mexico,Riots,2,19.3277,-99.8217
12/19/2020,Mexico,Riots,1,19.3277,-99.8217
01/16/2021,Mexico,Riots,3,19.3277,-99.8217
01/23/2021,Mexico,Riots,1,19.3277,-99.8217
01/30/2021,Mexico,Riots,1,19.3277,-99.8217
02/13/2021,Mexico,Riots,2,19.3277,-99.8217
02/20/2021,Mexico,Riots,1,19.3277,-99.8217
03/06/2021,Mexico,Riots,1,19.3277,-99.8217
04/03/2021,Mexico,Riots,2,19.3277,-99.8217
04/10/2021,Mexico,Riots,1,19.3277,-99.8217
04/24/2021,Mexico,Riots,1,19.3277,-99.8217
05/01/2021,Mexico,Riots,1,19.3277,-99.8217
05/15/2021,Mexico,Riots,1,19.3277,-99.8217
05/29/2021,Mexico,Riots,3,19.3277,-99.8217
06/05/2021,Mexico,Riots,3,19.3277,-99.8217
06/19/2021,Mexico,Riots,1,19.3277,-99.8217
07/17/2021,Mexico,Riots,3,19.3277,-99.8217
07/24/2021,Mexico,Riots,1,19.3277,-99.8217
08/28/2021,Mexico,Riots,1,19.3277,-99.8217
09/11/2021,Mexico,Riots,2,19.3277,-99.8217
09/18/2021,Mexico,Riots,2,19.3277,-99.8217
10/16/2021,Mexico,Riots,2,19.3277,-99.8217
10/23/2021,Mexico,Riots,4,19.3277,-99.8217
11/13/2021,Mexico,Riots,1,19.3277,-99.8217
11/20/2021,Mexico,Riots,1,19.3277,-99.8217
11/27/2021,Mexico,Riots,2,19.3277,-99.8217
12/11/2021,Mexico,Riots,1,19.3277,-99.8217
12/18/2021,Mexico,Riots,4,19.3277,-99.8217
01/15/2022,Mexico,Riots,1,19.3277,-99.8217
01/29/2022,Mexico,Riots,3,19.3277,-99.8217
03/12/2022,Mexico,Riots,1,19.3277,-99.8217
03/26/2022,Mexico,Riots,1,19.3277,-99.8217
04/02/2022,Mexico,Riots,3,19.3277,-99.8217
04/09/2022,Mexico,Riots,3,19.3277,-99.8217
04/30/2022,Mexico,Riots,2,19.3277,-99.8217
05/07/2022,Mexico,Riots,1,19.3277,-99.8217
05/14/2022,Mexico,Riots,2,19.3277,-99.8217
05/21/2022,Mexico,Riots,1,19.3277,-99.8217
05/28/2022,Mexico,Riots,2,19.3277,-99.8217
06/18/2022,Mexico,Riots,1,19.3277,-99.8217
07/23/2022,Mexico,Riots,2,19.3277,-99.8217
07/30/2022,Mexico,Riots,1,19.3277,-99.8217
08/27/2022,Mexico,Riots,1,19.3277,-99.8217
09/24/2022,Mexico,Riots,2,19.3277,-99.8217
10/22/2022,Mexico,Riots,1,19.3277,-99.8217
10/29/2022,Mexico,Riots,1,19.3277,-99.8217
11/19/2022,Mexico,Riots,1,19.3277,-99.8217
11/26/2022,Mexico,Riots,1,19.3277,-99.8217
12/10/2022,Mexico,Riots,2,19.3277,-99.8217
12/24/2022,Mexico,Riots,1,19.3277,-99.8217
01/07/2023,Mexico,Riots,1,19.3277,-99.8217
01/14/2023,Mexico,Riots,3,19.3277,-99.8217
01/21/2023,Mexico,Riots,2,19.3277,-99.8217
02/04/2023,Mexico,Riots,1,19.3277,-99.8217
02/11/2023,Mexico,Riots,1,19.3277,-99.8217
03/11/2023,Mexico,Riots,2,19.3277,-99.8217
03/18/2023,Mexico,Riots,1,19.3277,-99.8217
04/01/2023,Mexico,Riots,1,19.3277,-99.8217
05/06/2023,Mexico,Riots,1,19.3277,-99.8217
07/01/2023,Mexico,Riots,1,19.3277,-99.8217
07/08/2023,Mexico,Riots,1,19.3277,-99.8217
07/22/2023,Mexico,Riots,1,19.3277,-99.8217
08/12/2023,Mexico,Riots,1,19.3277,-99.8217
08/19/2023,Mexico,Riots,1,19.3277,-99.8217
09/02/2023,Mexico,Riots,1,19.3277,-99.8217
09/16/2023,Mexico,Riots,3,19.3277,-99.8217
09/30/2023,Mexico,Riots,1,19.3277,-99.8217
10/07/2023,Mexico,Riots,1,19.3277,-99.8217
10/14/2023,Mexico,Riots,1,19.3277,-99.8217
10/28/2023,Mexico,Riots,2,19.3277,-99.8217
11/11/2023,Mexico,Riots,1,19.3277,-99.8217
12/02/2023,Mexico,Riots,1,19.3277,-99.8217
12/09/2023,Mexico,Riots,3,19.3277,-99.8217
12/23/2023,Mexico,Riots,1,19.3277,-99.8217
01/06/2024,Mexico,Riots,1,19.3277,-99.8217
01/20/2024,Mexico,Riots,1,19.3277,-99.8217
02/03/2024,Mexico,Riots,1,19.3277,-99.8217
02/17/2024,Mexico,Riots,1,19.3277,-99.8217
03/02/2024,Mexico,Riots,2,19.3277,-99.8217
03/16/2024,Mexico,Riots,2,19.3277,-99.8217
03/30/2024,Mexico,Riots,1,19.3277,-99.8217
04/06/2024,Mexico,Riots,1,19.3277,-99.8217
05/04/2024,Mexico,Riots,1,19.3277,-99.8217
05/18/2024,Mexico,Riots,1,19.3277,-99.8217
06/01/2024,Mexico,Riots,4,19.3277,-99.8217
06/15/2024,Mexico,Riots,1,19.3277,-99.8217
07/13/2024,Mexico,Riots,1,19.3277,-99.8217
07/20/2024,Mexico,Riots,1,19.3277,-99.8217
07/27/2024,Mexico,Riots,1,19.3277,-99.8217
08/10/2024,Mexico,Riots,3,19.3277,-99.8217
08/17/2024,Mexico,Riots,1,19.3277,-99.8217
09/07/2024,Mexico,Riots,1,19.3277,-99.8217
10/05/2024,Mexico,Riots,2,19.3277,-99.8217
10/12/2024,Mexico,Riots,3,19.3277,-99.8217
10/26/2024,Mexico,Riots,1,19.3277,-99.8217
11/16/2024,Mexico,Riots,1,19.3277,-99.8217
12/14/2024,Mexico,Riots,1,19.3277,-99.8217
01/25/2025,Mexico,Riots,1,19.3277,-99.8217
02/01/2025,Mexico,Riots,1,19.3277,-99.8217
02/15/2025,Mexico,Riots,3,19.3277,-99.8217
02/22/2025,Mexico,Riots,1,19.3277,-99.8217
03/01/2025,Mexico,Riots,1,19.3277,-99.8217
03/08/2025,Mexico,Riots,2,19.3277,-99.8217
03/29/2025,Mexico,Riots,1,19.3277,-99.8217
04/12/2025,Mexico,Riots,1,19.3277,-99.8217
04/19/2025,Mexico,Riots,2,19.3277,-99.8217
04/26/2025,Mexico,Riots,1,19.3277,-99.8217
05/10/2025,Mexico,Riots,1,19.3277,-99.8217
07/05/2025,Mexico,Riots,1,19.3277,-99.8217
07/12/2025,Mexico,Riots,1,19.3277,-99.8217
07/19/2025,Mexico,Riots,1,19.3277,-99.8217
07/26/2025,Mexico,Riots,1,19.3277,-99.8217
08/09/2025,Mexico,Riots,1,19.3277,-99.8217
08/30/2025,Mexico,Riots,1,19.3277,-99.8217
09/06/2025,Mexico,Riots,2,19.3277,-99.8217
09/20/2025,Mexico,Riots,4,19.3277,-99.8217
09/27/2025,Mexico,Riots,1,19.3277,-99.8217
10/11/2025,Mexico,Riots,1,19.3277,-99.8217
02/24/2018,Mexico,Riots,1,19.3277,-99.8217
05/05/2018,Mexico,Riots,1,19.3277,-99.8217
05/12/2018,Mexico,Riots,1,19.3277,-99.8217
05/19/2018,Mexico,Riots,2,19.3277,-99.8217
06/30/2018,Mexico,Riots,1,19.3277,-99.8217
09/08/2018,Mexico,Riots,2,19.3277,-99.8217
09/15/2018,Mexico,Riots,2,19.3277,-99.8217
10/06/2018,Mexico,Riots,1,19.3277,-99.8217
10/13/2018,Mexico,Riots,1,19.3277,-99.8217
01/12/2019,Mexico,Riots,1,19.3277,-99.8217
02/09/2019,Mexico,Riots,1,19.3277,-99.8217
02/23/2019,Mexico,Riots,1,19.3277,-99.8217
03/23/2019,Mexico,Riots,2,19.3277,-99.8217
05/25/2019,Mexico,Riots,1,19.3277,-99.8217
06/29/2019,Mexico,Riots,2,19.3277,-99.8217
08/24/2019,Mexico,Riots,2,19.3277,-99.8217
09/07/2019,Mexico,Riots,1,19.3277,-99.8217
09/21/2019,Mexico,Riots,1,19.3277,-99.8217
09/28/2019,Mexico,Riots,1,19.3277,-99.8217
10/05/2019,Mexico,Riots,1,19.3277,-99.8217
11/02/2019,Mexico,Riots,1,19.3277,-99.8217
01/25/2020,Mexico,Riots,1,19.3277,-99.8217
02/08/2020,Mexico,Riots,1,19.3277,-99.8217
02/15/2020,Mexico,Riots,1,19.3277,-99.8217
02/22/2020,Mexico,Riots,1,19.3277,-99.8217
03/14/2020,Mexico,Riots,1,19.3277,-99.8217
03/28/2020,Mexico,Riots,1,19.3277,-99.8217
04/18/2020,Mexico,Riots,1,19.3277,-99.8217
04/25/2020,Mexico,Riots,2,19.3277,-99.8217
05/09/2020,Mexico,Riots,3,19.3277,-99.8217
08/22/2020,Mexico,Riots,1,19.3277,-99.8217
09/05/2020,Mexico,Riots,1,19.3277,-99.8217
09/26/2020,Mexico,Riots,2,19.3277,-99.8217
10/10/2020,Mexico,Riots,1,19.3277,-99.8217
10/24/2020,Mexico,Riots,1,19.3277,-99.8217
11/14/2020,Mexico,Riots,1,19.3277,-99.8217
01/02/2021,Mexico,Riots,1,19.3277,-99.8217
02/06/2021,Mexico,Riots,1,19.3277,-99.8217
02/20/2021,Mexico,Riots,3,19.3277,-99.8217
02/27/2021,Mexico,Riots,1,19.3277,-99.8217
03/06/2021,Mexico,Riots,2,19.3277,-99.8217
05/08/2021,Mexico,Riots,1,19.3277,-99.8217
05/15/2021,Mexico,Riots,1,19.3277,-99.8217
05/22/2021,Mexico,Riots,1,19.3277,-99.8217
06/05/2021,Mexico,Riots,1,19.3277,-99.8217
06/19/2021,Mexico,Riots,1,19.3277,-99.8217
06/26/2021,Mexico,Riots,1,19.3277,-99.8217
08/21/2021,Mexico,Riots,1,19.3277,-99.8217
09/18/2021,Mexico,Riots,1,19.3277,-99.8217
10/23/2021,Mexico,Riots,1,19.3277,-99.8217
11/13/2021,Mexico,Riots,1,19.3277,-99.8217
11/27/2021,Mexico,Riots,2,19.3277,-99.8217
12/04/2021,Mexico,Riots,1,19.3277,-99.8217
12/11/2021,Mexico,Riots,2,19.3277,-99.8217
12/18/2021,Mexico,Riots,1,19.3277,-99.8217
01/01/2022,Mexico,Riots,2,19.3277,-99.8217
01/15/2022,Mexico,Riots,1,19.3277,-99.8217
01/29/2022,Mexico,Riots,2,19.3277,-99.8217
02/05/2022,Mexico,Riots,1,19.3277,-99.8217
04/02/2022,Mexico,Riots,2,19.3277,-99.8217
04/09/2022,Mexico,Riots,1,19.3277,-99.8217
04/16/2022,Mexico,Riots,2,19.3277,-99.8217
04/23/2022,Mexico,Riots,1,19.3277,-99.8217
04/30/2022,Mexico,Riots,1,19.3277,-99.8217
05/21/2022,Mexico,Riots,2,19.3277,-99.8217
05/28/2022,Mexico,Riots,1,19.3277,-99.8217
06/18/2022,Mexico,Riots,1,19.3277,-99.8217
08/13/2022,Mexico,Riots,1,19.3277,-99.8217
08/20/2022,Mexico,Riots,1,19.3277,-99.8217
09/10/2022,Mexico,Riots,1,19.3277,-99.8217
09/17/2022,Mexico,Riots,1,19.3277,-99.8217
11/12/2022,Mexico,Riots,1,19.3277,-99.8217
02/25/2023,Mexico,Riots,1,19.3277,-99.8217
04/15/2023,Mexico,Riots,1,19.3277,-99.8217
04/29/2023,Mexico,Riots,1,19.3277,-99.8217
05/13/2023,Mexico,Riots,1,19.3277,-99.8217
06/24/2023,Mexico,Riots,2,19.3277,-99.8217
07/15/2023,Mexico,Riots,2,19.3277,-99.8217
08/26/2023,Mexico,Riots,2,19.3277,-99.8217
09/09/2023,Mexico,Riots,1,19.3277,-99.8217
09/30/2023,Mexico,Riots,1,19.3277,-99.8217
01/20/2024,Mexico,Riots,1,19.3277,-99.8217
03/02/2024,Mexico,Riots,2,19.3277,-99.8217
03/30/2024,Mexico,Riots,1,19.3277,-99.8217
05/18/2024,Mexico,Riots,1,19.3277,-99.8217
06/01/2024,Mexico,Riots,1,19.3277,-99.8217
07/13/2024,Mexico,Riots,1,19.3277,-99.8217
10/12/2024,Mexico,Riots,3,19.3277,-99.8217
11/02/2024,Mexico,Riots,1,19.3277,-99.8217
11/09/2024,Mexico,Riots,1,19.3277,-99.8217
11/23/2024,Mexico,Riots,1,19.3277,-99.8217
12/14/2024,Mexico,Riots,2,19.3277,-99.8217
12/28/2024,Mexico,Riots,1,19.3277,-99.8217
01/04/2025,Mexico,Riots,1,19.3277,-99.8217
01/18/2025,Mexico,Riots,1,19.3277,-99.8217
03/08/2025,Mexico,Riots,2,19.3277,-99.8217
04/05/2025,Mexico,Riots,2,19.3277,-99.8217
05/03/2025,Mexico,Riots,1,19.3277,-99.8217
05/24/2025,Mexico,Riots,1,19.3277,-99.8217
08/16/2025,Mexico,Riots,2,19.3277,-99.8217
09/20/2025,Mexico,Riots,1,19.3277,-99.8217
09/27/2025,Mexico,Riots,3,19.3277,-99.8217
10/11/2025,Mexico,Riots,1,19.3277,-99.8217
01/20/2018,Mexico,Violence against civilians,1,19.3277,-99.8217
02/03/2018,Mexico,Violence against civilians,1,19.3277,-99.8217
04/07/2018,Mexico,Violence against civilians,2,19.3277,-99.8217
09/08/2018,Mexico,Violence against civilians,1,19.3277,-99.8217
10/13/2018,Mexico,Violence against civilians,1,19.3277,-99.8217
11/10/2018,Mexico,Violence against civilians,1,19.3277,-99.8217
11/17/2018,Mexico,Violence against civilians,1,19.3277,-99.8217
02/09/2019,Mexico,Violence against civilians,3,19.3277,-99.8217
05/25/2019,Mexico,Violence against civilians,1,19.3277,-99.8217
06/22/2019,Mexico,Violence against civilians,1,19.3277,-99.8217
06/29/2019,Mexico,Violence against civilians,1,19.3277,-99.8217
07/06/2019,Mexico,Violence against civilians,1,19.3277,-99.8217
07/13/2019,Mexico,Violence against civilians,1,19.3277,-99.8217
08/17/2019,Mexico,Violence against civilians,1,19.3277,-99.8217
11/23/2019,Mexico,Violence against civilians,1,19.3277,-99.8217
02/15/2020,Mexico,Violence against civilians,1,19.3277,-99.8217
04/18/2020,Mexico,Violence against civilians,1,19.3277,-99.8217
05/16/2020,Mexico,Violence against civilians,1,19.3277,-99.8217
05/30/2020,Mexico,Violence against civilians,1,19.3277,-99.8217
08/22/2020,Mexico,Violence against civilians,1,19.3277,-99.8217
11/21/2020,Mexico,Violence against civilians,1,19.3277,-99.8217
12/05/2020,Mexico,Violence against civilians,1,19.3277,-99.8217
01/23/2021,Mexico,Violence against civilians,1,19.3277,-99.8217
01/30/2021,Mexico,Violence against civilians,1,19.3277,-99.8217
02/27/2021,Mexico,Violence against civilians,1,19.3277,-99.8217
03/13/2021,Mexico,Violence against civilians,1,19.3277,-99.8217
03/20/2021,Mexico,Violence against civilians,1,19.3277,-99.8217
01/01/2022,Mexico,Violence against civilians,1,19.3277,-99.8217
07/02/2022,Mexico,Violence against civilians,1,19.3277,-99.8217
10/01/2022,Mexico,Violence against civilians,1,19.3277,-99.8217
10/08/2022,Mexico,Violence against civilians,2,19.3277,-99.8217
03/18/2023,Mexico,Violence against civilians,2,19.3277,-99.8217
05/13/2023,Mexico,Violence against civilians,2,19.3277,-99.8217
07/22/2023,Mexico,Violence against civilians,1,19.3277,-99.8217
09/09/2023,Mexico,Violence against civilians,1,19.3277,-99.8217
11/18/2023,Mexico,Violence against civilians,1,19.3277,-99.8217
12/09/2023,Mexico,Violence against civilians,1,19.3277,-99.8217
12/16/2023,Mexico,Violence against civilians,1,19.3277,-99.8217
02/17/2024,Mexico,Violence against civilians,1,19.3277,-99.8217
04/06/2024,Mexico,Violence against civilians,1,19.3277,-99.8217
05/04/2024,Mexico,Violence against civilians,1,19.3277,-99.8217
07/06/2024,Mexico,Violence against civilians,1,19.3277,-99.8217
08/17/2024,Mexico,Violence against civilians,1,19.3277,-99.8217
09/07/2024,Mexico,Violence against civilians,1,19.3277,-99.8217
10/05/2024,Mexico,Violence against civilians,1,19.3277,-99.8217
10/12/2024,Mexico,Violence against civilians,1,19.3277,-99.8217
02/22/2025,Mexico,Violence against civilians,1,19.3277,-99.8217
03/08/2025,Mexico,Violence against civilians,1,19.3277,-99.8217
06/28/2025,Mexico,Violence against civilians,1,19.3277,-99.8217
07/19/2025,Mexico,Violence against civilians,1,19.3277,-99.8217
08/02/2025,Mexico,Violence against civilians,2,19.3277,-99.8217
09/13/2025,Mexico,Violence against civilians,1,19.3277,-99.8217
09/20/2025,Mexico,Violence against civilians,1,19.3277,-99.8217
09/27/2025,Mexico,Violence against civilians,1,19.3277,-99.8217
10/04/2025,Mexico,Violence against civilians,1,19.3277,-99.8217
10/11/2025,Mexico,Violence against civilians,1,19.3277,-99.8217
12/30/2017,Mexico,Violence against civilians,8,19.3277,-99.8217
01/06/2018,Mexico,Violence against civilians,3,19.3277,-99.8217
01/13/2018,Mexico,Violence against civilians,7,19.3277,-99.8217
01/20/2018,Mexico,Violence against civilians,8,19.3277,-99.8217
01/27/2018,Mexico,Violence against civilians,7,19.3277,-99.8217
02/03/2018,Mexico,Violence against civilians,9,19.3277,-99.8217
02/10/2018,Mexico,Violence against civilians,8,19.3277,-99.8217
02/17/2018,Mexico,Violence against civilians,5,19.3277,-99.8217
02/24/2018,Mexico,Violence against civilians,7,19.3277,-99.8217
03/03/2018,Mexico,Violence against civilians,3,19.3277,-99.8217
03/10/2018,Mexico,Violence against civilians,7,19.3277,-99.8217
03/17/2018,Mexico,Violence against civilians,3,19.3277,-99.8217
03/24/2018,Mexico,Violence against civilians,5,19.3277,-99.8217
03/31/2018,Mexico,Violence against civilians,6,19.3277,-99.8217
04/07/2018,Mexico,Violence against civilians,2,19.3277,-99.8217
04/14/2018,Mexico,Violence against civilians,4,19.3277,-99.8217
04/21/2018,Mexico,Violence against civilians,2,19.3277,-99.8217
04/28/2018,Mexico,Violence against civilians,10,19.3277,-99.8217
05/05/2018,Mexico,Violence against civilians,2,19.3277,-99.8217
05/12/2018,Mexico,Violence against civilians,3,19.3277,-99.8217
05/26/2018,Mexico,Violence against civilians,12,19.3277,-99.8217
06/02/2018,Mexico,Violence against civilians,2,19.3277,-99.8217
06/09/2018,Mexico,Violence against civilians,5,19.3277,-99.8217
06/16/2018,Mexico,Violence against civilians,3,19.3277,-99.8217
06/23/2018,Mexico,Violence against civilians,4,19.3277,-99.8217
06/30/2018,Mexico,Violence against civilians,7,19.3277,-99.8217
07/07/2018,Mexico,Violence against civilians,9,19.3277,-99.8217
07/14/2018,Mexico,Violence against civilians,7,19.3277,-99.8217
07/21/2018,Mexico,Violence against civilians,9,19.3277,-99.8217
07/28/2018,Mexico,Violence against civilians,9,19.3277,-99.8217
08/04/2018,Mexico,Violence against civilians,6,19.3277,-99.8217
08/11/2018,Mexico,Violence against civilians,6,19.3277,-99.8217
08/18/2018,Mexico,Violence against civilians,5,19.3277,-99.8217
08/25/2018,Mexico,Violence against civilians,8,19.3277,-99.8217
09/01/2018,Mexico,Violence against civilians,5,19.3277,-99.8217
09/08/2018,Mexico,Violence against civilians,5,19.3277,-99.8217
09/15/2018,Mexico,Violence against civilians,5,19.3277,-99.8217
09/22/2018,Mexico,Violence against civilians,14,19.3277,-99.8217
09/29/2018,Mexico,Violence against civilians,6,19.3277,-99.8217
10/06/2018,Mexico,Violence against civilians,7,19.3277,-99.8217
10/13/2018,Mexico,Violence against civilians,10,19.3277,-99.8217
10/20/2018,Mexico,Violence against civilians,6,19.3277,-99.8217
10/27/2018,Mexico,Violence against civilians,6,19.3277,-99.8217
11/03/2018,Mexico,Violence against civilians,5,19.3277,-99.8217
11/10/2018,Mexico,Violence against civilians,11,19.3277,-99.8217
11/17/2018,Mexico,Violence against civilians,7,19.3277,-99.8217
11/24/2018,Mexico,Violence against civilians,5,19.3277,-99.8217
12/01/2018,Mexico,Violence against civilians,7,19.3277,-99.8217
12/08/2018,Mexico,Violence against civilians,12,19.3277,-99.8217
12/15/2018,Mexico,Violence against civilians,7,19.3277,-99.8217
12/22/2018,Mexico,Violence against civilians,3,19.3277,-99.8217
12/29/2018,Mexico,Violence against civilians,4,19.3277,-99.8217
01/05/2019,Mexico,Violence against civilians,4,19.3277,-99.8217
01/12/2019,Mexico,Violence against civilians,6,19.3277,-99.8217
01/19/2019,Mexico,Violence against civilians,8,19.3277,-99.8217
01/26/2019,Mexico,Violence against civilians,4,19.3277,-99.8217
02/02/2019,Mexico,Violence against civilians,2,19.3277,-99.8217
02/09/2019,Mexico,Violence against civilians,8,19.3277,-99.8217
02/16/2019,Mexico,Violence against civilians,13,19.3277,-99.8217
02/23/2019,Mexico,Violence against civilians,4,19.3277,-99.8217
03/02/2019,Mexico,Violence against civilians,5,19.3277,-99.8217
03/09/2019,Mexico,Violence against civilians,7,19.3277,-99.8217
03/16/2019,Mexico,Violence against civilians,3,19.3277,-99.8217
03/23/2019,Mexico,Violence against civilians,10,19.3277,-99.8217
03/30/2019,Mexico,Violence against civilians,7,19.3277,-99.8217
04/06/2019,Mexico,Violence against civilians,4,19.3277,-99.8217
04/13/2019,Mexico,Violence against civilians,4,19.3277,-99.8217
04/20/2019,Mexico,Violence against civilians,8,19.3277,-99.8217
05/04/2019,Mexico,Violence against civilians,2,19.3277,-99.8217
05/11/2019,Mexico,Violence against civilians,3,19.3277,-99.8217
05/18/2019,Mexico,Violence against civilians,6,19.3277,-99.8217
05/25/2019,Mexico,Violence against civilians,8,19.3277,-99.8217
06/01/2019,Mexico,Violence against civilians,3,19.3277,-99.8217
06/08/2019,Mexico,Violence against civilians,3,19.3277,-99.8217
06/15/2019,Mexico,Violence against civilians,6,19.3277,-99.8217
06/22/2019,Mexico,Violence against civilians,6,19.3277,-99.8217
06/29/2019,Mexico,Violence against civilians,12,19.3277,-99.8217
07/06/2019,Mexico,Violence against civilians,7,19.3277,-99.8217
07/13/2019,Mexico,Violence against civilians,7,19.3277,-99.8217
07/20/2019,Mexico,Violence against civilians,4,19.3277,-99.8217
07/27/2019,Mexico,Violence against civilians,3,19.3277,-99.8217
08/03/2019,Mexico,Violence against civilians,4,19.3277,-99.8217
08/10/2019,Mexico,Violence against civilians,3,19.3277,-99.8217
08/17/2019,Mexico,Violence against civilians,4,19.3277,-99.8217
08/24/2019,Mexico,Violence against civilians,7,19.3277,-99.8217
08/31/2019,Mexico,Violence against civilians,3,19.3277,-99.8217
09/07/2019,Mexico,Violence against civilians,4,19.3277,-99.8217
09/14/2019,Mexico,Violence against civilians,6,19.3277,-99.8217
09/21/2019,Mexico,Violence against civilians,5,19.3277,-99.8217
09/28/2019,Mexico,Violence against civilians,2,19.3277,-99.8217
10/05/2019,Mexico,Violence against civilians,3,19.3277,-99.8217
10/12/2019,Mexico,Violence against civilians,9,19.3277,-99.8217
10/19/2019,Mexico,Violence against civilians,7,19.3277,-99.8217
10/26/2019,Mexico,Violence against civilians,5,19.3277,-99.8217
11/02/2019,Mexico,Violence against civilians,4,19.3277,-99.8217
11/09/2019,Mexico,Violence against civilians,11,19.3277,-99.8217
11/16/2019,Mexico,Violence against civilians,3,19.3277,-99.8217
11/23/2019,Mexico,Violence against civilians,9,19.3277,-99.8217
11/30/2019,Mexico,Violence against civilians,8,19.3277,-99.8217
12/07/2019,Mexico,Violence against civilians,3,19.3277,-99.8217
12/14/2019,Mexico,Violence against civilians,3,19.3277,-99.8217
12/21/2019,Mexico,Violence against civilians,4,19.3277,-99.8217
12/28/2019,Mexico,Violence against civilians,2,19.3277,-99.8217
01/04/2020,Mexico,Violence against civilians,1,19.3277,-99.8217
01/11/2020,Mexico,Violence against civilians,4,19.3277,-99.8217
01/18/2020,Mexico,Violence against civilians,7,19.3277,-99.8217
01/25/2020,Mexico,Violence against civilians,2,19.3277,-99.8217
02/01/2020,Mexico,Violence against civilians,6,19.3277,-99.8217
02/08/2020,Mexico,Violence against civilians,3,19.3277,-99.8217
02/15/2020,Mexico,Violence against civilians,3,19.3277,-99.8217
02/22/2020,Mexico,Violence against civilians,7,19.3277,-99.8217
02/29/2020,Mexico,Violence against civilians,2,19.3277,-99.8217
03/07/2020,Mexico,Violence against civilians,1,19.3277,-99.8217
03/14/2020,Mexico,Violence against civilians,2,19.3277,-99.8217
03/21/2020,Mexico,Violence against civilians,2,19.3277,-99.8217
03/28/2020,Mexico,Violence against civilians,9,19.3277,-99.8217
04/04/2020,Mexico,Violence against civilians,5,19.3277,-99.8217
04/11/2020,Mexico,Violence against civilians,6,19.3277,-99.8217
04/18/2020,Mexico,Violence against civilians,7,19.3277,-99.8217
04/25/2020,Mexico,Violence against civilians,5,19.3277,-99.8217
05/02/2020,Mexico,Violence against civilians,3,19.3277,-99.8217
05/09/2020,Mexico,Violence against civilians,5,19.3277,-99.8217
05/16/2020,Mexico,Violence against civilians,15,19.3277,-99.8217
05/23/2020,Mexico,Violence against civilians,8,19.3277,-99.8217
05/30/2020,Mexico,Violence against civilians,9,19.3277,-99.8217
06/06/2020,Mexico,Violence against civilians,7,19.3277,-99.8217
06/13/2020,Mexico,Violence against civilians,4,19.3277,-99.8217
06/20/2020,Mexico,Violence against civilians,7,19.3277,-99.8217
06/27/2020,Mexico,Violence against civilians,3,19.3277,-99.8217
07/04/2020,Mexico,Violence against civilians,5,19.3277,-99.8217
07/11/2020,Mexico,Violence against civilians,8,19.3277,-99.8217
07/18/2020,Mexico,Violence against civilians,4,19.3277,-99.8217
07/25/2020,Mexico,Violence against civilians,5,19.3277,-99.8217
08/01/2020,Mexico,Violence against civilians,1,19.3277,-99.8217
08/08/2020,Mexico,Violence against civilians,5,19.3277,-99.8217
08/15/2020,Mexico,Violence against civilians,4,19.3277,-99.8217
08/22/2020,Mexico,Violence against civilians,2,19.3277,-99.8217
08/29/2020,Mexico,Violence against civilians,4,19.3277,-99.8217
09/05/2020,Mexico,Violence against civilians,10,19.3277,-99.8217
09/12/2020,Mexico,Violence against civilians,1,19.3277,-99.8217
09/19/2020,Mexico,Violence against civilians,2,19.3277,-99.8217
09/26/2020,Mexico,Violence against civilians,4,19.3277,-99.8217
10/03/2020,Mexico,Violence against civilians,1,19.3277,-99.8217
10/10/2020,Mexico,Violence against civilians,3,19.3277,-99.8217
10/17/2020,Mexico,Violence against civilians,3,19.3277,-99.8217
10/24/2020,Mexico,Violence against civilians,1,19.3277,-99.8217
10/31/2020,Mexico,Violence against civilians,6,19.3277,-99.8217
11/07/2020,Mexico,Violence against civilians,5,19.3277,-99.8217
11/14/2020,Mexico,Violence against civilians,6,19.3277,-99.8217
11/21/2020,Mexico,Violence against civilians,5,19.3277,-99.8217
11/28/2020,Mexico,Violence against civilians,5,19.3277,-99.8217
12/05/2020,Mexico,Violence against civilians,2,19.3277,-99.8217
12/12/2020,Mexico,Violence against civilians,4,19.3277,-99.8217
12/19/2020,Mexico,Violence against civilians,3,19.3277,-99.8217
12/26/2020,Mexico,Violence against civilians,3,19.3277,-99.8217
01/02/2021,Mexico,Violence against civilians,3,19.3277,-99.8217
01/09/2021,Mexico,Violence against civilians,5,19.3277,-99.8217
01/16/2021,Mexico,Violence against civilians,2,19.3277,-99.8217
01/23/2021,Mexico,Violence against civilians,4,19.3277,-99.8217
02/06/2021,Mexico,Violence against civilians,4,19.3277,-99.8217
02/13/2021,Mexico,Violence against civilians,5,19.3277,-99.8217
02/20/2021,Mexico,Violence against civilians,3,19.3277,-99.8217
02/27/2021,Mexico,Violence against civilians,6,19.3277,-99.8217
03/06/2021,Mexico,Violence against civilians,5,19.3277,-99.8217
03/13/2021,Mexico,Violence against civilians,8,19.3277,-99.8217
03/20/2021,Mexico,Violence against civilians,1,19.3277,-99.8217
03/27/2021,Mexico,Violence against civilians,9,19.3277,-99.8217
04/03/2021,Mexico,Violence against civilians,3,19.3277,-99.8217
04/10/2021,Mexico,Violence against civilians,3,19.3277,-99.8217
04/17/2021,Mexico,Violence against civilians,3,19.3277,-99.8217
04/24/2021,Mexico,Violence against civilians,6,19.3277,-99.8217
05/01/2021,Mexico,Violence against civilians,5,19.3277,-99.8217
05/08/2021,Mexico,Violence against civilians,3,19.3277,-99.8217
05/15/2021,Mexico,Violence against civilians,1,19.3277,-99.8217
05/22/2021,Mexico,Violence against civilians,8,19.3277,-99.8217
05/29/2021,Mexico,Violence against civilians,9,19.3277,-99.8217
06/05/2021,Mexico,Violence against civilians,5,19.3277,-99.8217
06/12/2021,Mexico,Violence against civilians,4,19.3277,-99.8217
06/19/2021,Mexico,Violence against civilians,4,19.3277,-99.8217
07/03/2021,Mexico,Violence against civilians,3,19.3277,-99.8217
07/10/2021,Mexico,Violence against civilians,2,19.3277,-99.8217
07/17/2021,Mexico,Violence against civilians,6,19.3277,-99.8217
07/24/2021,Mexico,Violence against civilians,5,19.3277,-99.8217
07/31/2021,Mexico,Violence against civilians,8,19.3277,-99.8217
08/07/2021,Mexico,Violence against civilians,2,19.3277,-99.8217
08/14/2021,Mexico,Violence against civilians,7,19.3277,-99.8217
08/21/2021,Mexico,Violence against civilians,5,19.3277,-99.8217
08/28/2021,Mexico,Violence against civilians,4,19.3277,-99.8217
09/04/2021,Mexico,Violence against civilians,3,19.3277,-99.8217
09/11/2021,Mexico,Violence against civilians,5,19.3277,-99.8217
09/18/2021,Mexico,Violence against civilians,2,19.3277,-99.8217
09/25/2021,Mexico,Violence against civilians,5,19.3277,-99.8217
10/02/2021,Mexico,Violence against civilians,2,19.3277,-99.8217
10/09/2021,Mexico,Violence against civilians,1,19.3277,-99.8217
10/23/2021,Mexico,Violence against civilians,4,19.3277,-99.8217
10/30/2021,Mexico,Violence against civilians,3,19.3277,-99.8217
11/06/2021,Mexico,Violence against civilians,3,19.3277,-99.8217
11/13/2021,Mexico,Violence against civilians,6,19.3277,-99.8217
11/20/2021,Mexico,Violence against civilians,2,19.3277,-99.8217
11/27/2021,Mexico,Violence against civilians,1,19.3277,-99.8217
12/04/2021,Mexico,Violence against civilians,5,19.3277,-99.8217
12/11/2021,Mexico,Violence against civilians,8,19.3277,-99.8217
12/18/2021,Mexico,Violence against civilians,1,19.3277,-99.8217
12/25/2021,Mexico,Violence against civilians,5,19.3277,-99.8217
01/01/2022,Mexico,Violence against civilians,5,19.3277,-99.8217
01/08/2022,Mexico,Violence against civilians,1,19.3277,-99.8217
01/15/2022,Mexico,Violence against civilians,3,19.3277,-99.8217
01/22/2022,Mexico,Violence against civilians,3,19.3277,-99.8217
01/29/2022,Mexico,Violence against civilians,4,19.3277,-99.8217
02/05/2022,Mexico,Violence against civilians,1,19.3277,-99.8217
02/12/2022,Mexico,Violence against civilians,5,19.3277,-99.8217
02/19/2022,Mexico,Violence against civilians,3,19.3277,-99.8217
02/26/2022,Mexico,Violence against civilians,5,19.3277,-99.8217
03/05/2022,Mexico,Violence against civilians,4,19.3277,-99.8217
03/12/2022,Mexico,Violence against civilians,3,19.3277,-99.8217
03/19/2022,Mexico,Violence against civilians,4,19.3277,-99.8217
03/26/2022,Mexico,Violence against civilians,10,19.3277,-99.8217
04/02/2022,Mexico,Violence against civilians,3,19.3277,-99.8217
04/09/2022,Mexico,Violence against civilians,5,19.3277,-99.8217
04/23/2022,Mexico,Violence against civilians,9,19.3277,-99.8217
04/30/2022,Mexico,Violence against civilians,6,19.3277,-99.8217
05/07/2022,Mexico,Violence against civilians,4,19.3277,-99.8217
05/14/2022,Mexico,Violence against civilians,1,19.3277,-99.8217
05/21/2022,Mexico,Violence against civilians,6,19.3277,-99.8217
05/28/2022,Mexico,Violence against civilians,4,19.3277,-99.8217
06/04/2022,Mexico,Violence against civilians,6,19.3277,-99.8217
06/11/2022,Mexico,Violence against civilians,2,19.3277,-99.8217
06/18/2022,Mexico,Violence against civilians,5,19.3277,-99.8217
06/25/2022,Mexico,Violence against civilians,3,19.3277,-99.8217
07/02/2022,Mexico,Violence against civilians,6,19.3277,-99.8217
07/09/2022,Mexico,Violence against civilians,2,19.3277,-99.8217
07/16/2022,Mexico,Violence against civilians,1,19.3277,-99.8217
07/23/2022,Mexico,Violence against civilians,3,19.3277,-99.8217
07/30/2022,Mexico,Violence against civilians,4,19.3277,-99.8217
08/06/2022,Mexico,Violence against civilians,5,19.3277,-99.8217
08/13/2022,Mexico,Violence against civilians,2,19.3277,-99.8217
08/20/2022,Mexico,Violence against civilians,4,19.3277,-99.8217
08/27/2022,Mexico,Violence against civilians,5,19.3277,-99.8217
09/03/2022,Mexico,Violence against civilians,6,19.3277,-99.8217
09/10/2022,Mexico,Violence against civilians,1,19.3277,-99.8217
09/17/2022,Mexico,Violence against civilians,4,19.3277,-99.8217
09/24/2022,Mexico,Violence against civilians,5,19.3277,-99.8217
10/01/2022,Mexico,Violence against civilians,2,19.3277,-99.8217
10/08/2022,Mexico,Violence against civilians,1,19.3277,-99.8217
10/15/2022,Mexico,Violence against civilians,5,19.3277,-99.8217
10/22/2022,Mexico,Violence against civilians,7,19.3277,-99.8217
10/29/2022,Mexico,Violence against civilians,7,19.3277,-99.8217
11/05/2022,Mexico,Violence against civilians,5,19.3277,-99.8217
11/12/2022,Mexico,Violence against civilians,2,19.3277,-99.8217
11/19/2022,Mexico,Violence against civilians,2,19.3277,-99.8217
11/26/2022,Mexico,Violence against civilians,1,19.3277,-99.8217
12/03/2022,Mexico,Violence against civilians,5,19.3277,-99.8217
12/10/2022,Mexico,Violence against civilians,2,19.3277,-99.8217
12/17/2022,Mexico,Violence against civilians,2,19.3277,-99.8217
12/31/2022,Mexico,Violence against civilians,1,19.3277,-99.8217
01/07/2023,Mexico,Violence against civilians,2,19.3277,-99.8217
01/14/2023,Mexico,Violence against civilians,4,19.3277,-99.8217
01/21/2023,Mexico,Violence against civilians,8,19.3277,-99.8217
01/28/2023,Mexico,Violence against civilians,2,19.3277,-99.8217
02/04/2023,Mexico,Violence against civilians,4,19.3277,-99.8217
02/11/2023,Mexico,Violence against civilians,1,19.3277,-99.8217
02/18/2023,Mexico,Violence against civilians,8,19.3277,-99.8217
03/11/2023,Mexico,Violence against civilians,4,19.3277,-99.8217
03/25/2023,Mexico,Violence against civilians,4,19.3277,-99.8217
04/01/2023,Mexico,Violence against civilians,2,19.3277,-99.8217
04/08/2023,Mexico,Violence against civilians,2,19.3277,-99.8217
04/15/2023,Mexico,Violence against civilians,1,19.3277,-99.8217
04/22/2023,Mexico,Violence against civilians,3,19.3277,-99.8217
04/29/2023,Mexico,Violence against civilians,2,19.3277,-99.8217
05/06/2023,Mexico,Violence against civilians,2,19.3277,-99.8217
05/13/2023,Mexico,Violence against civilians,1,19.3277,-99.8217
05/20/2023,Mexico,Violence against civilians,2,19.3277,-99.8217
05/27/2023,Mexico,Violence against civilians,7,19.3277,-99.8217
06/03/2023,Mexico,Violence against civilians,3,19.3277,-99.8217
06/10/2023,Mexico,Violence against civilians,7,19.3277,-99.8217
06/24/2023,Mexico,Violence against civilians,5,19.3277,-99.8217
07/01/2023,Mexico,Violence against civilians,3,19.3277,-99.8217
07/08/2023,Mexico,Violence against civilians,4,19.3277,-99.8217
07/15/2023,Mexico,Violence against civilians,3,19.3277,-99.8217
07/22/2023,Mexico,Violence against civilians,2,19.3277,-99.8217
07/29/2023,Mexico,Violence against civilians,1,19.3277,-99.8217
08/05/2023,Mexico,Violence against civilians,3,19.3277,-99.8217
08/12/2023,Mexico,Violence against civilians,1,19.3277,-99.8217
08/19/2023,Mexico,Violence against civilians,5,19.3277,-99.8217
08/26/2023,Mexico,Violence against civilians,5,19.3277,-99.8217
09/02/2023,Mexico,Violence against civilians,7,19.3277,-99.8217
09/09/2023,Mexico,Violence against civilians,4,19.3277,-99.8217
09/16/2023,Mexico,Violence against civilians,3,19.3277,-99.8217
09/23/2023,Mexico,Violence against civilians,2,19.3277,-99.8217
09/30/2023,Mexico,Violence against civilians,1,19.3277,-99.8217
10/07/2023,Mexico,Violence against civilians,2,19.3277,-99.8217
10/28/2023,Mexico,Violence against civilians,2,19.3277,-99.8217
11/04/2023,Mexico,Violence against civilians,2,19.3277,-99.8217
11/11/2023,Mexico,Violence against civilians,4,19.3277,-99.8217
11/18/2023,Mexico,Violence against civilians,1,19.3277,-99.8217
11/25/2023,Mexico,Violence against civilians,2,19.3277,-99.8217
12/02/2023,Mexico,Violence against civilians,2,19.3277,-99.8217
12/09/2023,Mexico,Violence against civilians,1,19.3277,-99.8217
12/16/2023,Mexico,Violence against civilians,1,19.3277,-99.8217
12/23/2023,Mexico,Violence against civilians,2,19.3277,-99.8217
01/06/2024,Mexico,Violence against civilians,2,19.3277,-99.8217
01/13/2024,Mexico,Violence against civilians,4,19.3277,-99.8217
01/20/2024,Mexico,Violence against civilians,2,19.3277,-99.8217
01/27/2024,Mexico,Violence against civilians,2,19.3277,-99.8217
02/03/2024,Mexico,Violence against civilians,2,19.3277,-99.8217
02/10/2024,Mexico,Violence against civilians,4,19.3277,-99.8217
02/17/2024,Mexico,Violence against civilians,2,19.3277,-99.8217
03/02/2024,Mexico,Violence against civilians,6,19.3277,-99.8217
03/09/2024,Mexico,Violence against civilians,4,19.3277,-99.8217
03/16/2024,Mexico,Violence against civilians,3,19.3277,-99.8217
03/23/2024,Mexico,Violence against civilians,5,19.3277,-99.8217
03/30/2024,Mexico,Violence against civilians,4,19.3277,-99.8217
04/06/2024,Mexico,Violence against civilians,3,19.3277,-99.8217
04/13/2024,Mexico,Violence against civilians,3,19.3277,-99.8217
04/20/2024,Mexico,Violence against civilians,7,19.3277,-99.8217
04/27/2024,Mexico,Violence against civilians,7,19.3277,-99.8217
05/04/2024,Mexico,Violence against civilians,1,19.3277,-99.8217
05/11/2024,Mexico,Violence against civilians,3,19.3277,-99.8217
05/18/2024,Mexico,Violence against civilians,3,19.3277,-99.8217
05/25/2024,Mexico,Violence against civilians,5,19.3277,-99.8217
06/01/2024,Mexico,Violence against civilians,6,19.3277,-99.8217
06/08/2024,Mexico,Violence against civilians,6,19.3277,-99.8217
06/15/2024,Mexico,Violence against civilians,2,19.3277,-99.8217
06/22/2024,Mexico,Violence against civilians,1,19.3277,-99.8217
06/29/2024,Mexico,Violence against civilians,2,19.3277,-99.8217
07/06/2024,Mexico,Violence against civilians,4,19.3277,-99.8217
07/13/2024,Mexico,Violence against civilians,4,19.3277,-99.8217
07/20/2024,Mexico,Violence against civilians,1,19.3277,-99.8217
07/27/2024,Mexico,Violence against civilians,2,19.3277,-99.8217
08/03/2024,Mexico,Violence against civilians,2,19.3277,-99.8217
08/10/2024,Mexico,Violence against civilians,2,19.3277,-99.8217
08/17/2024,Mexico,Violence against civilians,4,19.3277,-99.8217
08/24/2024,Mexico,Violence against civilians,2,19.3277,-99.8217
08/31/2024,Mexico,Violence against civilians,4,19.3277,-99.8217
09/07/2024,Mexico,Violence against civilians,4,19.3277,-99.8217
09/14/2024,Mexico,Violence against civilians,2,19.3277,-99.8217
09/21/2024,Mexico,Violence against civilians,6,19.3277,-99.8217
09/28/2024,Mexico,Violence against civilians,2,19.3277,-99.8217
10/05/2024,Mexico,Violence against civilians,9,19.3277,-99.8217
10/12/2024,Mexico,Violence against civilians,2,19.3277,-99.8217
10/19/2024,Mexico,Violence against civilians,7,19.3277,-99.8217
10/26/2024,Mexico,Violence against civilians,2,19.3277,-99.8217
11/02/2024,Mexico,Violence against civilians,4,19.3277,-99.8217
11/09/2024,Mexico,Violence against civilians,5,19.3277,-99.8217
11/16/2024,Mexico,Violence against civilians,5,19.3277,-99.8217
11/23/2024,Mexico,Violence against civilians,3,19.3277,-99.8217
11/30/2024,Mexico,Violence against civilians,2,19.3277,-99.8217
12/07/2024,Mexico,Violence against civilians,5,19.3277,-99.8217
12/21/2024,Mexico,Violence against civilians,2,19.3277,-99.8217
12/28/2024,Mexico,Violence against civilians,1,19.3277,-99.8217
01/04/2025,Mexico,Violence against civilians,2,19.3277,-99.8217
01/11/2025,Mexico,Violence against civilians,7,19.3277,-99.8217
01/18/2025,Mexico,Violence against civilians,4,19.3277,-99.8217
01/25/2025,Mexico,Violence against civilians,9,19.3277,-99.8217
02/01/2025,Mexico,Violence against civilians,6,19.3277,-99.8217
02/08/2025,Mexico,Violence against civilians,5,19.3277,-99.8217
02/15/2025,Mexico,Violence against civilians,11,19.3277,-99.8217
02/22/2025,Mexico,Violence against civilians,5,19.3277,-99.8217
03/01/2025,Mexico,Violence against civilians,4,19.3277,-99.8217
03/08/2025,Mexico,Violence against civilians,5,19.3277,-99.8217
03/15/2025,Mexico,Violence against civilians,4,19.3277,-99.8217
03/22/2025,Mexico,Violence against civilians,5,19.3277,-99.8217
03/29/2025,Mexico,Violence against civilians,7,19.3277,-99.8217
04/05/2025,Mexico,Violence against civilians,4,19.3277,-99.8217
04/12/2025,Mexico,Violence against civilians,3,19.3277,-99.8217
04/19/2025,Mexico,Violence against civilians,5,19.3277,-99.8217
04/26/2025,Mexico,Violence against civilians,7,19.3277,-99.8217
05/03/2025,Mexico,Violence against civilians,2,19.3277,-99.8217
05/10/2025,Mexico,Violence against civilians,5,19.3277,-99.8217
05/17/2025,Mexico,Violence against civilians,4,19.3277,-99.8217
05/24/2025,Mexico,Violence against civilians,4,19.3277,-99.8217
05/31/2025,Mexico,Violence against civilians,5,19.3277,-99.8217
06/07/2025,Mexico,Violence against civilians,4,19.3277,-99.8217
06/14/2025,Mexico,Violence against civilians,6,19.3277,-99.8217
06/21/2025,Mexico,Violence against civilians,2,19.3277,-99.8217
06/28/2025,Mexico,Violence against civilians,5,19.3277,-99.8217
07/05/2025,Mexico,Violence against civilians,8,19.3277,-99.8217
07/12/2025,Mexico,Violence against civilians,5,19.3277,-99.8217
07/19/2025,Mexico,Violence against civilians,5,19.3277,-99.8217
07/26/2025,Mexico,Violence against civilians,6,19.3277,-99.8217
08/02/2025,Mexico,Violence against civilians,4,19.3277,-99.8217
08/09/2025,Mexico,Violence against civilians,7,19.3277,-99.8217
08/16/2025,Mexico,Violence against civilians,4,19.3277,-99.8217
08/23/2025,Mexico,Violence against civilians,2,19.3277,-99.8217
08/30/2025,Mexico,Violence against civilians,4,19.3277,-99.8217
09/06/2025,Mexico,Violence against civilians,1,19.3277,-99.8217
09/13/2025,Mexico,Violence against civilians,1,19.3277,-99.8217
09/20/2025,Mexico,Violence against civilians,3,19.3277,-99.8217
09/27/2025,Mexico,Violence against civilians,1,19.3277,-99.8217
10/11/2025,Mexico,Violence against civilians,3,19.3277,-99.8217
10/18/2025,Mexico,Violence against civilians,2,19.3277,-99.8217
05/26/2018,Mexico,Violence against civilians,1,19.3277,-99.8217
10/27/2018,Mexico,Violence against civilians,1,19.3277,-99.8217
11/10/2018,Mexico,Violence against civilians,1,19.3277,-99.8217
01/26/2019,Mexico,Violence against civilians,1,19.3277,-99.8217
03/02/2019,Mexico,Violence against civilians,1,19.3277,-99.8217
04/20/2019,Mexico,Violence against civilians,3,19.3277,-99.8217
05/25/2019,Mexico,Violence against civilians,1,19.3277,-99.8217
06/08/2019,Mexico,Violence against civilians,1,19.3277,-99.8217
07/13/2019,Mexico,Violence against civilians,1,19.3277,-99.8217
07/27/2019,Mexico,Violence against civilians,1,19.3277,-99.8217
10/05/2019,Mexico,Violence against civilians,1,19.3277,-99.8217
12/21/2019,Mexico,Violence against civilians,1,19.3277,-99.8217
02/01/2020,Mexico,Violence against civilians,1,19.3277,-99.8217
02/08/2020,Mexico,Violence against civilians,1,19.3277,-99.8217
10/23/2021,Mexico,Violence against civilians,1,19.3277,-99.8217
12/04/2021,Mexico,Violence against civilians,1,19.3277,-99.8217
08/13/2022,Mexico,Violence against civilians,1,19.3277,-99.8217
01/21/2023,Mexico,Violence against civilians,1,19.3277,-99.8217
04/20/2024,Mexico,Violence against civilians,1,19.3277,-99.8217
08/24/2024,Mexico,Violence against civilians,1,19.3277,-99.8217
04/17/2021,Mexico,Explosions/Remote violence,1,19.1612,-101.6684
05/08/2021,Mexico,Explosions/Remote violence,1,19.1612,-101.6684
05/15/2021,Mexico,Explosions/Remote violence,1,19.1612,-101.6684
05/22/2021,Mexico,Explosions/Remote violence,1,19.1612,-101.6684
07/24/2021,Mexico,Explosions/Remote violence,1,19.1612,-101.6684
07/31/2021,Mexico,Explosions/Remote violence,3,19.1612,-101.6684
01/08/2022,Mexico,Explosions/Remote violence,2,19.1612,-101.6684
07/08/2023,Mexico,Explosions/Remote violence,2,19.1612,-101.6684
07/15/2023,Mexico,Explosions/Remote violence,1,19.1612,-101.6684
07/29/2023,Mexico,Explosions/Remote violence,7,19.1612,-101.6684
08/05/2023,Mexico,Explosions/Remote violence,1,19.1612,-101.6684
08/26/2023,Mexico,Explosions/Remote violence,1,19.1612,-101.6684
09/02/2023,Mexico,Explosions/Remote violence,2,19.1612,-101.6684
09/09/2023,Mexico,Explosions/Remote violence,2,19.1612,-101.6684
10/07/2023,Mexico,Explosions/Remote violence,1,19.1612,-101.6684
12/09/2023,Mexico,Explosions/Remote violence,1,19.1612,-101.6684
12/23/2023,Mexico,Explosions/Remote violence,1,19.1612,-101.6684
04/13/2024,Mexico,Explosions/Remote violence,1,19.1612,-101.6684
06/22/2024,Mexico,Explosions/Remote violence,1,19.1612,-101.6684
08/03/2024,Mexico,Explosions/Remote violence,1,19.1612,-101.6684
08/31/2024,Mexico,Explosions/Remote violence,1,19.1612,-101.6684
09/28/2024,Mexico,Explosions/Remote violence,1,19.1612,-101.6684
10/19/2024,Mexico,Explosions/Remote violence,1,19.1612,-101.6684
12/07/2024,Mexico,Explosions/Remote violence,1,19.1612,-101.6684
12/14/2024,Mexico,Explosions/Remote violence,1,19.1612,-101.6684
01/04/2025,Mexico,Explosions/Remote violence,2,19.1612,-101.6684
01/18/2025,Mexico,Explosions/Remote violence,1,19.1612,-101.6684
02/08/2025,Mexico,Explosions/Remote violence,1,19.1612,-101.6684
02/15/2025,Mexico,Explosions/Remote violence,1,19.1612,-101.6684
02/22/2025,Mexico,Explosions/Remote violence,1,19.1612,-101.6684
04/05/2025,Mexico,Explosions/Remote violence,1,19.1612,-101.6684
06/28/2025,Mexico,Explosions/Remote violence,1,19.1612,-101.6684
07/12/2025,Mexico,Explosions/Remote violence,1,19.1612,-101.6684
07/19/2025,Mexico,Explosions/Remote violence,1,19.1612,-101.6684
08/09/2025,Mexico,Explosions/Remote violence,1,19.1612,-101.6684
09/06/2025,Mexico,Explosions/Remote violence,1,19.1612,-101.6684
10/11/2025,Mexico,Explosions/Remote violence,1,19.1612,-101.6684
08/24/2019,Mexico,Explosions/Remote violence,1,19.1612,-101.6684
05/03/2025,Mexico,Explosions/Remote violence,1,19.1612,-101.6684
06/15/2019,Mexico,Explosions/Remote violence,1,19.1612,-101.6684
01/02/2021,Mexico,Explosions/Remote violence,1,19.1612,-101.6684
05/22/2021,Mexico,Explosions/Remote violence,1,19.1612,-101.6684
01/29/2022,Mexico,Explosions/Remote violence,1,19.1612,-101.6684
02/12/2022,Mexico,Explosions/Remote violence,1,19.1612,-101.6684
06/17/2023,Mexico,Explosions/Remote violence,1,19.1612,-101.6684
12/16/2023,Mexico,Explosions/Remote violence,1,19.1612,-101.6684
01/20/2024,Mexico,Explosions/Remote violence,1,19.1612,-101.6684
02/03/2024,Mexico,Explosions/Remote violence,2,19.1612,-101.6684
03/02/2024,Mexico,Explosions/Remote violence,1,19.1612,-101.6684
06/15/2024,Mexico,Explosions/Remote violence,1,19.1612,-101.6684
06/22/2024,Mexico,Explosions/Remote violence,1,19.1612,-101.6684
08/24/2024,Mexico,Explosions/Remote violence,1,19.1612,-101.6684
08/31/2024,Mexico,Explosions/Remote violence,2,19.1612,-101.6684
09/07/2024,Mexico,Explosions/Remote violence,1,19.1612,-101.6684
10/19/2024,Mexico,Explosions/Remote violence,1,19.1612,-101.6684
12/14/2024,Mexico,Explosions/Remote violence,2,19.1612,-101.6684
12/28/2024,Mexico,Explosions/Remote violence,1,19.1612,-101.6684
01/04/2025,Mexico,Explosions/Remote violence,1,19.1612,-101.6684
01/11/2025,Mexico,Explosions/Remote violence,3,19.1612,-101.6684
02/08/2025,Mexico,Explosions/Remote violence,1,19.1612,-101.6684
02/22/2025,Mexico,Explosions/Remote violence,1,19.1612,-101.6684
03/29/2025,Mexico,Explosions/Remote violence,1,19.1612,-101.6684
04/12/2025,Mexico,Explosions/Remote violence,1,19.1612,-101.6684
05/03/2025,Mexico,Explosions/Remote violence,2,19.1612,-101.6684
05/17/2025,Mexico,Explosions/Remote violence,1,19.1612,-101.6684
05/24/2025,Mexico,Explosions/Remote violence,1,19.1612,-101.6684
07/19/2025,Mexico,Explosions/Remote violence,1,19.1612,-101.6684
08/16/2025,Mexico,Explosions/Remote violence,1,19.1612,-101.6684
09/13/2025,Mexico,Explosions/Remote violence,1,19.1612,-101.6684
10/04/2025,Mexico,Explosions/Remote violence,1,19.1612,-101.6684
01/06/2018,Mexico,Riots,5,19.1612,-101.6684
01/20/2018,Mexico,Riots,1,19.1612,-101.6684
02/24/2018,Mexico,Riots,3,19.1612,-101.6684
03/10/2018,Mexico,Riots,2,19.1612,-101.6684
03/17/2018,Mexico,Riots,1,19.1612,-101.6684
04/14/2018,Mexico,Riots,1,19.1612,-101.6684
05/12/2018,Mexico,Riots,2,19.1612,-101.6684
05/26/2018,Mexico,Riots,1,19.1612,-101.6684
06/02/2018,Mexico,Riots,1,19.1612,-101.6684
06/16/2018,Mexico,Riots,1,19.1612,-101.6684
06/23/2018,Mexico,Riots,1,19.1612,-101.6684
06/30/2018,Mexico,Riots,3,19.1612,-101.6684
07/14/2018,Mexico,Riots,1,19.1612,-101.6684
08/18/2018,Mexico,Riots,3,19.1612,-101.6684
10/06/2018,Mexico,Riots,1,19.1612,-101.6684
10/13/2018,Mexico,Riots,1,19.1612,-101.6684
10/20/2018,Mexico,Riots,1,19.1612,-101.6684
11/03/2018,Mexico,Riots,2,19.1612,-101.6684
11/10/2018,Mexico,Riots,1,19.1612,-101.6684
11/17/2018,Mexico,Riots,2,19.1612,-101.6684
12/22/2018,Mexico,Riots,1,19.1612,-101.6684
12/29/2018,Mexico,Riots,1,19.1612,-101.6684
01/05/2019,Mexico,Riots,1,19.1612,-101.6684
01/12/2019,Mexico,Riots,1,19.1612,-101.6684
02/09/2019,Mexico,Riots,1,19.1612,-101.6684
02/16/2019,Mexico,Riots,1,19.1612,-101.6684
03/23/2019,Mexico,Riots,2,19.1612,-101.6684
04/20/2019,Mexico,Riots,1,19.1612,-101.6684
05/18/2019,Mexico,Riots,1,19.1612,-101.6684
05/25/2019,Mexico,Riots,1,19.1612,-101.6684
06/22/2019,Mexico,Riots,1,19.1612,-101.6684
07/06/2019,Mexico,Riots,1,19.1612,-101.6684
08/17/2019,Mexico,Riots,1,19.1612,-101.6684
08/24/2019,Mexico,Riots,2,19.1612,-101.6684
09/07/2019,Mexico,Riots,1,19.1612,-101.6684
09/28/2019,Mexico,Riots,1,19.1612,-101.6684
10/05/2019,Mexico,Riots,1,19.1612,-101.6684
10/12/2019,Mexico,Riots,1,19.1612,-101.6684
10/26/2019,Mexico,Riots,1,19.1612,-101.6684
11/02/2019,Mexico,Riots,1,19.1612,-101.6684
11/16/2019,Mexico,Riots,1,19.1612,-101.6684
01/04/2020,Mexico,Riots,2,19.1612,-101.6684
02/01/2020,Mexico,Riots,1,19.1612,-101.6684
03/07/2020,Mexico,Riots,2,19.1612,-101.6684
03/14/2020,Mexico,Riots,1,19.1612,-101.6684
04/18/2020,Mexico,Riots,2,19.1612,-101.6684
04/25/2020,Mexico,Riots,2,19.1612,-101.6684
05/02/2020,Mexico,Riots,1,19.1612,-101.6684
06/13/2020,Mexico,Riots,1,19.1612,-101.6684
07/11/2020,Mexico,Riots,1,19.1612,-101.6684
07/18/2020,Mexico,Riots,1,19.1612,-101.6684
08/15/2020,Mexico,Riots,1,19.1612,-101.6684
09/05/2020,Mexico,Riots,1,19.1612,-101.6684
10/10/2020,Mexico,Riots,1,19.1612,-101.6684
10/17/2020,Mexico,Riots,1,19.1612,-101.6684
11/14/2020,Mexico,Riots,1,19.1612,-101.6684
11/21/2020,Mexico,Riots,1,19.1612,-101.6684
12/26/2020,Mexico,Riots,2,19.1612,-101.6684
01/02/2021,Mexico,Riots,1,19.1612,-101.6684
01/09/2021,Mexico,Riots,2,19.1612,-101.6684
02/06/2021,Mexico,Riots,1,19.1612,-101.6684
02/20/2021,Mexico,Riots,1,19.1612,-101.6684
04/24/2021,Mexico,Riots,1,19.1612,-101.6684
05/01/2021,Mexico,Riots,2,19.1612,-101.6684
05/08/2021,Mexico,Riots,1,19.1612,-101.6684
05/22/2021,Mexico,Riots,1,19.1612,-101.6684
06/05/2021,Mexico,Riots,4,19.1612,-101.6684
06/26/2021,Mexico,Riots,1,19.1612,-101.6684
07/03/2021,Mexico,Riots,1,19.1612,-101.6684
07/17/2021,Mexico,Riots,1,19.1612,-101.6684
09/25/2021,Mexico,Riots,1,19.1612,-101.6684
10/02/2021,Mexico,Riots,1,19.1612,-101.6684
10/09/2021,Mexico,Riots,1,19.1612,-101.6684
10/16/2021,Mexico,Riots,1,19.1612,-101.6684
12/04/2021,Mexico,Riots,1,19.1612,-101.6684
12/25/2021,Mexico,Riots,1,19.1612,-101.6684
01/08/2022,Mexico,Riots,2,19.1612,-101.6684
01/29/2022,Mexico,Riots,3,19.1612,-101.6684
02/12/2022,Mexico,Riots,1,19.1612,-101.6684
02/26/2022,Mexico,Riots,1,19.1612,-101.6684
04/09/2022,Mexico,Riots,2,19.1612,-101.6684
04/30/2022,Mexico,Riots,1,19.1612,-101.6684
06/11/2022,Mexico,Riots,1,19.1612,-101.6684
11/19/2022,Mexico,Riots,1,19.1612,-101.6684
01/07/2023,Mexico,Riots,1,19.1612,-101.6684
01/14/2023,Mexico,Riots,1,19.1612,-101.6684
01/21/2023,Mexico,Riots,2,19.1612,-101.6684
02/04/2023,Mexico,Riots,1,19.1612,-101.6684
03/18/2023,Mexico,Riots,1,19.1612,-101.6684
03/25/2023,Mexico,Riots,2,19.1612,-101.6684
04/01/2023,Mexico,Riots,1,19.1612,-101.6684
06/03/2023,Mexico,Riots,1,19.1612,-101.6684
06/17/2023,Mexico,Riots,1,19.1612,-101.6684
07/08/2023,Mexico,Riots,1,19.1612,-101.6684
07/29/2023,Mexico,Riots,1,19.1612,-101.6684
09/02/2023,Mexico,Riots,1,19.1612,-101.6684
10/14/2023,Mexico,Riots,1,19.1612,-101.6684
10/21/2023,Mexico,Riots,1,19.1612,-101.6684
11/04/2023,Mexico,Riots,1,19.1612,-101.6684
11/25/2023,Mexico,Riots,1,19.1612,-101.6684
03/09/2024,Mexico,Riots,1,19.1612,-101.6684
03/30/2024,Mexico,Riots,1,19.1612,-101.6684
04/06/2024,Mexico,Riots,1,19.1612,-101.6684
04/20/2024,Mexico,Riots,1,19.1612,-101.6684
06/01/2024,Mexico,Riots,1,19.1612,-101.6684
10/05/2024,Mexico,Riots,1,19.1612,-101.6684
10/12/2024,Mexico,Riots,2,19.1612,-101.6684
10/19/2024,Mexico,Riots,1,19.1612,-101.6684
11/09/2024,Mexico,Riots,2,19.1612,-101.6684
02/08/2025,Mexico,Riots,2,19.1612,-101.6684
04/05/2025,Mexico,Riots,1,19.1612,-101.6684
04/26/2025,Mexico,Riots,1,19.1612,-101.6684
05/17/2025,Mexico,Riots,1,19.1612,-101.6684
05/31/2025,Mexico,Riots,1,19.1612,-101.6684
06/21/2025,Mexico,Riots,1,19.1612,-101.6684
08/09/2025,Mexico,Riots,1,19.1612,-101.6684
09/06/2025,Mexico,Riots,1,19.1612,-101.6684
01/13/2018,Mexico,Riots,1,19.1612,-101.6684
01/20/2018,Mexico,Riots,6,19.1612,-101.6684
02/03/2018,Mexico,Riots,1,19.1612,-101.6684
02/24/2018,Mexico,Riots,1,19.1612,-101.6684
03/03/2018,Mexico,Riots,1,19.1612,-101.6684
03/31/2018,Mexico,Riots,1,19.1612,-101.6684
04/28/2018,Mexico,Riots,1,19.1612,-101.6684
05/05/2018,Mexico,Riots,1,19.1612,-101.6684
05/26/2018,Mexico,Riots,2,19.1612,-101.6684
06/02/2018,Mexico,Riots,1,19.1612,-101.6684
06/23/2018,Mexico,Riots,1,19.1612,-101.6684
06/30/2018,Mexico,Riots,3,19.1612,-101.6684
08/04/2018,Mexico,Riots,1,19.1612,-101.6684
09/22/2018,Mexico,Riots,1,19.1612,-101.6684
10/06/2018,Mexico,Riots,2,19.1612,-101.6684
10/20/2018,Mexico,Riots,1,19.1612,-101.6684
12/08/2018,Mexico,Riots,1,19.1612,-101.6684
12/15/2018,Mexico,Riots,2,19.1612,-101.6684
01/05/2019,Mexico,Riots,2,19.1612,-101.6684
01/19/2019,Mexico,Riots,6,19.1612,-101.6684
01/26/2019,Mexico,Riots,2,19.1612,-101.6684
02/02/2019,Mexico,Riots,5,19.1612,-101.6684
02/09/2019,Mexico,Riots,1,19.1612,-101.6684
03/09/2019,Mexico,Riots,1,19.1612,-101.6684
03/30/2019,Mexico,Riots,1,19.1612,-101.6684
04/20/2019,Mexico,Riots,1,19.1612,-101.6684
04/27/2019,Mexico,Riots,3,19.1612,-101.6684
07/13/2019,Mexico,Riots,1,19.1612,-101.6684
07/27/2019,Mexico,Riots,1,19.1612,-101.6684
08/31/2019,Mexico,Riots,1,19.1612,-101.6684
09/28/2019,Mexico,Riots,1,19.1612,-101.6684
10/05/2019,Mexico,Riots,2,19.1612,-101.6684
10/12/2019,Mexico,Riots,2,19.1612,-101.6684
10/19/2019,Mexico,Riots,1,19.1612,-101.6684
11/02/2019,Mexico,Riots,1,19.1612,-101.6684
02/22/2020,Mexico,Riots,2,19.1612,-101.6684
02/29/2020,Mexico,Riots,1,19.1612,-101.6684
03/07/2020,Mexico,Riots,2,19.1612,-101.6684
03/14/2020,Mexico,Riots,1,19.1612,-101.6684
05/02/2020,Mexico,Riots,1,19.1612,-101.6684
05/16/2020,Mexico,Riots,1,19.1612,-101.6684
05/23/2020,Mexico,Riots,1,19.1612,-101.6684
08/15/2020,Mexico,Riots,2,19.1612,-101.6684
08/22/2020,Mexico,Riots,1,19.1612,-101.6684
09/05/2020,Mexico,Riots,3,19.1612,-101.6684
09/19/2020,Mexico,Riots,3,19.1612,-101.6684
09/26/2020,Mexico,Riots,3,19.1612,-101.6684
10/10/2020,Mexico,Riots,1,19.1612,-101.6684
10/24/2020,Mexico,Riots,2,19.1612,-101.6684
10/31/2020,Mexico,Riots,2,19.1612,-101.6684
11/07/2020,Mexico,Riots,2,19.1612,-101.6684
11/14/2020,Mexico,Riots,1,19.1612,-101.6684
11/21/2020,Mexico,Riots,6,19.1612,-101.6684
11/28/2020,Mexico,Riots,1,19.1612,-101.6684
12/12/2020,Mexico,Riots,2,19.1612,-101.6684
02/06/2021,Mexico,Riots,1,19.1612,-101.6684
02/13/2021,Mexico,Riots,1,19.1612,-101.6684
03/06/2021,Mexico,Riots,1,19.1612,-101.6684
04/03/2021,Mexico,Riots,1,19.1612,-101.6684
04/10/2021,Mexico,Riots,1,19.1612,-101.6684
05/08/2021,Mexico,Riots,1,19.1612,-101.6684
05/22/2021,Mexico,Riots,1,19.1612,-101.6684
05/29/2021,Mexico,Riots,1,19.1612,-101.6684
06/05/2021,Mexico,Riots,1,19.1612,-101.6684
06/19/2021,Mexico,Riots,1,19.1612,-101.6684
06/26/2021,Mexico,Riots,1,19.1612,-101.6684
07/03/2021,Mexico,Riots,1,19.1612,-101.6684
07/10/2021,Mexico,Riots,2,19.1612,-101.6684
08/21/2021,Mexico,Riots,1,19.1612,-101.6684
08/28/2021,Mexico,Riots,2,19.1612,-101.6684
09/04/2021,Mexico,Riots,1,19.1612,-101.6684
09/25/2021,Mexico,Riots,5,19.1612,-101.6684
10/09/2021,Mexico,Riots,1,19.1612,-101.6684
10/16/2021,Mexico,Riots,1,19.1612,-101.6684
10/23/2021,Mexico,Riots,1,19.1612,-101.6684
10/30/2021,Mexico,Riots,1,19.1612,-101.6684
11/06/2021,Mexico,Riots,1,19.1612,-101.6684
11/13/2021,Mexico,Riots,2,19.1612,-101.6684
11/20/2021,Mexico,Riots,2,19.1612,-101.6684
11/27/2021,Mexico,Riots,2,19.1612,-101.6684
12/04/2021,Mexico,Riots,2,19.1612,-101.6684
12/18/2021,Mexico,Riots,1,19.1612,-101.6684
01/08/2022,Mexico,Riots,1,19.1612,-101.6684
01/15/2022,Mexico,Riots,3,19.1612,-101.6684
01/22/2022,Mexico,Riots,1,19.1612,-101.6684
01/29/2022,Mexico,Riots,6,19.1612,-101.6684
02/05/2022,Mexico,Riots,2,19.1612,-101.6684
02/12/2022,Mexico,Riots,2,19.1612,-101.6684
02/19/2022,Mexico,Riots,1,19.1612,-101.6684
02/26/2022,Mexico,Riots,1,19.1612,-101.6684
03/05/2022,Mexico,Riots,1,19.1612,-101.6684
03/26/2022,Mexico,Riots,2,19.1612,-101.6684
04/02/2022,Mexico,Riots,2,19.1612,-101.6684
04/23/2022,Mexico,Riots,1,19.1612,-101.6684
05/28/2022,Mexico,Riots,3,19.1612,-101.6684
06/25/2022,Mexico,Riots,1,19.1612,-101.6684
07/09/2022,Mexico,Riots,1,19.1612,-101.6684
07/16/2022,Mexico,Riots,1,19.1612,-101.6684
07/23/2022,Mexico,Riots,2,19.1612,-101.6684
08/06/2022,Mexico,Riots,1,19.1612,-101.6684
08/27/2022,Mexico,Riots,1,19.1612,-101.6684
09/03/2022,Mexico,Riots,2,19.1612,-101.6684
09/10/2022,Mexico,Riots,1,19.1612,-101.6684
09/17/2022,Mexico,Riots,2,19.1612,-101.6684
09/24/2022,Mexico,Riots,2,19.1612,-101.6684
10/01/2022,Mexico,Riots,1,19.1612,-101.6684
10/08/2022,Mexico,Riots,2,19.1612,-101.6684
10/15/2022,Mexico,Riots,3,19.1612,-101.6684
10/22/2022,Mexico,Riots,2,19.1612,-101.6684
10/29/2022,Mexico,Riots,4,19.1612,-101.6684
11/05/2022,Mexico,Riots,1,19.1612,-101.6684
11/12/2022,Mexico,Riots,1,19.1612,-101.6684
12/10/2022,Mexico,Riots,1,19.1612,-101.6684
02/25/2023,Mexico,Riots,1,19.1612,-101.6684
03/04/2023,Mexico,Riots,1,19.1612,-101.6684
04/01/2023,Mexico,Riots,1,19.1612,-101.6684
04/22/2023,Mexico,Riots,2,19.1612,-101.6684
05/20/2023,Mexico,Riots,1,19.1612,-101.6684
07/08/2023,Mexico,Riots,1,19.1612,-101.6684
07/29/2023,Mexico,Riots,1,19.1612,-101.6684
08/19/2023,Mexico,Riots,1,19.1612,-101.6684
09/30/2023,Mexico,Riots,1,19.1612,-101.6684
10/07/2023,Mexico,Riots,1,19.1612,-101.6684
12/23/2023,Mexico,Riots,1,19.1612,-101.6684
01/06/2024,Mexico,Riots,1,19.1612,-101.6684
03/02/2024,Mexico,Riots,1,19.1612,-101.6684
03/30/2024,Mexico,Riots,1,19.1612,-101.6684
04/13/2024,Mexico,Riots,1,19.1612,-101.6684
08/10/2024,Mexico,Riots,2,19.1612,-101.6684
08/17/2024,Mexico,Riots,2,19.1612,-101.6684
08/24/2024,Mexico,Riots,1,19.1612,-101.6684
09/28/2024,Mexico,Riots,1,19.1612,-101.6684
10/05/2024,Mexico,Riots,1,19.1612,-101.6684
10/12/2024,Mexico,Riots,2,19.1612,-101.6684
12/07/2024,Mexico,Riots,2,19.1612,-101.6684
12/14/2024,Mexico,Riots,1,19.1612,-101.6684
02/08/2025,Mexico,Riots,1,19.1612,-101.6684
02/15/2025,Mexico,Riots,1,19.1612,-101.6684
02/22/2025,Mexico,Riots,1,19.1612,-101.6684
03/01/2025,Mexico,Riots,1,19.1612,-101.6684
03/08/2025,Mexico,Riots,2,19.1612,-101.6684
03/29/2025,Mexico,Riots,3,19.1612,-101.6684
04/05/2025,Mexico,Riots,4,19.1612,-101.6684
04/12/2025,Mexico,Riots,2,19.1612,-101.6684
04/19/2025,Mexico,Riots,1,19.1612,-101.6684
04/26/2025,Mexico,Riots,1,19.1612,-101.6684
05/24/2025,Mexico,Riots,5,19.1612,-101.6684
06/07/2025,Mexico,Riots,2,19.1612,-101.6684
06/28/2025,Mexico,Riots,1,19.1612,-101.6684
07/05/2025,Mexico,Riots,1,19.1612,-101.6684
09/13/2025,Mexico,Riots,2,19.1612,-101.6684
10/11/2025,Mexico,Riots,3,19.1612,-101.6684
03/24/2018,Mexico,Violence against civilians,1,19.1612,-101.6684
05/05/2018,Mexico,Violence against civilians,1,19.1612,-101.6684
05/12/2018,Mexico,Violence against civilians,2,19.1612,-101.6684
07/21/2018,Mexico,Violence against civilians,1,19.1612,-101.6684
08/11/2018,Mexico,Violence against civilians,1,19.1612,-101.6684
09/22/2018,Mexico,Violence against civilians,1,19.1612,-101.6684
10/06/2018,Mexico,Violence against civilians,1,19.1612,-101.6684
10/27/2018,Mexico,Violence against civilians,1,19.1612,-101.6684
01/05/2019,Mexico,Violence against civilians,1,19.1612,-101.6684
02/16/2019,Mexico,Violence against civilians,1,19.1612,-101.6684
02/23/2019,Mexico,Violence against civilians,1,19.1612,-101.6684
03/30/2019,Mexico,Violence against civilians,1,19.1612,-101.6684
07/20/2019,Mexico,Violence against civilians,1,19.1612,-101.6684
08/03/2019,Mexico,Violence against civilians,1,19.1612,-101.6684
08/24/2019,Mexico,Violence against civilians,1,19.1612,-101.6684
09/28/2019,Mexico,Violence against civilians,1,19.1612,-101.6684
10/05/2019,Mexico,Violence against civilians,1,19.1612,-101.6684
11/30/2019,Mexico,Violence against civilians,1,19.1612,-101.6684
12/14/2019,Mexico,Violence against civilians,1,19.1612,-101.6684
05/09/2020,Mexico,Violence against civilians,1,19.1612,-101.6684
06/27/2020,Mexico,Violence against civilians,2,19.1612,-101.6684
10/10/2020,Mexico,Violence against civilians,1,19.1612,-101.6684
12/12/2020,Mexico,Violence against civilians,1,19.1612,-101.6684
12/19/2020,Mexico,Violence against civilians,1,19.1612,-101.6684
05/22/2021,Mexico,Violence against civilians,1,19.1612,-101.6684
05/29/2021,Mexico,Violence against civilians,1,19.1612,-101.6684
06/05/2021,Mexico,Violence against civilians,1,19.1612,-101.6684
06/12/2021,Mexico,Violence against civilians,1,19.1612,-101.6684
06/26/2021,Mexico,Violence against civilians,2,19.1612,-101.6684
07/24/2021,Mexico,Violence against civilians,2,19.1612,-101.6684
08/07/2021,Mexico,Violence against civilians,1,19.1612,-101.6684
11/13/2021,Mexico,Violence against civilians,1,19.1612,-101.6684
11/20/2021,Mexico,Violence against civilians,1,19.1612,-101.6684
12/18/2021,Mexico,Violence against civilians,1,19.1612,-101.6684
12/25/2021,Mexico,Violence against civilians,1,19.1612,-101.6684
01/08/2022,Mexico,Violence against civilians,1,19.1612,-101.6684
01/15/2022,Mexico,Violence against civilians,1,19.1612,-101.6684
02/19/2022,Mexico,Violence against civilians,1,19.1612,-101.6684
04/23/2022,Mexico,Violence against civilians,1,19.1612,-101.6684
04/30/2022,Mexico,Violence against civilians,1,19.1612,-101.6684
05/14/2022,Mexico,Violence against civilians,1,19.1612,-101.6684
06/18/2022,Mexico,Violence against civilians,1,19.1612,-101.6684
09/03/2022,Mexico,Violence against civilians,1,19.1612,-101.6684
11/12/2022,Mexico,Violence against civilians,1,19.1612,-101.6684
11/26/2022,Mexico,Violence against civilians,1,19.1612,-101.6684
12/03/2022,Mexico,Violence against civilians,1,19.1612,-101.6684
12/17/2022,Mexico,Violence against civilians,1,19.1612,-101.6684
01/28/2023,Mexico,Violence against civilians,1,19.1612,-101.6684
02/11/2023,Mexico,Violence against civilians,1,19.1612,-101.6684
03/04/2023,Mexico,Violence against civilians,1,19.1612,-101.6684
07/29/2023,Mexico,Violence against civilians,1,19.1612,-101.6684
12/02/2023,Mexico,Violence against civilians,1,19.1612,-101.6684
12/30/2023,Mexico,Violence against civilians,1,19.1612,-101.6684
01/13/2024,Mexico,Violence against civilians,1,19.1612,-101.6684
01/20/2024,Mexico,Violence against civilians,1,19.1612,-101.6684
05/25/2024,Mexico,Violence against civilians,1,19.1612,-101.6684
06/01/2024,Mexico,Violence against civilians,2,19.1612,-101.6684
06/29/2024,Mexico,Violence against civilians,1,19.1612,-101.6684
07/06/2024,Mexico,Violence against civilians,1,19.1612,-101.6684
08/03/2024,Mexico,Violence against civilians,1,19.1612,-101.6684
12/28/2024,Mexico,Violence against civilians,1,19.1612,-101.6684
02/15/2025,Mexico,Violence against civilians,1,19.1612,-101.6684
04/12/2025,Mexico,Violence against civilians,1,19.1612,-101.6684
04/19/2025,Mexico,Violence against civilians,2,19.1612,-101.6684
07/12/2025,Mexico,Violence against civilians,1,19.1612,-101.6684
08/16/2025,Mexico,Violence against civilians,1,19.1612,-101.6684
09/20/2025,Mexico,Violence against civilians,1,19.1612,-101.6684
12/30/2017,Mexico,Violence against civilians,4,19.1612,-101.6684
01/06/2018,Mexico,Violence against civilians,6,19.1612,-101.6684
01/13/2018,Mexico,Violence against civilians,2,19.1612,-101.6684
01/20/2018,Mexico,Violence against civilians,8,19.1612,-101.6684
01/27/2018,Mexico,Violence against civilians,4,19.1612,-101.6684
02/03/2018,Mexico,Violence against civilians,8,19.1612,-101.6684
02/10/2018,Mexico,Violence against civilians,3,19.1612,-101.6684
02/17/2018,Mexico,Violence against civilians,5,19.1612,-101.6684
02/24/2018,Mexico,Violence against civilians,8,19.1612,-101.6684
03/03/2018,Mexico,Violence against civilians,3,19.1612,-101.6684
03/10/2018,Mexico,Violence against civilians,1,19.1612,-101.6684
03/17/2018,Mexico,Violence against civilians,3,19.1612,-101.6684
03/24/2018,Mexico,Violence against civilians,6,19.1612,-101.6684
03/31/2018,Mexico,Violence against civilians,6,19.1612,-101.6684
04/07/2018,Mexico,Violence against civilians,9,19.1612,-101.6684
04/14/2018,Mexico,Violence against civilians,7,19.1612,-101.6684
04/21/2018,Mexico,Violence against civilians,6,19.1612,-101.6684
04/28/2018,Mexico,Violence against civilians,1,19.1612,-101.6684
05/05/2018,Mexico,Violence against civilians,5,19.1612,-101.6684
05/12/2018,Mexico,Violence against civilians,4,19.1612,-101.6684
05/19/2018,Mexico,Violence against civilians,4,19.1612,-101.6684
05/26/2018,Mexico,Violence against civilians,11,19.1612,-101.6684
06/02/2018,Mexico,Violence against civilians,5,19.1612,-101.6684
06/09/2018,Mexico,Violence against civilians,4,19.1612,-101.6684
06/16/2018,Mexico,Violence against civilians,10,19.1612,-101.6684
06/23/2018,Mexico,Violence against civilians,8,19.1612,-101.6684
06/30/2018,Mexico,Violence against civilians,5,19.1612,-101.6684
07/07/2018,Mexico,Violence against civilians,9,19.1612,-101.6684
07/14/2018,Mexico,Violence against civilians,9,19.1612,-101.6684
07/21/2018,Mexico,Violence against civilians,10,19.1612,-101.6684
07/28/2018,Mexico,Violence against civilians,4,19.1612,-101.6684
08/04/2018,Mexico,Violence against civilians,5,19.1612,-101.6684
08/11/2018,Mexico,Violence against civilians,5,19.1612,-101.6684
08/18/2018,Mexico,Violence against civilians,5,19.1612,-101.6684
08/25/2018,Mexico,Violence against civilians,2,19.1612,-101.6684
09/01/2018,Mexico,Violence against civilians,11,19.1612,-101.6684
09/08/2018,Mexico,Violence against civilians,9,19.1612,-101.6684
09/15/2018,Mexico,Violence against civilians,10,19.1612,-101.6684
09/22/2018,Mexico,Violence against civilians,12,19.1612,-101.6684
09/29/2018,Mexico,Violence against civilians,6,19.1612,-101.6684
10/06/2018,Mexico,Violence against civilians,9,19.1612,-101.6684
10/13/2018,Mexico,Violence against civilians,8,19.1612,-101.6684
10/20/2018,Mexico,Violence against civilians,7,19.1612,-101.6684
10/27/2018,Mexico,Violence against civilians,9,19.1612,-101.6684
11/03/2018,Mexico,Violence against civilians,5,19.1612,-101.6684
11/10/2018,Mexico,Violence against civilians,7,19.1612,-101.6684
11/17/2018,Mexico,Violence against civilians,4,19.1612,-101.6684
11/24/2018,Mexico,Violence against civilians,8,19.1612,-101.6684
12/01/2018,Mexico,Violence against civilians,5,19.1612,-101.6684
12/08/2018,Mexico,Violence against civilians,8,19.1612,-101.6684
12/15/2018,Mexico,Violence against civilians,4,19.1612,-101.6684
12/22/2018,Mexico,Violence against civilians,3,19.1612,-101.6684
12/29/2018,Mexico,Violence against civilians,13,19.1612,-101.6684
01/05/2019,Mexico,Violence against civilians,9,19.1612,-101.6684
01/12/2019,Mexico,Violence against civilians,9,19.1612,-101.6684
01/19/2019,Mexico,Violence against civilians,4,19.1612,-101.6684
01/26/2019,Mexico,Violence against civilians,3,19.1612,-101.6684
02/02/2019,Mexico,Violence against civilians,6,19.1612,-101.6684
02/09/2019,Mexico,Violence against civilians,3,19.1612,-101.6684
02/16/2019,Mexico,Violence against civilians,4,19.1612,-101.6684
02/23/2019,Mexico,Violence against civilians,5,19.1612,-101.6684
03/02/2019,Mexico,Violence against civilians,7,19.1612,-101.6684
03/16/2019,Mexico,Violence against civilians,4,19.1612,-101.6684
03/23/2019,Mexico,Violence against civilians,2,19.1612,-101.6684
03/30/2019,Mexico,Violence against civilians,8,19.1612,-101.6684
04/06/2019,Mexico,Violence against civilians,2,19.1612,-101.6684
04/13/2019,Mexico,Violence against civilians,2,19.1612,-101.6684
04/20/2019,Mexico,Violence against civilians,4,19.1612,-101.6684
04/27/2019,Mexico,Violence against civilians,6,19.1612,-101.6684
05/04/2019,Mexico,Violence against civilians,3,19.1612,-101.6684
05/11/2019,Mexico,Violence against civilians,5,19.1612,-101.6684
05/18/2019,Mexico,Violence against civilians,6,19.1612,-101.6684
05/25/2019,Mexico,Violence against civilians,3,19.1612,-101.6684
06/01/2019,Mexico,Violence against civilians,7,19.1612,-101.6684
06/08/2019,Mexico,Violence against civilians,5,19.1612,-101.6684
06/15/2019,Mexico,Violence against civilians,12,19.1612,-101.6684
06/22/2019,Mexico,Violence against civilians,9,19.1612,-101.6684
06/29/2019,Mexico,Violence against civilians,4,19.1612,-101.6684
07/06/2019,Mexico,Violence against civilians,8,19.1612,-101.6684
07/13/2019,Mexico,Violence against civilians,3,19.1612,-101.6684
07/20/2019,Mexico,Violence against civilians,7,19.1612,-101.6684
07/27/2019,Mexico,Violence against civilians,10,19.1612,-101.6684
08/03/2019,Mexico,Violence against civilians,8,19.1612,-101.6684
08/10/2019,Mexico,Violence against civilians,10,19.1612,-101.6684
08/17/2019,Mexico,Violence against civilians,11,19.1612,-101.6684
08/24/2019,Mexico,Violence against civilians,9,19.1612,-101.6684
08/31/2019,Mexico,Violence against civilians,7,19.1612,-101.6684
09/07/2019,Mexico,Violence against civilians,16,19.1612,-101.6684
09/14/2019,Mexico,Violence against civilians,13,19.1612,-101.6684
09/21/2019,Mexico,Violence against civilians,7,19.1612,-101.6684
09/28/2019,Mexico,Violence against civilians,10,19.1612,-101.6684
10/05/2019,Mexico,Violence against civilians,7,19.1612,-101.6684
10/12/2019,Mexico,Violence against civilians,5,19.1612,-101.6684
10/19/2019,Mexico,Violence against civilians,10,19.1612,-101.6684
10/26/2019,Mexico,Violence against civilians,9,19.1612,-101.6684
11/02/2019,Mexico,Violence against civilians,10,19.1612,-101.6684
11/09/2019,Mexico,Violence against civilians,6,19.1612,-101.6684
11/16/2019,Mexico,Violence against civilians,8,19.1612,-101.6684
11/23/2019,Mexico,Violence against civilians,7,19.1612,-101.6684
11/30/2019,Mexico,Violence against civilians,9,19.1612,-101.6684
12/07/2019,Mexico,Violence against civilians,8,19.1612,-101.6684
12/14/2019,Mexico,Violence against civilians,4,19.1612,-101.6684
12/21/2019,Mexico,Violence against civilians,7,19.1612,-101.6684
12/28/2019,Mexico,Violence against civilians,10,19.1612,-101.6684
01/04/2020,Mexico,Violence against civilians,13,19.1612,-101.6684
01/11/2020,Mexico,Violence against civilians,9,19.1612,-101.6684
01/18/2020,Mexico,Violence against civilians,11,19.1612,-101.6684
01/25/2020,Mexico,Violence against civilians,12,19.1612,-101.6684
02/01/2020,Mexico,Violence against civilians,5,19.1612,-101.6684
02/08/2020,Mexico,Violence against civilians,10,19.1612,-101.6684
02/15/2020,Mexico,Violence against civilians,8,19.1612,-101.6684
02/22/2020,Mexico,Violence against civilians,7,19.1612,-101.6684
02/29/2020,Mexico,Violence against civilians,14,19.1612,-101.6684
03/07/2020,Mexico,Violence against civilians,10,19.1612,-101.6684
03/14/2020,Mexico,Violence against civilians,7,19.1612,-101.6684
03/21/2020,Mexico,Violence against civilians,6,19.1612,-101.6684
03/28/2020,Mexico,Violence against civilians,5,19.1612,-101.6684
04/04/2020,Mexico,Violence against civilians,8,19.1612,-101.6684
04/11/2020,Mexico,Violence against civilians,5,19.1612,-101.6684
04/18/2020,Mexico,Violence against civilians,11,19.1612,-101.6684
04/25/2020,Mexico,Violence against civilians,8,19.1612,-101.6684
05/02/2020,Mexico,Violence against civilians,9,19.1612,-101.6684
05/09/2020,Mexico,Violence against civilians,9,19.1612,-101.6684
05/16/2020,Mexico,Violence against civilians,10,19.1612,-101.6684
05/23/2020,Mexico,Violence against civilians,11,19.1612,-101.6684
05/30/2020,Mexico,Violence against civilians,12,19.1612,-101.6684
06/06/2020,Mexico,Violence against civilians,5,19.1612,-101.6684
06/13/2020,Mexico,Violence against civilians,4,19.1612,-101.6684
06/20/2020,Mexico,Violence against civilians,7,19.1612,-101.6684
06/27/2020,Mexico,Violence against civilians,6,19.1612,-101.6684
07/04/2020,Mexico,Violence against civilians,5,19.1612,-101.6684
07/11/2020,Mexico,Violence against civilians,5,19.1612,-101.6684
07/18/2020,Mexico,Violence against civilians,10,19.1612,-101.6684
07/25/2020,Mexico,Violence against civilians,1,19.1612,-101.6684
08/01/2020,Mexico,Violence against civilians,4,19.1612,-101.6684
08/08/2020,Mexico,Violence against civilians,7,19.1612,-101.6684
08/15/2020,Mexico,Violence against civilians,3,19.1612,-101.6684
08/22/2020,Mexico,Violence against civilians,8,19.1612,-101.6684
08/29/2020,Mexico,Violence against civilians,7,19.1612,-101.6684
09/05/2020,Mexico,Violence against civilians,1,19.1612,-101.6684
09/12/2020,Mexico,Violence against civilians,4,19.1612,-101.6684
09/19/2020,Mexico,Violence against civilians,8,19.1612,-101.6684
09/26/2020,Mexico,Violence against civilians,9,19.1612,-101.6684
10/03/2020,Mexico,Violence against civilians,6,19.1612,-101.6684
10/10/2020,Mexico,Violence against civilians,7,19.1612,-101.6684
10/17/2020,Mexico,Violence against civilians,11,19.1612,-101.6684
10/24/2020,Mexico,Violence against civilians,7,19.1612,-101.6684
10/31/2020,Mexico,Violence against civilians,9,19.1612,-101.6684
11/07/2020,Mexico,Violence against civilians,15,19.1612,-101.6684
11/14/2020,Mexico,Violence against civilians,6,19.1612,-101.6684
11/21/2020,Mexico,Violence against civilians,9,19.1612,-101.6684
11/28/2020,Mexico,Violence against civilians,9,19.1612,-101.6684
12/05/2020,Mexico,Violence against civilians,5,19.1612,-101.6684
12/12/2020,Mexico,Violence against civilians,6,19.1612,-101.6684
12/19/2020,Mexico,Violence against civilians,8,19.1612,-101.6684
12/26/2020,Mexico,Violence against civilians,5,19.1612,-101.6684
01/02/2021,Mexico,Violence against civilians,11,19.1612,-101.6684
01/09/2021,Mexico,Violence against civilians,6,19.1612,-101.6684
01/16/2021,Mexico,Violence against civilians,9,19.1612,-101.6684
01/23/2021,Mexico,Violence against civilians,9,19.1612,-101.6684
01/30/2021,Mexico,Violence against civilians,7,19.1612,-101.6684
02/06/2021,Mexico,Violence against civilians,18,19.1612,-101.6684
02/13/2021,Mexico,Violence against civilians,8,19.1612,-101.6684
02/20/2021,Mexico,Violence against civilians,10,19.1612,-101.6684
02/27/2021,Mexico,Violence against civilians,7,19.1612,-101.6684
03/06/2021,Mexico,Violence against civilians,6,19.1612,-101.6684
03/13/2021,Mexico,Violence against civilians,8,19.1612,-101.6684
03/20/2021,Mexico,Violence against civilians,3,19.1612,-101.6684
03/27/2021,Mexico,Violence against civilians,5,19.1612,-101.6684
04/03/2021,Mexico,Violence against civilians,5,19.1612,-101.6684
04/10/2021,Mexico,Violence against civilians,6,19.1612,-101.6684
04/17/2021,Mexico,Violence against civilians,14,19.1612,-101.6684
04/24/2021,Mexico,Violence against civilians,14,19.1612,-101.6684
05/01/2021,Mexico,Violence against civilians,2,19.1612,-101.6684
05/08/2021,Mexico,Violence against civilians,11,19.1612,-101.6684
05/15/2021,Mexico,Violence against civilians,11,19.1612,-101.6684
05/22/2021,Mexico,Violence against civilians,10,19.1612,-101.6684
05/29/2021,Mexico,Violence against civilians,7,19.1612,-101.6684
06/05/2021,Mexico,Violence against civilians,5,19.1612,-101.6684
06/12/2021,Mexico,Violence against civilians,11,19.1612,-101.6684
06/19/2021,Mexico,Violence against civilians,9,19.1612,-101.6684
06/26/2021,Mexico,Violence against civilians,8,19.1612,-101.6684
07/03/2021,Mexico,Violence against civilians,6,19.1612,-101.6684
07/10/2021,Mexico,Violence against civilians,6,19.1612,-101.6684
07/17/2021,Mexico,Violence against civilians,10,19.1612,-101.6684
07/24/2021,Mexico,Violence against civilians,18,19.1612,-101.6684
07/31/2021,Mexico,Violence against civilians,6,19.1612,-101.6684
08/07/2021,Mexico,Violence against civilians,10,19.1612,-101.6684
08/14/2021,Mexico,Violence against civilians,8,19.1612,-101.6684
08/21/2021,Mexico,Violence against civilians,9,19.1612,-101.6684
08/28/2021,Mexico,Violence against civilians,16,19.1612,-101.6684
09/04/2021,Mexico,Violence against civilians,9,19.1612,-101.6684
09/11/2021,Mexico,Violence against civilians,10,19.1612,-101.6684
09/18/2021,Mexico,Violence against civilians,11,19.1612,-101.6684
09/25/2021,Mexico,Violence against civilians,10,19.1612,-101.6684
10/02/2021,Mexico,Violence against civilians,10,19.1612,-101.6684
10/09/2021,Mexico,Violence against civilians,24,19.1612,-101.6684
10/16/2021,Mexico,Violence against civilians,15,19.1612,-101.6684
10/23/2021,Mexico,Violence against civilians,6,19.1612,-101.6684
10/30/2021,Mexico,Violence against civilians,7,19.1612,-101.6684
11/06/2021,Mexico,Violence against civilians,15,19.1612,-101.6684
11/13/2021,Mexico,Violence against civilians,9,19.1612,-101.6684
11/20/2021,Mexico,Violence against civilians,12,19.1612,-101.6684
11/27/2021,Mexico,Violence against civilians,6,19.1612,-101.6684
12/04/2021,Mexico,Violence against civilians,13,19.1612,-101.6684
12/11/2021,Mexico,Violence against civilians,9,19.1612,-101.6684
12/18/2021,Mexico,Violence against civilians,2,19.1612,-101.6684
12/25/2021,Mexico,Violence against civilians,13,19.1612,-101.6684
01/01/2022,Mexico,Violence against civilians,9,19.1612,-101.6684
01/08/2022,Mexico,Violence against civilians,14,19.1612,-101.6684
01/15/2022,Mexico,Violence against civilians,10,19.1612,-101.6684
01/22/2022,Mexico,Violence against civilians,9,19.1612,-101.6684
01/29/2022,Mexico,Violence against civilians,8,19.1612,-101.6684
02/05/2022,Mexico,Violence against civilians,9,19.1612,-101.6684
02/12/2022,Mexico,Violence against civilians,11,19.1612,-101.6684
02/19/2022,Mexico,Violence against civilians,6,19.1612,-101.6684
02/26/2022,Mexico,Violence against civilians,7,19.1612,-101.6684
03/05/2022,Mexico,Violence against civilians,14,19.1612,-101.6684
03/12/2022,Mexico,Violence against civilians,8,19.1612,-101.6684
03/19/2022,Mexico,Violence against civilians,7,19.1612,-101.6684
03/26/2022,Mexico,Violence against civilians,9,19.1612,-101.6684
04/02/2022,Mexico,Violence against civilians,7,19.1612,-101.6684
04/09/2022,Mexico,Violence against civilians,8,19.1612,-101.6684
04/16/2022,Mexico,Violence against civilians,10,19.1612,-101.6684
04/23/2022,Mexico,Violence against civilians,6,19.1612,-101.6684
04/30/2022,Mexico,Violence against civilians,7,19.1612,-101.6684
05/07/2022,Mexico,Violence against civilians,4,19.1612,-101.6684
05/14/2022,Mexico,Violence against civilians,10,19.1612,-101.6684
05/21/2022,Mexico,Violence against civilians,9,19.1612,-101.6684
05/28/2022,Mexico,Violence against civilians,7,19.1612,-101.6684
06/04/2022,Mexico,Violence against civilians,6,19.1612,-101.6684
06/11/2022,Mexico,Violence against civilians,8,19.1612,-101.6684
06/18/2022,Mexico,Violence against civilians,10,19.1612,-101.6684
06/25/2022,Mexico,Violence against civilians,5,19.1612,-101.6684
07/02/2022,Mexico,Violence against civilians,4,19.1612,-101.6684
07/09/2022,Mexico,Violence against civilians,4,19.1612,-101.6684
07/16/2022,Mexico,Violence against civilians,10,19.1612,-101.6684
07/23/2022,Mexico,Violence against civilians,7,19.1612,-101.6684
07/30/2022,Mexico,Violence against civilians,8,19.1612,-101.6684
08/06/2022,Mexico,Violence against civilians,10,19.1612,-101.6684
08/13/2022,Mexico,Violence against civilians,7,19.1612,-101.6684
08/20/2022,Mexico,Violence against civilians,6,19.1612,-101.6684
08/27/2022,Mexico,Violence against civilians,4,19.1612,-101.6684
09/03/2022,Mexico,Violence against civilians,6,19.1612,-101.6684
09/10/2022,Mexico,Violence against civilians,5,19.1612,-101.6684
09/17/2022,Mexico,Violence against civilians,3,19.1612,-101.6684
09/24/2022,Mexico,Violence against civilians,8,19.1612,-101.6684
10/01/2022,Mexico,Violence against civilians,5,19.1612,-101.6684
10/08/2022,Mexico,Violence against civilians,3,19.1612,-101.6684
10/15/2022,Mexico,Violence against civilians,8,19.1612,-101.6684
10/22/2022,Mexico,Violence against civilians,11,19.1612,-101.6684
10/29/2022,Mexico,Violence against civilians,4,19.1612,-101.6684
11/05/2022,Mexico,Violence against civilians,10,19.1612,-101.6684
11/12/2022,Mexico,Violence against civilians,5,19.1612,-101.6684
11/19/2022,Mexico,Violence against civilians,1,19.1612,-101.6684
11/26/2022,Mexico,Violence against civilians,6,19.1612,-101.6684
12/03/2022,Mexico,Violence against civilians,6,19.1612,-101.6684
12/10/2022,Mexico,Violence against civilians,7,19.1612,-101.6684
12/17/2022,Mexico,Violence against civilians,8,19.1612,-101.6684
12/24/2022,Mexico,Violence against civilians,5,19.1612,-101.6684
12/31/2022,Mexico,Violence against civilians,5,19.1612,-101.6684
01/07/2023,Mexico,Violence against civilians,10,19.1612,-101.6684
01/14/2023,Mexico,Violence against civilians,6,19.1612,-101.6684
01/21/2023,Mexico,Violence against civilians,5,19.1612,-101.6684
01/28/2023,Mexico,Violence against civilians,10,19.1612,-101.6684
02/04/2023,Mexico,Violence against civilians,5,19.1612,-101.6684
02/11/2023,Mexico,Violence against civilians,6,19.1612,-101.6684
02/18/2023,Mexico,Violence against civilians,5,19.1612,-101.6684
02/25/2023,Mexico,Violence against civilians,10,19.1612,-101.6684
03/04/2023,Mexico,Violence against civilians,4,19.1612,-101.6684
03/11/2023,Mexico,Violence against civilians,4,19.1612,-101.6684
03/18/2023,Mexico,Violence against civilians,7,19.1612,-101.6684
03/25/2023,Mexico,Violence against civilians,5,19.1612,-101.6684
04/01/2023,Mexico,Violence against civilians,6,19.1612,-101.6684
04/08/2023,Mexico,Violence against civilians,6,19.1612,-101.6684
04/15/2023,Mexico,Violence against civilians,8,19.1612,-101.6684
04/22/2023,Mexico,Violence against civilians,11,19.1612,-101.6684
04/29/2023,Mexico,Violence against civilians,6,19.1612,-101.6684
05/06/2023,Mexico,Violence against civilians,6,19.1612,-101.6684
05/13/2023,Mexico,Violence against civilians,8,19.1612,-101.6684
05/20/2023,Mexico,Violence against civilians,5,19.1612,-101.6684
05/27/2023,Mexico,Violence against civilians,4,19.1612,-101.6684
06/03/2023,Mexico,Violence against civilians,4,19.1612,-101.6684
06/10/2023,Mexico,Violence against civilians,4,19.1612,-101.6684
06/17/2023,Mexico,Violence against civilians,5,19.1612,-101.6684
06/24/2023,Mexico,Violence against civilians,4,19.1612,-101.6684
07/01/2023,Mexico,Violence against civilians,8,19.1612,-101.6684
07/08/2023,Mexico,Violence against civilians,7,19.1612,-101.6684
07/15/2023,Mexico,Violence against civilians,8,19.1612,-101.6684
07/22/2023,Mexico,Violence against civilians,2,19.1612,-101.6684
07/29/2023,Mexico,Violence against civilians,13,19.1612,-101.6684
08/05/2023,Mexico,Violence against civilians,10,19.1612,-101.6684
08/12/2023,Mexico,Violence against civilians,11,19.1612,-101.6684
08/19/2023,Mexico,Violence against civilians,15,19.1612,-101.6684
08/26/2023,Mexico,Violence against civilians,5,19.1612,-101.6684
09/02/2023,Mexico,Violence against civilians,9,19.1612,-101.6684
09/09/2023,Mexico,Violence against civilians,4,19.1612,-101.6684
09/16/2023,Mexico,Violence against civilians,6,19.1612,-101.6684
09/23/2023,Mexico,Violence against civilians,5,19.1612,-101.6684
09/30/2023,Mexico,Violence against civilians,8,19.1612,-101.6684
10/07/2023,Mexico,Violence against civilians,3,19.1612,-101.6684
10/14/2023,Mexico,Violence against civilians,4,19.1612,-101.6684
10/21/2023,Mexico,Violence against civilians,12,19.1612,-101.6684
10/28/2023,Mexico,Violence against civilians,8,19.1612,-101.6684
11/04/2023,Mexico,Violence against civilians,9,19.1612,-101.6684
11/11/2023,Mexico,Violence against civilians,2,19.1612,-101.6684
11/18/2023,Mexico,Violence against civilians,6,19.1612,-101.6684
11/25/2023,Mexico,Violence against civilians,6,19.1612,-101.6684
12/02/2023,Mexico,Violence against civilians,1,19.1612,-101.6684
12/09/2023,Mexico,Violence against civilians,9,19.1612,-101.6684
12/16/2023,Mexico,Violence against civilians,10,19.1612,-101.6684
12/23/2023,Mexico,Violence against civilians,8,19.1612,-101.6684
12/30/2023,Mexico,Violence against civilians,8,19.1612,-101.6684
01/06/2024,Mexico,Violence against civilians,14,19.1612,-101.6684
01/13/2024,Mexico,Violence against civilians,6,19.1612,-101.6684
01/20/2024,Mexico,Violence against civilians,5,19.1612,-101.6684
01/27/2024,Mexico,Violence against civilians,8,19.1612,-101.6684
02/03/2024,Mexico,Violence against civilians,2,19.1612,-101.6684
02/10/2024,Mexico,Violence against civilians,7,19.1612,-101.6684
02/17/2024,Mexico,Violence against civilians,10,19.1612,-101.6684
02/24/2024,Mexico,Violence against civilians,3,19.1612,-101.6684
03/02/2024,Mexico,Violence against civilians,6,19.1612,-101.6684
03/09/2024,Mexico,Violence against civilians,6,19.1612,-101.6684
03/16/2024,Mexico,Violence against civilians,7,19.1612,-101.6684
03/23/2024,Mexico,Violence against civilians,5,19.1612,-101.6684
03/30/2024,Mexico,Violence against civilians,9,19.1612,-101.6684
04/06/2024,Mexico,Violence against civilians,6,19.1612,-101.6684
04/13/2024,Mexico,Violence against civilians,11,19.1612,-101.6684
04/20/2024,Mexico,Violence against civilians,7,19.1612,-101.6684
04/27/2024,Mexico,Violence against civilians,4,19.1612,-101.6684
05/04/2024,Mexico,Violence against civilians,4,19.1612,-101.6684
05/11/2024,Mexico,Violence against civilians,3,19.1612,-101.6684
05/18/2024,Mexico,Violence against civilians,7,19.1612,-101.6684
05/25/2024,Mexico,Violence against civilians,4,19.1612,-101.6684
06/01/2024,Mexico,Violence against civilians,8,19.1612,-101.6684
06/08/2024,Mexico,Violence against civilians,6,19.1612,-101.6684
06/15/2024,Mexico,Violence against civilians,9,19.1612,-101.6684
06/22/2024,Mexico,Violence against civilians,7,19.1612,-101.6684
06/29/2024,Mexico,Violence against civilians,5,19.1612,-101.6684
07/06/2024,Mexico,Violence against civilians,5,19.1612,-101.6684
07/13/2024,Mexico,Violence against civilians,4,19.1612,-101.6684
07/20/2024,Mexico,Violence against civilians,7,19.1612,-101.6684
07/27/2024,Mexico,Violence against civilians,6,19.1612,-101.6684
08/03/2024,Mexico,Violence against civilians,7,19.1612,-101.6684
08/10/2024,Mexico,Violence against civilians,2,19.1612,-101.6684
08/17/2024,Mexico,Violence against civilians,4,19.1612,-101.6684
08/24/2024,Mexico,Violence against civilians,7,19.1612,-101.6684
08/31/2024,Mexico,Violence against civilians,4,19.1612,-101.6684
09/07/2024,Mexico,Violence against civilians,4,19.1612,-101.6684
09/14/2024,Mexico,Violence against civilians,9,19.1612,-101.6684
09/21/2024,Mexico,Violence against civilians,2,19.1612,-101.6684
09/28/2024,Mexico,Violence against civilians,3,19.1612,-101.6684
10/05/2024,Mexico,Violence against civilians,2,19.1612,-101.6684
10/12/2024,Mexico,Violence against civilians,4,19.1612,-101.6684
10/19/2024,Mexico,Violence against civilians,8,19.1612,-101.6684
10/26/2024,Mexico,Violence against civilians,9,19.1612,-101.6684
11/02/2024,Mexico,Violence against civilians,6,19.1612,-101.6684
11/09/2024,Mexico,Violence against civilians,3,19.1612,-101.6684
11/16/2024,Mexico,Violence against civilians,6,19.1612,-101.6684
11/23/2024,Mexico,Violence against civilians,10,19.1612,-101.6684
11/30/2024,Mexico,Violence against civilians,9,19.1612,-101.6684
12/07/2024,Mexico,Violence against civilians,10,19.1612,-101.6684
12/14/2024,Mexico,Violence against civilians,7,19.1612,-101.6684
12/21/2024,Mexico,Violence against civilians,1,19.1612,-101.6684
12/28/2024,Mexico,Violence against civilians,6,19.1612,-101.6684
01/04/2025,Mexico,Violence against civilians,6,19.1612,-101.6684
01/11/2025,Mexico,Violence against civilians,11,19.1612,-101.6684
01/18/2025,Mexico,Violence against civilians,10,19.1612,-101.6684
01/25/2025,Mexico,Violence against civilians,3,19.1612,-101.6684
02/01/2025,Mexico,Violence against civilians,8,19.1612,-101.6684
02/08/2025,Mexico,Violence against civilians,4,19.1612,-101.6684
02/15/2025,Mexico,Violence against civilians,16,19.1612,-101.6684
02/22/2025,Mexico,Violence against civilians,12,19.1612,-101.6684
03/01/2025,Mexico,Violence against civilians,4,19.1612,-101.6684
03/08/2025,Mexico,Violence against civilians,5,19.1612,-101.6684
03/15/2025,Mexico,Violence against civilians,7,19.1612,-101.6684
03/22/2025,Mexico,Violence against civilians,6,19.1612,-101.6684
03/29/2025,Mexico,Violence against civilians,7,19.1612,-101.6684
04/05/2025,Mexico,Violence against civilians,11,19.1612,-101.6684
04/12/2025,Mexico,Violence against civilians,9,19.1612,-101.6684
04/19/2025,Mexico,Violence against civilians,3,19.1612,-101.6684
04/26/2025,Mexico,Violence against civilians,6,19.1612,-101.6684
05/03/2025,Mexico,Violence against civilians,5,19.1612,-101.6684
05/10/2025,Mexico,Violence against civilians,7,19.1612,-101.6684
05/17/2025,Mexico,Violence against civilians,5,19.1612,-101.6684
05/24/2025,Mexico,Violence against civilians,8,19.1612,-101.6684
05/31/2025,Mexico,Violence against civilians,9,19.1612,-101.6684
06/07/2025,Mexico,Violence against civilians,7,19.1612,-101.6684
06/14/2025,Mexico,Violence against civilians,7,19.1612,-101.6684
06/21/2025,Mexico,Violence against civilians,9,19.1612,-101.6684
06/28/2025,Mexico,Violence against civilians,8,19.1612,-101.6684
07/05/2025,Mexico,Violence against civilians,8,19.1612,-101.6684
07/12/2025,Mexico,Violence against civilians,8,19.1612,-101.6684
07/19/2025,Mexico,Violence against civilians,7,19.1612,-101.6684
07/26/2025,Mexico,Violence against civilians,5,19.1612,-101.6684
08/02/2025,Mexico,Violence against civilians,4,19.1612,-101.6684
08/09/2025,Mexico,Violence against civilians,7,19.1612,-101.6684
08/16/2025,Mexico,Violence against civilians,6,19.1612,-101.6684
08/23/2025,Mexico,Violence against civilians,6,19.1612,-101.6684
08/30/2025,Mexico,Violence against civilians,4,19.1612,-101.6684
09/06/2025,Mexico,Violence against civilians,6,19.1612,-101.6684
09/13/2025,Mexico,Violence against civilians,6,19.1612,-101.6684
09/20/2025,Mexico,Violence against civilians,5,19.1612,-101.6684
09/27/2025,Mexico,Violence against civilians,2,19.1612,-101.6684
10/04/2025,Mexico,Violence against civilians,4,19.1612,-101.6684
10/11/2025,Mexico,Violence against civilians,4,19.1612,-101.6684
10/18/2025,Mexico,Violence against civilians,9,19.1612,-101.6684
01/13/2018,Mexico,Violence against civilians,1,19.1612,-101.6684
05/04/2019,Mexico,Violence against civilians,1,19.1612,-101.6684
10/28/2023,Mexico,Violence against civilians,1,19.1612,-101.6684
12/30/2023,Mexico,Violence against civilians,1,19.1612,-101.6684
08/03/2024,Mexico,Violence against civilians,1,19.1612,-101.6684
11/16/2024,Mexico,Violence against civilians,1,19.1612,-101.6684
11/30/2024,Mexico,Violence against civilians,1,19.1612,-101.6684
08/09/2025,Mexico,Violence against civilians,1,19.1612,-101.6684
10/05/2024,Mexico,Explosions/Remote violence,1,18.7341,-99.1011
01/06/2018,Mexico,Riots,1,18.7341,-99.1011
02/10/2018,Mexico,Riots,1,18.7341,-99.1011
07/28/2018,Mexico,Riots,2,18.7341,-99.1011
10/06/2018,Mexico,Riots,1,18.7341,-99.1011
10/13/2018,Mexico,Riots,1,18.7341,-99.1011
11/03/2018,Mexico,Riots,1,18.7341,-99.1011
01/19/2019,Mexico,Riots,1,18.7341,-99.1011
02/23/2019,Mexico,Riots,2,18.7341,-99.1011
03/23/2019,Mexico,Riots,1,18.7341,-99.1011
06/15/2019,Mexico,Riots,1,18.7341,-99.1011
06/29/2019,Mexico,Riots,1,18.7341,-99.1011
08/10/2019,Mexico,Riots,1,18.7341,-99.1011
08/17/2019,Mexico,Riots,1,18.7341,-99.1011
08/24/2019,Mexico,Riots,1,18.7341,-99.1011
10/05/2019,Mexico,Riots,2,18.7341,-99.1011
10/12/2019,Mexico,Riots,2,18.7341,-99.1011
10/19/2019,Mexico,Riots,4,18.7341,-99.1011
11/02/2019,Mexico,Riots,1,18.7341,-99.1011
11/16/2019,Mexico,Riots,1,18.7341,-99.1011
11/23/2019,Mexico,Riots,1,18.7341,-99.1011
11/30/2019,Mexico,Riots,1,18.7341,-99.1011
01/11/2020,Mexico,Riots,1,18.7341,-99.1011
03/14/2020,Mexico,Riots,1,18.7341,-99.1011
03/21/2020,Mexico,Riots,1,18.7341,-99.1011
03/28/2020,Mexico,Riots,1,18.7341,-99.1011
04/04/2020,Mexico,Riots,1,18.7341,-99.1011
05/02/2020,Mexico,Riots,1,18.7341,-99.1011
05/09/2020,Mexico,Riots,2,18.7341,-99.1011
06/27/2020,Mexico,Riots,2,18.7341,-99.1011
07/04/2020,Mexico,Riots,1,18.7341,-99.1011
07/18/2020,Mexico,Riots,1,18.7341,-99.1011
08/15/2020,Mexico,Riots,1,18.7341,-99.1011
10/24/2020,Mexico,Riots,1,18.7341,-99.1011
12/19/2020,Mexico,Riots,1,18.7341,-99.1011
01/02/2021,Mexico,Riots,1,18.7341,-99.1011
01/09/2021,Mexico,Riots,1,18.7341,-99.1011
02/13/2021,Mexico,Riots,2,18.7341,-99.1011
02/27/2021,Mexico,Riots,1,18.7341,-99.1011
03/06/2021,Mexico,Riots,2,18.7341,-99.1011
03/13/2021,Mexico,Riots,1,18.7341,-99.1011
05/29/2021,Mexico,Riots,1,18.7341,-99.1011
07/10/2021,Mexico,Riots,1,18.7341,-99.1011
07/24/2021,Mexico,Riots,1,18.7341,-99.1011
09/18/2021,Mexico,Riots,1,18.7341,-99.1011
09/25/2021,Mexico,Riots,2,18.7341,-99.1011
10/09/2021,Mexico,Riots,4,18.7341,-99.1011
10/23/2021,Mexico,Riots,1,18.7341,-99.1011
12/11/2021,Mexico,Riots,1,18.7341,-99.1011
01/15/2022,Mexico,Riots,1,18.7341,-99.1011
01/29/2022,Mexico,Riots,1,18.7341,-99.1011
02/05/2022,Mexico,Riots,1,18.7341,-99.1011
02/19/2022,Mexico,Riots,1,18.7341,-99.1011
03/05/2022,Mexico,Riots,1,18.7341,-99.1011
03/12/2022,Mexico,Riots,1,18.7341,-99.1011
03/19/2022,Mexico,Riots,1,18.7341,-99.1011
03/26/2022,Mexico,Riots,1,18.7341,-99.1011
04/02/2022,Mexico,Riots,2,18.7341,-99.1011
04/23/2022,Mexico,Riots,1,18.7341,-99.1011
04/30/2022,Mexico,Riots,1,18.7341,-99.1011
05/07/2022,Mexico,Riots,2,18.7341,-99.1011
05/28/2022,Mexico,Riots,1,18.7341,-99.1011
06/04/2022,Mexico,Riots,2,18.7341,-99.1011
07/02/2022,Mexico,Riots,1,18.7341,-99.1011
07/23/2022,Mexico,Riots,1,18.7341,-99.1011
07/30/2022,Mexico,Riots,1,18.7341,-99.1011
09/03/2022,Mexico,Riots,1,18.7341,-99.1011
01/07/2023,Mexico,Riots,1,18.7341,-99.1011
01/14/2023,Mexico,Riots,1,18.7341,-99.1011
02/18/2023,Mexico,Riots,1,18.7341,-99.1011
03/11/2023,Mexico,Riots,1,18.7341,-99.1011
03/25/2023,Mexico,Riots,1,18.7341,-99.1011
06/17/2023,Mexico,Riots,1,18.7341,-99.1011
07/22/2023,Mexico,Riots,1,18.7341,-99.1011
09/09/2023,Mexico,Riots,1,18.7341,-99.1011
09/16/2023,Mexico,Riots,1,18.7341,-99.1011
12/09/2023,Mexico,Riots,1,18.7341,-99.1011
01/27/2024,Mexico,Riots,1,18.7341,-99.1011
03/02/2024,Mexico,Riots,1,18.7341,-99.1011
05/04/2024,Mexico,Riots,1,18.7341,-99.1011
09/14/2024,Mexico,Riots,1,18.7341,-99.1011
10/05/2024,Mexico,Riots,1,18.7341,-99.1011
11/02/2024,Mexico,Riots,1,18.7341,-99.1011
12/14/2024,Mexico,Riots,4,18.7341,-99.1011
12/28/2024,Mexico,Riots,2,18.7341,-99.1011
02/01/2025,Mexico,Riots,1,18.7341,-99.1011
02/22/2025,Mexico,Riots,1,18.7341,-99.1011
03/08/2025,Mexico,Riots,1,18.7341,-99.1011
03/29/2025,Mexico,Riots,1,18.7341,-99.1011
07/19/2025,Mexico,Riots,1,18.7341,-99.1011
07/26/2025,Mexico,Riots,1,18.7341,-99.1011
03/24/2018,Mexico,Riots,1,18.7341,-99.1011
09/29/2018,Mexico,Riots,1,18.7341,-99.1011
12/15/2018,Mexico,Riots,2,18.7341,-99.1011
01/12/2019,Mexico,Riots,1,18.7341,-99.1011
02/23/2019,Mexico,Riots,3,18.7341,-99.1011
03/16/2019,Mexico,Riots,1,18.7341,-99.1011
03/30/2019,Mexico,Riots,1,18.7341,-99.1011
04/06/2019,Mexico,Riots,1,18.7341,-99.1011
03/07/2020,Mexico,Riots,1,18.7341,-99.1011
07/25/2020,Mexico,Riots,1,18.7341,-99.1011
10/17/2020,Mexico,Riots,2,18.7341,-99.1011
03/06/2021,Mexico,Riots,2,18.7341,-99.1011
03/20/2021,Mexico,Riots,1,18.7341,-99.1011
06/05/2021,Mexico,Riots,4,18.7341,-99.1011
09/25/2021,Mexico,Riots,1,18.7341,-99.1011
12/18/2021,Mexico,Riots,1,18.7341,-99.1011
03/05/2022,Mexico,Riots,1,18.7341,-99.1011
05/21/2022,Mexico,Riots,1,18.7341,-99.1011
06/25/2022,Mexico,Riots,1,18.7341,-99.1011
07/09/2022,Mexico,Riots,1,18.7341,-99.1011
08/20/2022,Mexico,Riots,1,18.7341,-99.1011
08/27/2022,Mexico,Riots,1,18.7341,-99.1011
11/26/2022,Mexico,Riots,1,18.7341,-99.1011
12/03/2022,Mexico,Riots,1,18.7341,-99.1011
03/04/2023,Mexico,Riots,1,18.7341,-99.1011
07/29/2023,Mexico,Riots,1,18.7341,-99.1011
02/17/2024,Mexico,Riots,1,18.7341,-99.1011
03/02/2024,Mexico,Riots,1,18.7341,-99.1011
04/13/2024,Mexico,Riots,1,18.7341,-99.1011
09/07/2024,Mexico,Riots,1,18.7341,-99.1011
03/08/2025,Mexico,Riots,1,18.7341,-99.1011
05/10/2025,Mexico,Riots,1,18.7341,-99.1011
05/31/2025,Mexico,Riots,1,18.7341,-99.1011
08/23/2025,Mexico,Riots,1,18.7341,-99.1011
10/04/2025,Mexico,Riots,1,18.7341,-99.1011
03/03/2018,Mexico,Violence against civilians,1,18.7341,-99.1011
03/31/2018,Mexico,Violence against civilians,1,18.7341,-99.1011
07/28/2018,Mexico,Violence against civilians,1,18.7341,-99.1011
10/20/2018,Mexico,Violence against civilians,1,18.7341,-99.1011
07/06/2019,Mexico,Violence against civilians,1,18.7341,-99.1011
07/27/2019,Mexico,Violence against civilians,1,18.7341,-99.1011
09/07/2019,Mexico,Violence against civilians,1,18.7341,-99.1011
11/09/2019,Mexico,Violence against civilians,1,18.7341,-99.1011
11/16/2019,Mexico,Violence against civilians,1,18.7341,-99.1011
12/28/2019,Mexico,Violence against civilians,1,18.7341,-99.1011
04/18/2020,Mexico,Violence against civilians,1,18.7341,-99.1011
07/18/2020,Mexico,Violence against civilians,2,18.7341,-99.1011
12/26/2020,Mexico,Violence against civilians,1,18.7341,-99.1011
01/16/2021,Mexico,Violence against civilians,1,18.7341,-99.1011
01/23/2021,Mexico,Violence against civilians,1,18.7341,-99.1011
02/20/2021,Mexico,Violence against civilians,1,18.7341,-99.1011
03/13/2021,Mexico,Violence against civilians,1,18.7341,-99.1011
05/29/2021,Mexico,Violence against civilians,1,18.7341,-99.1011
11/20/2021,Mexico,Violence against civilians,1,18.7341,-99.1011
04/02/2022,Mexico,Violence against civilians,1,18.7341,-99.1011
08/20/2022,Mexico,Violence against civilians,1,18.7341,-99.1011
11/05/2022,Mexico,Violence against civilians,1,18.7341,-99.1011
12/03/2022,Mexico,Violence against civilians,1,18.7341,-99.1011
12/31/2022,Mexico,Violence against civilians,1,18.7341,-99.1011
01/07/2023,Mexico,Violence against civilians,1,18.7341,-99.1011
02/04/2023,Mexico,Violence against civilians,1,18.7341,-99.1011
06/03/2023,Mexico,Violence against civilians,1,18.7341,-99.1011
09/30/2023,Mexico,Violence against civilians,1,18.7341,-99.1011
12/02/2023,Mexico,Violence against civilians,1,18.7341,-99.1011
12/23/2023,Mexico,Violence against civilians,1,18.7341,-99.1011
03/23/2024,Mexico,Violence against civilians,1,18.7341,-99.1011
04/27/2024,Mexico,Violence against civilians,1,18.7341,-99.1011
09/07/2024,Mexico,Violence against civilians,1,18.7341,-99.1011
01/04/2025,Mexico,Violence against civilians,2,18.7341,-99.1011
02/01/2025,Mexico,Violence against civilians,1,18.7341,-99.1011
03/29/2025,Mexico,Violence against civilians,1,18.7341,-99.1011
04/05/2025,Mexico,Violence against civilians,1,18.7341,-99.1011
06/14/2025,Mexico,Violence against civilians,2,18.7341,-99.1011
08/02/2025,Mexico,Violence against civilians,2,18.7341,-99.1011
01/06/2018,Mexico,Violence against civilians,2,18.7341,-99.1011
01/13/2018,Mexico,Violence against civilians,1,18.7341,-99.1011
03/17/2018,Mexico,Violence against civilians,1,18.7341,-99.1011
04/28/2018,Mexico,Violence against civilians,1,18.7341,-99.1011
05/12/2018,Mexico,Violence against civilians,1,18.7341,-99.1011
05/19/2018,Mexico,Violence against civilians,1,18.7341,-99.1011
05/26/2018,Mexico,Violence against civilians,1,18.7341,-99.1011
06/02/2018,Mexico,Violence against civilians,2,18.7341,-99.1011
06/09/2018,Mexico,Violence against civilians,2,18.7341,-99.1011
06/23/2018,Mexico,Violence against civilians,2,18.7341,-99.1011
06/30/2018,Mexico,Violence against civilians,2,18.7341,-99.1011
07/07/2018,Mexico,Violence against civilians,1,18.7341,-99.1011
07/14/2018,Mexico,Violence against civilians,1,18.7341,-99.1011
07/21/2018,Mexico,Violence against civilians,1,18.7341,-99.1011
07/28/2018,Mexico,Violence against civilians,2,18.7341,-99.1011
08/18/2018,Mexico,Violence against civilians,1,18.7341,-99.1011
08/25/2018,Mexico,Violence against civilians,1,18.7341,-99.1011
09/08/2018,Mexico,Violence against civilians,2,18.7341,-99.1011
09/15/2018,Mexico,Violence against civilians,2,18.7341,-99.1011
09/22/2018,Mexico,Violence against civilians,1,18.7341,-99.1011
09/29/2018,Mexico,Violence against civilians,3,18.7341,-99.1011
10/27/2018,Mexico,Violence against civilians,1,18.7341,-99.1011
11/03/2018,Mexico,Violence against civilians,1,18.7341,-99.1011
11/10/2018,Mexico,Violence against civilians,4,18.7341,-99.1011
11/17/2018,Mexico,Violence against civilians,2,18.7341,-99.1011
12/01/2018,Mexico,Violence against civilians,3,18.7341,-99.1011
12/08/2018,Mexico,Violence against civilians,3,18.7341,-99.1011
12/15/2018,Mexico,Violence against civilians,1,18.7341,-99.1011
12/22/2018,Mexico,Violence against civilians,2,18.7341,-99.1011
12/29/2018,Mexico,Violence against civilians,4,18.7341,-99.1011
01/05/2019,Mexico,Violence against civilians,5,18.7341,-99.1011
01/12/2019,Mexico,Violence against civilians,4,18.7341,-99.1011
01/19/2019,Mexico,Violence against civilians,1,18.7341,-99.1011
01/26/2019,Mexico,Violence against civilians,2,18.7341,-99.1011
02/02/2019,Mexico,Violence against civilians,2,18.7341,-99.1011
02/16/2019,Mexico,Violence against civilians,2,18.7341,-99.1011
02/23/2019,Mexico,Violence against civilians,2,18.7341,-99.1011
03/16/2019,Mexico,Violence against civilians,2,18.7341,-99.1011
03/23/2019,Mexico,Violence against civilians,5,18.7341,-99.1011
03/30/2019,Mexico,Violence against civilians,7,18.7341,-99.1011
04/06/2019,Mexico,Violence against civilians,1,18.7341,-99.1011
04/13/2019,Mexico,Violence against civilians,3,18.7341,-99.1011
05/04/2019,Mexico,Violence against civilians,4,18.7341,-99.1011
05/11/2019,Mexico,Violence against civilians,7,18.7341,-99.1011
05/18/2019,Mexico,Violence against civilians,1,18.7341,-99.1011
05/25/2019,Mexico,Violence against civilians,1,18.7341,-99.1011
06/01/2019,Mexico,Violence against civilians,4,18.7341,-99.1011
06/08/2019,Mexico,Violence against civilians,4,18.7341,-99.1011
06/15/2019,Mexico,Violence against civilians,7,18.7341,-99.1011
06/22/2019,Mexico,Violence against civilians,5,18.7341,-99.1011
06/29/2019,Mexico,Violence against civilians,1,18.7341,-99.1011
07/06/2019,Mexico,Violence against civilians,6,18.7341,-99.1011
07/13/2019,Mexico,Violence against civilians,4,18.7341,-99.1011
07/20/2019,Mexico,Violence against civilians,1,18.7341,-99.1011
07/27/2019,Mexico,Violence against civilians,6,18.7341,-99.1011
08/03/2019,Mexico,Violence against civilians,9,18.7341,-99.1011
08/10/2019,Mexico,Violence against civilians,2,18.7341,-99.1011
08/17/2019,Mexico,Violence against civilians,4,18.7341,-99.1011
08/24/2019,Mexico,Violence against civilians,3,18.7341,-99.1011
08/31/2019,Mexico,Violence against civilians,5,18.7341,-99.1011
09/07/2019,Mexico,Violence against civilians,3,18.7341,-99.1011
09/14/2019,Mexico,Violence against civilians,4,18.7341,-99.1011
09/21/2019,Mexico,Violence against civilians,4,18.7341,-99.1011
09/28/2019,Mexico,Violence against civilians,4,18.7341,-99.1011
10/05/2019,Mexico,Violence against civilians,3,18.7341,-99.1011
10/12/2019,Mexico,Violence against civilians,5,18.7341,-99.1011
10/19/2019,Mexico,Violence against civilians,1,18.7341,-99.1011
10/26/2019,Mexico,Violence against civilians,1,18.7341,-99.1011
11/02/2019,Mexico,Violence against civilians,4,18.7341,-99.1011
11/09/2019,Mexico,Violence against civilians,6,18.7341,-99.1011
11/16/2019,Mexico,Violence against civilians,4,18.7341,-99.1011
11/23/2019,Mexico,Violence against civilians,6,18.7341,-99.1011
11/30/2019,Mexico,Violence against civilians,1,18.7341,-99.1011
12/07/2019,Mexico,Violence against civilians,4,18.7341,-99.1011
12/14/2019,Mexico,Violence against civilians,2,18.7341,-99.1011
12/28/2019,Mexico,Violence against civilians,6,18.7341,-99.1011
01/04/2020,Mexico,Violence against civilians,3,18.7341,-99.1011
01/11/2020,Mexico,Violence against civilians,9,18.7341,-99.1011
01/18/2020,Mexico,Violence against civilians,2,18.7341,-99.1011
01/25/2020,Mexico,Violence against civilians,3,18.7341,-99.1011
02/01/2020,Mexico,Violence against civilians,4,18.7341,-99.1011
02/08/2020,Mexico,Violence against civilians,5,18.7341,-99.1011
02/15/2020,Mexico,Violence against civilians,7,18.7341,-99.1011
02/22/2020,Mexico,Violence against civilians,5,18.7341,-99.1011
02/29/2020,Mexico,Violence against civilians,3,18.7341,-99.1011
03/07/2020,Mexico,Violence against civilians,4,18.7341,-99.1011
03/14/2020,Mexico,Violence against civilians,2,18.7341,-99.1011
03/21/2020,Mexico,Violence against civilians,5,18.7341,-99.1011
04/04/2020,Mexico,Violence against civilians,3,18.7341,-99.1011
04/11/2020,Mexico,Violence against civilians,4,18.7341,-99.1011
04/18/2020,Mexico,Violence against civilians,3,18.7341,-99.1011
04/25/2020,Mexico,Violence against civilians,1,18.7341,-99.1011
05/02/2020,Mexico,Violence against civilians,1,18.7341,-99.1011
05/09/2020,Mexico,Violence against civilians,2,18.7341,-99.1011
05/16/2020,Mexico,Violence against civilians,3,18.7341,-99.1011
05/23/2020,Mexico,Violence against civilians,2,18.7341,-99.1011
05/30/2020,Mexico,Violence against civilians,2,18.7341,-99.1011
06/06/2020,Mexico,Violence against civilians,3,18.7341,-99.1011
06/13/2020,Mexico,Violence against civilians,1,18.7341,-99.1011
06/20/2020,Mexico,Violence against civilians,2,18.7341,-99.1011
06/27/2020,Mexico,Violence against civilians,1,18.7341,-99.1011
07/04/2020,Mexico,Violence against civilians,3,18.7341,-99.1011
07/11/2020,Mexico,Violence against civilians,1,18.7341,-99.1011
07/18/2020,Mexico,Violence against civilians,3,18.7341,-99.1011
07/25/2020,Mexico,Violence against civilians,2,18.7341,-99.1011
08/01/2020,Mexico,Violence against civilians,1,18.7341,-99.1011
08/08/2020,Mexico,Violence against civilians,2,18.7341,-99.1011
08/15/2020,Mexico,Violence against civilians,1,18.7341,-99.1011
08/29/2020,Mexico,Violence against civilians,3,18.7341,-99.1011
09/05/2020,Mexico,Violence against civilians,1,18.7341,-99.1011
09/12/2020,Mexico,Violence against civilians,1,18.7341,-99.1011
09/19/2020,Mexico,Violence against civilians,2,18.7341,-99.1011
09/26/2020,Mexico,Violence against civilians,2,18.7341,-99.1011
10/03/2020,Mexico,Violence against civilians,6,18.7341,-99.1011
10/17/2020,Mexico,Violence against civilians,2,18.7341,-99.1011
10/24/2020,Mexico,Violence against civilians,2,18.7341,-99.1011
10/31/2020,Mexico,Violence against civilians,9,18.7341,-99.1011
11/21/2020,Mexico,Violence against civilians,1,18.7341,-99.1011
11/28/2020,Mexico,Violence against civilians,1,18.7341,-99.1011
12/05/2020,Mexico,Violence against civilians,1,18.7341,-99.1011
12/12/2020,Mexico,Violence against civilians,5,18.7341,-99.1011
12/19/2020,Mexico,Violence against civilians,4,18.7341,-99.1011
12/26/2020,Mexico,Violence against civilians,4,18.7341,-99.1011
01/02/2021,Mexico,Violence against civilians,9,18.7341,-99.1011
01/09/2021,Mexico,Violence against civilians,9,18.7341,-99.1011
01/16/2021,Mexico,Violence against civilians,5,18.7341,-99.1011
01/23/2021,Mexico,Violence against civilians,8,18.7341,-99.1011
01/30/2021,Mexico,Violence against civilians,6,18.7341,-99.1011
02/06/2021,Mexico,Violence against civilians,9,18.7341,-99.1011
02/13/2021,Mexico,Violence against civilians,5,18.7341,-99.1011
02/20/2021,Mexico,Violence against civilians,2,18.7341,-99.1011
02/27/2021,Mexico,Violence against civilians,8,18.7341,-99.1011
03/06/2021,Mexico,Violence against civilians,10,18.7341,-99.1011
03/13/2021,Mexico,Violence against civilians,5,18.7341,-99.1011
03/20/2021,Mexico,Violence against civilians,5,18.7341,-99.1011
03/27/2021,Mexico,Violence against civilians,8,18.7341,-99.1011
04/03/2021,Mexico,Violence against civilians,7,18.7341,-99.1011
04/10/2021,Mexico,Violence against civilians,12,18.7341,-99.1011
04/17/2021,Mexico,Violence against civilians,7,18.7341,-99.1011
04/24/2021,Mexico,Violence against civilians,7,18.7341,-99.1011
05/01/2021,Mexico,Violence against civilians,12,18.7341,-99.1011
05/08/2021,Mexico,Violence against civilians,15,18.7341,-99.1011
05/15/2021,Mexico,Violence against civilians,13,18.7341,-99.1011
05/22/2021,Mexico,Violence against civilians,12,18.7341,-99.1011
05/29/2021,Mexico,Violence against civilians,9,18.7341,-99.1011
06/05/2021,Mexico,Violence against civilians,8,18.7341,-99.1011
06/12/2021,Mexico,Violence against civilians,12,18.7341,-99.1011
06/19/2021,Mexico,Violence against civilians,14,18.7341,-99.1011
06/26/2021,Mexico,Violence against civilians,9,18.7341,-99.1011
07/03/2021,Mexico,Violence against civilians,10,18.7341,-99.1011
07/10/2021,Mexico,Violence against civilians,4,18.7341,-99.1011
07/17/2021,Mexico,Violence against civilians,15,18.7341,-99.1011
07/24/2021,Mexico,Violence against civilians,5,18.7341,-99.1011
07/31/2021,Mexico,Violence against civilians,6,18.7341,-99.1011
08/07/2021,Mexico,Violence against civilians,4,18.7341,-99.1011
08/14/2021,Mexico,Violence against civilians,7,18.7341,-99.1011
08/21/2021,Mexico,Violence against civilians,4,18.7341,-99.1011
08/28/2021,Mexico,Violence against civilians,8,18.7341,-99.1011
09/04/2021,Mexico,Violence against civilians,7,18.7341,-99.1011
09/11/2021,Mexico,Violence against civilians,3,18.7341,-99.1011
09/18/2021,Mexico,Violence against civilians,8,18.7341,-99.1011
09/25/2021,Mexico,Violence against civilians,9,18.7341,-99.1011
10/02/2021,Mexico,Violence against civilians,6,18.7341,-99.1011
10/09/2021,Mexico,Violence against civilians,10,18.7341,-99.1011
10/16/2021,Mexico,Violence against civilians,6,18.7341,-99.1011
10/23/2021,Mexico,Violence against civilians,8,18.7341,-99.1011
10/30/2021,Mexico,Violence against civilians,8,18.7341,-99.1011
11/06/2021,Mexico,Violence against civilians,10,18.7341,-99.1011
11/13/2021,Mexico,Violence against civilians,11,18.7341,-99.1011
11/20/2021,Mexico,Violence against civilians,14,18.7341,-99.1011
11/27/2021,Mexico,Violence against civilians,9,18.7341,-99.1011
12/04/2021,Mexico,Violence against civilians,9,18.7341,-99.1011
12/11/2021,Mexico,Violence against civilians,5,18.7341,-99.1011
12/18/2021,Mexico,Violence against civilians,12,18.7341,-99.1011
12/25/2021,Mexico,Violence against civilians,9,18.7341,-99.1011
01/01/2022,Mexico,Violence against civilians,9,18.7341,-99.1011
01/08/2022,Mexico,Violence against civilians,9,18.7341,-99.1011
01/15/2022,Mexico,Violence against civilians,8,18.7341,-99.1011
01/22/2022,Mexico,Violence against civilians,4,18.7341,-99.1011
01/29/2022,Mexico,Violence against civilians,6,18.7341,-99.1011
02/05/2022,Mexico,Violence against civilians,7,18.7341,-99.1011
02/12/2022,Mexico,Violence against civilians,7,18.7341,-99.1011
02/19/2022,Mexico,Violence against civilians,11,18.7341,-99.1011
02/26/2022,Mexico,Violence against civilians,5,18.7341,-99.1011
03/05/2022,Mexico,Violence against civilians,6,18.7341,-99.1011
03/12/2022,Mexico,Violence against civilians,14,18.7341,-99.1011
03/19/2022,Mexico,Violence against civilians,6,18.7341,-99.1011
03/26/2022,Mexico,Violence against civilians,16,18.7341,-99.1011
04/02/2022,Mexico,Violence against civilians,8,18.7341,-99.1011
04/09/2022,Mexico,Violence against civilians,8,18.7341,-99.1011
04/16/2022,Mexico,Violence against civilians,9,18.7341,-99.1011
04/23/2022,Mexico,Violence against civilians,8,18.7341,-99.1011
04/30/2022,Mexico,Violence against civilians,10,18.7341,-99.1011
05/07/2022,Mexico,Violence against civilians,4,18.7341,-99.1011
05/14/2022,Mexico,Violence against civilians,15,18.7341,-99.1011
05/21/2022,Mexico,Violence against civilians,9,18.7341,-99.1011
05/28/2022,Mexico,Violence against civilians,3,18.7341,-99.1011
06/04/2022,Mexico,Violence against civilians,7,18.7341,-99.1011
06/11/2022,Mexico,Violence against civilians,3,18.7341,-99.1011
06/18/2022,Mexico,Violence against civilians,9,18.7341,-99.1011
06/25/2022,Mexico,Violence against civilians,3,18.7341,-99.1011
07/02/2022,Mexico,Violence against civilians,10,18.7341,-99.1011
07/09/2022,Mexico,Violence against civilians,8,18.7341,-99.1011
07/16/2022,Mexico,Violence against civilians,13,18.7341,-99.1011
07/23/2022,Mexico,Violence against civilians,3,18.7341,-99.1011
07/30/2022,Mexico,Violence against civilians,10,18.7341,-99.1011
08/06/2022,Mexico,Violence against civilians,6,18.7341,-99.1011
08/13/2022,Mexico,Violence against civilians,4,18.7341,-99.1011
08/20/2022,Mexico,Violence against civilians,8,18.7341,-99.1011
08/27/2022,Mexico,Violence against civilians,8,18.7341,-99.1011
09/03/2022,Mexico,Violence against civilians,5,18.7341,-99.1011
09/10/2022,Mexico,Violence against civilians,3,18.7341,-99.1011
09/17/2022,Mexico,Violence against civilians,9,18.7341,-99.1011
09/24/2022,Mexico,Violence against civilians,6,18.7341,-99.1011
10/01/2022,Mexico,Violence against civilians,11,18.7341,-99.1011
10/08/2022,Mexico,Violence against civilians,10,18.7341,-99.1011
10/15/2022,Mexico,Violence against civilians,12,18.7341,-99.1011
10/22/2022,Mexico,Violence against civilians,9,18.7341,-99.1011
10/29/2022,Mexico,Violence against civilians,10,18.7341,-99.1011
11/05/2022,Mexico,Violence against civilians,4,18.7341,-99.1011
11/12/2022,Mexico,Violence against civilians,8,18.7341,-99.1011
11/19/2022,Mexico,Violence against civilians,10,18.7341,-99.1011
11/26/2022,Mexico,Violence against civilians,6,18.7341,-99.1011
12/03/2022,Mexico,Violence against civilians,7,18.7341,-99.1011
12/10/2022,Mexico,Violence against civilians,9,18.7341,-99.1011
12/17/2022,Mexico,Violence against civilians,5,18.7341,-99.1011
12/24/2022,Mexico,Violence against civilians,9,18.7341,-99.1011
12/31/2022,Mexico,Violence against civilians,13,18.7341,-99.1011
01/07/2023,Mexico,Violence against civilians,11,18.7341,-99.1011
01/14/2023,Mexico,Violence against civilians,5,18.7341,-99.1011
01/21/2023,Mexico,Violence against civilians,12,18.7341,-99.1011
01/28/2023,Mexico,Violence against civilians,10,18.7341,-99.1011
02/04/2023,Mexico,Violence against civilians,3,18.7341,-99.1011
02/11/2023,Mexico,Violence against civilians,6,18.7341,-99.1011
02/18/2023,Mexico,Violence against civilians,5,18.7341,-99.1011
02/25/2023,Mexico,Violence against civilians,13,18.7341,-99.1011
03/04/2023,Mexico,Violence against civilians,2,18.7341,-99.1011
03/11/2023,Mexico,Violence against civilians,8,18.7341,-99.1011
03/18/2023,Mexico,Violence against civilians,5,18.7341,-99.1011
03/25/2023,Mexico,Violence against civilians,6,18.7341,-99.1011
04/01/2023,Mexico,Violence against civilians,9,18.7341,-99.1011
04/08/2023,Mexico,Violence against civilians,6,18.7341,-99.1011
04/15/2023,Mexico,Violence against civilians,16,18.7341,-99.1011
04/22/2023,Mexico,Violence against civilians,9,18.7341,-99.1011
04/29/2023,Mexico,Violence against civilians,9,18.7341,-99.1011
05/06/2023,Mexico,Violence against civilians,9,18.7341,-99.1011
05/13/2023,Mexico,Violence against civilians,8,18.7341,-99.1011
05/20/2023,Mexico,Violence against civilians,6,18.7341,-99.1011
05/27/2023,Mexico,Violence against civilians,3,18.7341,-99.1011
06/03/2023,Mexico,Violence against civilians,6,18.7341,-99.1011
06/10/2023,Mexico,Violence against civilians,5,18.7341,-99.1011
06/17/2023,Mexico,Violence against civilians,6,18.7341,-99.1011
06/24/2023,Mexico,Violence against civilians,1,18.7341,-99.1011
07/01/2023,Mexico,Violence against civilians,2,18.7341,-99.1011
07/15/2023,Mexico,Violence against civilians,5,18.7341,-99.1011
07/22/2023,Mexico,Violence against civilians,6,18.7341,-99.1011
07/29/2023,Mexico,Violence against civilians,4,18.7341,-99.1011
08/05/2023,Mexico,Violence against civilians,3,18.7341,-99.1011
08/12/2023,Mexico,Violence against civilians,5,18.7341,-99.1011
08/19/2023,Mexico,Violence against civilians,12,18.7341,-99.1011
08/26/2023,Mexico,Violence against civilians,12,18.7341,-99.1011
09/02/2023,Mexico,Violence against civilians,5,18.7341,-99.1011
09/09/2023,Mexico,Violence against civilians,1,18.7341,-99.1011
09/16/2023,Mexico,Violence against civilians,2,18.7341,-99.1011
09/23/2023,Mexico,Violence against civilians,4,18.7341,-99.1011
09/30/2023,Mexico,Violence against civilians,3,18.7341,-99.1011
10/07/2023,Mexico,Violence against civilians,2,18.7341,-99.1011
10/14/2023,Mexico,Violence against civilians,3,18.7341,-99.1011
10/28/2023,Mexico,Violence against civilians,2,18.7341,-99.1011
11/04/2023,Mexico,Violence against civilians,3,18.7341,-99.1011
11/11/2023,Mexico,Violence against civilians,4,18.7341,-99.1011
11/18/2023,Mexico,Violence against civilians,2,18.7341,-99.1011
11/25/2023,Mexico,Violence against civilians,7,18.7341,-99.1011
12/09/2023,Mexico,Violence against civilians,1,18.7341,-99.1011
12/16/2023,Mexico,Violence against civilians,7,18.7341,-99.1011
12/23/2023,Mexico,Violence against civilians,4,18.7341,-99.1011
12/30/2023,Mexico,Violence against civilians,5,18.7341,-99.1011
01/06/2024,Mexico,Violence against civilians,9,18.7341,-99.1011
01/13/2024,Mexico,Violence against civilians,10,18.7341,-99.1011
01/20/2024,Mexico,Violence against civilians,11,18.7341,-99.1011
01/27/2024,Mexico,Violence against civilians,4,18.7341,-99.1011
02/03/2024,Mexico,Violence against civilians,7,18.7341,-99.1011
02/10/2024,Mexico,Violence against civilians,6,18.7341,-99.1011
02/17/2024,Mexico,Violence against civilians,6,18.7341,-99.1011
02/24/2024,Mexico,Violence against civilians,5,18.7341,-99.1011
03/02/2024,Mexico,Violence against civilians,5,18.7341,-99.1011
03/09/2024,Mexico,Violence against civilians,3,18.7341,-99.1011
03/16/2024,Mexico,Violence against civilians,11,18.7341,-99.1011
03/23/2024,Mexico,Violence against civilians,4,18.7341,-99.1011
03/30/2024,Mexico,Violence against civilians,5,18.7341,-99.1011
04/06/2024,Mexico,Violence against civilians,6,18.7341,-99.1011
04/13/2024,Mexico,Violence against civilians,4,18.7341,-99.1011
04/20/2024,Mexico,Violence against civilians,6,18.7341,-99.1011
04/27/2024,Mexico,Violence against civilians,11,18.7341,-99.1011
05/04/2024,Mexico,Violence against civilians,6,18.7341,-99.1011
05/11/2024,Mexico,Violence against civilians,4,18.7341,-99.1011
05/18/2024,Mexico,Violence against civilians,4,18.7341,-99.1011
05/25/2024,Mexico,Violence against civilians,7,18.7341,-99.1011
06/01/2024,Mexico,Violence against civilians,6,18.7341,-99.1011
06/08/2024,Mexico,Violence against civilians,7,18.7341,-99.1011
06/15/2024,Mexico,Violence against civilians,5,18.7341,-99.1011
06/22/2024,Mexico,Violence against civilians,10,18.7341,-99.1011
06/29/2024,Mexico,Violence against civilians,5,18.7341,-99.1011
07/06/2024,Mexico,Violence against civilians,6,18.7341,-99.1011
07/13/2024,Mexico,Violence against civilians,5,18.7341,-99.1011
07/20/2024,Mexico,Violence against civilians,7,18.7341,-99.1011
07/27/2024,Mexico,Violence against civilians,4,18.7341,-99.1011
08/03/2024,Mexico,Violence against civilians,4,18.7341,-99.1011
08/10/2024,Mexico,Violence against civilians,4,18.7341,-99.1011
08/17/2024,Mexico,Violence against civilians,3,18.7341,-99.1011
08/24/2024,Mexico,Violence against civilians,5,18.7341,-99.1011
08/31/2024,Mexico,Violence against civilians,3,18.7341,-99.1011
09/07/2024,Mexico,Violence against civilians,4,18.7341,-99.1011
09/14/2024,Mexico,Violence against civilians,11,18.7341,-99.1011
09/21/2024,Mexico,Violence against civilians,8,18.7341,-99.1011
09/28/2024,Mexico,Violence against civilians,8,18.7341,-99.1011
10/05/2024,Mexico,Violence against civilians,5,18.7341,-99.1011
10/12/2024,Mexico,Violence against civilians,14,18.7341,-99.1011
10/19/2024,Mexico,Violence against civilians,4,18.7341,-99.1011
10/26/2024,Mexico,Violence against civilians,4,18.7341,-99.1011
11/02/2024,Mexico,Violence against civilians,6,18.7341,-99.1011
11/09/2024,Mexico,Violence against civilians,4,18.7341,-99.1011
11/16/2024,Mexico,Violence against civilians,5,18.7341,-99.1011
11/23/2024,Mexico,Violence against civilians,1,18.7341,-99.1011
11/30/2024,Mexico,Violence against civilians,2,18.7341,-99.1011
12/07/2024,Mexico,Violence against civilians,3,18.7341,-99.1011
12/14/2024,Mexico,Violence against civilians,5,18.7341,-99.1011
12/21/2024,Mexico,Violence against civilians,4,18.7341,-99.1011
12/28/2024,Mexico,Violence against civilians,5,18.7341,-99.1011
01/04/2025,Mexico,Violence against civilians,9,18.7341,-99.1011
01/11/2025,Mexico,Violence against civilians,5,18.7341,-99.1011
01/18/2025,Mexico,Violence against civilians,4,18.7341,-99.1011
01/25/2025,Mexico,Violence against civilians,6,18.7341,-99.1011
02/01/2025,Mexico,Violence against civilians,5,18.7341,-99.1011
02/08/2025,Mexico,Violence against civilians,3,18.7341,-99.1011
02/15/2025,Mexico,Violence against civilians,2,18.7341,-99.1011
02/22/2025,Mexico,Violence against civilians,3,18.7341,-99.1011
03/01/2025,Mexico,Violence against civilians,3,18.7341,-99.1011
03/08/2025,Mexico,Violence against civilians,3,18.7341,-99.1011
03/15/2025,Mexico,Violence against civilians,3,18.7341,-99.1011
03/22/2025,Mexico,Violence against civilians,5,18.7341,-99.1011
03/29/2025,Mexico,Violence against civilians,4,18.7341,-99.1011
04/05/2025,Mexico,Violence against civilians,1,18.7341,-99.1011
04/12/2025,Mexico,Violence against civilians,4,18.7341,-99.1011
04/19/2025,Mexico,Violence against civilians,3,18.7341,-99.1011
04/26/2025,Mexico,Violence against civilians,3,18.7341,-99.1011
05/03/2025,Mexico,Violence against civilians,1,18.7341,-99.1011
05/10/2025,Mexico,Violence against civilians,4,18.7341,-99.1011
05/17/2025,Mexico,Violence against civilians,5,18.7341,-99.1011
05/24/2025,Mexico,Violence against civilians,5,18.7341,-99.1011
05/31/2025,Mexico,Violence against civilians,5,18.7341,-99.1011
06/07/2025,Mexico,Violence against civilians,4,18.7341,-99.1011
06/14/2025,Mexico,Violence against civilians,5,18.7341,-99.1011
06/21/2025,Mexico,Violence against civilians,1,18.7341,-99.1011
06/28/2025,Mexico,Violence against civilians,9,18.7341,-99.1011
07/05/2025,Mexico,Violence against civilians,3,18.7341,-99.1011
07/12/2025,Mexico,Violence against civilians,5,18.7341,-99.1011
07/19/2025,Mexico,Violence against civilians,6,18.7341,-99.1011
07/26/2025,Mexico,Violence against civilians,6,18.7341,-99.1011
08/02/2025,Mexico,Violence against civilians,9,18.7341,-99.1011
08/09/2025,Mexico,Violence against civilians,4,18.7341,-99.1011
08/16/2025,Mexico,Violence against civilians,7,18.7341,-99.1011
08/23/2025,Mexico,Violence against civilians,4,18.7341,-99.1011
08/30/2025,Mexico,Violence against civilians,4,18.7341,-99.1011
09/06/2025,Mexico,Violence against civilians,4,18.7341,-99.1011
09/13/2025,Mexico,Violence against civilians,8,18.7341,-99.1011
09/20/2025,Mexico,Violence against civilians,3,18.7341,-99.1011
09/27/2025,Mexico,Violence against civilians,5,18.7341,-99.1011
10/04/2025,Mexico,Violence against civilians,5,18.7341,-99.1011
10/11/2025,Mexico,Violence against civilians,3,18.7341,-99.1011
10/18/2025,Mexico,Violence against civilians,3,18.7341,-99.1011
07/06/2019,Mexico,Violence against civilians,1,18.7341,-99.1011
07/27/2019,Mexico,Violence against civilians,1,18.7341,-99.1011
10/26/2019,Mexico,Violence against civilians,1,18.7341,-99.1011
12/30/2023,Mexico,Violence against civilians,1,18.7341,-99.1011
07/27/2024,Mexico,Violence against civilians,1,18.7341,-99.1011
08/23/2025,Mexico,Violence against civilians,1,18.7341,-99.1011
08/30/2025,Mexico,Violence against civilians,1,18.7341,-99.1011
04/07/2018,Mexico,Riots,1,21.8428,-104.8277
09/22/2018,Mexico,Riots,1,21.8428,-104.8277
02/09/2019,Mexico,Riots,1,21.8428,-104.8277
09/14/2019,Mexico,Riots,1,21.8428,-104.8277
09/26/2020,Mexico,Riots,1,21.8428,-104.8277
01/22/2022,Mexico,Riots,1,21.8428,-104.8277
03/09/2019,Mexico,Riots,1,21.8428,-104.8277
11/21/2020,Mexico,Riots,1,21.8428,-104.8277
03/06/2021,Mexico,Riots,1,21.8428,-104.8277
03/05/2022,Mexico,Riots,1,21.8428,-104.8277
03/08/2025,Mexico,Riots,1,21.8428,-104.8277
05/12/2018,Mexico,Violence against civilians,1,21.8428,-104.8277
06/02/2018,Mexico,Violence against civilians,1,21.8428,-104.8277
07/28/2018,Mexico,Violence against civilians,1,21.8428,-104.8277
09/08/2018,Mexico,Violence against civilians,1,21.8428,-104.8277
06/01/2019,Mexico,Violence against civilians,1,21.8428,-104.8277
07/13/2019,Mexico,Violence against civilians,1,21.8428,-104.8277
06/12/2021,Mexico,Violence against civilians,1,21.8428,-104.8277
06/19/2021,Mexico,Violence against civilians,1,21.8428,-104.8277
01/15/2022,Mexico,Violence against civilians,1,21.8428,-104.8277
07/01/2023,Mexico,Violence against civilians,2,21.8428,-104.8277
09/23/2023,Mexico,Violence against civilians,1,21.8428,-104.8277
11/11/2023,Mexico,Violence against civilians,1,21.8428,-104.8277
12/16/2023,Mexico,Violence against civilians,1,21.8428,-104.8277
06/21/2025,Mexico,Violence against civilians,1,21.8428,-104.8277
12/30/2017,Mexico,Violence against civilians,3,21.8428,-104.8277
01/06/2018,Mexico,Violence against civilians,1,21.8428,-104.8277
01/13/2018,Mexico,Violence against civilians,2,21.8428,-104.8277
01/20/2018,Mexico,Violence against civilians,3,21.8428,-104.8277
01/27/2018,Mexico,Violence against civilians,1,21.8428,-104.8277
02/03/2018,Mexico,Violence against civilians,1,21.8428,-104.8277
02/10/2018,Mexico,Violence against civilians,1,21.8428,-104.8277
02/17/2018,Mexico,Violence against civilians,1,21.8428,-104.8277
02/24/2018,Mexico,Violence against civilians,3,21.8428,-104.8277
03/10/2018,Mexico,Violence against civilians,3,21.8428,-104.8277
03/17/2018,Mexico,Violence against civilians,1,21.8428,-104.8277
03/24/2018,Mexico,Violence against civilians,2,21.8428,-104.8277
04/07/2018,Mexico,Violence against civilians,2,21.8428,-104.8277
04/14/2018,Mexico,Violence against civilians,2,21.8428,-104.8277
05/05/2018,Mexico,Violence against civilians,1,21.8428,-104.8277
05/12/2018,Mexico,Violence against civilians,1,21.8428,-104.8277
05/19/2018,Mexico,Violence against civilians,1,21.8428,-104.8277
06/16/2018,Mexico,Violence against civilians,1,21.8428,-104.8277
06/23/2018,Mexico,Violence against civilians,1,21.8428,-104.8277
06/30/2018,Mexico,Violence against civilians,1,21.8428,-104.8277
07/07/2018,Mexico,Violence against civilians,2,21.8428,-104.8277
07/14/2018,Mexico,Violence against civilians,1,21.8428,-104.8277
07/21/2018,Mexico,Violence against civilians,2,21.8428,-104.8277
08/04/2018,Mexico,Violence against civilians,1,21.8428,-104.8277
08/18/2018,Mexico,Violence against civilians,1,21.8428,-104.8277
09/01/2018,Mexico,Violence against civilians,3,21.8428,-104.8277
09/08/2018,Mexico,Violence against civilians,3,21.8428,-104.8277
09/15/2018,Mexico,Violence against civilians,2,21.8428,-104.8277
09/22/2018,Mexico,Violence against civilians,1,21.8428,-104.8277
09/29/2018,Mexico,Violence against civilians,1,21.8428,-104.8277
10/13/2018,Mexico,Violence against civilians,1,21.8428,-104.8277
10/20/2018,Mexico,Violence against civilians,2,21.8428,-104.8277
11/10/2018,Mexico,Violence against civilians,1,21.8428,-104.8277
12/01/2018,Mexico,Violence against civilians,1,21.8428,-104.8277
12/22/2018,Mexico,Violence against civilians,1,21.8428,-104.8277
01/12/2019,Mexico,Violence against civilians,1,21.8428,-104.8277
02/09/2019,Mexico,Violence against civilians,2,21.8428,-104.8277
03/02/2019,Mexico,Violence against civilians,2,21.8428,-104.8277
03/16/2019,Mexico,Violence against civilians,1,21.8428,-104.8277
03/30/2019,Mexico,Violence against civilians,1,21.8428,-104.8277
05/11/2019,Mexico,Violence against civilians,2,21.8428,-104.8277
05/18/2019,Mexico,Violence against civilians,1,21.8428,-104.8277
05/25/2019,Mexico,Violence against civilians,1,21.8428,-104.8277
06/01/2019,Mexico,Violence against civilians,2,21.8428,-104.8277
06/08/2019,Mexico,Violence against civilians,1,21.8428,-104.8277
06/29/2019,Mexico,Violence against civilians,1,21.8428,-104.8277
07/27/2019,Mexico,Violence against civilians,1,21.8428,-104.8277
10/05/2019,Mexico,Violence against civilians,1,21.8428,-104.8277
10/12/2019,Mexico,Violence against civilians,1,21.8428,-104.8277
10/19/2019,Mexico,Violence against civilians,1,21.8428,-104.8277
11/09/2019,Mexico,Violence against civilians,1,21.8428,-104.8277
11/23/2019,Mexico,Violence against civilians,1,21.8428,-104.8277
12/07/2019,Mexico,Violence against civilians,1,21.8428,-104.8277
12/14/2019,Mexico,Violence against civilians,1,21.8428,-104.8277
12/21/2019,Mexico,Violence against civilians,1,21.8428,-104.8277
02/15/2020,Mexico,Violence against civilians,1,21.8428,-104.8277
02/22/2020,Mexico,Violence against civilians,1,21.8428,-104.8277
03/07/2020,Mexico,Violence against civilians,2,21.8428,-104.8277
04/11/2020,Mexico,Violence against civilians,1,21.8428,-104.8277
04/25/2020,Mexico,Violence against civilians,1,21.8428,-104.8277
05/09/2020,Mexico,Violence against civilians,1,21.8428,-104.8277
05/16/2020,Mexico,Violence against civilians,1,21.8428,-104.8277
06/13/2020,Mexico,Violence against civilians,1,21.8428,-104.8277
06/20/2020,Mexico,Violence against civilians,1,21.8428,-104.8277
06/27/2020,Mexico,Violence against civilians,1,21.8428,-104.8277
07/18/2020,Mexico,Violence against civilians,1,21.8428,-104.8277
08/22/2020,Mexico,Violence against civilians,1,21.8428,-104.8277
10/03/2020,Mexico,Violence against civilians,1,21.8428,-104.8277
10/17/2020,Mexico,Violence against civilians,1,21.8428,-104.8277
11/21/2020,Mexico,Violence against civilians,1,21.8428,-104.8277
12/12/2020,Mexico,Violence against civilians,1,21.8428,-104.8277
01/09/2021,Mexico,Violence against civilians,1,21.8428,-104.8277
01/30/2021,Mexico,Violence against civilians,1,21.8428,-104.8277
03/06/2021,Mexico,Violence against civilians,1,21.8428,-104.8277
04/17/2021,Mexico,Violence against civilians,1,21.8428,-104.8277
04/24/2021,Mexico,Violence against civilians,1,21.8428,-104.8277
05/15/2021,Mexico,Violence against civilians,1,21.8428,-104.8277
06/26/2021,Mexico,Violence against civilians,1,21.8428,-104.8277
10/30/2021,Mexico,Violence against civilians,1,21.8428,-104.8277
01/08/2022,Mexico,Violence against civilians,1,21.8428,-104.8277
02/12/2022,Mexico,Violence against civilians,1,21.8428,-104.8277
03/26/2022,Mexico,Violence against civilians,1,21.8428,-104.8277
04/30/2022,Mexico,Violence against civilians,1,21.8428,-104.8277
05/14/2022,Mexico,Violence against civilians,1,21.8428,-104.8277
07/01/2023,Mexico,Violence against civilians,1,21.8428,-104.8277
09/30/2023,Mexico,Violence against civilians,1,21.8428,-104.8277
10/21/2023,Mexico,Violence against civilians,1,21.8428,-104.8277
08/03/2024,Mexico,Violence against civilians,1,21.8428,-104.8277
01/04/2025,Mexico,Violence against civilians,1,21.8428,-104.8277
01/25/2025,Mexico,Violence against civilians,1,21.8428,-104.8277
10/04/2025,Mexico,Violence against civilians,1,21.8428,-104.8277
10/18/2025,Mexico,Violence against civilians,1,21.8428,-104.8277
07/13/2019,Mexico,Violence against civilians,1,21.8428,-104.8277
01/05/2019,Mexico,Explosions/Remote violence,1,25.4801,-99.5024
03/05/2022,Mexico,Explosions/Remote violence,1,25.4801,-99.5024
03/09/2019,Mexico,Explosions/Remote violence,1,25.4801,-99.5024
02/15/2025,Mexico,Explosions/Remote violence,1,25.4801,-99.5024
01/27/2018,Mexico,Riots,1,25.4801,-99.5024
02/03/2018,Mexico,Riots,1,25.4801,-99.5024
05/26/2018,Mexico,Riots,1,25.4801,-99.5024
06/30/2018,Mexico,Riots,1,25.4801,-99.5024
07/07/2018,Mexico,Riots,1,25.4801,-99.5024
07/14/2018,Mexico,Riots,1,25.4801,-99.5024
07/21/2018,Mexico,Riots,3,25.4801,-99.5024
08/11/2018,Mexico,Riots,1,25.4801,-99.5024
08/18/2018,Mexico,Riots,1,25.4801,-99.5024
09/01/2018,Mexico,Riots,2,25.4801,-99.5024
09/08/2018,Mexico,Riots,1,25.4801,-99.5024
09/22/2018,Mexico,Riots,4,25.4801,-99.5024
09/29/2018,Mexico,Riots,1,25.4801,-99.5024
02/09/2019,Mexico,Riots,1,25.4801,-99.5024
03/09/2019,Mexico,Riots,1,25.4801,-99.5024
03/23/2019,Mexico,Riots,1,25.4801,-99.5024
04/27/2019,Mexico,Riots,1,25.4801,-99.5024
05/18/2019,Mexico,Riots,1,25.4801,-99.5024
06/29/2019,Mexico,Riots,3,25.4801,-99.5024
09/28/2019,Mexico,Riots,1,25.4801,-99.5024
10/26/2019,Mexico,Riots,1,25.4801,-99.5024
12/07/2019,Mexico,Riots,1,25.4801,-99.5024
12/28/2019,Mexico,Riots,1,25.4801,-99.5024
01/11/2020,Mexico,Riots,1,25.4801,-99.5024
01/25/2020,Mexico,Riots,1,25.4801,-99.5024
03/07/2020,Mexico,Riots,1,25.4801,-99.5024
04/04/2020,Mexico,Riots,1,25.4801,-99.5024
04/18/2020,Mexico,Riots,1,25.4801,-99.5024
07/04/2020,Mexico,Riots,1,25.4801,-99.5024
08/29/2020,Mexico,Riots,1,25.4801,-99.5024
10/10/2020,Mexico,Riots,1,25.4801,-99.5024
10/17/2020,Mexico,Riots,1,25.4801,-99.5024
10/24/2020,Mexico,Riots,1,25.4801,-99.5024
12/19/2020,Mexico,Riots,1,25.4801,-99.5024
12/26/2020,Mexico,Riots,1,25.4801,-99.5024
01/23/2021,Mexico,Riots,1,25.4801,-99.5024
04/24/2021,Mexico,Riots,1,25.4801,-99.5024
05/08/2021,Mexico,Riots,2,25.4801,-99.5024
05/15/2021,Mexico,Riots,2,25.4801,-99.5024
05/29/2021,Mexico,Riots,1,25.4801,-99.5024
07/31/2021,Mexico,Riots,1,25.4801,-99.5024
10/02/2021,Mexico,Riots,1,25.4801,-99.5024
10/23/2021,Mexico,Riots,1,25.4801,-99.5024
11/06/2021,Mexico,Riots,1,25.4801,-99.5024
11/13/2021,Mexico,Riots,1,25.4801,-99.5024
12/04/2021,Mexico,Riots,1,25.4801,-99.5024
01/01/2022,Mexico,Riots,2,25.4801,-99.5024
02/05/2022,Mexico,Riots,1,25.4801,-99.5024
02/26/2022,Mexico,Riots,1,25.4801,-99.5024
03/19/2022,Mexico,Riots,1,25.4801,-99.5024
04/09/2022,Mexico,Riots,2,25.4801,-99.5024
06/11/2022,Mexico,Riots,1,25.4801,-99.5024
09/10/2022,Mexico,Riots,1,25.4801,-99.5024
01/07/2023,Mexico,Riots,1,25.4801,-99.5024
03/04/2023,Mexico,Riots,1,25.4801,-99.5024
03/25/2023,Mexico,Riots,1,25.4801,-99.5024
05/20/2023,Mexico,Riots,1,25.4801,-99.5024
06/03/2023,Mexico,Riots,1,25.4801,-99.5024
06/24/2023,Mexico,Riots,1,25.4801,-99.5024
09/23/2023,Mexico,Riots,1,25.4801,-99.5024
11/04/2023,Mexico,Riots,1,25.4801,-99.5024
11/25/2023,Mexico,Riots,1,25.4801,-99.5024
12/30/2023,Mexico,Riots,1,25.4801,-99.5024
01/27/2024,Mexico,Riots,1,25.4801,-99.5024
03/30/2024,Mexico,Riots,1,25.4801,-99.5024
05/11/2024,Mexico,Riots,1,25.4801,-99.5024
07/06/2024,Mexico,Riots,1,25.4801,-99.5024
08/03/2024,Mexico,Riots,2,25.4801,-99.5024
02/15/2025,Mexico,Riots,1,25.4801,-99.5024
03/01/2025,Mexico,Riots,1,25.4801,-99.5024
04/12/2025,Mexico,Riots,1,25.4801,-99.5024
04/19/2025,Mexico,Riots,1,25.4801,-99.5024
04/26/2025,Mexico,Riots,1,25.4801,-99.5024
06/21/2025,Mexico,Riots,1,25.4801,-99.5024
07/26/2025,Mexico,Riots,2,25.4801,-99.5024
10/04/2025,Mexico,Riots,1,25.4801,-99.5024
08/18/2018,Mexico,Riots,1,25.4801,-99.5024
09/29/2018,Mexico,Riots,1,25.4801,-99.5024
10/20/2018,Mexico,Riots,1,25.4801,-99.5024
02/09/2019,Mexico,Riots,1,25.4801,-99.5024
03/23/2019,Mexico,Riots,1,25.4801,-99.5024
09/21/2019,Mexico,Riots,1,25.4801,-99.5024
10/26/2019,Mexico,Riots,1,25.4801,-99.5024
12/14/2019,Mexico,Riots,1,25.4801,-99.5024
03/07/2020,Mexico,Riots,1,25.4801,-99.5024
08/01/2020,Mexico,Riots,1,25.4801,-99.5024
08/22/2020,Mexico,Riots,1,25.4801,-99.5024
01/01/2022,Mexico,Riots,1,25.4801,-99.5024
03/05/2022,Mexico,Riots,1,25.4801,-99.5024
04/09/2022,Mexico,Riots,1,25.4801,-99.5024
05/07/2022,Mexico,Riots,2,25.4801,-99.5024
06/04/2022,Mexico,Riots,1,25.4801,-99.5024
07/16/2022,Mexico,Riots,2,25.4801,-99.5024
07/23/2022,Mexico,Riots,1,25.4801,-99.5024
01/28/2023,Mexico,Riots,1,25.4801,-99.5024
03/04/2023,Mexico,Riots,1,25.4801,-99.5024
06/22/2024,Mexico,Riots,1,25.4801,-99.5024
03/08/2025,Mexico,Riots,2,25.4801,-99.5024
03/29/2025,Mexico,Riots,1,25.4801,-99.5024
12/30/2017,Mexico,Violence against civilians,1,25.4801,-99.5024
01/20/2018,Mexico,Violence against civilians,1,25.4801,-99.5024
02/10/2018,Mexico,Violence against civilians,1,25.4801,-99.5024
02/17/2018,Mexico,Violence against civilians,1,25.4801,-99.5024
03/17/2018,Mexico,Violence against civilians,1,25.4801,-99.5024
03/31/2018,Mexico,Violence against civilians,1,25.4801,-99.5024
05/26/2018,Mexico,Violence against civilians,2,25.4801,-99.5024
06/16/2018,Mexico,Violence against civilians,1,25.4801,-99.5024
08/11/2018,Mexico,Violence against civilians,1,25.4801,-99.5024
09/15/2018,Mexico,Violence against civilians,2,25.4801,-99.5024
09/29/2018,Mexico,Violence against civilians,1,25.4801,-99.5024
10/06/2018,Mexico,Violence against civilians,1,25.4801,-99.5024
10/13/2018,Mexico,Violence against civilians,1,25.4801,-99.5024
10/20/2018,Mexico,Violence against civilians,3,25.4801,-99.5024
10/27/2018,Mexico,Violence against civilians,1,25.4801,-99.5024
11/03/2018,Mexico,Violence against civilians,1,25.4801,-99.5024
11/10/2018,Mexico,Violence against civilians,2,25.4801,-99.5024
11/17/2018,Mexico,Violence against civilians,1,25.4801,-99.5024
02/23/2019,Mexico,Violence against civilians,1,25.4801,-99.5024
04/20/2019,Mexico,Violence against civilians,1,25.4801,-99.5024
05/04/2019,Mexico,Violence against civilians,1,25.4801,-99.5024
09/14/2019,Mexico,Violence against civilians,1,25.4801,-99.5024
11/23/2019,Mexico,Violence against civilians,1,25.4801,-99.5024
08/22/2020,Mexico,Violence against civilians,1,25.4801,-99.5024
08/29/2020,Mexico,Violence against civilians,1,25.4801,-99.5024
01/16/2021,Mexico,Violence against civilians,1,25.4801,-99.5024
01/30/2021,Mexico,Violence against civilians,1,25.4801,-99.5024
02/20/2021,Mexico,Violence against civilians,1,25.4801,-99.5024
05/01/2021,Mexico,Violence against civilians,1,25.4801,-99.5024
06/19/2021,Mexico,Violence against civilians,1,25.4801,-99.5024
06/26/2021,Mexico,Violence against civilians,1,25.4801,-99.5024
10/16/2021,Mexico,Violence against civilians,1,25.4801,-99.5024
01/08/2022,Mexico,Violence against civilians,1,25.4801,-99.5024
02/19/2022,Mexico,Violence against civilians,1,25.4801,-99.5024
07/23/2022,Mexico,Violence against civilians,1,25.4801,-99.5024
01/14/2023,Mexico,Violence against civilians,1,25.4801,-99.5024
01/21/2023,Mexico,Violence against civilians,1,25.4801,-99.5024
02/18/2023,Mexico,Violence against civilians,1,25.4801,-99.5024
03/11/2023,Mexico,Violence against civilians,2,25.4801,-99.5024
07/15/2023,Mexico,Violence against civilians,1,25.4801,-99.5024
08/19/2023,Mexico,Violence against civilians,1,25.4801,-99.5024
09/09/2023,Mexico,Violence against civilians,1,25.4801,-99.5024
12/02/2023,Mexico,Violence against civilians,1,25.4801,-99.5024
03/23/2024,Mexico,Violence against civilians,2,25.4801,-99.5024
04/20/2024,Mexico,Violence against civilians,1,25.4801,-99.5024
06/01/2024,Mexico,Violence against civilians,1,25.4801,-99.5024
06/08/2024,Mexico,Violence against civilians,1,25.4801,-99.5024
08/31/2024,Mexico,Violence against civilians,1,25.4801,-99.5024
10/05/2024,Mexico,Violence against civilians,1,25.4801,-99.5024
10/12/2024,Mexico,Violence against civilians,1,25.4801,-99.5024
10/26/2024,Mexico,Violence against civilians,1,25.4801,-99.5024
11/09/2024,Mexico,Violence against civilians,1,25.4801,-99.5024
01/11/2025,Mexico,Violence against civilians,1,25.4801,-99.5024
01/18/2025,Mexico,Violence against civilians,1,25.4801,-99.5024
01/25/2025,Mexico,Violence against civilians,1,25.4801,-99.5024
02/22/2025,Mexico,Violence against civilians,1,25.4801,-99.5024
03/29/2025,Mexico,Violence against civilians,1,25.4801,-99.5024
04/12/2025,Mexico,Violence against civilians,1,25.4801,-99.5024
05/10/2025,Mexico,Violence against civilians,2,25.4801,-99.5024
05/31/2025,Mexico,Violence against civilians,1,25.4801,-99.5024
06/14/2025,Mexico,Violence against civilians,3,25.4801,-99.5024
06/21/2025,Mexico,Violence against civilians,1,25.4801,-99.5024
08/16/2025,Mexico,Violence against civilians,2,25.4801,-99.5024
10/11/2025,Mexico,Violence against civilians,1,25.4801,-99.5024
12/30/2017,Mexico,Violence against civilians,2,25.4801,-99.5024
01/06/2018,Mexico,Violence against civilians,9,25.4801,-99.5024
01/13/2018,Mexico,Violence against civilians,3,25.4801,-99.5024
01/20/2018,Mexico,Violence against civilians,5,25.4801,-99.5024
01/27/2018,Mexico,Violence against civilians,5,25.4801,-99.5024
02/03/2018,Mexico,Violence against civilians,8,25.4801,-99.5024
02/10/2018,Mexico,Violence against civilians,9,25.4801,-99.5024
02/17/2018,Mexico,Violence against civilians,6,25.4801,-99.5024
02/24/2018,Mexico,Violence against civilians,5,25.4801,-99.5024
03/03/2018,Mexico,Violence against civilians,4,25.4801,-99.5024
03/10/2018,Mexico,Violence against civilians,5,25.4801,-99.5024
03/17/2018,Mexico,Violence against civilians,8,25.4801,-99.5024
03/24/2018,Mexico,Violence against civilians,4,25.4801,-99.5024
03/31/2018,Mexico,Violence against civilians,6,25.4801,-99.5024
04/07/2018,Mexico,Violence against civilians,1,25.4801,-99.5024
04/14/2018,Mexico,Violence against civilians,4,25.4801,-99.5024
04/21/2018,Mexico,Violence against civilians,9,25.4801,-99.5024
04/28/2018,Mexico,Violence against civilians,3,25.4801,-99.5024
05/05/2018,Mexico,Violence against civilians,5,25.4801,-99.5024
05/12/2018,Mexico,Violence against civilians,2,25.4801,-99.5024
05/19/2018,Mexico,Violence against civilians,7,25.4801,-99.5024
05/26/2018,Mexico,Violence against civilians,13,25.4801,-99.5024
06/02/2018,Mexico,Violence against civilians,3,25.4801,-99.5024
06/09/2018,Mexico,Violence against civilians,3,25.4801,-99.5024
06/16/2018,Mexico,Violence against civilians,2,25.4801,-99.5024
06/23/2018,Mexico,Violence against civilians,8,25.4801,-99.5024
06/30/2018,Mexico,Violence against civilians,9,25.4801,-99.5024
07/07/2018,Mexico,Violence against civilians,10,25.4801,-99.5024
07/14/2018,Mexico,Violence against civilians,7,25.4801,-99.5024
07/21/2018,Mexico,Violence against civilians,3,25.4801,-99.5024
07/28/2018,Mexico,Violence against civilians,5,25.4801,-99.5024
08/04/2018,Mexico,Violence against civilians,11,25.4801,-99.5024
08/11/2018,Mexico,Violence against civilians,14,25.4801,-99.5024
08/18/2018,Mexico,Violence against civilians,10,25.4801,-99.5024
08/25/2018,Mexico,Violence against civilians,9,25.4801,-99.5024
09/01/2018,Mexico,Violence against civilians,10,25.4801,-99.5024
09/08/2018,Mexico,Violence against civilians,9,25.4801,-99.5024
09/15/2018,Mexico,Violence against civilians,16,25.4801,-99.5024
09/22/2018,Mexico,Violence against civilians,11,25.4801,-99.5024
09/29/2018,Mexico,Violence against civilians,11,25.4801,-99.5024
10/06/2018,Mexico,Violence against civilians,15,25.4801,-99.5024
10/13/2018,Mexico,Violence against civilians,15,25.4801,-99.5024
10/20/2018,Mexico,Violence against civilians,12,25.4801,-99.5024
10/27/2018,Mexico,Violence against civilians,13,25.4801,-99.5024
11/03/2018,Mexico,Violence against civilians,12,25.4801,-99.5024
11/10/2018,Mexico,Violence against civilians,13,25.4801,-99.5024
11/17/2018,Mexico,Violence against civilians,14,25.4801,-99.5024
11/24/2018,Mexico,Violence against civilians,16,25.4801,-99.5024
12/01/2018,Mexico,Violence against civilians,12,25.4801,-99.5024
12/08/2018,Mexico,Violence against civilians,14,25.4801,-99.5024
12/15/2018,Mexico,Violence against civilians,10,25.4801,-99.5024
12/22/2018,Mexico,Violence against civilians,12,25.4801,-99.5024
12/29/2018,Mexico,Violence against civilians,10,25.4801,-99.5024
01/05/2019,Mexico,Violence against civilians,6,25.4801,-99.5024
01/12/2019,Mexico,Violence against civilians,4,25.4801,-99.5024
01/19/2019,Mexico,Violence against civilians,13,25.4801,-99.5024
01/26/2019,Mexico,Violence against civilians,6,25.4801,-99.5024
02/02/2019,Mexico,Violence against civilians,19,25.4801,-99.5024
02/09/2019,Mexico,Violence against civilians,13,25.4801,-99.5024
02/16/2019,Mexico,Violence against civilians,19,25.4801,-99.5024
02/23/2019,Mexico,Violence against civilians,12,25.4801,-99.5024
03/02/2019,Mexico,Violence against civilians,7,25.4801,-99.5024
03/09/2019,Mexico,Violence against civilians,4,25.4801,-99.5024
03/16/2019,Mexico,Violence against civilians,5,25.4801,-99.5024
03/23/2019,Mexico,Violence against civilians,5,25.4801,-99.5024
03/30/2019,Mexico,Violence against civilians,3,25.4801,-99.5024
04/06/2019,Mexico,Violence against civilians,15,25.4801,-99.5024
04/13/2019,Mexico,Violence against civilians,10,25.4801,-99.5024
04/20/2019,Mexico,Violence against civilians,9,25.4801,-99.5024
04/27/2019,Mexico,Violence against civilians,4,25.4801,-99.5024
05/04/2019,Mexico,Violence against civilians,6,25.4801,-99.5024
05/11/2019,Mexico,Violence against civilians,4,25.4801,-99.5024
05/18/2019,Mexico,Violence against civilians,19,25.4801,-99.5024
05/25/2019,Mexico,Violence against civilians,3,25.4801,-99.5024
06/01/2019,Mexico,Violence against civilians,4,25.4801,-99.5024
06/08/2019,Mexico,Violence against civilians,4,25.4801,-99.5024
06/15/2019,Mexico,Violence against civilians,6,25.4801,-99.5024
06/22/2019,Mexico,Violence against civilians,10,25.4801,-99.5024
06/29/2019,Mexico,Violence against civilians,7,25.4801,-99.5024
07/06/2019,Mexico,Violence against civilians,4,25.4801,-99.5024
07/13/2019,Mexico,Violence against civilians,7,25.4801,-99.5024
07/20/2019,Mexico,Violence against civilians,4,25.4801,-99.5024
07/27/2019,Mexico,Violence against civilians,2,25.4801,-99.5024
08/03/2019,Mexico,Violence against civilians,5,25.4801,-99.5024
08/10/2019,Mexico,Violence against civilians,4,25.4801,-99.5024
08/17/2019,Mexico,Violence against civilians,9,25.4801,-99.5024
08/24/2019,Mexico,Violence against civilians,4,25.4801,-99.5024
08/31/2019,Mexico,Violence against civilians,7,25.4801,-99.5024
09/07/2019,Mexico,Violence against civilians,8,25.4801,-99.5024
09/14/2019,Mexico,Violence against civilians,6,25.4801,-99.5024
09/21/2019,Mexico,Violence against civilians,5,25.4801,-99.5024
09/28/2019,Mexico,Violence against civilians,10,25.4801,-99.5024
10/05/2019,Mexico,Violence against civilians,10,25.4801,-99.5024
10/12/2019,Mexico,Violence against civilians,6,25.4801,-99.5024
10/19/2019,Mexico,Violence against civilians,7,25.4801,-99.5024
10/26/2019,Mexico,Violence against civilians,6,25.4801,-99.5024
11/02/2019,Mexico,Violence against civilians,6,25.4801,-99.5024
11/09/2019,Mexico,Violence against civilians,5,25.4801,-99.5024
11/16/2019,Mexico,Violence against civilians,11,25.4801,-99.5024
11/23/2019,Mexico,Violence against civilians,3,25.4801,-99.5024
11/30/2019,Mexico,Violence against civilians,5,25.4801,-99.5024
12/07/2019,Mexico,Violence against civilians,4,25.4801,-99.5024
12/14/2019,Mexico,Violence against civilians,13,25.4801,-99.5024
12/21/2019,Mexico,Violence against civilians,6,25.4801,-99.5024
12/28/2019,Mexico,Violence against civilians,2,25.4801,-99.5024
01/04/2020,Mexico,Violence against civilians,7,25.4801,-99.5024
01/11/2020,Mexico,Violence against civilians,7,25.4801,-99.5024
01/18/2020,Mexico,Violence against civilians,9,25.4801,-99.5024
01/25/2020,Mexico,Violence against civilians,8,25.4801,-99.5024
02/01/2020,Mexico,Violence against civilians,7,25.4801,-99.5024
02/08/2020,Mexico,Violence against civilians,7,25.4801,-99.5024
02/15/2020,Mexico,Violence against civilians,8,25.4801,-99.5024
02/22/2020,Mexico,Violence against civilians,8,25.4801,-99.5024
02/29/2020,Mexico,Violence against civilians,9,25.4801,-99.5024
03/07/2020,Mexico,Violence against civilians,6,25.4801,-99.5024
03/14/2020,Mexico,Violence against civilians,6,25.4801,-99.5024
03/21/2020,Mexico,Violence against civilians,5,25.4801,-99.5024
03/28/2020,Mexico,Violence against civilians,4,25.4801,-99.5024
04/04/2020,Mexico,Violence against civilians,9,25.4801,-99.5024
04/11/2020,Mexico,Violence against civilians,8,25.4801,-99.5024
04/18/2020,Mexico,Violence against civilians,13,25.4801,-99.5024
04/25/2020,Mexico,Violence against civilians,14,25.4801,-99.5024
05/02/2020,Mexico,Violence against civilians,12,25.4801,-99.5024
05/09/2020,Mexico,Violence against civilians,9,25.4801,-99.5024
05/16/2020,Mexico,Violence against civilians,9,25.4801,-99.5024
05/23/2020,Mexico,Violence against civilians,8,25.4801,-99.5024
05/30/2020,Mexico,Violence against civilians,9,25.4801,-99.5024
06/06/2020,Mexico,Violence against civilians,11,25.4801,-99.5024
06/13/2020,Mexico,Violence against civilians,10,25.4801,-99.5024
06/20/2020,Mexico,Violence against civilians,2,25.4801,-99.5024
06/27/2020,Mexico,Violence against civilians,12,25.4801,-99.5024
07/04/2020,Mexico,Violence against civilians,11,25.4801,-99.5024
07/11/2020,Mexico,Violence against civilians,5,25.4801,-99.5024
07/18/2020,Mexico,Violence against civilians,4,25.4801,-99.5024
07/25/2020,Mexico,Violence against civilians,2,25.4801,-99.5024
08/01/2020,Mexico,Violence against civilians,6,25.4801,-99.5024
08/08/2020,Mexico,Violence against civilians,8,25.4801,-99.5024
08/15/2020,Mexico,Violence against civilians,2,25.4801,-99.5024
08/22/2020,Mexico,Violence against civilians,11,25.4801,-99.5024
08/29/2020,Mexico,Violence against civilians,8,25.4801,-99.5024
09/05/2020,Mexico,Violence against civilians,13,25.4801,-99.5024
09/12/2020,Mexico,Violence against civilians,6,25.4801,-99.5024
09/19/2020,Mexico,Violence against civilians,7,25.4801,-99.5024
09/26/2020,Mexico,Violence against civilians,10,25.4801,-99.5024
10/03/2020,Mexico,Violence against civilians,3,25.4801,-99.5024
10/10/2020,Mexico,Violence against civilians,7,25.4801,-99.5024
10/17/2020,Mexico,Violence against civilians,1,25.4801,-99.5024
10/24/2020,Mexico,Violence against civilians,4,25.4801,-99.5024
10/31/2020,Mexico,Violence against civilians,8,25.4801,-99.5024
11/07/2020,Mexico,Violence against civilians,8,25.4801,-99.5024
11/14/2020,Mexico,Violence against civilians,9,25.4801,-99.5024
11/21/2020,Mexico,Violence against civilians,9,25.4801,-99.5024
11/28/2020,Mexico,Violence against civilians,6,25.4801,-99.5024
12/05/2020,Mexico,Violence against civilians,6,25.4801,-99.5024
12/12/2020,Mexico,Violence against civilians,3,25.4801,-99.5024
12/19/2020,Mexico,Violence against civilians,5,25.4801,-99.5024
12/26/2020,Mexico,Violence against civilians,2,25.4801,-99.5024
01/02/2021,Mexico,Violence against civilians,15,25.4801,-99.5024
01/09/2021,Mexico,Violence against civilians,9,25.4801,-99.5024
01/16/2021,Mexico,Violence against civilians,4,25.4801,-99.5024
01/23/2021,Mexico,Violence against civilians,6,25.4801,-99.5024
01/30/2021,Mexico,Violence against civilians,11,25.4801,-99.5024
02/06/2021,Mexico,Violence against civilians,7,25.4801,-99.5024
02/13/2021,Mexico,Violence against civilians,6,25.4801,-99.5024
02/20/2021,Mexico,Violence against civilians,7,25.4801,-99.5024
02/27/2021,Mexico,Violence against civilians,8,25.4801,-99.5024
03/06/2021,Mexico,Violence against civilians,11,25.4801,-99.5024
03/13/2021,Mexico,Violence against civilians,7,25.4801,-99.5024
03/20/2021,Mexico,Violence against civilians,5,25.4801,-99.5024
03/27/2021,Mexico,Violence against civilians,6,25.4801,-99.5024
04/03/2021,Mexico,Violence against civilians,14,25.4801,-99.5024
04/10/2021,Mexico,Violence against civilians,5,25.4801,-99.5024
04/17/2021,Mexico,Violence against civilians,9,25.4801,-99.5024
04/24/2021,Mexico,Violence against civilians,7,25.4801,-99.5024
05/01/2021,Mexico,Violence against civilians,8,25.4801,-99.5024
05/08/2021,Mexico,Violence against civilians,7,25.4801,-99.5024
05/15/2021,Mexico,Violence against civilians,14,25.4801,-99.5024
05/22/2021,Mexico,Violence against civilians,10,25.4801,-99.5024
05/29/2021,Mexico,Violence against civilians,3,25.4801,-99.5024
06/05/2021,Mexico,Violence against civilians,11,25.4801,-99.5024
06/12/2021,Mexico,Violence against civilians,8,25.4801,-99.5024
06/19/2021,Mexico,Violence against civilians,7,25.4801,-99.5024
06/26/2021,Mexico,Violence against civilians,12,25.4801,-99.5024
07/03/2021,Mexico,Violence against civilians,9,25.4801,-99.5024
07/10/2021,Mexico,Violence against civilians,11,25.4801,-99.5024
07/17/2021,Mexico,Violence against civilians,12,25.4801,-99.5024
07/24/2021,Mexico,Violence against civilians,5,25.4801,-99.5024
07/31/2021,Mexico,Violence against civilians,9,25.4801,-99.5024
08/07/2021,Mexico,Violence against civilians,7,25.4801,-99.5024
08/14/2021,Mexico,Violence against civilians,9,25.4801,-99.5024
08/21/2021,Mexico,Violence against civilians,3,25.4801,-99.5024
08/28/2021,Mexico,Violence against civilians,10,25.4801,-99.5024
09/04/2021,Mexico,Violence against civilians,6,25.4801,-99.5024
09/11/2021,Mexico,Violence against civilians,7,25.4801,-99.5024
09/18/2021,Mexico,Violence against civilians,4,25.4801,-99.5024
09/25/2021,Mexico,Violence against civilians,5,25.4801,-99.5024
10/02/2021,Mexico,Violence against civilians,4,25.4801,-99.5024
10/09/2021,Mexico,Violence against civilians,4,25.4801,-99.5024
10/16/2021,Mexico,Violence against civilians,4,25.4801,-99.5024
10/23/2021,Mexico,Violence against civilians,10,25.4801,-99.5024
10/30/2021,Mexico,Violence against civilians,4,25.4801,-99.5024
11/06/2021,Mexico,Violence against civilians,6,25.4801,-99.5024
11/13/2021,Mexico,Violence against civilians,5,25.4801,-99.5024
11/20/2021,Mexico,Violence against civilians,8,25.4801,-99.5024
11/27/2021,Mexico,Violence against civilians,4,25.4801,-99.5024
12/04/2021,Mexico,Violence against civilians,4,25.4801,-99.5024
12/11/2021,Mexico,Violence against civilians,10,25.4801,-99.5024
12/18/2021,Mexico,Violence against civilians,13,25.4801,-99.5024
12/25/2021,Mexico,Violence against civilians,8,25.4801,-99.5024
01/01/2022,Mexico,Violence against civilians,12,25.4801,-99.5024
01/08/2022,Mexico,Violence against civilians,12,25.4801,-99.5024
01/15/2022,Mexico,Violence against civilians,5,25.4801,-99.5024
01/22/2022,Mexico,Violence against civilians,7,25.4801,-99.5024
01/29/2022,Mexico,Violence against civilians,9,25.4801,-99.5024
02/05/2022,Mexico,Violence against civilians,11,25.4801,-99.5024
02/12/2022,Mexico,Violence against civilians,6,25.4801,-99.5024
02/19/2022,Mexico,Violence against civilians,11,25.4801,-99.5024
02/26/2022,Mexico,Violence against civilians,14,25.4801,-99.5024
03/05/2022,Mexico,Violence against civilians,6,25.4801,-99.5024
03/12/2022,Mexico,Violence against civilians,2,25.4801,-99.5024
03/19/2022,Mexico,Violence against civilians,8,25.4801,-99.5024
03/26/2022,Mexico,Violence against civilians,12,25.4801,-99.5024
04/02/2022,Mexico,Violence against civilians,8,25.4801,-99.5024
04/09/2022,Mexico,Violence against civilians,14,25.4801,-99.5024
04/16/2022,Mexico,Violence against civilians,10,25.4801,-99.5024
04/23/2022,Mexico,Violence against civilians,11,25.4801,-99.5024
04/30/2022,Mexico,Violence against civilians,11,25.4801,-99.5024
05/07/2022,Mexico,Violence against civilians,20,25.4801,-99.5024
05/14/2022,Mexico,Violence against civilians,11,25.4801,-99.5024
05/21/2022,Mexico,Violence against civilians,10,25.4801,-99.5024
05/28/2022,Mexico,Violence against civilians,11,25.4801,-99.5024
06/04/2022,Mexico,Violence against civilians,9,25.4801,-99.5024
06/11/2022,Mexico,Violence against civilians,19,25.4801,-99.5024
06/18/2022,Mexico,Violence against civilians,11,25.4801,-99.5024
06/25/2022,Mexico,Violence against civilians,6,25.4801,-99.5024
07/02/2022,Mexico,Violence against civilians,4,25.4801,-99.5024
07/09/2022,Mexico,Violence against civilians,14,25.4801,-99.5024
07/16/2022,Mexico,Violence against civilians,3,25.4801,-99.5024
07/23/2022,Mexico,Violence against civilians,9,25.4801,-99.5024
07/30/2022,Mexico,Violence against civilians,17,25.4801,-99.5024
08/06/2022,Mexico,Violence against civilians,14,25.4801,-99.5024
08/13/2022,Mexico,Violence against civilians,9,25.4801,-99.5024
08/20/2022,Mexico,Violence against civilians,18,25.4801,-99.5024
08/27/2022,Mexico,Violence against civilians,9,25.4801,-99.5024
09/03/2022,Mexico,Violence against civilians,8,25.4801,-99.5024
09/10/2022,Mexico,Violence against civilians,10,25.4801,-99.5024
09/17/2022,Mexico,Violence against civilians,9,25.4801,-99.5024
09/24/2022,Mexico,Violence against civilians,7,25.4801,-99.5024
10/01/2022,Mexico,Violence against civilians,15,25.4801,-99.5024
10/08/2022,Mexico,Violence against civilians,14,25.4801,-99.5024
10/15/2022,Mexico,Violence against civilians,15,25.4801,-99.5024
10/22/2022,Mexico,Violence against civilians,13,25.4801,-99.5024
10/29/2022,Mexico,Violence against civilians,12,25.4801,-99.5024
11/05/2022,Mexico,Violence against civilians,17,25.4801,-99.5024
11/12/2022,Mexico,Violence against civilians,2,25.4801,-99.5024
11/19/2022,Mexico,Violence against civilians,11,25.4801,-99.5024
11/26/2022,Mexico,Violence against civilians,7,25.4801,-99.5024
12/03/2022,Mexico,Violence against civilians,10,25.4801,-99.5024
12/10/2022,Mexico,Violence against civilians,7,25.4801,-99.5024
12/17/2022,Mexico,Violence against civilians,13,25.4801,-99.5024
12/24/2022,Mexico,Violence against civilians,8,25.4801,-99.5024
12/31/2022,Mexico,Violence against civilians,11,25.4801,-99.5024
01/07/2023,Mexico,Violence against civilians,11,25.4801,-99.5024
01/14/2023,Mexico,Violence against civilians,9,25.4801,-99.5024
01/21/2023,Mexico,Violence against civilians,5,25.4801,-99.5024
01/28/2023,Mexico,Violence against civilians,8,25.4801,-99.5024
02/04/2023,Mexico,Violence against civilians,10,25.4801,-99.5024
02/11/2023,Mexico,Violence against civilians,8,25.4801,-99.5024
02/18/2023,Mexico,Violence against civilians,7,25.4801,-99.5024
02/25/2023,Mexico,Violence against civilians,9,25.4801,-99.5024
03/04/2023,Mexico,Violence against civilians,4,25.4801,-99.5024
03/11/2023,Mexico,Violence against civilians,7,25.4801,-99.5024
03/18/2023,Mexico,Violence against civilians,3,25.4801,-99.5024
03/25/2023,Mexico,Violence against civilians,2,25.4801,-99.5024
04/01/2023,Mexico,Violence against civilians,9,25.4801,-99.5024
04/08/2023,Mexico,Violence against civilians,8,25.4801,-99.5024
04/15/2023,Mexico,Violence against civilians,11,25.4801,-99.5024
04/22/2023,Mexico,Violence against civilians,8,25.4801,-99.5024
04/29/2023,Mexico,Violence against civilians,7,25.4801,-99.5024
05/06/2023,Mexico,Violence against civilians,11,25.4801,-99.5024
05/13/2023,Mexico,Violence against civilians,14,25.4801,-99.5024
05/20/2023,Mexico,Violence against civilians,8,25.4801,-99.5024
05/27/2023,Mexico,Violence against civilians,7,25.4801,-99.5024
06/03/2023,Mexico,Violence against civilians,6,25.4801,-99.5024
06/10/2023,Mexico,Violence against civilians,8,25.4801,-99.5024
06/17/2023,Mexico,Violence against civilians,8,25.4801,-99.5024
06/24/2023,Mexico,Violence against civilians,11,25.4801,-99.5024
07/01/2023,Mexico,Violence against civilians,8,25.4801,-99.5024
07/08/2023,Mexico,Violence against civilians,8,25.4801,-99.5024
07/15/2023,Mexico,Violence against civilians,15,25.4801,-99.5024
07/22/2023,Mexico,Violence against civilians,19,25.4801,-99.5024
07/29/2023,Mexico,Violence against civilians,12,25.4801,-99.5024
08/05/2023,Mexico,Violence against civilians,8,25.4801,-99.5024
08/12/2023,Mexico,Violence against civilians,14,25.4801,-99.5024
08/19/2023,Mexico,Violence against civilians,16,25.4801,-99.5024
08/26/2023,Mexico,Violence against civilians,12,25.4801,-99.5024
09/02/2023,Mexico,Violence against civilians,12,25.4801,-99.5024
09/09/2023,Mexico,Violence against civilians,13,25.4801,-99.5024
09/16/2023,Mexico,Violence against civilians,6,25.4801,-99.5024
09/23/2023,Mexico,Violence against civilians,9,25.4801,-99.5024
09/30/2023,Mexico,Violence against civilians,9,25.4801,-99.5024
10/07/2023,Mexico,Violence against civilians,10,25.4801,-99.5024
10/14/2023,Mexico,Violence against civilians,15,25.4801,-99.5024
10/21/2023,Mexico,Violence against civilians,10,25.4801,-99.5024
10/28/2023,Mexico,Violence against civilians,10,25.4801,-99.5024
11/04/2023,Mexico,Violence against civilians,13,25.4801,-99.5024
11/11/2023,Mexico,Violence against civilians,11,25.4801,-99.5024
11/18/2023,Mexico,Violence against civilians,11,25.4801,-99.5024
11/25/2023,Mexico,Violence against civilians,10,25.4801,-99.5024
12/02/2023,Mexico,Violence against civilians,8,25.4801,-99.5024
12/09/2023,Mexico,Violence against civilians,12,25.4801,-99.5024
12/16/2023,Mexico,Violence against civilians,8,25.4801,-99.5024
12/23/2023,Mexico,Violence against civilians,9,25.4801,-99.5024
12/30/2023,Mexico,Violence against civilians,7,25.4801,-99.5024
01/06/2024,Mexico,Violence against civilians,9,25.4801,-99.5024
01/13/2024,Mexico,Violence against civilians,12,25.4801,-99.5024
01/20/2024,Mexico,Violence against civilians,14,25.4801,-99.5024
01/27/2024,Mexico,Violence against civilians,9,25.4801,-99.5024
02/03/2024,Mexico,Violence against civilians,12,25.4801,-99.5024
02/10/2024,Mexico,Violence against civilians,9,25.4801,-99.5024
02/17/2024,Mexico,Violence against civilians,10,25.4801,-99.5024
02/24/2024,Mexico,Violence against civilians,7,25.4801,-99.5024
03/02/2024,Mexico,Violence against civilians,7,25.4801,-99.5024
03/09/2024,Mexico,Violence against civilians,8,25.4801,-99.5024
03/16/2024,Mexico,Violence against civilians,13,25.4801,-99.5024
03/23/2024,Mexico,Violence against civilians,4,25.4801,-99.5024
03/30/2024,Mexico,Violence against civilians,8,25.4801,-99.5024
04/06/2024,Mexico,Violence against civilians,12,25.4801,-99.5024
04/13/2024,Mexico,Violence against civilians,16,25.4801,-99.5024
04/20/2024,Mexico,Violence against civilians,16,25.4801,-99.5024
04/27/2024,Mexico,Violence against civilians,14,25.4801,-99.5024
05/04/2024,Mexico,Violence against civilians,14,25.4801,-99.5024
05/11/2024,Mexico,Violence against civilians,13,25.4801,-99.5024
05/18/2024,Mexico,Violence against civilians,18,25.4801,-99.5024
05/25/2024,Mexico,Violence against civilians,14,25.4801,-99.5024
06/01/2024,Mexico,Violence against civilians,13,25.4801,-99.5024
06/08/2024,Mexico,Violence against civilians,19,25.4801,-99.5024
06/15/2024,Mexico,Violence against civilians,14,25.4801,-99.5024
06/22/2024,Mexico,Violence against civilians,17,25.4801,-99.5024
06/29/2024,Mexico,Violence against civilians,9,25.4801,-99.5024
07/06/2024,Mexico,Violence against civilians,5,25.4801,-99.5024
07/13/2024,Mexico,Violence against civilians,16,25.4801,-99.5024
07/20/2024,Mexico,Violence against civilians,18,25.4801,-99.5024
07/27/2024,Mexico,Violence against civilians,23,25.4801,-99.5024
08/03/2024,Mexico,Violence against civilians,12,25.4801,-99.5024
08/10/2024,Mexico,Violence against civilians,12,25.4801,-99.5024
08/17/2024,Mexico,Violence against civilians,9,25.4801,-99.5024
08/24/2024,Mexico,Violence against civilians,16,25.4801,-99.5024
08/31/2024,Mexico,Violence against civilians,8,25.4801,-99.5024
09/07/2024,Mexico,Violence against civilians,12,25.4801,-99.5024
09/14/2024,Mexico,Violence against civilians,10,25.4801,-99.5024
09/21/2024,Mexico,Violence against civilians,4,25.4801,-99.5024
09/28/2024,Mexico,Violence against civilians,13,25.4801,-99.5024
10/05/2024,Mexico,Violence against civilians,16,25.4801,-99.5024
10/12/2024,Mexico,Violence against civilians,8,25.4801,-99.5024
10/19/2024,Mexico,Violence against civilians,16,25.4801,-99.5024
10/26/2024,Mexico,Violence against civilians,4,25.4801,-99.5024
11/02/2024,Mexico,Violence against civilians,7,25.4801,-99.5024
11/09/2024,Mexico,Violence against civilians,9,25.4801,-99.5024
11/16/2024,Mexico,Violence against civilians,6,25.4801,-99.5024
11/23/2024,Mexico,Violence against civilians,3,25.4801,-99.5024
11/30/2024,Mexico,Violence against civilians,13,25.4801,-99.5024
12/07/2024,Mexico,Violence against civilians,5,25.4801,-99.5024
12/14/2024,Mexico,Violence against civilians,9,25.4801,-99.5024
12/21/2024,Mexico,Violence against civilians,7,25.4801,-99.5024
12/28/2024,Mexico,Violence against civilians,10,25.4801,-99.5024
01/04/2025,Mexico,Violence against civilians,8,25.4801,-99.5024
01/11/2025,Mexico,Violence against civilians,12,25.4801,-99.5024
01/18/2025,Mexico,Violence against civilians,9,25.4801,-99.5024
01/25/2025,Mexico,Violence against civilians,13,25.4801,-99.5024
02/01/2025,Mexico,Violence against civilians,10,25.4801,-99.5024
02/08/2025,Mexico,Violence against civilians,6,25.4801,-99.5024
02/15/2025,Mexico,Violence against civilians,7,25.4801,-99.5024
02/22/2025,Mexico,Violence against civilians,8,25.4801,-99.5024
03/01/2025,Mexico,Violence against civilians,11,25.4801,-99.5024
03/08/2025,Mexico,Violence against civilians,2,25.4801,-99.5024
03/15/2025,Mexico,Violence against civilians,5,25.4801,-99.5024
03/22/2025,Mexico,Violence against civilians,11,25.4801,-99.5024
03/29/2025,Mexico,Violence against civilians,12,25.4801,-99.5024
04/05/2025,Mexico,Violence against civilians,10,25.4801,-99.5024
04/12/2025,Mexico,Violence against civilians,9,25.4801,-99.5024
04/19/2025,Mexico,Violence against civilians,13,25.4801,-99.5024
04/26/2025,Mexico,Violence against civilians,11,25.4801,-99.5024
05/03/2025,Mexico,Violence against civilians,9,25.4801,-99.5024
05/10/2025,Mexico,Violence against civilians,8,25.4801,-99.5024
05/17/2025,Mexico,Violence against civilians,9,25.4801,-99.5024
05/24/2025,Mexico,Violence against civilians,9,25.4801,-99.5024
05/31/2025,Mexico,Violence against civilians,12,25.4801,-99.5024
06/07/2025,Mexico,Violence against civilians,11,25.4801,-99.5024
06/14/2025,Mexico,Violence against civilians,11,25.4801,-99.5024
06/21/2025,Mexico,Violence against civilians,4,25.4801,-99.5024
06/28/2025,Mexico,Violence against civilians,13,25.4801,-99.5024
07/05/2025,Mexico,Violence against civilians,6,25.4801,-99.5024
07/12/2025,Mexico,Violence against civilians,7,25.4801,-99.5024
07/19/2025,Mexico,Violence against civilians,6,25.4801,-99.5024
07/26/2025,Mexico,Violence against civilians,8,25.4801,-99.5024
08/02/2025,Mexico,Violence against civilians,16,25.4801,-99.5024
08/09/2025,Mexico,Violence against civilians,6,25.4801,-99.5024
08/16/2025,Mexico,Violence against civilians,9,25.4801,-99.5024
08/23/2025,Mexico,Violence against civilians,13,25.4801,-99.5024
08/30/2025,Mexico,Violence against civilians,10,25.4801,-99.5024
09/06/2025,Mexico,Violence against civilians,9,25.4801,-99.5024
09/13/2025,Mexico,Violence against civilians,7,25.4801,-99.5024
09/20/2025,Mexico,Violence against civilians,9,25.4801,-99.5024
09/27/2025,Mexico,Violence against civilians,8,25.4801,-99.5024
10/04/2025,Mexico,Violence against civilians,8,25.4801,-99.5024
10/11/2025,Mexico,Violence against civilians,3,25.4801,-99.5024
10/18/2025,Mexico,Violence against civilians,6,25.4801,-99.5024
12/30/2017,Mexico,Violence against civilians,2,25.4801,-99.5024
04/07/2018,Mexico,Violence against civilians,1,25.4801,-99.5024
05/12/2018,Mexico,Violence against civilians,1,25.4801,-99.5024
08/11/2018,Mexico,Violence against civilians,2,25.4801,-99.5024
02/01/2020,Mexico,Violence against civilians,1,25.4801,-99.5024
02/29/2020,Mexico,Violence against civilians,2,25.4801,-99.5024
04/06/2024,Mexico,Violence against civilians,1,25.4801,-99.5024
08/03/2024,Mexico,Violence against civilians,1,25.4801,-99.5024
08/10/2024,Mexico,Violence against civilians,2,25.4801,-99.5024
12/07/2024,Mexico,Violence against civilians,1,25.4801,-99.5024
01/18/2025,Mexico,Violence against civilians,1,25.4801,-99.5024
01/25/2025,Mexico,Violence against civilians,1,25.4801,-99.5024
03/01/2025,Mexico,Violence against civilians,1,25.4801,-99.5024
03/15/2025,Mexico,Violence against civilians,1,25.4801,-99.5024
10/06/2018,Mexico,Explosions/Remote violence,1,17.1631,-96.278
07/22/2023,Mexico,Explosions/Remote violence,1,17.1631,-96.278
06/30/2018,Mexico,Explosions/Remote violence,1,17.1631,-96.278
01/20/2018,Mexico,Riots,1,17.1631,-96.278
01/27/2018,Mexico,Riots,3,17.1631,-96.278
03/03/2018,Mexico,Riots,2,17.1631,-96.278
03/10/2018,Mexico,Riots,1,17.1631,-96.278
03/31/2018,Mexico,Riots,1,17.1631,-96.278
04/14/2018,Mexico,Riots,3,17.1631,-96.278
04/28/2018,Mexico,Riots,1,17.1631,-96.278
05/26/2018,Mexico,Riots,1,17.1631,-96.278
06/02/2018,Mexico,Riots,1,17.1631,-96.278
06/09/2018,Mexico,Riots,1,17.1631,-96.278
06/16/2018,Mexico,Riots,1,17.1631,-96.278
06/23/2018,Mexico,Riots,2,17.1631,-96.278
06/30/2018,Mexico,Riots,2,17.1631,-96.278
08/18/2018,Mexico,Riots,2,17.1631,-96.278
08/25/2018,Mexico,Riots,1,17.1631,-96.278
09/22/2018,Mexico,Riots,1,17.1631,-96.278
09/29/2018,Mexico,Riots,1,17.1631,-96.278
10/06/2018,Mexico,Riots,1,17.1631,-96.278
10/13/2018,Mexico,Riots,1,17.1631,-96.278
10/20/2018,Mexico,Riots,1,17.1631,-96.278
10/27/2018,Mexico,Riots,1,17.1631,-96.278
11/10/2018,Mexico,Riots,2,17.1631,-96.278
12/01/2018,Mexico,Riots,1,17.1631,-96.278
12/22/2018,Mexico,Riots,1,17.1631,-96.278
01/12/2019,Mexico,Riots,2,17.1631,-96.278
01/19/2019,Mexico,Riots,1,17.1631,-96.278
02/02/2019,Mexico,Riots,1,17.1631,-96.278
02/09/2019,Mexico,Riots,1,17.1631,-96.278
03/09/2019,Mexico,Riots,2,17.1631,-96.278
03/30/2019,Mexico,Riots,1,17.1631,-96.278
04/06/2019,Mexico,Riots,2,17.1631,-96.278
05/11/2019,Mexico,Riots,3,17.1631,-96.278
05/25/2019,Mexico,Riots,1,17.1631,-96.278
07/13/2019,Mexico,Riots,1,17.1631,-96.278
08/24/2019,Mexico,Riots,2,17.1631,-96.278
11/09/2019,Mexico,Riots,1,17.1631,-96.278
12/07/2019,Mexico,Riots,1,17.1631,-96.278
12/28/2019,Mexico,Riots,1,17.1631,-96.278
04/25/2020,Mexico,Riots,2,17.1631,-96.278
05/02/2020,Mexico,Riots,1,17.1631,-96.278
05/16/2020,Mexico,Riots,3,17.1631,-96.278
05/23/2020,Mexico,Riots,1,17.1631,-96.278
06/27/2020,Mexico,Riots,1,17.1631,-96.278
07/04/2020,Mexico,Riots,2,17.1631,-96.278
07/25/2020,Mexico,Riots,1,17.1631,-96.278
08/08/2020,Mexico,Riots,2,17.1631,-96.278
09/05/2020,Mexico,Riots,1,17.1631,-96.278
09/19/2020,Mexico,Riots,2,17.1631,-96.278
10/10/2020,Mexico,Riots,2,17.1631,-96.278
10/17/2020,Mexico,Riots,1,17.1631,-96.278
10/24/2020,Mexico,Riots,1,17.1631,-96.278
11/07/2020,Mexico,Riots,1,17.1631,-96.278
11/21/2020,Mexico,Riots,1,17.1631,-96.278
12/26/2020,Mexico,Riots,1,17.1631,-96.278
01/09/2021,Mexico,Riots,1,17.1631,-96.278
02/06/2021,Mexico,Riots,3,17.1631,-96.278
02/13/2021,Mexico,Riots,1,17.1631,-96.278
02/20/2021,Mexico,Riots,3,17.1631,-96.278
03/06/2021,Mexico,Riots,1,17.1631,-96.278
03/20/2021,Mexico,Riots,1,17.1631,-96.278
03/27/2021,Mexico,Riots,1,17.1631,-96.278
04/24/2021,Mexico,Riots,1,17.1631,-96.278
05/15/2021,Mexico,Riots,1,17.1631,-96.278
05/29/2021,Mexico,Riots,1,17.1631,-96.278
06/05/2021,Mexico,Riots,8,17.1631,-96.278
06/19/2021,Mexico,Riots,1,17.1631,-96.278
07/10/2021,Mexico,Riots,1,17.1631,-96.278
08/14/2021,Mexico,Riots,1,17.1631,-96.278
08/21/2021,Mexico,Riots,2,17.1631,-96.278
09/04/2021,Mexico,Riots,1,17.1631,-96.278
09/11/2021,Mexico,Riots,2,17.1631,-96.278
09/18/2021,Mexico,Riots,2,17.1631,-96.278
10/16/2021,Mexico,Riots,1,17.1631,-96.278
10/23/2021,Mexico,Riots,2,17.1631,-96.278
11/13/2021,Mexico,Riots,1,17.1631,-96.278
12/04/2021,Mexico,Riots,3,17.1631,-96.278
12/11/2021,Mexico,Riots,1,17.1631,-96.278
12/25/2021,Mexico,Riots,1,17.1631,-96.278
01/08/2022,Mexico,Riots,2,17.1631,-96.278
01/22/2022,Mexico,Riots,1,17.1631,-96.278
01/29/2022,Mexico,Riots,1,17.1631,-96.278
02/05/2022,Mexico,Riots,2,17.1631,-96.278
02/12/2022,Mexico,Riots,2,17.1631,-96.278
02/19/2022,Mexico,Riots,1,17.1631,-96.278
02/26/2022,Mexico,Riots,1,17.1631,-96.278
03/05/2022,Mexico,Riots,1,17.1631,-96.278
03/19/2022,Mexico,Riots,1,17.1631,-96.278
04/02/2022,Mexico,Riots,2,17.1631,-96.278
04/30/2022,Mexico,Riots,1,17.1631,-96.278
05/21/2022,Mexico,Riots,1,17.1631,-96.278
05/28/2022,Mexico,Riots,1,17.1631,-96.278
06/04/2022,Mexico,Riots,1,17.1631,-96.278
06/18/2022,Mexico,Riots,1,17.1631,-96.278
07/16/2022,Mexico,Riots,1,17.1631,-96.278
07/30/2022,Mexico,Riots,1,17.1631,-96.278
08/20/2022,Mexico,Riots,1,17.1631,-96.278
08/27/2022,Mexico,Riots,1,17.1631,-96.278
10/15/2022,Mexico,Riots,2,17.1631,-96.278
11/05/2022,Mexico,Riots,1,17.1631,-96.278
11/26/2022,Mexico,Riots,1,17.1631,-96.278
12/17/2022,Mexico,Riots,1,17.1631,-96.278
01/07/2023,Mexico,Riots,1,17.1631,-96.278
01/14/2023,Mexico,Riots,2,17.1631,-96.278
02/11/2023,Mexico,Riots,1,17.1631,-96.278
02/25/2023,Mexico,Riots,1,17.1631,-96.278
03/04/2023,Mexico,Riots,1,17.1631,-96.278
03/25/2023,Mexico,Riots,1,17.1631,-96.278
04/22/2023,Mexico,Riots,1,17.1631,-96.278
04/29/2023,Mexico,Riots,1,17.1631,-96.278
05/20/2023,Mexico,Riots,2,17.1631,-96.278
06/10/2023,Mexico,Riots,1,17.1631,-96.278
06/24/2023,Mexico,Riots,1,17.1631,-96.278
07/01/2023,Mexico,Riots,1,17.1631,-96.278
07/08/2023,Mexico,Riots,2,17.1631,-96.278
09/23/2023,Mexico,Riots,1,17.1631,-96.278
12/16/2023,Mexico,Riots,2,17.1631,-96.278
12/23/2023,Mexico,Riots,1,17.1631,-96.278
01/13/2024,Mexico,Riots,1,17.1631,-96.278
01/20/2024,Mexico,Riots,1,17.1631,-96.278
04/13/2024,Mexico,Riots,1,17.1631,-96.278
05/04/2024,Mexico,Riots,1,17.1631,-96.278
05/25/2024,Mexico,Riots,3,17.1631,-96.278
07/13/2024,Mexico,Riots,1,17.1631,-96.278
08/03/2024,Mexico,Riots,1,17.1631,-96.278
08/17/2024,Mexico,Riots,1,17.1631,-96.278
12/07/2024,Mexico,Riots,1,17.1631,-96.278
01/11/2025,Mexico,Riots,1,17.1631,-96.278
03/15/2025,Mexico,Riots,1,17.1631,-96.278
03/22/2025,Mexico,Riots,1,17.1631,-96.278
06/07/2025,Mexico,Riots,1,17.1631,-96.278
07/12/2025,Mexico,Riots,1,17.1631,-96.278
07/26/2025,Mexico,Riots,1,17.1631,-96.278
08/16/2025,Mexico,Riots,1,17.1631,-96.278
09/27/2025,Mexico,Riots,1,17.1631,-96.278
10/18/2025,Mexico,Riots,1,17.1631,-96.278
02/03/2018,Mexico,Riots,1,17.1631,-96.278
02/24/2018,Mexico,Riots,1,17.1631,-96.278
03/03/2018,Mexico,Riots,1,17.1631,-96.278
03/10/2018,Mexico,Riots,2,17.1631,-96.278
03/17/2018,Mexico,Riots,1,17.1631,-96.278
03/24/2018,Mexico,Riots,3,17.1631,-96.278
03/31/2018,Mexico,Riots,1,17.1631,-96.278
04/14/2018,Mexico,Riots,3,17.1631,-96.278
05/12/2018,Mexico,Riots,2,17.1631,-96.278
09/01/2018,Mexico,Riots,1,17.1631,-96.278
09/08/2018,Mexico,Riots,1,17.1631,-96.278
09/22/2018,Mexico,Riots,2,17.1631,-96.278
09/29/2018,Mexico,Riots,2,17.1631,-96.278
12/08/2018,Mexico,Riots,1,17.1631,-96.278
12/15/2018,Mexico,Riots,1,17.1631,-96.278
12/22/2018,Mexico,Riots,1,17.1631,-96.278
12/29/2018,Mexico,Riots,1,17.1631,-96.278
01/12/2019,Mexico,Riots,2,17.1631,-96.278
02/09/2019,Mexico,Riots,1,17.1631,-96.278
02/16/2019,Mexico,Riots,2,17.1631,-96.278
02/23/2019,Mexico,Riots,1,17.1631,-96.278
03/02/2019,Mexico,Riots,1,17.1631,-96.278
03/09/2019,Mexico,Riots,3,17.1631,-96.278
03/23/2019,Mexico,Riots,1,17.1631,-96.278
03/30/2019,Mexico,Riots,1,17.1631,-96.278
04/06/2019,Mexico,Riots,1,17.1631,-96.278
04/20/2019,Mexico,Riots,2,17.1631,-96.278
05/11/2019,Mexico,Riots,1,17.1631,-96.278
05/18/2019,Mexico,Riots,1,17.1631,-96.278
06/29/2019,Mexico,Riots,1,17.1631,-96.278
07/06/2019,Mexico,Riots,1,17.1631,-96.278
08/10/2019,Mexico,Riots,1,17.1631,-96.278
08/24/2019,Mexico,Riots,1,17.1631,-96.278
08/31/2019,Mexico,Riots,2,17.1631,-96.278
09/28/2019,Mexico,Riots,2,17.1631,-96.278
10/19/2019,Mexico,Riots,1,17.1631,-96.278
11/02/2019,Mexico,Riots,3,17.1631,-96.278
11/09/2019,Mexico,Riots,1,17.1631,-96.278
11/16/2019,Mexico,Riots,1,17.1631,-96.278
12/07/2019,Mexico,Riots,2,17.1631,-96.278
12/14/2019,Mexico,Riots,1,17.1631,-96.278
01/11/2020,Mexico,Riots,1,17.1631,-96.278
02/01/2020,Mexico,Riots,1,17.1631,-96.278
02/15/2020,Mexico,Riots,2,17.1631,-96.278
02/22/2020,Mexico,Riots,2,17.1631,-96.278
03/14/2020,Mexico,Riots,3,17.1631,-96.278
03/21/2020,Mexico,Riots,1,17.1631,-96.278
04/11/2020,Mexico,Riots,1,17.1631,-96.278
05/02/2020,Mexico,Riots,1,17.1631,-96.278
05/23/2020,Mexico,Riots,1,17.1631,-96.278
06/06/2020,Mexico,Riots,1,17.1631,-96.278
06/13/2020,Mexico,Riots,1,17.1631,-96.278
07/25/2020,Mexico,Riots,1,17.1631,-96.278
08/01/2020,Mexico,Riots,1,17.1631,-96.278
08/08/2020,Mexico,Riots,2,17.1631,-96.278
08/15/2020,Mexico,Riots,3,17.1631,-96.278
08/22/2020,Mexico,Riots,1,17.1631,-96.278
09/05/2020,Mexico,Riots,1,17.1631,-96.278
09/12/2020,Mexico,Riots,1,17.1631,-96.278
09/26/2020,Mexico,Riots,2,17.1631,-96.278
10/03/2020,Mexico,Riots,3,17.1631,-96.278
10/17/2020,Mexico,Riots,3,17.1631,-96.278
10/24/2020,Mexico,Riots,1,17.1631,-96.278
10/31/2020,Mexico,Riots,4,17.1631,-96.278
11/14/2020,Mexico,Riots,1,17.1631,-96.278
11/21/2020,Mexico,Riots,3,17.1631,-96.278
12/05/2020,Mexico,Riots,4,17.1631,-96.278
12/12/2020,Mexico,Riots,1,17.1631,-96.278
01/02/2021,Mexico,Riots,1,17.1631,-96.278
01/23/2021,Mexico,Riots,3,17.1631,-96.278
02/06/2021,Mexico,Riots,2,17.1631,-96.278
02/13/2021,Mexico,Riots,2,17.1631,-96.278
02/27/2021,Mexico,Riots,1,17.1631,-96.278
03/06/2021,Mexico,Riots,2,17.1631,-96.278
03/13/2021,Mexico,Riots,2,17.1631,-96.278
03/20/2021,Mexico,Riots,3,17.1631,-96.278
04/10/2021,Mexico,Riots,2,17.1631,-96.278
05/01/2021,Mexico,Riots,1,17.1631,-96.278
05/15/2021,Mexico,Riots,2,17.1631,-96.278
06/05/2021,Mexico,Riots,4,17.1631,-96.278
07/03/2021,Mexico,Riots,1,17.1631,-96.278
07/10/2021,Mexico,Riots,1,17.1631,-96.278
07/17/2021,Mexico,Riots,1,17.1631,-96.278
07/24/2021,Mexico,Riots,2,17.1631,-96.278
09/04/2021,Mexico,Riots,1,17.1631,-96.278
09/11/2021,Mexico,Riots,1,17.1631,-96.278
09/18/2021,Mexico,Riots,1,17.1631,-96.278
09/25/2021,Mexico,Riots,3,17.1631,-96.278
10/09/2021,Mexico,Riots,5,17.1631,-96.278
10/16/2021,Mexico,Riots,2,17.1631,-96.278
10/23/2021,Mexico,Riots,1,17.1631,-96.278
10/30/2021,Mexico,Riots,1,17.1631,-96.278
11/06/2021,Mexico,Riots,2,17.1631,-96.278
11/13/2021,Mexico,Riots,1,17.1631,-96.278
11/20/2021,Mexico,Riots,3,17.1631,-96.278
12/04/2021,Mexico,Riots,2,17.1631,-96.278
12/11/2021,Mexico,Riots,3,17.1631,-96.278
12/18/2021,Mexico,Riots,1,17.1631,-96.278
12/25/2021,Mexico,Riots,1,17.1631,-96.278
01/15/2022,Mexico,Riots,1,17.1631,-96.278
01/29/2022,Mexico,Riots,2,17.1631,-96.278
02/12/2022,Mexico,Riots,4,17.1631,-96.278
03/05/2022,Mexico,Riots,4,17.1631,-96.278
03/12/2022,Mexico,Riots,1,17.1631,-96.278
03/26/2022,Mexico,Riots,2,17.1631,-96.278
04/02/2022,Mexico,Riots,1,17.1631,-96.278
04/16/2022,Mexico,Riots,2,17.1631,-96.278
04/23/2022,Mexico,Riots,3,17.1631,-96.278
04/30/2022,Mexico,Riots,1,17.1631,-96.278
05/14/2022,Mexico,Riots,2,17.1631,-96.278
05/28/2022,Mexico,Riots,1,17.1631,-96.278
06/04/2022,Mexico,Riots,6,17.1631,-96.278
07/09/2022,Mexico,Riots,2,17.1631,-96.278
07/30/2022,Mexico,Riots,1,17.1631,-96.278
08/27/2022,Mexico,Riots,1,17.1631,-96.278
09/10/2022,Mexico,Riots,2,17.1631,-96.278
09/24/2022,Mexico,Riots,2,17.1631,-96.278
10/01/2022,Mexico,Riots,2,17.1631,-96.278
10/22/2022,Mexico,Riots,1,17.1631,-96.278
11/26/2022,Mexico,Riots,1,17.1631,-96.278
12/24/2022,Mexico,Riots,2,17.1631,-96.278
12/31/2022,Mexico,Riots,1,17.1631,-96.278
01/14/2023,Mexico,Riots,1,17.1631,-96.278
02/04/2023,Mexico,Riots,1,17.1631,-96.278
03/11/2023,Mexico,Riots,1,17.1631,-96.278
04/22/2023,Mexico,Riots,1,17.1631,-96.278
05/27/2023,Mexico,Riots,1,17.1631,-96.278
09/16/2023,Mexico,Riots,1,17.1631,-96.278
09/30/2023,Mexico,Riots,1,17.1631,-96.278
11/25/2023,Mexico,Riots,1,17.1631,-96.278
12/02/2023,Mexico,Riots,1,17.1631,-96.278
12/16/2023,Mexico,Riots,1,17.1631,-96.278
12/30/2023,Mexico,Riots,2,17.1631,-96.278
01/13/2024,Mexico,Riots,1,17.1631,-96.278
01/27/2024,Mexico,Riots,1,17.1631,-96.278
04/13/2024,Mexico,Riots,1,17.1631,-96.278
05/11/2024,Mexico,Riots,1,17.1631,-96.278
05/18/2024,Mexico,Riots,1,17.1631,-96.278
09/14/2024,Mexico,Riots,1,17.1631,-96.278
09/21/2024,Mexico,Riots,1,17.1631,-96.278
10/05/2024,Mexico,Riots,1,17.1631,-96.278
10/26/2024,Mexico,Riots,1,17.1631,-96.278
01/04/2025,Mexico,Riots,1,17.1631,-96.278
02/15/2025,Mexico,Riots,1,17.1631,-96.278
03/01/2025,Mexico,Riots,1,17.1631,-96.278
03/08/2025,Mexico,Riots,3,17.1631,-96.278
04/05/2025,Mexico,Riots,1,17.1631,-96.278
04/12/2025,Mexico,Riots,1,17.1631,-96.278
07/05/2025,Mexico,Riots,1,17.1631,-96.278
09/13/2025,Mexico,Riots,1,17.1631,-96.278
10/18/2025,Mexico,Riots,1,17.1631,-96.278
01/20/2018,Mexico,Violence against civilians,1,17.1631,-96.278
02/10/2018,Mexico,Violence against civilians,1,17.1631,-96.278
03/31/2018,Mexico,Violence against civilians,1,17.1631,-96.278
01/19/2019,Mexico,Violence against civilians,1,17.1631,-96.278
02/02/2019,Mexico,Violence against civilians,1,17.1631,-96.278
01/09/2021,Mexico,Violence against civilians,1,17.1631,-96.278
03/20/2021,Mexico,Violence against civilians,1,17.1631,-96.278
04/17/2021,Mexico,Violence against civilians,1,17.1631,-96.278
01/15/2022,Mexico,Violence against civilians,1,17.1631,-96.278
12/03/2022,Mexico,Violence against civilians,1,17.1631,-96.278
02/25/2023,Mexico,Violence against civilians,1,17.1631,-96.278
09/02/2023,Mexico,Violence against civilians,1,17.1631,-96.278
10/14/2023,Mexico,Violence against civilians,1,17.1631,-96.278
08/10/2024,Mexico,Violence against civilians,1,17.1631,-96.278
09/28/2024,Mexico,Violence against civilians,1,17.1631,-96.278
03/15/2025,Mexico,Violence against civilians,1,17.1631,-96.278
05/03/2025,Mexico,Violence against civilians,1,17.1631,-96.278
12/30/2017,Mexico,Violence against civilians,1,17.1631,-96.278
01/06/2018,Mexico,Violence against civilians,4,17.1631,-96.278
01/13/2018,Mexico,Violence against civilians,1,17.1631,-96.278
01/20/2018,Mexico,Violence against civilians,2,17.1631,-96.278
01/27/2018,Mexico,Violence against civilians,5,17.1631,-96.278
02/03/2018,Mexico,Violence against civilians,4,17.1631,-96.278
02/10/2018,Mexico,Violence against civilians,5,17.1631,-96.278
02/24/2018,Mexico,Violence against civilians,5,17.1631,-96.278
03/03/2018,Mexico,Violence against civilians,5,17.1631,-96.278
03/10/2018,Mexico,Violence against civilians,4,17.1631,-96.278
03/17/2018,Mexico,Violence against civilians,4,17.1631,-96.278
03/24/2018,Mexico,Violence against civilians,2,17.1631,-96.278
03/31/2018,Mexico,Violence against civilians,3,17.1631,-96.278
04/07/2018,Mexico,Violence against civilians,1,17.1631,-96.278
04/14/2018,Mexico,Violence against civilians,4,17.1631,-96.278
04/21/2018,Mexico,Violence against civilians,4,17.1631,-96.278
04/28/2018,Mexico,Violence against civilians,6,17.1631,-96.278
05/05/2018,Mexico,Violence against civilians,1,17.1631,-96.278
05/12/2018,Mexico,Violence against civilians,5,17.1631,-96.278
05/19/2018,Mexico,Violence against civilians,3,17.1631,-96.278
05/26/2018,Mexico,Violence against civilians,2,17.1631,-96.278
06/02/2018,Mexico,Violence against civilians,2,17.1631,-96.278
06/09/2018,Mexico,Violence against civilians,1,17.1631,-96.278
06/16/2018,Mexico,Violence against civilians,4,17.1631,-96.278
06/23/2018,Mexico,Violence against civilians,7,17.1631,-96.278
06/30/2018,Mexico,Violence against civilians,1,17.1631,-96.278
07/07/2018,Mexico,Violence against civilians,2,17.1631,-96.278
07/14/2018,Mexico,Violence against civilians,8,17.1631,-96.278
07/21/2018,Mexico,Violence against civilians,1,17.1631,-96.278
07/28/2018,Mexico,Violence against civilians,1,17.1631,-96.278
08/04/2018,Mexico,Violence against civilians,4,17.1631,-96.278
08/11/2018,Mexico,Violence against civilians,9,17.1631,-96.278
08/18/2018,Mexico,Violence against civilians,5,17.1631,-96.278
08/25/2018,Mexico,Violence against civilians,2,17.1631,-96.278
09/08/2018,Mexico,Violence against civilians,1,17.1631,-96.278
09/15/2018,Mexico,Violence against civilians,3,17.1631,-96.278
09/22/2018,Mexico,Violence against civilians,2,17.1631,-96.278
10/06/2018,Mexico,Violence against civilians,2,17.1631,-96.278
10/20/2018,Mexico,Violence against civilians,3,17.1631,-96.278
10/27/2018,Mexico,Violence against civilians,1,17.1631,-96.278
11/03/2018,Mexico,Violence against civilians,4,17.1631,-96.278
11/10/2018,Mexico,Violence against civilians,1,17.1631,-96.278
12/15/2018,Mexico,Violence against civilians,1,17.1631,-96.278
12/22/2018,Mexico,Violence against civilians,2,17.1631,-96.278
12/29/2018,Mexico,Violence against civilians,4,17.1631,-96.278
01/05/2019,Mexico,Violence against civilians,2,17.1631,-96.278
01/12/2019,Mexico,Violence against civilians,1,17.1631,-96.278
01/19/2019,Mexico,Violence against civilians,8,17.1631,-96.278
01/26/2019,Mexico,Violence against civilians,2,17.1631,-96.278
02/09/2019,Mexico,Violence against civilians,4,17.1631,-96.278
02/16/2019,Mexico,Violence against civilians,5,17.1631,-96.278
02/23/2019,Mexico,Violence against civilians,1,17.1631,-96.278
03/02/2019,Mexico,Violence against civilians,2,17.1631,-96.278
03/09/2019,Mexico,Violence against civilians,6,17.1631,-96.278
03/16/2019,Mexico,Violence against civilians,2,17.1631,-96.278
03/23/2019,Mexico,Violence against civilians,1,17.1631,-96.278
03/30/2019,Mexico,Violence against civilians,5,17.1631,-96.278
04/06/2019,Mexico,Violence against civilians,7,17.1631,-96.278
04/13/2019,Mexico,Violence against civilians,3,17.1631,-96.278
04/20/2019,Mexico,Violence against civilians,2,17.1631,-96.278
04/27/2019,Mexico,Violence against civilians,3,17.1631,-96.278
05/04/2019,Mexico,Violence against civilians,2,17.1631,-96.278
05/18/2019,Mexico,Violence against civilians,3,17.1631,-96.278
05/25/2019,Mexico,Violence against civilians,1,17.1631,-96.278
06/01/2019,Mexico,Violence against civilians,1,17.1631,-96.278
06/08/2019,Mexico,Violence against civilians,5,17.1631,-96.278
06/22/2019,Mexico,Violence against civilians,2,17.1631,-96.278
07/06/2019,Mexico,Violence against civilians,3,17.1631,-96.278
07/13/2019,Mexico,Violence against civilians,3,17.1631,-96.278
07/20/2019,Mexico,Violence against civilians,1,17.1631,-96.278
07/27/2019,Mexico,Violence against civilians,1,17.1631,-96.278
08/03/2019,Mexico,Violence against civilians,1,17.1631,-96.278
08/10/2019,Mexico,Violence against civilians,2,17.1631,-96.278
08/17/2019,Mexico,Violence against civilians,2,17.1631,-96.278
08/24/2019,Mexico,Violence against civilians,1,17.1631,-96.278
08/31/2019,Mexico,Violence against civilians,1,17.1631,-96.278
09/07/2019,Mexico,Violence against civilians,2,17.1631,-96.278
09/21/2019,Mexico,Violence against civilians,1,17.1631,-96.278
09/28/2019,Mexico,Violence against civilians,4,17.1631,-96.278
10/05/2019,Mexico,Violence against civilians,3,17.1631,-96.278
10/12/2019,Mexico,Violence against civilians,3,17.1631,-96.278
10/19/2019,Mexico,Violence against civilians,4,17.1631,-96.278
10/26/2019,Mexico,Violence against civilians,1,17.1631,-96.278
11/02/2019,Mexico,Violence against civilians,1,17.1631,-96.278
11/09/2019,Mexico,Violence against civilians,1,17.1631,-96.278
11/16/2019,Mexico,Violence against civilians,1,17.1631,-96.278
11/23/2019,Mexico,Violence against civilians,1,17.1631,-96.278
11/30/2019,Mexico,Violence against civilians,3,17.1631,-96.278
12/07/2019,Mexico,Violence against civilians,1,17.1631,-96.278
12/14/2019,Mexico,Violence against civilians,1,17.1631,-96.278
12/21/2019,Mexico,Violence against civilians,2,17.1631,-96.278
12/28/2019,Mexico,Violence against civilians,1,17.1631,-96.278
01/11/2020,Mexico,Violence against civilians,2,17.1631,-96.278
01/18/2020,Mexico,Violence against civilians,2,17.1631,-96.278
01/25/2020,Mexico,Violence against civilians,4,17.1631,-96.278
02/01/2020,Mexico,Violence against civilians,2,17.1631,-96.278
02/15/2020,Mexico,Violence against civilians,2,17.1631,-96.278
02/22/2020,Mexico,Violence against civilians,4,17.1631,-96.278
02/29/2020,Mexico,Violence against civilians,3,17.1631,-96.278
03/07/2020,Mexico,Violence against civilians,1,17.1631,-96.278
03/14/2020,Mexico,Violence against civilians,2,17.1631,-96.278
03/21/2020,Mexico,Violence against civilians,2,17.1631,-96.278
03/28/2020,Mexico,Violence against civilians,1,17.1631,-96.278
04/04/2020,Mexico,Violence against civilians,3,17.1631,-96.278
04/11/2020,Mexico,Violence against civilians,2,17.1631,-96.278
04/25/2020,Mexico,Violence against civilians,4,17.1631,-96.278
05/02/2020,Mexico,Violence against civilians,6,17.1631,-96.278
05/09/2020,Mexico,Violence against civilians,4,17.1631,-96.278
05/23/2020,Mexico,Violence against civilians,4,17.1631,-96.278
05/30/2020,Mexico,Violence against civilians,2,17.1631,-96.278
06/06/2020,Mexico,Violence against civilians,2,17.1631,-96.278
06/13/2020,Mexico,Violence against civilians,2,17.1631,-96.278
06/20/2020,Mexico,Violence against civilians,5,17.1631,-96.278
06/27/2020,Mexico,Violence against civilians,3,17.1631,-96.278
07/04/2020,Mexico,Violence against civilians,3,17.1631,-96.278
07/11/2020,Mexico,Violence against civilians,2,17.1631,-96.278
07/18/2020,Mexico,Violence against civilians,1,17.1631,-96.278
07/25/2020,Mexico,Violence against civilians,1,17.1631,-96.278
08/01/2020,Mexico,Violence against civilians,3,17.1631,-96.278
08/08/2020,Mexico,Violence against civilians,2,17.1631,-96.278
08/15/2020,Mexico,Violence against civilians,3,17.1631,-96.278
08/22/2020,Mexico,Violence against civilians,4,17.1631,-96.278
09/05/2020,Mexico,Violence against civilians,1,17.1631,-96.278
10/03/2020,Mexico,Violence against civilians,1,17.1631,-96.278
10/10/2020,Mexico,Violence against civilians,1,17.1631,-96.278
10/17/2020,Mexico,Violence against civilians,2,17.1631,-96.278
10/24/2020,Mexico,Violence against civilians,1,17.1631,-96.278
10/31/2020,Mexico,Violence against civilians,2,17.1631,-96.278
11/14/2020,Mexico,Violence against civilians,3,17.1631,-96.278
11/21/2020,Mexico,Violence against civilians,4,17.1631,-96.278
11/28/2020,Mexico,Violence against civilians,2,17.1631,-96.278
12/05/2020,Mexico,Violence against civilians,1,17.1631,-96.278
12/12/2020,Mexico,Violence against civilians,1,17.1631,-96.278
12/19/2020,Mexico,Violence against civilians,1,17.1631,-96.278
12/26/2020,Mexico,Violence against civilians,1,17.1631,-96.278
01/02/2021,Mexico,Violence against civilians,5,17.1631,-96.278
01/09/2021,Mexico,Violence against civilians,1,17.1631,-96.278
01/16/2021,Mexico,Violence against civilians,6,17.1631,-96.278
01/23/2021,Mexico,Violence against civilians,1,17.1631,-96.278
01/30/2021,Mexico,Violence against civilians,3,17.1631,-96.278
02/06/2021,Mexico,Violence against civilians,3,17.1631,-96.278
02/13/2021,Mexico,Violence against civilians,1,17.1631,-96.278
03/06/2021,Mexico,Violence against civilians,2,17.1631,-96.278
03/13/2021,Mexico,Violence against civilians,2,17.1631,-96.278
03/20/2021,Mexico,Violence against civilians,2,17.1631,-96.278
03/27/2021,Mexico,Violence against civilians,3,17.1631,-96.278
04/03/2021,Mexico,Violence against civilians,2,17.1631,-96.278
04/10/2021,Mexico,Violence against civilians,5,17.1631,-96.278
04/17/2021,Mexico,Violence against civilians,2,17.1631,-96.278
05/01/2021,Mexico,Violence against civilians,2,17.1631,-96.278
05/15/2021,Mexico,Violence against civilians,1,17.1631,-96.278
05/22/2021,Mexico,Violence against civilians,1,17.1631,-96.278
05/29/2021,Mexico,Violence against civilians,3,17.1631,-96.278
06/05/2021,Mexico,Violence against civilians,5,17.1631,-96.278
06/12/2021,Mexico,Violence against civilians,1,17.1631,-96.278
06/19/2021,Mexico,Violence against civilians,4,17.1631,-96.278
06/26/2021,Mexico,Violence against civilians,2,17.1631,-96.278
07/03/2021,Mexico,Violence against civilians,1,17.1631,-96.278
07/17/2021,Mexico,Violence against civilians,2,17.1631,-96.278
07/24/2021,Mexico,Violence against civilians,2,17.1631,-96.278
07/31/2021,Mexico,Violence against civilians,4,17.1631,-96.278
08/14/2021,Mexico,Violence against civilians,4,17.1631,-96.278
09/04/2021,Mexico,Violence against civilians,2,17.1631,-96.278
09/11/2021,Mexico,Violence against civilians,2,17.1631,-96.278
09/18/2021,Mexico,Violence against civilians,1,17.1631,-96.278
09/25/2021,Mexico,Violence against civilians,1,17.1631,-96.278
10/02/2021,Mexico,Violence against civilians,4,17.1631,-96.278
10/16/2021,Mexico,Violence against civilians,2,17.1631,-96.278
10/23/2021,Mexico,Violence against civilians,5,17.1631,-96.278
10/30/2021,Mexico,Violence against civilians,5,17.1631,-96.278
11/06/2021,Mexico,Violence against civilians,1,17.1631,-96.278
11/13/2021,Mexico,Violence against civilians,4,17.1631,-96.278
11/20/2021,Mexico,Violence against civilians,2,17.1631,-96.278
11/27/2021,Mexico,Violence against civilians,2,17.1631,-96.278
12/04/2021,Mexico,Violence against civilians,2,17.1631,-96.278
12/11/2021,Mexico,Violence against civilians,2,17.1631,-96.278
12/18/2021,Mexico,Violence against civilians,2,17.1631,-96.278
01/08/2022,Mexico,Violence against civilians,5,17.1631,-96.278
01/15/2022,Mexico,Violence against civilians,2,17.1631,-96.278
01/22/2022,Mexico,Violence against civilians,2,17.1631,-96.278
01/29/2022,Mexico,Violence against civilians,5,17.1631,-96.278
02/05/2022,Mexico,Violence against civilians,3,17.1631,-96.278
02/12/2022,Mexico,Violence against civilians,4,17.1631,-96.278
02/19/2022,Mexico,Violence against civilians,4,17.1631,-96.278
02/26/2022,Mexico,Violence against civilians,2,17.1631,-96.278
03/05/2022,Mexico,Violence against civilians,1,17.1631,-96.278
03/12/2022,Mexico,Violence against civilians,1,17.1631,-96.278
03/19/2022,Mexico,Violence against civilians,3,17.1631,-96.278
03/26/2022,Mexico,Violence against civilians,1,17.1631,-96.278
04/02/2022,Mexico,Violence against civilians,3,17.1631,-96.278
04/09/2022,Mexico,Violence against civilians,3,17.1631,-96.278
04/16/2022,Mexico,Violence against civilians,1,17.1631,-96.278
04/23/2022,Mexico,Violence against civilians,1,17.1631,-96.278
04/30/2022,Mexico,Violence against civilians,1,17.1631,-96.278
05/07/2022,Mexico,Violence against civilians,2,17.1631,-96.278
05/14/2022,Mexico,Violence against civilians,4,17.1631,-96.278
05/21/2022,Mexico,Violence against civilians,2,17.1631,-96.278
05/28/2022,Mexico,Violence against civilians,2,17.1631,-96.278
06/11/2022,Mexico,Violence against civilians,3,17.1631,-96.278
06/18/2022,Mexico,Violence against civilians,2,17.1631,-96.278
06/25/2022,Mexico,Violence against civilians,2,17.1631,-96.278
07/02/2022,Mexico,Violence against civilians,5,17.1631,-96.278
07/09/2022,Mexico,Violence against civilians,1,17.1631,-96.278
07/16/2022,Mexico,Violence against civilians,1,17.1631,-96.278
07/30/2022,Mexico,Violence against civilians,3,17.1631,-96.278
08/06/2022,Mexico,Violence against civilians,1,17.1631,-96.278
08/13/2022,Mexico,Violence against civilians,2,17.1631,-96.278
08/20/2022,Mexico,Violence against civilians,6,17.1631,-96.278
08/27/2022,Mexico,Violence against civilians,2,17.1631,-96.278
09/03/2022,Mexico,Violence against civilians,2,17.1631,-96.278
09/17/2022,Mexico,Violence against civilians,8,17.1631,-96.278
10/01/2022,Mexico,Violence against civilians,9,17.1631,-96.278
10/08/2022,Mexico,Violence against civilians,2,17.1631,-96.278
10/15/2022,Mexico,Violence against civilians,2,17.1631,-96.278
10/22/2022,Mexico,Violence against civilians,7,17.1631,-96.278
10/29/2022,Mexico,Violence against civilians,3,17.1631,-96.278
11/05/2022,Mexico,Violence against civilians,1,17.1631,-96.278
11/12/2022,Mexico,Violence against civilians,2,17.1631,-96.278
11/19/2022,Mexico,Violence against civilians,1,17.1631,-96.278
11/26/2022,Mexico,Violence against civilians,2,17.1631,-96.278
12/03/2022,Mexico,Violence against civilians,3,17.1631,-96.278
12/10/2022,Mexico,Violence against civilians,1,17.1631,-96.278
12/17/2022,Mexico,Violence against civilians,1,17.1631,-96.278
12/24/2022,Mexico,Violence against civilians,2,17.1631,-96.278
12/31/2022,Mexico,Violence against civilians,4,17.1631,-96.278
01/07/2023,Mexico,Violence against civilians,4,17.1631,-96.278
01/14/2023,Mexico,Violence against civilians,6,17.1631,-96.278
01/21/2023,Mexico,Violence against civilians,4,17.1631,-96.278
01/28/2023,Mexico,Violence against civilians,4,17.1631,-96.278
02/04/2023,Mexico,Violence against civilians,2,17.1631,-96.278
02/11/2023,Mexico,Violence against civilians,3,17.1631,-96.278
02/25/2023,Mexico,Violence against civilians,1,17.1631,-96.278
03/04/2023,Mexico,Violence against civilians,5,17.1631,-96.278
03/11/2023,Mexico,Violence against civilians,1,17.1631,-96.278
03/18/2023,Mexico,Violence against civilians,4,17.1631,-96.278
03/25/2023,Mexico,Violence against civilians,2,17.1631,-96.278
04/01/2023,Mexico,Violence against civilians,1,17.1631,-96.278
04/08/2023,Mexico,Violence against civilians,4,17.1631,-96.278
04/15/2023,Mexico,Violence against civilians,1,17.1631,-96.278
04/22/2023,Mexico,Violence against civilians,2,17.1631,-96.278
04/29/2023,Mexico,Violence against civilians,4,17.1631,-96.278
05/06/2023,Mexico,Violence against civilians,2,17.1631,-96.278
05/13/2023,Mexico,Violence against civilians,3,17.1631,-96.278
05/20/2023,Mexico,Violence against civilians,1,17.1631,-96.278
05/27/2023,Mexico,Violence against civilians,3,17.1631,-96.278
06/03/2023,Mexico,Violence against civilians,4,17.1631,-96.278
06/10/2023,Mexico,Violence against civilians,2,17.1631,-96.278
06/17/2023,Mexico,Violence against civilians,2,17.1631,-96.278
06/24/2023,Mexico,Violence against civilians,4,17.1631,-96.278
07/01/2023,Mexico,Violence against civilians,3,17.1631,-96.278
07/08/2023,Mexico,Violence against civilians,2,17.1631,-96.278
07/15/2023,Mexico,Violence against civilians,1,17.1631,-96.278
07/22/2023,Mexico,Violence against civilians,1,17.1631,-96.278
07/29/2023,Mexico,Violence against civilians,1,17.1631,-96.278
08/05/2023,Mexico,Violence against civilians,5,17.1631,-96.278
08/12/2023,Mexico,Violence against civilians,2,17.1631,-96.278
08/19/2023,Mexico,Violence against civilians,5,17.1631,-96.278
08/26/2023,Mexico,Violence against civilians,2,17.1631,-96.278
09/02/2023,Mexico,Violence against civilians,4,17.1631,-96.278
09/09/2023,Mexico,Violence against civilians,3,17.1631,-96.278
09/16/2023,Mexico,Violence against civilians,3,17.1631,-96.278
09/30/2023,Mexico,Violence against civilians,1,17.1631,-96.278
10/07/2023,Mexico,Violence against civilians,1,17.1631,-96.278
10/14/2023,Mexico,Violence against civilians,3,17.1631,-96.278
10/21/2023,Mexico,Violence against civilians,1,17.1631,-96.278
10/28/2023,Mexico,Violence against civilians,2,17.1631,-96.278
11/04/2023,Mexico,Violence against civilians,1,17.1631,-96.278
11/11/2023,Mexico,Violence against civilians,2,17.1631,-96.278
11/25/2023,Mexico,Violence against civilians,5,17.1631,-96.278
12/02/2023,Mexico,Violence against civilians,3,17.1631,-96.278
12/16/2023,Mexico,Violence against civilians,3,17.1631,-96.278
12/23/2023,Mexico,Violence against civilians,3,17.1631,-96.278
12/30/2023,Mexico,Violence against civilians,1,17.1631,-96.278
01/13/2024,Mexico,Violence against civilians,2,17.1631,-96.278
01/27/2024,Mexico,Violence against civilians,2,17.1631,-96.278
02/03/2024,Mexico,Violence against civilians,3,17.1631,-96.278
02/10/2024,Mexico,Violence against civilians,3,17.1631,-96.278
02/17/2024,Mexico,Violence against civilians,1,17.1631,-96.278
02/24/2024,Mexico,Violence against civilians,1,17.1631,-96.278
03/02/2024,Mexico,Violence against civilians,2,17.1631,-96.278
03/16/2024,Mexico,Violence against civilians,4,17.1631,-96.278
03/23/2024,Mexico,Violence against civilians,1,17.1631,-96.278
03/30/2024,Mexico,Violence against civilians,2,17.1631,-96.278
04/06/2024,Mexico,Violence against civilians,3,17.1631,-96.278
04/13/2024,Mexico,Violence against civilians,5,17.1631,-96.278
04/20/2024,Mexico,Violence against civilians,1,17.1631,-96.278
04/27/2024,Mexico,Violence against civilians,1,17.1631,-96.278
05/04/2024,Mexico,Violence against civilians,2,17.1631,-96.278
05/11/2024,Mexico,Violence against civilians,3,17.1631,-96.278
05/25/2024,Mexico,Violence against civilians,3,17.1631,-96.278
06/01/2024,Mexico,Violence against civilians,4,17.1631,-96.278
06/08/2024,Mexico,Violence against civilians,2,17.1631,-96.278
06/15/2024,Mexico,Violence against civilians,3,17.1631,-96.278
06/22/2024,Mexico,Violence against civilians,2,17.1631,-96.278
06/29/2024,Mexico,Violence against civilians,2,17.1631,-96.278
07/13/2024,Mexico,Violence against civilians,4,17.1631,-96.278
07/20/2024,Mexico,Violence against civilians,2,17.1631,-96.278
07/27/2024,Mexico,Violence against civilians,1,17.1631,-96.278
08/10/2024,Mexico,Violence against civilians,1,17.1631,-96.278
08/24/2024,Mexico,Violence against civilians,2,17.1631,-96.278
08/31/2024,Mexico,Violence against civilians,1,17.1631,-96.278
09/07/2024,Mexico,Violence against civilians,1,17.1631,-96.278
09/14/2024,Mexico,Violence against civilians,2,17.1631,-96.278
09/21/2024,Mexico,Violence against civilians,3,17.1631,-96.278
09/28/2024,Mexico,Violence against civilians,3,17.1631,-96.278
10/05/2024,Mexico,Violence against civilians,4,17.1631,-96.278
10/12/2024,Mexico,Violence against civilians,3,17.1631,-96.278
10/19/2024,Mexico,Violence against civilians,3,17.1631,-96.278
10/26/2024,Mexico,Violence against civilians,3,17.1631,-96.278
11/02/2024,Mexico,Violence against civilians,5,17.1631,-96.278
11/09/2024,Mexico,Violence against civilians,4,17.1631,-96.278
11/16/2024,Mexico,Violence against civilians,3,17.1631,-96.278
12/07/2024,Mexico,Violence against civilians,1,17.1631,-96.278
12/21/2024,Mexico,Violence against civilians,1,17.1631,-96.278
12/28/2024,Mexico,Violence against civilians,1,17.1631,-96.278
01/04/2025,Mexico,Violence against civilians,1,17.1631,-96.278
01/11/2025,Mexico,Violence against civilians,2,17.1631,-96.278
01/18/2025,Mexico,Violence against civilians,2,17.1631,-96.278
02/01/2025,Mexico,Violence against civilians,1,17.1631,-96.278
02/08/2025,Mexico,Violence against civilians,3,17.1631,-96.278
02/15/2025,Mexico,Violence against civilians,2,17.1631,-96.278
02/22/2025,Mexico,Violence against civilians,2,17.1631,-96.278
03/01/2025,Mexico,Violence against civilians,2,17.1631,-96.278
03/08/2025,Mexico,Violence against civilians,3,17.1631,-96.278
03/15/2025,Mexico,Violence against civilians,1,17.1631,-96.278
03/29/2025,Mexico,Violence against civilians,1,17.1631,-96.278
04/05/2025,Mexico,Violence against civilians,2,17.1631,-96.278
04/12/2025,Mexico,Violence against civilians,2,17.1631,-96.278
04/19/2025,Mexico,Violence against civilians,2,17.1631,-96.278
04/26/2025,Mexico,Violence against civilians,1,17.1631,-96.278
05/03/2025,Mexico,Violence against civilians,2,17.1631,-96.278
05/10/2025,Mexico,Violence against civilians,2,17.1631,-96.278
05/17/2025,Mexico,Violence against civilians,3,17.1631,-96.278
05/24/2025,Mexico,Violence against civilians,2,17.1631,-96.278
06/07/2025,Mexico,Violence against civilians,3,17.1631,-96.278
06/14/2025,Mexico,Violence against civilians,1,17.1631,-96.278
06/21/2025,Mexico,Violence against civilians,1,17.1631,-96.278
06/28/2025,Mexico,Violence against civilians,1,17.1631,-96.278
07/05/2025,Mexico,Violence against civilians,2,17.1631,-96.278
07/12/2025,Mexico,Violence against civilians,1,17.1631,-96.278
07/19/2025,Mexico,Violence against civilians,1,17.1631,-96.278
07/26/2025,Mexico,Violence against civilians,3,17.1631,-96.278
08/02/2025,Mexico,Violence against civilians,4,17.1631,-96.278
08/09/2025,Mexico,Violence against civilians,1,17.1631,-96.278
08/16/2025,Mexico,Violence against civilians,1,17.1631,-96.278
08/23/2025,Mexico,Violence against civilians,1,17.1631,-96.278
09/06/2025,Mexico,Violence against civilians,2,17.1631,-96.278
09/13/2025,Mexico,Violence against civilians,1,17.1631,-96.278
09/20/2025,Mexico,Violence against civilians,3,17.1631,-96.278
10/04/2025,Mexico,Violence against civilians,1,17.1631,-96.278
10/11/2025,Mexico,Violence against civilians,1,17.1631,-96.278
10/18/2025,Mexico,Violence against civilians,1,17.1631,-96.278
09/15/2018,Mexico,Violence against civilians,1,17.1631,-96.278
02/09/2019,Mexico,Violence against civilians,1,17.1631,-96.278
01/08/2022,Mexico,Violence against civilians,1,17.1631,-96.278
04/09/2022,Mexico,Violence against civilians,1,17.1631,-96.278
06/11/2022,Mexico,Violence against civilians,1,17.1631,-96.278
02/01/2025,Mexico,Violence against civilians,1,17.1631,-96.278
07/26/2025,Mexico,Violence against civilians,1,17.1631,-96.278
09/05/2020,Mexico,Explosions/Remote violence,1,19.3503,-97.4203
02/10/2024,Mexico,Explosions/Remote violence,1,19.3503,-97.4203
04/04/2020,Mexico,Explosions/Remote violence,1,19.3503,-97.4203
09/18/2021,Mexico,Explosions/Remote violence,1,19.3503,-97.4203
06/28/2025,Mexico,Explosions/Remote violence,1,19.3503,-97.4203
12/30/2017,Mexico,Riots,1,19.3503,-97.4203
01/06/2018,Mexico,Riots,2,19.3503,-97.4203
01/13/2018,Mexico,Riots,1,19.3503,-97.4203
01/20/2018,Mexico,Riots,6,19.3503,-97.4203
02/03/2018,Mexico,Riots,1,19.3503,-97.4203
02/10/2018,Mexico,Riots,4,19.3503,-97.4203
02/17/2018,Mexico,Riots,2,19.3503,-97.4203
02/24/2018,Mexico,Riots,1,19.3503,-97.4203
03/03/2018,Mexico,Riots,2,19.3503,-97.4203
03/10/2018,Mexico,Riots,5,19.3503,-97.4203
03/17/2018,Mexico,Riots,2,19.3503,-97.4203
03/31/2018,Mexico,Riots,1,19.3503,-97.4203
04/07/2018,Mexico,Riots,3,19.3503,-97.4203
04/14/2018,Mexico,Riots,3,19.3503,-97.4203
04/21/2018,Mexico,Riots,3,19.3503,-97.4203
05/05/2018,Mexico,Riots,1,19.3503,-97.4203
05/12/2018,Mexico,Riots,2,19.3503,-97.4203
05/19/2018,Mexico,Riots,7,19.3503,-97.4203
05/26/2018,Mexico,Riots,1,19.3503,-97.4203
06/02/2018,Mexico,Riots,4,19.3503,-97.4203
06/09/2018,Mexico,Riots,1,19.3503,-97.4203
06/16/2018,Mexico,Riots,1,19.3503,-97.4203
06/23/2018,Mexico,Riots,1,19.3503,-97.4203
06/30/2018,Mexico,Riots,11,19.3503,-97.4203
07/14/2018,Mexico,Riots,3,19.3503,-97.4203
08/11/2018,Mexico,Riots,1,19.3503,-97.4203
08/18/2018,Mexico,Riots,1,19.3503,-97.4203
08/25/2018,Mexico,Riots,4,19.3503,-97.4203
09/01/2018,Mexico,Riots,3,19.3503,-97.4203
09/08/2018,Mexico,Riots,3,19.3503,-97.4203
09/15/2018,Mexico,Riots,1,19.3503,-97.4203
09/29/2018,Mexico,Riots,7,19.3503,-97.4203
10/06/2018,Mexico,Riots,3,19.3503,-97.4203
10/13/2018,Mexico,Riots,3,19.3503,-97.4203
10/27/2018,Mexico,Riots,3,19.3503,-97.4203
11/03/2018,Mexico,Riots,2,19.3503,-97.4203
11/10/2018,Mexico,Riots,4,19.3503,-97.4203
11/24/2018,Mexico,Riots,1,19.3503,-97.4203
12/01/2018,Mexico,Riots,3,19.3503,-97.4203
12/08/2018,Mexico,Riots,3,19.3503,-97.4203
12/15/2018,Mexico,Riots,1,19.3503,-97.4203
12/22/2018,Mexico,Riots,1,19.3503,-97.4203
12/29/2018,Mexico,Riots,1,19.3503,-97.4203
01/05/2019,Mexico,Riots,2,19.3503,-97.4203
01/12/2019,Mexico,Riots,1,19.3503,-97.4203
01/26/2019,Mexico,Riots,2,19.3503,-97.4203
02/09/2019,Mexico,Riots,2,19.3503,-97.4203
02/16/2019,Mexico,Riots,1,19.3503,-97.4203
02/23/2019,Mexico,Riots,3,19.3503,-97.4203
03/02/2019,Mexico,Riots,4,19.3503,-97.4203
03/09/2019,Mexico,Riots,2,19.3503,-97.4203
03/16/2019,Mexico,Riots,2,19.3503,-97.4203
03/23/2019,Mexico,Riots,1,19.3503,-97.4203
03/30/2019,Mexico,Riots,1,19.3503,-97.4203
04/06/2019,Mexico,Riots,1,19.3503,-97.4203
04/13/2019,Mexico,Riots,4,19.3503,-97.4203
04/20/2019,Mexico,Riots,2,19.3503,-97.4203
05/04/2019,Mexico,Riots,1,19.3503,-97.4203
05/18/2019,Mexico,Riots,1,19.3503,-97.4203
05/25/2019,Mexico,Riots,6,19.3503,-97.4203
06/01/2019,Mexico,Riots,2,19.3503,-97.4203
06/08/2019,Mexico,Riots,2,19.3503,-97.4203
06/22/2019,Mexico,Riots,3,19.3503,-97.4203
06/29/2019,Mexico,Riots,2,19.3503,-97.4203
07/13/2019,Mexico,Riots,3,19.3503,-97.4203
07/27/2019,Mexico,Riots,3,19.3503,-97.4203
08/03/2019,Mexico,Riots,6,19.3503,-97.4203
08/17/2019,Mexico,Riots,1,19.3503,-97.4203
08/24/2019,Mexico,Riots,2,19.3503,-97.4203
08/31/2019,Mexico,Riots,1,19.3503,-97.4203
09/07/2019,Mexico,Riots,4,19.3503,-97.4203
09/28/2019,Mexico,Riots,3,19.3503,-97.4203
10/05/2019,Mexico,Riots,1,19.3503,-97.4203
10/12/2019,Mexico,Riots,1,19.3503,-97.4203
11/02/2019,Mexico,Riots,1,19.3503,-97.4203
11/23/2019,Mexico,Riots,1,19.3503,-97.4203
12/07/2019,Mexico,Riots,3,19.3503,-97.4203
12/14/2019,Mexico,Riots,4,19.3503,-97.4203
12/28/2019,Mexico,Riots,2,19.3503,-97.4203
01/11/2020,Mexico,Riots,2,19.3503,-97.4203
01/18/2020,Mexico,Riots,2,19.3503,-97.4203
01/25/2020,Mexico,Riots,1,19.3503,-97.4203
02/01/2020,Mexico,Riots,1,19.3503,-97.4203
02/08/2020,Mexico,Riots,1,19.3503,-97.4203
02/15/2020,Mexico,Riots,3,19.3503,-97.4203
02/22/2020,Mexico,Riots,4,19.3503,-97.4203
02/29/2020,Mexico,Riots,1,19.3503,-97.4203
03/07/2020,Mexico,Riots,2,19.3503,-97.4203
03/28/2020,Mexico,Riots,5,19.3503,-97.4203
04/04/2020,Mexico,Riots,2,19.3503,-97.4203
04/11/2020,Mexico,Riots,1,19.3503,-97.4203
04/25/2020,Mexico,Riots,3,19.3503,-97.4203
05/02/2020,Mexico,Riots,3,19.3503,-97.4203
05/09/2020,Mexico,Riots,1,19.3503,-97.4203
05/16/2020,Mexico,Riots,1,19.3503,-97.4203
05/23/2020,Mexico,Riots,4,19.3503,-97.4203
05/30/2020,Mexico,Riots,4,19.3503,-97.4203
06/06/2020,Mexico,Riots,2,19.3503,-97.4203
06/13/2020,Mexico,Riots,2,19.3503,-97.4203
07/18/2020,Mexico,Riots,1,19.3503,-97.4203
08/01/2020,Mexico,Riots,2,19.3503,-97.4203
08/08/2020,Mexico,Riots,1,19.3503,-97.4203
08/15/2020,Mexico,Riots,1,19.3503,-97.4203
08/22/2020,Mexico,Riots,5,19.3503,-97.4203
08/29/2020,Mexico,Riots,1,19.3503,-97.4203
09/05/2020,Mexico,Riots,1,19.3503,-97.4203
09/12/2020,Mexico,Riots,1,19.3503,-97.4203
09/19/2020,Mexico,Riots,1,19.3503,-97.4203
09/26/2020,Mexico,Riots,1,19.3503,-97.4203
10/03/2020,Mexico,Riots,2,19.3503,-97.4203
10/10/2020,Mexico,Riots,1,19.3503,-97.4203
10/24/2020,Mexico,Riots,3,19.3503,-97.4203
10/31/2020,Mexico,Riots,2,19.3503,-97.4203
11/14/2020,Mexico,Riots,1,19.3503,-97.4203
11/28/2020,Mexico,Riots,1,19.3503,-97.4203
12/05/2020,Mexico,Riots,1,19.3503,-97.4203
12/19/2020,Mexico,Riots,1,19.3503,-97.4203
12/26/2020,Mexico,Riots,3,19.3503,-97.4203
01/09/2021,Mexico,Riots,4,19.3503,-97.4203
01/16/2021,Mexico,Riots,1,19.3503,-97.4203
01/23/2021,Mexico,Riots,3,19.3503,-97.4203
02/13/2021,Mexico,Riots,2,19.3503,-97.4203
02/27/2021,Mexico,Riots,3,19.3503,-97.4203
03/13/2021,Mexico,Riots,2,19.3503,-97.4203
03/27/2021,Mexico,Riots,2,19.3503,-97.4203
04/03/2021,Mexico,Riots,1,19.3503,-97.4203
04/10/2021,Mexico,Riots,1,19.3503,-97.4203
04/17/2021,Mexico,Riots,1,19.3503,-97.4203
05/01/2021,Mexico,Riots,2,19.3503,-97.4203
05/08/2021,Mexico,Riots,1,19.3503,-97.4203
05/15/2021,Mexico,Riots,3,19.3503,-97.4203
05/22/2021,Mexico,Riots,1,19.3503,-97.4203
05/29/2021,Mexico,Riots,2,19.3503,-97.4203
06/05/2021,Mexico,Riots,3,19.3503,-97.4203
06/19/2021,Mexico,Riots,1,19.3503,-97.4203
06/26/2021,Mexico,Riots,1,19.3503,-97.4203
07/03/2021,Mexico,Riots,1,19.3503,-97.4203
07/10/2021,Mexico,Riots,1,19.3503,-97.4203
07/24/2021,Mexico,Riots,2,19.3503,-97.4203
08/07/2021,Mexico,Riots,1,19.3503,-97.4203
08/14/2021,Mexico,Riots,1,19.3503,-97.4203
08/21/2021,Mexico,Riots,1,19.3503,-97.4203
09/18/2021,Mexico,Riots,2,19.3503,-97.4203
09/25/2021,Mexico,Riots,1,19.3503,-97.4203
10/02/2021,Mexico,Riots,3,19.3503,-97.4203
10/09/2021,Mexico,Riots,3,19.3503,-97.4203
10/16/2021,Mexico,Riots,2,19.3503,-97.4203
11/06/2021,Mexico,Riots,1,19.3503,-97.4203
11/20/2021,Mexico,Riots,2,19.3503,-97.4203
12/04/2021,Mexico,Riots,1,19.3503,-97.4203
12/18/2021,Mexico,Riots,3,19.3503,-97.4203
01/15/2022,Mexico,Riots,2,19.3503,-97.4203
02/19/2022,Mexico,Riots,3,19.3503,-97.4203
03/26/2022,Mexico,Riots,3,19.3503,-97.4203
04/02/2022,Mexico,Riots,1,19.3503,-97.4203
04/09/2022,Mexico,Riots,2,19.3503,-97.4203
04/30/2022,Mexico,Riots,3,19.3503,-97.4203
05/07/2022,Mexico,Riots,3,19.3503,-97.4203
05/14/2022,Mexico,Riots,1,19.3503,-97.4203
05/28/2022,Mexico,Riots,1,19.3503,-97.4203
06/04/2022,Mexico,Riots,1,19.3503,-97.4203
07/02/2022,Mexico,Riots,1,19.3503,-97.4203
07/09/2022,Mexico,Riots,1,19.3503,-97.4203
07/16/2022,Mexico,Riots,3,19.3503,-97.4203
07/23/2022,Mexico,Riots,1,19.3503,-97.4203
08/06/2022,Mexico,Riots,2,19.3503,-97.4203
08/13/2022,Mexico,Riots,2,19.3503,-97.4203
09/24/2022,Mexico,Riots,1,19.3503,-97.4203
10/01/2022,Mexico,Riots,1,19.3503,-97.4203
10/08/2022,Mexico,Riots,1,19.3503,-97.4203
11/12/2022,Mexico,Riots,2,19.3503,-97.4203
12/24/2022,Mexico,Riots,2,19.3503,-97.4203
01/14/2023,Mexico,Riots,2,19.3503,-97.4203
01/21/2023,Mexico,Riots,2,19.3503,-97.4203
01/28/2023,Mexico,Riots,1,19.3503,-97.4203
02/04/2023,Mexico,Riots,2,19.3503,-97.4203
02/11/2023,Mexico,Riots,3,19.3503,-97.4203
02/25/2023,Mexico,Riots,2,19.3503,-97.4203
03/04/2023,Mexico,Riots,1,19.3503,-97.4203
03/25/2023,Mexico,Riots,1,19.3503,-97.4203
04/01/2023,Mexico,Riots,1,19.3503,-97.4203
04/15/2023,Mexico,Riots,4,19.3503,-97.4203
04/22/2023,Mexico,Riots,1,19.3503,-97.4203
05/06/2023,Mexico,Riots,1,19.3503,-97.4203
05/13/2023,Mexico,Riots,1,19.3503,-97.4203
05/20/2023,Mexico,Riots,1,19.3503,-97.4203
05/27/2023,Mexico,Riots,1,19.3503,-97.4203
06/17/2023,Mexico,Riots,2,19.3503,-97.4203
06/24/2023,Mexico,Riots,2,19.3503,-97.4203
07/01/2023,Mexico,Riots,1,19.3503,-97.4203
07/08/2023,Mexico,Riots,1,19.3503,-97.4203
07/15/2023,Mexico,Riots,1,19.3503,-97.4203
07/22/2023,Mexico,Riots,2,19.3503,-97.4203
07/29/2023,Mexico,Riots,2,19.3503,-97.4203
08/19/2023,Mexico,Riots,4,19.3503,-97.4203
09/02/2023,Mexico,Riots,1,19.3503,-97.4203
09/16/2023,Mexico,Riots,2,19.3503,-97.4203
09/23/2023,Mexico,Riots,1,19.3503,-97.4203
09/30/2023,Mexico,Riots,1,19.3503,-97.4203
10/07/2023,Mexico,Riots,1,19.3503,-97.4203
10/21/2023,Mexico,Riots,1,19.3503,-97.4203
10/28/2023,Mexico,Riots,1,19.3503,-97.4203
11/04/2023,Mexico,Riots,3,19.3503,-97.4203
11/11/2023,Mexico,Riots,1,19.3503,-97.4203
11/18/2023,Mexico,Riots,3,19.3503,-97.4203
11/25/2023,Mexico,Riots,1,19.3503,-97.4203
12/02/2023,Mexico,Riots,1,19.3503,-97.4203
12/09/2023,Mexico,Riots,1,19.3503,-97.4203
01/13/2024,Mexico,Riots,2,19.3503,-97.4203
01/20/2024,Mexico,Riots,1,19.3503,-97.4203
01/27/2024,Mexico,Riots,1,19.3503,-97.4203
02/03/2024,Mexico,Riots,1,19.3503,-97.4203
02/17/2024,Mexico,Riots,2,19.3503,-97.4203
02/24/2024,Mexico,Riots,2,19.3503,-97.4203
03/02/2024,Mexico,Riots,3,19.3503,-97.4203
03/09/2024,Mexico,Riots,1,19.3503,-97.4203
03/30/2024,Mexico,Riots,2,19.3503,-97.4203
04/13/2024,Mexico,Riots,1,19.3503,-97.4203
05/11/2024,Mexico,Riots,2,19.3503,-97.4203
05/18/2024,Mexico,Riots,1,19.3503,-97.4203
05/25/2024,Mexico,Riots,2,19.3503,-97.4203
06/01/2024,Mexico,Riots,3,19.3503,-97.4203
06/08/2024,Mexico,Riots,2,19.3503,-97.4203
06/15/2024,Mexico,Riots,1,19.3503,-97.4203
06/22/2024,Mexico,Riots,1,19.3503,-97.4203
06/29/2024,Mexico,Riots,1,19.3503,-97.4203
07/06/2024,Mexico,Riots,2,19.3503,-97.4203
07/13/2024,Mexico,Riots,1,19.3503,-97.4203
07/20/2024,Mexico,Riots,2,19.3503,-97.4203
08/10/2024,Mexico,Riots,1,19.3503,-97.4203
08/17/2024,Mexico,Riots,1,19.3503,-97.4203
08/31/2024,Mexico,Riots,2,19.3503,-97.4203
09/07/2024,Mexico,Riots,1,19.3503,-97.4203
09/21/2024,Mexico,Riots,1,19.3503,-97.4203
10/05/2024,Mexico,Riots,5,19.3503,-97.4203
10/12/2024,Mexico,Riots,2,19.3503,-97.4203
11/02/2024,Mexico,Riots,2,19.3503,-97.4203
11/30/2024,Mexico,Riots,1,19.3503,-97.4203
12/07/2024,Mexico,Riots,3,19.3503,-97.4203
12/14/2024,Mexico,Riots,2,19.3503,-97.4203
12/21/2024,Mexico,Riots,1,19.3503,-97.4203
12/28/2024,Mexico,Riots,2,19.3503,-97.4203
01/04/2025,Mexico,Riots,2,19.3503,-97.4203
01/18/2025,Mexico,Riots,1,19.3503,-97.4203
01/25/2025,Mexico,Riots,3,19.3503,-97.4203
02/08/2025,Mexico,Riots,1,19.3503,-97.4203
02/22/2025,Mexico,Riots,3,19.3503,-97.4203
03/01/2025,Mexico,Riots,1,19.3503,-97.4203
03/15/2025,Mexico,Riots,1,19.3503,-97.4203
03/22/2025,Mexico,Riots,2,19.3503,-97.4203
04/05/2025,Mexico,Riots,2,19.3503,-97.4203
04/12/2025,Mexico,Riots,3,19.3503,-97.4203
04/19/2025,Mexico,Riots,3,19.3503,-97.4203
04/26/2025,Mexico,Riots,2,19.3503,-97.4203
05/17/2025,Mexico,Riots,1,19.3503,-97.4203
05/24/2025,Mexico,Riots,1,19.3503,-97.4203
05/31/2025,Mexico,Riots,1,19.3503,-97.4203
06/07/2025,Mexico,Riots,1,19.3503,-97.4203
06/14/2025,Mexico,Riots,1,19.3503,-97.4203
06/21/2025,Mexico,Riots,2,19.3503,-97.4203
06/28/2025,Mexico,Riots,4,19.3503,-97.4203
07/05/2025,Mexico,Riots,1,19.3503,-97.4203
07/26/2025,Mexico,Riots,1,19.3503,-97.4203
08/02/2025,Mexico,Riots,1,19.3503,-97.4203
08/09/2025,Mexico,Riots,3,19.3503,-97.4203
08/16/2025,Mexico,Riots,7,19.3503,-97.4203
08/23/2025,Mexico,Riots,2,19.3503,-97.4203
09/06/2025,Mexico,Riots,1,19.3503,-97.4203
09/20/2025,Mexico,Riots,2,19.3503,-97.4203
09/27/2025,Mexico,Riots,2,19.3503,-97.4203
10/11/2025,Mexico,Riots,6,19.3503,-97.4203
10/18/2025,Mexico,Riots,2,19.3503,-97.4203
01/06/2018,Mexico,Riots,1,19.3503,-97.4203
06/30/2018,Mexico,Riots,1,19.3503,-97.4203
07/14/2018,Mexico,Riots,1,19.3503,-97.4203
08/04/2018,Mexico,Riots,1,19.3503,-97.4203
10/27/2018,Mexico,Riots,1,19.3503,-97.4203
11/10/2018,Mexico,Riots,1,19.3503,-97.4203
01/05/2019,Mexico,Riots,1,19.3503,-97.4203
02/23/2019,Mexico,Riots,3,19.3503,-97.4203
04/27/2019,Mexico,Riots,1,19.3503,-97.4203
06/22/2019,Mexico,Riots,1,19.3503,-97.4203
06/29/2019,Mexico,Riots,1,19.3503,-97.4203
08/10/2019,Mexico,Riots,1,19.3503,-97.4203
08/31/2019,Mexico,Riots,1,19.3503,-97.4203
09/28/2019,Mexico,Riots,1,19.3503,-97.4203
10/26/2019,Mexico,Riots,1,19.3503,-97.4203
11/02/2019,Mexico,Riots,1,19.3503,-97.4203
01/18/2020,Mexico,Riots,2,19.3503,-97.4203
02/15/2020,Mexico,Riots,1,19.3503,-97.4203
04/25/2020,Mexico,Riots,1,19.3503,-97.4203
05/23/2020,Mexico,Riots,1,19.3503,-97.4203
05/30/2020,Mexico,Riots,1,19.3503,-97.4203
06/06/2020,Mexico,Riots,1,19.3503,-97.4203
06/13/2020,Mexico,Riots,1,19.3503,-97.4203
07/18/2020,Mexico,Riots,1,19.3503,-97.4203
10/24/2020,Mexico,Riots,1,19.3503,-97.4203
11/14/2020,Mexico,Riots,1,19.3503,-97.4203
11/21/2020,Mexico,Riots,1,19.3503,-97.4203
11/28/2020,Mexico,Riots,1,19.3503,-97.4203
01/09/2021,Mexico,Riots,1,19.3503,-97.4203
03/06/2021,Mexico,Riots,1,19.3503,-97.4203
03/13/2021,Mexico,Riots,1,19.3503,-97.4203
04/10/2021,Mexico,Riots,1,19.3503,-97.4203
04/17/2021,Mexico,Riots,1,19.3503,-97.4203
05/15/2021,Mexico,Riots,1,19.3503,-97.4203
05/29/2021,Mexico,Riots,1,19.3503,-97.4203
06/05/2021,Mexico,Riots,2,19.3503,-97.4203
06/26/2021,Mexico,Riots,1,19.3503,-97.4203
10/09/2021,Mexico,Riots,1,19.3503,-97.4203
12/25/2021,Mexico,Riots,1,19.3503,-97.4203
01/22/2022,Mexico,Riots,2,19.3503,-97.4203
02/26/2022,Mexico,Riots,1,19.3503,-97.4203
06/04/2022,Mexico,Riots,2,19.3503,-97.4203
06/11/2022,Mexico,Riots,1,19.3503,-97.4203
06/18/2022,Mexico,Riots,1,19.3503,-97.4203
07/23/2022,Mexico,Riots,1,19.3503,-97.4203
09/03/2022,Mexico,Riots,1,19.3503,-97.4203
09/10/2022,Mexico,Riots,1,19.3503,-97.4203
11/05/2022,Mexico,Riots,3,19.3503,-97.4203
11/19/2022,Mexico,Riots,1,19.3503,-97.4203
01/28/2023,Mexico,Riots,1,19.3503,-97.4203
02/18/2023,Mexico,Riots,1,19.3503,-97.4203
03/04/2023,Mexico,Riots,1,19.3503,-97.4203
05/27/2023,Mexico,Riots,1,19.3503,-97.4203
06/10/2023,Mexico,Riots,1,19.3503,-97.4203
07/08/2023,Mexico,Riots,1,19.3503,-97.4203
07/15/2023,Mexico,Riots,1,19.3503,-97.4203
07/29/2023,Mexico,Riots,1,19.3503,-97.4203
08/19/2023,Mexico,Riots,1,19.3503,-97.4203
08/26/2023,Mexico,Riots,1,19.3503,-97.4203
09/23/2023,Mexico,Riots,1,19.3503,-97.4203
10/07/2023,Mexico,Riots,1,19.3503,-97.4203
10/14/2023,Mexico,Riots,1,19.3503,-97.4203
11/18/2023,Mexico,Riots,1,19.3503,-97.4203
12/16/2023,Mexico,Riots,2,19.3503,-97.4203
03/09/2024,Mexico,Riots,1,19.3503,-97.4203
05/25/2024,Mexico,Riots,2,19.3503,-97.4203
06/01/2024,Mexico,Riots,3,19.3503,-97.4203
06/15/2024,Mexico,Riots,2,19.3503,-97.4203
07/13/2024,Mexico,Riots,1,19.3503,-97.4203
07/27/2024,Mexico,Riots,1,19.3503,-97.4203
08/10/2024,Mexico,Riots,2,19.3503,-97.4203
08/24/2024,Mexico,Riots,1,19.3503,-97.4203
09/07/2024,Mexico,Riots,1,19.3503,-97.4203
09/21/2024,Mexico,Riots,1,19.3503,-97.4203
10/26/2024,Mexico,Riots,1,19.3503,-97.4203
01/04/2025,Mexico,Riots,1,19.3503,-97.4203
03/08/2025,Mexico,Riots,1,19.3503,-97.4203
03/22/2025,Mexico,Riots,1,19.3503,-97.4203
04/05/2025,Mexico,Riots,3,19.3503,-97.4203
06/07/2025,Mexico,Riots,1,19.3503,-97.4203
06/14/2025,Mexico,Riots,1,19.3503,-97.4203
08/02/2025,Mexico,Riots,1,19.3503,-97.4203
08/30/2025,Mexico,Riots,1,19.3503,-97.4203
09/06/2025,Mexico,Riots,2,19.3503,-97.4203
09/27/2025,Mexico,Riots,1,19.3503,-97.4203
01/27/2018,Mexico,Violence against civilians,1,19.3503,-97.4203
02/03/2018,Mexico,Violence against civilians,2,19.3503,-97.4203
03/10/2018,Mexico,Violence against civilians,1,19.3503,-97.4203
05/05/2018,Mexico,Violence against civilians,3,19.3503,-97.4203
05/12/2018,Mexico,Violence against civilians,1,19.3503,-97.4203
06/30/2018,Mexico,Violence against civilians,1,19.3503,-97.4203
11/03/2018,Mexico,Violence against civilians,1,19.3503,-97.4203
01/12/2019,Mexico,Violence against civilians,1,19.3503,-97.4203
02/09/2019,Mexico,Violence against civilians,1,19.3503,-97.4203
02/16/2019,Mexico,Violence against civilians,1,19.3503,-97.4203
02/23/2019,Mexico,Violence against civilians,1,19.3503,-97.4203
03/30/2019,Mexico,Violence against civilians,1,19.3503,-97.4203
05/11/2019,Mexico,Violence against civilians,1,19.3503,-97.4203
06/01/2019,Mexico,Violence against civilians,2,19.3503,-97.4203
06/08/2019,Mexico,Violence against civilians,1,19.3503,-97.4203
06/22/2019,Mexico,Violence against civilians,1,19.3503,-97.4203
08/03/2019,Mexico,Violence against civilians,2,19.3503,-97.4203
08/10/2019,Mexico,Violence against civilians,1,19.3503,-97.4203
09/21/2019,Mexico,Violence against civilians,1,19.3503,-97.4203
10/12/2019,Mexico,Violence against civilians,1,19.3503,-97.4203
12/28/2019,Mexico,Violence against civilians,1,19.3503,-97.4203
05/30/2020,Mexico,Violence against civilians,1,19.3503,-97.4203
11/21/2020,Mexico,Violence against civilians,1,19.3503,-97.4203
01/16/2021,Mexico,Violence against civilians,1,19.3503,-97.4203
02/20/2021,Mexico,Violence against civilians,1,19.3503,-97.4203
07/24/2021,Mexico,Violence against civilians,1,19.3503,-97.4203
08/07/2021,Mexico,Violence against civilians,1,19.3503,-97.4203
09/25/2021,Mexico,Violence against civilians,1,19.3503,-97.4203
01/22/2022,Mexico,Violence against civilians,1,19.3503,-97.4203
01/29/2022,Mexico,Violence against civilians,1,19.3503,-97.4203
02/12/2022,Mexico,Violence against civilians,1,19.3503,-97.4203
07/02/2022,Mexico,Violence against civilians,1,19.3503,-97.4203
07/23/2022,Mexico,Violence against civilians,1,19.3503,-97.4203
10/08/2022,Mexico,Violence against civilians,1,19.3503,-97.4203
03/18/2023,Mexico,Violence against civilians,1,19.3503,-97.4203
06/24/2023,Mexico,Violence against civilians,1,19.3503,-97.4203
07/01/2023,Mexico,Violence against civilians,1,19.3503,-97.4203
07/08/2023,Mexico,Violence against civilians,1,19.3503,-97.4203
11/25/2023,Mexico,Violence against civilians,2,19.3503,-97.4203
01/13/2024,Mexico,Violence against civilians,1,19.3503,-97.4203
01/27/2024,Mexico,Violence against civilians,1,19.3503,-97.4203
04/13/2024,Mexico,Violence against civilians,1,19.3503,-97.4203
05/18/2024,Mexico,Violence against civilians,1,19.3503,-97.4203
06/08/2024,Mexico,Violence against civilians,2,19.3503,-97.4203
10/26/2024,Mexico,Violence against civilians,1,19.3503,-97.4203
11/02/2024,Mexico,Violence against civilians,1,19.3503,-97.4203
01/11/2025,Mexico,Violence against civilians,1,19.3503,-97.4203
03/01/2025,Mexico,Violence against civilians,1,19.3503,-97.4203
03/29/2025,Mexico,Violence against civilians,1,19.3503,-97.4203
04/19/2025,Mexico,Violence against civilians,1,19.3503,-97.4203
06/07/2025,Mexico,Violence against civilians,1,19.3503,-97.4203
06/21/2025,Mexico,Violence against civilians,1,19.3503,-97.4203
07/19/2025,Mexico,Violence against civilians,1,19.3503,-97.4203
08/09/2025,Mexico,Violence against civilians,1,19.3503,-97.4203
12/30/2017,Mexico,Violence against civilians,3,19.3503,-97.4203
01/06/2018,Mexico,Violence against civilians,6,19.3503,-97.4203
01/13/2018,Mexico,Violence against civilians,6,19.3503,-97.4203
01/20/2018,Mexico,Violence against civilians,5,19.3503,-97.4203
01/27/2018,Mexico,Violence against civilians,7,19.3503,-97.4203
02/03/2018,Mexico,Violence against civilians,3,19.3503,-97.4203
02/10/2018,Mexico,Violence against civilians,1,19.3503,-97.4203
02/17/2018,Mexico,Violence against civilians,6,19.3503,-97.4203
02/24/2018,Mexico,Violence against civilians,5,19.3503,-97.4203
03/03/2018,Mexico,Violence against civilians,4,19.3503,-97.4203
03/10/2018,Mexico,Violence against civilians,5,19.3503,-97.4203
03/17/2018,Mexico,Violence against civilians,5,19.3503,-97.4203
03/24/2018,Mexico,Violence against civilians,4,19.3503,-97.4203
03/31/2018,Mexico,Violence against civilians,2,19.3503,-97.4203
04/07/2018,Mexico,Violence against civilians,8,19.3503,-97.4203
04/14/2018,Mexico,Violence against civilians,8,19.3503,-97.4203
04/21/2018,Mexico,Violence against civilians,5,19.3503,-97.4203
04/28/2018,Mexico,Violence against civilians,6,19.3503,-97.4203
05/05/2018,Mexico,Violence against civilians,3,19.3503,-97.4203
05/12/2018,Mexico,Violence against civilians,2,19.3503,-97.4203
05/19/2018,Mexico,Violence against civilians,7,19.3503,-97.4203
05/26/2018,Mexico,Violence against civilians,7,19.3503,-97.4203
06/02/2018,Mexico,Violence against civilians,2,19.3503,-97.4203
06/09/2018,Mexico,Violence against civilians,8,19.3503,-97.4203
06/16/2018,Mexico,Violence against civilians,5,19.3503,-97.4203
06/23/2018,Mexico,Violence against civilians,4,19.3503,-97.4203
06/30/2018,Mexico,Violence against civilians,8,19.3503,-97.4203
07/07/2018,Mexico,Violence against civilians,7,19.3503,-97.4203
07/14/2018,Mexico,Violence against civilians,4,19.3503,-97.4203
07/21/2018,Mexico,Violence against civilians,1,19.3503,-97.4203
07/28/2018,Mexico,Violence against civilians,2,19.3503,-97.4203
08/04/2018,Mexico,Violence against civilians,5,19.3503,-97.4203
08/11/2018,Mexico,Violence against civilians,4,19.3503,-97.4203
08/18/2018,Mexico,Violence against civilians,4,19.3503,-97.4203
08/25/2018,Mexico,Violence against civilians,2,19.3503,-97.4203
09/01/2018,Mexico,Violence against civilians,1,19.3503,-97.4203
09/08/2018,Mexico,Violence against civilians,3,19.3503,-97.4203
09/15/2018,Mexico,Violence against civilians,3,19.3503,-97.4203
09/22/2018,Mexico,Violence against civilians,1,19.3503,-97.4203
09/29/2018,Mexico,Violence against civilians,7,19.3503,-97.4203
10/06/2018,Mexico,Violence against civilians,5,19.3503,-97.4203
10/13/2018,Mexico,Violence against civilians,4,19.3503,-97.4203
10/20/2018,Mexico,Violence against civilians,6,19.3503,-97.4203
10/27/2018,Mexico,Violence against civilians,1,19.3503,-97.4203
11/03/2018,Mexico,Violence against civilians,11,19.3503,-97.4203
11/10/2018,Mexico,Violence against civilians,4,19.3503,-97.4203
11/17/2018,Mexico,Violence against civilians,12,19.3503,-97.4203
11/24/2018,Mexico,Violence against civilians,4,19.3503,-97.4203
12/01/2018,Mexico,Violence against civilians,9,19.3503,-97.4203
12/08/2018,Mexico,Violence against civilians,6,19.3503,-97.4203
12/15/2018,Mexico,Violence against civilians,1,19.3503,-97.4203
12/22/2018,Mexico,Violence against civilians,2,19.3503,-97.4203
12/29/2018,Mexico,Violence against civilians,3,19.3503,-97.4203
01/05/2019,Mexico,Violence against civilians,5,19.3503,-97.4203
01/12/2019,Mexico,Violence against civilians,10,19.3503,-97.4203
01/19/2019,Mexico,Violence against civilians,5,19.3503,-97.4203
01/26/2019,Mexico,Violence against civilians,5,19.3503,-97.4203
02/02/2019,Mexico,Violence against civilians,10,19.3503,-97.4203
02/09/2019,Mexico,Violence against civilians,3,19.3503,-97.4203
02/16/2019,Mexico,Violence against civilians,2,19.3503,-97.4203
02/23/2019,Mexico,Violence against civilians,8,19.3503,-97.4203
03/02/2019,Mexico,Violence against civilians,2,19.3503,-97.4203
03/09/2019,Mexico,Violence against civilians,5,19.3503,-97.4203
03/16/2019,Mexico,Violence against civilians,2,19.3503,-97.4203
03/23/2019,Mexico,Violence against civilians,6,19.3503,-97.4203
03/30/2019,Mexico,Violence against civilians,5,19.3503,-97.4203
04/06/2019,Mexico,Violence against civilians,4,19.3503,-97.4203
04/13/2019,Mexico,Violence against civilians,4,19.3503,-97.4203
04/20/2019,Mexico,Violence against civilians,3,19.3503,-97.4203
04/27/2019,Mexico,Violence against civilians,3,19.3503,-97.4203
05/04/2019,Mexico,Violence against civilians,1,19.3503,-97.4203
05/11/2019,Mexico,Violence against civilians,1,19.3503,-97.4203
05/18/2019,Mexico,Violence against civilians,3,19.3503,-97.4203
05/25/2019,Mexico,Violence against civilians,8,19.3503,-97.4203
06/01/2019,Mexico,Violence against civilians,7,19.3503,-97.4203
06/08/2019,Mexico,Violence against civilians,3,19.3503,-97.4203
06/15/2019,Mexico,Violence against civilians,4,19.3503,-97.4203
06/22/2019,Mexico,Violence against civilians,3,19.3503,-97.4203
06/29/2019,Mexico,Violence against civilians,7,19.3503,-97.4203
07/06/2019,Mexico,Violence against civilians,3,19.3503,-97.4203
07/13/2019,Mexico,Violence against civilians,4,19.3503,-97.4203
07/20/2019,Mexico,Violence against civilians,3,19.3503,-97.4203
07/27/2019,Mexico,Violence against civilians,1,19.3503,-97.4203
08/03/2019,Mexico,Violence against civilians,4,19.3503,-97.4203
08/10/2019,Mexico,Violence against civilians,3,19.3503,-97.4203
08/17/2019,Mexico,Violence against civilians,7,19.3503,-97.4203
08/24/2019,Mexico,Violence against civilians,2,19.3503,-97.4203
08/31/2019,Mexico,Violence against civilians,5,19.3503,-97.4203
09/07/2019,Mexico,Violence against civilians,5,19.3503,-97.4203
09/14/2019,Mexico,Violence against civilians,2,19.3503,-97.4203
09/21/2019,Mexico,Violence against civilians,7,19.3503,-97.4203
10/05/2019,Mexico,Violence against civilians,6,19.3503,-97.4203
10/12/2019,Mexico,Violence against civilians,8,19.3503,-97.4203
10/19/2019,Mexico,Violence against civilians,6,19.3503,-97.4203
10/26/2019,Mexico,Violence against civilians,7,19.3503,-97.4203
11/02/2019,Mexico,Violence against civilians,6,19.3503,-97.4203
11/09/2019,Mexico,Violence against civilians,4,19.3503,-97.4203
11/16/2019,Mexico,Violence against civilians,3,19.3503,-97.4203
11/23/2019,Mexico,Violence against civilians,4,19.3503,-97.4203
11/30/2019,Mexico,Violence against civilians,12,19.3503,-97.4203
12/07/2019,Mexico,Violence against civilians,6,19.3503,-97.4203
12/14/2019,Mexico,Violence against civilians,1,19.3503,-97.4203
12/21/2019,Mexico,Violence against civilians,4,19.3503,-97.4203
12/28/2019,Mexico,Violence against civilians,2,19.3503,-97.4203
01/04/2020,Mexico,Violence against civilians,4,19.3503,-97.4203
01/11/2020,Mexico,Violence against civilians,6,19.3503,-97.4203
01/18/2020,Mexico,Violence against civilians,4,19.3503,-97.4203
01/25/2020,Mexico,Violence against civilians,7,19.3503,-97.4203
02/01/2020,Mexico,Violence against civilians,3,19.3503,-97.4203
02/08/2020,Mexico,Violence against civilians,4,19.3503,-97.4203
02/15/2020,Mexico,Violence against civilians,9,19.3503,-97.4203
02/22/2020,Mexico,Violence against civilians,6,19.3503,-97.4203
02/29/2020,Mexico,Violence against civilians,6,19.3503,-97.4203
03/07/2020,Mexico,Violence against civilians,2,19.3503,-97.4203
03/14/2020,Mexico,Violence against civilians,2,19.3503,-97.4203
03/21/2020,Mexico,Violence against civilians,5,19.3503,-97.4203
03/28/2020,Mexico,Violence against civilians,3,19.3503,-97.4203
04/11/2020,Mexico,Violence against civilians,1,19.3503,-97.4203
04/18/2020,Mexico,Violence against civilians,7,19.3503,-97.4203
04/25/2020,Mexico,Violence against civilians,4,19.3503,-97.4203
05/02/2020,Mexico,Violence against civilians,4,19.3503,-97.4203
05/09/2020,Mexico,Violence against civilians,4,19.3503,-97.4203
05/16/2020,Mexico,Violence against civilians,5,19.3503,-97.4203
05/23/2020,Mexico,Violence against civilians,6,19.3503,-97.4203
05/30/2020,Mexico,Violence against civilians,1,19.3503,-97.4203
06/06/2020,Mexico,Violence against civilians,3,19.3503,-97.4203
06/13/2020,Mexico,Violence against civilians,9,19.3503,-97.4203
06/20/2020,Mexico,Violence against civilians,1,19.3503,-97.4203
06/27/2020,Mexico,Violence against civilians,5,19.3503,-97.4203
07/04/2020,Mexico,Violence against civilians,3,19.3503,-97.4203
07/11/2020,Mexico,Violence against civilians,3,19.3503,-97.4203
07/18/2020,Mexico,Violence against civilians,3,19.3503,-97.4203
07/25/2020,Mexico,Violence against civilians,1,19.3503,-97.4203
08/01/2020,Mexico,Violence against civilians,6,19.3503,-97.4203
08/08/2020,Mexico,Violence against civilians,9,19.3503,-97.4203
08/15/2020,Mexico,Violence against civilians,11,19.3503,-97.4203
08/22/2020,Mexico,Violence against civilians,1,19.3503,-97.4203
08/29/2020,Mexico,Violence against civilians,2,19.3503,-97.4203
09/05/2020,Mexico,Violence against civilians,3,19.3503,-97.4203
09/12/2020,Mexico,Violence against civilians,3,19.3503,-97.4203
09/19/2020,Mexico,Violence against civilians,5,19.3503,-97.4203
09/26/2020,Mexico,Violence against civilians,1,19.3503,-97.4203
10/03/2020,Mexico,Violence against civilians,5,19.3503,-97.4203
10/10/2020,Mexico,Violence against civilians,2,19.3503,-97.4203
10/17/2020,Mexico,Violence against civilians,2,19.3503,-97.4203
10/24/2020,Mexico,Violence against civilians,3,19.3503,-97.4203
10/31/2020,Mexico,Violence against civilians,3,19.3503,-97.4203
11/07/2020,Mexico,Violence against civilians,5,19.3503,-97.4203
11/14/2020,Mexico,Violence against civilians,2,19.3503,-97.4203
11/21/2020,Mexico,Violence against civilians,3,19.3503,-97.4203
11/28/2020,Mexico,Violence against civilians,6,19.3503,-97.4203
12/05/2020,Mexico,Violence against civilians,4,19.3503,-97.4203
12/12/2020,Mexico,Violence against civilians,3,19.3503,-97.4203
12/19/2020,Mexico,Violence against civilians,4,19.3503,-97.4203
12/26/2020,Mexico,Violence against civilians,5,19.3503,-97.4203
01/02/2021,Mexico,Violence against civilians,6,19.3503,-97.4203
01/09/2021,Mexico,Violence against civilians,3,19.3503,-97.4203
01/16/2021,Mexico,Violence against civilians,5,19.3503,-97.4203
01/23/2021,Mexico,Violence against civilians,1,19.3503,-97.4203
01/30/2021,Mexico,Violence against civilians,5,19.3503,-97.4203
02/06/2021,Mexico,Violence against civilians,2,19.3503,-97.4203
02/13/2021,Mexico,Violence against civilians,4,19.3503,-97.4203
02/20/2021,Mexico,Violence against civilians,5,19.3503,-97.4203
02/27/2021,Mexico,Violence against civilians,2,19.3503,-97.4203
03/06/2021,Mexico,Violence against civilians,2,19.3503,-97.4203
03/13/2021,Mexico,Violence against civilians,5,19.3503,-97.4203
03/20/2021,Mexico,Violence against civilians,10,19.3503,-97.4203
03/27/2021,Mexico,Violence against civilians,1,19.3503,-97.4203
04/03/2021,Mexico,Violence against civilians,2,19.3503,-97.4203
04/10/2021,Mexico,Violence against civilians,3,19.3503,-97.4203
04/17/2021,Mexico,Violence against civilians,5,19.3503,-97.4203
04/24/2021,Mexico,Violence against civilians,1,19.3503,-97.4203
05/01/2021,Mexico,Violence against civilians,4,19.3503,-97.4203
05/22/2021,Mexico,Violence against civilians,5,19.3503,-97.4203
05/29/2021,Mexico,Violence against civilians,6,19.3503,-97.4203
06/05/2021,Mexico,Violence against civilians,3,19.3503,-97.4203
06/12/2021,Mexico,Violence against civilians,2,19.3503,-97.4203
06/19/2021,Mexico,Violence against civilians,3,19.3503,-97.4203
06/26/2021,Mexico,Violence against civilians,1,19.3503,-97.4203
07/03/2021,Mexico,Violence against civilians,1,19.3503,-97.4203
07/10/2021,Mexico,Violence against civilians,6,19.3503,-97.4203
07/17/2021,Mexico,Violence against civilians,11,19.3503,-97.4203
07/24/2021,Mexico,Violence against civilians,4,19.3503,-97.4203
07/31/2021,Mexico,Violence against civilians,5,19.3503,-97.4203
08/07/2021,Mexico,Violence against civilians,7,19.3503,-97.4203
08/14/2021,Mexico,Violence against civilians,7,19.3503,-97.4203
08/21/2021,Mexico,Violence against civilians,6,19.3503,-97.4203
08/28/2021,Mexico,Violence against civilians,2,19.3503,-97.4203
09/04/2021,Mexico,Violence against civilians,4,19.3503,-97.4203
09/11/2021,Mexico,Violence against civilians,3,19.3503,-97.4203
09/18/2021,Mexico,Violence against civilians,1,19.3503,-97.4203
09/25/2021,Mexico,Violence against civilians,3,19.3503,-97.4203
10/02/2021,Mexico,Violence against civilians,2,19.3503,-97.4203
10/09/2021,Mexico,Violence against civilians,1,19.3503,-97.4203
10/16/2021,Mexico,Violence against civilians,2,19.3503,-97.4203
10/23/2021,Mexico,Violence against civilians,2,19.3503,-97.4203
10/30/2021,Mexico,Violence against civilians,1,19.3503,-97.4203
11/06/2021,Mexico,Violence against civilians,2,19.3503,-97.4203
11/13/2021,Mexico,Violence against civilians,5,19.3503,-97.4203
11/20/2021,Mexico,Violence against civilians,3,19.3503,-97.4203
11/27/2021,Mexico,Violence against civilians,4,19.3503,-97.4203
12/04/2021,Mexico,Violence against civilians,7,19.3503,-97.4203
12/11/2021,Mexico,Violence against civilians,3,19.3503,-97.4203
12/18/2021,Mexico,Violence against civilians,1,19.3503,-97.4203
12/25/2021,Mexico,Violence against civilians,2,19.3503,-97.4203
01/01/2022,Mexico,Violence against civilians,3,19.3503,-97.4203
01/08/2022,Mexico,Violence against civilians,1,19.3503,-97.4203
01/15/2022,Mexico,Violence against civilians,2,19.3503,-97.4203
01/22/2022,Mexico,Violence against civilians,5,19.3503,-97.4203
01/29/2022,Mexico,Violence against civilians,5,19.3503,-97.4203
02/05/2022,Mexico,Violence against civilians,6,19.3503,-97.4203
02/12/2022,Mexico,Violence against civilians,3,19.3503,-97.4203
02/19/2022,Mexico,Violence against civilians,7,19.3503,-97.4203
02/26/2022,Mexico,Violence against civilians,8,19.3503,-97.4203
03/05/2022,Mexico,Violence against civilians,2,19.3503,-97.4203
03/12/2022,Mexico,Violence against civilians,2,19.3503,-97.4203
03/19/2022,Mexico,Violence against civilians,2,19.3503,-97.4203
03/26/2022,Mexico,Violence against civilians,1,19.3503,-97.4203
04/02/2022,Mexico,Violence against civilians,3,19.3503,-97.4203
04/09/2022,Mexico,Violence against civilians,5,19.3503,-97.4203
04/16/2022,Mexico,Violence against civilians,7,19.3503,-97.4203
04/23/2022,Mexico,Violence against civilians,7,19.3503,-97.4203
04/30/2022,Mexico,Violence against civilians,5,19.3503,-97.4203
05/07/2022,Mexico,Violence against civilians,8,19.3503,-97.4203
05/14/2022,Mexico,Violence against civilians,4,19.3503,-97.4203
05/21/2022,Mexico,Violence against civilians,7,19.3503,-97.4203
05/28/2022,Mexico,Violence against civilians,8,19.3503,-97.4203
06/04/2022,Mexico,Violence against civilians,4,19.3503,-97.4203
06/11/2022,Mexico,Violence against civilians,2,19.3503,-97.4203
06/18/2022,Mexico,Violence against civilians,5,19.3503,-97.4203
06/25/2022,Mexico,Violence against civilians,5,19.3503,-97.4203
07/02/2022,Mexico,Violence against civilians,4,19.3503,-97.4203
07/09/2022,Mexico,Violence against civilians,2,19.3503,-97.4203
07/16/2022,Mexico,Violence against civilians,1,19.3503,-97.4203
07/23/2022,Mexico,Violence against civilians,7,19.3503,-97.4203
07/30/2022,Mexico,Violence against civilians,4,19.3503,-97.4203
08/06/2022,Mexico,Violence against civilians,6,19.3503,-97.4203
08/13/2022,Mexico,Violence against civilians,10,19.3503,-97.4203
08/20/2022,Mexico,Violence against civilians,6,19.3503,-97.4203
08/27/2022,Mexico,Violence against civilians,2,19.3503,-97.4203
09/03/2022,Mexico,Violence against civilians,2,19.3503,-97.4203
09/10/2022,Mexico,Violence against civilians,2,19.3503,-97.4203
09/17/2022,Mexico,Violence against civilians,1,19.3503,-97.4203
09/24/2022,Mexico,Violence against civilians,7,19.3503,-97.4203
10/01/2022,Mexico,Violence against civilians,2,19.3503,-97.4203
10/08/2022,Mexico,Violence against civilians,3,19.3503,-97.4203
10/15/2022,Mexico,Violence against civilians,9,19.3503,-97.4203
10/22/2022,Mexico,Violence against civilians,5,19.3503,-97.4203
10/29/2022,Mexico,Violence against civilians,4,19.3503,-97.4203
11/05/2022,Mexico,Violence against civilians,6,19.3503,-97.4203
11/12/2022,Mexico,Violence against civilians,2,19.3503,-97.4203
11/19/2022,Mexico,Violence against civilians,6,19.3503,-97.4203
11/26/2022,Mexico,Violence against civilians,3,19.3503,-97.4203
12/03/2022,Mexico,Violence against civilians,4,19.3503,-97.4203
12/10/2022,Mexico,Violence against civilians,5,19.3503,-97.4203
12/17/2022,Mexico,Violence against civilians,7,19.3503,-97.4203
12/24/2022,Mexico,Violence against civilians,5,19.3503,-97.4203
12/31/2022,Mexico,Violence against civilians,7,19.3503,-97.4203
01/07/2023,Mexico,Violence against civilians,9,19.3503,-97.4203
01/14/2023,Mexico,Violence against civilians,6,19.3503,-97.4203
01/21/2023,Mexico,Violence against civilians,5,19.3503,-97.4203
01/28/2023,Mexico,Violence against civilians,1,19.3503,-97.4203
02/04/2023,Mexico,Violence against civilians,1,19.3503,-97.4203
02/11/2023,Mexico,Violence against civilians,8,19.3503,-97.4203
02/18/2023,Mexico,Violence against civilians,6,19.3503,-97.4203
03/04/2023,Mexico,Violence against civilians,3,19.3503,-97.4203
03/11/2023,Mexico,Violence against civilians,2,19.3503,-97.4203
03/18/2023,Mexico,Violence against civilians,6,19.3503,-97.4203
03/25/2023,Mexico,Violence against civilians,4,19.3503,-97.4203
04/01/2023,Mexico,Violence against civilians,3,19.3503,-97.4203
04/08/2023,Mexico,Violence against civilians,5,19.3503,-97.4203
04/15/2023,Mexico,Violence against civilians,3,19.3503,-97.4203
04/22/2023,Mexico,Violence against civilians,4,19.3503,-97.4203
04/29/2023,Mexico,Violence against civilians,3,19.3503,-97.4203
05/06/2023,Mexico,Violence against civilians,5,19.3503,-97.4203
05/13/2023,Mexico,Violence against civilians,5,19.3503,-97.4203
05/20/2023,Mexico,Violence against civilians,8,19.3503,-97.4203
05/27/2023,Mexico,Violence against civilians,4,19.3503,-97.4203
06/03/2023,Mexico,Violence against civilians,4,19.3503,-97.4203
06/10/2023,Mexico,Violence against civilians,5,19.3503,-97.4203
06/17/2023,Mexico,Violence against civilians,5,19.3503,-97.4203
06/24/2023,Mexico,Violence against civilians,8,19.3503,-97.4203
07/01/2023,Mexico,Violence against civilians,11,19.3503,-97.4203
07/08/2023,Mexico,Violence against civilians,3,19.3503,-97.4203
07/15/2023,Mexico,Violence against civilians,5,19.3503,-97.4203
07/22/2023,Mexico,Violence against civilians,1,19.3503,-97.4203
07/29/2023,Mexico,Violence against civilians,1,19.3503,-97.4203
08/05/2023,Mexico,Violence against civilians,3,19.3503,-97.4203
08/12/2023,Mexico,Violence against civilians,5,19.3503,-97.4203
08/19/2023,Mexico,Violence against civilians,5,19.3503,-97.4203
08/26/2023,Mexico,Violence against civilians,8,19.3503,-97.4203
09/02/2023,Mexico,Violence against civilians,7,19.3503,-97.4203
09/09/2023,Mexico,Violence against civilians,6,19.3503,-97.4203
09/16/2023,Mexico,Violence against civilians,3,19.3503,-97.4203
09/23/2023,Mexico,Violence against civilians,4,19.3503,-97.4203
09/30/2023,Mexico,Violence against civilians,9,19.3503,-97.4203
10/07/2023,Mexico,Violence against civilians,4,19.3503,-97.4203
10/14/2023,Mexico,Violence against civilians,8,19.3503,-97.4203
10/21/2023,Mexico,Violence against civilians,11,19.3503,-97.4203
10/28/2023,Mexico,Violence against civilians,6,19.3503,-97.4203
11/04/2023,Mexico,Violence against civilians,1,19.3503,-97.4203
11/11/2023,Mexico,Violence against civilians,4,19.3503,-97.4203
11/18/2023,Mexico,Violence against civilians,4,19.3503,-97.4203
11/25/2023,Mexico,Violence against civilians,2,19.3503,-97.4203
12/02/2023,Mexico,Violence against civilians,2,19.3503,-97.4203
12/09/2023,Mexico,Violence against civilians,4,19.3503,-97.4203
12/16/2023,Mexico,Violence against civilians,3,19.3503,-97.4203
12/23/2023,Mexico,Violence against civilians,2,19.3503,-97.4203
12/30/2023,Mexico,Violence against civilians,1,19.3503,-97.4203
01/06/2024,Mexico,Violence against civilians,3,19.3503,-97.4203
01/13/2024,Mexico,Violence against civilians,4,19.3503,-97.4203
01/20/2024,Mexico,Violence against civilians,6,19.3503,-97.4203
01/27/2024,Mexico,Violence against civilians,4,19.3503,-97.4203
02/03/2024,Mexico,Violence against civilians,11,19.3503,-97.4203
02/10/2024,Mexico,Violence against civilians,4,19.3503,-97.4203
02/17/2024,Mexico,Violence against civilians,4,19.3503,-97.4203
02/24/2024,Mexico,Violence against civilians,5,19.3503,-97.4203
03/02/2024,Mexico,Violence against civilians,2,19.3503,-97.4203
03/09/2024,Mexico,Violence against civilians,6,19.3503,-97.4203
03/16/2024,Mexico,Violence against civilians,3,19.3503,-97.4203
03/23/2024,Mexico,Violence against civilians,3,19.3503,-97.4203
03/30/2024,Mexico,Violence against civilians,7,19.3503,-97.4203
04/06/2024,Mexico,Violence against civilians,6,19.3503,-97.4203
04/13/2024,Mexico,Violence against civilians,6,19.3503,-97.4203
04/20/2024,Mexico,Violence against civilians,1,19.3503,-97.4203
04/27/2024,Mexico,Violence against civilians,5,19.3503,-97.4203
05/04/2024,Mexico,Violence against civilians,6,19.3503,-97.4203
05/11/2024,Mexico,Violence against civilians,5,19.3503,-97.4203
05/18/2024,Mexico,Violence against civilians,6,19.3503,-97.4203
05/25/2024,Mexico,Violence against civilians,8,19.3503,-97.4203
06/01/2024,Mexico,Violence against civilians,7,19.3503,-97.4203
06/08/2024,Mexico,Violence against civilians,8,19.3503,-97.4203
06/15/2024,Mexico,Violence against civilians,8,19.3503,-97.4203
06/22/2024,Mexico,Violence against civilians,5,19.3503,-97.4203
06/29/2024,Mexico,Violence against civilians,3,19.3503,-97.4203
07/06/2024,Mexico,Violence against civilians,11,19.3503,-97.4203
07/13/2024,Mexico,Violence against civilians,3,19.3503,-97.4203
07/20/2024,Mexico,Violence against civilians,5,19.3503,-97.4203
07/27/2024,Mexico,Violence against civilians,3,19.3503,-97.4203
08/03/2024,Mexico,Violence against civilians,3,19.3503,-97.4203
08/10/2024,Mexico,Violence against civilians,8,19.3503,-97.4203
08/17/2024,Mexico,Violence against civilians,1,19.3503,-97.4203
08/24/2024,Mexico,Violence against civilians,5,19.3503,-97.4203
08/31/2024,Mexico,Violence against civilians,4,19.3503,-97.4203
09/07/2024,Mexico,Violence against civilians,2,19.3503,-97.4203
09/14/2024,Mexico,Violence against civilians,5,19.3503,-97.4203
09/21/2024,Mexico,Violence against civilians,5,19.3503,-97.4203
09/28/2024,Mexico,Violence against civilians,4,19.3503,-97.4203
10/05/2024,Mexico,Violence against civilians,2,19.3503,-97.4203
10/12/2024,Mexico,Violence against civilians,2,19.3503,-97.4203
10/19/2024,Mexico,Violence against civilians,6,19.3503,-97.4203
10/26/2024,Mexico,Violence against civilians,4,19.3503,-97.4203
11/02/2024,Mexico,Violence against civilians,2,19.3503,-97.4203
11/09/2024,Mexico,Violence against civilians,9,19.3503,-97.4203
11/16/2024,Mexico,Violence against civilians,5,19.3503,-97.4203
11/23/2024,Mexico,Violence against civilians,3,19.3503,-97.4203
11/30/2024,Mexico,Violence against civilians,3,19.3503,-97.4203
12/14/2024,Mexico,Violence against civilians,5,19.3503,-97.4203
12/21/2024,Mexico,Violence against civilians,5,19.3503,-97.4203
12/28/2024,Mexico,Violence against civilians,3,19.3503,-97.4203
01/04/2025,Mexico,Violence against civilians,7,19.3503,-97.4203
01/11/2025,Mexico,Violence against civilians,4,19.3503,-97.4203
01/18/2025,Mexico,Violence against civilians,4,19.3503,-97.4203
01/25/2025,Mexico,Violence against civilians,11,19.3503,-97.4203
02/01/2025,Mexico,Violence against civilians,6,19.3503,-97.4203
02/08/2025,Mexico,Violence against civilians,9,19.3503,-97.4203
02/15/2025,Mexico,Violence against civilians,5,19.3503,-97.4203
02/22/2025,Mexico,Violence against civilians,1,19.3503,-97.4203
03/01/2025,Mexico,Violence against civilians,3,19.3503,-97.4203
03/08/2025,Mexico,Violence against civilians,3,19.3503,-97.4203
03/15/2025,Mexico,Violence against civilians,7,19.3503,-97.4203
03/22/2025,Mexico,Violence against civilians,4,19.3503,-97.4203
03/29/2025,Mexico,Violence against civilians,9,19.3503,-97.4203
04/05/2025,Mexico,Violence against civilians,4,19.3503,-97.4203
04/12/2025,Mexico,Violence against civilians,12,19.3503,-97.4203
04/19/2025,Mexico,Violence against civilians,6,19.3503,-97.4203
04/26/2025,Mexico,Violence against civilians,2,19.3503,-97.4203
05/10/2025,Mexico,Violence against civilians,3,19.3503,-97.4203
05/17/2025,Mexico,Violence against civilians,3,19.3503,-97.4203
05/24/2025,Mexico,Violence against civilians,4,19.3503,-97.4203
05/31/2025,Mexico,Violence against civilians,8,19.3503,-97.4203
06/07/2025,Mexico,Violence against civilians,7,19.3503,-97.4203
06/14/2025,Mexico,Violence against civilians,10,19.3503,-97.4203
06/21/2025,Mexico,Violence against civilians,7,19.3503,-97.4203
06/28/2025,Mexico,Violence against civilians,8,19.3503,-97.4203
07/05/2025,Mexico,Violence against civilians,7,19.3503,-97.4203
07/12/2025,Mexico,Violence against civilians,3,19.3503,-97.4203
07/19/2025,Mexico,Violence against civilians,7,19.3503,-97.4203
07/26/2025,Mexico,Violence against civilians,6,19.3503,-97.4203
08/02/2025,Mexico,Violence against civilians,8,19.3503,-97.4203
08/09/2025,Mexico,Violence against civilians,6,19.3503,-97.4203
08/16/2025,Mexico,Violence against civilians,3,19.3503,-97.4203
08/23/2025,Mexico,Violence against civilians,7,19.3503,-97.4203
08/30/2025,Mexico,Violence against civilians,3,19.3503,-97.4203
09/06/2025,Mexico,Violence against civilians,5,19.3503,-97.4203
09/13/2025,Mexico,Violence against civilians,5,19.3503,-97.4203
09/20/2025,Mexico,Violence against civilians,6,19.3503,-97.4203
09/27/2025,Mexico,Violence against civilians,6,19.3503,-97.4203
10/04/2025,Mexico,Violence against civilians,6,19.3503,-97.4203
10/11/2025,Mexico,Violence against civilians,4,19.3503,-97.4203
10/18/2025,Mexico,Violence against civilians,5,19.3503,-97.4203
05/05/2018,Mexico,Violence against civilians,1,19.3503,-97.4203
09/29/2018,Mexico,Violence against civilians,1,19.3503,-97.4203
10/06/2018,Mexico,Violence against civilians,1,19.3503,-97.4203
08/31/2019,Mexico,Violence against civilians,1,19.3503,-97.4203
09/14/2019,Mexico,Violence against civilians,1,19.3503,-97.4203
01/25/2020,Mexico,Violence against civilians,1,19.3503,-97.4203
06/06/2020,Mexico,Violence against civilians,1,19.3503,-97.4203
01/15/2022,Mexico,Violence against civilians,2,19.3503,-97.4203
02/25/2023,Mexico,Violence against civilians,1,19.3503,-97.4203
03/04/2023,Mexico,Violence against civilians,1,19.3503,-97.4203
03/11/2023,Mexico,Violence against civilians,1,19.3503,-97.4203
08/10/2024,Mexico,Violence against civilians,1,19.3503,-97.4203
09/14/2024,Mexico,Violence against civilians,1,19.3503,-97.4203
10/12/2024,Mexico,Violence against civilians,1,19.3503,-97.4203
02/01/2025,Mexico,Violence against civilians,1,19.3503,-97.4203
08/25/2018,Mexico,Riots,1,20.8445,-99.9978
12/01/2018,Mexico,Riots,1,20.8445,-99.9978
12/22/2018,Mexico,Riots,1,20.8445,-99.9978
06/29/2019,Mexico,Riots,1,20.8445,-99.9978
05/22/2021,Mexico,Riots,1,20.8445,-99.9978
07/02/2022,Mexico,Riots,1,20.8445,-99.9978
04/20/2024,Mexico,Riots,1,20.8445,-99.9978
03/06/2021,Mexico,Riots,1,20.8445,-99.9978
08/06/2022,Mexico,Riots,1,20.8445,-99.9978
01/11/2025,Mexico,Riots,1,20.8445,-99.9978
04/18/2020,Mexico,Violence against civilians,1,20.8445,-99.9978
02/19/2022,Mexico,Violence against civilians,1,20.8445,-99.9978
05/28/2022,Mexico,Violence against civilians,1,20.8445,-99.9978
03/17/2018,Mexico,Violence against civilians,1,20.8445,-99.9978
05/19/2018,Mexico,Violence against civilians,1,20.8445,-99.9978
06/09/2018,Mexico,Violence against civilians,1,20.8445,-99.9978
06/16/2018,Mexico,Violence against civilians,2,20.8445,-99.9978
07/14/2018,Mexico,Violence against civilians,1,20.8445,-99.9978
07/21/2018,Mexico,Violence against civilians,1,20.8445,-99.9978
07/28/2018,Mexico,Violence against civilians,1,20.8445,-99.9978
08/18/2018,Mexico,Violence against civilians,1,20.8445,-99.9978
12/22/2018,Mexico,Violence against civilians,1,20.8445,-99.9978
02/16/2019,Mexico,Violence against civilians,1,20.8445,-99.9978
02/23/2019,Mexico,Violence against civilians,2,20.8445,-99.9978
03/23/2019,Mexico,Violence against civilians,1,20.8445,-99.9978
08/24/2019,Mexico,Violence against civilians,1,20.8445,-99.9978
11/16/2019,Mexico,Violence against civilians,1,20.8445,-99.9978
11/23/2019,Mexico,Violence against civilians,1,20.8445,-99.9978
12/14/2019,Mexico,Violence against civilians,1,20.8445,-99.9978
07/11/2020,Mexico,Violence against civilians,1,20.8445,-99.9978
10/03/2020,Mexico,Violence against civilians,1,20.8445,-99.9978
11/07/2020,Mexico,Violence against civilians,1,20.8445,-99.9978
12/12/2020,Mexico,Violence against civilians,1,20.8445,-99.9978
05/01/2021,Mexico,Violence against civilians,1,20.8445,-99.9978
05/22/2021,Mexico,Violence against civilians,1,20.8445,-99.9978
05/29/2021,Mexico,Violence against civilians,2,20.8445,-99.9978
06/05/2021,Mexico,Violence against civilians,1,20.8445,-99.9978
03/12/2022,Mexico,Violence against civilians,1,20.8445,-99.9978
04/02/2022,Mexico,Violence against civilians,1,20.8445,-99.9978
06/11/2022,Mexico,Violence against civilians,1,20.8445,-99.9978
09/17/2022,Mexico,Violence against civilians,1,20.8445,-99.9978
12/03/2022,Mexico,Violence against civilians,1,20.8445,-99.9978
04/22/2023,Mexico,Violence against civilians,1,20.8445,-99.9978
07/15/2023,Mexico,Violence against civilians,1,20.8445,-99.9978
10/28/2023,Mexico,Violence against civilians,2,20.8445,-99.9978
01/06/2024,Mexico,Violence against civilians,2,20.8445,-99.9978
01/20/2024,Mexico,Violence against civilians,1,20.8445,-99.9978
02/24/2024,Mexico,Violence against civilians,1,20.8445,-99.9978
03/23/2024,Mexico,Violence against civilians,1,20.8445,-99.9978
04/27/2024,Mexico,Violence against civilians,1,20.8445,-99.9978
06/01/2024,Mexico,Violence against civilians,1,20.8445,-99.9978
08/03/2024,Mexico,Violence against civilians,1,20.8445,-99.9978
09/28/2024,Mexico,Violence against civilians,1,20.8445,-99.9978
10/05/2024,Mexico,Violence against civilians,1,20.8445,-99.9978
11/02/2024,Mexico,Violence against civilians,1,20.8445,-99.9978
04/26/2025,Mexico,Violence against civilians,1,20.8445,-99.9978
05/03/2025,Mexico,Violence against civilians,2,20.8445,-99.9978
07/26/2025,Mexico,Violence against civilians,1,20.8445,-99.9978
09/06/2025,Mexico,Violence against civilians,1,20.8445,-99.9978
10/04/2025,Mexico,Violence against civilians,1,20.8445,-99.9978
10/11/2025,Mexico,Violence against civilians,1,20.8445,-99.9978
06/22/2019,Mexico,Violence against civilians,1,20.8445,-99.9978
05/31/2025,Mexico,Violence against civilians,1,20.8445,-99.9978
10/13/2018,Mexico,Explosions/Remote violence,1,19.7414,-88.3237
11/03/2018,Mexico,Explosions/Remote violence,1,19.7414,-88.3237
04/24/2021,Mexico,Explosions/Remote violence,2,19.7414,-88.3237
01/15/2022,Mexico,Explosions/Remote violence,1,19.7414,-88.3237
10/01/2022,Mexico,Explosions/Remote violence,1,19.7414,-88.3237
06/01/2019,Mexico,Explosions/Remote violence,1,19.7414,-88.3237
01/27/2018,Mexico,Riots,1,19.7414,-88.3237
04/07/2018,Mexico,Riots,1,19.7414,-88.3237
06/02/2018,Mexico,Riots,1,19.7414,-88.3237
07/14/2018,Mexico,Riots,1,19.7414,-88.3237
09/29/2018,Mexico,Riots,1,19.7414,-88.3237
10/13/2018,Mexico,Riots,1,19.7414,-88.3237
03/02/2019,Mexico,Riots,1,19.7414,-88.3237
07/27/2019,Mexico,Riots,1,19.7414,-88.3237
08/03/2019,Mexico,Riots,1,19.7414,-88.3237
09/28/2019,Mexico,Riots,1,19.7414,-88.3237
12/07/2019,Mexico,Riots,1,19.7414,-88.3237
02/08/2020,Mexico,Riots,3,19.7414,-88.3237
04/04/2020,Mexico,Riots,1,19.7414,-88.3237
05/09/2020,Mexico,Riots,1,19.7414,-88.3237
06/13/2020,Mexico,Riots,1,19.7414,-88.3237
08/22/2020,Mexico,Riots,1,19.7414,-88.3237
10/24/2020,Mexico,Riots,2,19.7414,-88.3237
05/29/2021,Mexico,Riots,1,19.7414,-88.3237
06/12/2021,Mexico,Riots,1,19.7414,-88.3237
06/19/2021,Mexico,Riots,1,19.7414,-88.3237
06/26/2021,Mexico,Riots,1,19.7414,-88.3237
07/17/2021,Mexico,Riots,2,19.7414,-88.3237
11/27/2021,Mexico,Riots,1,19.7414,-88.3237
12/11/2021,Mexico,Riots,1,19.7414,-88.3237
12/25/2021,Mexico,Riots,1,19.7414,-88.3237
01/29/2022,Mexico,Riots,1,19.7414,-88.3237
03/26/2022,Mexico,Riots,1,19.7414,-88.3237
09/10/2022,Mexico,Riots,1,19.7414,-88.3237
10/15/2022,Mexico,Riots,2,19.7414,-88.3237
01/07/2023,Mexico,Riots,1,19.7414,-88.3237
02/11/2023,Mexico,Riots,1,19.7414,-88.3237
02/18/2023,Mexico,Riots,1,19.7414,-88.3237
07/15/2023,Mexico,Riots,1,19.7414,-88.3237
09/30/2023,Mexico,Riots,1,19.7414,-88.3237
10/07/2023,Mexico,Riots,1,19.7414,-88.3237
02/24/2024,Mexico,Riots,1,19.7414,-88.3237
03/30/2024,Mexico,Riots,1,19.7414,-88.3237
08/10/2024,Mexico,Riots,2,19.7414,-88.3237
09/21/2024,Mexico,Riots,1,19.7414,-88.3237
10/04/2025,Mexico,Riots,1,19.7414,-88.3237
12/15/2018,Mexico,Riots,2,19.7414,-88.3237
09/07/2019,Mexico,Riots,1,19.7414,-88.3237
09/05/2020,Mexico,Riots,1,19.7414,-88.3237
09/12/2020,Mexico,Riots,1,19.7414,-88.3237
11/14/2020,Mexico,Riots,1,19.7414,-88.3237
01/09/2021,Mexico,Riots,1,19.7414,-88.3237
04/03/2021,Mexico,Riots,1,19.7414,-88.3237
05/08/2021,Mexico,Riots,1,19.7414,-88.3237
07/03/2021,Mexico,Riots,1,19.7414,-88.3237
05/14/2022,Mexico,Riots,1,19.7414,-88.3237
08/05/2023,Mexico,Riots,1,19.7414,-88.3237
12/07/2024,Mexico,Riots,1,19.7414,-88.3237
08/30/2025,Mexico,Riots,1,19.7414,-88.3237
10/13/2018,Mexico,Violence against civilians,1,19.7414,-88.3237
11/03/2018,Mexico,Violence against civilians,1,19.7414,-88.3237
12/15/2018,Mexico,Violence against civilians,1,19.7414,-88.3237
12/22/2018,Mexico,Violence against civilians,2,19.7414,-88.3237
08/17/2019,Mexico,Violence against civilians,1,19.7414,-88.3237
10/26/2019,Mexico,Violence against civilians,1,19.7414,-88.3237
11/16/2019,Mexico,Violence against civilians,1,19.7414,-88.3237
02/22/2020,Mexico,Violence against civilians,1,19.7414,-88.3237
04/25/2020,Mexico,Violence against civilians,1,19.7414,-88.3237
11/07/2020,Mexico,Violence against civilians,1,19.7414,-88.3237
04/24/2021,Mexico,Violence against civilians,1,19.7414,-88.3237
07/24/2021,Mexico,Violence against civilians,1,19.7414,-88.3237
09/18/2021,Mexico,Violence against civilians,1,19.7414,-88.3237
10/02/2021,Mexico,Violence against civilians,1,19.7414,-88.3237
10/09/2021,Mexico,Violence against civilians,1,19.7414,-88.3237
10/16/2021,Mexico,Violence against civilians,1,19.7414,-88.3237
11/13/2021,Mexico,Violence against civilians,1,19.7414,-88.3237
11/27/2021,Mexico,Violence against civilians,1,19.7414,-88.3237
01/08/2022,Mexico,Violence against civilians,1,19.7414,-88.3237
04/30/2022,Mexico,Violence against civilians,1,19.7414,-88.3237
06/18/2022,Mexico,Violence against civilians,1,19.7414,-88.3237
07/16/2022,Mexico,Violence against civilians,1,19.7414,-88.3237
07/30/2022,Mexico,Violence against civilians,2,19.7414,-88.3237
08/27/2022,Mexico,Violence against civilians,1,19.7414,-88.3237
11/12/2022,Mexico,Violence against civilians,1,19.7414,-88.3237
12/17/2022,Mexico,Violence against civilians,1,19.7414,-88.3237
01/14/2023,Mexico,Violence against civilians,1,19.7414,-88.3237
02/04/2023,Mexico,Violence against civilians,1,19.7414,-88.3237
03/18/2023,Mexico,Violence against civilians,1,19.7414,-88.3237
04/08/2023,Mexico,Violence against civilians,1,19.7414,-88.3237
07/22/2023,Mexico,Violence against civilians,1,19.7414,-88.3237
12/16/2023,Mexico,Violence against civilians,1,19.7414,-88.3237
02/03/2024,Mexico,Violence against civilians,1,19.7414,-88.3237
05/11/2024,Mexico,Violence against civilians,1,19.7414,-88.3237
09/13/2025,Mexico,Violence against civilians,1,19.7414,-88.3237
01/06/2018,Mexico,Violence against civilians,3,19.7414,-88.3237
01/13/2018,Mexico,Violence against civilians,1,19.7414,-88.3237
01/27/2018,Mexico,Violence against civilians,3,19.7414,-88.3237
02/03/2018,Mexico,Violence against civilians,2,19.7414,-88.3237
02/10/2018,Mexico,Violence against civilians,1,19.7414,-88.3237
02/17/2018,Mexico,Violence against civilians,3,19.7414,-88.3237
02/24/2018,Mexico,Violence against civilians,3,19.7414,-88.3237
03/24/2018,Mexico,Violence against civilians,2,19.7414,-88.3237
03/31/2018,Mexico,Violence against civilians,5,19.7414,-88.3237
04/07/2018,Mexico,Violence against civilians,3,19.7414,-88.3237
04/14/2018,Mexico,Violence against civilians,2,19.7414,-88.3237
04/21/2018,Mexico,Violence against civilians,1,19.7414,-88.3237
04/28/2018,Mexico,Violence against civilians,1,19.7414,-88.3237
05/05/2018,Mexico,Violence against civilians,2,19.7414,-88.3237
05/12/2018,Mexico,Violence against civilians,3,19.7414,-88.3237
05/19/2018,Mexico,Violence against civilians,2,19.7414,-88.3237
05/26/2018,Mexico,Violence against civilians,4,19.7414,-88.3237
06/02/2018,Mexico,Violence against civilians,6,19.7414,-88.3237
06/09/2018,Mexico,Violence against civilians,5,19.7414,-88.3237
06/16/2018,Mexico,Violence against civilians,1,19.7414,-88.3237
06/23/2018,Mexico,Violence against civilians,5,19.7414,-88.3237
07/07/2018,Mexico,Violence against civilians,1,19.7414,-88.3237
07/14/2018,Mexico,Violence against civilians,5,19.7414,-88.3237
07/21/2018,Mexico,Violence against civilians,2,19.7414,-88.3237
07/28/2018,Mexico,Violence against civilians,3,19.7414,-88.3237
08/04/2018,Mexico,Violence against civilians,3,19.7414,-88.3237
08/11/2018,Mexico,Violence against civilians,1,19.7414,-88.3237
08/18/2018,Mexico,Violence against civilians,5,19.7414,-88.3237
08/25/2018,Mexico,Violence against civilians,4,19.7414,-88.3237
09/01/2018,Mexico,Violence against civilians,2,19.7414,-88.3237
09/08/2018,Mexico,Violence against civilians,2,19.7414,-88.3237
09/15/2018,Mexico,Violence against civilians,4,19.7414,-88.3237
09/22/2018,Mexico,Violence against civilians,4,19.7414,-88.3237
09/29/2018,Mexico,Violence against civilians,1,19.7414,-88.3237
10/06/2018,Mexico,Violence against civilians,2,19.7414,-88.3237
10/13/2018,Mexico,Violence against civilians,1,19.7414,-88.3237
10/20/2018,Mexico,Violence against civilians,1,19.7414,-88.3237
10/27/2018,Mexico,Violence against civilians,4,19.7414,-88.3237
11/03/2018,Mexico,Violence against civilians,6,19.7414,-88.3237
11/10/2018,Mexico,Violence against civilians,1,19.7414,-88.3237
11/17/2018,Mexico,Violence against civilians,3,19.7414,-88.3237
12/01/2018,Mexico,Violence against civilians,2,19.7414,-88.3237
12/08/2018,Mexico,Violence against civilians,4,19.7414,-88.3237
12/15/2018,Mexico,Violence against civilians,6,19.7414,-88.3237
12/22/2018,Mexico,Violence against civilians,5,19.7414,-88.3237
12/29/2018,Mexico,Violence against civilians,2,19.7414,-88.3237
01/05/2019,Mexico,Violence against civilians,3,19.7414,-88.3237
01/12/2019,Mexico,Violence against civilians,7,19.7414,-88.3237
01/19/2019,Mexico,Violence against civilians,5,19.7414,-88.3237
01/26/2019,Mexico,Violence against civilians,3,19.7414,-88.3237
02/02/2019,Mexico,Violence against civilians,5,19.7414,-88.3237
02/09/2019,Mexico,Violence against civilians,3,19.7414,-88.3237
02/16/2019,Mexico,Violence against civilians,3,19.7414,-88.3237
02/23/2019,Mexico,Violence against civilians,3,19.7414,-88.3237
03/02/2019,Mexico,Violence against civilians,4,19.7414,-88.3237
03/09/2019,Mexico,Violence against civilians,3,19.7414,-88.3237
03/16/2019,Mexico,Violence against civilians,1,19.7414,-88.3237
03/23/2019,Mexico,Violence against civilians,4,19.7414,-88.3237
03/30/2019,Mexico,Violence against civilians,3,19.7414,-88.3237
04/13/2019,Mexico,Violence against civilians,8,19.7414,-88.3237
04/20/2019,Mexico,Violence against civilians,5,19.7414,-88.3237
04/27/2019,Mexico,Violence against civilians,6,19.7414,-88.3237
05/04/2019,Mexico,Violence against civilians,4,19.7414,-88.3237
05/11/2019,Mexico,Violence against civilians,2,19.7414,-88.3237
05/18/2019,Mexico,Violence against civilians,5,19.7414,-88.3237
05/25/2019,Mexico,Violence against civilians,1,19.7414,-88.3237
06/01/2019,Mexico,Violence against civilians,3,19.7414,-88.3237
06/08/2019,Mexico,Violence against civilians,4,19.7414,-88.3237
06/15/2019,Mexico,Violence against civilians,1,19.7414,-88.3237
06/22/2019,Mexico,Violence against civilians,7,19.7414,-88.3237
06/29/2019,Mexico,Violence against civilians,3,19.7414,-88.3237
07/06/2019,Mexico,Violence against civilians,2,19.7414,-88.3237
07/13/2019,Mexico,Violence against civilians,1,19.7414,-88.3237
07/20/2019,Mexico,Violence against civilians,3,19.7414,-88.3237
07/27/2019,Mexico,Violence against civilians,2,19.7414,-88.3237
08/03/2019,Mexico,Violence against civilians,7,19.7414,-88.3237
08/10/2019,Mexico,Violence against civilians,3,19.7414,-88.3237
08/17/2019,Mexico,Violence against civilians,5,19.7414,-88.3237
08/24/2019,Mexico,Violence against civilians,10,19.7414,-88.3237
09/07/2019,Mexico,Violence against civilians,4,19.7414,-88.3237
09/14/2019,Mexico,Violence against civilians,3,19.7414,-88.3237
09/21/2019,Mexico,Violence against civilians,3,19.7414,-88.3237
09/28/2019,Mexico,Violence against civilians,6,19.7414,-88.3237
10/05/2019,Mexico,Violence against civilians,7,19.7414,-88.3237
10/12/2019,Mexico,Violence against civilians,5,19.7414,-88.3237
10/26/2019,Mexico,Violence against civilians,2,19.7414,-88.3237
11/02/2019,Mexico,Violence against civilians,3,19.7414,-88.3237
11/16/2019,Mexico,Violence against civilians,2,19.7414,-88.3237
11/23/2019,Mexico,Violence against civilians,1,19.7414,-88.3237
11/30/2019,Mexico,Violence against civilians,2,19.7414,-88.3237
12/07/2019,Mexico,Violence against civilians,6,19.7414,-88.3237
12/14/2019,Mexico,Violence against civilians,5,19.7414,-88.3237
12/21/2019,Mexico,Violence against civilians,2,19.7414,-88.3237
12/28/2019,Mexico,Violence against civilians,2,19.7414,-88.3237
01/04/2020,Mexico,Violence against civilians,1,19.7414,-88.3237
01/11/2020,Mexico,Violence against civilians,2,19.7414,-88.3237
01/18/2020,Mexico,Violence against civilians,2,19.7414,-88.3237
01/25/2020,Mexico,Violence against civilians,5,19.7414,-88.3237
02/08/2020,Mexico,Violence against civilians,6,19.7414,-88.3237
02/15/2020,Mexico,Violence against civilians,3,19.7414,-88.3237
02/22/2020,Mexico,Violence against civilians,1,19.7414,-88.3237
02/29/2020,Mexico,Violence against civilians,2,19.7414,-88.3237
03/07/2020,Mexico,Violence against civilians,1,19.7414,-88.3237
03/14/2020,Mexico,Violence against civilians,1,19.7414,-88.3237
03/21/2020,Mexico,Violence against civilians,3,19.7414,-88.3237
04/04/2020,Mexico,Violence against civilians,1,19.7414,-88.3237
04/11/2020,Mexico,Violence against civilians,1,19.7414,-88.3237
04/18/2020,Mexico,Violence against civilians,6,19.7414,-88.3237
04/25/2020,Mexico,Violence against civilians,1,19.7414,-88.3237
05/02/2020,Mexico,Violence against civilians,1,19.7414,-88.3237
05/09/2020,Mexico,Violence against civilians,3,19.7414,-88.3237
05/16/2020,Mexico,Violence against civilians,2,19.7414,-88.3237
05/23/2020,Mexico,Violence against civilians,3,19.7414,-88.3237
05/30/2020,Mexico,Violence against civilians,1,19.7414,-88.3237
06/13/2020,Mexico,Violence against civilians,4,19.7414,-88.3237
06/20/2020,Mexico,Violence against civilians,2,19.7414,-88.3237
07/04/2020,Mexico,Violence against civilians,2,19.7414,-88.3237
07/11/2020,Mexico,Violence against civilians,2,19.7414,-88.3237
07/18/2020,Mexico,Violence against civilians,2,19.7414,-88.3237
07/25/2020,Mexico,Violence against civilians,1,19.7414,-88.3237
08/01/2020,Mexico,Violence against civilians,1,19.7414,-88.3237
08/08/2020,Mexico,Violence against civilians,1,19.7414,-88.3237
08/15/2020,Mexico,Violence against civilians,1,19.7414,-88.3237
08/22/2020,Mexico,Violence against civilians,2,19.7414,-88.3237
08/29/2020,Mexico,Violence against civilians,2,19.7414,-88.3237
09/05/2020,Mexico,Violence against civilians,2,19.7414,-88.3237
09/12/2020,Mexico,Violence against civilians,3,19.7414,-88.3237
09/19/2020,Mexico,Violence against civilians,1,19.7414,-88.3237
10/10/2020,Mexico,Violence against civilians,3,19.7414,-88.3237
10/17/2020,Mexico,Violence against civilians,2,19.7414,-88.3237
10/24/2020,Mexico,Violence against civilians,4,19.7414,-88.3237
10/31/2020,Mexico,Violence against civilians,2,19.7414,-88.3237
11/07/2020,Mexico,Violence against civilians,3,19.7414,-88.3237
11/21/2020,Mexico,Violence against civilians,2,19.7414,-88.3237
11/28/2020,Mexico,Violence against civilians,3,19.7414,-88.3237
12/05/2020,Mexico,Violence against civilians,2,19.7414,-88.3237
12/12/2020,Mexico,Violence against civilians,2,19.7414,-88.3237
12/26/2020,Mexico,Violence against civilians,1,19.7414,-88.3237
01/02/2021,Mexico,Violence against civilians,1,19.7414,-88.3237
01/09/2021,Mexico,Violence against civilians,1,19.7414,-88.3237
01/16/2021,Mexico,Violence against civilians,1,19.7414,-88.3237
01/30/2021,Mexico,Violence against civilians,2,19.7414,-88.3237
02/06/2021,Mexico,Violence against civilians,3,19.7414,-88.3237
02/13/2021,Mexico,Violence against civilians,1,19.7414,-88.3237
02/20/2021,Mexico,Violence against civilians,1,19.7414,-88.3237
03/06/2021,Mexico,Violence against civilians,2,19.7414,-88.3237
03/20/2021,Mexico,Violence against civilians,3,19.7414,-88.3237
03/27/2021,Mexico,Violence against civilians,4,19.7414,-88.3237
04/03/2021,Mexico,Violence against civilians,1,19.7414,-88.3237
04/10/2021,Mexico,Violence against civilians,1,19.7414,-88.3237
04/17/2021,Mexico,Violence against civilians,3,19.7414,-88.3237
04/24/2021,Mexico,Violence against civilians,3,19.7414,-88.3237
05/01/2021,Mexico,Violence against civilians,1,19.7414,-88.3237
05/08/2021,Mexico,Violence against civilians,1,19.7414,-88.3237
05/15/2021,Mexico,Violence against civilians,1,19.7414,-88.3237
05/22/2021,Mexico,Violence against civilians,3,19.7414,-88.3237
05/29/2021,Mexico,Violence against civilians,7,19.7414,-88.3237
06/12/2021,Mexico,Violence against civilians,4,19.7414,-88.3237
06/19/2021,Mexico,Violence against civilians,4,19.7414,-88.3237
06/26/2021,Mexico,Violence against civilians,1,19.7414,-88.3237
07/03/2021,Mexico,Violence against civilians,1,19.7414,-88.3237
07/10/2021,Mexico,Violence against civilians,1,19.7414,-88.3237
07/17/2021,Mexico,Violence against civilians,2,19.7414,-88.3237
07/24/2021,Mexico,Violence against civilians,3,19.7414,-88.3237
07/31/2021,Mexico,Violence against civilians,4,19.7414,-88.3237
08/07/2021,Mexico,Violence against civilians,5,19.7414,-88.3237
08/14/2021,Mexico,Violence against civilians,2,19.7414,-88.3237
08/28/2021,Mexico,Violence against civilians,1,19.7414,-88.3237
09/04/2021,Mexico,Violence against civilians,2,19.7414,-88.3237
09/11/2021,Mexico,Violence against civilians,5,19.7414,-88.3237
09/18/2021,Mexico,Violence against civilians,4,19.7414,-88.3237
09/25/2021,Mexico,Violence against civilians,6,19.7414,-88.3237
10/02/2021,Mexico,Violence against civilians,6,19.7414,-88.3237
10/09/2021,Mexico,Violence against civilians,1,19.7414,-88.3237
10/16/2021,Mexico,Violence against civilians,7,19.7414,-88.3237
10/23/2021,Mexico,Violence against civilians,3,19.7414,-88.3237
10/30/2021,Mexico,Violence against civilians,8,19.7414,-88.3237
11/06/2021,Mexico,Violence against civilians,9,19.7414,-88.3237
11/13/2021,Mexico,Violence against civilians,7,19.7414,-88.3237
11/20/2021,Mexico,Violence against civilians,2,19.7414,-88.3237
11/27/2021,Mexico,Violence against civilians,2,19.7414,-88.3237
12/04/2021,Mexico,Violence against civilians,6,19.7414,-88.3237
12/11/2021,Mexico,Violence against civilians,4,19.7414,-88.3237
12/18/2021,Mexico,Violence against civilians,2,19.7414,-88.3237
12/25/2021,Mexico,Violence against civilians,3,19.7414,-88.3237
01/01/2022,Mexico,Violence against civilians,3,19.7414,-88.3237
01/08/2022,Mexico,Violence against civilians,2,19.7414,-88.3237
01/15/2022,Mexico,Violence against civilians,1,19.7414,-88.3237
01/22/2022,Mexico,Violence against civilians,2,19.7414,-88.3237
01/29/2022,Mexico,Violence against civilians,6,19.7414,-88.3237
02/05/2022,Mexico,Violence against civilians,3,19.7414,-88.3237
02/12/2022,Mexico,Violence against civilians,2,19.7414,-88.3237
02/19/2022,Mexico,Violence against civilians,5,19.7414,-88.3237
02/26/2022,Mexico,Violence against civilians,4,19.7414,-88.3237
03/05/2022,Mexico,Violence against civilians,3,19.7414,-88.3237
03/12/2022,Mexico,Violence against civilians,6,19.7414,-88.3237
03/19/2022,Mexico,Violence against civilians,2,19.7414,-88.3237
03/26/2022,Mexico,Violence against civilians,7,19.7414,-88.3237
04/02/2022,Mexico,Violence against civilians,5,19.7414,-88.3237
04/09/2022,Mexico,Violence against civilians,2,19.7414,-88.3237
04/16/2022,Mexico,Violence against civilians,3,19.7414,-88.3237
04/23/2022,Mexico,Violence against civilians,4,19.7414,-88.3237
04/30/2022,Mexico,Violence against civilians,6,19.7414,-88.3237
05/07/2022,Mexico,Violence against civilians,5,19.7414,-88.3237
05/14/2022,Mexico,Violence against civilians,7,19.7414,-88.3237
05/21/2022,Mexico,Violence against civilians,5,19.7414,-88.3237
05/28/2022,Mexico,Violence against civilians,2,19.7414,-88.3237
06/04/2022,Mexico,Violence against civilians,5,19.7414,-88.3237
06/11/2022,Mexico,Violence against civilians,2,19.7414,-88.3237
06/18/2022,Mexico,Violence against civilians,5,19.7414,-88.3237
06/25/2022,Mexico,Violence against civilians,3,19.7414,-88.3237
07/02/2022,Mexico,Violence against civilians,5,19.7414,-88.3237
07/09/2022,Mexico,Violence against civilians,6,19.7414,-88.3237
07/16/2022,Mexico,Violence against civilians,3,19.7414,-88.3237
07/23/2022,Mexico,Violence against civilians,2,19.7414,-88.3237
07/30/2022,Mexico,Violence against civilians,5,19.7414,-88.3237
08/06/2022,Mexico,Violence against civilians,3,19.7414,-88.3237
08/13/2022,Mexico,Violence against civilians,6,19.7414,-88.3237
08/20/2022,Mexico,Violence against civilians,3,19.7414,-88.3237
08/27/2022,Mexico,Violence against civilians,4,19.7414,-88.3237
09/03/2022,Mexico,Violence against civilians,6,19.7414,-88.3237
09/10/2022,Mexico,Violence against civilians,3,19.7414,-88.3237
09/17/2022,Mexico,Violence against civilians,3,19.7414,-88.3237
09/24/2022,Mexico,Violence against civilians,6,19.7414,-88.3237
10/01/2022,Mexico,Violence against civilians,4,19.7414,-88.3237
10/08/2022,Mexico,Violence against civilians,4,19.7414,-88.3237
10/15/2022,Mexico,Violence against civilians,2,19.7414,-88.3237
10/22/2022,Mexico,Violence against civilians,2,19.7414,-88.3237
10/29/2022,Mexico,Violence against civilians,6,19.7414,-88.3237
11/05/2022,Mexico,Violence against civilians,4,19.7414,-88.3237
11/12/2022,Mexico,Violence against civilians,6,19.7414,-88.3237
11/19/2022,Mexico,Violence against civilians,5,19.7414,-88.3237
11/26/2022,Mexico,Violence against civilians,2,19.7414,-88.3237
12/03/2022,Mexico,Violence against civilians,3,19.7414,-88.3237
12/10/2022,Mexico,Violence against civilians,3,19.7414,-88.3237
12/17/2022,Mexico,Violence against civilians,3,19.7414,-88.3237
12/24/2022,Mexico,Violence against civilians,4,19.7414,-88.3237
12/31/2022,Mexico,Violence against civilians,1,19.7414,-88.3237
01/07/2023,Mexico,Violence against civilians,3,19.7414,-88.3237
01/14/2023,Mexico,Violence against civilians,2,19.7414,-88.3237
01/28/2023,Mexico,Violence against civilians,2,19.7414,-88.3237
02/04/2023,Mexico,Violence against civilians,5,19.7414,-88.3237
02/11/2023,Mexico,Violence against civilians,3,19.7414,-88.3237
02/18/2023,Mexico,Violence against civilians,2,19.7414,-88.3237
03/11/2023,Mexico,Violence against civilians,5,19.7414,-88.3237
03/18/2023,Mexico,Violence against civilians,5,19.7414,-88.3237
03/25/2023,Mexico,Violence against civilians,3,19.7414,-88.3237
04/01/2023,Mexico,Violence against civilians,3,19.7414,-88.3237
04/08/2023,Mexico,Violence against civilians,4,19.7414,-88.3237
04/15/2023,Mexico,Violence against civilians,3,19.7414,-88.3237
04/22/2023,Mexico,Violence against civilians,1,19.7414,-88.3237
04/29/2023,Mexico,Violence against civilians,2,19.7414,-88.3237
05/06/2023,Mexico,Violence against civilians,1,19.7414,-88.3237
05/13/2023,Mexico,Violence against civilians,3,19.7414,-88.3237
05/20/2023,Mexico,Violence against civilians,4,19.7414,-88.3237
05/27/2023,Mexico,Violence against civilians,2,19.7414,-88.3237
06/03/2023,Mexico,Violence against civilians,2,19.7414,-88.3237
06/10/2023,Mexico,Violence against civilians,5,19.7414,-88.3237
06/17/2023,Mexico,Violence against civilians,4,19.7414,-88.3237
06/24/2023,Mexico,Violence against civilians,2,19.7414,-88.3237
07/08/2023,Mexico,Violence against civilians,2,19.7414,-88.3237
07/22/2023,Mexico,Violence against civilians,2,19.7414,-88.3237
07/29/2023,Mexico,Violence against civilians,2,19.7414,-88.3237
08/05/2023,Mexico,Violence against civilians,1,19.7414,-88.3237
08/12/2023,Mexico,Violence against civilians,3,19.7414,-88.3237
08/26/2023,Mexico,Violence against civilians,1,19.7414,-88.3237
09/09/2023,Mexico,Violence against civilians,1,19.7414,-88.3237
09/23/2023,Mexico,Violence against civilians,3,19.7414,-88.3237
10/07/2023,Mexico,Violence against civilians,1,19.7414,-88.3237
10/14/2023,Mexico,Violence against civilians,1,19.7414,-88.3237
11/04/2023,Mexico,Violence against civilians,1,19.7414,-88.3237
11/25/2023,Mexico,Violence against civilians,1,19.7414,-88.3237
12/09/2023,Mexico,Violence against civilians,2,19.7414,-88.3237
12/16/2023,Mexico,Violence against civilians,1,19.7414,-88.3237
12/23/2023,Mexico,Violence against civilians,1,19.7414,-88.3237
01/20/2024,Mexico,Violence against civilians,1,19.7414,-88.3237
01/27/2024,Mexico,Violence against civilians,2,19.7414,-88.3237
02/03/2024,Mexico,Violence against civilians,2,19.7414,-88.3237
02/17/2024,Mexico,Violence against civilians,2,19.7414,-88.3237
02/24/2024,Mexico,Violence against civilians,2,19.7414,-88.3237
03/16/2024,Mexico,Violence against civilians,2,19.7414,-88.3237
03/30/2024,Mexico,Violence against civilians,1,19.7414,-88.3237
04/06/2024,Mexico,Violence against civilians,2,19.7414,-88.3237
04/13/2024,Mexico,Violence against civilians,1,19.7414,-88.3237
05/04/2024,Mexico,Violence against civilians,1,19.7414,-88.3237
05/11/2024,Mexico,Violence against civilians,1,19.7414,-88.3237
05/18/2024,Mexico,Violence against civilians,1,19.7414,-88.3237
05/25/2024,Mexico,Violence against civilians,1,19.7414,-88.3237
06/01/2024,Mexico,Violence against civilians,1,19.7414,-88.3237
06/08/2024,Mexico,Violence against civilians,1,19.7414,-88.3237
06/29/2024,Mexico,Violence against civilians,2,19.7414,-88.3237
07/13/2024,Mexico,Violence against civilians,4,19.7414,-88.3237
07/20/2024,Mexico,Violence against civilians,2,19.7414,-88.3237
07/27/2024,Mexico,Violence against civilians,3,19.7414,-88.3237
08/03/2024,Mexico,Violence against civilians,2,19.7414,-88.3237
08/10/2024,Mexico,Violence against civilians,1,19.7414,-88.3237
08/17/2024,Mexico,Violence against civilians,2,19.7414,-88.3237
08/24/2024,Mexico,Violence against civilians,3,19.7414,-88.3237
09/07/2024,Mexico,Violence against civilians,1,19.7414,-88.3237
09/14/2024,Mexico,Violence against civilians,2,19.7414,-88.3237
09/21/2024,Mexico,Violence against civilians,3,19.7414,-88.3237
09/28/2024,Mexico,Violence against civilians,2,19.7414,-88.3237
10/05/2024,Mexico,Violence against civilians,1,19.7414,-88.3237
10/12/2024,Mexico,Violence against civilians,2,19.7414,-88.3237
10/19/2024,Mexico,Violence against civilians,1,19.7414,-88.3237
11/16/2024,Mexico,Violence against civilians,1,19.7414,-88.3237
11/23/2024,Mexico,Violence against civilians,1,19.7414,-88.3237
11/30/2024,Mexico,Violence against civilians,3,19.7414,-88.3237
12/21/2024,Mexico,Violence against civilians,2,19.7414,-88.3237
12/28/2024,Mexico,Violence against civilians,1,19.7414,-88.3237
01/25/2025,Mexico,Violence against civilians,2,19.7414,-88.3237
02/08/2025,Mexico,Violence against civilians,2,19.7414,-88.3237
02/15/2025,Mexico,Violence against civilians,1,19.7414,-88.3237
03/01/2025,Mexico,Violence against civilians,1,19.7414,-88.3237
03/15/2025,Mexico,Violence against civilians,4,19.7414,-88.3237
03/22/2025,Mexico,Violence against civilians,1,19.7414,-88.3237
03/29/2025,Mexico,Violence against civilians,1,19.7414,-88.3237
04/05/2025,Mexico,Violence against civilians,1,19.7414,-88.3237
04/12/2025,Mexico,Violence against civilians,1,19.7414,-88.3237
04/26/2025,Mexico,Violence against civilians,1,19.7414,-88.3237
05/10/2025,Mexico,Violence against civilians,3,19.7414,-88.3237
05/17/2025,Mexico,Violence against civilians,3,19.7414,-88.3237
05/24/2025,Mexico,Violence against civilians,2,19.7414,-88.3237
05/31/2025,Mexico,Violence against civilians,4,19.7414,-88.3237
06/14/2025,Mexico,Violence against civilians,1,19.7414,-88.3237
07/05/2025,Mexico,Violence against civilians,3,19.7414,-88.3237
07/12/2025,Mexico,Violence against civilians,1,19.7414,-88.3237
07/26/2025,Mexico,Violence against civilians,3,19.7414,-88.3237
08/02/2025,Mexico,Violence against civilians,2,19.7414,-88.3237
08/16/2025,Mexico,Violence against civilians,1,19.7414,-88.3237
10/04/2025,Mexico,Violence against civilians,2,19.7414,-88.3237
10/11/2025,Mexico,Violence against civilians,1,19.7414,-88.3237
03/02/2019,Mexico,Violence against civilians,1,19.7414,-88.3237
03/27/2021,Mexico,Violence against civilians,1,19.7414,-88.3237
11/20/2021,Mexico,Violence against civilians,1,19.7414,-88.3237
06/28/2025,Mexico,Violence against civilians,1,19.7414,-88.3237
02/24/2018,Mexico,Riots,1,22.8281,-101.0965
04/21/2018,Mexico,Riots,1,22.8281,-101.0965
09/22/2018,Mexico,Riots,1,22.8281,-101.0965
11/03/2018,Mexico,Riots,2,22.8281,-101.0965
11/17/2018,Mexico,Riots,1,22.8281,-101.0965
12/08/2018,Mexico,Riots,1,22.8281,-101.0965
02/09/2019,Mexico,Riots,2,22.8281,-101.0965
02/23/2019,Mexico,Riots,1,22.8281,-101.0965
03/16/2019,Mexico,Riots,1,22.8281,-101.0965
07/06/2019,Mexico,Riots,1,22.8281,-101.0965
08/03/2019,Mexico,Riots,1,22.8281,-101.0965
08/24/2019,Mexico,Riots,1,22.8281,-101.0965
09/28/2019,Mexico,Riots,1,22.8281,-101.0965
11/02/2019,Mexico,Riots,1,22.8281,-101.0965
12/21/2019,Mexico,Riots,1,22.8281,-101.0965
01/04/2020,Mexico,Riots,2,22.8281,-101.0965
05/02/2020,Mexico,Riots,1,22.8281,-101.0965
05/09/2020,Mexico,Riots,2,22.8281,-101.0965
10/17/2020,Mexico,Riots,1,22.8281,-101.0965
10/24/2020,Mexico,Riots,1,22.8281,-101.0965
12/05/2020,Mexico,Riots,1,22.8281,-101.0965
01/02/2021,Mexico,Riots,1,22.8281,-101.0965
01/16/2021,Mexico,Riots,1,22.8281,-101.0965
02/13/2021,Mexico,Riots,1,22.8281,-101.0965
05/29/2021,Mexico,Riots,1,22.8281,-101.0965
06/05/2021,Mexico,Riots,1,22.8281,-101.0965
06/26/2021,Mexico,Riots,1,22.8281,-101.0965
08/07/2021,Mexico,Riots,1,22.8281,-101.0965
08/14/2021,Mexico,Riots,2,22.8281,-101.0965
08/21/2021,Mexico,Riots,1,22.8281,-101.0965
02/26/2022,Mexico,Riots,1,22.8281,-101.0965
10/15/2022,Mexico,Riots,1,22.8281,-101.0965
04/08/2023,Mexico,Riots,1,22.8281,-101.0965
07/15/2023,Mexico,Riots,1,22.8281,-101.0965
12/09/2023,Mexico,Riots,1,22.8281,-101.0965
03/09/2024,Mexico,Riots,1,22.8281,-101.0965
05/04/2024,Mexico,Riots,1,22.8281,-101.0965
05/11/2024,Mexico,Riots,1,22.8281,-101.0965
08/03/2024,Mexico,Riots,2,22.8281,-101.0965
08/31/2024,Mexico,Riots,1,22.8281,-101.0965
09/07/2024,Mexico,Riots,1,22.8281,-101.0965
10/05/2024,Mexico,Riots,1,22.8281,-101.0965
10/12/2024,Mexico,Riots,1,22.8281,-101.0965
10/19/2024,Mexico,Riots,1,22.8281,-101.0965
12/21/2024,Mexico,Riots,1,22.8281,-101.0965
02/15/2025,Mexico,Riots,1,22.8281,-101.0965
05/03/2025,Mexico,Riots,1,22.8281,-101.0965
08/09/2025,Mexico,Riots,1,22.8281,-101.0965
05/30/2020,Mexico,Riots,1,22.8281,-101.0965
11/26/2022,Mexico,Riots,1,22.8281,-101.0965
02/18/2023,Mexico,Riots,1,22.8281,-101.0965
04/22/2023,Mexico,Riots,1,22.8281,-101.0965
04/29/2023,Mexico,Riots,1,22.8281,-101.0965
07/08/2023,Mexico,Riots,1,22.8281,-101.0965
04/27/2024,Mexico,Riots,1,22.8281,-101.0965
09/01/2018,Mexico,Violence against civilians,1,22.8281,-101.0965
08/08/2020,Mexico,Violence against civilians,1,22.8281,-101.0965
09/11/2021,Mexico,Violence against civilians,1,22.8281,-101.0965
03/26/2022,Mexico,Violence against civilians,1,22.8281,-101.0965
04/30/2022,Mexico,Violence against civilians,1,22.8281,-101.0965
06/11/2022,Mexico,Violence against civilians,1,22.8281,-101.0965
08/06/2022,Mexico,Violence against civilians,1,22.8281,-101.0965
09/10/2022,Mexico,Violence against civilians,1,22.8281,-101.0965
10/01/2022,Mexico,Violence against civilians,1,22.8281,-101.0965
02/18/2023,Mexico,Violence against civilians,1,22.8281,-101.0965
05/13/2023,Mexico,Violence against civilians,1,22.8281,-101.0965
10/12/2024,Mexico,Violence against civilians,1,22.8281,-101.0965
01/25/2025,Mexico,Violence against civilians,1,22.8281,-101.0965
04/19/2025,Mexico,Violence against civilians,1,22.8281,-101.0965
04/26/2025,Mexico,Violence against civilians,1,22.8281,-101.0965
12/30/2017,Mexico,Violence against civilians,1,22.8281,-101.0965
01/13/2018,Mexico,Violence against civilians,2,22.8281,-101.0965
01/20/2018,Mexico,Violence against civilians,2,22.8281,-101.0965
01/27/2018,Mexico,Violence against civilians,2,22.8281,-101.0965
02/03/2018,Mexico,Violence against civilians,4,22.8281,-101.0965
02/10/2018,Mexico,Violence against civilians,4,22.8281,-101.0965
02/17/2018,Mexico,Violence against civilians,1,22.8281,-101.0965
02/24/2018,Mexico,Violence against civilians,3,22.8281,-101.0965
03/10/2018,Mexico,Violence against civilians,2,22.8281,-101.0965
03/24/2018,Mexico,Violence against civilians,1,22.8281,-101.0965
04/14/2018,Mexico,Violence against civilians,3,22.8281,-101.0965
04/21/2018,Mexico,Violence against civilians,2,22.8281,-101.0965
05/05/2018,Mexico,Violence against civilians,1,22.8281,-101.0965
05/26/2018,Mexico,Violence against civilians,2,22.8281,-101.0965
06/09/2018,Mexico,Violence against civilians,2,22.8281,-101.0965
06/16/2018,Mexico,Violence against civilians,2,22.8281,-101.0965
06/23/2018,Mexico,Violence against civilians,3,22.8281,-101.0965
06/30/2018,Mexico,Violence against civilians,1,22.8281,-101.0965
07/14/2018,Mexico,Violence against civilians,1,22.8281,-101.0965
07/28/2018,Mexico,Violence against civilians,2,22.8281,-101.0965
08/04/2018,Mexico,Violence against civilians,2,22.8281,-101.0965
08/11/2018,Mexico,Violence against civilians,4,22.8281,-101.0965
09/22/2018,Mexico,Violence against civilians,2,22.8281,-101.0965
09/29/2018,Mexico,Violence against civilians,2,22.8281,-101.0965
10/06/2018,Mexico,Violence against civilians,1,22.8281,-101.0965
10/13/2018,Mexico,Violence against civilians,4,22.8281,-101.0965
10/20/2018,Mexico,Violence against civilians,1,22.8281,-101.0965
11/03/2018,Mexico,Violence against civilians,2,22.8281,-101.0965
11/17/2018,Mexico,Violence against civilians,1,22.8281,-101.0965
12/01/2018,Mexico,Violence against civilians,1,22.8281,-101.0965
12/15/2018,Mexico,Violence against civilians,1,22.8281,-101.0965
01/12/2019,Mexico,Violence against civilians,2,22.8281,-101.0965
02/02/2019,Mexico,Violence against civilians,2,22.8281,-101.0965
02/09/2019,Mexico,Violence against civilians,4,22.8281,-101.0965
02/23/2019,Mexico,Violence against civilians,2,22.8281,-101.0965
03/09/2019,Mexico,Violence against civilians,1,22.8281,-101.0965
03/16/2019,Mexico,Violence against civilians,1,22.8281,-101.0965
03/23/2019,Mexico,Violence against civilians,1,22.8281,-101.0965
04/06/2019,Mexico,Violence against civilians,1,22.8281,-101.0965
04/13/2019,Mexico,Violence against civilians,3,22.8281,-101.0965
04/20/2019,Mexico,Violence against civilians,1,22.8281,-101.0965
05/04/2019,Mexico,Violence against civilians,1,22.8281,-101.0965
05/18/2019,Mexico,Violence against civilians,1,22.8281,-101.0965
06/01/2019,Mexico,Violence against civilians,2,22.8281,-101.0965
06/08/2019,Mexico,Violence against civilians,2,22.8281,-101.0965
06/15/2019,Mexico,Violence against civilians,3,22.8281,-101.0965
06/29/2019,Mexico,Violence against civilians,1,22.8281,-101.0965
07/06/2019,Mexico,Violence against civilians,1,22.8281,-101.0965
07/13/2019,Mexico,Violence against civilians,1,22.8281,-101.0965
07/20/2019,Mexico,Violence against civilians,2,22.8281,-101.0965
08/10/2019,Mexico,Violence against civilians,4,22.8281,-101.0965
08/24/2019,Mexico,Violence against civilians,1,22.8281,-101.0965
08/31/2019,Mexico,Violence against civilians,1,22.8281,-101.0965
09/07/2019,Mexico,Violence against civilians,1,22.8281,-101.0965
09/21/2019,Mexico,Violence against civilians,1,22.8281,-101.0965
09/28/2019,Mexico,Violence against civilians,1,22.8281,-101.0965
11/02/2019,Mexico,Violence against civilians,3,22.8281,-101.0965
11/16/2019,Mexico,Violence against civilians,4,22.8281,-101.0965
11/23/2019,Mexico,Violence against civilians,3,22.8281,-101.0965
11/30/2019,Mexico,Violence against civilians,1,22.8281,-101.0965
12/07/2019,Mexico,Violence against civilians,1,22.8281,-101.0965
12/21/2019,Mexico,Violence against civilians,2,22.8281,-101.0965
01/04/2020,Mexico,Violence against civilians,1,22.8281,-101.0965
01/11/2020,Mexico,Violence against civilians,2,22.8281,-101.0965
01/18/2020,Mexico,Violence against civilians,3,22.8281,-101.0965
01/25/2020,Mexico,Violence against civilians,2,22.8281,-101.0965
02/08/2020,Mexico,Violence against civilians,3,22.8281,-101.0965
02/15/2020,Mexico,Violence against civilians,1,22.8281,-101.0965
02/22/2020,Mexico,Violence against civilians,1,22.8281,-101.0965
03/07/2020,Mexico,Violence against civilians,2,22.8281,-101.0965
03/14/2020,Mexico,Violence against civilians,2,22.8281,-101.0965
03/21/2020,Mexico,Violence against civilians,3,22.8281,-101.0965
03/28/2020,Mexico,Violence against civilians,1,22.8281,-101.0965
04/04/2020,Mexico,Violence against civilians,2,22.8281,-101.0965
04/11/2020,Mexico,Violence against civilians,5,22.8281,-101.0965
04/18/2020,Mexico,Violence against civilians,2,22.8281,-101.0965
04/25/2020,Mexico,Violence against civilians,2,22.8281,-101.0965
05/09/2020,Mexico,Violence against civilians,2,22.8281,-101.0965
05/16/2020,Mexico,Violence against civilians,2,22.8281,-101.0965
05/23/2020,Mexico,Violence against civilians,7,22.8281,-101.0965
05/30/2020,Mexico,Violence against civilians,3,22.8281,-101.0965
06/06/2020,Mexico,Violence against civilians,3,22.8281,-101.0965
06/13/2020,Mexico,Violence against civilians,2,22.8281,-101.0965
06/20/2020,Mexico,Violence against civilians,1,22.8281,-101.0965
06/27/2020,Mexico,Violence against civilians,3,22.8281,-101.0965
07/11/2020,Mexico,Violence against civilians,2,22.8281,-101.0965
07/18/2020,Mexico,Violence against civilians,2,22.8281,-101.0965
07/25/2020,Mexico,Violence against civilians,2,22.8281,-101.0965
08/01/2020,Mexico,Violence against civilians,1,22.8281,-101.0965
08/08/2020,Mexico,Violence against civilians,1,22.8281,-101.0965
08/15/2020,Mexico,Violence against civilians,1,22.8281,-101.0965
08/22/2020,Mexico,Violence against civilians,2,22.8281,-101.0965
08/29/2020,Mexico,Violence against civilians,4,22.8281,-101.0965
09/05/2020,Mexico,Violence against civilians,2,22.8281,-101.0965
09/12/2020,Mexico,Violence against civilians,3,22.8281,-101.0965
09/19/2020,Mexico,Violence against civilians,2,22.8281,-101.0965
09/26/2020,Mexico,Violence against civilians,2,22.8281,-101.0965
10/03/2020,Mexico,Violence against civilians,6,22.8281,-101.0965
10/10/2020,Mexico,Violence against civilians,1,22.8281,-101.0965
10/17/2020,Mexico,Violence against civilians,3,22.8281,-101.0965
10/31/2020,Mexico,Violence against civilians,1,22.8281,-101.0965
11/07/2020,Mexico,Violence against civilians,1,22.8281,-101.0965
11/21/2020,Mexico,Violence against civilians,1,22.8281,-101.0965
12/05/2020,Mexico,Violence against civilians,1,22.8281,-101.0965
12/12/2020,Mexico,Violence against civilians,2,22.8281,-101.0965
12/19/2020,Mexico,Violence against civilians,1,22.8281,-101.0965
12/26/2020,Mexico,Violence against civilians,1,22.8281,-101.0965
01/02/2021,Mexico,Violence against civilians,3,22.8281,-101.0965
01/09/2021,Mexico,Violence against civilians,3,22.8281,-101.0965
01/16/2021,Mexico,Violence against civilians,3,22.8281,-101.0965
01/23/2021,Mexico,Violence against civilians,1,22.8281,-101.0965
01/30/2021,Mexico,Violence against civilians,4,22.8281,-101.0965
02/06/2021,Mexico,Violence against civilians,1,22.8281,-101.0965
02/13/2021,Mexico,Violence against civilians,1,22.8281,-101.0965
02/20/2021,Mexico,Violence against civilians,2,22.8281,-101.0965
02/27/2021,Mexico,Violence against civilians,5,22.8281,-101.0965
03/06/2021,Mexico,Violence against civilians,3,22.8281,-101.0965
03/13/2021,Mexico,Violence against civilians,2,22.8281,-101.0965
03/20/2021,Mexico,Violence against civilians,3,22.8281,-101.0965
03/27/2021,Mexico,Violence against civilians,2,22.8281,-101.0965
04/03/2021,Mexico,Violence against civilians,2,22.8281,-101.0965
04/10/2021,Mexico,Violence against civilians,1,22.8281,-101.0965
04/17/2021,Mexico,Violence against civilians,2,22.8281,-101.0965
05/01/2021,Mexico,Violence against civilians,3,22.8281,-101.0965
05/15/2021,Mexico,Violence against civilians,1,22.8281,-101.0965
05/22/2021,Mexico,Violence against civilians,1,22.8281,-101.0965
05/29/2021,Mexico,Violence against civilians,6,22.8281,-101.0965
06/05/2021,Mexico,Violence against civilians,2,22.8281,-101.0965
06/12/2021,Mexico,Violence against civilians,2,22.8281,-101.0965
06/26/2021,Mexico,Violence against civilians,2,22.8281,-101.0965
07/10/2021,Mexico,Violence against civilians,1,22.8281,-101.0965
07/17/2021,Mexico,Violence against civilians,2,22.8281,-101.0965
07/24/2021,Mexico,Violence against civilians,2,22.8281,-101.0965
07/31/2021,Mexico,Violence against civilians,2,22.8281,-101.0965
08/28/2021,Mexico,Violence against civilians,1,22.8281,-101.0965
09/04/2021,Mexico,Violence against civilians,1,22.8281,-101.0965
09/11/2021,Mexico,Violence against civilians,1,22.8281,-101.0965
09/25/2021,Mexico,Violence against civilians,1,22.8281,-101.0965
10/02/2021,Mexico,Violence against civilians,1,22.8281,-101.0965
10/16/2021,Mexico,Violence against civilians,1,22.8281,-101.0965
10/23/2021,Mexico,Violence against civilians,1,22.8281,-101.0965
10/30/2021,Mexico,Violence against civilians,1,22.8281,-101.0965
11/13/2021,Mexico,Violence against civilians,3,22.8281,-101.0965
11/20/2021,Mexico,Violence against civilians,1,22.8281,-101.0965
11/27/2021,Mexico,Violence against civilians,1,22.8281,-101.0965
01/08/2022,Mexico,Violence against civilians,4,22.8281,-101.0965
01/29/2022,Mexico,Violence against civilians,1,22.8281,-101.0965
02/05/2022,Mexico,Violence against civilians,1,22.8281,-101.0965
02/12/2022,Mexico,Violence against civilians,1,22.8281,-101.0965
02/19/2022,Mexico,Violence against civilians,2,22.8281,-101.0965
02/26/2022,Mexico,Violence against civilians,1,22.8281,-101.0965
03/12/2022,Mexico,Violence against civilians,1,22.8281,-101.0965
03/26/2022,Mexico,Violence against civilians,1,22.8281,-101.0965
04/02/2022,Mexico,Violence against civilians,2,22.8281,-101.0965
04/09/2022,Mexico,Violence against civilians,1,22.8281,-101.0965
04/16/2022,Mexico,Violence against civilians,1,22.8281,-101.0965
04/23/2022,Mexico,Violence against civilians,1,22.8281,-101.0965
05/07/2022,Mexico,Violence against civilians,2,22.8281,-101.0965
05/14/2022,Mexico,Violence against civilians,1,22.8281,-101.0965
05/21/2022,Mexico,Violence against civilians,4,22.8281,-101.0965
05/28/2022,Mexico,Violence against civilians,5,22.8281,-101.0965
06/04/2022,Mexico,Violence against civilians,1,22.8281,-101.0965
06/11/2022,Mexico,Violence against civilians,3,22.8281,-101.0965
06/18/2022,Mexico,Violence against civilians,3,22.8281,-101.0965
07/09/2022,Mexico,Violence against civilians,4,22.8281,-101.0965
07/16/2022,Mexico,Violence against civilians,1,22.8281,-101.0965
07/23/2022,Mexico,Violence against civilians,1,22.8281,-101.0965
07/30/2022,Mexico,Violence against civilians,1,22.8281,-101.0965
08/13/2022,Mexico,Violence against civilians,2,22.8281,-101.0965
08/20/2022,Mexico,Violence against civilians,1,22.8281,-101.0965
08/27/2022,Mexico,Violence against civilians,2,22.8281,-101.0965
09/17/2022,Mexico,Violence against civilians,1,22.8281,-101.0965
09/24/2022,Mexico,Violence against civilians,1,22.8281,-101.0965
10/01/2022,Mexico,Violence against civilians,2,22.8281,-101.0965
10/08/2022,Mexico,Violence against civilians,2,22.8281,-101.0965
10/22/2022,Mexico,Violence against civilians,1,22.8281,-101.0965
10/29/2022,Mexico,Violence against civilians,3,22.8281,-101.0965
11/12/2022,Mexico,Violence against civilians,2,22.8281,-101.0965
11/19/2022,Mexico,Violence against civilians,2,22.8281,-101.0965
11/26/2022,Mexico,Violence against civilians,2,22.8281,-101.0965
12/03/2022,Mexico,Violence against civilians,1,22.8281,-101.0965
12/10/2022,Mexico,Violence against civilians,4,22.8281,-101.0965
12/24/2022,Mexico,Violence against civilians,1,22.8281,-101.0965
12/31/2022,Mexico,Violence against civilians,1,22.8281,-101.0965
01/21/2023,Mexico,Violence against civilians,2,22.8281,-101.0965
01/28/2023,Mexico,Violence against civilians,2,22.8281,-101.0965
02/18/2023,Mexico,Violence against civilians,1,22.8281,-101.0965
02/25/2023,Mexico,Violence against civilians,1,22.8281,-101.0965
03/04/2023,Mexico,Violence against civilians,3,22.8281,-101.0965
03/11/2023,Mexico,Violence against civilians,3,22.8281,-101.0965
03/18/2023,Mexico,Violence against civilians,1,22.8281,-101.0965
04/01/2023,Mexico,Violence against civilians,2,22.8281,-101.0965
04/15/2023,Mexico,Violence against civilians,1,22.8281,-101.0965
04/22/2023,Mexico,Violence against civilians,1,22.8281,-101.0965
04/29/2023,Mexico,Violence against civilians,1,22.8281,-101.0965
05/06/2023,Mexico,Violence against civilians,3,22.8281,-101.0965
05/20/2023,Mexico,Violence against civilians,3,22.8281,-101.0965
05/27/2023,Mexico,Violence against civilians,2,22.8281,-101.0965
06/03/2023,Mexico,Violence against civilians,1,22.8281,-101.0965
06/10/2023,Mexico,Violence against civilians,1,22.8281,-101.0965
06/24/2023,Mexico,Violence against civilians,2,22.8281,-101.0965
07/01/2023,Mexico,Violence against civilians,1,22.8281,-101.0965
07/29/2023,Mexico,Violence against civilians,3,22.8281,-101.0965
08/12/2023,Mexico,Violence against civilians,3,22.8281,-101.0965
08/26/2023,Mexico,Violence against civilians,1,22.8281,-101.0965
09/09/2023,Mexico,Violence against civilians,2,22.8281,-101.0965
09/16/2023,Mexico,Violence against civilians,1,22.8281,-101.0965
09/23/2023,Mexico,Violence against civilians,1,22.8281,-101.0965
10/07/2023,Mexico,Violence against civilians,2,22.8281,-101.0965
10/14/2023,Mexico,Violence against civilians,2,22.8281,-101.0965
10/21/2023,Mexico,Violence against civilians,1,22.8281,-101.0965
11/04/2023,Mexico,Violence against civilians,2,22.8281,-101.0965
11/18/2023,Mexico,Violence against civilians,2,22.8281,-101.0965
11/25/2023,Mexico,Violence against civilians,2,22.8281,-101.0965
12/02/2023,Mexico,Violence against civilians,1,22.8281,-101.0965
12/16/2023,Mexico,Violence against civilians,1,22.8281,-101.0965
01/20/2024,Mexico,Violence against civilians,1,22.8281,-101.0965
02/03/2024,Mexico,Violence against civilians,1,22.8281,-101.0965
02/17/2024,Mexico,Violence against civilians,1,22.8281,-101.0965
02/24/2024,Mexico,Violence against civilians,1,22.8281,-101.0965
03/09/2024,Mexico,Violence against civilians,1,22.8281,-101.0965
03/23/2024,Mexico,Violence against civilians,2,22.8281,-101.0965
04/06/2024,Mexico,Violence against civilians,1,22.8281,-101.0965
04/13/2024,Mexico,Violence against civilians,3,22.8281,-101.0965
04/20/2024,Mexico,Violence against civilians,2,22.8281,-101.0965
04/27/2024,Mexico,Violence against civilians,2,22.8281,-101.0965
05/11/2024,Mexico,Violence against civilians,2,22.8281,-101.0965
05/18/2024,Mexico,Violence against civilians,2,22.8281,-101.0965
05/25/2024,Mexico,Violence against civilians,2,22.8281,-101.0965
06/01/2024,Mexico,Violence against civilians,3,22.8281,-101.0965
06/08/2024,Mexico,Violence against civilians,1,22.8281,-101.0965
06/22/2024,Mexico,Violence against civilians,2,22.8281,-101.0965
07/13/2024,Mexico,Violence against civilians,3,22.8281,-101.0965
07/20/2024,Mexico,Violence against civilians,1,22.8281,-101.0965
08/03/2024,Mexico,Violence against civilians,1,22.8281,-101.0965
08/10/2024,Mexico,Violence against civilians,3,22.8281,-101.0965
08/17/2024,Mexico,Violence against civilians,1,22.8281,-101.0965
09/07/2024,Mexico,Violence against civilians,1,22.8281,-101.0965
09/21/2024,Mexico,Violence against civilians,1,22.8281,-101.0965
10/12/2024,Mexico,Violence against civilians,1,22.8281,-101.0965
10/19/2024,Mexico,Violence against civilians,3,22.8281,-101.0965
10/26/2024,Mexico,Violence against civilians,4,22.8281,-101.0965
11/02/2024,Mexico,Violence against civilians,1,22.8281,-101.0965
11/23/2024,Mexico,Violence against civilians,2,22.8281,-101.0965
12/07/2024,Mexico,Violence against civilians,1,22.8281,-101.0965
12/14/2024,Mexico,Violence against civilians,2,22.8281,-101.0965
01/11/2025,Mexico,Violence against civilians,2,22.8281,-101.0965
01/18/2025,Mexico,Violence against civilians,2,22.8281,-101.0965
01/25/2025,Mexico,Violence against civilians,1,22.8281,-101.0965
02/08/2025,Mexico,Violence against civilians,1,22.8281,-101.0965
02/15/2025,Mexico,Violence against civilians,1,22.8281,-101.0965
02/22/2025,Mexico,Violence against civilians,2,22.8281,-101.0965
03/01/2025,Mexico,Violence against civilians,1,22.8281,-101.0965
03/08/2025,Mexico,Violence against civilians,1,22.8281,-101.0965
03/15/2025,Mexico,Violence against civilians,2,22.8281,-101.0965
03/22/2025,Mexico,Violence against civilians,1,22.8281,-101.0965
05/10/2025,Mexico,Violence against civilians,1,22.8281,-101.0965
05/24/2025,Mexico,Violence against civilians,1,22.8281,-101.0965
06/07/2025,Mexico,Violence against civilians,2,22.8281,-101.0965
06/21/2025,Mexico,Violence against civilians,1,22.8281,-101.0965
07/05/2025,Mexico,Violence against civilians,1,22.8281,-101.0965
07/12/2025,Mexico,Violence against civilians,1,22.8281,-101.0965
08/02/2025,Mexico,Violence against civilians,1,22.8281,-101.0965
08/30/2025,Mexico,Violence against civilians,1,22.8281,-101.0965
09/27/2025,Mexico,Violence against civilians,2,22.8281,-101.0965
10/10/2020,Mexico,Violence against civilians,1,22.8281,-101.0965
06/01/2024,Mexico,Violence against civilians,1,22.8281,-101.0965
10/26/2024,Mexico,Violence against civilians,1,22.8281,-101.0965
11/23/2024,Mexico,Explosions/Remote violence,1,24.7569,-107.3863
11/30/2024,Mexico,Explosions/Remote violence,4,24.7569,-107.3863
03/22/2025,Mexico,Explosions/Remote violence,1,24.7569,-107.3863
03/29/2025,Mexico,Explosions/Remote violence,1,24.7569,-107.3863
04/26/2025,Mexico,Explosions/Remote violence,1,24.7569,-107.3863
09/06/2025,Mexico,Explosions/Remote violence,1,24.7569,-107.3863
09/27/2025,Mexico,Explosions/Remote violence,2,24.7569,-107.3863
11/09/2024,Mexico,Explosions/Remote violence,1,24.7569,-107.3863
01/18/2025,Mexico,Explosions/Remote violence,1,24.7569,-107.3863
08/23/2025,Mexico,Explosions/Remote violence,1,24.7569,-107.3863
09/20/2025,Mexico,Explosions/Remote violence,1,24.7569,-107.3863
03/17/2018,Mexico,Explosions/Remote violence,1,24.7569,-107.3863
03/09/2019,Mexico,Explosions/Remote violence,1,24.7569,-107.3863
10/05/2024,Mexico,Explosions/Remote violence,1,24.7569,-107.3863
02/22/2025,Mexico,Explosions/Remote violence,1,24.7569,-107.3863
04/12/2025,Mexico,Explosions/Remote violence,2,24.7569,-107.3863
06/30/2018,Mexico,Riots,1,24.7569,-107.3863
08/25/2018,Mexico,Riots,1,24.7569,-107.3863
09/08/2018,Mexico,Riots,1,24.7569,-107.3863
02/09/2019,Mexico,Riots,1,24.7569,-107.3863
02/16/2019,Mexico,Riots,1,24.7569,-107.3863
04/06/2019,Mexico,Riots,1,24.7569,-107.3863
05/11/2019,Mexico,Riots,1,24.7569,-107.3863
06/29/2019,Mexico,Riots,1,24.7569,-107.3863
08/31/2019,Mexico,Riots,1,24.7569,-107.3863
12/21/2019,Mexico,Riots,1,24.7569,-107.3863
02/15/2020,Mexico,Riots,1,24.7569,-107.3863
04/11/2020,Mexico,Riots,1,24.7569,-107.3863
05/09/2020,Mexico,Riots,1,24.7569,-107.3863
06/05/2021,Mexico,Riots,1,24.7569,-107.3863
09/18/2021,Mexico,Riots,1,24.7569,-107.3863
11/06/2021,Mexico,Riots,1,24.7569,-107.3863
11/27/2021,Mexico,Riots,1,24.7569,-107.3863
12/25/2021,Mexico,Riots,1,24.7569,-107.3863
11/19/2022,Mexico,Riots,1,24.7569,-107.3863
12/24/2022,Mexico,Riots,1,24.7569,-107.3863
02/11/2023,Mexico,Riots,1,24.7569,-107.3863
12/02/2023,Mexico,Riots,1,24.7569,-107.3863
03/02/2024,Mexico,Riots,1,24.7569,-107.3863
11/02/2024,Mexico,Riots,1,24.7569,-107.3863
11/30/2024,Mexico,Riots,1,24.7569,-107.3863
07/12/2025,Mexico,Riots,1,24.7569,-107.3863
08/09/2025,Mexico,Riots,1,24.7569,-107.3863
08/30/2025,Mexico,Riots,1,24.7569,-107.3863
10/11/2025,Mexico,Riots,1,24.7569,-107.3863
10/18/2025,Mexico,Riots,1,24.7569,-107.3863
02/01/2020,Mexico,Riots,1,24.7569,-107.3863
06/12/2021,Mexico,Riots,1,24.7569,-107.3863
09/18/2021,Mexico,Riots,1,24.7569,-107.3863
01/15/2022,Mexico,Riots,1,24.7569,-107.3863
05/07/2022,Mexico,Riots,1,24.7569,-107.3863
01/07/2023,Mexico,Riots,1,24.7569,-107.3863
04/22/2023,Mexico,Riots,1,24.7569,-107.3863
03/23/2024,Mexico,Riots,1,24.7569,-107.3863
10/19/2024,Mexico,Riots,1,24.7569,-107.3863
11/16/2024,Mexico,Riots,1,24.7569,-107.3863
01/18/2025,Mexico,Riots,1,24.7569,-107.3863
10/04/2025,Mexico,Riots,1,24.7569,-107.3863
01/13/2018,Mexico,Violence against civilians,1,24.7569,-107.3863
02/17/2018,Mexico,Violence against civilians,1,24.7569,-107.3863
03/10/2018,Mexico,Violence against civilians,1,24.7569,-107.3863
05/12/2018,Mexico,Violence against civilians,1,24.7569,-107.3863
05/26/2018,Mexico,Violence against civilians,1,24.7569,-107.3863
06/30/2018,Mexico,Violence against civilians,1,24.7569,-107.3863
07/07/2018,Mexico,Violence against civilians,1,24.7569,-107.3863
10/20/2018,Mexico,Violence against civilians,1,24.7569,-107.3863
11/03/2018,Mexico,Violence against civilians,1,24.7569,-107.3863
01/12/2019,Mexico,Violence against civilians,1,24.7569,-107.3863
01/19/2019,Mexico,Violence against civilians,1,24.7569,-107.3863
02/16/2019,Mexico,Violence against civilians,1,24.7569,-107.3863
02/23/2019,Mexico,Violence against civilians,1,24.7569,-107.3863
05/25/2019,Mexico,Violence against civilians,1,24.7569,-107.3863
06/15/2019,Mexico,Violence against civilians,1,24.7569,-107.3863
06/22/2019,Mexico,Violence against civilians,1,24.7569,-107.3863
06/29/2019,Mexico,Violence against civilians,1,24.7569,-107.3863
08/17/2019,Mexico,Violence against civilians,1,24.7569,-107.3863
09/14/2019,Mexico,Violence against civilians,1,24.7569,-107.3863
09/21/2019,Mexico,Violence against civilians,1,24.7569,-107.3863
02/01/2020,Mexico,Violence against civilians,1,24.7569,-107.3863
02/15/2020,Mexico,Violence against civilians,1,24.7569,-107.3863
03/14/2020,Mexico,Violence against civilians,2,24.7569,-107.3863
05/09/2020,Mexico,Violence against civilians,1,24.7569,-107.3863
05/23/2020,Mexico,Violence against civilians,1,24.7569,-107.3863
05/30/2020,Mexico,Violence against civilians,1,24.7569,-107.3863
07/04/2020,Mexico,Violence against civilians,1,24.7569,-107.3863
09/05/2020,Mexico,Violence against civilians,1,24.7569,-107.3863
09/12/2020,Mexico,Violence against civilians,1,24.7569,-107.3863
09/19/2020,Mexico,Violence against civilians,1,24.7569,-107.3863
10/17/2020,Mexico,Violence against civilians,1,24.7569,-107.3863
10/31/2020,Mexico,Violence against civilians,1,24.7569,-107.3863
11/14/2020,Mexico,Violence against civilians,1,24.7569,-107.3863
12/05/2020,Mexico,Violence against civilians,1,24.7569,-107.3863
12/12/2020,Mexico,Violence against civilians,2,24.7569,-107.3863
01/23/2021,Mexico,Violence against civilians,1,24.7569,-107.3863
03/20/2021,Mexico,Violence against civilians,1,24.7569,-107.3863
04/24/2021,Mexico,Violence against civilians,1,24.7569,-107.3863
05/01/2021,Mexico,Violence against civilians,1,24.7569,-107.3863
05/22/2021,Mexico,Violence against civilians,1,24.7569,-107.3863
06/05/2021,Mexico,Violence against civilians,2,24.7569,-107.3863
08/07/2021,Mexico,Violence against civilians,2,24.7569,-107.3863
10/23/2021,Mexico,Violence against civilians,1,24.7569,-107.3863
12/18/2021,Mexico,Violence against civilians,1,24.7569,-107.3863
12/25/2021,Mexico,Violence against civilians,1,24.7569,-107.3863
01/22/2022,Mexico,Violence against civilians,1,24.7569,-107.3863
02/19/2022,Mexico,Violence against civilians,1,24.7569,-107.3863
04/16/2022,Mexico,Violence against civilians,1,24.7569,-107.3863
06/04/2022,Mexico,Violence against civilians,1,24.7569,-107.3863
12/31/2022,Mexico,Violence against civilians,1,24.7569,-107.3863
01/14/2023,Mexico,Violence against civilians,1,24.7569,-107.3863
04/08/2023,Mexico,Violence against civilians,1,24.7569,-107.3863
04/22/2023,Mexico,Violence against civilians,1,24.7569,-107.3863
05/13/2023,Mexico,Violence against civilians,1,24.7569,-107.3863
05/20/2023,Mexico,Violence against civilians,1,24.7569,-107.3863
07/01/2023,Mexico,Violence against civilians,2,24.7569,-107.3863
07/22/2023,Mexico,Violence against civilians,1,24.7569,-107.3863
08/05/2023,Mexico,Violence against civilians,1,24.7569,-107.3863
09/02/2023,Mexico,Violence against civilians,1,24.7569,-107.3863
09/09/2023,Mexico,Violence against civilians,1,24.7569,-107.3863
09/30/2023,Mexico,Violence against civilians,1,24.7569,-107.3863
10/14/2023,Mexico,Violence against civilians,2,24.7569,-107.3863
10/21/2023,Mexico,Violence against civilians,1,24.7569,-107.3863
11/25/2023,Mexico,Violence against civilians,1,24.7569,-107.3863
12/02/2023,Mexico,Violence against civilians,1,24.7569,-107.3863
12/30/2023,Mexico,Violence against civilians,1,24.7569,-107.3863
01/20/2024,Mexico,Violence against civilians,2,24.7569,-107.3863
03/16/2024,Mexico,Violence against civilians,4,24.7569,-107.3863
04/13/2024,Mexico,Violence against civilians,2,24.7569,-107.3863
05/18/2024,Mexico,Violence against civilians,2,24.7569,-107.3863
06/08/2024,Mexico,Violence against civilians,1,24.7569,-107.3863
06/22/2024,Mexico,Violence against civilians,2,24.7569,-107.3863
08/17/2024,Mexico,Violence against civilians,1,24.7569,-107.3863
09/14/2024,Mexico,Violence against civilians,2,24.7569,-107.3863
09/21/2024,Mexico,Violence against civilians,5,24.7569,-107.3863
09/28/2024,Mexico,Violence against civilians,3,24.7569,-107.3863
10/05/2024,Mexico,Violence against civilians,3,24.7569,-107.3863
10/12/2024,Mexico,Violence against civilians,3,24.7569,-107.3863
10/19/2024,Mexico,Violence against civilians,5,24.7569,-107.3863
10/26/2024,Mexico,Violence against civilians,2,24.7569,-107.3863
11/09/2024,Mexico,Violence against civilians,3,24.7569,-107.3863
11/16/2024,Mexico,Violence against civilians,2,24.7569,-107.3863
11/23/2024,Mexico,Violence against civilians,5,24.7569,-107.3863
11/30/2024,Mexico,Violence against civilians,4,24.7569,-107.3863
12/07/2024,Mexico,Violence against civilians,4,24.7569,-107.3863
12/14/2024,Mexico,Violence against civilians,1,24.7569,-107.3863
12/21/2024,Mexico,Violence against civilians,1,24.7569,-107.3863
12/28/2024,Mexico,Violence against civilians,4,24.7569,-107.3863
01/11/2025,Mexico,Violence against civilians,3,24.7569,-107.3863
01/25/2025,Mexico,Violence against civilians,1,24.7569,-107.3863
02/08/2025,Mexico,Violence against civilians,2,24.7569,-107.3863
02/15/2025,Mexico,Violence against civilians,1,24.7569,-107.3863
02/22/2025,Mexico,Violence against civilians,1,24.7569,-107.3863
03/01/2025,Mexico,Violence against civilians,2,24.7569,-107.3863
03/08/2025,Mexico,Violence against civilians,2,24.7569,-107.3863
03/22/2025,Mexico,Violence against civilians,2,24.7569,-107.3863
03/29/2025,Mexico,Violence against civilians,4,24.7569,-107.3863
04/05/2025,Mexico,Violence against civilians,2,24.7569,-107.3863
04/12/2025,Mexico,Violence against civilians,2,24.7569,-107.3863
04/26/2025,Mexico,Violence against civilians,4,24.7569,-107.3863
05/10/2025,Mexico,Violence against civilians,2,24.7569,-107.3863
05/31/2025,Mexico,Violence against civilians,1,24.7569,-107.3863
06/07/2025,Mexico,Violence against civilians,3,24.7569,-107.3863
06/14/2025,Mexico,Violence against civilians,1,24.7569,-107.3863
06/21/2025,Mexico,Violence against civilians,3,24.7569,-107.3863
07/12/2025,Mexico,Violence against civilians,1,24.7569,-107.3863
07/19/2025,Mexico,Violence against civilians,2,24.7569,-107.3863
07/26/2025,Mexico,Violence against civilians,5,24.7569,-107.3863
08/02/2025,Mexico,Violence against civilians,1,24.7569,-107.3863
08/16/2025,Mexico,Violence against civilians,2,24.7569,-107.3863
08/30/2025,Mexico,Violence against civilians,1,24.7569,-107.3863
09/13/2025,Mexico,Violence against civilians,1,24.7569,-107.3863
09/20/2025,Mexico,Violence against civilians,1,24.7569,-107.3863
10/04/2025,Mexico,Violence against civilians,2,24.7569,-107.3863
10/11/2025,Mexico,Violence against civilians,2,24.7569,-107.3863
12/30/2017,Mexico,Violence against civilians,2,24.7569,-107.3863
01/06/2018,Mexico,Violence against civilians,2,24.7569,-107.3863
01/13/2018,Mexico,Violence against civilians,3,24.7569,-107.3863
01/20/2018,Mexico,Violence against civilians,9,24.7569,-107.3863
01/27/2018,Mexico,Violence against civilians,3,24.7569,-107.3863
02/03/2018,Mexico,Violence against civilians,2,24.7569,-107.3863
02/10/2018,Mexico,Violence against civilians,6,24.7569,-107.3863
02/17/2018,Mexico,Violence against civilians,8,24.7569,-107.3863
02/24/2018,Mexico,Violence against civilians,3,24.7569,-107.3863
03/03/2018,Mexico,Violence against civilians,9,24.7569,-107.3863
03/10/2018,Mexico,Violence against civilians,9,24.7569,-107.3863
03/17/2018,Mexico,Violence against civilians,9,24.7569,-107.3863
03/24/2018,Mexico,Violence against civilians,5,24.7569,-107.3863
03/31/2018,Mexico,Violence against civilians,1,24.7569,-107.3863
04/07/2018,Mexico,Violence against civilians,7,24.7569,-107.3863
04/14/2018,Mexico,Violence against civilians,6,24.7569,-107.3863
04/21/2018,Mexico,Violence against civilians,4,24.7569,-107.3863
04/28/2018,Mexico,Violence against civilians,2,24.7569,-107.3863
05/05/2018,Mexico,Violence against civilians,2,24.7569,-107.3863
05/12/2018,Mexico,Violence against civilians,2,24.7569,-107.3863
05/19/2018,Mexico,Violence against civilians,4,24.7569,-107.3863
05/26/2018,Mexico,Violence against civilians,5,24.7569,-107.3863
06/02/2018,Mexico,Violence against civilians,11,24.7569,-107.3863
06/09/2018,Mexico,Violence against civilians,8,24.7569,-107.3863
06/16/2018,Mexico,Violence against civilians,6,24.7569,-107.3863
06/23/2018,Mexico,Violence against civilians,8,24.7569,-107.3863
06/30/2018,Mexico,Violence against civilians,8,24.7569,-107.3863
07/07/2018,Mexico,Violence against civilians,11,24.7569,-107.3863
07/14/2018,Mexico,Violence against civilians,7,24.7569,-107.3863
07/21/2018,Mexico,Violence against civilians,10,24.7569,-107.3863
07/28/2018,Mexico,Violence against civilians,2,24.7569,-107.3863
08/04/2018,Mexico,Violence against civilians,4,24.7569,-107.3863
08/11/2018,Mexico,Violence against civilians,9,24.7569,-107.3863
08/18/2018,Mexico,Violence against civilians,2,24.7569,-107.3863
08/25/2018,Mexico,Violence against civilians,4,24.7569,-107.3863
09/01/2018,Mexico,Violence against civilians,6,24.7569,-107.3863
09/08/2018,Mexico,Violence against civilians,6,24.7569,-107.3863
09/15/2018,Mexico,Violence against civilians,4,24.7569,-107.3863
09/22/2018,Mexico,Violence against civilians,8,24.7569,-107.3863
09/29/2018,Mexico,Violence against civilians,11,24.7569,-107.3863
10/06/2018,Mexico,Violence against civilians,7,24.7569,-107.3863
10/13/2018,Mexico,Violence against civilians,12,24.7569,-107.3863
10/20/2018,Mexico,Violence against civilians,12,24.7569,-107.3863
10/27/2018,Mexico,Violence against civilians,1,24.7569,-107.3863
11/03/2018,Mexico,Violence against civilians,3,24.7569,-107.3863
11/10/2018,Mexico,Violence against civilians,6,24.7569,-107.3863
11/17/2018,Mexico,Violence against civilians,7,24.7569,-107.3863
11/24/2018,Mexico,Violence against civilians,5,24.7569,-107.3863
12/01/2018,Mexico,Violence against civilians,6,24.7569,-107.3863
12/08/2018,Mexico,Violence against civilians,7,24.7569,-107.3863
12/15/2018,Mexico,Violence against civilians,3,24.7569,-107.3863
12/22/2018,Mexico,Violence against civilians,5,24.7569,-107.3863
12/29/2018,Mexico,Violence against civilians,5,24.7569,-107.3863
01/05/2019,Mexico,Violence against civilians,5,24.7569,-107.3863
01/12/2019,Mexico,Violence against civilians,8,24.7569,-107.3863
01/19/2019,Mexico,Violence against civilians,6,24.7569,-107.3863
01/26/2019,Mexico,Violence against civilians,2,24.7569,-107.3863
02/02/2019,Mexico,Violence against civilians,5,24.7569,-107.3863
02/09/2019,Mexico,Violence against civilians,4,24.7569,-107.3863
02/16/2019,Mexico,Violence against civilians,6,24.7569,-107.3863
02/23/2019,Mexico,Violence against civilians,8,24.7569,-107.3863
03/02/2019,Mexico,Violence against civilians,5,24.7569,-107.3863
03/09/2019,Mexico,Violence against civilians,6,24.7569,-107.3863
03/16/2019,Mexico,Violence against civilians,6,24.7569,-107.3863
03/23/2019,Mexico,Violence against civilians,7,24.7569,-107.3863
03/30/2019,Mexico,Violence against civilians,5,24.7569,-107.3863
04/13/2019,Mexico,Violence against civilians,8,24.7569,-107.3863
04/20/2019,Mexico,Violence against civilians,9,24.7569,-107.3863
04/27/2019,Mexico,Violence against civilians,3,24.7569,-107.3863
05/04/2019,Mexico,Violence against civilians,1,24.7569,-107.3863
05/11/2019,Mexico,Violence against civilians,1,24.7569,-107.3863
05/18/2019,Mexico,Violence against civilians,3,24.7569,-107.3863
05/25/2019,Mexico,Violence against civilians,4,24.7569,-107.3863
06/01/2019,Mexico,Violence against civilians,1,24.7569,-107.3863
06/08/2019,Mexico,Violence against civilians,3,24.7569,-107.3863
06/15/2019,Mexico,Violence against civilians,11,24.7569,-107.3863
06/22/2019,Mexico,Violence against civilians,4,24.7569,-107.3863
06/29/2019,Mexico,Violence against civilians,3,24.7569,-107.3863
07/06/2019,Mexico,Violence against civilians,8,24.7569,-107.3863
07/13/2019,Mexico,Violence against civilians,1,24.7569,-107.3863
07/20/2019,Mexico,Violence against civilians,6,24.7569,-107.3863
07/27/2019,Mexico,Violence against civilians,5,24.7569,-107.3863
08/03/2019,Mexico,Violence against civilians,4,24.7569,-107.3863
08/10/2019,Mexico,Violence against civilians,3,24.7569,-107.3863
08/17/2019,Mexico,Violence against civilians,4,24.7569,-107.3863
08/24/2019,Mexico,Violence against civilians,4,24.7569,-107.3863
08/31/2019,Mexico,Violence against civilians,9,24.7569,-107.3863
09/07/2019,Mexico,Violence against civilians,10,24.7569,-107.3863
09/14/2019,Mexico,Violence against civilians,3,24.7569,-107.3863
09/21/2019,Mexico,Violence against civilians,4,24.7569,-107.3863
09/28/2019,Mexico,Violence against civilians,5,24.7569,-107.3863
10/05/2019,Mexico,Violence against civilians,2,24.7569,-107.3863
10/12/2019,Mexico,Violence against civilians,4,24.7569,-107.3863
10/19/2019,Mexico,Violence against civilians,5,24.7569,-107.3863
10/26/2019,Mexico,Violence against civilians,3,24.7569,-107.3863
11/02/2019,Mexico,Violence against civilians,7,24.7569,-107.3863
11/09/2019,Mexico,Violence against civilians,4,24.7569,-107.3863
11/16/2019,Mexico,Violence against civilians,5,24.7569,-107.3863
11/23/2019,Mexico,Violence against civilians,8,24.7569,-107.3863
12/07/2019,Mexico,Violence against civilians,2,24.7569,-107.3863
12/14/2019,Mexico,Violence against civilians,3,24.7569,-107.3863
12/28/2019,Mexico,Violence against civilians,4,24.7569,-107.3863
01/11/2020,Mexico,Violence against civilians,7,24.7569,-107.3863
01/18/2020,Mexico,Violence against civilians,7,24.7569,-107.3863
01/25/2020,Mexico,Violence against civilians,4,24.7569,-107.3863
02/01/2020,Mexico,Violence against civilians,5,24.7569,-107.3863
02/08/2020,Mexico,Violence against civilians,3,24.7569,-107.3863
02/15/2020,Mexico,Violence against civilians,3,24.7569,-107.3863
02/22/2020,Mexico,Violence against civilians,4,24.7569,-107.3863
02/29/2020,Mexico,Violence against civilians,5,24.7569,-107.3863
03/07/2020,Mexico,Violence against civilians,9,24.7569,-107.3863
03/14/2020,Mexico,Violence against civilians,4,24.7569,-107.3863
03/21/2020,Mexico,Violence against civilians,6,24.7569,-107.3863
03/28/2020,Mexico,Violence against civilians,2,24.7569,-107.3863
04/04/2020,Mexico,Violence against civilians,6,24.7569,-107.3863
04/11/2020,Mexico,Violence against civilians,1,24.7569,-107.3863
04/18/2020,Mexico,Violence against civilians,5,24.7569,-107.3863
04/25/2020,Mexico,Violence against civilians,5,24.7569,-107.3863
05/02/2020,Mexico,Violence against civilians,3,24.7569,-107.3863
05/09/2020,Mexico,Violence against civilians,3,24.7569,-107.3863
05/16/2020,Mexico,Violence against civilians,2,24.7569,-107.3863
05/23/2020,Mexico,Violence against civilians,6,24.7569,-107.3863
05/30/2020,Mexico,Violence against civilians,4,24.7569,-107.3863
06/06/2020,Mexico,Violence against civilians,10,24.7569,-107.3863
06/13/2020,Mexico,Violence against civilians,9,24.7569,-107.3863
06/20/2020,Mexico,Violence against civilians,13,24.7569,-107.3863
06/27/2020,Mexico,Violence against civilians,3,24.7569,-107.3863
07/04/2020,Mexico,Violence against civilians,9,24.7569,-107.3863
07/11/2020,Mexico,Violence against civilians,5,24.7569,-107.3863
07/18/2020,Mexico,Violence against civilians,4,24.7569,-107.3863
07/25/2020,Mexico,Violence against civilians,2,24.7569,-107.3863
08/01/2020,Mexico,Violence against civilians,6,24.7569,-107.3863
08/08/2020,Mexico,Violence against civilians,7,24.7569,-107.3863
08/15/2020,Mexico,Violence against civilians,3,24.7569,-107.3863
08/22/2020,Mexico,Violence against civilians,6,24.7569,-107.3863
08/29/2020,Mexico,Violence against civilians,6,24.7569,-107.3863
09/05/2020,Mexico,Violence against civilians,5,24.7569,-107.3863
09/12/2020,Mexico,Violence against civilians,3,24.7569,-107.3863
09/26/2020,Mexico,Violence against civilians,4,24.7569,-107.3863
10/03/2020,Mexico,Violence against civilians,6,24.7569,-107.3863
10/10/2020,Mexico,Violence against civilians,8,24.7569,-107.3863
10/17/2020,Mexico,Violence against civilians,3,24.7569,-107.3863
10/24/2020,Mexico,Violence against civilians,5,24.7569,-107.3863
10/31/2020,Mexico,Violence against civilians,7,24.7569,-107.3863
11/07/2020,Mexico,Violence against civilians,2,24.7569,-107.3863
11/14/2020,Mexico,Violence against civilians,3,24.7569,-107.3863
11/21/2020,Mexico,Violence against civilians,4,24.7569,-107.3863
11/28/2020,Mexico,Violence against civilians,4,24.7569,-107.3863
12/05/2020,Mexico,Violence against civilians,6,24.7569,-107.3863
12/12/2020,Mexico,Violence against civilians,2,24.7569,-107.3863
12/19/2020,Mexico,Violence against civilians,3,24.7569,-107.3863
12/26/2020,Mexico,Violence against civilians,3,24.7569,-107.3863
01/02/2021,Mexico,Violence against civilians,4,24.7569,-107.3863
01/09/2021,Mexico,Violence against civilians,3,24.7569,-107.3863
01/16/2021,Mexico,Violence against civilians,3,24.7569,-107.3863
01/23/2021,Mexico,Violence against civilians,4,24.7569,-107.3863
01/30/2021,Mexico,Violence against civilians,8,24.7569,-107.3863
02/06/2021,Mexico,Violence against civilians,6,24.7569,-107.3863
02/13/2021,Mexico,Violence against civilians,5,24.7569,-107.3863
02/20/2021,Mexico,Violence against civilians,4,24.7569,-107.3863
02/27/2021,Mexico,Violence against civilians,3,24.7569,-107.3863
03/06/2021,Mexico,Violence against civilians,3,24.7569,-107.3863
03/13/2021,Mexico,Violence against civilians,4,24.7569,-107.3863
03/20/2021,Mexico,Violence against civilians,6,24.7569,-107.3863
03/27/2021,Mexico,Violence against civilians,8,24.7569,-107.3863
04/03/2021,Mexico,Violence against civilians,4,24.7569,-107.3863
04/10/2021,Mexico,Violence against civilians,2,24.7569,-107.3863
04/17/2021,Mexico,Violence against civilians,4,24.7569,-107.3863
04/24/2021,Mexico,Violence against civilians,2,24.7569,-107.3863
05/01/2021,Mexico,Violence against civilians,6,24.7569,-107.3863
05/08/2021,Mexico,Violence against civilians,5,24.7569,-107.3863
05/15/2021,Mexico,Violence against civilians,5,24.7569,-107.3863
05/22/2021,Mexico,Violence against civilians,2,24.7569,-107.3863
05/29/2021,Mexico,Violence against civilians,5,24.7569,-107.3863
06/05/2021,Mexico,Violence against civilians,4,24.7569,-107.3863
06/12/2021,Mexico,Violence against civilians,7,24.7569,-107.3863
06/19/2021,Mexico,Violence against civilians,5,24.7569,-107.3863
06/26/2021,Mexico,Violence against civilians,4,24.7569,-107.3863
07/03/2021,Mexico,Violence against civilians,4,24.7569,-107.3863
07/10/2021,Mexico,Violence against civilians,4,24.7569,-107.3863
07/17/2021,Mexico,Violence against civilians,5,24.7569,-107.3863
07/24/2021,Mexico,Violence against civilians,3,24.7569,-107.3863
07/31/2021,Mexico,Violence against civilians,2,24.7569,-107.3863
08/07/2021,Mexico,Violence against civilians,1,24.7569,-107.3863
08/14/2021,Mexico,Violence against civilians,3,24.7569,-107.3863
08/21/2021,Mexico,Violence against civilians,4,24.7569,-107.3863
08/28/2021,Mexico,Violence against civilians,2,24.7569,-107.3863
09/04/2021,Mexico,Violence against civilians,4,24.7569,-107.3863
09/11/2021,Mexico,Violence against civilians,1,24.7569,-107.3863
09/18/2021,Mexico,Violence against civilians,4,24.7569,-107.3863
09/25/2021,Mexico,Violence against civilians,2,24.7569,-107.3863
10/02/2021,Mexico,Violence against civilians,1,24.7569,-107.3863
10/09/2021,Mexico,Violence against civilians,2,24.7569,-107.3863
10/16/2021,Mexico,Violence against civilians,2,24.7569,-107.3863
10/23/2021,Mexico,Violence against civilians,4,24.7569,-107.3863
10/30/2021,Mexico,Violence against civilians,4,24.7569,-107.3863
11/06/2021,Mexico,Violence against civilians,3,24.7569,-107.3863
11/13/2021,Mexico,Violence against civilians,5,24.7569,-107.3863
11/20/2021,Mexico,Violence against civilians,3,24.7569,-107.3863
11/27/2021,Mexico,Violence against civilians,4,24.7569,-107.3863
12/04/2021,Mexico,Violence against civilians,5,24.7569,-107.3863
12/11/2021,Mexico,Violence against civilians,4,24.7569,-107.3863
12/18/2021,Mexico,Violence against civilians,2,24.7569,-107.3863
12/25/2021,Mexico,Violence against civilians,4,24.7569,-107.3863
01/01/2022,Mexico,Violence against civilians,1,24.7569,-107.3863
01/08/2022,Mexico,Violence against civilians,2,24.7569,-107.3863
01/15/2022,Mexico,Violence against civilians,2,24.7569,-107.3863
01/22/2022,Mexico,Violence against civilians,2,24.7569,-107.3863
02/05/2022,Mexico,Violence against civilians,3,24.7569,-107.3863
02/12/2022,Mexico,Violence against civilians,1,24.7569,-107.3863
02/19/2022,Mexico,Violence against civilians,1,24.7569,-107.3863
03/05/2022,Mexico,Violence against civilians,3,24.7569,-107.3863
03/12/2022,Mexico,Violence against civilians,2,24.7569,-107.3863
03/19/2022,Mexico,Violence against civilians,5,24.7569,-107.3863
03/26/2022,Mexico,Violence against civilians,6,24.7569,-107.3863
04/02/2022,Mexico,Violence against civilians,3,24.7569,-107.3863
04/09/2022,Mexico,Violence against civilians,1,24.7569,-107.3863
04/16/2022,Mexico,Violence against civilians,4,24.7569,-107.3863
04/23/2022,Mexico,Violence against civilians,3,24.7569,-107.3863
04/30/2022,Mexico,Violence against civilians,4,24.7569,-107.3863
05/07/2022,Mexico,Violence against civilians,3,24.7569,-107.3863
05/14/2022,Mexico,Violence against civilians,7,24.7569,-107.3863
05/21/2022,Mexico,Violence against civilians,3,24.7569,-107.3863
05/28/2022,Mexico,Violence against civilians,4,24.7569,-107.3863
06/04/2022,Mexico,Violence against civilians,3,24.7569,-107.3863
06/11/2022,Mexico,Violence against civilians,5,24.7569,-107.3863
06/18/2022,Mexico,Violence against civilians,4,24.7569,-107.3863
06/25/2022,Mexico,Violence against civilians,1,24.7569,-107.3863
07/02/2022,Mexico,Violence against civilians,3,24.7569,-107.3863
07/09/2022,Mexico,Violence against civilians,3,24.7569,-107.3863
07/16/2022,Mexico,Violence against civilians,6,24.7569,-107.3863
07/23/2022,Mexico,Violence against civilians,3,24.7569,-107.3863
07/30/2022,Mexico,Violence against civilians,2,24.7569,-107.3863
08/06/2022,Mexico,Violence against civilians,3,24.7569,-107.3863
08/13/2022,Mexico,Violence against civilians,3,24.7569,-107.3863
08/20/2022,Mexico,Violence against civilians,3,24.7569,-107.3863
08/27/2022,Mexico,Violence against civilians,2,24.7569,-107.3863
09/03/2022,Mexico,Violence against civilians,2,24.7569,-107.3863
09/10/2022,Mexico,Violence against civilians,2,24.7569,-107.3863
09/17/2022,Mexico,Violence against civilians,2,24.7569,-107.3863
09/24/2022,Mexico,Violence against civilians,1,24.7569,-107.3863
10/08/2022,Mexico,Violence against civilians,1,24.7569,-107.3863
10/15/2022,Mexico,Violence against civilians,3,24.7569,-107.3863
10/22/2022,Mexico,Violence against civilians,3,24.7569,-107.3863
10/29/2022,Mexico,Violence against civilians,4,24.7569,-107.3863
11/05/2022,Mexico,Violence against civilians,3,24.7569,-107.3863
11/12/2022,Mexico,Violence against civilians,2,24.7569,-107.3863
11/19/2022,Mexico,Violence against civilians,2,24.7569,-107.3863
11/26/2022,Mexico,Violence against civilians,2,24.7569,-107.3863
12/03/2022,Mexico,Violence against civilians,5,24.7569,-107.3863
12/10/2022,Mexico,Violence against civilians,1,24.7569,-107.3863
12/17/2022,Mexico,Violence against civilians,1,24.7569,-107.3863
12/24/2022,Mexico,Violence against civilians,2,24.7569,-107.3863
12/31/2022,Mexico,Violence against civilians,1,24.7569,-107.3863
01/07/2023,Mexico,Violence against civilians,4,24.7569,-107.3863
01/14/2023,Mexico,Violence against civilians,1,24.7569,-107.3863
01/21/2023,Mexico,Violence against civilians,4,24.7569,-107.3863
01/28/2023,Mexico,Violence against civilians,5,24.7569,-107.3863
02/04/2023,Mexico,Violence against civilians,4,24.7569,-107.3863
02/11/2023,Mexico,Violence against civilians,3,24.7569,-107.3863
02/18/2023,Mexico,Violence against civilians,1,24.7569,-107.3863
02/25/2023,Mexico,Violence against civilians,2,24.7569,-107.3863
03/04/2023,Mexico,Violence against civilians,4,24.7569,-107.3863
03/11/2023,Mexico,Violence against civilians,7,24.7569,-107.3863
03/18/2023,Mexico,Violence against civilians,5,24.7569,-107.3863
03/25/2023,Mexico,Violence against civilians,5,24.7569,-107.3863
04/01/2023,Mexico,Violence against civilians,2,24.7569,-107.3863
04/08/2023,Mexico,Violence against civilians,1,24.7569,-107.3863
04/15/2023,Mexico,Violence against civilians,6,24.7569,-107.3863
04/22/2023,Mexico,Violence against civilians,7,24.7569,-107.3863
04/29/2023,Mexico,Violence against civilians,1,24.7569,-107.3863
05/06/2023,Mexico,Violence against civilians,3,24.7569,-107.3863
05/13/2023,Mexico,Violence against civilians,3,24.7569,-107.3863
05/20/2023,Mexico,Violence against civilians,1,24.7569,-107.3863
05/27/2023,Mexico,Violence against civilians,3,24.7569,-107.3863
06/03/2023,Mexico,Violence against civilians,3,24.7569,-107.3863
06/10/2023,Mexico,Violence against civilians,6,24.7569,-107.3863
06/17/2023,Mexico,Violence against civilians,8,24.7569,-107.3863
06/24/2023,Mexico,Violence against civilians,4,24.7569,-107.3863
07/01/2023,Mexico,Violence against civilians,1,24.7569,-107.3863
07/08/2023,Mexico,Violence against civilians,4,24.7569,-107.3863
07/15/2023,Mexico,Violence against civilians,7,24.7569,-107.3863
07/22/2023,Mexico,Violence against civilians,2,24.7569,-107.3863
07/29/2023,Mexico,Violence against civilians,4,24.7569,-107.3863
08/05/2023,Mexico,Violence against civilians,9,24.7569,-107.3863
08/12/2023,Mexico,Violence against civilians,3,24.7569,-107.3863
08/19/2023,Mexico,Violence against civilians,1,24.7569,-107.3863
08/26/2023,Mexico,Violence against civilians,7,24.7569,-107.3863
09/02/2023,Mexico,Violence against civilians,3,24.7569,-107.3863
09/09/2023,Mexico,Violence against civilians,8,24.7569,-107.3863
09/16/2023,Mexico,Violence against civilians,2,24.7569,-107.3863
09/23/2023,Mexico,Violence against civilians,2,24.7569,-107.3863
09/30/2023,Mexico,Violence against civilians,1,24.7569,-107.3863
10/07/2023,Mexico,Violence against civilians,3,24.7569,-107.3863
10/14/2023,Mexico,Violence against civilians,6,24.7569,-107.3863
10/21/2023,Mexico,Violence against civilians,4,24.7569,-107.3863
10/28/2023,Mexico,Violence against civilians,5,24.7569,-107.3863
11/04/2023,Mexico,Violence against civilians,7,24.7569,-107.3863
11/18/2023,Mexico,Violence against civilians,3,24.7569,-107.3863
11/25/2023,Mexico,Violence against civilians,2,24.7569,-107.3863
12/09/2023,Mexico,Violence against civilians,5,24.7569,-107.3863
12/16/2023,Mexico,Violence against civilians,4,24.7569,-107.3863
12/23/2023,Mexico,Violence against civilians,1,24.7569,-107.3863
12/30/2023,Mexico,Violence against civilians,1,24.7569,-107.3863
01/06/2024,Mexico,Violence against civilians,5,24.7569,-107.3863
01/13/2024,Mexico,Violence against civilians,7,24.7569,-107.3863
01/20/2024,Mexico,Violence against civilians,6,24.7569,-107.3863
01/27/2024,Mexico,Violence against civilians,4,24.7569,-107.3863
02/03/2024,Mexico,Violence against civilians,7,24.7569,-107.3863
02/10/2024,Mexico,Violence against civilians,3,24.7569,-107.3863
02/17/2024,Mexico,Violence against civilians,4,24.7569,-107.3863
02/24/2024,Mexico,Violence against civilians,3,24.7569,-107.3863
03/02/2024,Mexico,Violence against civilians,4,24.7569,-107.3863
03/09/2024,Mexico,Violence against civilians,4,24.7569,-107.3863
03/16/2024,Mexico,Violence against civilians,7,24.7569,-107.3863
03/23/2024,Mexico,Violence against civilians,1,24.7569,-107.3863
03/30/2024,Mexico,Violence against civilians,4,24.7569,-107.3863
04/06/2024,Mexico,Violence against civilians,4,24.7569,-107.3863
04/13/2024,Mexico,Violence against civilians,4,24.7569,-107.3863
04/20/2024,Mexico,Violence against civilians,3,24.7569,-107.3863
04/27/2024,Mexico,Violence against civilians,3,24.7569,-107.3863
05/04/2024,Mexico,Violence against civilians,3,24.7569,-107.3863
05/11/2024,Mexico,Violence against civilians,4,24.7569,-107.3863
05/18/2024,Mexico,Violence against civilians,2,24.7569,-107.3863
05/25/2024,Mexico,Violence against civilians,3,24.7569,-107.3863
06/01/2024,Mexico,Violence against civilians,5,24.7569,-107.3863
06/08/2024,Mexico,Violence against civilians,2,24.7569,-107.3863
06/15/2024,Mexico,Violence against civilians,5,24.7569,-107.3863
06/22/2024,Mexico,Violence against civilians,1,24.7569,-107.3863
06/29/2024,Mexico,Violence against civilians,7,24.7569,-107.3863
07/06/2024,Mexico,Violence against civilians,3,24.7569,-107.3863
07/13/2024,Mexico,Violence against civilians,5,24.7569,-107.3863
07/20/2024,Mexico,Violence against civilians,6,24.7569,-107.3863
07/27/2024,Mexico,Violence against civilians,5,24.7569,-107.3863
08/03/2024,Mexico,Violence against civilians,3,24.7569,-107.3863
08/10/2024,Mexico,Violence against civilians,3,24.7569,-107.3863
08/17/2024,Mexico,Violence against civilians,7,24.7569,-107.3863
08/24/2024,Mexico,Violence against civilians,2,24.7569,-107.3863
08/31/2024,Mexico,Violence against civilians,5,24.7569,-107.3863
09/07/2024,Mexico,Violence against civilians,4,24.7569,-107.3863
09/14/2024,Mexico,Violence against civilians,15,24.7569,-107.3863
09/21/2024,Mexico,Violence against civilians,11,24.7569,-107.3863
09/28/2024,Mexico,Violence against civilians,14,24.7569,-107.3863
10/05/2024,Mexico,Violence against civilians,17,24.7569,-107.3863
10/12/2024,Mexico,Violence against civilians,18,24.7569,-107.3863
10/19/2024,Mexico,Violence against civilians,18,24.7569,-107.3863
10/26/2024,Mexico,Violence against civilians,15,24.7569,-107.3863
11/02/2024,Mexico,Violence against civilians,7,24.7569,-107.3863
11/09/2024,Mexico,Violence against civilians,29,24.7569,-107.3863
11/16/2024,Mexico,Violence against civilians,21,24.7569,-107.3863
11/23/2024,Mexico,Violence against civilians,29,24.7569,-107.3863
11/30/2024,Mexico,Violence against civilians,19,24.7569,-107.3863
12/07/2024,Mexico,Violence against civilians,12,24.7569,-107.3863
12/14/2024,Mexico,Violence against civilians,14,24.7569,-107.3863
12/21/2024,Mexico,Violence against civilians,15,24.7569,-107.3863
12/28/2024,Mexico,Violence against civilians,16,24.7569,-107.3863
01/04/2025,Mexico,Violence against civilians,15,24.7569,-107.3863
01/11/2025,Mexico,Violence against civilians,12,24.7569,-107.3863
01/18/2025,Mexico,Violence against civilians,12,24.7569,-107.3863
01/25/2025,Mexico,Violence against civilians,14,24.7569,-107.3863
02/01/2025,Mexico,Violence against civilians,14,24.7569,-107.3863
02/08/2025,Mexico,Violence against civilians,11,24.7569,-107.3863
02/15/2025,Mexico,Violence against civilians,15,24.7569,-107.3863
02/22/2025,Mexico,Violence against civilians,16,24.7569,-107.3863
03/01/2025,Mexico,Violence against civilians,8,24.7569,-107.3863
03/08/2025,Mexico,Violence against civilians,10,24.7569,-107.3863
03/15/2025,Mexico,Violence against civilians,16,24.7569,-107.3863
03/22/2025,Mexico,Violence against civilians,18,24.7569,-107.3863
03/29/2025,Mexico,Violence against civilians,13,24.7569,-107.3863
04/05/2025,Mexico,Violence against civilians,14,24.7569,-107.3863
04/12/2025,Mexico,Violence against civilians,17,24.7569,-107.3863
04/19/2025,Mexico,Violence against civilians,16,24.7569,-107.3863
04/26/2025,Mexico,Violence against civilians,9,24.7569,-107.3863
05/03/2025,Mexico,Violence against civilians,16,24.7569,-107.3863
05/10/2025,Mexico,Violence against civilians,14,24.7569,-107.3863
05/17/2025,Mexico,Violence against civilians,16,24.7569,-107.3863
05/24/2025,Mexico,Violence against civilians,23,24.7569,-107.3863
05/31/2025,Mexico,Violence against civilians,22,24.7569,-107.3863
06/07/2025,Mexico,Violence against civilians,23,24.7569,-107.3863
06/14/2025,Mexico,Violence against civilians,18,24.7569,-107.3863
06/21/2025,Mexico,Violence against civilians,31,24.7569,-107.3863
06/28/2025,Mexico,Violence against civilians,22,24.7569,-107.3863
07/05/2025,Mexico,Violence against civilians,26,24.7569,-107.3863
07/12/2025,Mexico,Violence against civilians,20,24.7569,-107.3863
07/19/2025,Mexico,Violence against civilians,15,24.7569,-107.3863
07/26/2025,Mexico,Violence against civilians,21,24.7569,-107.3863
08/02/2025,Mexico,Violence against civilians,13,24.7569,-107.3863
08/09/2025,Mexico,Violence against civilians,14,24.7569,-107.3863
08/16/2025,Mexico,Violence against civilians,13,24.7569,-107.3863
08/23/2025,Mexico,Violence against civilians,18,24.7569,-107.3863
08/30/2025,Mexico,Violence against civilians,10,24.7569,-107.3863
09/06/2025,Mexico,Violence against civilians,25,24.7569,-107.3863
09/13/2025,Mexico,Violence against civilians,19,24.7569,-107.3863
09/20/2025,Mexico,Violence against civilians,18,24.7569,-107.3863
09/27/2025,Mexico,Violence against civilians,22,24.7569,-107.3863
10/04/2025,Mexico,Violence against civilians,16,24.7569,-107.3863
10/11/2025,Mexico,Violence against civilians,22,24.7569,-107.3863
10/18/2025,Mexico,Violence against civilians,25,24.7569,-107.3863
09/21/2019,Mexico,Violence against civilians,1,24.7569,-107.3863
12/14/2019,Mexico,Violence against civilians,1,24.7569,-107.3863
11/13/2021,Mexico,Violence against civilians,1,24.7569,-107.3863
03/26/2022,Mexico,Violence against civilians,1,24.7569,-107.3863
04/30/2022,Mexico,Violence against civilians,1,24.7569,-107.3863
07/15/2023,Mexico,Violence against civilians,1,24.7569,-107.3863
12/02/2023,Mexico,Violence against civilians,1,24.7569,-107.3863
11/30/2024,Mexico,Violence against civilians,1,24.7569,-107.3863
06/22/2024,Mexico,Explosions/Remote violence,1,29.4014,-110.5536
07/06/2024,Mexico,Explosions/Remote violence,1,29.4014,-110.5536
12/14/2024,Mexico,Explosions/Remote violence,1,29.4014,-110.5536
04/02/2022,Mexico,Explosions/Remote violence,1,29.4014,-110.5536
01/20/2018,Mexico,Riots,1,29.4014,-110.5536
05/05/2018,Mexico,Riots,1,29.4014,-110.5536
07/21/2018,Mexico,Riots,1,29.4014,-110.5536
09/29/2018,Mexico,Riots,1,29.4014,-110.5536
09/21/2019,Mexico,Riots,1,29.4014,-110.5536
10/05/2019,Mexico,Riots,1,29.4014,-110.5536
12/28/2019,Mexico,Riots,1,29.4014,-110.5536
03/07/2020,Mexico,Riots,1,29.4014,-110.5536
04/11/2020,Mexico,Riots,1,29.4014,-110.5536
05/09/2020,Mexico,Riots,1,29.4014,-110.5536
06/13/2020,Mexico,Riots,1,29.4014,-110.5536
07/11/2020,Mexico,Riots,1,29.4014,-110.5536
08/08/2020,Mexico,Riots,1,29.4014,-110.5536
03/13/2021,Mexico,Riots,1,29.4014,-110.5536
06/19/2021,Mexico,Riots,1,29.4014,-110.5536
07/31/2021,Mexico,Riots,1,29.4014,-110.5536
11/20/2021,Mexico,Riots,1,29.4014,-110.5536
01/15/2022,Mexico,Riots,1,29.4014,-110.5536
02/26/2022,Mexico,Riots,1,29.4014,-110.5536
03/19/2022,Mexico,Riots,1,29.4014,-110.5536
03/26/2022,Mexico,Riots,2,29.4014,-110.5536
04/02/2022,Mexico,Riots,1,29.4014,-110.5536
06/11/2022,Mexico,Riots,1,29.4014,-110.5536
06/18/2022,Mexico,Riots,1,29.4014,-110.5536
07/02/2022,Mexico,Riots,1,29.4014,-110.5536
08/27/2022,Mexico,Riots,1,29.4014,-110.5536
10/08/2022,Mexico,Riots,1,29.4014,-110.5536
11/11/2023,Mexico,Riots,1,29.4014,-110.5536
11/18/2023,Mexico,Riots,1,29.4014,-110.5536
08/03/2024,Mexico,Riots,1,29.4014,-110.5536
11/02/2024,Mexico,Riots,1,29.4014,-110.5536
06/28/2025,Mexico,Riots,1,29.4014,-110.5536
02/22/2020,Mexico,Riots,1,29.4014,-110.5536
03/28/2020,Mexico,Riots,1,29.4014,-110.5536
09/12/2020,Mexico,Riots,1,29.4014,-110.5536
11/20/2021,Mexico,Riots,1,29.4014,-110.5536
03/04/2023,Mexico,Riots,1,29.4014,-110.5536
01/13/2024,Mexico,Riots,1,29.4014,-110.5536
03/08/2025,Mexico,Riots,1,29.4014,-110.5536
05/12/2018,Mexico,Violence against civilians,1,29.4014,-110.5536
10/27/2018,Mexico,Violence against civilians,1,29.4014,-110.5536
11/03/2018,Mexico,Violence against civilians,1,29.4014,-110.5536
11/10/2018,Mexico,Violence against civilians,1,29.4014,-110.5536
12/22/2018,Mexico,Violence against civilians,1,29.4014,-110.5536
05/18/2019,Mexico,Violence against civilians,1,29.4014,-110.5536
06/01/2019,Mexico,Violence against civilians,1,29.4014,-110.5536
08/10/2019,Mexico,Violence against civilians,1,29.4014,-110.5536
09/14/2019,Mexico,Violence against civilians,1,29.4014,-110.5536
11/16/2019,Mexico,Violence against civilians,1,29.4014,-110.5536
11/30/2019,Mexico,Violence against civilians,1,29.4014,-110.5536
12/28/2019,Mexico,Violence against civilians,1,29.4014,-110.5536
02/08/2020,Mexico,Violence against civilians,1,29.4014,-110.5536
03/28/2020,Mexico,Violence against civilians,1,29.4014,-110.5536
04/11/2020,Mexico,Violence against civilians,1,29.4014,-110.5536
04/18/2020,Mexico,Violence against civilians,1,29.4014,-110.5536
04/25/2020,Mexico,Violence against civilians,1,29.4014,-110.5536
05/02/2020,Mexico,Violence against civilians,1,29.4014,-110.5536
05/09/2020,Mexico,Violence against civilians,2,29.4014,-110.5536
05/23/2020,Mexico,Violence against civilians,2,29.4014,-110.5536
05/30/2020,Mexico,Violence against civilians,2,29.4014,-110.5536
06/06/2020,Mexico,Violence against civilians,1,29.4014,-110.5536
06/20/2020,Mexico,Violence against civilians,1,29.4014,-110.5536
06/27/2020,Mexico,Violence against civilians,1,29.4014,-110.5536
07/25/2020,Mexico,Violence against civilians,1,29.4014,-110.5536
08/15/2020,Mexico,Violence against civilians,1,29.4014,-110.5536
08/22/2020,Mexico,Violence against civilians,2,29.4014,-110.5536
08/29/2020,Mexico,Violence against civilians,1,29.4014,-110.5536
09/05/2020,Mexico,Violence against civilians,1,29.4014,-110.5536
10/03/2020,Mexico,Violence against civilians,1,29.4014,-110.5536
10/10/2020,Mexico,Violence against civilians,1,29.4014,-110.5536
11/28/2020,Mexico,Violence against civilians,1,29.4014,-110.5536
12/05/2020,Mexico,Violence against civilians,1,29.4014,-110.5536
12/26/2020,Mexico,Violence against civilians,1,29.4014,-110.5536
01/02/2021,Mexico,Violence against civilians,1,29.4014,-110.5536
01/23/2021,Mexico,Violence against civilians,2,29.4014,-110.5536
02/06/2021,Mexico,Violence against civilians,2,29.4014,-110.5536
02/20/2021,Mexico,Violence against civilians,1,29.4014,-110.5536
03/06/2021,Mexico,Violence against civilians,2,29.4014,-110.5536
03/20/2021,Mexico,Violence against civilians,3,29.4014,-110.5536
03/27/2021,Mexico,Violence against civilians,1,29.4014,-110.5536
04/03/2021,Mexico,Violence against civilians,1,29.4014,-110.5536
04/17/2021,Mexico,Violence against civilians,1,29.4014,-110.5536
05/29/2021,Mexico,Violence against civilians,1,29.4014,-110.5536
06/05/2021,Mexico,Violence against civilians,1,29.4014,-110.5536
06/12/2021,Mexico,Violence against civilians,1,29.4014,-110.5536
07/10/2021,Mexico,Violence against civilians,2,29.4014,-110.5536
08/21/2021,Mexico,Violence against civilians,1,29.4014,-110.5536
08/28/2021,Mexico,Violence against civilians,1,29.4014,-110.5536
09/25/2021,Mexico,Violence against civilians,1,29.4014,-110.5536
10/30/2021,Mexico,Violence against civilians,1,29.4014,-110.5536
02/12/2022,Mexico,Violence against civilians,1,29.4014,-110.5536
02/26/2022,Mexico,Violence against civilians,2,29.4014,-110.5536
03/05/2022,Mexico,Violence against civilians,1,29.4014,-110.5536
04/02/2022,Mexico,Violence against civilians,2,29.4014,-110.5536
04/16/2022,Mexico,Violence against civilians,1,29.4014,-110.5536
07/23/2022,Mexico,Violence against civilians,1,29.4014,-110.5536
08/27/2022,Mexico,Violence against civilians,1,29.4014,-110.5536
09/03/2022,Mexico,Violence against civilians,1,29.4014,-110.5536
10/08/2022,Mexico,Violence against civilians,2,29.4014,-110.5536
10/15/2022,Mexico,Violence against civilians,1,29.4014,-110.5536
11/05/2022,Mexico,Violence against civilians,3,29.4014,-110.5536
11/19/2022,Mexico,Violence against civilians,1,29.4014,-110.5536
12/31/2022,Mexico,Violence against civilians,1,29.4014,-110.5536
01/07/2023,Mexico,Violence against civilians,1,29.4014,-110.5536
02/11/2023,Mexico,Violence against civilians,1,29.4014,-110.5536
02/25/2023,Mexico,Violence against civilians,1,29.4014,-110.5536
04/08/2023,Mexico,Violence against civilians,1,29.4014,-110.5536
04/15/2023,Mexico,Violence against civilians,1,29.4014,-110.5536
04/29/2023,Mexico,Violence against civilians,1,29.4014,-110.5536
05/06/2023,Mexico,Violence against civilians,1,29.4014,-110.5536
05/13/2023,Mexico,Violence against civilians,1,29.4014,-110.5536
05/27/2023,Mexico,Violence against civilians,1,29.4014,-110.5536
06/24/2023,Mexico,Violence against civilians,1,29.4014,-110.5536
08/12/2023,Mexico,Violence against civilians,1,29.4014,-110.5536
08/26/2023,Mexico,Violence against civilians,1,29.4014,-110.5536
09/02/2023,Mexico,Violence against civilians,1,29.4014,-110.5536
09/30/2023,Mexico,Violence against civilians,1,29.4014,-110.5536
11/18/2023,Mexico,Violence against civilians,1,29.4014,-110.5536
12/09/2023,Mexico,Violence against civilians,1,29.4014,-110.5536
12/16/2023,Mexico,Violence against civilians,1,29.4014,-110.5536
04/06/2024,Mexico,Violence against civilians,1,29.4014,-110.5536
07/06/2024,Mexico,Violence against civilians,1,29.4014,-110.5536
08/24/2024,Mexico,Violence against civilians,1,29.4014,-110.5536
09/28/2024,Mexico,Violence against civilians,1,29.4014,-110.5536
10/12/2024,Mexico,Violence against civilians,1,29.4014,-110.5536
12/14/2024,Mexico,Violence against civilians,1,29.4014,-110.5536
12/28/2024,Mexico,Violence against civilians,2,29.4014,-110.5536
01/04/2025,Mexico,Violence against civilians,2,29.4014,-110.5536
02/22/2025,Mexico,Violence against civilians,1,29.4014,-110.5536
03/15/2025,Mexico,Violence against civilians,1,29.4014,-110.5536
04/05/2025,Mexico,Violence against civilians,1,29.4014,-110.5536
04/12/2025,Mexico,Violence against civilians,1,29.4014,-110.5536
04/26/2025,Mexico,Violence against civilians,1,29.4014,-110.5536
05/10/2025,Mexico,Violence against civilians,1,29.4014,-110.5536
06/21/2025,Mexico,Violence against civilians,1,29.4014,-110.5536
07/12/2025,Mexico,Violence against civilians,1,29.4014,-110.5536
08/02/2025,Mexico,Violence against civilians,1,29.4014,-110.5536
12/30/2017,Mexico,Violence against civilians,1,29.4014,-110.5536
02/03/2018,Mexico,Violence against civilians,1,29.4014,-110.5536
02/10/2018,Mexico,Violence against civilians,2,29.4014,-110.5536
02/17/2018,Mexico,Violence against civilians,2,29.4014,-110.5536
04/07/2018,Mexico,Violence against civilians,1,29.4014,-110.5536
04/14/2018,Mexico,Violence against civilians,3,29.4014,-110.5536
04/21/2018,Mexico,Violence against civilians,2,29.4014,-110.5536
04/28/2018,Mexico,Violence against civilians,4,29.4014,-110.5536
05/05/2018,Mexico,Violence against civilians,2,29.4014,-110.5536
05/12/2018,Mexico,Violence against civilians,3,29.4014,-110.5536
05/26/2018,Mexico,Violence against civilians,3,29.4014,-110.5536
06/02/2018,Mexico,Violence against civilians,3,29.4014,-110.5536
06/09/2018,Mexico,Violence against civilians,2,29.4014,-110.5536
06/16/2018,Mexico,Violence against civilians,3,29.4014,-110.5536
06/23/2018,Mexico,Violence against civilians,2,29.4014,-110.5536
06/30/2018,Mexico,Violence against civilians,1,29.4014,-110.5536
07/14/2018,Mexico,Violence against civilians,2,29.4014,-110.5536
07/21/2018,Mexico,Violence against civilians,1,29.4014,-110.5536
07/28/2018,Mexico,Violence against civilians,2,29.4014,-110.5536
08/04/2018,Mexico,Violence against civilians,4,29.4014,-110.5536
08/11/2018,Mexico,Violence against civilians,2,29.4014,-110.5536
08/18/2018,Mexico,Violence against civilians,1,29.4014,-110.5536
08/25/2018,Mexico,Violence against civilians,5,29.4014,-110.5536
09/01/2018,Mexico,Violence against civilians,3,29.4014,-110.5536
09/08/2018,Mexico,Violence against civilians,6,29.4014,-110.5536
09/15/2018,Mexico,Violence against civilians,2,29.4014,-110.5536
09/22/2018,Mexico,Violence against civilians,2,29.4014,-110.5536
09/29/2018,Mexico,Violence against civilians,5,29.4014,-110.5536
10/06/2018,Mexico,Violence against civilians,5,29.4014,-110.5536
10/13/2018,Mexico,Violence against civilians,3,29.4014,-110.5536
10/20/2018,Mexico,Violence against civilians,3,29.4014,-110.5536
10/27/2018,Mexico,Violence against civilians,8,29.4014,-110.5536
11/03/2018,Mexico,Violence against civilians,5,29.4014,-110.5536
11/10/2018,Mexico,Violence against civilians,3,29.4014,-110.5536
12/01/2018,Mexico,Violence against civilians,1,29.4014,-110.5536
12/08/2018,Mexico,Violence against civilians,5,29.4014,-110.5536
12/15/2018,Mexico,Violence against civilians,3,29.4014,-110.5536
12/22/2018,Mexico,Violence against civilians,2,29.4014,-110.5536
12/29/2018,Mexico,Violence against civilians,5,29.4014,-110.5536
01/05/2019,Mexico,Violence against civilians,1,29.4014,-110.5536
01/12/2019,Mexico,Violence against civilians,3,29.4014,-110.5536
01/19/2019,Mexico,Violence against civilians,3,29.4014,-110.5536
01/26/2019,Mexico,Violence against civilians,4,29.4014,-110.5536
02/02/2019,Mexico,Violence against civilians,7,29.4014,-110.5536
02/09/2019,Mexico,Violence against civilians,1,29.4014,-110.5536
02/16/2019,Mexico,Violence against civilians,2,29.4014,-110.5536
02/23/2019,Mexico,Violence against civilians,1,29.4014,-110.5536
03/02/2019,Mexico,Violence against civilians,3,29.4014,-110.5536
03/09/2019,Mexico,Violence against civilians,7,29.4014,-110.5536
03/16/2019,Mexico,Violence against civilians,3,29.4014,-110.5536
03/23/2019,Mexico,Violence against civilians,3,29.4014,-110.5536
03/30/2019,Mexico,Violence against civilians,4,29.4014,-110.5536
04/06/2019,Mexico,Violence against civilians,1,29.4014,-110.5536
04/13/2019,Mexico,Violence against civilians,8,29.4014,-110.5536
04/20/2019,Mexico,Violence against civilians,1,29.4014,-110.5536
04/27/2019,Mexico,Violence against civilians,4,29.4014,-110.5536
05/04/2019,Mexico,Violence against civilians,3,29.4014,-110.5536
05/25/2019,Mexico,Violence against civilians,1,29.4014,-110.5536
06/01/2019,Mexico,Violence against civilians,3,29.4014,-110.5536
06/08/2019,Mexico,Violence against civilians,3,29.4014,-110.5536
06/15/2019,Mexico,Violence against civilians,10,29.4014,-110.5536
06/22/2019,Mexico,Violence against civilians,3,29.4014,-110.5536
06/29/2019,Mexico,Violence against civilians,6,29.4014,-110.5536
07/06/2019,Mexico,Violence against civilians,6,29.4014,-110.5536
07/13/2019,Mexico,Violence against civilians,8,29.4014,-110.5536
07/20/2019,Mexico,Violence against civilians,4,29.4014,-110.5536
07/27/2019,Mexico,Violence against civilians,5,29.4014,-110.5536
08/03/2019,Mexico,Violence against civilians,10,29.4014,-110.5536
08/10/2019,Mexico,Violence against civilians,1,29.4014,-110.5536
08/17/2019,Mexico,Violence against civilians,7,29.4014,-110.5536
08/24/2019,Mexico,Violence against civilians,3,29.4014,-110.5536
08/31/2019,Mexico,Violence against civilians,2,29.4014,-110.5536
09/07/2019,Mexico,Violence against civilians,4,29.4014,-110.5536
09/14/2019,Mexico,Violence against civilians,4,29.4014,-110.5536
09/21/2019,Mexico,Violence against civilians,6,29.4014,-110.5536
09/28/2019,Mexico,Violence against civilians,2,29.4014,-110.5536
10/05/2019,Mexico,Violence against civilians,8,29.4014,-110.5536
10/12/2019,Mexico,Violence against civilians,6,29.4014,-110.5536
10/19/2019,Mexico,Violence against civilians,5,29.4014,-110.5536
10/26/2019,Mexico,Violence against civilians,5,29.4014,-110.5536
11/02/2019,Mexico,Violence against civilians,5,29.4014,-110.5536
11/09/2019,Mexico,Violence against civilians,5,29.4014,-110.5536
11/16/2019,Mexico,Violence against civilians,6,29.4014,-110.5536
11/23/2019,Mexico,Violence against civilians,9,29.4014,-110.5536
11/30/2019,Mexico,Violence against civilians,5,29.4014,-110.5536
12/07/2019,Mexico,Violence against civilians,3,29.4014,-110.5536
12/14/2019,Mexico,Violence against civilians,2,29.4014,-110.5536
12/21/2019,Mexico,Violence against civilians,6,29.4014,-110.5536
12/28/2019,Mexico,Violence against civilians,7,29.4014,-110.5536
01/04/2020,Mexico,Violence against civilians,1,29.4014,-110.5536
01/11/2020,Mexico,Violence against civilians,7,29.4014,-110.5536
01/18/2020,Mexico,Violence against civilians,2,29.4014,-110.5536
01/25/2020,Mexico,Violence against civilians,7,29.4014,-110.5536
02/01/2020,Mexico,Violence against civilians,5,29.4014,-110.5536
02/08/2020,Mexico,Violence against civilians,9,29.4014,-110.5536
02/15/2020,Mexico,Violence against civilians,3,29.4014,-110.5536
02/22/2020,Mexico,Violence against civilians,4,29.4014,-110.5536
02/29/2020,Mexico,Violence against civilians,5,29.4014,-110.5536
03/07/2020,Mexico,Violence against civilians,2,29.4014,-110.5536
03/14/2020,Mexico,Violence against civilians,2,29.4014,-110.5536
03/21/2020,Mexico,Violence against civilians,5,29.4014,-110.5536
03/28/2020,Mexico,Violence against civilians,5,29.4014,-110.5536
04/04/2020,Mexico,Violence against civilians,2,29.4014,-110.5536
04/11/2020,Mexico,Violence against civilians,1,29.4014,-110.5536
04/18/2020,Mexico,Violence against civilians,6,29.4014,-110.5536
04/25/2020,Mexico,Violence against civilians,8,29.4014,-110.5536
05/02/2020,Mexico,Violence against civilians,8,29.4014,-110.5536
05/09/2020,Mexico,Violence against civilians,5,29.4014,-110.5536
05/16/2020,Mexico,Violence against civilians,13,29.4014,-110.5536
05/23/2020,Mexico,Violence against civilians,4,29.4014,-110.5536
05/30/2020,Mexico,Violence against civilians,6,29.4014,-110.5536
06/06/2020,Mexico,Violence against civilians,9,29.4014,-110.5536
06/13/2020,Mexico,Violence against civilians,8,29.4014,-110.5536
06/20/2020,Mexico,Violence against civilians,7,29.4014,-110.5536
06/27/2020,Mexico,Violence against civilians,5,29.4014,-110.5536
07/04/2020,Mexico,Violence against civilians,4,29.4014,-110.5536
07/11/2020,Mexico,Violence against civilians,9,29.4014,-110.5536
07/18/2020,Mexico,Violence against civilians,4,29.4014,-110.5536
07/25/2020,Mexico,Violence against civilians,4,29.4014,-110.5536
08/01/2020,Mexico,Violence against civilians,2,29.4014,-110.5536
08/08/2020,Mexico,Violence against civilians,2,29.4014,-110.5536
08/15/2020,Mexico,Violence against civilians,6,29.4014,-110.5536
08/22/2020,Mexico,Violence against civilians,6,29.4014,-110.5536
08/29/2020,Mexico,Violence against civilians,7,29.4014,-110.5536
09/05/2020,Mexico,Violence against civilians,4,29.4014,-110.5536
09/12/2020,Mexico,Violence against civilians,4,29.4014,-110.5536
09/19/2020,Mexico,Violence against civilians,4,29.4014,-110.5536
09/26/2020,Mexico,Violence against civilians,2,29.4014,-110.5536
10/03/2020,Mexico,Violence against civilians,5,29.4014,-110.5536
10/17/2020,Mexico,Violence against civilians,2,29.4014,-110.5536
10/24/2020,Mexico,Violence against civilians,3,29.4014,-110.5536
10/31/2020,Mexico,Violence against civilians,7,29.4014,-110.5536
11/07/2020,Mexico,Violence against civilians,3,29.4014,-110.5536
11/14/2020,Mexico,Violence against civilians,3,29.4014,-110.5536
11/21/2020,Mexico,Violence against civilians,2,29.4014,-110.5536
12/05/2020,Mexico,Violence against civilians,2,29.4014,-110.5536
12/12/2020,Mexico,Violence against civilians,1,29.4014,-110.5536
12/19/2020,Mexico,Violence against civilians,6,29.4014,-110.5536
12/26/2020,Mexico,Violence against civilians,3,29.4014,-110.5536
01/02/2021,Mexico,Violence against civilians,4,29.4014,-110.5536
01/09/2021,Mexico,Violence against civilians,4,29.4014,-110.5536
01/16/2021,Mexico,Violence against civilians,4,29.4014,-110.5536
01/23/2021,Mexico,Violence against civilians,3,29.4014,-110.5536
01/30/2021,Mexico,Violence against civilians,7,29.4014,-110.5536
02/06/2021,Mexico,Violence against civilians,3,29.4014,-110.5536
02/13/2021,Mexico,Violence against civilians,6,29.4014,-110.5536
02/20/2021,Mexico,Violence against civilians,4,29.4014,-110.5536
02/27/2021,Mexico,Violence against civilians,6,29.4014,-110.5536
03/06/2021,Mexico,Violence against civilians,8,29.4014,-110.5536
03/13/2021,Mexico,Violence against civilians,6,29.4014,-110.5536
03/20/2021,Mexico,Violence against civilians,5,29.4014,-110.5536
03/27/2021,Mexico,Violence against civilians,6,29.4014,-110.5536
04/03/2021,Mexico,Violence against civilians,7,29.4014,-110.5536
04/10/2021,Mexico,Violence against civilians,9,29.4014,-110.5536
04/17/2021,Mexico,Violence against civilians,12,29.4014,-110.5536
04/24/2021,Mexico,Violence against civilians,6,29.4014,-110.5536
05/01/2021,Mexico,Violence against civilians,8,29.4014,-110.5536
05/08/2021,Mexico,Violence against civilians,6,29.4014,-110.5536
05/15/2021,Mexico,Violence against civilians,4,29.4014,-110.5536
05/22/2021,Mexico,Violence against civilians,2,29.4014,-110.5536
05/29/2021,Mexico,Violence against civilians,3,29.4014,-110.5536
06/05/2021,Mexico,Violence against civilians,2,29.4014,-110.5536
06/12/2021,Mexico,Violence against civilians,3,29.4014,-110.5536
06/19/2021,Mexico,Violence against civilians,3,29.4014,-110.5536
06/26/2021,Mexico,Violence against civilians,2,29.4014,-110.5536
07/03/2021,Mexico,Violence against civilians,3,29.4014,-110.5536
07/10/2021,Mexico,Violence against civilians,8,29.4014,-110.5536
07/17/2021,Mexico,Violence against civilians,7,29.4014,-110.5536
07/24/2021,Mexico,Violence against civilians,6,29.4014,-110.5536
07/31/2021,Mexico,Violence against civilians,3,29.4014,-110.5536
08/07/2021,Mexico,Violence against civilians,2,29.4014,-110.5536
08/14/2021,Mexico,Violence against civilians,3,29.4014,-110.5536
08/21/2021,Mexico,Violence against civilians,2,29.4014,-110.5536
08/28/2021,Mexico,Violence against civilians,5,29.4014,-110.5536
09/04/2021,Mexico,Violence against civilians,7,29.4014,-110.5536
09/11/2021,Mexico,Violence against civilians,1,29.4014,-110.5536
09/25/2021,Mexico,Violence against civilians,7,29.4014,-110.5536
10/02/2021,Mexico,Violence against civilians,4,29.4014,-110.5536
10/09/2021,Mexico,Violence against civilians,5,29.4014,-110.5536
10/23/2021,Mexico,Violence against civilians,1,29.4014,-110.5536
10/30/2021,Mexico,Violence against civilians,3,29.4014,-110.5536
11/06/2021,Mexico,Violence against civilians,3,29.4014,-110.5536
11/13/2021,Mexico,Violence against civilians,4,29.4014,-110.5536
11/20/2021,Mexico,Violence against civilians,4,29.4014,-110.5536
11/27/2021,Mexico,Violence against civilians,1,29.4014,-110.5536
12/04/2021,Mexico,Violence against civilians,5,29.4014,-110.5536
12/11/2021,Mexico,Violence against civilians,3,29.4014,-110.5536
12/18/2021,Mexico,Violence against civilians,2,29.4014,-110.5536
12/25/2021,Mexico,Violence against civilians,5,29.4014,-110.5536
01/01/2022,Mexico,Violence against civilians,3,29.4014,-110.5536
01/08/2022,Mexico,Violence against civilians,4,29.4014,-110.5536
01/15/2022,Mexico,Violence against civilians,7,29.4014,-110.5536
01/22/2022,Mexico,Violence against civilians,7,29.4014,-110.5536
01/29/2022,Mexico,Violence against civilians,3,29.4014,-110.5536
02/05/2022,Mexico,Violence against civilians,6,29.4014,-110.5536
02/12/2022,Mexico,Violence against civilians,2,29.4014,-110.5536
02/19/2022,Mexico,Violence against civilians,4,29.4014,-110.5536
02/26/2022,Mexico,Violence against civilians,4,29.4014,-110.5536
03/05/2022,Mexico,Violence against civilians,13,29.4014,-110.5536
03/12/2022,Mexico,Violence against civilians,2,29.4014,-110.5536
03/19/2022,Mexico,Violence against civilians,3,29.4014,-110.5536
04/02/2022,Mexico,Violence against civilians,4,29.4014,-110.5536
04/09/2022,Mexico,Violence against civilians,5,29.4014,-110.5536
04/16/2022,Mexico,Violence against civilians,3,29.4014,-110.5536
04/23/2022,Mexico,Violence against civilians,2,29.4014,-110.5536
04/30/2022,Mexico,Violence against civilians,7,29.4014,-110.5536
05/07/2022,Mexico,Violence against civilians,10,29.4014,-110.5536
05/14/2022,Mexico,Violence against civilians,6,29.4014,-110.5536
05/21/2022,Mexico,Violence against civilians,2,29.4014,-110.5536
05/28/2022,Mexico,Violence against civilians,4,29.4014,-110.5536
06/04/2022,Mexico,Violence against civilians,3,29.4014,-110.5536
06/11/2022,Mexico,Violence against civilians,3,29.4014,-110.5536
06/18/2022,Mexico,Violence against civilians,4,29.4014,-110.5536
06/25/2022,Mexico,Violence against civilians,2,29.4014,-110.5536
07/02/2022,Mexico,Violence against civilians,3,29.4014,-110.5536
07/09/2022,Mexico,Violence against civilians,4,29.4014,-110.5536
07/16/2022,Mexico,Violence against civilians,6,29.4014,-110.5536
07/23/2022,Mexico,Violence against civilians,4,29.4014,-110.5536
07/30/2022,Mexico,Violence against civilians,3,29.4014,-110.5536
08/06/2022,Mexico,Violence against civilians,2,29.4014,-110.5536
08/13/2022,Mexico,Violence against civilians,5,29.4014,-110.5536
08/20/2022,Mexico,Violence against civilians,9,29.4014,-110.5536
08/27/2022,Mexico,Violence against civilians,6,29.4014,-110.5536
09/03/2022,Mexico,Violence against civilians,4,29.4014,-110.5536
09/10/2022,Mexico,Violence against civilians,4,29.4014,-110.5536
09/17/2022,Mexico,Violence against civilians,6,29.4014,-110.5536
09/24/2022,Mexico,Violence against civilians,4,29.4014,-110.5536
10/01/2022,Mexico,Violence against civilians,4,29.4014,-110.5536
10/08/2022,Mexico,Violence against civilians,4,29.4014,-110.5536
10/15/2022,Mexico,Violence against civilians,4,29.4014,-110.5536
10/29/2022,Mexico,Violence against civilians,12,29.4014,-110.5536
11/05/2022,Mexico,Violence against civilians,4,29.4014,-110.5536
11/12/2022,Mexico,Violence against civilians,4,29.4014,-110.5536
11/19/2022,Mexico,Violence against civilians,7,29.4014,-110.5536
11/26/2022,Mexico,Violence against civilians,5,29.4014,-110.5536
12/03/2022,Mexico,Violence against civilians,9,29.4014,-110.5536
12/10/2022,Mexico,Violence against civilians,3,29.4014,-110.5536
12/17/2022,Mexico,Violence against civilians,5,29.4014,-110.5536
12/24/2022,Mexico,Violence against civilians,5,29.4014,-110.5536
12/31/2022,Mexico,Violence against civilians,8,29.4014,-110.5536
01/07/2023,Mexico,Violence against civilians,2,29.4014,-110.5536
01/14/2023,Mexico,Violence against civilians,2,29.4014,-110.5536
01/21/2023,Mexico,Violence against civilians,5,29.4014,-110.5536
01/28/2023,Mexico,Violence against civilians,5,29.4014,-110.5536
02/04/2023,Mexico,Violence against civilians,4,29.4014,-110.5536
02/11/2023,Mexico,Violence against civilians,4,29.4014,-110.5536
02/18/2023,Mexico,Violence against civilians,5,29.4014,-110.5536
02/25/2023,Mexico,Violence against civilians,4,29.4014,-110.5536
03/04/2023,Mexico,Violence against civilians,6,29.4014,-110.5536
03/11/2023,Mexico,Violence against civilians,4,29.4014,-110.5536
03/18/2023,Mexico,Violence against civilians,7,29.4014,-110.5536
03/25/2023,Mexico,Violence against civilians,5,29.4014,-110.5536
04/01/2023,Mexico,Violence against civilians,6,29.4014,-110.5536
04/22/2023,Mexico,Violence against civilians,2,29.4014,-110.5536
05/13/2023,Mexico,Violence against civilians,3,29.4014,-110.5536
05/20/2023,Mexico,Violence against civilians,2,29.4014,-110.5536
05/27/2023,Mexico,Violence against civilians,2,29.4014,-110.5536
06/03/2023,Mexico,Violence against civilians,1,29.4014,-110.5536
06/10/2023,Mexico,Violence against civilians,3,29.4014,-110.5536
06/17/2023,Mexico,Violence against civilians,4,29.4014,-110.5536
06/24/2023,Mexico,Violence against civilians,1,29.4014,-110.5536
07/15/2023,Mexico,Violence against civilians,2,29.4014,-110.5536
07/22/2023,Mexico,Violence against civilians,6,29.4014,-110.5536
07/29/2023,Mexico,Violence against civilians,2,29.4014,-110.5536
08/05/2023,Mexico,Violence against civilians,2,29.4014,-110.5536
08/12/2023,Mexico,Violence against civilians,2,29.4014,-110.5536
08/19/2023,Mexico,Violence against civilians,2,29.4014,-110.5536
08/26/2023,Mexico,Violence against civilians,1,29.4014,-110.5536
09/02/2023,Mexico,Violence against civilians,3,29.4014,-110.5536
09/09/2023,Mexico,Violence against civilians,1,29.4014,-110.5536
09/16/2023,Mexico,Violence against civilians,3,29.4014,-110.5536
09/23/2023,Mexico,Violence against civilians,3,29.4014,-110.5536
09/30/2023,Mexico,Violence against civilians,4,29.4014,-110.5536
10/07/2023,Mexico,Violence against civilians,7,29.4014,-110.5536
10/14/2023,Mexico,Violence against civilians,2,29.4014,-110.5536
10/21/2023,Mexico,Violence against civilians,7,29.4014,-110.5536
10/28/2023,Mexico,Violence against civilians,2,29.4014,-110.5536
11/04/2023,Mexico,Violence against civilians,2,29.4014,-110.5536
11/18/2023,Mexico,Violence against civilians,3,29.4014,-110.5536
11/25/2023,Mexico,Violence against civilians,2,29.4014,-110.5536
12/02/2023,Mexico,Violence against civilians,4,29.4014,-110.5536
12/09/2023,Mexico,Violence against civilians,3,29.4014,-110.5536
12/16/2023,Mexico,Violence against civilians,2,29.4014,-110.5536
12/23/2023,Mexico,Violence against civilians,2,29.4014,-110.5536
12/30/2023,Mexico,Violence against civilians,1,29.4014,-110.5536
01/06/2024,Mexico,Violence against civilians,2,29.4014,-110.5536
01/20/2024,Mexico,Violence against civilians,2,29.4014,-110.5536
01/27/2024,Mexico,Violence against civilians,1,29.4014,-110.5536
02/03/2024,Mexico,Violence against civilians,2,29.4014,-110.5536
02/10/2024,Mexico,Violence against civilians,2,29.4014,-110.5536
02/17/2024,Mexico,Violence against civilians,4,29.4014,-110.5536
02/24/2024,Mexico,Violence against civilians,2,29.4014,-110.5536
03/02/2024,Mexico,Violence against civilians,1,29.4014,-110.5536
03/09/2024,Mexico,Violence against civilians,5,29.4014,-110.5536
03/16/2024,Mexico,Violence against civilians,1,29.4014,-110.5536
03/23/2024,Mexico,Violence against civilians,2,29.4014,-110.5536
03/30/2024,Mexico,Violence against civilians,2,29.4014,-110.5536
04/06/2024,Mexico,Violence against civilians,2,29.4014,-110.5536
04/13/2024,Mexico,Violence against civilians,2,29.4014,-110.5536
04/20/2024,Mexico,Violence against civilians,3,29.4014,-110.5536
04/27/2024,Mexico,Violence against civilians,2,29.4014,-110.5536
05/04/2024,Mexico,Violence against civilians,1,29.4014,-110.5536
05/11/2024,Mexico,Violence against civilians,1,29.4014,-110.5536
05/18/2024,Mexico,Violence against civilians,3,29.4014,-110.5536
05/25/2024,Mexico,Violence against civilians,4,29.4014,-110.5536
06/01/2024,Mexico,Violence against civilians,1,29.4014,-110.5536
06/08/2024,Mexico,Violence against civilians,2,29.4014,-110.5536
06/15/2024,Mexico,Violence against civilians,5,29.4014,-110.5536
06/22/2024,Mexico,Violence against civilians,5,29.4014,-110.5536
06/29/2024,Mexico,Violence against civilians,8,29.4014,-110.5536
07/06/2024,Mexico,Violence against civilians,2,29.4014,-110.5536
07/13/2024,Mexico,Violence against civilians,4,29.4014,-110.5536
07/20/2024,Mexico,Violence against civilians,4,29.4014,-110.5536
07/27/2024,Mexico,Violence against civilians,4,29.4014,-110.5536
08/03/2024,Mexico,Violence against civilians,2,29.4014,-110.5536
08/10/2024,Mexico,Violence against civilians,1,29.4014,-110.5536
08/17/2024,Mexico,Violence against civilians,3,29.4014,-110.5536
08/24/2024,Mexico,Violence against civilians,2,29.4014,-110.5536
08/31/2024,Mexico,Violence against civilians,2,29.4014,-110.5536
09/07/2024,Mexico,Violence against civilians,2,29.4014,-110.5536
09/14/2024,Mexico,Violence against civilians,1,29.4014,-110.5536
09/21/2024,Mexico,Violence against civilians,2,29.4014,-110.5536
09/28/2024,Mexico,Violence against civilians,2,29.4014,-110.5536
10/05/2024,Mexico,Violence against civilians,3,29.4014,-110.5536
10/12/2024,Mexico,Violence against civilians,3,29.4014,-110.5536
10/19/2024,Mexico,Violence against civilians,3,29.4014,-110.5536
10/26/2024,Mexico,Violence against civilians,3,29.4014,-110.5536
11/09/2024,Mexico,Violence against civilians,2,29.4014,-110.5536
11/16/2024,Mexico,Violence against civilians,1,29.4014,-110.5536
11/23/2024,Mexico,Violence against civilians,4,29.4014,-110.5536
11/30/2024,Mexico,Violence against civilians,4,29.4014,-110.5536
12/07/2024,Mexico,Violence against civilians,4,29.4014,-110.5536
12/14/2024,Mexico,Violence against civilians,3,29.4014,-110.5536
12/21/2024,Mexico,Violence against civilians,3,29.4014,-110.5536
12/28/2024,Mexico,Violence against civilians,5,29.4014,-110.5536
01/04/2025,Mexico,Violence against civilians,3,29.4014,-110.5536
01/11/2025,Mexico,Violence against civilians,2,29.4014,-110.5536
01/18/2025,Mexico,Violence against civilians,2,29.4014,-110.5536
01/25/2025,Mexico,Violence against civilians,4,29.4014,-110.5536
02/01/2025,Mexico,Violence against civilians,5,29.4014,-110.5536
02/08/2025,Mexico,Violence against civilians,2,29.4014,-110.5536
02/15/2025,Mexico,Violence against civilians,10,29.4014,-110.5536
02/22/2025,Mexico,Violence against civilians,2,29.4014,-110.5536
03/01/2025,Mexico,Violence against civilians,1,29.4014,-110.5536
03/08/2025,Mexico,Violence against civilians,8,29.4014,-110.5536
03/15/2025,Mexico,Violence against civilians,7,29.4014,-110.5536
03/22/2025,Mexico,Violence against civilians,4,29.4014,-110.5536
03/29/2025,Mexico,Violence against civilians,1,29.4014,-110.5536
04/05/2025,Mexico,Violence against civilians,3,29.4014,-110.5536
04/19/2025,Mexico,Violence against civilians,4,29.4014,-110.5536
04/26/2025,Mexico,Violence against civilians,2,29.4014,-110.5536
05/03/2025,Mexico,Violence against civilians,3,29.4014,-110.5536
05/10/2025,Mexico,Violence against civilians,5,29.4014,-110.5536
05/17/2025,Mexico,Violence against civilians,5,29.4014,-110.5536
05/24/2025,Mexico,Violence against civilians,4,29.4014,-110.5536
05/31/2025,Mexico,Violence against civilians,8,29.4014,-110.5536
06/07/2025,Mexico,Violence against civilians,4,29.4014,-110.5536
06/14/2025,Mexico,Violence against civilians,4,29.4014,-110.5536
06/21/2025,Mexico,Violence against civilians,4,29.4014,-110.5536
06/28/2025,Mexico,Violence against civilians,4,29.4014,-110.5536
07/05/2025,Mexico,Violence against civilians,6,29.4014,-110.5536
07/12/2025,Mexico,Violence against civilians,4,29.4014,-110.5536
07/19/2025,Mexico,Violence against civilians,3,29.4014,-110.5536
07/26/2025,Mexico,Violence against civilians,7,29.4014,-110.5536
08/02/2025,Mexico,Violence against civilians,7,29.4014,-110.5536
08/09/2025,Mexico,Violence against civilians,3,29.4014,-110.5536
08/16/2025,Mexico,Violence against civilians,9,29.4014,-110.5536
08/23/2025,Mexico,Violence against civilians,3,29.4014,-110.5536
08/30/2025,Mexico,Violence against civilians,2,29.4014,-110.5536
09/06/2025,Mexico,Violence against civilians,3,29.4014,-110.5536
09/13/2025,Mexico,Violence against civilians,5,29.4014,-110.5536
09/20/2025,Mexico,Violence against civilians,3,29.4014,-110.5536
09/27/2025,Mexico,Violence against civilians,5,29.4014,-110.5536
10/04/2025,Mexico,Violence against civilians,8,29.4014,-110.5536
10/11/2025,Mexico,Violence against civilians,4,29.4014,-110.5536
10/18/2025,Mexico,Violence against civilians,2,29.4014,-110.5536
05/25/2019,Mexico,Violence against civilians,1,29.4014,-110.5536
01/06/2018,Mexico,Riots,1,17.9234,-92.5903
04/07/2018,Mexico,Riots,1,17.9234,-92.5903
04/21/2018,Mexico,Riots,2,17.9234,-92.5903
04/28/2018,Mexico,Riots,4,17.9234,-92.5903
05/26/2018,Mexico,Riots,1,17.9234,-92.5903
07/14/2018,Mexico,Riots,1,17.9234,-92.5903
07/21/2018,Mexico,Riots,1,17.9234,-92.5903
08/25/2018,Mexico,Riots,1,17.9234,-92.5903
09/15/2018,Mexico,Riots,1,17.9234,-92.5903
09/22/2018,Mexico,Riots,1,17.9234,-92.5903
02/16/2019,Mexico,Riots,1,17.9234,-92.5903
03/16/2019,Mexico,Riots,1,17.9234,-92.5903
03/30/2019,Mexico,Riots,1,17.9234,-92.5903
05/11/2019,Mexico,Riots,1,17.9234,-92.5903
07/20/2019,Mexico,Riots,1,17.9234,-92.5903
08/17/2019,Mexico,Riots,1,17.9234,-92.5903
09/21/2019,Mexico,Riots,2,17.9234,-92.5903
10/19/2019,Mexico,Riots,1,17.9234,-92.5903
12/21/2019,Mexico,Riots,2,17.9234,-92.5903
02/08/2020,Mexico,Riots,1,17.9234,-92.5903
02/15/2020,Mexico,Riots,2,17.9234,-92.5903
02/22/2020,Mexico,Riots,1,17.9234,-92.5903
04/04/2020,Mexico,Riots,2,17.9234,-92.5903
05/23/2020,Mexico,Riots,2,17.9234,-92.5903
06/13/2020,Mexico,Riots,1,17.9234,-92.5903
07/25/2020,Mexico,Riots,1,17.9234,-92.5903
08/01/2020,Mexico,Riots,1,17.9234,-92.5903
08/08/2020,Mexico,Riots,1,17.9234,-92.5903
08/29/2020,Mexico,Riots,1,17.9234,-92.5903
09/05/2020,Mexico,Riots,2,17.9234,-92.5903
09/19/2020,Mexico,Riots,1,17.9234,-92.5903
09/26/2020,Mexico,Riots,2,17.9234,-92.5903
10/03/2020,Mexico,Riots,1,17.9234,-92.5903
10/31/2020,Mexico,Riots,1,17.9234,-92.5903
11/07/2020,Mexico,Riots,1,17.9234,-92.5903
01/23/2021,Mexico,Riots,2,17.9234,-92.5903
02/06/2021,Mexico,Riots,2,17.9234,-92.5903
02/13/2021,Mexico,Riots,1,17.9234,-92.5903
03/13/2021,Mexico,Riots,1,17.9234,-92.5903
03/27/2021,Mexico,Riots,1,17.9234,-92.5903
04/24/2021,Mexico,Riots,1,17.9234,-92.5903
05/15/2021,Mexico,Riots,1,17.9234,-92.5903
05/29/2021,Mexico,Riots,1,17.9234,-92.5903
06/05/2021,Mexico,Riots,1,17.9234,-92.5903
06/19/2021,Mexico,Riots,1,17.9234,-92.5903
07/17/2021,Mexico,Riots,3,17.9234,-92.5903
09/25/2021,Mexico,Riots,1,17.9234,-92.5903
11/20/2021,Mexico,Riots,1,17.9234,-92.5903
11/27/2021,Mexico,Riots,1,17.9234,-92.5903
12/11/2021,Mexico,Riots,1,17.9234,-92.5903
12/18/2021,Mexico,Riots,1,17.9234,-92.5903
01/15/2022,Mexico,Riots,1,17.9234,-92.5903
02/26/2022,Mexico,Riots,1,17.9234,-92.5903
04/09/2022,Mexico,Riots,1,17.9234,-92.5903
04/16/2022,Mexico,Riots,1,17.9234,-92.5903
04/23/2022,Mexico,Riots,1,17.9234,-92.5903
05/07/2022,Mexico,Riots,1,17.9234,-92.5903
05/14/2022,Mexico,Riots,1,17.9234,-92.5903
05/21/2022,Mexico,Riots,1,17.9234,-92.5903
07/02/2022,Mexico,Riots,1,17.9234,-92.5903
08/06/2022,Mexico,Riots,1,17.9234,-92.5903
09/10/2022,Mexico,Riots,1,17.9234,-92.5903
10/15/2022,Mexico,Riots,1,17.9234,-92.5903
10/29/2022,Mexico,Riots,1,17.9234,-92.5903
11/26/2022,Mexico,Riots,2,17.9234,-92.5903
07/22/2023,Mexico,Riots,1,17.9234,-92.5903
09/30/2023,Mexico,Riots,1,17.9234,-92.5903
10/07/2023,Mexico,Riots,2,17.9234,-92.5903
11/11/2023,Mexico,Riots,1,17.9234,-92.5903
12/16/2023,Mexico,Riots,3,17.9234,-92.5903
03/09/2024,Mexico,Riots,1,17.9234,-92.5903
03/23/2024,Mexico,Riots,1,17.9234,-92.5903
06/01/2024,Mexico,Riots,2,17.9234,-92.5903
07/20/2024,Mexico,Riots,1,17.9234,-92.5903
07/27/2024,Mexico,Riots,1,17.9234,-92.5903
08/31/2024,Mexico,Riots,1,17.9234,-92.5903
09/21/2024,Mexico,Riots,1,17.9234,-92.5903
12/14/2024,Mexico,Riots,2,17.9234,-92.5903
12/28/2024,Mexico,Riots,2,17.9234,-92.5903
02/01/2025,Mexico,Riots,1,17.9234,-92.5903
02/08/2025,Mexico,Riots,1,17.9234,-92.5903
08/09/2025,Mexico,Riots,1,17.9234,-92.5903
09/06/2025,Mexico,Riots,1,17.9234,-92.5903
03/17/2018,Mexico,Riots,1,17.9234,-92.5903
07/21/2018,Mexico,Riots,1,17.9234,-92.5903
12/15/2018,Mexico,Riots,1,17.9234,-92.5903
12/22/2018,Mexico,Riots,1,17.9234,-92.5903
03/02/2019,Mexico,Riots,1,17.9234,-92.5903
03/16/2019,Mexico,Riots,1,17.9234,-92.5903
12/07/2019,Mexico,Riots,1,17.9234,-92.5903
03/28/2020,Mexico,Riots,1,17.9234,-92.5903
10/03/2020,Mexico,Riots,2,17.9234,-92.5903
11/21/2020,Mexico,Riots,1,17.9234,-92.5903
03/13/2021,Mexico,Riots,1,17.9234,-92.5903
06/19/2021,Mexico,Riots,1,17.9234,-92.5903
07/31/2021,Mexico,Riots,1,17.9234,-92.5903
10/09/2021,Mexico,Riots,1,17.9234,-92.5903
11/20/2021,Mexico,Riots,1,17.9234,-92.5903
03/19/2022,Mexico,Riots,1,17.9234,-92.5903
11/05/2022,Mexico,Riots,1,17.9234,-92.5903
03/04/2023,Mexico,Riots,1,17.9234,-92.5903
07/01/2023,Mexico,Riots,1,17.9234,-92.5903
07/08/2023,Mexico,Riots,1,17.9234,-92.5903
12/02/2023,Mexico,Riots,1,17.9234,-92.5903
08/31/2024,Mexico,Riots,1,17.9234,-92.5903
03/08/2025,Mexico,Riots,1,17.9234,-92.5903
04/19/2025,Mexico,Riots,1,17.9234,-92.5903
05/03/2025,Mexico,Riots,1,17.9234,-92.5903
05/17/2025,Mexico,Riots,1,17.9234,-92.5903
05/24/2025,Mexico,Riots,1,17.9234,-92.5903
08/25/2018,Mexico,Violence against civilians,1,17.9234,-92.5903
11/03/2018,Mexico,Violence against civilians,1,17.9234,-92.5903
01/19/2019,Mexico,Violence against civilians,1,17.9234,-92.5903
01/26/2019,Mexico,Violence against civilians,1,17.9234,-92.5903
02/02/2019,Mexico,Violence against civilians,3,17.9234,-92.5903
02/23/2019,Mexico,Violence against civilians,2,17.9234,-92.5903
03/02/2019,Mexico,Violence against civilians,1,17.9234,-92.5903
06/15/2019,Mexico,Violence against civilians,1,17.9234,-92.5903
09/21/2019,Mexico,Violence against civilians,1,17.9234,-92.5903
09/28/2019,Mexico,Violence against civilians,1,17.9234,-92.5903
11/02/2019,Mexico,Violence against civilians,2,17.9234,-92.5903
05/30/2020,Mexico,Violence against civilians,1,17.9234,-92.5903
06/20/2020,Mexico,Violence against civilians,2,17.9234,-92.5903
06/27/2020,Mexico,Violence against civilians,1,17.9234,-92.5903
07/18/2020,Mexico,Violence against civilians,1,17.9234,-92.5903
07/25/2020,Mexico,Violence against civilians,1,17.9234,-92.5903
08/29/2020,Mexico,Violence against civilians,2,17.9234,-92.5903
10/17/2020,Mexico,Violence against civilians,1,17.9234,-92.5903
10/24/2020,Mexico,Violence against civilians,1,17.9234,-92.5903
03/27/2021,Mexico,Violence against civilians,1,17.9234,-92.5903
06/26/2021,Mexico,Violence against civilians,1,17.9234,-92.5903
07/17/2021,Mexico,Violence against civilians,1,17.9234,-92.5903
08/14/2021,Mexico,Violence against civilians,1,17.9234,-92.5903
09/25/2021,Mexico,Violence against civilians,1,17.9234,-92.5903
10/02/2021,Mexico,Violence against civilians,1,17.9234,-92.5903
10/09/2021,Mexico,Violence against civilians,1,17.9234,-92.5903
10/16/2021,Mexico,Violence against civilians,1,17.9234,-92.5903
12/04/2021,Mexico,Violence against civilians,1,17.9234,-92.5903
12/11/2021,Mexico,Violence against civilians,1,17.9234,-92.5903
02/12/2022,Mexico,Violence against civilians,3,17.9234,-92.5903
04/02/2022,Mexico,Violence against civilians,1,17.9234,-92.5903
04/16/2022,Mexico,Violence against civilians,1,17.9234,-92.5903
04/30/2022,Mexico,Violence against civilians,1,17.9234,-92.5903
06/11/2022,Mexico,Violence against civilians,1,17.9234,-92.5903
09/24/2022,Mexico,Violence against civilians,1,17.9234,-92.5903
10/08/2022,Mexico,Violence against civilians,1,17.9234,-92.5903
04/29/2023,Mexico,Violence against civilians,1,17.9234,-92.5903
07/08/2023,Mexico,Violence against civilians,1,17.9234,-92.5903
09/09/2023,Mexico,Violence against civilians,1,17.9234,-92.5903
08/10/2024,Mexico,Violence against civilians,1,17.9234,-92.5903
12/28/2024,Mexico,Violence against civilians,1,17.9234,-92.5903
01/18/2025,Mexico,Violence against civilians,1,17.9234,-92.5903
04/12/2025,Mexico,Violence against civilians,1,17.9234,-92.5903
07/26/2025,Mexico,Violence against civilians,1,17.9234,-92.5903
10/11/2025,Mexico,Violence against civilians,1,17.9234,-92.5903
12/30/2017,Mexico,Violence against civilians,1,17.9234,-92.5903
01/20/2018,Mexico,Violence against civilians,1,17.9234,-92.5903
01/27/2018,Mexico,Violence against civilians,1,17.9234,-92.5903
02/17/2018,Mexico,Violence against civilians,1,17.9234,-92.5903
04/07/2018,Mexico,Violence against civilians,1,17.9234,-92.5903
04/28/2018,Mexico,Violence against civilians,4,17.9234,-92.5903
05/05/2018,Mexico,Violence against civilians,2,17.9234,-92.5903
05/12/2018,Mexico,Violence against civilians,2,17.9234,-92.5903
05/26/2018,Mexico,Violence against civilians,1,17.9234,-92.5903
06/30/2018,Mexico,Violence against civilians,4,17.9234,-92.5903
07/14/2018,Mexico,Violence against civilians,2,17.9234,-92.5903
07/21/2018,Mexico,Violence against civilians,3,17.9234,-92.5903
07/28/2018,Mexico,Violence against civilians,2,17.9234,-92.5903
08/11/2018,Mexico,Violence against civilians,1,17.9234,-92.5903
08/25/2018,Mexico,Violence against civilians,1,17.9234,-92.5903
09/01/2018,Mexico,Violence against civilians,1,17.9234,-92.5903
09/15/2018,Mexico,Violence against civilians,3,17.9234,-92.5903
09/22/2018,Mexico,Violence against civilians,2,17.9234,-92.5903
09/29/2018,Mexico,Violence against civilians,4,17.9234,-92.5903
10/27/2018,Mexico,Violence against civilians,1,17.9234,-92.5903
11/03/2018,Mexico,Violence against civilians,4,17.9234,-92.5903
11/10/2018,Mexico,Violence against civilians,1,17.9234,-92.5903
11/17/2018,Mexico,Violence against civilians,1,17.9234,-92.5903
12/08/2018,Mexico,Violence against civilians,2,17.9234,-92.5903
12/15/2018,Mexico,Violence against civilians,1,17.9234,-92.5903
12/29/2018,Mexico,Violence against civilians,4,17.9234,-92.5903
01/05/2019,Mexico,Violence against civilians,1,17.9234,-92.5903
01/19/2019,Mexico,Violence against civilians,2,17.9234,-92.5903
01/26/2019,Mexico,Violence against civilians,1,17.9234,-92.5903
02/02/2019,Mexico,Violence against civilians,3,17.9234,-92.5903
02/09/2019,Mexico,Violence against civilians,9,17.9234,-92.5903
02/16/2019,Mexico,Violence against civilians,9,17.9234,-92.5903
02/23/2019,Mexico,Violence against civilians,4,17.9234,-92.5903
03/02/2019,Mexico,Violence against civilians,7,17.9234,-92.5903
03/09/2019,Mexico,Violence against civilians,2,17.9234,-92.5903
03/16/2019,Mexico,Violence against civilians,1,17.9234,-92.5903
03/23/2019,Mexico,Violence against civilians,3,17.9234,-92.5903
03/30/2019,Mexico,Violence against civilians,4,17.9234,-92.5903
04/06/2019,Mexico,Violence against civilians,6,17.9234,-92.5903
04/13/2019,Mexico,Violence against civilians,1,17.9234,-92.5903
04/20/2019,Mexico,Violence against civilians,8,17.9234,-92.5903
04/27/2019,Mexico,Violence against civilians,1,17.9234,-92.5903
05/11/2019,Mexico,Violence against civilians,4,17.9234,-92.5903
05/25/2019,Mexico,Violence against civilians,1,17.9234,-92.5903
06/01/2019,Mexico,Violence against civilians,1,17.9234,-92.5903
06/08/2019,Mexico,Violence against civilians,4,17.9234,-92.5903
06/15/2019,Mexico,Violence against civilians,3,17.9234,-92.5903
06/22/2019,Mexico,Violence against civilians,1,17.9234,-92.5903
06/29/2019,Mexico,Violence against civilians,2,17.9234,-92.5903
07/06/2019,Mexico,Violence against civilians,1,17.9234,-92.5903
07/13/2019,Mexico,Violence against civilians,2,17.9234,-92.5903
07/20/2019,Mexico,Violence against civilians,5,17.9234,-92.5903
08/03/2019,Mexico,Violence against civilians,1,17.9234,-92.5903
08/17/2019,Mexico,Violence against civilians,1,17.9234,-92.5903
08/24/2019,Mexico,Violence against civilians,5,17.9234,-92.5903
08/31/2019,Mexico,Violence against civilians,5,17.9234,-92.5903
09/07/2019,Mexico,Violence against civilians,1,17.9234,-92.5903
09/14/2019,Mexico,Violence against civilians,4,17.9234,-92.5903
09/21/2019,Mexico,Violence against civilians,2,17.9234,-92.5903
09/28/2019,Mexico,Violence against civilians,3,17.9234,-92.5903
10/05/2019,Mexico,Violence against civilians,8,17.9234,-92.5903
10/12/2019,Mexico,Violence against civilians,3,17.9234,-92.5903
10/19/2019,Mexico,Violence against civilians,3,17.9234,-92.5903
10/26/2019,Mexico,Violence against civilians,6,17.9234,-92.5903
11/02/2019,Mexico,Violence against civilians,1,17.9234,-92.5903
11/09/2019,Mexico,Violence against civilians,3,17.9234,-92.5903
11/16/2019,Mexico,Violence against civilians,1,17.9234,-92.5903
11/23/2019,Mexico,Violence against civilians,1,17.9234,-92.5903
11/30/2019,Mexico,Violence against civilians,3,17.9234,-92.5903
12/07/2019,Mexico,Violence against civilians,2,17.9234,-92.5903
12/14/2019,Mexico,Violence against civilians,2,17.9234,-92.5903
12/21/2019,Mexico,Violence against civilians,2,17.9234,-92.5903
01/04/2020,Mexico,Violence against civilians,2,17.9234,-92.5903
01/11/2020,Mexico,Violence against civilians,5,17.9234,-92.5903
01/18/2020,Mexico,Violence against civilians,5,17.9234,-92.5903
01/25/2020,Mexico,Violence against civilians,1,17.9234,-92.5903
02/01/2020,Mexico,Violence against civilians,5,17.9234,-92.5903
02/08/2020,Mexico,Violence against civilians,5,17.9234,-92.5903
02/15/2020,Mexico,Violence against civilians,5,17.9234,-92.5903
02/22/2020,Mexico,Violence against civilians,6,17.9234,-92.5903
02/29/2020,Mexico,Violence against civilians,6,17.9234,-92.5903
03/07/2020,Mexico,Violence against civilians,3,17.9234,-92.5903
03/14/2020,Mexico,Violence against civilians,3,17.9234,-92.5903
03/21/2020,Mexico,Violence against civilians,2,17.9234,-92.5903
03/28/2020,Mexico,Violence against civilians,2,17.9234,-92.5903
04/04/2020,Mexico,Violence against civilians,1,17.9234,-92.5903
04/11/2020,Mexico,Violence against civilians,3,17.9234,-92.5903
04/18/2020,Mexico,Violence against civilians,4,17.9234,-92.5903
04/25/2020,Mexico,Violence against civilians,1,17.9234,-92.5903
05/02/2020,Mexico,Violence against civilians,2,17.9234,-92.5903
05/16/2020,Mexico,Violence against civilians,3,17.9234,-92.5903
05/23/2020,Mexico,Violence against civilians,3,17.9234,-92.5903
05/30/2020,Mexico,Violence against civilians,1,17.9234,-92.5903
06/06/2020,Mexico,Violence against civilians,6,17.9234,-92.5903
06/13/2020,Mexico,Violence against civilians,2,17.9234,-92.5903
06/20/2020,Mexico,Violence against civilians,1,17.9234,-92.5903
06/27/2020,Mexico,Violence against civilians,1,17.9234,-92.5903
07/04/2020,Mexico,Violence against civilians,4,17.9234,-92.5903
07/11/2020,Mexico,Violence against civilians,2,17.9234,-92.5903
07/18/2020,Mexico,Violence against civilians,8,17.9234,-92.5903
07/25/2020,Mexico,Violence against civilians,4,17.9234,-92.5903
08/01/2020,Mexico,Violence against civilians,3,17.9234,-92.5903
08/08/2020,Mexico,Violence against civilians,5,17.9234,-92.5903
08/15/2020,Mexico,Violence against civilians,3,17.9234,-92.5903
08/22/2020,Mexico,Violence against civilians,3,17.9234,-92.5903
08/29/2020,Mexico,Violence against civilians,1,17.9234,-92.5903
09/05/2020,Mexico,Violence against civilians,7,17.9234,-92.5903
09/12/2020,Mexico,Violence against civilians,1,17.9234,-92.5903
09/19/2020,Mexico,Violence against civilians,3,17.9234,-92.5903
09/26/2020,Mexico,Violence against civilians,5,17.9234,-92.5903
10/03/2020,Mexico,Violence against civilians,4,17.9234,-92.5903
10/10/2020,Mexico,Violence against civilians,4,17.9234,-92.5903
10/17/2020,Mexico,Violence against civilians,6,17.9234,-92.5903
10/24/2020,Mexico,Violence against civilians,1,17.9234,-92.5903
10/31/2020,Mexico,Violence against civilians,2,17.9234,-92.5903
11/07/2020,Mexico,Violence against civilians,1,17.9234,-92.5903
11/14/2020,Mexico,Violence against civilians,2,17.9234,-92.5903
11/21/2020,Mexico,Violence against civilians,4,17.9234,-92.5903
11/28/2020,Mexico,Violence against civilians,1,17.9234,-92.5903
12/05/2020,Mexico,Violence against civilians,2,17.9234,-92.5903
12/12/2020,Mexico,Violence against civilians,2,17.9234,-92.5903
12/19/2020,Mexico,Violence against civilians,4,17.9234,-92.5903
12/26/2020,Mexico,Violence against civilians,1,17.9234,-92.5903
01/09/2021,Mexico,Violence against civilians,4,17.9234,-92.5903
01/16/2021,Mexico,Violence against civilians,3,17.9234,-92.5903
01/23/2021,Mexico,Violence against civilians,7,17.9234,-92.5903
01/30/2021,Mexico,Violence against civilians,4,17.9234,-92.5903
02/06/2021,Mexico,Violence against civilians,6,17.9234,-92.5903
02/13/2021,Mexico,Violence against civilians,6,17.9234,-92.5903
02/20/2021,Mexico,Violence against civilians,3,17.9234,-92.5903
02/27/2021,Mexico,Violence against civilians,6,17.9234,-92.5903
03/06/2021,Mexico,Violence against civilians,2,17.9234,-92.5903
03/13/2021,Mexico,Violence against civilians,6,17.9234,-92.5903
03/20/2021,Mexico,Violence against civilians,2,17.9234,-92.5903
03/27/2021,Mexico,Violence against civilians,1,17.9234,-92.5903
04/03/2021,Mexico,Violence against civilians,4,17.9234,-92.5903
04/10/2021,Mexico,Violence against civilians,4,17.9234,-92.5903
04/17/2021,Mexico,Violence against civilians,3,17.9234,-92.5903
04/24/2021,Mexico,Violence against civilians,4,17.9234,-92.5903
05/01/2021,Mexico,Violence against civilians,2,17.9234,-92.5903
05/08/2021,Mexico,Violence against civilians,2,17.9234,-92.5903
05/15/2021,Mexico,Violence against civilians,7,17.9234,-92.5903
05/22/2021,Mexico,Violence against civilians,4,17.9234,-92.5903
05/29/2021,Mexico,Violence against civilians,3,17.9234,-92.5903
06/05/2021,Mexico,Violence against civilians,4,17.9234,-92.5903
06/12/2021,Mexico,Violence against civilians,3,17.9234,-92.5903
06/19/2021,Mexico,Violence against civilians,2,17.9234,-92.5903
06/26/2021,Mexico,Violence against civilians,5,17.9234,-92.5903
07/03/2021,Mexico,Violence against civilians,2,17.9234,-92.5903
07/10/2021,Mexico,Violence against civilians,1,17.9234,-92.5903
07/17/2021,Mexico,Violence against civilians,4,17.9234,-92.5903
07/24/2021,Mexico,Violence against civilians,1,17.9234,-92.5903
07/31/2021,Mexico,Violence against civilians,4,17.9234,-92.5903
08/07/2021,Mexico,Violence against civilians,7,17.9234,-92.5903
08/14/2021,Mexico,Violence against civilians,6,17.9234,-92.5903
08/21/2021,Mexico,Violence against civilians,2,17.9234,-92.5903
08/28/2021,Mexico,Violence against civilians,3,17.9234,-92.5903
09/04/2021,Mexico,Violence against civilians,2,17.9234,-92.5903
09/11/2021,Mexico,Violence against civilians,1,17.9234,-92.5903
09/18/2021,Mexico,Violence against civilians,4,17.9234,-92.5903
10/02/2021,Mexico,Violence against civilians,2,17.9234,-92.5903
10/09/2021,Mexico,Violence against civilians,2,17.9234,-92.5903
10/16/2021,Mexico,Violence against civilians,1,17.9234,-92.5903
10/23/2021,Mexico,Violence against civilians,4,17.9234,-92.5903
10/30/2021,Mexico,Violence against civilians,1,17.9234,-92.5903
12/04/2021,Mexico,Violence against civilians,1,17.9234,-92.5903
12/11/2021,Mexico,Violence against civilians,3,17.9234,-92.5903
12/18/2021,Mexico,Violence against civilians,2,17.9234,-92.5903
12/25/2021,Mexico,Violence against civilians,2,17.9234,-92.5903
01/01/2022,Mexico,Violence against civilians,1,17.9234,-92.5903
01/15/2022,Mexico,Violence against civilians,2,17.9234,-92.5903
01/22/2022,Mexico,Violence against civilians,1,17.9234,-92.5903
01/29/2022,Mexico,Violence against civilians,4,17.9234,-92.5903
02/19/2022,Mexico,Violence against civilians,2,17.9234,-92.5903
02/26/2022,Mexico,Violence against civilians,1,17.9234,-92.5903
03/12/2022,Mexico,Violence against civilians,1,17.9234,-92.5903
03/19/2022,Mexico,Violence against civilians,2,17.9234,-92.5903
03/26/2022,Mexico,Violence against civilians,1,17.9234,-92.5903
04/02/2022,Mexico,Violence against civilians,3,17.9234,-92.5903
04/09/2022,Mexico,Violence against civilians,5,17.9234,-92.5903
04/16/2022,Mexico,Violence against civilians,2,17.9234,-92.5903
04/23/2022,Mexico,Violence against civilians,1,17.9234,-92.5903
04/30/2022,Mexico,Violence against civilians,2,17.9234,-92.5903
05/07/2022,Mexico,Violence against civilians,6,17.9234,-92.5903
05/21/2022,Mexico,Violence against civilians,5,17.9234,-92.5903
05/28/2022,Mexico,Violence against civilians,1,17.9234,-92.5903
06/11/2022,Mexico,Violence against civilians,4,17.9234,-92.5903
06/18/2022,Mexico,Violence against civilians,4,17.9234,-92.5903
06/25/2022,Mexico,Violence against civilians,4,17.9234,-92.5903
07/02/2022,Mexico,Violence against civilians,3,17.9234,-92.5903
07/09/2022,Mexico,Violence against civilians,1,17.9234,-92.5903
07/16/2022,Mexico,Violence against civilians,2,17.9234,-92.5903
07/23/2022,Mexico,Violence against civilians,1,17.9234,-92.5903
07/30/2022,Mexico,Violence against civilians,4,17.9234,-92.5903
08/06/2022,Mexico,Violence against civilians,2,17.9234,-92.5903
08/13/2022,Mexico,Violence against civilians,4,17.9234,-92.5903
08/20/2022,Mexico,Violence against civilians,2,17.9234,-92.5903
08/27/2022,Mexico,Violence against civilians,3,17.9234,-92.5903
09/10/2022,Mexico,Violence against civilians,2,17.9234,-92.5903
10/01/2022,Mexico,Violence against civilians,1,17.9234,-92.5903
10/08/2022,Mexico,Violence against civilians,1,17.9234,-92.5903
10/15/2022,Mexico,Violence against civilians,3,17.9234,-92.5903
10/22/2022,Mexico,Violence against civilians,2,17.9234,-92.5903
10/29/2022,Mexico,Violence against civilians,3,17.9234,-92.5903
11/05/2022,Mexico,Violence against civilians,1,17.9234,-92.5903
11/19/2022,Mexico,Violence against civilians,4,17.9234,-92.5903
11/26/2022,Mexico,Violence against civilians,3,17.9234,-92.5903
12/03/2022,Mexico,Violence against civilians,3,17.9234,-92.5903
12/10/2022,Mexico,Violence against civilians,1,17.9234,-92.5903
12/17/2022,Mexico,Violence against civilians,2,17.9234,-92.5903
12/24/2022,Mexico,Violence against civilians,2,17.9234,-92.5903
12/31/2022,Mexico,Violence against civilians,3,17.9234,-92.5903
01/07/2023,Mexico,Violence against civilians,3,17.9234,-92.5903
01/14/2023,Mexico,Violence against civilians,1,17.9234,-92.5903
01/28/2023,Mexico,Violence against civilians,2,17.9234,-92.5903
02/04/2023,Mexico,Violence against civilians,3,17.9234,-92.5903
02/11/2023,Mexico,Violence against civilians,1,17.9234,-92.5903
03/04/2023,Mexico,Violence against civilians,1,17.9234,-92.5903
03/25/2023,Mexico,Violence against civilians,1,17.9234,-92.5903
04/01/2023,Mexico,Violence against civilians,1,17.9234,-92.5903
04/08/2023,Mexico,Violence against civilians,3,17.9234,-92.5903
04/22/2023,Mexico,Violence against civilians,2,17.9234,-92.5903
04/29/2023,Mexico,Violence against civilians,1,17.9234,-92.5903
05/06/2023,Mexico,Violence against civilians,2,17.9234,-92.5903
05/13/2023,Mexico,Violence against civilians,1,17.9234,-92.5903
05/20/2023,Mexico,Violence against civilians,2,17.9234,-92.5903
05/27/2023,Mexico,Violence against civilians,1,17.9234,-92.5903
06/10/2023,Mexico,Violence against civilians,2,17.9234,-92.5903
06/24/2023,Mexico,Violence against civilians,1,17.9234,-92.5903
07/15/2023,Mexico,Violence against civilians,2,17.9234,-92.5903
07/22/2023,Mexico,Violence against civilians,2,17.9234,-92.5903
07/29/2023,Mexico,Violence against civilians,1,17.9234,-92.5903
08/05/2023,Mexico,Violence against civilians,1,17.9234,-92.5903
08/12/2023,Mexico,Violence against civilians,2,17.9234,-92.5903
08/19/2023,Mexico,Violence against civilians,5,17.9234,-92.5903
08/26/2023,Mexico,Violence against civilians,4,17.9234,-92.5903
09/02/2023,Mexico,Violence against civilians,1,17.9234,-92.5903
09/09/2023,Mexico,Violence against civilians,2,17.9234,-92.5903
09/16/2023,Mexico,Violence against civilians,3,17.9234,-92.5903
09/23/2023,Mexico,Violence against civilians,2,17.9234,-92.5903
09/30/2023,Mexico,Violence against civilians,4,17.9234,-92.5903
10/07/2023,Mexico,Violence against civilians,1,17.9234,-92.5903
10/14/2023,Mexico,Violence against civilians,1,17.9234,-92.5903
10/28/2023,Mexico,Violence against civilians,1,17.9234,-92.5903
11/11/2023,Mexico,Violence against civilians,3,17.9234,-92.5903
11/18/2023,Mexico,Violence against civilians,2,17.9234,-92.5903
11/25/2023,Mexico,Violence against civilians,3,17.9234,-92.5903
12/02/2023,Mexico,Violence against civilians,2,17.9234,-92.5903
12/09/2023,Mexico,Violence against civilians,2,17.9234,-92.5903
12/23/2023,Mexico,Violence against civilians,2,17.9234,-92.5903
12/30/2023,Mexico,Violence against civilians,2,17.9234,-92.5903
01/06/2024,Mexico,Violence against civilians,4,17.9234,-92.5903
01/13/2024,Mexico,Violence against civilians,3,17.9234,-92.5903
01/20/2024,Mexico,Violence against civilians,2,17.9234,-92.5903
01/27/2024,Mexico,Violence against civilians,3,17.9234,-92.5903
02/03/2024,Mexico,Violence against civilians,3,17.9234,-92.5903
02/10/2024,Mexico,Violence against civilians,7,17.9234,-92.5903
02/17/2024,Mexico,Violence against civilians,2,17.9234,-92.5903
02/24/2024,Mexico,Violence against civilians,6,17.9234,-92.5903
03/02/2024,Mexico,Violence against civilians,3,17.9234,-92.5903
03/09/2024,Mexico,Violence against civilians,6,17.9234,-92.5903
03/16/2024,Mexico,Violence against civilians,10,17.9234,-92.5903
03/23/2024,Mexico,Violence against civilians,4,17.9234,-92.5903
03/30/2024,Mexico,Violence against civilians,2,17.9234,-92.5903
04/06/2024,Mexico,Violence against civilians,3,17.9234,-92.5903
04/13/2024,Mexico,Violence against civilians,6,17.9234,-92.5903
04/20/2024,Mexico,Violence against civilians,9,17.9234,-92.5903
04/27/2024,Mexico,Violence against civilians,12,17.9234,-92.5903
05/04/2024,Mexico,Violence against civilians,3,17.9234,-92.5903
05/11/2024,Mexico,Violence against civilians,4,17.9234,-92.5903
05/18/2024,Mexico,Violence against civilians,9,17.9234,-92.5903
05/25/2024,Mexico,Violence against civilians,15,17.9234,-92.5903
06/01/2024,Mexico,Violence against civilians,8,17.9234,-92.5903
06/08/2024,Mexico,Violence against civilians,5,17.9234,-92.5903
06/15/2024,Mexico,Violence against civilians,5,17.9234,-92.5903
06/22/2024,Mexico,Violence against civilians,8,17.9234,-92.5903
06/29/2024,Mexico,Violence against civilians,6,17.9234,-92.5903
07/06/2024,Mexico,Violence against civilians,8,17.9234,-92.5903
07/13/2024,Mexico,Violence against civilians,3,17.9234,-92.5903
07/20/2024,Mexico,Violence against civilians,2,17.9234,-92.5903
07/27/2024,Mexico,Violence against civilians,8,17.9234,-92.5903
08/03/2024,Mexico,Violence against civilians,5,17.9234,-92.5903
08/10/2024,Mexico,Violence against civilians,3,17.9234,-92.5903
08/17/2024,Mexico,Violence against civilians,4,17.9234,-92.5903
08/24/2024,Mexico,Violence against civilians,4,17.9234,-92.5903
08/31/2024,Mexico,Violence against civilians,3,17.9234,-92.5903
09/07/2024,Mexico,Violence against civilians,7,17.9234,-92.5903
09/14/2024,Mexico,Violence against civilians,10,17.9234,-92.5903
09/21/2024,Mexico,Violence against civilians,4,17.9234,-92.5903
09/28/2024,Mexico,Violence against civilians,6,17.9234,-92.5903
10/05/2024,Mexico,Violence against civilians,10,17.9234,-92.5903
10/12/2024,Mexico,Violence against civilians,4,17.9234,-92.5903
10/19/2024,Mexico,Violence against civilians,6,17.9234,-92.5903
10/26/2024,Mexico,Violence against civilians,4,17.9234,-92.5903
11/02/2024,Mexico,Violence against civilians,5,17.9234,-92.5903
11/09/2024,Mexico,Violence against civilians,4,17.9234,-92.5903
11/23/2024,Mexico,Violence against civilians,2,17.9234,-92.5903
11/30/2024,Mexico,Violence against civilians,2,17.9234,-92.5903
12/14/2024,Mexico,Violence against civilians,1,17.9234,-92.5903
12/21/2024,Mexico,Violence against civilians,2,17.9234,-92.5903
01/04/2025,Mexico,Violence against civilians,4,17.9234,-92.5903
01/11/2025,Mexico,Violence against civilians,4,17.9234,-92.5903
01/18/2025,Mexico,Violence against civilians,1,17.9234,-92.5903
01/25/2025,Mexico,Violence against civilians,6,17.9234,-92.5903
02/01/2025,Mexico,Violence against civilians,4,17.9234,-92.5903
02/08/2025,Mexico,Violence against civilians,2,17.9234,-92.5903
02/15/2025,Mexico,Violence against civilians,5,17.9234,-92.5903
03/01/2025,Mexico,Violence against civilians,7,17.9234,-92.5903
03/08/2025,Mexico,Violence against civilians,6,17.9234,-92.5903
03/15/2025,Mexico,Violence against civilians,5,17.9234,-92.5903
03/22/2025,Mexico,Violence against civilians,3,17.9234,-92.5903
03/29/2025,Mexico,Violence against civilians,3,17.9234,-92.5903
04/05/2025,Mexico,Violence against civilians,2,17.9234,-92.5903
04/12/2025,Mexico,Violence against civilians,1,17.9234,-92.5903
04/19/2025,Mexico,Violence against civilians,1,17.9234,-92.5903
04/26/2025,Mexico,Violence against civilians,4,17.9234,-92.5903
05/03/2025,Mexico,Violence against civilians,9,17.9234,-92.5903
05/10/2025,Mexico,Violence against civilians,3,17.9234,-92.5903
05/31/2025,Mexico,Violence against civilians,3,17.9234,-92.5903
06/14/2025,Mexico,Violence against civilians,2,17.9234,-92.5903
06/21/2025,Mexico,Violence against civilians,2,17.9234,-92.5903
06/28/2025,Mexico,Violence against civilians,2,17.9234,-92.5903
07/19/2025,Mexico,Violence against civilians,4,17.9234,-92.5903
08/09/2025,Mexico,Violence against civilians,1,17.9234,-92.5903
08/16/2025,Mexico,Violence against civilians,1,17.9234,-92.5903
08/30/2025,Mexico,Violence against civilians,2,17.9234,-92.5903
09/06/2025,Mexico,Violence against civilians,2,17.9234,-92.5903
09/13/2025,Mexico,Violence against civilians,5,17.9234,-92.5903
09/20/2025,Mexico,Violence against civilians,1,17.9234,-92.5903
09/27/2025,Mexico,Violence against civilians,2,17.9234,-92.5903
10/04/2025,Mexico,Violence against civilians,1,17.9234,-92.5903
10/11/2025,Mexico,Violence against civilians,2,17.9234,-92.5903
10/18/2025,Mexico,Violence against civilians,1,17.9234,-92.5903
05/04/2019,Mexico,Violence against civilians,1,17.9234,-92.5903
08/24/2019,Mexico,Violence against civilians,1,17.9234,-92.5903
10/19/2019,Mexico,Violence against civilians,1,17.9234,-92.5903
01/23/2021,Mexico,Violence against civilians,1,17.9234,-92.5903
10/30/2021,Mexico,Violence against civilians,1,17.9234,-92.5903
12/03/2022,Mexico,Violence against civilians,1,17.9234,-92.5903
06/15/2024,Mexico,Violence against civilians,1,17.9234,-92.5903
07/13/2024,Mexico,Violence against civilians,1,17.9234,-92.5903
08/17/2024,Mexico,Violence against civilians,1,17.9234,-92.5903
03/22/2025,Mexico,Violence against civilians,1,17.9234,-92.5903
04/12/2025,Mexico,Violence against civilians,1,17.9234,-92.5903
10/12/2024,Mexico,Explosions/Remote violence,1,24.9437,-98.4314
11/09/2024,Mexico,Explosions/Remote violence,1,24.9437,-98.4314
02/01/2025,Mexico,Explosions/Remote violence,2,24.9437,-98.4314
02/24/2018,Mexico,Explosions/Remote violence,1,24.9437,-98.4314
03/03/2018,Mexico,Explosions/Remote violence,1,24.9437,-98.4314
04/07/2018,Mexico,Explosions/Remote violence,1,24.9437,-98.4314
01/18/2025,Mexico,Explosions/Remote violence,1,24.9437,-98.4314
01/25/2025,Mexico,Explosions/Remote violence,1,24.9437,-98.4314
07/14/2018,Mexico,Riots,1,24.9437,-98.4314
07/21/2018,Mexico,Riots,1,24.9437,-98.4314
09/01/2018,Mexico,Riots,2,24.9437,-98.4314
11/03/2018,Mexico,Riots,1,24.9437,-98.4314
01/12/2019,Mexico,Riots,1,24.9437,-98.4314
05/11/2019,Mexico,Riots,2,24.9437,-98.4314
08/17/2019,Mexico,Riots,1,24.9437,-98.4314
10/12/2019,Mexico,Riots,1,24.9437,-98.4314
11/02/2019,Mexico,Riots,1,24.9437,-98.4314
12/14/2019,Mexico,Riots,1,24.9437,-98.4314
01/11/2020,Mexico,Riots,1,24.9437,-98.4314
01/18/2020,Mexico,Riots,1,24.9437,-98.4314
01/25/2020,Mexico,Riots,1,24.9437,-98.4314
02/01/2020,Mexico,Riots,1,24.9437,-98.4314
02/08/2020,Mexico,Riots,3,24.9437,-98.4314
02/15/2020,Mexico,Riots,1,24.9437,-98.4314
07/11/2020,Mexico,Riots,2,24.9437,-98.4314
08/15/2020,Mexico,Riots,1,24.9437,-98.4314
09/26/2020,Mexico,Riots,1,24.9437,-98.4314
12/05/2020,Mexico,Riots,1,24.9437,-98.4314
02/27/2021,Mexico,Riots,1,24.9437,-98.4314
04/10/2021,Mexico,Riots,1,24.9437,-98.4314
04/17/2021,Mexico,Riots,1,24.9437,-98.4314
09/18/2021,Mexico,Riots,1,24.9437,-98.4314
10/02/2021,Mexico,Riots,1,24.9437,-98.4314
10/16/2021,Mexico,Riots,1,24.9437,-98.4314
10/23/2021,Mexico,Riots,2,24.9437,-98.4314
01/15/2022,Mexico,Riots,1,24.9437,-98.4314
04/09/2022,Mexico,Riots,1,24.9437,-98.4314
05/07/2022,Mexico,Riots,1,24.9437,-98.4314
05/14/2022,Mexico,Riots,1,24.9437,-98.4314
05/21/2022,Mexico,Riots,1,24.9437,-98.4314
05/28/2022,Mexico,Riots,1,24.9437,-98.4314
06/04/2022,Mexico,Riots,1,24.9437,-98.4314
10/08/2022,Mexico,Riots,1,24.9437,-98.4314
01/21/2023,Mexico,Riots,1,24.9437,-98.4314
03/25/2023,Mexico,Riots,1,24.9437,-98.4314
04/15/2023,Mexico,Riots,1,24.9437,-98.4314
11/25/2023,Mexico,Riots,2,24.9437,-98.4314
12/02/2023,Mexico,Riots,1,24.9437,-98.4314
02/17/2024,Mexico,Riots,1,24.9437,-98.4314
03/23/2024,Mexico,Riots,1,24.9437,-98.4314
05/25/2024,Mexico,Riots,1,24.9437,-98.4314
09/21/2024,Mexico,Riots,1,24.9437,-98.4314
12/28/2024,Mexico,Riots,1,24.9437,-98.4314
01/04/2025,Mexico,Riots,1,24.9437,-98.4314
02/01/2025,Mexico,Riots,1,24.9437,-98.4314
08/09/2025,Mexico,Riots,1,24.9437,-98.4314
09/20/2025,Mexico,Riots,1,24.9437,-98.4314
10/11/2025,Mexico,Riots,1,24.9437,-98.4314
03/17/2018,Mexico,Riots,1,24.9437,-98.4314
06/09/2018,Mexico,Riots,1,24.9437,-98.4314
02/09/2019,Mexico,Riots,1,24.9437,-98.4314
03/02/2019,Mexico,Riots,1,24.9437,-98.4314
04/13/2019,Mexico,Riots,1,24.9437,-98.4314
05/18/2019,Mexico,Riots,1,24.9437,-98.4314
06/15/2019,Mexico,Riots,1,24.9437,-98.4314
08/24/2019,Mexico,Riots,1,24.9437,-98.4314
10/19/2019,Mexico,Riots,1,24.9437,-98.4314
06/06/2020,Mexico,Riots,1,24.9437,-98.4314
08/15/2020,Mexico,Riots,1,24.9437,-98.4314
08/22/2020,Mexico,Riots,1,24.9437,-98.4314
09/05/2020,Mexico,Riots,1,24.9437,-98.4314
09/12/2020,Mexico,Riots,1,24.9437,-98.4314
04/03/2021,Mexico,Riots,1,24.9437,-98.4314
07/31/2021,Mexico,Riots,1,24.9437,-98.4314
07/02/2022,Mexico,Riots,1,24.9437,-98.4314
07/09/2022,Mexico,Riots,2,24.9437,-98.4314
07/16/2022,Mexico,Riots,1,24.9437,-98.4314
09/10/2022,Mexico,Riots,1,24.9437,-98.4314
04/22/2023,Mexico,Riots,1,24.9437,-98.4314
05/13/2023,Mexico,Riots,1,24.9437,-98.4314
06/17/2023,Mexico,Riots,2,24.9437,-98.4314
09/14/2024,Mexico,Riots,1,24.9437,-98.4314
02/15/2025,Mexico,Riots,1,24.9437,-98.4314
03/08/2025,Mexico,Riots,1,24.9437,-98.4314
05/17/2025,Mexico,Riots,1,24.9437,-98.4314
06/14/2025,Mexico,Riots,1,24.9437,-98.4314
06/21/2025,Mexico,Riots,1,24.9437,-98.4314
07/05/2025,Mexico,Riots,1,24.9437,-98.4314
09/06/2025,Mexico,Riots,1,24.9437,-98.4314
09/13/2025,Mexico,Riots,1,24.9437,-98.4314
09/27/2025,Mexico,Riots,1,24.9437,-98.4314
03/03/2018,Mexico,Violence against civilians,1,24.9437,-98.4314
03/24/2018,Mexico,Violence against civilians,1,24.9437,-98.4314
05/19/2018,Mexico,Violence against civilians,1,24.9437,-98.4314
06/16/2018,Mexico,Violence against civilians,1,24.9437,-98.4314
07/07/2018,Mexico,Violence against civilians,1,24.9437,-98.4314
07/28/2018,Mexico,Violence against civilians,1,24.9437,-98.4314
09/22/2018,Mexico,Violence against civilians,1,24.9437,-98.4314
11/24/2018,Mexico,Violence against civilians,1,24.9437,-98.4314
02/09/2019,Mexico,Violence against civilians,1,24.9437,-98.4314
03/02/2019,Mexico,Violence against civilians,1,24.9437,-98.4314
03/09/2019,Mexico,Violence against civilians,2,24.9437,-98.4314
03/23/2019,Mexico,Violence against civilians,1,24.9437,-98.4314
04/13/2019,Mexico,Violence against civilians,1,24.9437,-98.4314
04/20/2019,Mexico,Violence against civilians,2,24.9437,-98.4314
06/22/2019,Mexico,Violence against civilians,1,24.9437,-98.4314
08/10/2019,Mexico,Violence against civilians,1,24.9437,-98.4314
10/12/2019,Mexico,Violence against civilians,1,24.9437,-98.4314
10/26/2019,Mexico,Violence against civilians,1,24.9437,-98.4314
11/23/2019,Mexico,Violence against civilians,1,24.9437,-98.4314
07/04/2020,Mexico,Violence against civilians,1,24.9437,-98.4314
07/18/2020,Mexico,Violence against civilians,1,24.9437,-98.4314
10/03/2020,Mexico,Violence against civilians,1,24.9437,-98.4314
03/13/2021,Mexico,Violence against civilians,1,24.9437,-98.4314
04/17/2021,Mexico,Violence against civilians,1,24.9437,-98.4314
05/01/2021,Mexico,Violence against civilians,1,24.9437,-98.4314
05/29/2021,Mexico,Violence against civilians,1,24.9437,-98.4314
09/04/2021,Mexico,Violence against civilians,1,24.9437,-98.4314
12/25/2021,Mexico,Violence against civilians,1,24.9437,-98.4314
01/29/2022,Mexico,Violence against civilians,1,24.9437,-98.4314
02/12/2022,Mexico,Violence against civilians,1,24.9437,-98.4314
04/02/2022,Mexico,Violence against civilians,1,24.9437,-98.4314
06/04/2022,Mexico,Violence against civilians,1,24.9437,-98.4314
10/08/2022,Mexico,Violence against civilians,1,24.9437,-98.4314
01/28/2023,Mexico,Violence against civilians,1,24.9437,-98.4314
03/04/2023,Mexico,Violence against civilians,1,24.9437,-98.4314
04/29/2023,Mexico,Violence against civilians,2,24.9437,-98.4314
05/06/2023,Mexico,Violence against civilians,1,24.9437,-98.4314
05/27/2023,Mexico,Violence against civilians,1,24.9437,-98.4314
07/01/2023,Mexico,Violence against civilians,1,24.9437,-98.4314
07/29/2023,Mexico,Violence against civilians,1,24.9437,-98.4314
12/30/2023,Mexico,Violence against civilians,1,24.9437,-98.4314
04/20/2024,Mexico,Violence against civilians,1,24.9437,-98.4314
07/20/2024,Mexico,Violence against civilians,1,24.9437,-98.4314
07/27/2024,Mexico,Violence against civilians,1,24.9437,-98.4314
10/05/2024,Mexico,Violence against civilians,2,24.9437,-98.4314
10/12/2024,Mexico,Violence against civilians,1,24.9437,-98.4314
02/01/2025,Mexico,Violence against civilians,1,24.9437,-98.4314
05/31/2025,Mexico,Violence against civilians,1,24.9437,-98.4314
07/12/2025,Mexico,Violence against civilians,1,24.9437,-98.4314
10/04/2025,Mexico,Violence against civilians,1,24.9437,-98.4314
10/11/2025,Mexico,Violence against civilians,1,24.9437,-98.4314
01/06/2018,Mexico,Violence against civilians,1,24.9437,-98.4314
01/13/2018,Mexico,Violence against civilians,4,24.9437,-98.4314
01/20/2018,Mexico,Violence against civilians,1,24.9437,-98.4314
02/03/2018,Mexico,Violence against civilians,1,24.9437,-98.4314
02/10/2018,Mexico,Violence against civilians,2,24.9437,-98.4314
03/10/2018,Mexico,Violence against civilians,1,24.9437,-98.4314
03/17/2018,Mexico,Violence against civilians,1,24.9437,-98.4314
03/24/2018,Mexico,Violence against civilians,3,24.9437,-98.4314
03/31/2018,Mexico,Violence against civilians,3,24.9437,-98.4314
04/07/2018,Mexico,Violence against civilians,2,24.9437,-98.4314
04/21/2018,Mexico,Violence against civilians,2,24.9437,-98.4314
04/28/2018,Mexico,Violence against civilians,1,24.9437,-98.4314
05/05/2018,Mexico,Violence against civilians,5,24.9437,-98.4314
05/12/2018,Mexico,Violence against civilians,2,24.9437,-98.4314
05/19/2018,Mexico,Violence against civilians,3,24.9437,-98.4314
05/26/2018,Mexico,Violence against civilians,5,24.9437,-98.4314
06/02/2018,Mexico,Violence against civilians,3,24.9437,-98.4314
06/09/2018,Mexico,Violence against civilians,1,24.9437,-98.4314
06/16/2018,Mexico,Violence against civilians,1,24.9437,-98.4314
06/23/2018,Mexico,Violence against civilians,4,24.9437,-98.4314
06/30/2018,Mexico,Violence against civilians,2,24.9437,-98.4314
07/07/2018,Mexico,Violence against civilians,4,24.9437,-98.4314
08/04/2018,Mexico,Violence against civilians,1,24.9437,-98.4314
08/11/2018,Mexico,Violence against civilians,2,24.9437,-98.4314
08/18/2018,Mexico,Violence against civilians,1,24.9437,-98.4314
08/25/2018,Mexico,Violence against civilians,1,24.9437,-98.4314
09/01/2018,Mexico,Violence against civilians,1,24.9437,-98.4314
09/15/2018,Mexico,Violence against civilians,2,24.9437,-98.4314
09/22/2018,Mexico,Violence against civilians,2,24.9437,-98.4314
09/29/2018,Mexico,Violence against civilians,5,24.9437,-98.4314
10/06/2018,Mexico,Violence against civilians,2,24.9437,-98.4314
10/13/2018,Mexico,Violence against civilians,1,24.9437,-98.4314
10/20/2018,Mexico,Violence against civilians,1,24.9437,-98.4314
11/03/2018,Mexico,Violence against civilians,1,24.9437,-98.4314
11/10/2018,Mexico,Violence against civilians,2,24.9437,-98.4314
11/24/2018,Mexico,Violence against civilians,1,24.9437,-98.4314
12/08/2018,Mexico,Violence against civilians,4,24.9437,-98.4314
12/15/2018,Mexico,Violence against civilians,3,24.9437,-98.4314
12/29/2018,Mexico,Violence against civilians,1,24.9437,-98.4314
01/05/2019,Mexico,Violence against civilians,1,24.9437,-98.4314
01/12/2019,Mexico,Violence against civilians,5,24.9437,-98.4314
01/19/2019,Mexico,Violence against civilians,3,24.9437,-98.4314
01/26/2019,Mexico,Violence against civilians,2,24.9437,-98.4314
02/02/2019,Mexico,Violence against civilians,1,24.9437,-98.4314
02/09/2019,Mexico,Violence against civilians,1,24.9437,-98.4314
02/16/2019,Mexico,Violence against civilians,4,24.9437,-98.4314
02/23/2019,Mexico,Violence against civilians,2,24.9437,-98.4314
03/02/2019,Mexico,Violence against civilians,1,24.9437,-98.4314
03/16/2019,Mexico,Violence against civilians,3,24.9437,-98.4314
04/20/2019,Mexico,Violence against civilians,1,24.9437,-98.4314
05/11/2019,Mexico,Violence against civilians,1,24.9437,-98.4314
05/18/2019,Mexico,Violence against civilians,3,24.9437,-98.4314
05/25/2019,Mexico,Violence against civilians,1,24.9437,-98.4314
06/01/2019,Mexico,Violence against civilians,1,24.9437,-98.4314
06/15/2019,Mexico,Violence against civilians,2,24.9437,-98.4314
07/06/2019,Mexico,Violence against civilians,2,24.9437,-98.4314
07/13/2019,Mexico,Violence against civilians,1,24.9437,-98.4314
08/03/2019,Mexico,Violence against civilians,2,24.9437,-98.4314
08/10/2019,Mexico,Violence against civilians,1,24.9437,-98.4314
08/24/2019,Mexico,Violence against civilians,2,24.9437,-98.4314
08/31/2019,Mexico,Violence against civilians,1,24.9437,-98.4314
09/28/2019,Mexico,Violence against civilians,1,24.9437,-98.4314
10/05/2019,Mexico,Violence against civilians,4,24.9437,-98.4314
10/12/2019,Mexico,Violence against civilians,5,24.9437,-98.4314
10/26/2019,Mexico,Violence against civilians,1,24.9437,-98.4314
11/02/2019,Mexico,Violence against civilians,1,24.9437,-98.4314
11/09/2019,Mexico,Violence against civilians,2,24.9437,-98.4314
11/30/2019,Mexico,Violence against civilians,1,24.9437,-98.4314
12/07/2019,Mexico,Violence against civilians,1,24.9437,-98.4314
12/14/2019,Mexico,Violence against civilians,1,24.9437,-98.4314
12/21/2019,Mexico,Violence against civilians,1,24.9437,-98.4314
01/04/2020,Mexico,Violence against civilians,3,24.9437,-98.4314
01/18/2020,Mexico,Violence against civilians,1,24.9437,-98.4314
01/25/2020,Mexico,Violence against civilians,1,24.9437,-98.4314
02/01/2020,Mexico,Violence against civilians,2,24.9437,-98.4314
02/08/2020,Mexico,Violence against civilians,2,24.9437,-98.4314
02/15/2020,Mexico,Violence against civilians,5,24.9437,-98.4314
02/22/2020,Mexico,Violence against civilians,2,24.9437,-98.4314
02/29/2020,Mexico,Violence against civilians,1,24.9437,-98.4314
03/07/2020,Mexico,Violence against civilians,3,24.9437,-98.4314
03/14/2020,Mexico,Violence against civilians,1,24.9437,-98.4314
03/21/2020,Mexico,Violence against civilians,1,24.9437,-98.4314
04/25/2020,Mexico,Violence against civilians,1,24.9437,-98.4314
05/02/2020,Mexico,Violence against civilians,1,24.9437,-98.4314
05/09/2020,Mexico,Violence against civilians,1,24.9437,-98.4314
05/30/2020,Mexico,Violence against civilians,1,24.9437,-98.4314
06/06/2020,Mexico,Violence against civilians,4,24.9437,-98.4314
06/20/2020,Mexico,Violence against civilians,1,24.9437,-98.4314
07/04/2020,Mexico,Violence against civilians,1,24.9437,-98.4314
07/18/2020,Mexico,Violence against civilians,2,24.9437,-98.4314
07/25/2020,Mexico,Violence against civilians,2,24.9437,-98.4314
08/01/2020,Mexico,Violence against civilians,2,24.9437,-98.4314
08/29/2020,Mexico,Violence against civilians,1,24.9437,-98.4314
09/12/2020,Mexico,Violence against civilians,2,24.9437,-98.4314
09/26/2020,Mexico,Violence against civilians,1,24.9437,-98.4314
10/10/2020,Mexico,Violence against civilians,1,24.9437,-98.4314
10/17/2020,Mexico,Violence against civilians,1,24.9437,-98.4314
11/14/2020,Mexico,Violence against civilians,1,24.9437,-98.4314
12/19/2020,Mexico,Violence against civilians,2,24.9437,-98.4314
12/26/2020,Mexico,Violence against civilians,1,24.9437,-98.4314
01/09/2021,Mexico,Violence against civilians,1,24.9437,-98.4314
01/23/2021,Mexico,Violence against civilians,1,24.9437,-98.4314
01/30/2021,Mexico,Violence against civilians,3,24.9437,-98.4314
02/06/2021,Mexico,Violence against civilians,1,24.9437,-98.4314
02/20/2021,Mexico,Violence against civilians,3,24.9437,-98.4314
03/06/2021,Mexico,Violence against civilians,3,24.9437,-98.4314
03/13/2021,Mexico,Violence against civilians,1,24.9437,-98.4314
04/03/2021,Mexico,Violence against civilians,2,24.9437,-98.4314
04/10/2021,Mexico,Violence against civilians,4,24.9437,-98.4314
04/24/2021,Mexico,Violence against civilians,5,24.9437,-98.4314
05/01/2021,Mexico,Violence against civilians,1,24.9437,-98.4314
05/08/2021,Mexico,Violence against civilians,2,24.9437,-98.4314
05/15/2021,Mexico,Violence against civilians,1,24.9437,-98.4314
05/22/2021,Mexico,Violence against civilians,2,24.9437,-98.4314
05/29/2021,Mexico,Violence against civilians,2,24.9437,-98.4314
06/12/2021,Mexico,Violence against civilians,1,24.9437,-98.4314
06/19/2021,Mexico,Violence against civilians,1,24.9437,-98.4314
06/26/2021,Mexico,Violence against civilians,1,24.9437,-98.4314
07/10/2021,Mexico,Violence against civilians,2,24.9437,-98.4314
07/17/2021,Mexico,Violence against civilians,1,24.9437,-98.4314
07/31/2021,Mexico,Violence against civilians,1,24.9437,-98.4314
08/28/2021,Mexico,Violence against civilians,1,24.9437,-98.4314
10/09/2021,Mexico,Violence against civilians,1,24.9437,-98.4314
10/16/2021,Mexico,Violence against civilians,1,24.9437,-98.4314
10/23/2021,Mexico,Violence against civilians,2,24.9437,-98.4314
10/30/2021,Mexico,Violence against civilians,3,24.9437,-98.4314
11/20/2021,Mexico,Violence against civilians,1,24.9437,-98.4314
12/18/2021,Mexico,Violence against civilians,2,24.9437,-98.4314
01/08/2022,Mexico,Violence against civilians,1,24.9437,-98.4314
01/15/2022,Mexico,Violence against civilians,3,24.9437,-98.4314
01/22/2022,Mexico,Violence against civilians,2,24.9437,-98.4314
02/05/2022,Mexico,Violence against civilians,1,24.9437,-98.4314
02/12/2022,Mexico,Violence against civilians,3,24.9437,-98.4314
03/05/2022,Mexico,Violence against civilians,1,24.9437,-98.4314
03/19/2022,Mexico,Violence against civilians,1,24.9437,-98.4314
05/07/2022,Mexico,Violence against civilians,1,24.9437,-98.4314
05/14/2022,Mexico,Violence against civilians,2,24.9437,-98.4314
05/21/2022,Mexico,Violence against civilians,1,24.9437,-98.4314
05/28/2022,Mexico,Violence against civilians,1,24.9437,-98.4314
06/18/2022,Mexico,Violence against civilians,2,24.9437,-98.4314
06/25/2022,Mexico,Violence against civilians,5,24.9437,-98.4314
07/16/2022,Mexico,Violence against civilians,2,24.9437,-98.4314
07/30/2022,Mexico,Violence against civilians,3,24.9437,-98.4314
08/06/2022,Mexico,Violence against civilians,1,24.9437,-98.4314
08/13/2022,Mexico,Violence against civilians,1,24.9437,-98.4314
08/20/2022,Mexico,Violence against civilians,1,24.9437,-98.4314
08/27/2022,Mexico,Violence against civilians,1,24.9437,-98.4314
09/17/2022,Mexico,Violence against civilians,1,24.9437,-98.4314
10/15/2022,Mexico,Violence against civilians,2,24.9437,-98.4314
10/29/2022,Mexico,Violence against civilians,1,24.9437,-98.4314
11/12/2022,Mexico,Violence against civilians,3,24.9437,-98.4314
12/17/2022,Mexico,Violence against civilians,1,24.9437,-98.4314
12/24/2022,Mexico,Violence against civilians,2,24.9437,-98.4314
01/14/2023,Mexico,Violence against civilians,1,24.9437,-98.4314
01/21/2023,Mexico,Violence against civilians,1,24.9437,-98.4314
01/28/2023,Mexico,Violence against civilians,2,24.9437,-98.4314
02/04/2023,Mexico,Violence against civilians,2,24.9437,-98.4314
02/25/2023,Mexico,Violence against civilians,1,24.9437,-98.4314
03/04/2023,Mexico,Violence against civilians,1,24.9437,-98.4314
03/11/2023,Mexico,Violence against civilians,2,24.9437,-98.4314
03/25/2023,Mexico,Violence against civilians,1,24.9437,-98.4314
04/08/2023,Mexico,Violence against civilians,3,24.9437,-98.4314
04/15/2023,Mexico,Violence against civilians,2,24.9437,-98.4314
04/22/2023,Mexico,Violence against civilians,2,24.9437,-98.4314
05/27/2023,Mexico,Violence against civilians,1,24.9437,-98.4314
06/03/2023,Mexico,Violence against civilians,1,24.9437,-98.4314
06/10/2023,Mexico,Violence against civilians,1,24.9437,-98.4314
06/24/2023,Mexico,Violence against civilians,2,24.9437,-98.4314
07/01/2023,Mexico,Violence against civilians,2,24.9437,-98.4314
07/08/2023,Mexico,Violence against civilians,1,24.9437,-98.4314
08/05/2023,Mexico,Violence against civilians,3,24.9437,-98.4314
08/12/2023,Mexico,Violence against civilians,1,24.9437,-98.4314
08/19/2023,Mexico,Violence against civilians,1,24.9437,-98.4314
08/26/2023,Mexico,Violence against civilians,1,24.9437,-98.4314
09/02/2023,Mexico,Violence against civilians,2,24.9437,-98.4314
09/09/2023,Mexico,Violence against civilians,1,24.9437,-98.4314
09/16/2023,Mexico,Violence against civilians,1,24.9437,-98.4314
10/07/2023,Mexico,Violence against civilians,1,24.9437,-98.4314
10/21/2023,Mexico,Violence against civilians,2,24.9437,-98.4314
11/04/2023,Mexico,Violence against civilians,1,24.9437,-98.4314
11/18/2023,Mexico,Violence against civilians,3,24.9437,-98.4314
11/25/2023,Mexico,Violence against civilians,1,24.9437,-98.4314
12/02/2023,Mexico,Violence against civilians,1,24.9437,-98.4314
12/09/2023,Mexico,Violence against civilians,2,24.9437,-98.4314
12/23/2023,Mexico,Violence against civilians,2,24.9437,-98.4314
12/30/2023,Mexico,Violence against civilians,2,24.9437,-98.4314
01/06/2024,Mexico,Violence against civilians,1,24.9437,-98.4314
02/10/2024,Mexico,Violence against civilians,1,24.9437,-98.4314
02/17/2024,Mexico,Violence against civilians,2,24.9437,-98.4314
03/09/2024,Mexico,Violence against civilians,1,24.9437,-98.4314
04/13/2024,Mexico,Violence against civilians,2,24.9437,-98.4314
04/20/2024,Mexico,Violence against civilians,1,24.9437,-98.4314
04/27/2024,Mexico,Violence against civilians,2,24.9437,-98.4314
05/04/2024,Mexico,Violence against civilians,1,24.9437,-98.4314
05/11/2024,Mexico,Violence against civilians,1,24.9437,-98.4314
05/25/2024,Mexico,Violence against civilians,3,24.9437,-98.4314
06/01/2024,Mexico,Violence against civilians,1,24.9437,-98.4314
06/08/2024,Mexico,Violence against civilians,1,24.9437,-98.4314
07/06/2024,Mexico,Violence against civilians,1,24.9437,-98.4314
07/13/2024,Mexico,Violence against civilians,2,24.9437,-98.4314
07/27/2024,Mexico,Violence against civilians,4,24.9437,-98.4314
08/03/2024,Mexico,Violence against civilians,3,24.9437,-98.4314
08/10/2024,Mexico,Violence against civilians,2,24.9437,-98.4314
08/17/2024,Mexico,Violence against civilians,4,24.9437,-98.4314
08/24/2024,Mexico,Violence against civilians,1,24.9437,-98.4314
08/31/2024,Mexico,Violence against civilians,1,24.9437,-98.4314
09/21/2024,Mexico,Violence against civilians,1,24.9437,-98.4314
09/28/2024,Mexico,Violence against civilians,1,24.9437,-98.4314
10/05/2024,Mexico,Violence against civilians,1,24.9437,-98.4314
10/12/2024,Mexico,Violence against civilians,2,24.9437,-98.4314
10/26/2024,Mexico,Violence against civilians,1,24.9437,-98.4314
11/02/2024,Mexico,Violence against civilians,3,24.9437,-98.4314
11/09/2024,Mexico,Violence against civilians,1,24.9437,-98.4314
11/16/2024,Mexico,Violence against civilians,2,24.9437,-98.4314
12/21/2024,Mexico,Violence against civilians,3,24.9437,-98.4314
01/04/2025,Mexico,Violence against civilians,1,24.9437,-98.4314
01/11/2025,Mexico,Violence against civilians,1,24.9437,-98.4314
01/18/2025,Mexico,Violence against civilians,2,24.9437,-98.4314
02/01/2025,Mexico,Violence against civilians,1,24.9437,-98.4314
02/15/2025,Mexico,Violence against civilians,1,24.9437,-98.4314
03/08/2025,Mexico,Violence against civilians,1,24.9437,-98.4314
03/15/2025,Mexico,Violence against civilians,2,24.9437,-98.4314
05/10/2025,Mexico,Violence against civilians,2,24.9437,-98.4314
05/24/2025,Mexico,Violence against civilians,1,24.9437,-98.4314
05/31/2025,Mexico,Violence against civilians,1,24.9437,-98.4314
06/14/2025,Mexico,Violence against civilians,1,24.9437,-98.4314
07/12/2025,Mexico,Violence against civilians,2,24.9437,-98.4314
08/02/2025,Mexico,Violence against civilians,1,24.9437,-98.4314
09/20/2025,Mexico,Violence against civilians,3,24.9437,-98.4314
10/04/2025,Mexico,Violence against civilians,1,24.9437,-98.4314
10/11/2025,Mexico,Violence against civilians,2,24.9437,-98.4314
10/18/2025,Mexico,Violence against civilians,1,24.9437,-98.4314
02/23/2019,Mexico,Violence against civilians,1,24.9437,-98.4314
11/30/2019,Mexico,Violence against civilians,1,24.9437,-98.4314
08/12/2023,Mexico,Violence against civilians,1,24.9437,-98.4314
06/22/2024,Mexico,Violence against civilians,1,24.9437,-98.4314
01/13/2018,Mexico,Riots,1,19.4175,-98.1101
03/03/2018,Mexico,Riots,1,19.4175,-98.1101
03/24/2018,Mexico,Riots,1,19.4175,-98.1101
03/31/2018,Mexico,Riots,1,19.4175,-98.1101
05/05/2018,Mexico,Riots,1,19.4175,-98.1101
06/02/2018,Mexico,Riots,1,19.4175,-98.1101
06/16/2018,Mexico,Riots,1,19.4175,-98.1101
07/07/2018,Mexico,Riots,1,19.4175,-98.1101
12/01/2018,Mexico,Riots,1,19.4175,-98.1101
12/08/2018,Mexico,Riots,1,19.4175,-98.1101
02/23/2019,Mexico,Riots,1,19.4175,-98.1101
07/13/2019,Mexico,Riots,1,19.4175,-98.1101
08/31/2019,Mexico,Riots,1,19.4175,-98.1101
10/19/2019,Mexico,Riots,1,19.4175,-98.1101
07/25/2020,Mexico,Riots,1,19.4175,-98.1101
08/01/2020,Mexico,Riots,1,19.4175,-98.1101
10/24/2020,Mexico,Riots,1,19.4175,-98.1101
11/21/2020,Mexico,Riots,1,19.4175,-98.1101
12/19/2020,Mexico,Riots,1,19.4175,-98.1101
01/16/2021,Mexico,Riots,1,19.4175,-98.1101
01/30/2021,Mexico,Riots,1,19.4175,-98.1101
04/10/2021,Mexico,Riots,1,19.4175,-98.1101
05/22/2021,Mexico,Riots,1,19.4175,-98.1101
06/05/2021,Mexico,Riots,2,19.4175,-98.1101
07/10/2021,Mexico,Riots,1,19.4175,-98.1101
08/07/2021,Mexico,Riots,1,19.4175,-98.1101
10/02/2021,Mexico,Riots,1,19.4175,-98.1101
02/05/2022,Mexico,Riots,2,19.4175,-98.1101
04/09/2022,Mexico,Riots,1,19.4175,-98.1101
05/14/2022,Mexico,Riots,1,19.4175,-98.1101
06/11/2022,Mexico,Riots,1,19.4175,-98.1101
07/02/2022,Mexico,Riots,1,19.4175,-98.1101
01/07/2023,Mexico,Riots,1,19.4175,-98.1101
03/11/2023,Mexico,Riots,2,19.4175,-98.1101
03/18/2023,Mexico,Riots,1,19.4175,-98.1101
05/06/2023,Mexico,Riots,1,19.4175,-98.1101
04/06/2024,Mexico,Riots,1,19.4175,-98.1101
09/07/2024,Mexico,Riots,1,19.4175,-98.1101
01/18/2025,Mexico,Riots,1,19.4175,-98.1101
03/29/2025,Mexico,Riots,2,19.4175,-98.1101
04/05/2025,Mexico,Riots,1,19.4175,-98.1101
04/12/2025,Mexico,Riots,1,19.4175,-98.1101
06/07/2025,Mexico,Riots,1,19.4175,-98.1101
06/14/2025,Mexico,Riots,1,19.4175,-98.1101
07/12/2025,Mexico,Riots,1,19.4175,-98.1101
08/30/2025,Mexico,Riots,1,19.4175,-98.1101
01/13/2018,Mexico,Riots,1,19.4175,-98.1101
03/10/2018,Mexico,Riots,1,19.4175,-98.1101
04/28/2018,Mexico,Riots,1,19.4175,-98.1101
08/24/2019,Mexico,Riots,1,19.4175,-98.1101
02/08/2020,Mexico,Riots,1,19.4175,-98.1101
09/12/2020,Mexico,Riots,1,19.4175,-98.1101
11/21/2020,Mexico,Riots,1,19.4175,-98.1101
02/20/2021,Mexico,Riots,1,19.4175,-98.1101
06/05/2021,Mexico,Riots,15,19.4175,-98.1101
08/07/2021,Mexico,Riots,1,19.4175,-98.1101
03/02/2024,Mexico,Riots,1,19.4175,-98.1101
04/26/2025,Mexico,Riots,1,19.4175,-98.1101
04/16/2022,Mexico,Violence against civilians,1,19.4175,-98.1101
03/01/2025,Mexico,Violence against civilians,1,19.4175,-98.1101
01/13/2018,Mexico,Violence against civilians,2,19.4175,-98.1101
01/20/2018,Mexico,Violence against civilians,1,19.4175,-98.1101
01/27/2018,Mexico,Violence against civilians,1,19.4175,-98.1101
02/24/2018,Mexico,Violence against civilians,1,19.4175,-98.1101
03/24/2018,Mexico,Violence against civilians,1,19.4175,-98.1101
04/07/2018,Mexico,Violence against civilians,1,19.4175,-98.1101
05/12/2018,Mexico,Violence against civilians,1,19.4175,-98.1101
07/14/2018,Mexico,Violence against civilians,1,19.4175,-98.1101
07/21/2018,Mexico,Violence against civilians,1,19.4175,-98.1101
08/04/2018,Mexico,Violence against civilians,1,19.4175,-98.1101
09/15/2018,Mexico,Violence against civilians,2,19.4175,-98.1101
10/13/2018,Mexico,Violence against civilians,1,19.4175,-98.1101
12/08/2018,Mexico,Violence against civilians,1,19.4175,-98.1101
02/16/2019,Mexico,Violence against civilians,1,19.4175,-98.1101
03/02/2019,Mexico,Violence against civilians,1,19.4175,-98.1101
03/30/2019,Mexico,Violence against civilians,1,19.4175,-98.1101
06/01/2019,Mexico,Violence against civilians,1,19.4175,-98.1101
06/08/2019,Mexico,Violence against civilians,4,19.4175,-98.1101
07/06/2019,Mexico,Violence against civilians,1,19.4175,-98.1101
09/14/2019,Mexico,Violence against civilians,2,19.4175,-98.1101
10/05/2019,Mexico,Violence against civilians,1,19.4175,-98.1101
10/26/2019,Mexico,Violence against civilians,1,19.4175,-98.1101
12/21/2019,Mexico,Violence against civilians,1,19.4175,-98.1101
02/08/2020,Mexico,Violence against civilians,1,19.4175,-98.1101
05/23/2020,Mexico,Violence against civilians,1,19.4175,-98.1101
08/01/2020,Mexico,Violence against civilians,1,19.4175,-98.1101
08/15/2020,Mexico,Violence against civilians,1,19.4175,-98.1101
09/05/2020,Mexico,Violence against civilians,1,19.4175,-98.1101
09/12/2020,Mexico,Violence against civilians,1,19.4175,-98.1101
09/26/2020,Mexico,Violence against civilians,1,19.4175,-98.1101
10/03/2020,Mexico,Violence against civilians,1,19.4175,-98.1101
11/21/2020,Mexico,Violence against civilians,1,19.4175,-98.1101
05/01/2021,Mexico,Violence against civilians,1,19.4175,-98.1101
05/15/2021,Mexico,Violence against civilians,1,19.4175,-98.1101
05/29/2021,Mexico,Violence against civilians,1,19.4175,-98.1101
06/12/2021,Mexico,Violence against civilians,3,19.4175,-98.1101
06/26/2021,Mexico,Violence against civilians,1,19.4175,-98.1101
07/10/2021,Mexico,Violence against civilians,2,19.4175,-98.1101
07/24/2021,Mexico,Violence against civilians,1,19.4175,-98.1101
08/21/2021,Mexico,Violence against civilians,1,19.4175,-98.1101
09/11/2021,Mexico,Violence against civilians,1,19.4175,-98.1101
10/09/2021,Mexico,Violence against civilians,2,19.4175,-98.1101
11/20/2021,Mexico,Violence against civilians,1,19.4175,-98.1101
12/11/2021,Mexico,Violence against civilians,1,19.4175,-98.1101
12/18/2021,Mexico,Violence against civilians,1,19.4175,-98.1101
01/22/2022,Mexico,Violence against civilians,1,19.4175,-98.1101
01/29/2022,Mexico,Violence against civilians,1,19.4175,-98.1101
02/19/2022,Mexico,Violence against civilians,1,19.4175,-98.1101
03/12/2022,Mexico,Violence against civilians,1,19.4175,-98.1101
03/19/2022,Mexico,Violence against civilians,1,19.4175,-98.1101
03/26/2022,Mexico,Violence against civilians,1,19.4175,-98.1101
04/09/2022,Mexico,Violence against civilians,1,19.4175,-98.1101
04/23/2022,Mexico,Violence against civilians,1,19.4175,-98.1101
05/07/2022,Mexico,Violence against civilians,2,19.4175,-98.1101
07/02/2022,Mexico,Violence against civilians,1,19.4175,-98.1101
10/15/2022,Mexico,Violence against civilians,1,19.4175,-98.1101
02/11/2023,Mexico,Violence against civilians,1,19.4175,-98.1101
03/18/2023,Mexico,Violence against civilians,2,19.4175,-98.1101
04/01/2023,Mexico,Violence against civilians,1,19.4175,-98.1101
05/13/2023,Mexico,Violence against civilians,2,19.4175,-98.1101
06/03/2023,Mexico,Violence against civilians,1,19.4175,-98.1101
06/10/2023,Mexico,Violence against civilians,1,19.4175,-98.1101
09/23/2023,Mexico,Violence against civilians,1,19.4175,-98.1101
10/21/2023,Mexico,Violence against civilians,1,19.4175,-98.1101
12/02/2023,Mexico,Violence against civilians,1,19.4175,-98.1101
03/30/2024,Mexico,Violence against civilians,1,19.4175,-98.1101
04/06/2024,Mexico,Violence against civilians,2,19.4175,-98.1101
07/13/2024,Mexico,Violence against civilians,1,19.4175,-98.1101
07/27/2024,Mexico,Violence against civilians,1,19.4175,-98.1101
08/10/2024,Mexico,Violence against civilians,1,19.4175,-98.1101
08/17/2024,Mexico,Violence against civilians,2,19.4175,-98.1101
09/28/2024,Mexico,Violence against civilians,1,19.4175,-98.1101
10/12/2024,Mexico,Violence against civilians,1,19.4175,-98.1101
01/18/2025,Mexico,Violence against civilians,1,19.4175,-98.1101
02/08/2025,Mexico,Violence against civilians,1,19.4175,-98.1101
04/12/2025,Mexico,Violence against civilians,1,19.4175,-98.1101
05/31/2025,Mexico,Violence against civilians,1,19.4175,-98.1101
06/28/2025,Mexico,Violence against civilians,1,19.4175,-98.1101
08/16/2025,Mexico,Violence against civilians,1,19.4175,-98.1101
09/27/2025,Mexico,Violence against civilians,1,19.4175,-98.1101
02/08/2020,Mexico,Violence against civilians,1,19.4175,-98.1101
07/15/2023,Mexico,Explosions/Remote violence,1,17.9603,-95.1781
08/02/2025,Mexico,Explosions/Remote violence,1,17.9603,-95.1781
08/16/2025,Mexico,Explosions/Remote violence,1,17.9603,-95.1781
09/27/2025,Mexico,Explosions/Remote violence,1,17.9603,-95.1781
10/20/2018,Mexico,Explosions/Remote violence,2,17.9603,-95.1781
05/28/2022,Mexico,Explosions/Remote violence,1,17.9603,-95.1781
12/31/2022,Mexico,Explosions/Remote violence,1,17.9603,-95.1781
05/20/2023,Mexico,Explosions/Remote violence,1,17.9603,-95.1781
06/07/2025,Mexico,Explosions/Remote violence,1,17.9603,-95.1781
10/04/2025,Mexico,Explosions/Remote violence,1,17.9603,-95.1781
06/30/2018,Mexico,Explosions/Remote violence,1,17.9603,-95.1781
02/22/2025,Mexico,Explosions/Remote violence,1,17.9603,-95.1781
03/01/2025,Mexico,Explosions/Remote violence,1,17.9603,-95.1781
03/08/2025,Mexico,Explosions/Remote violence,1,17.9603,-95.1781
01/06/2018,Mexico,Riots,1,17.9603,-95.1781
03/10/2018,Mexico,Riots,2,17.9603,-95.1781
03/17/2018,Mexico,Riots,1,17.9603,-95.1781
03/31/2018,Mexico,Riots,2,17.9603,-95.1781
06/09/2018,Mexico,Riots,1,17.9603,-95.1781
06/30/2018,Mexico,Riots,6,17.9603,-95.1781
07/14/2018,Mexico,Riots,1,17.9603,-95.1781
08/18/2018,Mexico,Riots,1,17.9603,-95.1781
09/01/2018,Mexico,Riots,4,17.9603,-95.1781
09/08/2018,Mexico,Riots,1,17.9603,-95.1781
11/10/2018,Mexico,Riots,1,17.9603,-95.1781
11/24/2018,Mexico,Riots,1,17.9603,-95.1781
12/15/2018,Mexico,Riots,1,17.9603,-95.1781
02/16/2019,Mexico,Riots,2,17.9603,-95.1781
03/02/2019,Mexico,Riots,1,17.9603,-95.1781
03/16/2019,Mexico,Riots,1,17.9603,-95.1781
04/13/2019,Mexico,Riots,1,17.9603,-95.1781
04/27/2019,Mexico,Riots,1,17.9603,-95.1781
07/06/2019,Mexico,Riots,1,17.9603,-95.1781
07/13/2019,Mexico,Riots,1,17.9603,-95.1781
07/20/2019,Mexico,Riots,2,17.9603,-95.1781
08/10/2019,Mexico,Riots,1,17.9603,-95.1781
09/07/2019,Mexico,Riots,1,17.9603,-95.1781
10/26/2019,Mexico,Riots,1,17.9603,-95.1781
11/02/2019,Mexico,Riots,2,17.9603,-95.1781
11/09/2019,Mexico,Riots,1,17.9603,-95.1781
11/16/2019,Mexico,Riots,2,17.9603,-95.1781
11/23/2019,Mexico,Riots,1,17.9603,-95.1781
12/07/2019,Mexico,Riots,2,17.9603,-95.1781
12/28/2019,Mexico,Riots,1,17.9603,-95.1781
02/08/2020,Mexico,Riots,1,17.9603,-95.1781
02/15/2020,Mexico,Riots,1,17.9603,-95.1781
03/07/2020,Mexico,Riots,1,17.9603,-95.1781
03/14/2020,Mexico,Riots,1,17.9603,-95.1781
03/21/2020,Mexico,Riots,1,17.9603,-95.1781
03/28/2020,Mexico,Riots,1,17.9603,-95.1781
05/09/2020,Mexico,Riots,1,17.9603,-95.1781
05/16/2020,Mexico,Riots,2,17.9603,-95.1781
05/23/2020,Mexico,Riots,1,17.9603,-95.1781
06/20/2020,Mexico,Riots,3,17.9603,-95.1781
06/27/2020,Mexico,Riots,2,17.9603,-95.1781
07/04/2020,Mexico,Riots,1,17.9603,-95.1781
07/18/2020,Mexico,Riots,4,17.9603,-95.1781
07/25/2020,Mexico,Riots,3,17.9603,-95.1781
08/22/2020,Mexico,Riots,3,17.9603,-95.1781
08/29/2020,Mexico,Riots,2,17.9603,-95.1781
09/12/2020,Mexico,Riots,1,17.9603,-95.1781
09/26/2020,Mexico,Riots,1,17.9603,-95.1781
10/03/2020,Mexico,Riots,1,17.9603,-95.1781
11/21/2020,Mexico,Riots,2,17.9603,-95.1781
12/05/2020,Mexico,Riots,1,17.9603,-95.1781
12/12/2020,Mexico,Riots,1,17.9603,-95.1781
01/02/2021,Mexico,Riots,1,17.9603,-95.1781
01/09/2021,Mexico,Riots,1,17.9603,-95.1781
01/16/2021,Mexico,Riots,1,17.9603,-95.1781
01/23/2021,Mexico,Riots,2,17.9603,-95.1781
01/30/2021,Mexico,Riots,1,17.9603,-95.1781
02/06/2021,Mexico,Riots,4,17.9603,-95.1781
02/13/2021,Mexico,Riots,1,17.9603,-95.1781
02/27/2021,Mexico,Riots,2,17.9603,-95.1781
03/20/2021,Mexico,Riots,1,17.9603,-95.1781
03/27/2021,Mexico,Riots,1,17.9603,-95.1781
04/03/2021,Mexico,Riots,3,17.9603,-95.1781
04/10/2021,Mexico,Riots,1,17.9603,-95.1781
04/17/2021,Mexico,Riots,1,17.9603,-95.1781
04/24/2021,Mexico,Riots,1,17.9603,-95.1781
05/08/2021,Mexico,Riots,1,17.9603,-95.1781
05/15/2021,Mexico,Riots,2,17.9603,-95.1781
05/22/2021,Mexico,Riots,1,17.9603,-95.1781
06/05/2021,Mexico,Riots,5,17.9603,-95.1781
06/12/2021,Mexico,Riots,1,17.9603,-95.1781
06/26/2021,Mexico,Riots,1,17.9603,-95.1781
07/03/2021,Mexico,Riots,2,17.9603,-95.1781
07/10/2021,Mexico,Riots,1,17.9603,-95.1781
07/24/2021,Mexico,Riots,1,17.9603,-95.1781
08/21/2021,Mexico,Riots,1,17.9603,-95.1781
09/25/2021,Mexico,Riots,1,17.9603,-95.1781
10/02/2021,Mexico,Riots,1,17.9603,-95.1781
10/09/2021,Mexico,Riots,2,17.9603,-95.1781
10/16/2021,Mexico,Riots,2,17.9603,-95.1781
10/23/2021,Mexico,Riots,1,17.9603,-95.1781
10/30/2021,Mexico,Riots,2,17.9603,-95.1781
11/06/2021,Mexico,Riots,1,17.9603,-95.1781
11/13/2021,Mexico,Riots,2,17.9603,-95.1781
11/20/2021,Mexico,Riots,2,17.9603,-95.1781
11/27/2021,Mexico,Riots,1,17.9603,-95.1781
12/04/2021,Mexico,Riots,1,17.9603,-95.1781
12/18/2021,Mexico,Riots,2,17.9603,-95.1781
12/25/2021,Mexico,Riots,1,17.9603,-95.1781
01/08/2022,Mexico,Riots,1,17.9603,-95.1781
01/29/2022,Mexico,Riots,1,17.9603,-95.1781
02/05/2022,Mexico,Riots,2,17.9603,-95.1781
02/26/2022,Mexico,Riots,1,17.9603,-95.1781
04/02/2022,Mexico,Riots,3,17.9603,-95.1781
04/09/2022,Mexico,Riots,3,17.9603,-95.1781
04/23/2022,Mexico,Riots,2,17.9603,-95.1781
05/21/2022,Mexico,Riots,1,17.9603,-95.1781
05/28/2022,Mexico,Riots,1,17.9603,-95.1781
06/04/2022,Mexico,Riots,1,17.9603,-95.1781
06/18/2022,Mexico,Riots,2,17.9603,-95.1781
06/25/2022,Mexico,Riots,1,17.9603,-95.1781
07/09/2022,Mexico,Riots,2,17.9603,-95.1781
07/23/2022,Mexico,Riots,1,17.9603,-95.1781
07/30/2022,Mexico,Riots,2,17.9603,-95.1781
08/27/2022,Mexico,Riots,1,17.9603,-95.1781
09/03/2022,Mexico,Riots,1,17.9603,-95.1781
09/17/2022,Mexico,Riots,1,17.9603,-95.1781
09/24/2022,Mexico,Riots,2,17.9603,-95.1781
10/01/2022,Mexico,Riots,3,17.9603,-95.1781
10/08/2022,Mexico,Riots,2,17.9603,-95.1781
10/15/2022,Mexico,Riots,1,17.9603,-95.1781
11/12/2022,Mexico,Riots,2,17.9603,-95.1781
11/19/2022,Mexico,Riots,1,17.9603,-95.1781
11/26/2022,Mexico,Riots,1,17.9603,-95.1781
12/03/2022,Mexico,Riots,1,17.9603,-95.1781
12/10/2022,Mexico,Riots,1,17.9603,-95.1781
12/31/2022,Mexico,Riots,1,17.9603,-95.1781
01/07/2023,Mexico,Riots,2,17.9603,-95.1781
01/14/2023,Mexico,Riots,2,17.9603,-95.1781
01/28/2023,Mexico,Riots,2,17.9603,-95.1781
02/04/2023,Mexico,Riots,1,17.9603,-95.1781
02/18/2023,Mexico,Riots,1,17.9603,-95.1781
03/25/2023,Mexico,Riots,1,17.9603,-95.1781
04/01/2023,Mexico,Riots,2,17.9603,-95.1781
04/08/2023,Mexico,Riots,2,17.9603,-95.1781
05/20/2023,Mexico,Riots,1,17.9603,-95.1781
05/27/2023,Mexico,Riots,3,17.9603,-95.1781
06/24/2023,Mexico,Riots,1,17.9603,-95.1781
07/08/2023,Mexico,Riots,1,17.9603,-95.1781
08/26/2023,Mexico,Riots,2,17.9603,-95.1781
09/23/2023,Mexico,Riots,1,17.9603,-95.1781
12/09/2023,Mexico,Riots,1,17.9603,-95.1781
12/23/2023,Mexico,Riots,1,17.9603,-95.1781
01/13/2024,Mexico,Riots,2,17.9603,-95.1781
01/20/2024,Mexico,Riots,1,17.9603,-95.1781
02/03/2024,Mexico,Riots,1,17.9603,-95.1781
03/30/2024,Mexico,Riots,1,17.9603,-95.1781
05/11/2024,Mexico,Riots,1,17.9603,-95.1781
05/18/2024,Mexico,Riots,3,17.9603,-95.1781
05/25/2024,Mexico,Riots,1,17.9603,-95.1781
06/01/2024,Mexico,Riots,1,17.9603,-95.1781
06/15/2024,Mexico,Riots,1,17.9603,-95.1781
06/29/2024,Mexico,Riots,1,17.9603,-95.1781
07/13/2024,Mexico,Riots,1,17.9603,-95.1781
07/20/2024,Mexico,Riots,1,17.9603,-95.1781
07/27/2024,Mexico,Riots,1,17.9603,-95.1781
08/31/2024,Mexico,Riots,1,17.9603,-95.1781
09/07/2024,Mexico,Riots,2,17.9603,-95.1781
09/21/2024,Mexico,Riots,1,17.9603,-95.1781
09/28/2024,Mexico,Riots,1,17.9603,-95.1781
10/12/2024,Mexico,Riots,1,17.9603,-95.1781
11/16/2024,Mexico,Riots,1,17.9603,-95.1781
12/21/2024,Mexico,Riots,1,17.9603,-95.1781
01/04/2025,Mexico,Riots,1,17.9603,-95.1781
01/18/2025,Mexico,Riots,1,17.9603,-95.1781
01/25/2025,Mexico,Riots,1,17.9603,-95.1781
02/01/2025,Mexico,Riots,1,17.9603,-95.1781
03/01/2025,Mexico,Riots,1,17.9603,-95.1781
03/08/2025,Mexico,Riots,2,17.9603,-95.1781
04/05/2025,Mexico,Riots,2,17.9603,-95.1781
04/12/2025,Mexico,Riots,1,17.9603,-95.1781
05/03/2025,Mexico,Riots,1,17.9603,-95.1781
05/10/2025,Mexico,Riots,1,17.9603,-95.1781
05/24/2025,Mexico,Riots,1,17.9603,-95.1781
05/31/2025,Mexico,Riots,12,17.9603,-95.1781
06/21/2025,Mexico,Riots,1,17.9603,-95.1781
06/28/2025,Mexico,Riots,4,17.9603,-95.1781
08/02/2025,Mexico,Riots,3,17.9603,-95.1781
08/09/2025,Mexico,Riots,1,17.9603,-95.1781
10/04/2025,Mexico,Riots,1,17.9603,-95.1781
10/11/2025,Mexico,Riots,2,17.9603,-95.1781
03/10/2018,Mexico,Riots,2,17.9603,-95.1781
06/02/2018,Mexico,Riots,1,17.9603,-95.1781
09/08/2018,Mexico,Riots,1,17.9603,-95.1781
09/29/2018,Mexico,Riots,1,17.9603,-95.1781
10/06/2018,Mexico,Riots,3,17.9603,-95.1781
11/03/2018,Mexico,Riots,1,17.9603,-95.1781
02/23/2019,Mexico,Riots,1,17.9603,-95.1781
07/27/2019,Mexico,Riots,1,17.9603,-95.1781
08/03/2019,Mexico,Riots,2,17.9603,-95.1781
09/28/2019,Mexico,Riots,1,17.9603,-95.1781
10/19/2019,Mexico,Riots,1,17.9603,-95.1781
11/30/2019,Mexico,Riots,1,17.9603,-95.1781
12/14/2019,Mexico,Riots,1,17.9603,-95.1781
02/08/2020,Mexico,Riots,1,17.9603,-95.1781
05/23/2020,Mexico,Riots,1,17.9603,-95.1781
06/06/2020,Mexico,Riots,2,17.9603,-95.1781
06/20/2020,Mexico,Riots,1,17.9603,-95.1781
07/25/2020,Mexico,Riots,2,17.9603,-95.1781
09/05/2020,Mexico,Riots,1,17.9603,-95.1781
11/21/2020,Mexico,Riots,1,17.9603,-95.1781
01/23/2021,Mexico,Riots,1,17.9603,-95.1781
03/06/2021,Mexico,Riots,1,17.9603,-95.1781
06/05/2021,Mexico,Riots,1,17.9603,-95.1781
06/19/2021,Mexico,Riots,1,17.9603,-95.1781
06/26/2021,Mexico,Riots,1,17.9603,-95.1781
07/03/2021,Mexico,Riots,2,17.9603,-95.1781
08/21/2021,Mexico,Riots,1,17.9603,-95.1781
09/04/2021,Mexico,Riots,1,17.9603,-95.1781
10/30/2021,Mexico,Riots,1,17.9603,-95.1781
11/13/2021,Mexico,Riots,1,17.9603,-95.1781
11/27/2021,Mexico,Riots,1,17.9603,-95.1781
01/22/2022,Mexico,Riots,1,17.9603,-95.1781
03/05/2022,Mexico,Riots,1,17.9603,-95.1781
04/02/2022,Mexico,Riots,1,17.9603,-95.1781
04/16/2022,Mexico,Riots,1,17.9603,-95.1781
05/21/2022,Mexico,Riots,1,17.9603,-95.1781
06/11/2022,Mexico,Riots,1,17.9603,-95.1781
07/09/2022,Mexico,Riots,1,17.9603,-95.1781
07/23/2022,Mexico,Riots,1,17.9603,-95.1781
08/13/2022,Mexico,Riots,1,17.9603,-95.1781
08/20/2022,Mexico,Riots,1,17.9603,-95.1781
11/19/2022,Mexico,Riots,1,17.9603,-95.1781
01/07/2023,Mexico,Riots,1,17.9603,-95.1781
01/14/2023,Mexico,Riots,1,17.9603,-95.1781
02/04/2023,Mexico,Riots,1,17.9603,-95.1781
05/13/2023,Mexico,Riots,2,17.9603,-95.1781
06/10/2023,Mexico,Riots,1,17.9603,-95.1781
06/24/2023,Mexico,Riots,1,17.9603,-95.1781
07/01/2023,Mexico,Riots,1,17.9603,-95.1781
07/08/2023,Mexico,Riots,1,17.9603,-95.1781
07/22/2023,Mexico,Riots,1,17.9603,-95.1781
08/05/2023,Mexico,Riots,1,17.9603,-95.1781
08/19/2023,Mexico,Riots,1,17.9603,-95.1781
09/30/2023,Mexico,Riots,1,17.9603,-95.1781
12/09/2023,Mexico,Riots,1,17.9603,-95.1781
01/27/2024,Mexico,Riots,1,17.9603,-95.1781
03/09/2024,Mexico,Riots,2,17.9603,-95.1781
05/18/2024,Mexico,Riots,1,17.9603,-95.1781
06/01/2024,Mexico,Riots,2,17.9603,-95.1781
06/08/2024,Mexico,Riots,1,17.9603,-95.1781
06/22/2024,Mexico,Riots,1,17.9603,-95.1781
08/10/2024,Mexico,Riots,1,17.9603,-95.1781
08/17/2024,Mexico,Riots,2,17.9603,-95.1781
09/14/2024,Mexico,Riots,1,17.9603,-95.1781
10/26/2024,Mexico,Riots,1,17.9603,-95.1781
11/16/2024,Mexico,Riots,1,17.9603,-95.1781
12/28/2024,Mexico,Riots,1,17.9603,-95.1781
03/08/2025,Mexico,Riots,1,17.9603,-95.1781
05/10/2025,Mexico,Riots,1,17.9603,-95.1781
06/07/2025,Mexico,Riots,1,17.9603,-95.1781
06/28/2025,Mexico,Riots,1,17.9603,-95.1781
09/13/2025,Mexico,Riots,2,17.9603,-95.1781
10/18/2025,Mexico,Riots,2,17.9603,-95.1781
01/13/2018,Mexico,Violence against civilians,2,17.9603,-95.1781
01/20/2018,Mexico,Violence against civilians,1,17.9603,-95.1781
02/10/2018,Mexico,Violence against civilians,3,17.9603,-95.1781
02/24/2018,Mexico,Violence against civilians,1,17.9603,-95.1781
03/03/2018,Mexico,Violence against civilians,1,17.9603,-95.1781
03/17/2018,Mexico,Violence against civilians,1,17.9603,-95.1781
04/07/2018,Mexico,Violence against civilians,1,17.9603,-95.1781
04/28/2018,Mexico,Violence against civilians,2,17.9603,-95.1781
06/02/2018,Mexico,Violence against civilians,2,17.9603,-95.1781
06/16/2018,Mexico,Violence against civilians,1,17.9603,-95.1781
06/30/2018,Mexico,Violence against civilians,1,17.9603,-95.1781
07/07/2018,Mexico,Violence against civilians,1,17.9603,-95.1781
07/14/2018,Mexico,Violence against civilians,2,17.9603,-95.1781
08/11/2018,Mexico,Violence against civilians,1,17.9603,-95.1781
08/18/2018,Mexico,Violence against civilians,1,17.9603,-95.1781
09/08/2018,Mexico,Violence against civilians,2,17.9603,-95.1781
09/15/2018,Mexico,Violence against civilians,1,17.9603,-95.1781
09/29/2018,Mexico,Violence against civilians,3,17.9603,-95.1781
11/10/2018,Mexico,Violence against civilians,2,17.9603,-95.1781
12/08/2018,Mexico,Violence against civilians,1,17.9603,-95.1781
12/22/2018,Mexico,Violence against civilians,2,17.9603,-95.1781
12/29/2018,Mexico,Violence against civilians,1,17.9603,-95.1781
01/12/2019,Mexico,Violence against civilians,2,17.9603,-95.1781
01/19/2019,Mexico,Violence against civilians,1,17.9603,-95.1781
02/02/2019,Mexico,Violence against civilians,1,17.9603,-95.1781
02/16/2019,Mexico,Violence against civilians,3,17.9603,-95.1781
02/23/2019,Mexico,Violence against civilians,1,17.9603,-95.1781
03/23/2019,Mexico,Violence against civilians,1,17.9603,-95.1781
03/30/2019,Mexico,Violence against civilians,3,17.9603,-95.1781
04/06/2019,Mexico,Violence against civilians,2,17.9603,-95.1781
04/13/2019,Mexico,Violence against civilians,1,17.9603,-95.1781
04/20/2019,Mexico,Violence against civilians,1,17.9603,-95.1781
04/27/2019,Mexico,Violence against civilians,2,17.9603,-95.1781
05/04/2019,Mexico,Violence against civilians,2,17.9603,-95.1781
05/25/2019,Mexico,Violence against civilians,2,17.9603,-95.1781
06/08/2019,Mexico,Violence against civilians,2,17.9603,-95.1781
06/15/2019,Mexico,Violence against civilians,3,17.9603,-95.1781
06/22/2019,Mexico,Violence against civilians,1,17.9603,-95.1781
06/29/2019,Mexico,Violence against civilians,1,17.9603,-95.1781
07/13/2019,Mexico,Violence against civilians,1,17.9603,-95.1781
07/20/2019,Mexico,Violence against civilians,2,17.9603,-95.1781
08/03/2019,Mexico,Violence against civilians,1,17.9603,-95.1781
08/10/2019,Mexico,Violence against civilians,3,17.9603,-95.1781
08/24/2019,Mexico,Violence against civilians,1,17.9603,-95.1781
08/31/2019,Mexico,Violence against civilians,1,17.9603,-95.1781
09/07/2019,Mexico,Violence against civilians,1,17.9603,-95.1781
09/21/2019,Mexico,Violence against civilians,1,17.9603,-95.1781
09/28/2019,Mexico,Violence against civilians,1,17.9603,-95.1781
10/05/2019,Mexico,Violence against civilians,1,17.9603,-95.1781
11/02/2019,Mexico,Violence against civilians,3,17.9603,-95.1781
11/23/2019,Mexico,Violence against civilians,4,17.9603,-95.1781
11/30/2019,Mexico,Violence against civilians,1,17.9603,-95.1781
12/28/2019,Mexico,Violence against civilians,1,17.9603,-95.1781
01/04/2020,Mexico,Violence against civilians,1,17.9603,-95.1781
01/11/2020,Mexico,Violence against civilians,1,17.9603,-95.1781
02/01/2020,Mexico,Violence against civilians,1,17.9603,-95.1781
02/15/2020,Mexico,Violence against civilians,1,17.9603,-95.1781
02/22/2020,Mexico,Violence against civilians,1,17.9603,-95.1781
03/07/2020,Mexico,Violence against civilians,1,17.9603,-95.1781
04/11/2020,Mexico,Violence against civilians,1,17.9603,-95.1781
04/25/2020,Mexico,Violence against civilians,1,17.9603,-95.1781
05/16/2020,Mexico,Violence against civilians,1,17.9603,-95.1781
05/23/2020,Mexico,Violence against civilians,1,17.9603,-95.1781
06/27/2020,Mexico,Violence against civilians,1,17.9603,-95.1781
07/04/2020,Mexico,Violence against civilians,1,17.9603,-95.1781
07/11/2020,Mexico,Violence against civilians,2,17.9603,-95.1781
08/22/2020,Mexico,Violence against civilians,1,17.9603,-95.1781
09/05/2020,Mexico,Violence against civilians,1,17.9603,-95.1781
09/19/2020,Mexico,Violence against civilians,1,17.9603,-95.1781
10/10/2020,Mexico,Violence against civilians,1,17.9603,-95.1781
10/31/2020,Mexico,Violence against civilians,1,17.9603,-95.1781
11/07/2020,Mexico,Violence against civilians,1,17.9603,-95.1781
11/14/2020,Mexico,Violence against civilians,1,17.9603,-95.1781
11/21/2020,Mexico,Violence against civilians,1,17.9603,-95.1781
11/28/2020,Mexico,Violence against civilians,1,17.9603,-95.1781
12/12/2020,Mexico,Violence against civilians,2,17.9603,-95.1781
01/02/2021,Mexico,Violence against civilians,1,17.9603,-95.1781
01/09/2021,Mexico,Violence against civilians,5,17.9603,-95.1781
01/16/2021,Mexico,Violence against civilians,1,17.9603,-95.1781
01/23/2021,Mexico,Violence against civilians,1,17.9603,-95.1781
02/06/2021,Mexico,Violence against civilians,1,17.9603,-95.1781
03/13/2021,Mexico,Violence against civilians,2,17.9603,-95.1781
03/20/2021,Mexico,Violence against civilians,3,17.9603,-95.1781
04/10/2021,Mexico,Violence against civilians,3,17.9603,-95.1781
04/24/2021,Mexico,Violence against civilians,1,17.9603,-95.1781
05/08/2021,Mexico,Violence against civilians,2,17.9603,-95.1781
05/15/2021,Mexico,Violence against civilians,1,17.9603,-95.1781
05/22/2021,Mexico,Violence against civilians,1,17.9603,-95.1781
06/05/2021,Mexico,Violence against civilians,1,17.9603,-95.1781
06/26/2021,Mexico,Violence against civilians,1,17.9603,-95.1781
07/03/2021,Mexico,Violence against civilians,1,17.9603,-95.1781
07/17/2021,Mexico,Violence against civilians,1,17.9603,-95.1781
07/31/2021,Mexico,Violence against civilians,1,17.9603,-95.1781
08/07/2021,Mexico,Violence against civilians,3,17.9603,-95.1781
09/04/2021,Mexico,Violence against civilians,1,17.9603,-95.1781
09/25/2021,Mexico,Violence against civilians,1,17.9603,-95.1781
10/09/2021,Mexico,Violence against civilians,1,17.9603,-95.1781
10/23/2021,Mexico,Violence against civilians,1,17.9603,-95.1781
10/30/2021,Mexico,Violence against civilians,1,17.9603,-95.1781
12/04/2021,Mexico,Violence against civilians,1,17.9603,-95.1781
12/18/2021,Mexico,Violence against civilians,1,17.9603,-95.1781
12/25/2021,Mexico,Violence against civilians,2,17.9603,-95.1781
01/01/2022,Mexico,Violence against civilians,1,17.9603,-95.1781
01/29/2022,Mexico,Violence against civilians,3,17.9603,-95.1781
02/19/2022,Mexico,Violence against civilians,2,17.9603,-95.1781
03/05/2022,Mexico,Violence against civilians,1,17.9603,-95.1781
03/12/2022,Mexico,Violence against civilians,1,17.9603,-95.1781
03/26/2022,Mexico,Violence against civilians,2,17.9603,-95.1781
04/09/2022,Mexico,Violence against civilians,1,17.9603,-95.1781
05/28/2022,Mexico,Violence against civilians,1,17.9603,-95.1781
06/11/2022,Mexico,Violence against civilians,1,17.9603,-95.1781
06/25/2022,Mexico,Violence against civilians,3,17.9603,-95.1781
07/02/2022,Mexico,Violence against civilians,1,17.9603,-95.1781
07/09/2022,Mexico,Violence against civilians,1,17.9603,-95.1781
07/16/2022,Mexico,Violence against civilians,1,17.9603,-95.1781
08/27/2022,Mexico,Violence against civilians,4,17.9603,-95.1781
09/03/2022,Mexico,Violence against civilians,1,17.9603,-95.1781
10/15/2022,Mexico,Violence against civilians,1,17.9603,-95.1781
11/19/2022,Mexico,Violence against civilians,2,17.9603,-95.1781
11/26/2022,Mexico,Violence against civilians,2,17.9603,-95.1781
03/04/2023,Mexico,Violence against civilians,2,17.9603,-95.1781
04/01/2023,Mexico,Violence against civilians,1,17.9603,-95.1781
05/13/2023,Mexico,Violence against civilians,1,17.9603,-95.1781
05/20/2023,Mexico,Violence against civilians,1,17.9603,-95.1781
06/24/2023,Mexico,Violence against civilians,1,17.9603,-95.1781
07/08/2023,Mexico,Violence against civilians,1,17.9603,-95.1781
09/23/2023,Mexico,Violence against civilians,2,17.9603,-95.1781
10/21/2023,Mexico,Violence against civilians,2,17.9603,-95.1781
12/02/2023,Mexico,Violence against civilians,1,17.9603,-95.1781
01/06/2024,Mexico,Violence against civilians,2,17.9603,-95.1781
01/20/2024,Mexico,Violence against civilians,1,17.9603,-95.1781
02/17/2024,Mexico,Violence against civilians,2,17.9603,-95.1781
03/09/2024,Mexico,Violence against civilians,1,17.9603,-95.1781
03/30/2024,Mexico,Violence against civilians,2,17.9603,-95.1781
04/20/2024,Mexico,Violence against civilians,1,17.9603,-95.1781
05/18/2024,Mexico,Violence against civilians,1,17.9603,-95.1781
06/01/2024,Mexico,Violence against civilians,1,17.9603,-95.1781
06/08/2024,Mexico,Violence against civilians,1,17.9603,-95.1781
06/22/2024,Mexico,Violence against civilians,1,17.9603,-95.1781
06/29/2024,Mexico,Violence against civilians,3,17.9603,-95.1781
07/06/2024,Mexico,Violence against civilians,1,17.9603,-95.1781
07/13/2024,Mexico,Violence against civilians,1,17.9603,-95.1781
08/24/2024,Mexico,Violence against civilians,1,17.9603,-95.1781
10/05/2024,Mexico,Violence against civilians,1,17.9603,-95.1781
10/12/2024,Mexico,Violence against civilians,1,17.9603,-95.1781
11/02/2024,Mexico,Violence against civilians,4,17.9603,-95.1781
11/23/2024,Mexico,Violence against civilians,2,17.9603,-95.1781
11/30/2024,Mexico,Violence against civilians,3,17.9603,-95.1781
01/18/2025,Mexico,Violence against civilians,2,17.9603,-95.1781
01/25/2025,Mexico,Violence against civilians,2,17.9603,-95.1781
02/08/2025,Mexico,Violence against civilians,1,17.9603,-95.1781
02/22/2025,Mexico,Violence against civilians,1,17.9603,-95.1781
03/01/2025,Mexico,Violence against civilians,2,17.9603,-95.1781
03/15/2025,Mexico,Violence against civilians,1,17.9603,-95.1781
04/05/2025,Mexico,Violence against civilians,1,17.9603,-95.1781
04/12/2025,Mexico,Violence against civilians,1,17.9603,-95.1781
04/26/2025,Mexico,Violence against civilians,2,17.9603,-95.1781
05/17/2025,Mexico,Violence against civilians,1,17.9603,-95.1781
05/24/2025,Mexico,Violence against civilians,1,17.9603,-95.1781
06/14/2025,Mexico,Violence against civilians,1,17.9603,-95.1781
07/19/2025,Mexico,Violence against civilians,1,17.9603,-95.1781
07/26/2025,Mexico,Violence against civilians,1,17.9603,-95.1781
08/16/2025,Mexico,Violence against civilians,2,17.9603,-95.1781
08/30/2025,Mexico,Violence against civilians,1,17.9603,-95.1781
09/06/2025,Mexico,Violence against civilians,1,17.9603,-95.1781
10/18/2025,Mexico,Violence against civilians,1,17.9603,-95.1781
12/30/2017,Mexico,Violence against civilians,4,17.9603,-95.1781
01/06/2018,Mexico,Violence against civilians,10,17.9603,-95.1781
01/13/2018,Mexico,Violence against civilians,8,17.9603,-95.1781
01/20/2018,Mexico,Violence against civilians,2,17.9603,-95.1781
01/27/2018,Mexico,Violence against civilians,9,17.9603,-95.1781
02/03/2018,Mexico,Violence against civilians,3,17.9603,-95.1781
02/10/2018,Mexico,Violence against civilians,4,17.9603,-95.1781
02/17/2018,Mexico,Violence against civilians,7,17.9603,-95.1781
02/24/2018,Mexico,Violence against civilians,6,17.9603,-95.1781
03/03/2018,Mexico,Violence against civilians,3,17.9603,-95.1781
03/10/2018,Mexico,Violence against civilians,6,17.9603,-95.1781
03/17/2018,Mexico,Violence against civilians,6,17.9603,-95.1781
03/24/2018,Mexico,Violence against civilians,3,17.9603,-95.1781
03/31/2018,Mexico,Violence against civilians,5,17.9603,-95.1781
04/07/2018,Mexico,Violence against civilians,7,17.9603,-95.1781
04/14/2018,Mexico,Violence against civilians,5,17.9603,-95.1781
04/21/2018,Mexico,Violence against civilians,3,17.9603,-95.1781
04/28/2018,Mexico,Violence against civilians,2,17.9603,-95.1781
05/05/2018,Mexico,Violence against civilians,1,17.9603,-95.1781
05/12/2018,Mexico,Violence against civilians,12,17.9603,-95.1781
05/19/2018,Mexico,Violence against civilians,5,17.9603,-95.1781
05/26/2018,Mexico,Violence against civilians,4,17.9603,-95.1781
06/02/2018,Mexico,Violence against civilians,4,17.9603,-95.1781
06/09/2018,Mexico,Violence against civilians,4,17.9603,-95.1781
06/16/2018,Mexico,Violence against civilians,7,17.9603,-95.1781
06/23/2018,Mexico,Violence against civilians,6,17.9603,-95.1781
06/30/2018,Mexico,Violence against civilians,5,17.9603,-95.1781
07/07/2018,Mexico,Violence against civilians,5,17.9603,-95.1781
07/14/2018,Mexico,Violence against civilians,3,17.9603,-95.1781
07/21/2018,Mexico,Violence against civilians,5,17.9603,-95.1781
07/28/2018,Mexico,Violence against civilians,6,17.9603,-95.1781
08/04/2018,Mexico,Violence against civilians,6,17.9603,-95.1781
08/11/2018,Mexico,Violence against civilians,4,17.9603,-95.1781
08/18/2018,Mexico,Violence against civilians,2,17.9603,-95.1781
08/25/2018,Mexico,Violence against civilians,6,17.9603,-95.1781
09/01/2018,Mexico,Violence against civilians,3,17.9603,-95.1781
09/08/2018,Mexico,Violence against civilians,2,17.9603,-95.1781
09/15/2018,Mexico,Violence against civilians,6,17.9603,-95.1781
09/22/2018,Mexico,Violence against civilians,1,17.9603,-95.1781
09/29/2018,Mexico,Violence against civilians,4,17.9603,-95.1781
10/06/2018,Mexico,Violence against civilians,3,17.9603,-95.1781
10/13/2018,Mexico,Violence against civilians,4,17.9603,-95.1781
10/20/2018,Mexico,Violence against civilians,1,17.9603,-95.1781
10/27/2018,Mexico,Violence against civilians,9,17.9603,-95.1781
11/03/2018,Mexico,Violence against civilians,8,17.9603,-95.1781
11/10/2018,Mexico,Violence against civilians,6,17.9603,-95.1781
11/17/2018,Mexico,Violence against civilians,6,17.9603,-95.1781
11/24/2018,Mexico,Violence against civilians,4,17.9603,-95.1781
12/01/2018,Mexico,Violence against civilians,6,17.9603,-95.1781
12/08/2018,Mexico,Violence against civilians,6,17.9603,-95.1781
12/15/2018,Mexico,Violence against civilians,1,17.9603,-95.1781
12/22/2018,Mexico,Violence against civilians,4,17.9603,-95.1781
12/29/2018,Mexico,Violence against civilians,7,17.9603,-95.1781
01/05/2019,Mexico,Violence against civilians,3,17.9603,-95.1781
01/12/2019,Mexico,Violence against civilians,6,17.9603,-95.1781
01/19/2019,Mexico,Violence against civilians,5,17.9603,-95.1781
01/26/2019,Mexico,Violence against civilians,2,17.9603,-95.1781
02/02/2019,Mexico,Violence against civilians,12,17.9603,-95.1781
02/09/2019,Mexico,Violence against civilians,5,17.9603,-95.1781
02/16/2019,Mexico,Violence against civilians,5,17.9603,-95.1781
02/23/2019,Mexico,Violence against civilians,6,17.9603,-95.1781
03/02/2019,Mexico,Violence against civilians,7,17.9603,-95.1781
03/09/2019,Mexico,Violence against civilians,1,17.9603,-95.1781
03/16/2019,Mexico,Violence against civilians,5,17.9603,-95.1781
03/23/2019,Mexico,Violence against civilians,8,17.9603,-95.1781
03/30/2019,Mexico,Violence against civilians,8,17.9603,-95.1781
04/06/2019,Mexico,Violence against civilians,5,17.9603,-95.1781
04/13/2019,Mexico,Violence against civilians,8,17.9603,-95.1781
04/20/2019,Mexico,Violence against civilians,1,17.9603,-95.1781
04/27/2019,Mexico,Violence against civilians,1,17.9603,-95.1781
05/04/2019,Mexico,Violence against civilians,5,17.9603,-95.1781
05/11/2019,Mexico,Violence against civilians,4,17.9603,-95.1781
05/18/2019,Mexico,Violence against civilians,6,17.9603,-95.1781
05/25/2019,Mexico,Violence against civilians,6,17.9603,-95.1781
06/01/2019,Mexico,Violence against civilians,4,17.9603,-95.1781
06/08/2019,Mexico,Violence against civilians,2,17.9603,-95.1781
06/15/2019,Mexico,Violence against civilians,4,17.9603,-95.1781
06/22/2019,Mexico,Violence against civilians,10,17.9603,-95.1781
06/29/2019,Mexico,Violence against civilians,7,17.9603,-95.1781
07/06/2019,Mexico,Violence against civilians,13,17.9603,-95.1781
07/13/2019,Mexico,Violence against civilians,10,17.9603,-95.1781
07/20/2019,Mexico,Violence against civilians,8,17.9603,-95.1781
07/27/2019,Mexico,Violence against civilians,7,17.9603,-95.1781
08/03/2019,Mexico,Violence against civilians,8,17.9603,-95.1781
08/10/2019,Mexico,Violence against civilians,10,17.9603,-95.1781
08/17/2019,Mexico,Violence against civilians,7,17.9603,-95.1781
08/24/2019,Mexico,Violence against civilians,8,17.9603,-95.1781
08/31/2019,Mexico,Violence against civilians,5,17.9603,-95.1781
09/07/2019,Mexico,Violence against civilians,7,17.9603,-95.1781
09/14/2019,Mexico,Violence against civilians,3,17.9603,-95.1781
09/21/2019,Mexico,Violence against civilians,7,17.9603,-95.1781
09/28/2019,Mexico,Violence against civilians,6,17.9603,-95.1781
10/05/2019,Mexico,Violence against civilians,6,17.9603,-95.1781
10/12/2019,Mexico,Violence against civilians,8,17.9603,-95.1781
10/19/2019,Mexico,Violence against civilians,9,17.9603,-95.1781
10/26/2019,Mexico,Violence against civilians,4,17.9603,-95.1781
11/02/2019,Mexico,Violence against civilians,6,17.9603,-95.1781
11/09/2019,Mexico,Violence against civilians,4,17.9603,-95.1781
11/16/2019,Mexico,Violence against civilians,1,17.9603,-95.1781
11/23/2019,Mexico,Violence against civilians,8,17.9603,-95.1781
11/30/2019,Mexico,Violence against civilians,1,17.9603,-95.1781
12/07/2019,Mexico,Violence against civilians,5,17.9603,-95.1781
12/14/2019,Mexico,Violence against civilians,5,17.9603,-95.1781
12/21/2019,Mexico,Violence against civilians,1,17.9603,-95.1781
12/28/2019,Mexico,Violence against civilians,1,17.9603,-95.1781
01/04/2020,Mexico,Violence against civilians,2,17.9603,-95.1781
01/11/2020,Mexico,Violence against civilians,1,17.9603,-95.1781
01/18/2020,Mexico,Violence against civilians,6,17.9603,-95.1781
01/25/2020,Mexico,Violence against civilians,6,17.9603,-95.1781
02/01/2020,Mexico,Violence against civilians,2,17.9603,-95.1781
02/08/2020,Mexico,Violence against civilians,5,17.9603,-95.1781
02/15/2020,Mexico,Violence against civilians,6,17.9603,-95.1781
02/22/2020,Mexico,Violence against civilians,5,17.9603,-95.1781
02/29/2020,Mexico,Violence against civilians,4,17.9603,-95.1781
03/07/2020,Mexico,Violence against civilians,8,17.9603,-95.1781
03/14/2020,Mexico,Violence against civilians,7,17.9603,-95.1781
03/21/2020,Mexico,Violence against civilians,5,17.9603,-95.1781
03/28/2020,Mexico,Violence against civilians,7,17.9603,-95.1781
04/04/2020,Mexico,Violence against civilians,6,17.9603,-95.1781
04/11/2020,Mexico,Violence against civilians,9,17.9603,-95.1781
04/18/2020,Mexico,Violence against civilians,6,17.9603,-95.1781
04/25/2020,Mexico,Violence against civilians,2,17.9603,-95.1781
05/02/2020,Mexico,Violence against civilians,6,17.9603,-95.1781
05/09/2020,Mexico,Violence against civilians,5,17.9603,-95.1781
05/16/2020,Mexico,Violence against civilians,7,17.9603,-95.1781
05/23/2020,Mexico,Violence against civilians,7,17.9603,-95.1781
05/30/2020,Mexico,Violence against civilians,9,17.9603,-95.1781
06/06/2020,Mexico,Violence against civilians,10,17.9603,-95.1781
06/13/2020,Mexico,Violence against civilians,5,17.9603,-95.1781
06/20/2020,Mexico,Violence against civilians,12,17.9603,-95.1781
06/27/2020,Mexico,Violence against civilians,9,17.9603,-95.1781
07/04/2020,Mexico,Violence against civilians,10,17.9603,-95.1781
07/11/2020,Mexico,Violence against civilians,3,17.9603,-95.1781
07/18/2020,Mexico,Violence against civilians,10,17.9603,-95.1781
07/25/2020,Mexico,Violence against civilians,4,17.9603,-95.1781
08/01/2020,Mexico,Violence against civilians,5,17.9603,-95.1781
08/08/2020,Mexico,Violence against civilians,9,17.9603,-95.1781
08/15/2020,Mexico,Violence against civilians,6,17.9603,-95.1781
08/22/2020,Mexico,Violence against civilians,13,17.9603,-95.1781
08/29/2020,Mexico,Violence against civilians,4,17.9603,-95.1781
09/05/2020,Mexico,Violence against civilians,6,17.9603,-95.1781
09/12/2020,Mexico,Violence against civilians,5,17.9603,-95.1781
09/19/2020,Mexico,Violence against civilians,7,17.9603,-95.1781
09/26/2020,Mexico,Violence against civilians,3,17.9603,-95.1781
10/03/2020,Mexico,Violence against civilians,6,17.9603,-95.1781
10/10/2020,Mexico,Violence against civilians,1,17.9603,-95.1781
10/17/2020,Mexico,Violence against civilians,8,17.9603,-95.1781
10/24/2020,Mexico,Violence against civilians,2,17.9603,-95.1781
10/31/2020,Mexico,Violence against civilians,4,17.9603,-95.1781
11/07/2020,Mexico,Violence against civilians,6,17.9603,-95.1781
11/14/2020,Mexico,Violence against civilians,14,17.9603,-95.1781
11/21/2020,Mexico,Violence against civilians,8,17.9603,-95.1781
11/28/2020,Mexico,Violence against civilians,15,17.9603,-95.1781
12/05/2020,Mexico,Violence against civilians,5,17.9603,-95.1781
12/12/2020,Mexico,Violence against civilians,8,17.9603,-95.1781
12/19/2020,Mexico,Violence against civilians,9,17.9603,-95.1781
12/26/2020,Mexico,Violence against civilians,13,17.9603,-95.1781
01/02/2021,Mexico,Violence against civilians,9,17.9603,-95.1781
01/09/2021,Mexico,Violence against civilians,12,17.9603,-95.1781
01/16/2021,Mexico,Violence against civilians,6,17.9603,-95.1781
01/23/2021,Mexico,Violence against civilians,4,17.9603,-95.1781
01/30/2021,Mexico,Violence against civilians,5,17.9603,-95.1781
02/06/2021,Mexico,Violence against civilians,8,17.9603,-95.1781
02/13/2021,Mexico,Violence against civilians,7,17.9603,-95.1781
02/20/2021,Mexico,Violence against civilians,7,17.9603,-95.1781
02/27/2021,Mexico,Violence against civilians,4,17.9603,-95.1781
03/06/2021,Mexico,Violence against civilians,6,17.9603,-95.1781
03/13/2021,Mexico,Violence against civilians,5,17.9603,-95.1781
03/20/2021,Mexico,Violence against civilians,7,17.9603,-95.1781
03/27/2021,Mexico,Violence against civilians,9,17.9603,-95.1781
04/03/2021,Mexico,Violence against civilians,5,17.9603,-95.1781
04/10/2021,Mexico,Violence against civilians,11,17.9603,-95.1781
04/17/2021,Mexico,Violence against civilians,4,17.9603,-95.1781
04/24/2021,Mexico,Violence against civilians,4,17.9603,-95.1781
05/01/2021,Mexico,Violence against civilians,3,17.9603,-95.1781
05/08/2021,Mexico,Violence against civilians,8,17.9603,-95.1781
05/15/2021,Mexico,Violence against civilians,5,17.9603,-95.1781
05/22/2021,Mexico,Violence against civilians,6,17.9603,-95.1781
05/29/2021,Mexico,Violence against civilians,12,17.9603,-95.1781
06/05/2021,Mexico,Violence against civilians,5,17.9603,-95.1781
06/12/2021,Mexico,Violence against civilians,9,17.9603,-95.1781
06/19/2021,Mexico,Violence against civilians,1,17.9603,-95.1781
06/26/2021,Mexico,Violence against civilians,7,17.9603,-95.1781
07/03/2021,Mexico,Violence against civilians,3,17.9603,-95.1781
07/10/2021,Mexico,Violence against civilians,2,17.9603,-95.1781
07/17/2021,Mexico,Violence against civilians,3,17.9603,-95.1781
07/24/2021,Mexico,Violence against civilians,4,17.9603,-95.1781
08/07/2021,Mexico,Violence against civilians,5,17.9603,-95.1781
08/14/2021,Mexico,Violence against civilians,4,17.9603,-95.1781
08/21/2021,Mexico,Violence against civilians,4,17.9603,-95.1781
08/28/2021,Mexico,Violence against civilians,4,17.9603,-95.1781
09/04/2021,Mexico,Violence against civilians,5,17.9603,-95.1781
09/11/2021,Mexico,Violence against civilians,6,17.9603,-95.1781
09/18/2021,Mexico,Violence against civilians,4,17.9603,-95.1781
09/25/2021,Mexico,Violence against civilians,7,17.9603,-95.1781
10/02/2021,Mexico,Violence against civilians,4,17.9603,-95.1781
10/09/2021,Mexico,Violence against civilians,4,17.9603,-95.1781
10/16/2021,Mexico,Violence against civilians,8,17.9603,-95.1781
10/23/2021,Mexico,Violence against civilians,6,17.9603,-95.1781
10/30/2021,Mexico,Violence against civilians,6,17.9603,-95.1781
11/06/2021,Mexico,Violence against civilians,6,17.9603,-95.1781
11/13/2021,Mexico,Violence against civilians,6,17.9603,-95.1781
11/20/2021,Mexico,Violence against civilians,7,17.9603,-95.1781
11/27/2021,Mexico,Violence against civilians,3,17.9603,-95.1781
12/04/2021,Mexico,Violence against civilians,10,17.9603,-95.1781
12/11/2021,Mexico,Violence against civilians,2,17.9603,-95.1781
12/18/2021,Mexico,Violence against civilians,3,17.9603,-95.1781
12/25/2021,Mexico,Violence against civilians,3,17.9603,-95.1781
01/01/2022,Mexico,Violence against civilians,4,17.9603,-95.1781
01/08/2022,Mexico,Violence against civilians,11,17.9603,-95.1781
01/15/2022,Mexico,Violence against civilians,4,17.9603,-95.1781
01/22/2022,Mexico,Violence against civilians,9,17.9603,-95.1781
01/29/2022,Mexico,Violence against civilians,3,17.9603,-95.1781
02/05/2022,Mexico,Violence against civilians,3,17.9603,-95.1781
02/12/2022,Mexico,Violence against civilians,1,17.9603,-95.1781
02/19/2022,Mexico,Violence against civilians,7,17.9603,-95.1781
02/26/2022,Mexico,Violence against civilians,6,17.9603,-95.1781
03/05/2022,Mexico,Violence against civilians,6,17.9603,-95.1781
03/12/2022,Mexico,Violence against civilians,2,17.9603,-95.1781
03/19/2022,Mexico,Violence against civilians,5,17.9603,-95.1781
03/26/2022,Mexico,Violence against civilians,6,17.9603,-95.1781
04/02/2022,Mexico,Violence against civilians,2,17.9603,-95.1781
04/09/2022,Mexico,Violence against civilians,7,17.9603,-95.1781
04/16/2022,Mexico,Violence against civilians,7,17.9603,-95.1781
04/23/2022,Mexico,Violence against civilians,3,17.9603,-95.1781
04/30/2022,Mexico,Violence against civilians,1,17.9603,-95.1781
05/07/2022,Mexico,Violence against civilians,5,17.9603,-95.1781
05/14/2022,Mexico,Violence against civilians,3,17.9603,-95.1781
05/21/2022,Mexico,Violence against civilians,5,17.9603,-95.1781
05/28/2022,Mexico,Violence against civilians,4,17.9603,-95.1781
06/04/2022,Mexico,Violence against civilians,6,17.9603,-95.1781
06/11/2022,Mexico,Violence against civilians,2,17.9603,-95.1781
06/18/2022,Mexico,Violence against civilians,3,17.9603,-95.1781
06/25/2022,Mexico,Violence against civilians,2,17.9603,-95.1781
07/02/2022,Mexico,Violence against civilians,8,17.9603,-95.1781
07/09/2022,Mexico,Violence against civilians,5,17.9603,-95.1781
07/16/2022,Mexico,Violence against civilians,6,17.9603,-95.1781
07/23/2022,Mexico,Violence against civilians,8,17.9603,-95.1781
07/30/2022,Mexico,Violence against civilians,8,17.9603,-95.1781
08/06/2022,Mexico,Violence against civilians,8,17.9603,-95.1781
08/13/2022,Mexico,Violence against civilians,4,17.9603,-95.1781
08/20/2022,Mexico,Violence against civilians,4,17.9603,-95.1781
08/27/2022,Mexico,Violence against civilians,7,17.9603,-95.1781
09/03/2022,Mexico,Violence against civilians,6,17.9603,-95.1781
09/10/2022,Mexico,Violence against civilians,5,17.9603,-95.1781
09/17/2022,Mexico,Violence against civilians,9,17.9603,-95.1781
09/24/2022,Mexico,Violence against civilians,3,17.9603,-95.1781
10/01/2022,Mexico,Violence against civilians,5,17.9603,-95.1781
10/08/2022,Mexico,Violence against civilians,4,17.9603,-95.1781
10/15/2022,Mexico,Violence against civilians,4,17.9603,-95.1781
10/22/2022,Mexico,Violence against civilians,4,17.9603,-95.1781
10/29/2022,Mexico,Violence against civilians,3,17.9603,-95.1781
11/05/2022,Mexico,Violence against civilians,2,17.9603,-95.1781
11/12/2022,Mexico,Violence against civilians,2,17.9603,-95.1781
11/19/2022,Mexico,Violence against civilians,4,17.9603,-95.1781
11/26/2022,Mexico,Violence against civilians,2,17.9603,-95.1781
12/03/2022,Mexico,Violence against civilians,3,17.9603,-95.1781
12/10/2022,Mexico,Violence against civilians,8,17.9603,-95.1781
12/17/2022,Mexico,Violence against civilians,2,17.9603,-95.1781
12/24/2022,Mexico,Violence against civilians,3,17.9603,-95.1781
12/31/2022,Mexico,Violence against civilians,12,17.9603,-95.1781
01/07/2023,Mexico,Violence against civilians,8,17.9603,-95.1781
01/14/2023,Mexico,Violence against civilians,7,17.9603,-95.1781
01/21/2023,Mexico,Violence against civilians,5,17.9603,-95.1781
01/28/2023,Mexico,Violence against civilians,5,17.9603,-95.1781
02/04/2023,Mexico,Violence against civilians,2,17.9603,-95.1781
02/11/2023,Mexico,Violence against civilians,6,17.9603,-95.1781
02/18/2023,Mexico,Violence against civilians,5,17.9603,-95.1781
02/25/2023,Mexico,Violence against civilians,3,17.9603,-95.1781
03/04/2023,Mexico,Violence against civilians,3,17.9603,-95.1781
03/11/2023,Mexico,Violence against civilians,2,17.9603,-95.1781
03/18/2023,Mexico,Violence against civilians,4,17.9603,-95.1781
03/25/2023,Mexico,Violence against civilians,3,17.9603,-95.1781
04/01/2023,Mexico,Violence against civilians,9,17.9603,-95.1781
04/08/2023,Mexico,Violence against civilians,2,17.9603,-95.1781
04/15/2023,Mexico,Violence against civilians,1,17.9603,-95.1781
04/22/2023,Mexico,Violence against civilians,7,17.9603,-95.1781
04/29/2023,Mexico,Violence against civilians,5,17.9603,-95.1781
05/06/2023,Mexico,Violence against civilians,8,17.9603,-95.1781
05/13/2023,Mexico,Violence against civilians,4,17.9603,-95.1781
05/20/2023,Mexico,Violence against civilians,4,17.9603,-95.1781
05/27/2023,Mexico,Violence against civilians,7,17.9603,-95.1781
06/03/2023,Mexico,Violence against civilians,11,17.9603,-95.1781
06/10/2023,Mexico,Violence against civilians,4,17.9603,-95.1781
06/17/2023,Mexico,Violence against civilians,7,17.9603,-95.1781
06/24/2023,Mexico,Violence against civilians,6,17.9603,-95.1781
07/01/2023,Mexico,Violence against civilians,2,17.9603,-95.1781
07/08/2023,Mexico,Violence against civilians,4,17.9603,-95.1781
07/15/2023,Mexico,Violence against civilians,3,17.9603,-95.1781
07/22/2023,Mexico,Violence against civilians,5,17.9603,-95.1781
07/29/2023,Mexico,Violence against civilians,5,17.9603,-95.1781
08/05/2023,Mexico,Violence against civilians,6,17.9603,-95.1781
08/12/2023,Mexico,Violence against civilians,8,17.9603,-95.1781
08/19/2023,Mexico,Violence against civilians,4,17.9603,-95.1781
08/26/2023,Mexico,Violence against civilians,7,17.9603,-95.1781
09/02/2023,Mexico,Violence against civilians,10,17.9603,-95.1781
09/09/2023,Mexico,Violence against civilians,5,17.9603,-95.1781
09/16/2023,Mexico,Violence against civilians,3,17.9603,-95.1781
09/23/2023,Mexico,Violence against civilians,3,17.9603,-95.1781
09/30/2023,Mexico,Violence against civilians,5,17.9603,-95.1781
10/07/2023,Mexico,Violence against civilians,3,17.9603,-95.1781
10/14/2023,Mexico,Violence against civilians,2,17.9603,-95.1781
10/21/2023,Mexico,Violence against civilians,4,17.9603,-95.1781
10/28/2023,Mexico,Violence against civilians,5,17.9603,-95.1781
11/04/2023,Mexico,Violence against civilians,2,17.9603,-95.1781
11/11/2023,Mexico,Violence against civilians,1,17.9603,-95.1781
11/18/2023,Mexico,Violence against civilians,3,17.9603,-95.1781
11/25/2023,Mexico,Violence against civilians,3,17.9603,-95.1781
12/02/2023,Mexico,Violence against civilians,1,17.9603,-95.1781
12/09/2023,Mexico,Violence against civilians,1,17.9603,-95.1781
12/16/2023,Mexico,Violence against civilians,3,17.9603,-95.1781
12/23/2023,Mexico,Violence against civilians,1,17.9603,-95.1781
01/06/2024,Mexico,Violence against civilians,1,17.9603,-95.1781
01/20/2024,Mexico,Violence against civilians,1,17.9603,-95.1781
01/27/2024,Mexico,Violence against civilians,7,17.9603,-95.1781
02/10/2024,Mexico,Violence against civilians,7,17.9603,-95.1781
02/17/2024,Mexico,Violence against civilians,2,17.9603,-95.1781
02/24/2024,Mexico,Violence against civilians,5,17.9603,-95.1781
03/02/2024,Mexico,Violence against civilians,5,17.9603,-95.1781
03/09/2024,Mexico,Violence against civilians,4,17.9603,-95.1781
03/16/2024,Mexico,Violence against civilians,4,17.9603,-95.1781
03/23/2024,Mexico,Violence against civilians,7,17.9603,-95.1781
03/30/2024,Mexico,Violence against civilians,9,17.9603,-95.1781
04/06/2024,Mexico,Violence against civilians,6,17.9603,-95.1781
04/13/2024,Mexico,Violence against civilians,5,17.9603,-95.1781
04/20/2024,Mexico,Violence against civilians,2,17.9603,-95.1781
04/27/2024,Mexico,Violence against civilians,4,17.9603,-95.1781
05/04/2024,Mexico,Violence against civilians,4,17.9603,-95.1781
05/11/2024,Mexico,Violence against civilians,3,17.9603,-95.1781
05/18/2024,Mexico,Violence against civilians,9,17.9603,-95.1781
05/25/2024,Mexico,Violence against civilians,3,17.9603,-95.1781
06/01/2024,Mexico,Violence against civilians,5,17.9603,-95.1781
06/08/2024,Mexico,Violence against civilians,7,17.9603,-95.1781
06/15/2024,Mexico,Violence against civilians,3,17.9603,-95.1781
06/22/2024,Mexico,Violence against civilians,3,17.9603,-95.1781
06/29/2024,Mexico,Violence against civilians,4,17.9603,-95.1781
07/06/2024,Mexico,Violence against civilians,4,17.9603,-95.1781
07/13/2024,Mexico,Violence against civilians,3,17.9603,-95.1781
07/20/2024,Mexico,Violence against civilians,3,17.9603,-95.1781
07/27/2024,Mexico,Violence against civilians,4,17.9603,-95.1781
08/03/2024,Mexico,Violence against civilians,3,17.9603,-95.1781
08/10/2024,Mexico,Violence against civilians,4,17.9603,-95.1781
08/17/2024,Mexico,Violence against civilians,5,17.9603,-95.1781
08/24/2024,Mexico,Violence against civilians,6,17.9603,-95.1781
08/31/2024,Mexico,Violence against civilians,4,17.9603,-95.1781
09/07/2024,Mexico,Violence against civilians,1,17.9603,-95.1781
09/14/2024,Mexico,Violence against civilians,6,17.9603,-95.1781
09/21/2024,Mexico,Violence against civilians,5,17.9603,-95.1781
09/28/2024,Mexico,Violence against civilians,4,17.9603,-95.1781
10/05/2024,Mexico,Violence against civilians,5,17.9603,-95.1781
10/12/2024,Mexico,Violence against civilians,7,17.9603,-95.1781
10/19/2024,Mexico,Violence against civilians,2,17.9603,-95.1781
10/26/2024,Mexico,Violence against civilians,1,17.9603,-95.1781
11/02/2024,Mexico,Violence against civilians,3,17.9603,-95.1781
11/09/2024,Mexico,Violence against civilians,4,17.9603,-95.1781
11/16/2024,Mexico,Violence against civilians,3,17.9603,-95.1781
11/23/2024,Mexico,Violence against civilians,4,17.9603,-95.1781
11/30/2024,Mexico,Violence against civilians,3,17.9603,-95.1781
12/07/2024,Mexico,Violence against civilians,5,17.9603,-95.1781
12/14/2024,Mexico,Violence against civilians,3,17.9603,-95.1781
12/21/2024,Mexico,Violence against civilians,1,17.9603,-95.1781
12/28/2024,Mexico,Violence against civilians,3,17.9603,-95.1781
01/04/2025,Mexico,Violence against civilians,4,17.9603,-95.1781
01/11/2025,Mexico,Violence against civilians,3,17.9603,-95.1781
01/18/2025,Mexico,Violence against civilians,4,17.9603,-95.1781
01/25/2025,Mexico,Violence against civilians,3,17.9603,-95.1781
02/01/2025,Mexico,Violence against civilians,6,17.9603,-95.1781
02/08/2025,Mexico,Violence against civilians,7,17.9603,-95.1781
02/15/2025,Mexico,Violence against civilians,4,17.9603,-95.1781
02/22/2025,Mexico,Violence against civilians,8,17.9603,-95.1781
03/01/2025,Mexico,Violence against civilians,5,17.9603,-95.1781
03/08/2025,Mexico,Violence against civilians,7,17.9603,-95.1781
03/15/2025,Mexico,Violence against civilians,7,17.9603,-95.1781
03/22/2025,Mexico,Violence against civilians,4,17.9603,-95.1781
03/29/2025,Mexico,Violence against civilians,5,17.9603,-95.1781
04/05/2025,Mexico,Violence against civilians,7,17.9603,-95.1781
04/12/2025,Mexico,Violence against civilians,5,17.9603,-95.1781
04/19/2025,Mexico,Violence against civilians,7,17.9603,-95.1781
04/26/2025,Mexico,Violence against civilians,5,17.9603,-95.1781
05/03/2025,Mexico,Violence against civilians,7,17.9603,-95.1781
05/10/2025,Mexico,Violence against civilians,4,17.9603,-95.1781
05/17/2025,Mexico,Violence against civilians,6,17.9603,-95.1781
05/24/2025,Mexico,Violence against civilians,6,17.9603,-95.1781
05/31/2025,Mexico,Violence against civilians,5,17.9603,-95.1781
06/07/2025,Mexico,Violence against civilians,7,17.9603,-95.1781
06/14/2025,Mexico,Violence against civilians,6,17.9603,-95.1781
06/21/2025,Mexico,Violence against civilians,6,17.9603,-95.1781
06/28/2025,Mexico,Violence against civilians,7,17.9603,-95.1781
07/05/2025,Mexico,Violence against civilians,4,17.9603,-95.1781
07/12/2025,Mexico,Violence against civilians,6,17.9603,-95.1781
07/19/2025,Mexico,Violence against civilians,6,17.9603,-95.1781
07/26/2025,Mexico,Violence against civilians,10,17.9603,-95.1781
08/02/2025,Mexico,Violence against civilians,7,17.9603,-95.1781
08/09/2025,Mexico,Violence against civilians,4,17.9603,-95.1781
08/16/2025,Mexico,Violence against civilians,3,17.9603,-95.1781
08/23/2025,Mexico,Violence against civilians,10,17.9603,-95.1781
08/30/2025,Mexico,Violence against civilians,6,17.9603,-95.1781
09/06/2025,Mexico,Violence against civilians,11,17.9603,-95.1781
09/13/2025,Mexico,Violence against civilians,3,17.9603,-95.1781
09/20/2025,Mexico,Violence against civilians,11,17.9603,-95.1781
09/27/2025,Mexico,Violence against civilians,7,17.9603,-95.1781
10/04/2025,Mexico,Violence against civilians,6,17.9603,-95.1781
10/11/2025,Mexico,Violence against civilians,4,17.9603,-95.1781
10/18/2025,Mexico,Violence against civilians,4,17.9603,-95.1781
01/06/2018,Mexico,Violence against civilians,1,17.9603,-95.1781
05/19/2018,Mexico,Violence against civilians,1,17.9603,-95.1781
07/21/2018,Mexico,Violence against civilians,1,17.9603,-95.1781
12/01/2018,Mexico,Violence against civilians,1,17.9603,-95.1781
02/02/2019,Mexico,Violence against civilians,1,17.9603,-95.1781
08/17/2019,Mexico,Violence against civilians,1,17.9603,-95.1781
10/19/2019,Mexico,Violence against civilians,1,17.9603,-95.1781
02/08/2020,Mexico,Violence against civilians,1,17.9603,-95.1781
06/26/2021,Mexico,Violence against civilians,1,17.9603,-95.1781
12/25/2021,Mexico,Violence against civilians,1,17.9603,-95.1781
04/16/2022,Mexico,Violence against civilians,1,17.9603,-95.1781
10/29/2022,Mexico,Violence against civilians,1,17.9603,-95.1781
02/18/2023,Mexico,Violence against civilians,1,17.9603,-95.1781
02/25/2023,Mexico,Violence against civilians,1,17.9603,-95.1781
10/05/2024,Mexico,Violence against civilians,1,17.9603,-95.1781
11/02/2024,Mexico,Violence against civilians,1,17.9603,-95.1781
04/26/2025,Mexico,Violence against civilians,2,17.9603,-95.1781
10/11/2025,Mexico,Violence against civilians,1,17.9603,-95.1781
12/30/2017,Mexico,Riots,1,20.6151,-89.0852
01/13/2018,Mexico,Riots,1,20.6151,-89.0852
02/17/2018,Mexico,Riots,1,20.6151,-89.0852
03/17/2018,Mexico,Riots,2,20.6151,-89.0852
04/14/2018,Mexico,Riots,1,20.6151,-89.0852
04/21/2018,Mexico,Riots,1,20.6151,-89.0852
06/23/2018,Mexico,Riots,2,20.6151,-89.0852
06/30/2018,Mexico,Riots,3,20.6151,-89.0852
07/21/2018,Mexico,Riots,1,20.6151,-89.0852
08/25/2018,Mexico,Riots,1,20.6151,-89.0852
09/08/2018,Mexico,Riots,1,20.6151,-89.0852
05/04/2019,Mexico,Riots,1,20.6151,-89.0852
06/15/2019,Mexico,Riots,1,20.6151,-89.0852
07/13/2019,Mexico,Riots,1,20.6151,-89.0852
09/21/2019,Mexico,Riots,1,20.6151,-89.0852
11/09/2019,Mexico,Riots,1,20.6151,-89.0852
02/01/2020,Mexico,Riots,1,20.6151,-89.0852
05/02/2020,Mexico,Riots,1,20.6151,-89.0852
05/16/2020,Mexico,Riots,1,20.6151,-89.0852
05/23/2020,Mexico,Riots,1,20.6151,-89.0852
11/21/2020,Mexico,Riots,1,20.6151,-89.0852
04/24/2021,Mexico,Riots,1,20.6151,-89.0852
05/22/2021,Mexico,Riots,1,20.6151,-89.0852
05/29/2021,Mexico,Riots,1,20.6151,-89.0852
06/05/2021,Mexico,Riots,2,20.6151,-89.0852
07/31/2021,Mexico,Riots,2,20.6151,-89.0852
10/16/2021,Mexico,Riots,1,20.6151,-89.0852
11/13/2021,Mexico,Riots,1,20.6151,-89.0852
01/29/2022,Mexico,Riots,1,20.6151,-89.0852
02/05/2022,Mexico,Riots,1,20.6151,-89.0852
03/26/2022,Mexico,Riots,1,20.6151,-89.0852
04/30/2022,Mexico,Riots,1,20.6151,-89.0852
05/21/2022,Mexico,Riots,1,20.6151,-89.0852
05/28/2022,Mexico,Riots,1,20.6151,-89.0852
06/04/2022,Mexico,Riots,1,20.6151,-89.0852
06/18/2022,Mexico,Riots,1,20.6151,-89.0852
08/13/2022,Mexico,Riots,1,20.6151,-89.0852
10/01/2022,Mexico,Riots,1,20.6151,-89.0852
10/29/2022,Mexico,Riots,1,20.6151,-89.0852
11/19/2022,Mexico,Riots,1,20.6151,-89.0852
12/24/2022,Mexico,Riots,1,20.6151,-89.0852
01/07/2023,Mexico,Riots,1,20.6151,-89.0852
01/14/2023,Mexico,Riots,1,20.6151,-89.0852
01/28/2023,Mexico,Riots,1,20.6151,-89.0852
02/04/2023,Mexico,Riots,1,20.6151,-89.0852
03/25/2023,Mexico,Riots,1,20.6151,-89.0852
08/05/2023,Mexico,Riots,1,20.6151,-89.0852
08/12/2023,Mexico,Riots,1,20.6151,-89.0852
10/28/2023,Mexico,Riots,1,20.6151,-89.0852
11/04/2023,Mexico,Riots,1,20.6151,-89.0852
11/18/2023,Mexico,Riots,1,20.6151,-89.0852
03/02/2024,Mexico,Riots,1,20.6151,-89.0852
04/27/2024,Mexico,Riots,1,20.6151,-89.0852
05/25/2024,Mexico,Riots,1,20.6151,-89.0852
08/03/2024,Mexico,Riots,1,20.6151,-89.0852
11/16/2024,Mexico,Riots,1,20.6151,-89.0852
01/04/2025,Mexico,Riots,1,20.6151,-89.0852
01/25/2025,Mexico,Riots,2,20.6151,-89.0852
02/08/2025,Mexico,Riots,1,20.6151,-89.0852
03/08/2025,Mexico,Riots,2,20.6151,-89.0852
03/29/2025,Mexico,Riots,1,20.6151,-89.0852
05/10/2025,Mexico,Riots,1,20.6151,-89.0852
08/23/2025,Mexico,Riots,1,20.6151,-89.0852
05/26/2018,Mexico,Riots,1,20.6151,-89.0852
06/30/2018,Mexico,Riots,1,20.6151,-89.0852
08/25/2018,Mexico,Riots,1,20.6151,-89.0852
08/24/2019,Mexico,Riots,1,20.6151,-89.0852
11/23/2019,Mexico,Riots,1,20.6151,-89.0852
12/07/2019,Mexico,Riots,1,20.6151,-89.0852
01/18/2020,Mexico,Riots,1,20.6151,-89.0852
09/05/2020,Mexico,Riots,1,20.6151,-89.0852
10/17/2020,Mexico,Riots,1,20.6151,-89.0852
11/07/2020,Mexico,Riots,1,20.6151,-89.0852
03/06/2021,Mexico,Riots,1,20.6151,-89.0852
06/05/2021,Mexico,Riots,1,20.6151,-89.0852
02/05/2022,Mexico,Riots,1,20.6151,-89.0852
04/30/2022,Mexico,Riots,1,20.6151,-89.0852
07/16/2022,Mexico,Riots,1,20.6151,-89.0852
08/06/2022,Mexico,Riots,1,20.6151,-89.0852
09/24/2022,Mexico,Riots,1,20.6151,-89.0852
03/04/2023,Mexico,Riots,1,20.6151,-89.0852
03/18/2023,Mexico,Riots,2,20.6151,-89.0852
07/01/2023,Mexico,Riots,1,20.6151,-89.0852
08/05/2023,Mexico,Riots,1,20.6151,-89.0852
08/12/2023,Mexico,Riots,1,20.6151,-89.0852
09/16/2023,Mexico,Riots,1,20.6151,-89.0852
06/01/2024,Mexico,Riots,1,20.6151,-89.0852
08/17/2024,Mexico,Riots,1,20.6151,-89.0852
02/15/2025,Mexico,Riots,1,20.6151,-89.0852
03/08/2025,Mexico,Riots,1,20.6151,-89.0852
03/15/2025,Mexico,Riots,1,20.6151,-89.0852
08/16/2025,Mexico,Riots,1,20.6151,-89.0852
08/30/2025,Mexico,Riots,1,20.6151,-89.0852
09/06/2025,Mexico,Riots,1,20.6151,-89.0852
10/06/2018,Mexico,Violence against civilians,1,20.6151,-89.0852
01/25/2020,Mexico,Violence against civilians,1,20.6151,-89.0852
10/24/2020,Mexico,Violence against civilians,1,20.6151,-89.0852
06/26/2021,Mexico,Violence against civilians,1,20.6151,-89.0852
07/31/2021,Mexico,Violence against civilians,1,20.6151,-89.0852
01/15/2022,Mexico,Violence against civilians,1,20.6151,-89.0852
01/20/2018,Mexico,Violence against civilians,2,20.6151,-89.0852
04/28/2018,Mexico,Violence against civilians,1,20.6151,-89.0852
05/05/2018,Mexico,Violence against civilians,1,20.6151,-89.0852
06/09/2018,Mexico,Violence against civilians,1,20.6151,-89.0852
07/14/2018,Mexico,Violence against civilians,1,20.6151,-89.0852
08/25/2018,Mexico,Violence against civilians,1,20.6151,-89.0852
09/22/2018,Mexico,Violence against civilians,2,20.6151,-89.0852
09/29/2018,Mexico,Violence against civilians,1,20.6151,-89.0852
10/27/2018,Mexico,Violence against civilians,1,20.6151,-89.0852
11/10/2018,Mexico,Violence against civilians,1,20.6151,-89.0852
12/29/2018,Mexico,Violence against civilians,1,20.6151,-89.0852
05/18/2019,Mexico,Violence against civilians,1,20.6151,-89.0852
05/25/2019,Mexico,Violence against civilians,2,20.6151,-89.0852
06/08/2019,Mexico,Violence against civilians,1,20.6151,-89.0852
06/15/2019,Mexico,Violence against civilians,1,20.6151,-89.0852
09/07/2019,Mexico,Violence against civilians,1,20.6151,-89.0852
03/28/2020,Mexico,Violence against civilians,1,20.6151,-89.0852
05/09/2020,Mexico,Violence against civilians,1,20.6151,-89.0852
10/24/2020,Mexico,Violence against civilians,2,20.6151,-89.0852
12/12/2020,Mexico,Violence against civilians,1,20.6151,-89.0852
02/20/2021,Mexico,Violence against civilians,1,20.6151,-89.0852
03/20/2021,Mexico,Violence against civilians,1,20.6151,-89.0852
05/01/2021,Mexico,Violence against civilians,1,20.6151,-89.0852
06/05/2021,Mexico,Violence against civilians,1,20.6151,-89.0852
07/17/2021,Mexico,Violence against civilians,1,20.6151,-89.0852
08/14/2021,Mexico,Violence against civilians,1,20.6151,-89.0852
10/02/2021,Mexico,Violence against civilians,2,20.6151,-89.0852
11/20/2021,Mexico,Violence against civilians,1,20.6151,-89.0852
12/11/2021,Mexico,Violence against civilians,1,20.6151,-89.0852
12/18/2021,Mexico,Violence against civilians,1,20.6151,-89.0852
01/01/2022,Mexico,Violence against civilians,1,20.6151,-89.0852
01/15/2022,Mexico,Violence against civilians,1,20.6151,-89.0852
03/05/2022,Mexico,Violence against civilians,1,20.6151,-89.0852
04/02/2022,Mexico,Violence against civilians,1,20.6151,-89.0852
05/07/2022,Mexico,Violence against civilians,1,20.6151,-89.0852
05/14/2022,Mexico,Violence against civilians,1,20.6151,-89.0852
05/21/2022,Mexico,Violence against civilians,1,20.6151,-89.0852
08/13/2022,Mexico,Violence against civilians,1,20.6151,-89.0852
08/20/2022,Mexico,Violence against civilians,1,20.6151,-89.0852
11/26/2022,Mexico,Violence against civilians,1,20.6151,-89.0852
12/03/2022,Mexico,Violence against civilians,1,20.6151,-89.0852
01/21/2023,Mexico,Violence against civilians,1,20.6151,-89.0852
02/18/2023,Mexico,Violence against civilians,1,20.6151,-89.0852
04/15/2023,Mexico,Violence against civilians,2,20.6151,-89.0852
05/20/2023,Mexico,Violence against civilians,1,20.6151,-89.0852
07/08/2023,Mexico,Violence against civilians,1,20.6151,-89.0852
11/04/2023,Mexico,Violence against civilians,1,20.6151,-89.0852
01/13/2024,Mexico,Violence against civilians,1,20.6151,-89.0852
05/25/2024,Mexico,Violence against civilians,1,20.6151,-89.0852
09/14/2024,Mexico,Violence against civilians,1,20.6151,-89.0852
01/18/2025,Mexico,Violence against civilians,1,20.6151,-89.0852
01/25/2025,Mexico,Violence against civilians,1,20.6151,-89.0852
02/22/2025,Mexico,Violence against civilians,1,20.6151,-89.0852
03/01/2025,Mexico,Violence against civilians,1,20.6151,-89.0852
05/31/2025,Mexico,Violence against civilians,1,20.6151,-89.0852
07/17/2021,Mexico,Violence against civilians,1,20.6151,-89.0852
05/07/2022,Mexico,Violence against civilians,1,20.6151,-89.0852
07/02/2022,Mexico,Explosions/Remote violence,1,23.0824,-103.2086
12/17/2022,Mexico,Explosions/Remote violence,1,23.0824,-103.2086
10/12/2024,Mexico,Explosions/Remote violence,1,23.0824,-103.2086
05/03/2025,Mexico,Explosions/Remote violence,1,23.0824,-103.2086
05/31/2025,Mexico,Explosions/Remote violence,1,23.0824,-103.2086
09/21/2024,Mexico,Explosions/Remote violence,1,23.0824,-103.2086
03/24/2018,Mexico,Riots,1,23.0824,-103.2086
04/21/2018,Mexico,Riots,1,23.0824,-103.2086
08/18/2018,Mexico,Riots,1,23.0824,-103.2086
02/23/2019,Mexico,Riots,1,23.0824,-103.2086
06/15/2019,Mexico,Riots,1,23.0824,-103.2086
11/23/2019,Mexico,Riots,1,23.0824,-103.2086
01/09/2021,Mexico,Riots,1,23.0824,-103.2086
06/05/2021,Mexico,Riots,1,23.0824,-103.2086
10/30/2021,Mexico,Riots,1,23.0824,-103.2086
10/14/2023,Mexico,Riots,1,23.0824,-103.2086
04/26/2025,Mexico,Riots,1,23.0824,-103.2086
09/20/2025,Mexico,Riots,1,23.0824,-103.2086
03/07/2020,Mexico,Riots,1,23.0824,-103.2086
11/21/2020,Mexico,Riots,2,23.0824,-103.2086
01/07/2023,Mexico,Riots,5,23.0824,-103.2086
03/04/2023,Mexico,Riots,1,23.0824,-103.2086
01/18/2025,Mexico,Riots,1,23.0824,-103.2086
03/08/2025,Mexico,Riots,1,23.0824,-103.2086
01/13/2018,Mexico,Violence against civilians,1,23.0824,-103.2086
02/17/2018,Mexico,Violence against civilians,1,23.0824,-103.2086
05/12/2018,Mexico,Violence against civilians,1,23.0824,-103.2086
05/26/2018,Mexico,Violence against civilians,1,23.0824,-103.2086
06/30/2018,Mexico,Violence against civilians,1,23.0824,-103.2086
07/21/2018,Mexico,Violence against civilians,1,23.0824,-103.2086
09/15/2018,Mexico,Violence against civilians,1,23.0824,-103.2086
10/13/2018,Mexico,Violence against civilians,1,23.0824,-103.2086
11/10/2018,Mexico,Violence against civilians,1,23.0824,-103.2086
01/05/2019,Mexico,Violence against civilians,1,23.0824,-103.2086
02/09/2019,Mexico,Violence against civilians,1,23.0824,-103.2086
07/27/2019,Mexico,Violence against civilians,1,23.0824,-103.2086
08/17/2019,Mexico,Violence against civilians,1,23.0824,-103.2086
08/24/2019,Mexico,Violence against civilians,1,23.0824,-103.2086
10/26/2019,Mexico,Violence against civilians,1,23.0824,-103.2086
02/01/2020,Mexico,Violence against civilians,1,23.0824,-103.2086
03/14/2020,Mexico,Violence against civilians,1,23.0824,-103.2086
04/04/2020,Mexico,Violence against civilians,1,23.0824,-103.2086
07/18/2020,Mexico,Violence against civilians,1,23.0824,-103.2086
08/15/2020,Mexico,Violence against civilians,1,23.0824,-103.2086
06/19/2021,Mexico,Violence against civilians,1,23.0824,-103.2086
06/26/2021,Mexico,Violence against civilians,1,23.0824,-103.2086
09/11/2021,Mexico,Violence against civilians,1,23.0824,-103.2086
12/11/2021,Mexico,Violence against civilians,2,23.0824,-103.2086
01/15/2022,Mexico,Violence against civilians,3,23.0824,-103.2086
02/12/2022,Mexico,Violence against civilians,1,23.0824,-103.2086
02/19/2022,Mexico,Violence against civilians,3,23.0824,-103.2086
06/25/2022,Mexico,Violence against civilians,1,23.0824,-103.2086
07/16/2022,Mexico,Violence against civilians,1,23.0824,-103.2086
07/30/2022,Mexico,Violence against civilians,1,23.0824,-103.2086
09/03/2022,Mexico,Violence against civilians,1,23.0824,-103.2086
11/26/2022,Mexico,Violence against civilians,1,23.0824,-103.2086
03/04/2023,Mexico,Violence against civilians,1,23.0824,-103.2086
04/01/2023,Mexico,Violence against civilians,1,23.0824,-103.2086
04/22/2023,Mexico,Violence against civilians,2,23.0824,-103.2086
05/20/2023,Mexico,Violence against civilians,1,23.0824,-103.2086
06/17/2023,Mexico,Violence against civilians,1,23.0824,-103.2086
06/24/2023,Mexico,Violence against civilians,1,23.0824,-103.2086
08/19/2023,Mexico,Violence against civilians,1,23.0824,-103.2086
09/09/2023,Mexico,Violence against civilians,2,23.0824,-103.2086
09/23/2023,Mexico,Violence against civilians,1,23.0824,-103.2086
01/06/2024,Mexico,Violence against civilians,1,23.0824,-103.2086
02/24/2024,Mexico,Violence against civilians,1,23.0824,-103.2086
03/30/2024,Mexico,Violence against civilians,1,23.0824,-103.2086
04/20/2024,Mexico,Violence against civilians,1,23.0824,-103.2086
04/27/2024,Mexico,Violence against civilians,1,23.0824,-103.2086
09/28/2024,Mexico,Violence against civilians,1,23.0824,-103.2086
10/05/2024,Mexico,Violence against civilians,1,23.0824,-103.2086
10/26/2024,Mexico,Violence against civilians,1,23.0824,-103.2086
12/21/2024,Mexico,Violence against civilians,2,23.0824,-103.2086
01/04/2025,Mexico,Violence against civilians,1,23.0824,-103.2086
01/18/2025,Mexico,Violence against civilians,1,23.0824,-103.2086
02/15/2025,Mexico,Violence against civilians,1,23.0824,-103.2086
02/22/2025,Mexico,Violence against civilians,1,23.0824,-103.2086
06/07/2025,Mexico,Violence against civilians,1,23.0824,-103.2086
07/12/2025,Mexico,Violence against civilians,1,23.0824,-103.2086
10/04/2025,Mexico,Violence against civilians,1,23.0824,-103.2086
01/06/2018,Mexico,Violence against civilians,4,23.0824,-103.2086
01/13/2018,Mexico,Violence against civilians,2,23.0824,-103.2086
01/20/2018,Mexico,Violence against civilians,2,23.0824,-103.2086
01/27/2018,Mexico,Violence against civilians,4,23.0824,-103.2086
02/03/2018,Mexico,Violence against civilians,10,23.0824,-103.2086
02/10/2018,Mexico,Violence against civilians,5,23.0824,-103.2086
02/17/2018,Mexico,Violence against civilians,6,23.0824,-103.2086
02/24/2018,Mexico,Violence against civilians,4,23.0824,-103.2086
03/03/2018,Mexico,Violence against civilians,2,23.0824,-103.2086
03/10/2018,Mexico,Violence against civilians,4,23.0824,-103.2086
03/17/2018,Mexico,Violence against civilians,3,23.0824,-103.2086
03/24/2018,Mexico,Violence against civilians,4,23.0824,-103.2086
03/31/2018,Mexico,Violence against civilians,3,23.0824,-103.2086
04/07/2018,Mexico,Violence against civilians,2,23.0824,-103.2086
04/14/2018,Mexico,Violence against civilians,5,23.0824,-103.2086
04/21/2018,Mexico,Violence against civilians,4,23.0824,-103.2086
04/28/2018,Mexico,Violence against civilians,4,23.0824,-103.2086
05/05/2018,Mexico,Violence against civilians,3,23.0824,-103.2086
05/12/2018,Mexico,Violence against civilians,4,23.0824,-103.2086
05/19/2018,Mexico,Violence against civilians,4,23.0824,-103.2086
05/26/2018,Mexico,Violence against civilians,3,23.0824,-103.2086
06/02/2018,Mexico,Violence against civilians,2,23.0824,-103.2086
06/09/2018,Mexico,Violence against civilians,1,23.0824,-103.2086
06/16/2018,Mexico,Violence against civilians,7,23.0824,-103.2086
06/23/2018,Mexico,Violence against civilians,4,23.0824,-103.2086
06/30/2018,Mexico,Violence against civilians,3,23.0824,-103.2086
07/07/2018,Mexico,Violence against civilians,4,23.0824,-103.2086
07/14/2018,Mexico,Violence against civilians,4,23.0824,-103.2086
07/21/2018,Mexico,Violence against civilians,8,23.0824,-103.2086
07/28/2018,Mexico,Violence against civilians,4,23.0824,-103.2086
08/04/2018,Mexico,Violence against civilians,5,23.0824,-103.2086
08/11/2018,Mexico,Violence against civilians,3,23.0824,-103.2086
08/18/2018,Mexico,Violence against civilians,3,23.0824,-103.2086
08/25/2018,Mexico,Violence against civilians,6,23.0824,-103.2086
09/01/2018,Mexico,Violence against civilians,2,23.0824,-103.2086
09/08/2018,Mexico,Violence against civilians,3,23.0824,-103.2086
09/15/2018,Mexico,Violence against civilians,3,23.0824,-103.2086
09/22/2018,Mexico,Violence against civilians,4,23.0824,-103.2086
09/29/2018,Mexico,Violence against civilians,3,23.0824,-103.2086
10/06/2018,Mexico,Violence against civilians,3,23.0824,-103.2086
10/13/2018,Mexico,Violence against civilians,1,23.0824,-103.2086
10/20/2018,Mexico,Violence against civilians,1,23.0824,-103.2086
10/27/2018,Mexico,Violence against civilians,6,23.0824,-103.2086
11/03/2018,Mexico,Violence against civilians,3,23.0824,-103.2086
11/10/2018,Mexico,Violence against civilians,4,23.0824,-103.2086
11/17/2018,Mexico,Violence against civilians,1,23.0824,-103.2086
11/24/2018,Mexico,Violence against civilians,3,23.0824,-103.2086
12/01/2018,Mexico,Violence against civilians,1,23.0824,-103.2086
12/08/2018,Mexico,Violence against civilians,2,23.0824,-103.2086
12/15/2018,Mexico,Violence against civilians,3,23.0824,-103.2086
01/19/2019,Mexico,Violence against civilians,2,23.0824,-103.2086
02/02/2019,Mexico,Violence against civilians,5,23.0824,-103.2086
02/16/2019,Mexico,Violence against civilians,1,23.0824,-103.2086
02/23/2019,Mexico,Violence against civilians,3,23.0824,-103.2086
03/02/2019,Mexico,Violence against civilians,1,23.0824,-103.2086
03/16/2019,Mexico,Violence against civilians,1,23.0824,-103.2086
03/23/2019,Mexico,Violence against civilians,1,23.0824,-103.2086
04/06/2019,Mexico,Violence against civilians,1,23.0824,-103.2086
04/27/2019,Mexico,Violence against civilians,3,23.0824,-103.2086
05/04/2019,Mexico,Violence against civilians,1,23.0824,-103.2086
05/11/2019,Mexico,Violence against civilians,1,23.0824,-103.2086
05/18/2019,Mexico,Violence against civilians,2,23.0824,-103.2086
05/25/2019,Mexico,Violence against civilians,2,23.0824,-103.2086
06/01/2019,Mexico,Violence against civilians,1,23.0824,-103.2086
06/08/2019,Mexico,Violence against civilians,2,23.0824,-103.2086
06/15/2019,Mexico,Violence against civilians,3,23.0824,-103.2086
06/22/2019,Mexico,Violence against civilians,2,23.0824,-103.2086
07/06/2019,Mexico,Violence against civilians,4,23.0824,-103.2086
07/13/2019,Mexico,Violence against civilians,1,23.0824,-103.2086
07/20/2019,Mexico,Violence against civilians,2,23.0824,-103.2086
07/27/2019,Mexico,Violence against civilians,2,23.0824,-103.2086
08/03/2019,Mexico,Violence against civilians,2,23.0824,-103.2086
08/17/2019,Mexico,Violence against civilians,1,23.0824,-103.2086
08/24/2019,Mexico,Violence against civilians,2,23.0824,-103.2086
08/31/2019,Mexico,Violence against civilians,1,23.0824,-103.2086
09/07/2019,Mexico,Violence against civilians,2,23.0824,-103.2086
09/14/2019,Mexico,Violence against civilians,1,23.0824,-103.2086
09/21/2019,Mexico,Violence against civilians,2,23.0824,-103.2086
09/28/2019,Mexico,Violence against civilians,3,23.0824,-103.2086
10/05/2019,Mexico,Violence against civilians,1,23.0824,-103.2086
10/12/2019,Mexico,Violence against civilians,4,23.0824,-103.2086
10/19/2019,Mexico,Violence against civilians,3,23.0824,-103.2086
10/26/2019,Mexico,Violence against civilians,3,23.0824,-103.2086
11/02/2019,Mexico,Violence against civilians,1,23.0824,-103.2086
11/09/2019,Mexico,Violence against civilians,2,23.0824,-103.2086
11/16/2019,Mexico,Violence against civilians,1,23.0824,-103.2086
11/23/2019,Mexico,Violence against civilians,3,23.0824,-103.2086
11/30/2019,Mexico,Violence against civilians,1,23.0824,-103.2086
12/14/2019,Mexico,Violence against civilians,2,23.0824,-103.2086
12/21/2019,Mexico,Violence against civilians,2,23.0824,-103.2086
12/28/2019,Mexico,Violence against civilians,2,23.0824,-103.2086
01/04/2020,Mexico,Violence against civilians,5,23.0824,-103.2086
01/11/2020,Mexico,Violence against civilians,2,23.0824,-103.2086
01/18/2020,Mexico,Violence against civilians,2,23.0824,-103.2086
01/25/2020,Mexico,Violence against civilians,3,23.0824,-103.2086
02/01/2020,Mexico,Violence against civilians,2,23.0824,-103.2086
02/08/2020,Mexico,Violence against civilians,4,23.0824,-103.2086
02/15/2020,Mexico,Violence against civilians,4,23.0824,-103.2086
02/22/2020,Mexico,Violence against civilians,10,23.0824,-103.2086
02/29/2020,Mexico,Violence against civilians,6,23.0824,-103.2086
03/07/2020,Mexico,Violence against civilians,6,23.0824,-103.2086
03/14/2020,Mexico,Violence against civilians,5,23.0824,-103.2086
03/21/2020,Mexico,Violence against civilians,4,23.0824,-103.2086
03/28/2020,Mexico,Violence against civilians,2,23.0824,-103.2086
04/04/2020,Mexico,Violence against civilians,3,23.0824,-103.2086
04/11/2020,Mexico,Violence against civilians,4,23.0824,-103.2086
04/18/2020,Mexico,Violence against civilians,9,23.0824,-103.2086
04/25/2020,Mexico,Violence against civilians,8,23.0824,-103.2086
05/02/2020,Mexico,Violence against civilians,9,23.0824,-103.2086
05/09/2020,Mexico,Violence against civilians,4,23.0824,-103.2086
05/16/2020,Mexico,Violence against civilians,5,23.0824,-103.2086
05/23/2020,Mexico,Violence against civilians,6,23.0824,-103.2086
05/30/2020,Mexico,Violence against civilians,2,23.0824,-103.2086
06/06/2020,Mexico,Violence against civilians,3,23.0824,-103.2086
06/13/2020,Mexico,Violence against civilians,3,23.0824,-103.2086
06/20/2020,Mexico,Violence against civilians,5,23.0824,-103.2086
06/27/2020,Mexico,Violence against civilians,4,23.0824,-103.2086
07/04/2020,Mexico,Violence against civilians,6,23.0824,-103.2086
07/11/2020,Mexico,Violence against civilians,5,23.0824,-103.2086
07/18/2020,Mexico,Violence against civilians,1,23.0824,-103.2086
07/25/2020,Mexico,Violence against civilians,3,23.0824,-103.2086
08/01/2020,Mexico,Violence against civilians,7,23.0824,-103.2086
08/08/2020,Mexico,Violence against civilians,3,23.0824,-103.2086
08/15/2020,Mexico,Violence against civilians,5,23.0824,-103.2086
08/22/2020,Mexico,Violence against civilians,5,23.0824,-103.2086
08/29/2020,Mexico,Violence against civilians,6,23.0824,-103.2086
09/05/2020,Mexico,Violence against civilians,6,23.0824,-103.2086
09/12/2020,Mexico,Violence against civilians,4,23.0824,-103.2086
09/19/2020,Mexico,Violence against civilians,6,23.0824,-103.2086
09/26/2020,Mexico,Violence against civilians,8,23.0824,-103.2086
10/03/2020,Mexico,Violence against civilians,3,23.0824,-103.2086
10/10/2020,Mexico,Violence against civilians,2,23.0824,-103.2086
10/17/2020,Mexico,Violence against civilians,1,23.0824,-103.2086
10/24/2020,Mexico,Violence against civilians,4,23.0824,-103.2086
10/31/2020,Mexico,Violence against civilians,2,23.0824,-103.2086
11/07/2020,Mexico,Violence against civilians,5,23.0824,-103.2086
11/14/2020,Mexico,Violence against civilians,4,23.0824,-103.2086
11/21/2020,Mexico,Violence against civilians,13,23.0824,-103.2086
11/28/2020,Mexico,Violence against civilians,8,23.0824,-103.2086
12/05/2020,Mexico,Violence against civilians,4,23.0824,-103.2086
12/12/2020,Mexico,Violence against civilians,14,23.0824,-103.2086
12/19/2020,Mexico,Violence against civilians,2,23.0824,-103.2086
12/26/2020,Mexico,Violence against civilians,5,23.0824,-103.2086
01/02/2021,Mexico,Violence against civilians,4,23.0824,-103.2086
01/16/2021,Mexico,Violence against civilians,2,23.0824,-103.2086
01/23/2021,Mexico,Violence against civilians,3,23.0824,-103.2086
01/30/2021,Mexico,Violence against civilians,4,23.0824,-103.2086
02/06/2021,Mexico,Violence against civilians,5,23.0824,-103.2086
02/13/2021,Mexico,Violence against civilians,8,23.0824,-103.2086
02/20/2021,Mexico,Violence against civilians,1,23.0824,-103.2086
02/27/2021,Mexico,Violence against civilians,3,23.0824,-103.2086
03/06/2021,Mexico,Violence against civilians,2,23.0824,-103.2086
03/13/2021,Mexico,Violence against civilians,3,23.0824,-103.2086
03/20/2021,Mexico,Violence against civilians,2,23.0824,-103.2086
03/27/2021,Mexico,Violence against civilians,1,23.0824,-103.2086
04/03/2021,Mexico,Violence against civilians,3,23.0824,-103.2086
04/17/2021,Mexico,Violence against civilians,3,23.0824,-103.2086
04/24/2021,Mexico,Violence against civilians,2,23.0824,-103.2086
05/01/2021,Mexico,Violence against civilians,2,23.0824,-103.2086
05/08/2021,Mexico,Violence against civilians,4,23.0824,-103.2086
05/15/2021,Mexico,Violence against civilians,3,23.0824,-103.2086
05/22/2021,Mexico,Violence against civilians,2,23.0824,-103.2086
05/29/2021,Mexico,Violence against civilians,7,23.0824,-103.2086
06/12/2021,Mexico,Violence against civilians,2,23.0824,-103.2086
06/19/2021,Mexico,Violence against civilians,3,23.0824,-103.2086
06/26/2021,Mexico,Violence against civilians,4,23.0824,-103.2086
07/03/2021,Mexico,Violence against civilians,6,23.0824,-103.2086
07/10/2021,Mexico,Violence against civilians,3,23.0824,-103.2086
07/17/2021,Mexico,Violence against civilians,2,23.0824,-103.2086
07/24/2021,Mexico,Violence against civilians,5,23.0824,-103.2086
07/31/2021,Mexico,Violence against civilians,3,23.0824,-103.2086
08/07/2021,Mexico,Violence against civilians,12,23.0824,-103.2086
08/14/2021,Mexico,Violence against civilians,4,23.0824,-103.2086
08/21/2021,Mexico,Violence against civilians,6,23.0824,-103.2086
08/28/2021,Mexico,Violence against civilians,6,23.0824,-103.2086
09/04/2021,Mexico,Violence against civilians,7,23.0824,-103.2086
09/18/2021,Mexico,Violence against civilians,2,23.0824,-103.2086
09/25/2021,Mexico,Violence against civilians,3,23.0824,-103.2086
10/02/2021,Mexico,Violence against civilians,2,23.0824,-103.2086
10/09/2021,Mexico,Violence against civilians,1,23.0824,-103.2086
10/16/2021,Mexico,Violence against civilians,3,23.0824,-103.2086
10/23/2021,Mexico,Violence against civilians,9,23.0824,-103.2086
10/30/2021,Mexico,Violence against civilians,10,23.0824,-103.2086
11/06/2021,Mexico,Violence against civilians,9,23.0824,-103.2086
11/13/2021,Mexico,Violence against civilians,7,23.0824,-103.2086
11/20/2021,Mexico,Violence against civilians,4,23.0824,-103.2086
11/27/2021,Mexico,Violence against civilians,2,23.0824,-103.2086
12/04/2021,Mexico,Violence against civilians,2,23.0824,-103.2086
12/11/2021,Mexico,Violence against civilians,5,23.0824,-103.2086
12/18/2021,Mexico,Violence against civilians,8,23.0824,-103.2086
12/25/2021,Mexico,Violence against civilians,4,23.0824,-103.2086
01/01/2022,Mexico,Violence against civilians,2,23.0824,-103.2086
01/08/2022,Mexico,Violence against civilians,6,23.0824,-103.2086
01/15/2022,Mexico,Violence against civilians,6,23.0824,-103.2086
01/22/2022,Mexico,Violence against civilians,8,23.0824,-103.2086
01/29/2022,Mexico,Violence against civilians,2,23.0824,-103.2086
02/05/2022,Mexico,Violence against civilians,7,23.0824,-103.2086
02/12/2022,Mexico,Violence against civilians,9,23.0824,-103.2086
02/19/2022,Mexico,Violence against civilians,2,23.0824,-103.2086
02/26/2022,Mexico,Violence against civilians,1,23.0824,-103.2086
03/05/2022,Mexico,Violence against civilians,4,23.0824,-103.2086
03/12/2022,Mexico,Violence against civilians,1,23.0824,-103.2086
03/19/2022,Mexico,Violence against civilians,1,23.0824,-103.2086
03/26/2022,Mexico,Violence against civilians,1,23.0824,-103.2086
04/02/2022,Mexico,Violence against civilians,1,23.0824,-103.2086
04/09/2022,Mexico,Violence against civilians,7,23.0824,-103.2086
04/16/2022,Mexico,Violence against civilians,3,23.0824,-103.2086
04/23/2022,Mexico,Violence against civilians,3,23.0824,-103.2086
04/30/2022,Mexico,Violence against civilians,3,23.0824,-103.2086
05/07/2022,Mexico,Violence against civilians,1,23.0824,-103.2086
05/14/2022,Mexico,Violence against civilians,5,23.0824,-103.2086
05/21/2022,Mexico,Violence against civilians,2,23.0824,-103.2086
05/28/2022,Mexico,Violence against civilians,8,23.0824,-103.2086
06/04/2022,Mexico,Violence against civilians,1,23.0824,-103.2086
06/11/2022,Mexico,Violence against civilians,6,23.0824,-103.2086
06/18/2022,Mexico,Violence against civilians,5,23.0824,-103.2086
06/25/2022,Mexico,Violence against civilians,5,23.0824,-103.2086
07/02/2022,Mexico,Violence against civilians,4,23.0824,-103.2086
07/09/2022,Mexico,Violence against civilians,4,23.0824,-103.2086
07/16/2022,Mexico,Violence against civilians,1,23.0824,-103.2086
07/23/2022,Mexico,Violence against civilians,5,23.0824,-103.2086
07/30/2022,Mexico,Violence against civilians,4,23.0824,-103.2086
08/06/2022,Mexico,Violence against civilians,3,23.0824,-103.2086
08/13/2022,Mexico,Violence against civilians,6,23.0824,-103.2086
08/20/2022,Mexico,Violence against civilians,2,23.0824,-103.2086
08/27/2022,Mexico,Violence against civilians,2,23.0824,-103.2086
09/03/2022,Mexico,Violence against civilians,8,23.0824,-103.2086
09/10/2022,Mexico,Violence against civilians,9,23.0824,-103.2086
09/17/2022,Mexico,Violence against civilians,4,23.0824,-103.2086
09/24/2022,Mexico,Violence against civilians,1,23.0824,-103.2086
10/01/2022,Mexico,Violence against civilians,2,23.0824,-103.2086
10/08/2022,Mexico,Violence against civilians,5,23.0824,-103.2086
10/15/2022,Mexico,Violence against civilians,8,23.0824,-103.2086
10/22/2022,Mexico,Violence against civilians,14,23.0824,-103.2086
10/29/2022,Mexico,Violence against civilians,3,23.0824,-103.2086
11/05/2022,Mexico,Violence against civilians,5,23.0824,-103.2086
11/12/2022,Mexico,Violence against civilians,9,23.0824,-103.2086
11/19/2022,Mexico,Violence against civilians,4,23.0824,-103.2086
11/26/2022,Mexico,Violence against civilians,4,23.0824,-103.2086
12/03/2022,Mexico,Violence against civilians,9,23.0824,-103.2086
12/10/2022,Mexico,Violence against civilians,11,23.0824,-103.2086
12/17/2022,Mexico,Violence against civilians,5,23.0824,-103.2086
12/24/2022,Mexico,Violence against civilians,3,23.0824,-103.2086
12/31/2022,Mexico,Violence against civilians,7,23.0824,-103.2086
01/07/2023,Mexico,Violence against civilians,5,23.0824,-103.2086
01/14/2023,Mexico,Violence against civilians,7,23.0824,-103.2086
01/21/2023,Mexico,Violence against civilians,10,23.0824,-103.2086
01/28/2023,Mexico,Violence against civilians,3,23.0824,-103.2086
02/04/2023,Mexico,Violence against civilians,5,23.0824,-103.2086
02/11/2023,Mexico,Violence against civilians,6,23.0824,-103.2086
02/18/2023,Mexico,Violence against civilians,5,23.0824,-103.2086
02/25/2023,Mexico,Violence against civilians,6,23.0824,-103.2086
03/04/2023,Mexico,Violence against civilians,4,23.0824,-103.2086
03/11/2023,Mexico,Violence against civilians,6,23.0824,-103.2086
03/18/2023,Mexico,Violence against civilians,3,23.0824,-103.2086
03/25/2023,Mexico,Violence against civilians,2,23.0824,-103.2086
04/01/2023,Mexico,Violence against civilians,5,23.0824,-103.2086
04/08/2023,Mexico,Violence against civilians,6,23.0824,-103.2086
04/15/2023,Mexico,Violence against civilians,6,23.0824,-103.2086
04/22/2023,Mexico,Violence against civilians,5,23.0824,-103.2086
04/29/2023,Mexico,Violence against civilians,4,23.0824,-103.2086
05/06/2023,Mexico,Violence against civilians,2,23.0824,-103.2086
05/13/2023,Mexico,Violence against civilians,8,23.0824,-103.2086
05/20/2023,Mexico,Violence against civilians,5,23.0824,-103.2086
05/27/2023,Mexico,Violence against civilians,4,23.0824,-103.2086
06/03/2023,Mexico,Violence against civilians,5,23.0824,-103.2086
06/10/2023,Mexico,Violence against civilians,3,23.0824,-103.2086
06/17/2023,Mexico,Violence against civilians,3,23.0824,-103.2086
06/24/2023,Mexico,Violence against civilians,8,23.0824,-103.2086
07/01/2023,Mexico,Violence against civilians,2,23.0824,-103.2086
07/08/2023,Mexico,Violence against civilians,6,23.0824,-103.2086
07/15/2023,Mexico,Violence against civilians,4,23.0824,-103.2086
07/22/2023,Mexico,Violence against civilians,8,23.0824,-103.2086
07/29/2023,Mexico,Violence against civilians,4,23.0824,-103.2086
08/05/2023,Mexico,Violence against civilians,3,23.0824,-103.2086
08/12/2023,Mexico,Violence against civilians,1,23.0824,-103.2086
08/19/2023,Mexico,Violence against civilians,3,23.0824,-103.2086
08/26/2023,Mexico,Violence against civilians,5,23.0824,-103.2086
09/02/2023,Mexico,Violence against civilians,7,23.0824,-103.2086
09/09/2023,Mexico,Violence against civilians,3,23.0824,-103.2086
09/16/2023,Mexico,Violence against civilians,2,23.0824,-103.2086
09/23/2023,Mexico,Violence against civilians,4,23.0824,-103.2086
09/30/2023,Mexico,Violence against civilians,3,23.0824,-103.2086
10/07/2023,Mexico,Violence against civilians,5,23.0824,-103.2086
10/14/2023,Mexico,Violence against civilians,3,23.0824,-103.2086
10/21/2023,Mexico,Violence against civilians,2,23.0824,-103.2086
10/28/2023,Mexico,Violence against civilians,5,23.0824,-103.2086
11/04/2023,Mexico,Violence against civilians,6,23.0824,-103.2086
11/11/2023,Mexico,Violence against civilians,3,23.0824,-103.2086
11/18/2023,Mexico,Violence against civilians,1,23.0824,-103.2086
11/25/2023,Mexico,Violence against civilians,1,23.0824,-103.2086
12/02/2023,Mexico,Violence against civilians,3,23.0824,-103.2086
12/09/2023,Mexico,Violence against civilians,3,23.0824,-103.2086
12/16/2023,Mexico,Violence against civilians,5,23.0824,-103.2086
01/06/2024,Mexico,Violence against civilians,3,23.0824,-103.2086
01/27/2024,Mexico,Violence against civilians,1,23.0824,-103.2086
02/03/2024,Mexico,Violence against civilians,2,23.0824,-103.2086
02/10/2024,Mexico,Violence against civilians,1,23.0824,-103.2086
02/17/2024,Mexico,Violence against civilians,4,23.0824,-103.2086
02/24/2024,Mexico,Violence against civilians,2,23.0824,-103.2086
03/09/2024,Mexico,Violence against civilians,1,23.0824,-103.2086
03/16/2024,Mexico,Violence against civilians,1,23.0824,-103.2086
03/30/2024,Mexico,Violence against civilians,2,23.0824,-103.2086
04/13/2024,Mexico,Violence against civilians,2,23.0824,-103.2086
04/20/2024,Mexico,Violence against civilians,2,23.0824,-103.2086
04/27/2024,Mexico,Violence against civilians,1,23.0824,-103.2086
05/04/2024,Mexico,Violence against civilians,6,23.0824,-103.2086
05/11/2024,Mexico,Violence against civilians,3,23.0824,-103.2086
05/25/2024,Mexico,Violence against civilians,1,23.0824,-103.2086
06/01/2024,Mexico,Violence against civilians,2,23.0824,-103.2086
06/08/2024,Mexico,Violence against civilians,2,23.0824,-103.2086
06/15/2024,Mexico,Violence against civilians,2,23.0824,-103.2086
06/22/2024,Mexico,Violence against civilians,3,23.0824,-103.2086
06/29/2024,Mexico,Violence against civilians,3,23.0824,-103.2086
07/06/2024,Mexico,Violence against civilians,4,23.0824,-103.2086
07/13/2024,Mexico,Violence against civilians,4,23.0824,-103.2086
07/20/2024,Mexico,Violence against civilians,1,23.0824,-103.2086
07/27/2024,Mexico,Violence against civilians,1,23.0824,-103.2086
08/10/2024,Mexico,Violence against civilians,1,23.0824,-103.2086
08/17/2024,Mexico,Violence against civilians,1,23.0824,-103.2086
08/24/2024,Mexico,Violence against civilians,2,23.0824,-103.2086
08/31/2024,Mexico,Violence against civilians,1,23.0824,-103.2086
09/07/2024,Mexico,Violence against civilians,2,23.0824,-103.2086
09/14/2024,Mexico,Violence against civilians,2,23.0824,-103.2086
09/21/2024,Mexico,Violence against civilians,7,23.0824,-103.2086
10/05/2024,Mexico,Violence against civilians,1,23.0824,-103.2086
10/19/2024,Mexico,Violence against civilians,2,23.0824,-103.2086
10/26/2024,Mexico,Violence against civilians,2,23.0824,-103.2086
11/02/2024,Mexico,Violence against civilians,2,23.0824,-103.2086
11/09/2024,Mexico,Violence against civilians,3,23.0824,-103.2086
11/23/2024,Mexico,Violence against civilians,1,23.0824,-103.2086
11/30/2024,Mexico,Violence against civilians,5,23.0824,-103.2086
12/07/2024,Mexico,Violence against civilians,1,23.0824,-103.2086
12/14/2024,Mexico,Violence against civilians,1,23.0824,-103.2086
12/21/2024,Mexico,Violence against civilians,2,23.0824,-103.2086
01/04/2025,Mexico,Violence against civilians,4,23.0824,-103.2086
01/11/2025,Mexico,Violence against civilians,1,23.0824,-103.2086
01/18/2025,Mexico,Violence against civilians,2,23.0824,-103.2086
02/08/2025,Mexico,Violence against civilians,3,23.0824,-103.2086
02/15/2025,Mexico,Violence against civilians,2,23.0824,-103.2086
02/22/2025,Mexico,Violence against civilians,1,23.0824,-103.2086
03/01/2025,Mexico,Violence against civilians,1,23.0824,-103.2086
03/08/2025,Mexico,Violence against civilians,3,23.0824,-103.2086
03/15/2025,Mexico,Violence against civilians,2,23.0824,-103.2086
03/22/2025,Mexico,Violence against civilians,1,23.0824,-103.2086
03/29/2025,Mexico,Violence against civilians,5,23.0824,-103.2086
04/05/2025,Mexico,Violence against civilians,2,23.0824,-103.2086
04/12/2025,Mexico,Violence against civilians,1,23.0824,-103.2086
04/19/2025,Mexico,Violence against civilians,2,23.0824,-103.2086
04/26/2025,Mexico,Violence against civilians,2,23.0824,-103.2086
05/03/2025,Mexico,Violence against civilians,1,23.0824,-103.2086
05/10/2025,Mexico,Violence against civilians,4,23.0824,-103.2086
05/17/2025,Mexico,Violence against civilians,1,23.0824,-103.2086
05/24/2025,Mexico,Violence against civilians,3,23.0824,-103.2086
06/14/2025,Mexico,Violence against civilians,1,23.0824,-103.2086
06/21/2025,Mexico,Violence against civilians,1,23.0824,-103.2086
06/28/2025,Mexico,Violence against civilians,1,23.0824,-103.2086
07/19/2025,Mexico,Violence against civilians,1,23.0824,-103.2086
08/23/2025,Mexico,Violence against civilians,1,23.0824,-103.2086
09/06/2025,Mexico,Violence against civilians,1,23.0824,-103.2086
09/13/2025,Mexico,Violence against civilians,1,23.0824,-103.2086
05/26/2018,Mexico,Violence against civilians,1,23.0824,-103.2086
10/06/2018,Mexico,Violence against civilians,1,23.0824,-103.2086
