WEEK,COUNTRY,EVENT_TYPE,EVENTS,CENTROID_LATITUDE,CENTROID_LONGITUDE
03/06/2021,Israel,Explosions/Remote violence,1,33.8438,28.4103
06/22/2024,Israel,Explosions/Remote violence,2,33.8438,28.4103
08/24/2024,Israel,Explosions/Remote violence,1,33.8438,28.4103
08/06/2022,Israel,Explosions/Remote violence,1,33.8438,28.4103
05/18/2024,Israel,Explosions/Remote violence,1,33.8438,28.4103
05/25/2024,Israel,Explosions/Remote violence,1,33.8438,28.4103
06/22/2024,Israel,Explosions/Remote violence,1,33.8438,28.4103
06/29/2024,Israel,Explosions/Remote violence,1,33.8438,28.4103
02/25/2017,Israel,Explosions/Remote violence,1,30.6783,34.8831
09/07/2019,Israel,Explosions/Remote violence,1,30.6783,34.8831
10/07/2023,Israel,Explosions/Remote violence,6,30.6783,34.8831
10/14/2023,Israel,Explosions/Remote violence,1,30.6783,34.8831
11/04/2023,Israel,Explosions/Remote violence,1,30.6783,34.8831
03/30/2024,Israel,Explosions/Remote violence,1,30.6783,34.8831
04/13/2024,Israel,Explosions/Remote violence,1,30.6783,34.8831
09/21/2024,Israel,Explosions/Remote violence,2,30.6783,34.8831
10/05/2024,Israel,Explosions/Remote violence,1,30.6783,34.8831
10/19/2024,Israel,Explosions/Remote violence,1,30.6783,34.8831
10/26/2024,Israel,Explosions/Remote violence,1,30.6783,34.8831
11/23/2024,Israel,Explosions/Remote violence,1,30.6783,34.8831
12/21/2024,Israel,Explosions/Remote violence,1,30.6783,34.8831
06/21/2025,Israel,Explosions/Remote violence,1,30.6783,34.8831
09/06/2025,Israel,Explosions/Remote violence,1,30.6783,34.8831
09/13/2025,Israel,Explosions/Remote violence,1,30.6783,34.8831
09/20/2025,Israel,Explosions/Remote violence,1,30.6783,34.8831
02/17/2018,Israel,Explosions/Remote violence,1,30.6783,34.8831
05/05/2018,Israel,Explosions/Remote violence,1,30.6783,34.8831
03/04/2023,Israel,Explosions/Remote violence,1,30.6783,34.8831
12/26/2015,Israel,Explosions/Remote violence,1,30.6783,34.8831
01/23/2016,Israel,Explosions/Remote violence,1,30.6783,34.8831
03/05/2016,Israel,Explosions/Remote violence,1,30.6783,34.8831
03/12/2016,Israel,Explosions/Remote violence,1,30.6783,34.8831
04/30/2016,Israel,Explosions/Remote violence,1,30.6783,34.8831
05/21/2016,Israel,Explosions/Remote violence,1,30.6783,34.8831
06/25/2016,Israel,Explosions/Remote violence,1,30.6783,34.8831
08/20/2016,Israel,Explosions/Remote violence,1,30.6783,34.8831
09/03/2016,Israel,Explosions/Remote violence,1,30.6783,34.8831
09/10/2016,Israel,Explosions/Remote violence,1,30.6783,34.8831
10/01/2016,Israel,Explosions/Remote violence,1,30.6783,34.8831
10/22/2016,Israel,Explosions/Remote violence,1,30.6783,34.8831
02/04/2017,Israel,Explosions/Remote violence,2,30.6783,34.8831
02/18/2017,Israel,Explosions/Remote violence,1,30.6783,34.8831
02/25/2017,Israel,Explosions/Remote violence,1,30.6783,34.8831
03/11/2017,Israel,Explosions/Remote violence,1,30.6783,34.8831
03/18/2017,Israel,Explosions/Remote violence,1,30.6783,34.8831
04/08/2017,Israel,Explosions/Remote violence,1,30.6783,34.8831
05/20/2017,Israel,Explosions/Remote violence,2,30.6783,34.8831
06/24/2017,Israel,Explosions/Remote violence,1,30.6783,34.8831
07/22/2017,Israel,Explosions/Remote violence,1,30.6783,34.8831
08/05/2017,Israel,Explosions/Remote violence,1,30.6783,34.8831
10/14/2017,Israel,Explosions/Remote violence,1,30.6783,34.8831
11/18/2017,Israel,Explosions/Remote violence,1,30.6783,34.8831
11/25/2017,Israel,Explosions/Remote violence,1,30.6783,34.8831
12/02/2017,Israel,Explosions/Remote violence,1,30.6783,34.8831
12/09/2017,Israel,Explosions/Remote violence,2,30.6783,34.8831
12/16/2017,Israel,Explosions/Remote violence,2,30.6783,34.8831
12/23/2017,Israel,Explosions/Remote violence,1,30.6783,34.8831
12/30/2017,Israel,Explosions/Remote violence,4,30.6783,34.8831
01/27/2018,Israel,Explosions/Remote violence,1,30.6783,34.8831
02/17/2018,Israel,Explosions/Remote violence,2,30.6783,34.8831
04/07/2018,Israel,Explosions/Remote violence,1,30.6783,34.8831
04/21/2018,Israel,Explosions/Remote violence,2,30.6783,34.8831
04/28/2018,Israel,Explosions/Remote violence,1,30.6783,34.8831
05/05/2018,Israel,Explosions/Remote violence,5,30.6783,34.8831
05/12/2018,Israel,Explosions/Remote violence,3,30.6783,34.8831
05/19/2018,Israel,Explosions/Remote violence,2,30.6783,34.8831
05/26/2018,Israel,Explosions/Remote violence,15,30.6783,34.8831
06/02/2018,Israel,Explosions/Remote violence,14,30.6783,34.8831
06/09/2018,Israel,Explosions/Remote violence,9,30.6783,34.8831
06/16/2018,Israel,Explosions/Remote violence,9,30.6783,34.8831
06/23/2018,Israel,Explosions/Remote violence,13,30.6783,34.8831
06/30/2018,Israel,Explosions/Remote violence,7,30.6783,34.8831
07/07/2018,Israel,Explosions/Remote violence,11,30.6783,34.8831
07/14/2018,Israel,Explosions/Remote violence,24,30.6783,34.8831
07/21/2018,Israel,Explosions/Remote violence,16,30.6783,34.8831
07/28/2018,Israel,Explosions/Remote violence,9,30.6783,34.8831
08/04/2018,Israel,Explosions/Remote violence,13,30.6783,34.8831
08/11/2018,Israel,Explosions/Remote violence,6,30.6783,34.8831
08/18/2018,Israel,Explosions/Remote violence,3,30.6783,34.8831
08/25/2018,Israel,Explosions/Remote violence,2,30.6783,34.8831
09/01/2018,Israel,Explosions/Remote violence,3,30.6783,34.8831
09/15/2018,Israel,Explosions/Remote violence,10,30.6783,34.8831
09/22/2018,Israel,Explosions/Remote violence,18,30.6783,34.8831
09/29/2018,Israel,Explosions/Remote violence,7,30.6783,34.8831
10/06/2018,Israel,Explosions/Remote violence,10,30.6783,34.8831
10/13/2018,Israel,Explosions/Remote violence,2,30.6783,34.8831
10/20/2018,Israel,Explosions/Remote violence,11,30.6783,34.8831
10/27/2018,Israel,Explosions/Remote violence,2,30.6783,34.8831
11/10/2018,Israel,Explosions/Remote violence,11,30.6783,34.8831
01/05/2019,Israel,Explosions/Remote violence,2,30.6783,34.8831
01/12/2019,Israel,Explosions/Remote violence,1,30.6783,34.8831
02/02/2019,Israel,Explosions/Remote violence,1,30.6783,34.8831
02/09/2019,Israel,Explosions/Remote violence,3,30.6783,34.8831
02/16/2019,Israel,Explosions/Remote violence,2,30.6783,34.8831
02/23/2019,Israel,Explosions/Remote violence,2,30.6783,34.8831
03/02/2019,Israel,Explosions/Remote violence,6,30.6783,34.8831
03/09/2019,Israel,Explosions/Remote violence,6,30.6783,34.8831
03/16/2019,Israel,Explosions/Remote violence,6,30.6783,34.8831
03/23/2019,Israel,Explosions/Remote violence,11,30.6783,34.8831
03/30/2019,Israel,Explosions/Remote violence,1,30.6783,34.8831
04/13/2019,Israel,Explosions/Remote violence,2,30.6783,34.8831
04/20/2019,Israel,Explosions/Remote violence,3,30.6783,34.8831
04/27/2019,Israel,Explosions/Remote violence,9,30.6783,34.8831
05/04/2019,Israel,Explosions/Remote violence,24,30.6783,34.8831
05/11/2019,Israel,Explosions/Remote violence,7,30.6783,34.8831
05/18/2019,Israel,Explosions/Remote violence,9,30.6783,34.8831
05/25/2019,Israel,Explosions/Remote violence,2,30.6783,34.8831
06/01/2019,Israel,Explosions/Remote violence,2,30.6783,34.8831
06/08/2019,Israel,Explosions/Remote violence,13,30.6783,34.8831
06/15/2019,Israel,Explosions/Remote violence,1,30.6783,34.8831
06/22/2019,Israel,Explosions/Remote violence,13,30.6783,34.8831
06/29/2019,Israel,Explosions/Remote violence,2,30.6783,34.8831
07/06/2019,Israel,Explosions/Remote violence,3,30.6783,34.8831
07/13/2019,Israel,Explosions/Remote violence,3,30.6783,34.8831
07/20/2019,Israel,Explosions/Remote violence,1,30.6783,34.8831
07/27/2019,Israel,Explosions/Remote violence,2,30.6783,34.8831
08/10/2019,Israel,Explosions/Remote violence,5,30.6783,34.8831
08/17/2019,Israel,Explosions/Remote violence,6,30.6783,34.8831
08/24/2019,Israel,Explosions/Remote violence,3,30.6783,34.8831
08/31/2019,Israel,Explosions/Remote violence,1,30.6783,34.8831
09/07/2019,Israel,Explosions/Remote violence,2,30.6783,34.8831
09/28/2019,Israel,Explosions/Remote violence,2,30.6783,34.8831
10/26/2019,Israel,Explosions/Remote violence,3,30.6783,34.8831
11/09/2019,Israel,Explosions/Remote violence,12,30.6783,34.8831
11/23/2019,Israel,Explosions/Remote violence,4,30.6783,34.8831
12/14/2019,Israel,Explosions/Remote violence,1,30.6783,34.8831
01/11/2020,Israel,Explosions/Remote violence,5,30.6783,34.8831
01/18/2020,Israel,Explosions/Remote violence,2,30.6783,34.8831
01/25/2020,Israel,Explosions/Remote violence,7,30.6783,34.8831
02/01/2020,Israel,Explosions/Remote violence,11,30.6783,34.8831
02/08/2020,Israel,Explosions/Remote violence,8,30.6783,34.8831
02/15/2020,Israel,Explosions/Remote violence,2,30.6783,34.8831
02/22/2020,Israel,Explosions/Remote violence,7,30.6783,34.8831
03/21/2020,Israel,Explosions/Remote violence,1,30.6783,34.8831
05/02/2020,Israel,Explosions/Remote violence,1,30.6783,34.8831
05/23/2020,Israel,Explosions/Remote violence,1,30.6783,34.8831
06/13/2020,Israel,Explosions/Remote violence,1,30.6783,34.8831
06/20/2020,Israel,Explosions/Remote violence,1,30.6783,34.8831
08/08/2020,Israel,Explosions/Remote violence,20,30.6783,34.8831
08/15/2020,Israel,Explosions/Remote violence,24,30.6783,34.8831
08/22/2020,Israel,Explosions/Remote violence,13,30.6783,34.8831
08/29/2020,Israel,Explosions/Remote violence,1,30.6783,34.8831
09/19/2020,Israel,Explosions/Remote violence,1,30.6783,34.8831
10/10/2020,Israel,Explosions/Remote violence,1,30.6783,34.8831
10/17/2020,Israel,Explosions/Remote violence,1,30.6783,34.8831
11/14/2020,Israel,Explosions/Remote violence,1,30.6783,34.8831
11/21/2020,Israel,Explosions/Remote violence,1,30.6783,34.8831
03/20/2021,Israel,Explosions/Remote violence,1,30.6783,34.8831
04/10/2021,Israel,Explosions/Remote violence,2,30.6783,34.8831
04/17/2021,Israel,Explosions/Remote violence,2,30.6783,34.8831
04/24/2021,Israel,Explosions/Remote violence,4,30.6783,34.8831
05/01/2021,Israel,Explosions/Remote violence,3,30.6783,34.8831
05/08/2021,Israel,Explosions/Remote violence,28,30.6783,34.8831
05/15/2021,Israel,Explosions/Remote violence,40,30.6783,34.8831
05/22/2021,Israel,Explosions/Remote violence,1,30.6783,34.8831
05/29/2021,Israel,Explosions/Remote violence,1,30.6783,34.8831
06/12/2021,Israel,Explosions/Remote violence,3,30.6783,34.8831
06/26/2021,Israel,Explosions/Remote violence,4,30.6783,34.8831
07/03/2021,Israel,Explosions/Remote violence,1,30.6783,34.8831
07/24/2021,Israel,Explosions/Remote violence,2,30.6783,34.8831
07/31/2021,Israel,Explosions/Remote violence,3,30.6783,34.8831
08/21/2021,Israel,Explosions/Remote violence,3,30.6783,34.8831
08/28/2021,Israel,Explosions/Remote violence,1,30.6783,34.8831
09/04/2021,Israel,Explosions/Remote violence,2,30.6783,34.8831
04/16/2022,Israel,Explosions/Remote violence,3,30.6783,34.8831
07/16/2022,Israel,Explosions/Remote violence,2,30.6783,34.8831
07/30/2022,Israel,Explosions/Remote violence,3,30.6783,34.8831
08/06/2022,Israel,Explosions/Remote violence,13,30.6783,34.8831
12/03/2022,Israel,Explosions/Remote violence,1,30.6783,34.8831
01/21/2023,Israel,Explosions/Remote violence,1,30.6783,34.8831
01/28/2023,Israel,Explosions/Remote violence,1,30.6783,34.8831
02/11/2023,Israel,Explosions/Remote violence,1,30.6783,34.8831
02/18/2023,Israel,Explosions/Remote violence,1,30.6783,34.8831
03/04/2023,Israel,Explosions/Remote violence,1,30.6783,34.8831
03/18/2023,Israel,Explosions/Remote violence,1,30.6783,34.8831
04/01/2023,Israel,Explosions/Remote violence,5,30.6783,34.8831
04/29/2023,Israel,Explosions/Remote violence,4,30.6783,34.8831
05/06/2023,Israel,Explosions/Remote violence,26,30.6783,34.8831
05/13/2023,Israel,Explosions/Remote violence,6,30.6783,34.8831
09/16/2023,Israel,Explosions/Remote violence,1,30.6783,34.8831
09/23/2023,Israel,Explosions/Remote violence,4,30.6783,34.8831
10/07/2023,Israel,Explosions/Remote violence,48,30.6783,34.8831
10/14/2023,Israel,Explosions/Remote violence,31,30.6783,34.8831
10/21/2023,Israel,Explosions/Remote violence,17,30.6783,34.8831
10/28/2023,Israel,Explosions/Remote violence,30,30.6783,34.8831
11/04/2023,Israel,Explosions/Remote violence,10,30.6783,34.8831
11/11/2023,Israel,Explosions/Remote violence,11,30.6783,34.8831
11/18/2023,Israel,Explosions/Remote violence,5,30.6783,34.8831
11/25/2023,Israel,Explosions/Remote violence,5,30.6783,34.8831
12/02/2023,Israel,Explosions/Remote violence,10,30.6783,34.8831
12/09/2023,Israel,Explosions/Remote violence,4,30.6783,34.8831
12/16/2023,Israel,Explosions/Remote violence,5,30.6783,34.8831
12/23/2023,Israel,Explosions/Remote violence,2,30.6783,34.8831
12/30/2023,Israel,Explosions/Remote violence,2,30.6783,34.8831
01/06/2024,Israel,Explosions/Remote violence,2,30.6783,34.8831
01/13/2024,Israel,Explosions/Remote violence,9,30.6783,34.8831
01/27/2024,Israel,Explosions/Remote violence,2,30.6783,34.8831
02/03/2024,Israel,Explosions/Remote violence,2,30.6783,34.8831
02/10/2024,Israel,Explosions/Remote violence,2,30.6783,34.8831
02/17/2024,Israel,Explosions/Remote violence,2,30.6783,34.8831
02/24/2024,Israel,Explosions/Remote violence,3,30.6783,34.8831
03/02/2024,Israel,Explosions/Remote violence,5,30.6783,34.8831
03/09/2024,Israel,Explosions/Remote violence,1,30.6783,34.8831
03/16/2024,Israel,Explosions/Remote violence,1,30.6783,34.8831
03/23/2024,Israel,Explosions/Remote violence,2,30.6783,34.8831
03/30/2024,Israel,Explosions/Remote violence,3,30.6783,34.8831
04/06/2024,Israel,Explosions/Remote violence,2,30.6783,34.8831
04/13/2024,Israel,Explosions/Remote violence,9,30.6783,34.8831
04/20/2024,Israel,Explosions/Remote violence,3,30.6783,34.8831
04/27/2024,Israel,Explosions/Remote violence,4,30.6783,34.8831
05/04/2024,Israel,Explosions/Remote violence,13,30.6783,34.8831
05/11/2024,Israel,Explosions/Remote violence,14,30.6783,34.8831
05/18/2024,Israel,Explosions/Remote violence,3,30.6783,34.8831
05/25/2024,Israel,Explosions/Remote violence,2,30.6783,34.8831
06/01/2024,Israel,Explosions/Remote violence,2,30.6783,34.8831
06/08/2024,Israel,Explosions/Remote violence,7,30.6783,34.8831
06/15/2024,Israel,Explosions/Remote violence,8,30.6783,34.8831
06/22/2024,Israel,Explosions/Remote violence,3,30.6783,34.8831
06/29/2024,Israel,Explosions/Remote violence,6,30.6783,34.8831
07/06/2024,Israel,Explosions/Remote violence,3,30.6783,34.8831
07/13/2024,Israel,Explosions/Remote violence,2,30.6783,34.8831
07/20/2024,Israel,Explosions/Remote violence,6,30.6783,34.8831
07/27/2024,Israel,Explosions/Remote violence,4,30.6783,34.8831
08/03/2024,Israel,Explosions/Remote violence,5,30.6783,34.8831
08/10/2024,Israel,Explosions/Remote violence,6,30.6783,34.8831
08/17/2024,Israel,Explosions/Remote violence,3,30.6783,34.8831
08/24/2024,Israel,Explosions/Remote violence,1,30.6783,34.8831
09/07/2024,Israel,Explosions/Remote violence,1,30.6783,34.8831
09/14/2024,Israel,Explosions/Remote violence,1,30.6783,34.8831
09/28/2024,Israel,Explosions/Remote violence,2,30.6783,34.8831
10/05/2024,Israel,Explosions/Remote violence,2,30.6783,34.8831
10/12/2024,Israel,Explosions/Remote violence,1,30.6783,34.8831
11/02/2024,Israel,Explosions/Remote violence,1,30.6783,34.8831
11/09/2024,Israel,Explosions/Remote violence,1,30.6783,34.8831
11/16/2024,Israel,Explosions/Remote violence,1,30.6783,34.8831
11/23/2024,Israel,Explosions/Remote violence,1,30.6783,34.8831
12/07/2024,Israel,Explosions/Remote violence,1,30.6783,34.8831
12/14/2024,Israel,Explosions/Remote violence,1,30.6783,34.8831
12/21/2024,Israel,Explosions/Remote violence,1,30.6783,34.8831
12/28/2024,Israel,Explosions/Remote violence,5,30.6783,34.8831
01/04/2025,Israel,Explosions/Remote violence,2,30.6783,34.8831
03/22/2025,Israel,Explosions/Remote violence,1,30.6783,34.8831
04/05/2025,Israel,Explosions/Remote violence,2,30.6783,34.8831
05/10/2025,Israel,Explosions/Remote violence,1,30.6783,34.8831
05/17/2025,Israel,Explosions/Remote violence,1,30.6783,34.8831
05/31/2025,Israel,Explosions/Remote violence,1,30.6783,34.8831
06/14/2025,Israel,Explosions/Remote violence,13,30.6783,34.8831
06/21/2025,Israel,Explosions/Remote violence,3,30.6783,34.8831
07/05/2025,Israel,Explosions/Remote violence,1,30.6783,34.8831
07/26/2025,Israel,Explosions/Remote violence,1,30.6783,34.8831
08/09/2025,Israel,Explosions/Remote violence,1,30.6783,34.8831
09/06/2025,Israel,Explosions/Remote violence,1,30.6783,34.8831
09/20/2025,Israel,Explosions/Remote violence,1,30.6783,34.8831
09/27/2025,Israel,Explosions/Remote violence,1,30.6783,34.8831
10/04/2025,Israel,Explosions/Remote violence,1,30.6783,34.8831
02/27/2016,Israel,Riots,1,30.6783,34.8831
03/05/2016,Israel,Riots,1,30.6783,34.8831
07/30/2016,Israel,Riots,1,30.6783,34.8831
03/18/2017,Israel,Riots,1,30.6783,34.8831
07/22/2017,Israel,Riots,1,30.6783,34.8831
09/09/2017,Israel,Riots,1,30.6783,34.8831
02/03/2018,Israel,Riots,1,30.6783,34.8831
05/12/2018,Israel,Riots,1,30.6783,34.8831
05/19/2018,Israel,Riots,1,30.6783,34.8831
05/26/2018,Israel,Riots,1,30.6783,34.8831
06/09/2018,Israel,Riots,1,30.6783,34.8831
01/19/2019,Israel,Riots,2,30.6783,34.8831
03/16/2019,Israel,Riots,1,30.6783,34.8831
05/18/2019,Israel,Riots,1,30.6783,34.8831
06/01/2019,Israel,Riots,1,30.6783,34.8831
06/15/2019,Israel,Riots,1,30.6783,34.8831
06/22/2019,Israel,Riots,1,30.6783,34.8831
08/10/2019,Israel,Riots,1,30.6783,34.8831
08/17/2019,Israel,Riots,1,30.6783,34.8831
09/14/2019,Israel,Riots,1,30.6783,34.8831
10/12/2019,Israel,Riots,1,30.6783,34.8831
11/02/2019,Israel,Riots,1,30.6783,34.8831
01/18/2020,Israel,Riots,1,30.6783,34.8831
02/01/2020,Israel,Riots,1,30.6783,34.8831
10/03/2020,Israel,Riots,1,30.6783,34.8831
10/10/2020,Israel,Riots,2,30.6783,34.8831
10/24/2020,Israel,Riots,1,30.6783,34.8831
10/31/2020,Israel,Riots,1,30.6783,34.8831
01/09/2021,Israel,Riots,1,30.6783,34.8831
01/23/2021,Israel,Riots,1,30.6783,34.8831
02/27/2021,Israel,Riots,1,30.6783,34.8831
04/03/2021,Israel,Riots,1,30.6783,34.8831
05/08/2021,Israel,Riots,7,30.6783,34.8831
05/15/2021,Israel,Riots,1,30.6783,34.8831
05/29/2021,Israel,Riots,1,30.6783,34.8831
07/17/2021,Israel,Riots,1,30.6783,34.8831
10/30/2021,Israel,Riots,1,30.6783,34.8831
11/27/2021,Israel,Riots,1,30.6783,34.8831
12/18/2021,Israel,Riots,1,30.6783,34.8831
01/01/2022,Israel,Riots,3,30.6783,34.8831
01/08/2022,Israel,Riots,6,30.6783,34.8831
02/19/2022,Israel,Riots,1,30.6783,34.8831
03/12/2022,Israel,Riots,3,30.6783,34.8831
04/30/2022,Israel,Riots,1,30.6783,34.8831
07/09/2022,Israel,Riots,1,30.6783,34.8831
10/29/2022,Israel,Riots,1,30.6783,34.8831
11/05/2022,Israel,Riots,1,30.6783,34.8831
02/04/2023,Israel,Riots,1,30.6783,34.8831
02/18/2023,Israel,Riots,1,30.6783,34.8831
05/13/2023,Israel,Riots,1,30.6783,34.8831
01/27/2024,Israel,Riots,1,30.6783,34.8831
05/25/2024,Israel,Riots,1,30.6783,34.8831
08/03/2024,Israel,Riots,1,30.6783,34.8831
08/10/2024,Israel,Riots,1,30.6783,34.8831
02/08/2025,Israel,Riots,1,30.6783,34.8831
04/26/2025,Israel,Riots,1,30.6783,34.8831
02/06/2016,Israel,Riots,1,30.6783,34.8831
08/06/2016,Israel,Riots,1,30.6783,34.8831
12/10/2016,Israel,Riots,1,30.6783,34.8831
01/14/2017,Israel,Riots,1,30.6783,34.8831
03/24/2018,Israel,Riots,1,30.6783,34.8831
03/31/2018,Israel,Riots,1,30.6783,34.8831
05/19/2018,Israel,Riots,1,30.6783,34.8831
11/03/2018,Israel,Riots,1,30.6783,34.8831
11/10/2018,Israel,Riots,4,30.6783,34.8831
12/08/2018,Israel,Riots,1,30.6783,34.8831
03/30/2019,Israel,Riots,1,30.6783,34.8831
06/29/2019,Israel,Riots,2,30.6783,34.8831
02/08/2020,Israel,Riots,1,30.6783,34.8831
05/08/2021,Israel,Riots,2,30.6783,34.8831
07/24/2021,Israel,Riots,2,30.6783,34.8831
09/04/2021,Israel,Riots,2,30.6783,34.8831
10/16/2021,Israel,Riots,2,30.6783,34.8831
12/25/2021,Israel,Riots,1,30.6783,34.8831
01/08/2022,Israel,Riots,5,30.6783,34.8831
03/19/2022,Israel,Riots,1,30.6783,34.8831
06/11/2022,Israel,Riots,1,30.6783,34.8831
07/30/2022,Israel,Riots,1,30.6783,34.8831
03/18/2023,Israel,Riots,1,30.6783,34.8831
04/22/2023,Israel,Riots,1,30.6783,34.8831
07/22/2023,Israel,Riots,1,30.6783,34.8831
01/27/2024,Israel,Riots,2,30.6783,34.8831
02/03/2024,Israel,Riots,3,30.6783,34.8831
02/17/2024,Israel,Riots,1,30.6783,34.8831
02/24/2024,Israel,Riots,1,30.6783,34.8831
03/23/2024,Israel,Riots,1,30.6783,34.8831
05/04/2024,Israel,Riots,1,30.6783,34.8831
05/11/2024,Israel,Riots,2,30.6783,34.8831
07/27/2024,Israel,Riots,1,30.6783,34.8831
05/03/2025,Israel,Riots,1,30.6783,34.8831
08/02/2025,Israel,Riots,2,30.6783,34.8831
09/13/2025,Israel,Riots,1,30.6783,34.8831
10/07/2023,Israel,Violence against civilians,12,30.6783,34.8831
02/06/2016,Israel,Violence against civilians,1,30.6783,34.8831
04/09/2016,Israel,Violence against civilians,1,30.6783,34.8831
04/16/2016,Israel,Violence against civilians,1,30.6783,34.8831
10/22/2016,Israel,Violence against civilians,1,30.6783,34.8831
12/31/2016,Israel,Violence against civilians,1,30.6783,34.8831
01/28/2017,Israel,Violence against civilians,1,30.6783,34.8831
06/10/2017,Israel,Violence against civilians,1,30.6783,34.8831
08/04/2018,Israel,Violence against civilians,1,30.6783,34.8831
11/03/2018,Israel,Violence against civilians,1,30.6783,34.8831
12/15/2018,Israel,Violence against civilians,1,30.6783,34.8831
03/23/2019,Israel,Violence against civilians,2,30.6783,34.8831
10/19/2019,Israel,Violence against civilians,1,30.6783,34.8831
04/11/2020,Israel,Violence against civilians,1,30.6783,34.8831
05/08/2021,Israel,Violence against civilians,1,30.6783,34.8831
05/29/2021,Israel,Violence against civilians,1,30.6783,34.8831
07/24/2021,Israel,Violence against civilians,1,30.6783,34.8831
08/07/2021,Israel,Violence against civilians,1,30.6783,34.8831
12/25/2021,Israel,Violence against civilians,2,30.6783,34.8831
01/01/2022,Israel,Violence against civilians,1,30.6783,34.8831
03/19/2022,Israel,Violence against civilians,3,30.6783,34.8831
04/02/2022,Israel,Violence against civilians,2,30.6783,34.8831
04/16/2022,Israel,Violence against civilians,1,30.6783,34.8831
05/28/2022,Israel,Violence against civilians,1,30.6783,34.8831
10/22/2022,Israel,Violence against civilians,1,30.6783,34.8831
11/12/2022,Israel,Violence against civilians,1,30.6783,34.8831
11/19/2022,Israel,Violence against civilians,1,30.6783,34.8831
11/26/2022,Israel,Violence against civilians,1,30.6783,34.8831
12/17/2022,Israel,Violence against civilians,1,30.6783,34.8831
04/22/2023,Israel,Violence against civilians,2,30.6783,34.8831
10/07/2023,Israel,Violence against civilians,40,30.6783,34.8831
11/18/2023,Israel,Violence against civilians,1,30.6783,34.8831
09/21/2024,Israel,Violence against civilians,1,30.6783,34.8831
10/05/2024,Israel,Violence against civilians,1,30.6783,34.8831
03/08/2025,Israel,Violence against civilians,1,30.6783,34.8831
07/27/2024,Israel,Violence against civilians,1,30.6783,34.8831
10/26/2024,Israel,Explosions/Remote violence,1,32.085,34.9167
11/02/2024,Israel,Explosions/Remote violence,1,32.085,34.9167
12/07/2024,Israel,Explosions/Remote violence,1,32.085,34.9167
06/22/2024,Israel,Explosions/Remote violence,2,32.085,34.9167
12/16/2017,Israel,Explosions/Remote violence,1,32.085,34.9167
03/23/2019,Israel,Explosions/Remote violence,1,32.085,34.9167
11/09/2019,Israel,Explosions/Remote violence,1,32.085,34.9167
04/25/2020,Israel,Explosions/Remote violence,1,32.085,34.9167
05/08/2021,Israel,Explosions/Remote violence,9,32.085,34.9167
05/15/2021,Israel,Explosions/Remote violence,4,32.085,34.9167
05/06/2023,Israel,Explosions/Remote violence,3,32.085,34.9167
05/13/2023,Israel,Explosions/Remote violence,1,32.085,34.9167
10/07/2023,Israel,Explosions/Remote violence,20,32.085,34.9167
10/14/2023,Israel,Explosions/Remote violence,9,32.085,34.9167
10/21/2023,Israel,Explosions/Remote violence,11,32.085,34.9167
10/28/2023,Israel,Explosions/Remote violence,14,32.085,34.9167
11/04/2023,Israel,Explosions/Remote violence,11,32.085,34.9167
11/11/2023,Israel,Explosions/Remote violence,4,32.085,34.9167
11/18/2023,Israel,Explosions/Remote violence,1,32.085,34.9167
12/09/2023,Israel,Explosions/Remote violence,2,32.085,34.9167
12/16/2023,Israel,Explosions/Remote violence,7,32.085,34.9167
12/30/2023,Israel,Explosions/Remote violence,3,32.085,34.9167
01/06/2024,Israel,Explosions/Remote violence,1,32.085,34.9167
01/27/2024,Israel,Explosions/Remote violence,3,32.085,34.9167
05/25/2024,Israel,Explosions/Remote violence,4,32.085,34.9167
08/03/2024,Israel,Explosions/Remote violence,1,32.085,34.9167
08/24/2024,Israel,Explosions/Remote violence,1,32.085,34.9167
09/14/2024,Israel,Explosions/Remote violence,3,32.085,34.9167
09/28/2024,Israel,Explosions/Remote violence,5,32.085,34.9167
10/05/2024,Israel,Explosions/Remote violence,1,32.085,34.9167
10/12/2024,Israel,Explosions/Remote violence,4,32.085,34.9167
10/19/2024,Israel,Explosions/Remote violence,1,32.085,34.9167
11/02/2024,Israel,Explosions/Remote violence,6,32.085,34.9167
11/09/2024,Israel,Explosions/Remote violence,2,32.085,34.9167
11/16/2024,Israel,Explosions/Remote violence,3,32.085,34.9167
11/23/2024,Israel,Explosions/Remote violence,3,32.085,34.9167
12/14/2024,Israel,Explosions/Remote violence,1,32.085,34.9167
12/21/2024,Israel,Explosions/Remote violence,1,32.085,34.9167
04/05/2025,Israel,Explosions/Remote violence,1,32.085,34.9167
05/03/2025,Israel,Explosions/Remote violence,1,32.085,34.9167
06/14/2025,Israel,Explosions/Remote violence,11,32.085,34.9167
06/21/2025,Israel,Explosions/Remote violence,4,32.085,34.9167
08/16/2025,Israel,Explosions/Remote violence,1,32.085,34.9167
02/04/2017,Israel,Riots,1,32.085,34.9167
06/03/2017,Israel,Riots,1,32.085,34.9167
09/23/2017,Israel,Riots,1,32.085,34.9167
01/06/2018,Israel,Riots,1,32.085,34.9167
04/14/2018,Israel,Riots,1,32.085,34.9167
05/12/2018,Israel,Riots,1,32.085,34.9167
12/15/2018,Israel,Riots,2,32.085,34.9167
01/26/2019,Israel,Riots,1,32.085,34.9167
06/29/2019,Israel,Riots,1,32.085,34.9167
07/06/2019,Israel,Riots,1,32.085,34.9167
07/27/2019,Israel,Riots,1,32.085,34.9167
08/24/2019,Israel,Riots,1,32.085,34.9167
08/31/2019,Israel,Riots,1,32.085,34.9167
10/05/2019,Israel,Riots,1,32.085,34.9167
12/07/2019,Israel,Riots,1,32.085,34.9167
12/14/2019,Israel,Riots,1,32.085,34.9167
12/21/2019,Israel,Riots,1,32.085,34.9167
11/07/2020,Israel,Riots,1,32.085,34.9167
02/06/2021,Israel,Riots,1,32.085,34.9167
03/06/2021,Israel,Riots,1,32.085,34.9167
04/10/2021,Israel,Riots,1,32.085,34.9167
04/17/2021,Israel,Riots,1,32.085,34.9167
05/08/2021,Israel,Riots,8,32.085,34.9167
05/15/2021,Israel,Riots,4,32.085,34.9167
05/22/2021,Israel,Riots,1,32.085,34.9167
06/05/2021,Israel,Riots,2,32.085,34.9167
06/12/2021,Israel,Riots,1,32.085,34.9167
06/19/2021,Israel,Riots,1,32.085,34.9167
08/14/2021,Israel,Riots,1,32.085,34.9167
09/11/2021,Israel,Riots,2,32.085,34.9167
09/25/2021,Israel,Riots,1,32.085,34.9167
12/04/2021,Israel,Riots,1,32.085,34.9167
12/25/2021,Israel,Riots,1,32.085,34.9167
01/01/2022,Israel,Riots,1,32.085,34.9167
02/05/2022,Israel,Riots,1,32.085,34.9167
03/05/2022,Israel,Riots,1,32.085,34.9167
03/12/2022,Israel,Riots,1,32.085,34.9167
05/14/2022,Israel,Riots,1,32.085,34.9167
05/21/2022,Israel,Riots,1,32.085,34.9167
06/11/2022,Israel,Riots,1,32.085,34.9167
07/02/2022,Israel,Riots,1,32.085,34.9167
08/13/2022,Israel,Riots,1,32.085,34.9167
09/17/2022,Israel,Riots,1,32.085,34.9167
11/05/2022,Israel,Riots,1,32.085,34.9167
01/14/2023,Israel,Riots,1,32.085,34.9167
01/28/2023,Israel,Riots,1,32.085,34.9167
04/01/2023,Israel,Riots,1,32.085,34.9167
09/30/2023,Israel,Riots,1,32.085,34.9167
10/14/2023,Israel,Riots,1,32.085,34.9167
10/28/2023,Israel,Riots,1,32.085,34.9167
02/04/2017,Israel,Riots,3,32.085,34.9167
05/27/2017,Israel,Riots,1,32.085,34.9167
06/03/2017,Israel,Riots,1,32.085,34.9167
07/08/2017,Israel,Riots,1,32.085,34.9167
08/11/2018,Israel,Riots,1,32.085,34.9167
09/15/2018,Israel,Riots,1,32.085,34.9167
11/24/2018,Israel,Riots,1,32.085,34.9167
12/15/2018,Israel,Riots,1,32.085,34.9167
12/29/2018,Israel,Riots,1,32.085,34.9167
06/29/2019,Israel,Riots,6,32.085,34.9167
01/04/2020,Israel,Riots,1,32.085,34.9167
03/07/2020,Israel,Riots,1,32.085,34.9167
11/28/2020,Israel,Riots,1,32.085,34.9167
01/30/2021,Israel,Riots,1,32.085,34.9167
05/08/2021,Israel,Riots,9,32.085,34.9167
05/15/2021,Israel,Riots,2,32.085,34.9167
07/24/2021,Israel,Riots,3,32.085,34.9167
09/11/2021,Israel,Riots,1,32.085,34.9167
04/30/2022,Israel,Riots,1,32.085,34.9167
05/07/2022,Israel,Riots,1,32.085,34.9167
11/12/2022,Israel,Riots,1,32.085,34.9167
03/11/2023,Israel,Riots,1,32.085,34.9167
03/18/2023,Israel,Riots,2,32.085,34.9167
03/25/2023,Israel,Riots,1,32.085,34.9167
04/08/2023,Israel,Riots,1,32.085,34.9167
04/22/2023,Israel,Riots,1,32.085,34.9167
04/29/2023,Israel,Riots,2,32.085,34.9167
06/24/2023,Israel,Riots,2,32.085,34.9167
07/01/2023,Israel,Riots,4,32.085,34.9167
07/08/2023,Israel,Riots,2,32.085,34.9167
09/02/2023,Israel,Riots,1,32.085,34.9167
09/09/2023,Israel,Riots,1,32.085,34.9167
09/23/2023,Israel,Riots,1,32.085,34.9167
03/02/2024,Israel,Riots,1,32.085,34.9167
04/13/2024,Israel,Riots,1,32.085,34.9167
05/04/2024,Israel,Riots,1,32.085,34.9167
05/11/2024,Israel,Riots,1,32.085,34.9167
06/22/2024,Israel,Riots,1,32.085,34.9167
06/29/2024,Israel,Riots,1,32.085,34.9167
07/27/2024,Israel,Riots,1,32.085,34.9167
09/21/2024,Israel,Riots,2,32.085,34.9167
11/02/2024,Israel,Riots,2,32.085,34.9167
01/18/2025,Israel,Riots,1,32.085,34.9167
03/01/2025,Israel,Riots,1,32.085,34.9167
04/19/2025,Israel,Riots,1,32.085,34.9167
04/26/2025,Israel,Riots,1,32.085,34.9167
05/03/2025,Israel,Riots,1,32.085,34.9167
05/17/2025,Israel,Riots,1,32.085,34.9167
05/24/2025,Israel,Riots,1,32.085,34.9167
05/31/2025,Israel,Riots,1,32.085,34.9167
06/07/2025,Israel,Riots,1,32.085,34.9167
07/19/2025,Israel,Riots,3,32.085,34.9167
07/26/2025,Israel,Riots,1,32.085,34.9167
08/09/2025,Israel,Riots,1,32.085,34.9167
08/16/2025,Israel,Riots,4,32.085,34.9167
08/23/2025,Israel,Riots,2,32.085,34.9167
09/13/2025,Israel,Riots,1,32.085,34.9167
10/04/2025,Israel,Riots,2,32.085,34.9167
10/18/2025,Israel,Riots,1,32.085,34.9167
03/05/2016,Israel,Violence against civilians,1,32.085,34.9167
06/25/2016,Israel,Violence against civilians,1,32.085,34.9167
02/04/2017,Israel,Violence against civilians,1,32.085,34.9167
03/25/2017,Israel,Violence against civilians,1,32.085,34.9167
05/13/2017,Israel,Violence against civilians,1,32.085,34.9167
07/22/2017,Israel,Violence against civilians,1,32.085,34.9167
07/29/2017,Israel,Violence against civilians,1,32.085,34.9167
09/30/2017,Israel,Violence against civilians,1,32.085,34.9167
12/08/2018,Israel,Violence against civilians,1,32.085,34.9167
07/06/2019,Israel,Violence against civilians,1,32.085,34.9167
07/13/2019,Israel,Violence against civilians,1,32.085,34.9167
07/20/2019,Israel,Violence against civilians,1,32.085,34.9167
08/10/2019,Israel,Violence against civilians,1,32.085,34.9167
09/21/2019,Israel,Violence against civilians,1,32.085,34.9167
04/25/2020,Israel,Violence against civilians,1,32.085,34.9167
05/30/2020,Israel,Violence against civilians,1,32.085,34.9167
08/15/2020,Israel,Violence against civilians,1,32.085,34.9167
08/22/2020,Israel,Violence against civilians,1,32.085,34.9167
03/06/2021,Israel,Violence against civilians,1,32.085,34.9167
04/24/2021,Israel,Violence against civilians,1,32.085,34.9167
05/08/2021,Israel,Violence against civilians,1,32.085,34.9167
05/29/2021,Israel,Violence against civilians,1,32.085,34.9167
10/23/2021,Israel,Violence against civilians,1,32.085,34.9167
04/02/2022,Israel,Violence against civilians,1,32.085,34.9167
04/30/2022,Israel,Violence against civilians,1,32.085,34.9167
08/20/2022,Israel,Violence against civilians,1,32.085,34.9167
03/04/2023,Israel,Violence against civilians,1,32.085,34.9167
04/29/2023,Israel,Violence against civilians,1,32.085,34.9167
05/27/2023,Israel,Violence against civilians,1,32.085,34.9167
08/05/2023,Israel,Violence against civilians,1,32.085,34.9167
08/19/2023,Israel,Violence against civilians,1,32.085,34.9167
09/09/2023,Israel,Violence against civilians,1,32.085,34.9167
09/23/2023,Israel,Violence against civilians,1,32.085,34.9167
09/30/2023,Israel,Violence against civilians,1,32.085,34.9167
10/14/2023,Israel,Violence against civilians,1,32.085,34.9167
10/28/2023,Israel,Violence against civilians,1,32.085,34.9167
01/13/2024,Israel,Violence against civilians,1,32.085,34.9167
02/10/2024,Israel,Violence against civilians,1,32.085,34.9167
02/24/2024,Israel,Violence against civilians,1,32.085,34.9167
03/30/2024,Israel,Violence against civilians,1,32.085,34.9167
04/20/2024,Israel,Violence against civilians,2,32.085,34.9167
05/25/2024,Israel,Violence against civilians,4,32.085,34.9167
06/15/2024,Israel,Violence against civilians,1,32.085,34.9167
06/22/2024,Israel,Violence against civilians,1,32.085,34.9167
07/06/2024,Israel,Violence against civilians,1,32.085,34.9167
07/27/2024,Israel,Violence against civilians,2,32.085,34.9167
08/10/2024,Israel,Violence against civilians,1,32.085,34.9167
10/12/2024,Israel,Violence against civilians,1,32.085,34.9167
11/04/2023,Israel,Explosions/Remote violence,1,32.839,35.3807
11/11/2023,Israel,Explosions/Remote violence,1,32.839,35.3807
11/18/2023,Israel,Explosions/Remote violence,1,32.839,35.3807
12/02/2023,Israel,Explosions/Remote violence,1,32.839,35.3807
12/09/2023,Israel,Explosions/Remote violence,2,32.839,35.3807
12/23/2023,Israel,Explosions/Remote violence,2,32.839,35.3807
12/30/2023,Israel,Explosions/Remote violence,1,32.839,35.3807
01/06/2024,Israel,Explosions/Remote violence,2,32.839,35.3807
01/20/2024,Israel,Explosions/Remote violence,1,32.839,35.3807
02/17/2024,Israel,Explosions/Remote violence,4,32.839,35.3807
02/24/2024,Israel,Explosions/Remote violence,1,32.839,35.3807
03/02/2024,Israel,Explosions/Remote violence,2,32.839,35.3807
03/23/2024,Israel,Explosions/Remote violence,2,32.839,35.3807
03/30/2024,Israel,Explosions/Remote violence,1,32.839,35.3807
04/06/2024,Israel,Explosions/Remote violence,5,32.839,35.3807
04/13/2024,Israel,Explosions/Remote violence,4,32.839,35.3807
04/20/2024,Israel,Explosions/Remote violence,2,32.839,35.3807
05/04/2024,Israel,Explosions/Remote violence,8,32.839,35.3807
05/11/2024,Israel,Explosions/Remote violence,7,32.839,35.3807
05/18/2024,Israel,Explosions/Remote violence,7,32.839,35.3807
05/25/2024,Israel,Explosions/Remote violence,2,32.839,35.3807
06/01/2024,Israel,Explosions/Remote violence,13,32.839,35.3807
06/08/2024,Israel,Explosions/Remote violence,8,32.839,35.3807
06/15/2024,Israel,Explosions/Remote violence,7,32.839,35.3807
06/22/2024,Israel,Explosions/Remote violence,5,32.839,35.3807
06/29/2024,Israel,Explosions/Remote violence,4,32.839,35.3807
07/06/2024,Israel,Explosions/Remote violence,2,32.839,35.3807
07/13/2024,Israel,Explosions/Remote violence,4,32.839,35.3807
07/20/2024,Israel,Explosions/Remote violence,7,32.839,35.3807
07/27/2024,Israel,Explosions/Remote violence,2,32.839,35.3807
08/03/2024,Israel,Explosions/Remote violence,13,32.839,35.3807
08/10/2024,Israel,Explosions/Remote violence,10,32.839,35.3807
08/17/2024,Israel,Explosions/Remote violence,9,32.839,35.3807
08/24/2024,Israel,Explosions/Remote violence,19,32.839,35.3807
08/31/2024,Israel,Explosions/Remote violence,8,32.839,35.3807
09/07/2024,Israel,Explosions/Remote violence,11,32.839,35.3807
09/14/2024,Israel,Explosions/Remote violence,12,32.839,35.3807
09/21/2024,Israel,Explosions/Remote violence,1,32.839,35.3807
09/28/2024,Israel,Explosions/Remote violence,1,32.839,35.3807
10/05/2024,Israel,Explosions/Remote violence,4,32.839,35.3807
10/12/2024,Israel,Explosions/Remote violence,5,32.839,35.3807
10/19/2024,Israel,Explosions/Remote violence,9,32.839,35.3807
10/26/2024,Israel,Explosions/Remote violence,25,32.839,35.3807
11/02/2024,Israel,Explosions/Remote violence,7,32.839,35.3807
11/09/2024,Israel,Explosions/Remote violence,15,32.839,35.3807
11/16/2024,Israel,Explosions/Remote violence,13,32.839,35.3807
11/23/2024,Israel,Explosions/Remote violence,8,32.839,35.3807
06/21/2025,Israel,Explosions/Remote violence,1,32.839,35.3807
06/03/2017,Israel,Explosions/Remote violence,1,32.839,35.3807
06/04/2022,Israel,Explosions/Remote violence,1,32.839,35.3807
03/11/2023,Israel,Explosions/Remote violence,1,32.839,35.3807
03/18/2023,Israel,Explosions/Remote violence,1,32.839,35.3807
10/05/2024,Israel,Explosions/Remote violence,1,32.839,35.3807
07/21/2018,Israel,Explosions/Remote violence,1,32.839,35.3807
08/31/2019,Israel,Explosions/Remote violence,1,32.839,35.3807
05/08/2021,Israel,Explosions/Remote violence,1,32.839,35.3807
05/15/2021,Israel,Explosions/Remote violence,2,32.839,35.3807
07/17/2021,Israel,Explosions/Remote violence,1,32.839,35.3807
07/31/2021,Israel,Explosions/Remote violence,1,32.839,35.3807
04/23/2022,Israel,Explosions/Remote violence,1,32.839,35.3807
04/01/2023,Israel,Explosions/Remote violence,2,32.839,35.3807
10/07/2023,Israel,Explosions/Remote violence,16,32.839,35.3807
10/14/2023,Israel,Explosions/Remote violence,43,32.839,35.3807
10/21/2023,Israel,Explosions/Remote violence,25,32.839,35.3807
10/28/2023,Israel,Explosions/Remote violence,42,32.839,35.3807
11/04/2023,Israel,Explosions/Remote violence,34,32.839,35.3807
11/11/2023,Israel,Explosions/Remote violence,68,32.839,35.3807
11/18/2023,Israel,Explosions/Remote violence,82,32.839,35.3807
11/25/2023,Israel,Explosions/Remote violence,6,32.839,35.3807
12/02/2023,Israel,Explosions/Remote violence,65,32.839,35.3807
12/09/2023,Israel,Explosions/Remote violence,47,32.839,35.3807
12/16/2023,Israel,Explosions/Remote violence,31,32.839,35.3807
12/23/2023,Israel,Explosions/Remote violence,37,32.839,35.3807
12/30/2023,Israel,Explosions/Remote violence,33,32.839,35.3807
01/06/2024,Israel,Explosions/Remote violence,37,32.839,35.3807
01/13/2024,Israel,Explosions/Remote violence,33,32.839,35.3807
01/20/2024,Israel,Explosions/Remote violence,21,32.839,35.3807
01/27/2024,Israel,Explosions/Remote violence,32,32.839,35.3807
02/03/2024,Israel,Explosions/Remote violence,36,32.839,35.3807
02/10/2024,Israel,Explosions/Remote violence,35,32.839,35.3807
02/17/2024,Israel,Explosions/Remote violence,30,32.839,35.3807
02/24/2024,Israel,Explosions/Remote violence,41,32.839,35.3807
03/02/2024,Israel,Explosions/Remote violence,31,32.839,35.3807
03/09/2024,Israel,Explosions/Remote violence,50,32.839,35.3807
03/16/2024,Israel,Explosions/Remote violence,34,32.839,35.3807
03/23/2024,Israel,Explosions/Remote violence,41,32.839,35.3807
03/30/2024,Israel,Explosions/Remote violence,35,32.839,35.3807
04/06/2024,Israel,Explosions/Remote violence,23,32.839,35.3807
04/13/2024,Israel,Explosions/Remote violence,30,32.839,35.3807
04/20/2024,Israel,Explosions/Remote violence,39,32.839,35.3807
04/27/2024,Israel,Explosions/Remote violence,23,32.839,35.3807
05/04/2024,Israel,Explosions/Remote violence,40,32.839,35.3807
05/11/2024,Israel,Explosions/Remote violence,49,32.839,35.3807
05/18/2024,Israel,Explosions/Remote violence,47,32.839,35.3807
05/25/2024,Israel,Explosions/Remote violence,50,32.839,35.3807
06/01/2024,Israel,Explosions/Remote violence,51,32.839,35.3807
06/08/2024,Israel,Explosions/Remote violence,65,32.839,35.3807
06/15/2024,Israel,Explosions/Remote violence,16,32.839,35.3807
06/22/2024,Israel,Explosions/Remote violence,25,32.839,35.3807
06/29/2024,Israel,Explosions/Remote violence,65,32.839,35.3807
07/06/2024,Israel,Explosions/Remote violence,50,32.839,35.3807
07/13/2024,Israel,Explosions/Remote violence,62,32.839,35.3807
07/20/2024,Israel,Explosions/Remote violence,43,32.839,35.3807
07/27/2024,Israel,Explosions/Remote violence,40,32.839,35.3807
08/03/2024,Israel,Explosions/Remote violence,52,32.839,35.3807
08/10/2024,Israel,Explosions/Remote violence,59,32.839,35.3807
08/17/2024,Israel,Explosions/Remote violence,89,32.839,35.3807
08/24/2024,Israel,Explosions/Remote violence,32,32.839,35.3807
08/31/2024,Israel,Explosions/Remote violence,43,32.839,35.3807
09/07/2024,Israel,Explosions/Remote violence,41,32.839,35.3807
09/14/2024,Israel,Explosions/Remote violence,58,32.839,35.3807
09/21/2024,Israel,Explosions/Remote violence,112,32.839,35.3807
09/28/2024,Israel,Explosions/Remote violence,126,32.839,35.3807
10/05/2024,Israel,Explosions/Remote violence,104,32.839,35.3807
10/12/2024,Israel,Explosions/Remote violence,105,32.839,35.3807
10/19/2024,Israel,Explosions/Remote violence,133,32.839,35.3807
10/26/2024,Israel,Explosions/Remote violence,84,32.839,35.3807
11/02/2024,Israel,Explosions/Remote violence,63,32.839,35.3807
11/09/2024,Israel,Explosions/Remote violence,85,32.839,35.3807
11/16/2024,Israel,Explosions/Remote violence,79,32.839,35.3807
11/23/2024,Israel,Explosions/Remote violence,54,32.839,35.3807
06/07/2025,Israel,Explosions/Remote violence,1,32.839,35.3807
06/14/2025,Israel,Explosions/Remote violence,8,32.839,35.3807
06/21/2025,Israel,Explosions/Remote violence,2,32.839,35.3807
06/01/2024,Israel,Explosions/Remote violence,1,32.839,35.3807
06/08/2024,Israel,Explosions/Remote violence,1,32.839,35.3807
05/06/2017,Israel,Riots,1,32.839,35.3807
12/09/2017,Israel,Riots,1,32.839,35.3807
04/21/2018,Israel,Riots,1,32.839,35.3807
05/05/2018,Israel,Riots,1,32.839,35.3807
07/21/2018,Israel,Riots,1,32.839,35.3807
08/18/2018,Israel,Riots,1,32.839,35.3807
11/10/2018,Israel,Riots,1,32.839,35.3807
01/05/2019,Israel,Riots,1,32.839,35.3807
01/19/2019,Israel,Riots,1,32.839,35.3807
01/26/2019,Israel,Riots,1,32.839,35.3807
02/02/2019,Israel,Riots,1,32.839,35.3807
09/21/2019,Israel,Riots,1,32.839,35.3807
10/26/2019,Israel,Riots,1,32.839,35.3807
12/07/2019,Israel,Riots,1,32.839,35.3807
03/14/2020,Israel,Riots,1,32.839,35.3807
05/09/2020,Israel,Riots,1,32.839,35.3807
07/25/2020,Israel,Riots,1,32.839,35.3807
08/01/2020,Israel,Riots,1,32.839,35.3807
08/15/2020,Israel,Riots,1,32.839,35.3807
10/24/2020,Israel,Riots,1,32.839,35.3807
12/26/2020,Israel,Riots,2,32.839,35.3807
01/30/2021,Israel,Riots,1,32.839,35.3807
02/06/2021,Israel,Riots,1,32.839,35.3807
04/24/2021,Israel,Riots,1,32.839,35.3807
05/01/2021,Israel,Riots,1,32.839,35.3807
05/08/2021,Israel,Riots,8,32.839,35.3807
05/15/2021,Israel,Riots,1,32.839,35.3807
05/29/2021,Israel,Riots,1,32.839,35.3807
06/05/2021,Israel,Riots,1,32.839,35.3807
06/19/2021,Israel,Riots,1,32.839,35.3807
07/10/2021,Israel,Riots,1,32.839,35.3807
11/27/2021,Israel,Riots,1,32.839,35.3807
03/05/2022,Israel,Riots,1,32.839,35.3807
03/19/2022,Israel,Riots,1,32.839,35.3807
03/26/2022,Israel,Riots,1,32.839,35.3807
04/16/2022,Israel,Riots,1,32.839,35.3807
05/07/2022,Israel,Riots,1,32.839,35.3807
08/06/2022,Israel,Riots,1,32.839,35.3807
09/24/2022,Israel,Riots,1,32.839,35.3807
10/22/2022,Israel,Riots,1,32.839,35.3807
12/31/2022,Israel,Riots,1,32.839,35.3807
05/06/2023,Israel,Riots,2,32.839,35.3807
08/19/2023,Israel,Riots,1,32.839,35.3807
09/30/2023,Israel,Riots,1,32.839,35.3807
05/25/2024,Israel,Riots,2,32.839,35.3807
06/15/2024,Israel,Riots,1,32.839,35.3807
11/10/2018,Israel,Riots,2,32.839,35.3807
02/23/2019,Israel,Riots,1,32.839,35.3807
06/29/2019,Israel,Riots,1,32.839,35.3807
08/31/2019,Israel,Riots,1,32.839,35.3807
11/07/2020,Israel,Riots,1,32.839,35.3807
01/30/2021,Israel,Riots,3,32.839,35.3807
04/24/2021,Israel,Riots,1,32.839,35.3807
05/08/2021,Israel,Riots,12,32.839,35.3807
05/15/2021,Israel,Riots,3,32.839,35.3807
07/24/2021,Israel,Riots,3,32.839,35.3807
08/14/2021,Israel,Riots,1,32.839,35.3807
04/16/2022,Israel,Riots,1,32.839,35.3807
04/23/2022,Israel,Riots,1,32.839,35.3807
05/07/2022,Israel,Riots,1,32.839,35.3807
05/14/2022,Israel,Riots,2,32.839,35.3807
03/25/2023,Israel,Riots,2,32.839,35.3807
04/01/2023,Israel,Riots,10,32.839,35.3807
05/06/2023,Israel,Riots,1,32.839,35.3807
06/01/2024,Israel,Riots,1,32.839,35.3807
06/15/2024,Israel,Riots,2,32.839,35.3807
08/10/2024,Israel,Riots,1,32.839,35.3807
02/08/2025,Israel,Riots,1,32.839,35.3807
04/26/2025,Israel,Riots,8,32.839,35.3807
06/28/2025,Israel,Riots,1,32.839,35.3807
07/12/2025,Israel,Riots,3,32.839,35.3807
09/13/2025,Israel,Riots,1,32.839,35.3807
11/19/2022,Israel,Violence against civilians,1,32.839,35.3807
12/31/2016,Israel,Violence against civilians,1,32.839,35.3807
12/09/2017,Israel,Violence against civilians,1,32.839,35.3807
06/09/2018,Israel,Violence against civilians,1,32.839,35.3807
09/22/2018,Israel,Violence against civilians,1,32.839,35.3807
10/27/2018,Israel,Violence against civilians,2,32.839,35.3807
03/23/2019,Israel,Violence against civilians,1,32.839,35.3807
09/28/2019,Israel,Violence against civilians,1,32.839,35.3807
10/26/2019,Israel,Violence against civilians,1,32.839,35.3807
11/02/2019,Israel,Violence against civilians,1,32.839,35.3807
01/11/2020,Israel,Violence against civilians,1,32.839,35.3807
04/04/2020,Israel,Violence against civilians,1,32.839,35.3807
05/16/2020,Israel,Violence against civilians,1,32.839,35.3807
10/24/2020,Israel,Violence against civilians,1,32.839,35.3807
01/30/2021,Israel,Violence against civilians,1,32.839,35.3807
04/10/2021,Israel,Violence against civilians,1,32.839,35.3807
05/08/2021,Israel,Violence against civilians,4,32.839,35.3807
06/05/2021,Israel,Violence against civilians,1,32.839,35.3807
09/04/2021,Israel,Violence against civilians,1,32.839,35.3807
10/02/2021,Israel,Violence against civilians,1,32.839,35.3807
09/24/2022,Israel,Violence against civilians,1,32.839,35.3807
04/01/2023,Israel,Violence against civilians,1,32.839,35.3807
04/15/2023,Israel,Violence against civilians,1,32.839,35.3807
05/06/2023,Israel,Violence against civilians,1,32.839,35.3807
05/27/2023,Israel,Violence against civilians,1,32.839,35.3807
07/08/2023,Israel,Violence against civilians,1,32.839,35.3807
09/30/2023,Israel,Violence against civilians,2,32.839,35.3807
10/07/2023,Israel,Violence against civilians,2,32.839,35.3807
10/14/2023,Israel,Violence against civilians,2,32.839,35.3807
10/28/2023,Israel,Violence against civilians,1,32.839,35.3807
02/03/2024,Israel,Violence against civilians,1,32.839,35.3807
02/10/2024,Israel,Violence against civilians,1,32.839,35.3807
03/16/2024,Israel,Violence against civilians,1,32.839,35.3807
04/06/2024,Israel,Violence against civilians,2,32.839,35.3807
04/20/2024,Israel,Violence against civilians,2,32.839,35.3807
04/27/2024,Israel,Violence against civilians,1,32.839,35.3807
05/18/2024,Israel,Violence against civilians,2,32.839,35.3807
05/25/2024,Israel,Violence against civilians,3,32.839,35.3807
06/01/2024,Israel,Violence against civilians,1,32.839,35.3807
06/22/2024,Israel,Violence against civilians,1,32.839,35.3807
06/29/2024,Israel,Violence against civilians,1,32.839,35.3807
07/06/2024,Israel,Violence against civilians,1,32.839,35.3807
07/13/2024,Israel,Violence against civilians,1,32.839,35.3807
07/20/2024,Israel,Violence against civilians,1,32.839,35.3807
08/03/2024,Israel,Violence against civilians,2,32.839,35.3807
10/12/2024,Israel,Violence against civilians,2,32.839,35.3807
10/26/2024,Israel,Violence against civilians,1,32.839,35.3807
11/02/2024,Israel,Violence against civilians,1,32.839,35.3807
11/16/2024,Israel,Violence against civilians,2,32.839,35.3807
11/23/2024,Israel,Violence against civilians,1,32.839,35.3807
12/07/2024,Israel,Violence against civilians,1,32.839,35.3807
03/22/2025,Israel,Violence against civilians,1,32.839,35.3807
03/09/2024,Israel,Explosions/Remote violence,1,32.6278,34.9819
08/24/2024,Israel,Explosions/Remote violence,1,32.6278,34.9819
09/21/2024,Israel,Explosions/Remote violence,1,32.6278,34.9819
10/05/2024,Israel,Explosions/Remote violence,3,32.6278,34.9819
10/12/2024,Israel,Explosions/Remote violence,4,32.6278,34.9819
10/19/2024,Israel,Explosions/Remote violence,4,32.6278,34.9819
10/26/2024,Israel,Explosions/Remote violence,1,32.6278,34.9819
11/02/2024,Israel,Explosions/Remote violence,2,32.6278,34.9819
11/09/2024,Israel,Explosions/Remote violence,3,32.6278,34.9819
11/16/2024,Israel,Explosions/Remote violence,3,32.6278,34.9819
01/21/2017,Israel,Explosions/Remote violence,1,32.6278,34.9819
06/12/2021,Israel,Explosions/Remote violence,1,32.6278,34.9819
09/03/2022,Israel,Explosions/Remote violence,1,32.6278,34.9819
10/07/2023,Israel,Explosions/Remote violence,4,32.6278,34.9819
10/14/2023,Israel,Explosions/Remote violence,1,32.6278,34.9819
10/21/2023,Israel,Explosions/Remote violence,1,32.6278,34.9819
11/04/2023,Israel,Explosions/Remote violence,1,32.6278,34.9819
09/21/2024,Israel,Explosions/Remote violence,28,32.6278,34.9819
09/28/2024,Israel,Explosions/Remote violence,9,32.6278,34.9819
10/05/2024,Israel,Explosions/Remote violence,24,32.6278,34.9819
10/12/2024,Israel,Explosions/Remote violence,18,32.6278,34.9819
10/19/2024,Israel,Explosions/Remote violence,20,32.6278,34.9819
10/26/2024,Israel,Explosions/Remote violence,7,32.6278,34.9819
11/02/2024,Israel,Explosions/Remote violence,16,32.6278,34.9819
11/09/2024,Israel,Explosions/Remote violence,19,32.6278,34.9819
11/16/2024,Israel,Explosions/Remote violence,17,32.6278,34.9819
11/23/2024,Israel,Explosions/Remote violence,6,32.6278,34.9819
06/14/2025,Israel,Explosions/Remote violence,12,32.6278,34.9819
06/21/2025,Israel,Explosions/Remote violence,1,32.6278,34.9819
08/12/2017,Israel,Riots,1,32.6278,34.9819
09/09/2017,Israel,Riots,1,32.6278,34.9819
11/25/2017,Israel,Riots,1,32.6278,34.9819
12/02/2017,Israel,Riots,1,32.6278,34.9819
08/18/2018,Israel,Riots,1,32.6278,34.9819
09/15/2018,Israel,Riots,1,32.6278,34.9819
06/29/2019,Israel,Riots,1,32.6278,34.9819
02/27/2021,Israel,Riots,1,32.6278,34.9819
05/01/2021,Israel,Riots,1,32.6278,34.9819
05/08/2021,Israel,Riots,9,32.6278,34.9819
05/15/2021,Israel,Riots,3,32.6278,34.9819
05/22/2021,Israel,Riots,2,32.6278,34.9819
09/25/2021,Israel,Riots,1,32.6278,34.9819
01/15/2022,Israel,Riots,1,32.6278,34.9819
02/26/2022,Israel,Riots,1,32.6278,34.9819
04/16/2022,Israel,Riots,2,32.6278,34.9819
05/07/2022,Israel,Riots,1,32.6278,34.9819
09/24/2022,Israel,Riots,1,32.6278,34.9819
03/11/2023,Israel,Riots,1,32.6278,34.9819
03/18/2023,Israel,Riots,1,32.6278,34.9819
06/17/2023,Israel,Riots,1,32.6278,34.9819
07/22/2023,Israel,Riots,1,32.6278,34.9819
10/14/2023,Israel,Riots,1,32.6278,34.9819
09/17/2016,Israel,Riots,1,32.6278,34.9819
05/20/2017,Israel,Riots,1,32.6278,34.9819
07/22/2017,Israel,Riots,1,32.6278,34.9819
12/09/2017,Israel,Riots,1,32.6278,34.9819
03/03/2018,Israel,Riots,1,32.6278,34.9819
05/19/2018,Israel,Riots,1,32.6278,34.9819
01/05/2019,Israel,Riots,2,32.6278,34.9819
06/29/2019,Israel,Riots,3,32.6278,34.9819
10/10/2020,Israel,Riots,1,32.6278,34.9819
12/26/2020,Israel,Riots,1,32.6278,34.9819
01/23/2021,Israel,Riots,1,32.6278,34.9819
02/13/2021,Israel,Riots,1,32.6278,34.9819
02/20/2021,Israel,Riots,2,32.6278,34.9819
05/08/2021,Israel,Riots,12,32.6278,34.9819
05/15/2021,Israel,Riots,4,32.6278,34.9819
10/16/2021,Israel,Riots,1,32.6278,34.9819
01/01/2022,Israel,Riots,1,32.6278,34.9819
04/09/2022,Israel,Riots,1,32.6278,34.9819
04/16/2022,Israel,Riots,1,32.6278,34.9819
10/15/2022,Israel,Riots,1,32.6278,34.9819
03/18/2023,Israel,Riots,1,32.6278,34.9819
03/25/2023,Israel,Riots,1,32.6278,34.9819
04/01/2023,Israel,Riots,5,32.6278,34.9819
05/20/2023,Israel,Riots,1,32.6278,34.9819
05/27/2023,Israel,Riots,1,32.6278,34.9819
07/01/2023,Israel,Riots,1,32.6278,34.9819
07/08/2023,Israel,Riots,1,32.6278,34.9819
07/15/2023,Israel,Riots,2,32.6278,34.9819
03/16/2024,Israel,Riots,2,32.6278,34.9819
04/13/2024,Israel,Riots,1,32.6278,34.9819
05/25/2024,Israel,Riots,1,32.6278,34.9819
06/15/2024,Israel,Riots,1,32.6278,34.9819
07/06/2024,Israel,Riots,1,32.6278,34.9819
08/31/2024,Israel,Riots,1,32.6278,34.9819
09/07/2024,Israel,Riots,1,32.6278,34.9819
10/26/2024,Israel,Riots,1,32.6278,34.9819
01/11/2025,Israel,Riots,1,32.6278,34.9819
05/24/2025,Israel,Riots,1,32.6278,34.9819
08/23/2025,Israel,Riots,1,32.6278,34.9819
12/08/2018,Israel,Violence against civilians,1,32.6278,34.9819
12/31/2016,Israel,Violence against civilians,1,32.6278,34.9819
05/13/2017,Israel,Violence against civilians,1,32.6278,34.9819
03/31/2018,Israel,Violence against civilians,1,32.6278,34.9819
04/21/2018,Israel,Violence against civilians,1,32.6278,34.9819
05/12/2018,Israel,Violence against civilians,1,32.6278,34.9819
10/26/2019,Israel,Violence against civilians,1,32.6278,34.9819
11/28/2020,Israel,Violence against civilians,1,32.6278,34.9819
03/27/2021,Israel,Violence against civilians,1,32.6278,34.9819
06/05/2021,Israel,Violence against civilians,1,32.6278,34.9819
07/31/2021,Israel,Violence against civilians,1,32.6278,34.9819
03/26/2022,Israel,Violence against civilians,1,32.6278,34.9819
04/09/2022,Israel,Violence against civilians,1,32.6278,34.9819
06/11/2022,Israel,Violence against civilians,1,32.6278,34.9819
07/23/2022,Israel,Violence against civilians,1,32.6278,34.9819
09/03/2022,Israel,Violence against civilians,2,32.6278,34.9819
02/04/2023,Israel,Violence against civilians,1,32.6278,34.9819
04/15/2023,Israel,Violence against civilians,1,32.6278,34.9819
10/14/2023,Israel,Violence against civilians,1,32.6278,34.9819
10/05/2024,Israel,Violence against civilians,1,32.6278,34.9819
02/22/2025,Israel,Violence against civilians,1,32.6278,34.9819
03/01/2025,Israel,Violence against civilians,1,32.6278,34.9819
11/19/2022,Israel,Explosions/Remote violence,1,31.7281,34.9945
05/04/2019,Israel,Explosions/Remote violence,1,31.7281,34.9945
05/08/2021,Israel,Explosions/Remote violence,1,31.7281,34.9945
05/06/2023,Israel,Explosions/Remote violence,1,31.7281,34.9945
10/07/2023,Israel,Explosions/Remote violence,6,31.7281,34.9945
10/14/2023,Israel,Explosions/Remote violence,5,31.7281,34.9945
12/09/2023,Israel,Explosions/Remote violence,4,31.7281,34.9945
09/28/2024,Israel,Explosions/Remote violence,1,31.7281,34.9945
11/09/2024,Israel,Explosions/Remote violence,1,31.7281,34.9945
01/11/2025,Israel,Explosions/Remote violence,2,31.7281,34.9945
03/22/2025,Israel,Explosions/Remote violence,1,31.7281,34.9945
03/29/2025,Israel,Explosions/Remote violence,2,31.7281,34.9945
04/12/2025,Israel,Explosions/Remote violence,1,31.7281,34.9945
06/14/2025,Israel,Explosions/Remote violence,1,31.7281,34.9945
04/16/2016,Israel,Explosions/Remote violence,1,31.7281,34.9945
04/30/2016,Israel,Riots,2,31.7281,34.9945
05/14/2016,Israel,Riots,1,31.7281,34.9945
05/21/2016,Israel,Riots,1,31.7281,34.9945
06/18/2016,Israel,Riots,1,31.7281,34.9945
10/15/2016,Israel,Riots,1,31.7281,34.9945
01/14/2017,Israel,Riots,1,31.7281,34.9945
05/13/2017,Israel,Riots,2,31.7281,34.9945
05/27/2017,Israel,Riots,1,31.7281,34.9945
06/03/2017,Israel,Riots,2,31.7281,34.9945
06/17/2017,Israel,Riots,2,31.7281,34.9945
06/24/2017,Israel,Riots,1,31.7281,34.9945
08/05/2017,Israel,Riots,1,31.7281,34.9945
09/09/2017,Israel,Riots,1,31.7281,34.9945
12/02/2017,Israel,Riots,2,31.7281,34.9945
01/06/2018,Israel,Riots,1,31.7281,34.9945
01/20/2018,Israel,Riots,1,31.7281,34.9945
03/31/2018,Israel,Riots,1,31.7281,34.9945
04/07/2018,Israel,Riots,1,31.7281,34.9945
05/19/2018,Israel,Riots,1,31.7281,34.9945
07/14/2018,Israel,Riots,2,31.7281,34.9945
09/22/2018,Israel,Riots,1,31.7281,34.9945
12/01/2018,Israel,Riots,1,31.7281,34.9945
01/26/2019,Israel,Riots,1,31.7281,34.9945
02/23/2019,Israel,Riots,1,31.7281,34.9945
04/20/2019,Israel,Riots,1,31.7281,34.9945
09/07/2019,Israel,Riots,1,31.7281,34.9945
09/14/2019,Israel,Riots,1,31.7281,34.9945
10/05/2019,Israel,Riots,1,31.7281,34.9945
10/12/2019,Israel,Riots,1,31.7281,34.9945
02/08/2020,Israel,Riots,1,31.7281,34.9945
03/21/2020,Israel,Riots,1,31.7281,34.9945
03/28/2020,Israel,Riots,2,31.7281,34.9945
04/04/2020,Israel,Riots,5,31.7281,34.9945
04/11/2020,Israel,Riots,1,31.7281,34.9945
04/18/2020,Israel,Riots,1,31.7281,34.9945
04/25/2020,Israel,Riots,3,31.7281,34.9945
05/09/2020,Israel,Riots,1,31.7281,34.9945
06/06/2020,Israel,Riots,1,31.7281,34.9945
08/08/2020,Israel,Riots,2,31.7281,34.9945
10/03/2020,Israel,Riots,7,31.7281,34.9945
10/24/2020,Israel,Riots,1,31.7281,34.9945
11/07/2020,Israel,Riots,4,31.7281,34.9945
11/21/2020,Israel,Riots,1,31.7281,34.9945
11/28/2020,Israel,Riots,1,31.7281,34.9945
01/02/2021,Israel,Riots,1,31.7281,34.9945
01/09/2021,Israel,Riots,4,31.7281,34.9945
01/16/2021,Israel,Riots,7,31.7281,34.9945
01/23/2021,Israel,Riots,7,31.7281,34.9945
02/27/2021,Israel,Riots,2,31.7281,34.9945
04/03/2021,Israel,Riots,1,31.7281,34.9945
04/10/2021,Israel,Riots,2,31.7281,34.9945
04/17/2021,Israel,Riots,3,31.7281,34.9945
04/24/2021,Israel,Riots,4,31.7281,34.9945
05/08/2021,Israel,Riots,3,31.7281,34.9945
05/15/2021,Israel,Riots,1,31.7281,34.9945
06/05/2021,Israel,Riots,1,31.7281,34.9945
06/12/2021,Israel,Riots,1,31.7281,34.9945
07/24/2021,Israel,Riots,1,31.7281,34.9945
07/31/2021,Israel,Riots,1,31.7281,34.9945
08/14/2021,Israel,Riots,1,31.7281,34.9945
09/11/2021,Israel,Riots,1,31.7281,34.9945
11/20/2021,Israel,Riots,3,31.7281,34.9945
12/11/2021,Israel,Riots,2,31.7281,34.9945
12/18/2021,Israel,Riots,1,31.7281,34.9945
01/08/2022,Israel,Riots,1,31.7281,34.9945
01/15/2022,Israel,Riots,1,31.7281,34.9945
01/22/2022,Israel,Riots,1,31.7281,34.9945
02/26/2022,Israel,Riots,2,31.7281,34.9945
03/12/2022,Israel,Riots,1,31.7281,34.9945
03/19/2022,Israel,Riots,1,31.7281,34.9945
03/26/2022,Israel,Riots,1,31.7281,34.9945
04/30/2022,Israel,Riots,2,31.7281,34.9945
07/30/2022,Israel,Riots,1,31.7281,34.9945
08/13/2022,Israel,Riots,1,31.7281,34.9945
08/20/2022,Israel,Riots,1,31.7281,34.9945
10/08/2022,Israel,Riots,1,31.7281,34.9945
10/22/2022,Israel,Riots,1,31.7281,34.9945
10/29/2022,Israel,Riots,2,31.7281,34.9945
11/19/2022,Israel,Riots,3,31.7281,34.9945
12/17/2022,Israel,Riots,2,31.7281,34.9945
03/25/2023,Israel,Riots,1,31.7281,34.9945
06/10/2023,Israel,Riots,1,31.7281,34.9945
06/17/2023,Israel,Riots,1,31.7281,34.9945
07/15/2023,Israel,Riots,1,31.7281,34.9945
08/12/2023,Israel,Riots,2,31.7281,34.9945
08/26/2023,Israel,Riots,2,31.7281,34.9945
09/23/2023,Israel,Riots,1,31.7281,34.9945
10/28/2023,Israel,Riots,1,31.7281,34.9945
04/13/2024,Israel,Riots,1,31.7281,34.9945
07/06/2024,Israel,Riots,1,31.7281,34.9945
03/15/2025,Israel,Riots,1,31.7281,34.9945
04/12/2025,Israel,Riots,1,31.7281,34.9945
05/10/2025,Israel,Riots,1,31.7281,34.9945
05/24/2025,Israel,Riots,1,31.7281,34.9945
07/19/2025,Israel,Riots,2,31.7281,34.9945
09/06/2025,Israel,Riots,1,31.7281,34.9945
01/02/2016,Israel,Riots,2,31.7281,34.9945
01/09/2016,Israel,Riots,1,31.7281,34.9945
01/23/2016,Israel,Riots,1,31.7281,34.9945
03/26/2016,Israel,Riots,1,31.7281,34.9945
09/17/2016,Israel,Riots,1,31.7281,34.9945
01/14/2017,Israel,Riots,5,31.7281,34.9945
02/04/2017,Israel,Riots,6,31.7281,34.9945
03/11/2017,Israel,Riots,3,31.7281,34.9945
03/18/2017,Israel,Riots,4,31.7281,34.9945
03/25/2017,Israel,Riots,3,31.7281,34.9945
06/24/2017,Israel,Riots,1,31.7281,34.9945
07/22/2017,Israel,Riots,1,31.7281,34.9945
08/12/2017,Israel,Riots,1,31.7281,34.9945
09/16/2017,Israel,Riots,1,31.7281,34.9945
10/14/2017,Israel,Riots,3,31.7281,34.9945
10/21/2017,Israel,Riots,1,31.7281,34.9945
10/28/2017,Israel,Riots,1,31.7281,34.9945
11/18/2017,Israel,Riots,2,31.7281,34.9945
11/25/2017,Israel,Riots,2,31.7281,34.9945
12/09/2017,Israel,Riots,1,31.7281,34.9945
12/30/2017,Israel,Riots,1,31.7281,34.9945
03/03/2018,Israel,Riots,1,31.7281,34.9945
03/31/2018,Israel,Riots,1,31.7281,34.9945
04/14/2018,Israel,Riots,1,31.7281,34.9945
07/28/2018,Israel,Riots,1,31.7281,34.9945
11/24/2018,Israel,Riots,1,31.7281,34.9945
01/05/2019,Israel,Riots,1,31.7281,34.9945
02/02/2019,Israel,Riots,1,31.7281,34.9945
02/16/2019,Israel,Riots,1,31.7281,34.9945
03/02/2019,Israel,Riots,1,31.7281,34.9945
05/04/2019,Israel,Riots,1,31.7281,34.9945
05/18/2019,Israel,Riots,1,31.7281,34.9945
06/29/2019,Israel,Riots,1,31.7281,34.9945
07/06/2019,Israel,Riots,1,31.7281,34.9945
08/24/2019,Israel,Riots,1,31.7281,34.9945
09/28/2019,Israel,Riots,1,31.7281,34.9945
12/07/2019,Israel,Riots,1,31.7281,34.9945
01/25/2020,Israel,Riots,3,31.7281,34.9945
04/11/2020,Israel,Riots,2,31.7281,34.9945
04/18/2020,Israel,Riots,3,31.7281,34.9945
04/25/2020,Israel,Riots,1,31.7281,34.9945
06/13/2020,Israel,Riots,1,31.7281,34.9945
07/11/2020,Israel,Riots,4,31.7281,34.9945
07/18/2020,Israel,Riots,6,31.7281,34.9945
07/25/2020,Israel,Riots,1,31.7281,34.9945
08/01/2020,Israel,Riots,1,31.7281,34.9945
08/15/2020,Israel,Riots,2,31.7281,34.9945
08/22/2020,Israel,Riots,2,31.7281,34.9945
09/05/2020,Israel,Riots,2,31.7281,34.9945
09/26/2020,Israel,Riots,1,31.7281,34.9945
10/17/2020,Israel,Riots,1,31.7281,34.9945
10/24/2020,Israel,Riots,1,31.7281,34.9945
10/31/2020,Israel,Riots,2,31.7281,34.9945
11/07/2020,Israel,Riots,2,31.7281,34.9945
11/14/2020,Israel,Riots,3,31.7281,34.9945
12/05/2020,Israel,Riots,4,31.7281,34.9945
12/19/2020,Israel,Riots,5,31.7281,34.9945
12/26/2020,Israel,Riots,5,31.7281,34.9945
01/02/2021,Israel,Riots,4,31.7281,34.9945
01/09/2021,Israel,Riots,3,31.7281,34.9945
01/16/2021,Israel,Riots,2,31.7281,34.9945
01/23/2021,Israel,Riots,1,31.7281,34.9945
01/30/2021,Israel,Riots,1,31.7281,34.9945
02/06/2021,Israel,Riots,2,31.7281,34.9945
02/20/2021,Israel,Riots,1,31.7281,34.9945
02/27/2021,Israel,Riots,1,31.7281,34.9945
03/06/2021,Israel,Riots,1,31.7281,34.9945
03/13/2021,Israel,Riots,2,31.7281,34.9945
03/20/2021,Israel,Riots,1,31.7281,34.9945
04/03/2021,Israel,Riots,1,31.7281,34.9945
04/10/2021,Israel,Riots,2,31.7281,34.9945
05/01/2021,Israel,Riots,3,31.7281,34.9945
05/08/2021,Israel,Riots,1,31.7281,34.9945
05/29/2021,Israel,Riots,2,31.7281,34.9945
06/19/2021,Israel,Riots,2,31.7281,34.9945
06/26/2021,Israel,Riots,1,31.7281,34.9945
07/24/2021,Israel,Riots,1,31.7281,34.9945
07/31/2021,Israel,Riots,1,31.7281,34.9945
08/07/2021,Israel,Riots,1,31.7281,34.9945
08/14/2021,Israel,Riots,3,31.7281,34.9945
08/21/2021,Israel,Riots,1,31.7281,34.9945
09/04/2021,Israel,Riots,1,31.7281,34.9945
09/11/2021,Israel,Riots,1,31.7281,34.9945
10/16/2021,Israel,Riots,1,31.7281,34.9945
10/30/2021,Israel,Riots,1,31.7281,34.9945
11/06/2021,Israel,Riots,1,31.7281,34.9945
11/13/2021,Israel,Riots,2,31.7281,34.9945
11/20/2021,Israel,Riots,3,31.7281,34.9945
12/11/2021,Israel,Riots,1,31.7281,34.9945
12/18/2021,Israel,Riots,1,31.7281,34.9945
01/01/2022,Israel,Riots,1,31.7281,34.9945
01/08/2022,Israel,Riots,2,31.7281,34.9945
01/22/2022,Israel,Riots,1,31.7281,34.9945
01/29/2022,Israel,Riots,3,31.7281,34.9945
02/12/2022,Israel,Riots,1,31.7281,34.9945
02/19/2022,Israel,Riots,2,31.7281,34.9945
02/26/2022,Israel,Riots,1,31.7281,34.9945
03/05/2022,Israel,Riots,1,31.7281,34.9945
03/19/2022,Israel,Riots,1,31.7281,34.9945
06/04/2022,Israel,Riots,1,31.7281,34.9945
06/18/2022,Israel,Riots,2,31.7281,34.9945
07/02/2022,Israel,Riots,2,31.7281,34.9945
07/16/2022,Israel,Riots,1,31.7281,34.9945
07/23/2022,Israel,Riots,2,31.7281,34.9945
08/13/2022,Israel,Riots,4,31.7281,34.9945
09/10/2022,Israel,Riots,1,31.7281,34.9945
10/29/2022,Israel,Riots,2,31.7281,34.9945
11/12/2022,Israel,Riots,2,31.7281,34.9945
12/03/2022,Israel,Riots,1,31.7281,34.9945
12/10/2022,Israel,Riots,4,31.7281,34.9945
12/31/2022,Israel,Riots,1,31.7281,34.9945
01/14/2023,Israel,Riots,2,31.7281,34.9945
02/04/2023,Israel,Riots,1,31.7281,34.9945
02/18/2023,Israel,Riots,1,31.7281,34.9945
02/25/2023,Israel,Riots,1,31.7281,34.9945
03/04/2023,Israel,Riots,1,31.7281,34.9945
03/11/2023,Israel,Riots,1,31.7281,34.9945
03/18/2023,Israel,Riots,1,31.7281,34.9945
03/25/2023,Israel,Riots,3,31.7281,34.9945
04/01/2023,Israel,Riots,1,31.7281,34.9945
06/03/2023,Israel,Riots,3,31.7281,34.9945
06/10/2023,Israel,Riots,1,31.7281,34.9945
06/17/2023,Israel,Riots,2,31.7281,34.9945
06/24/2023,Israel,Riots,3,31.7281,34.9945
07/01/2023,Israel,Riots,1,31.7281,34.9945
07/08/2023,Israel,Riots,2,31.7281,34.9945
07/15/2023,Israel,Riots,1,31.7281,34.9945
07/22/2023,Israel,Riots,4,31.7281,34.9945
08/12/2023,Israel,Riots,1,31.7281,34.9945
08/19/2023,Israel,Riots,1,31.7281,34.9945
09/02/2023,Israel,Riots,1,31.7281,34.9945
09/09/2023,Israel,Riots,1,31.7281,34.9945
11/04/2023,Israel,Riots,1,31.7281,34.9945
02/03/2024,Israel,Riots,3,31.7281,34.9945
02/17/2024,Israel,Riots,1,31.7281,34.9945
02/24/2024,Israel,Riots,2,31.7281,34.9945
03/09/2024,Israel,Riots,2,31.7281,34.9945
03/16/2024,Israel,Riots,2,31.7281,34.9945
03/23/2024,Israel,Riots,1,31.7281,34.9945
03/30/2024,Israel,Riots,5,31.7281,34.9945
04/06/2024,Israel,Riots,3,31.7281,34.9945
04/20/2024,Israel,Riots,1,31.7281,34.9945
05/04/2024,Israel,Riots,1,31.7281,34.9945
05/18/2024,Israel,Riots,3,31.7281,34.9945
05/25/2024,Israel,Riots,1,31.7281,34.9945
06/01/2024,Israel,Riots,1,31.7281,34.9945
06/22/2024,Israel,Riots,2,31.7281,34.9945
06/29/2024,Israel,Riots,1,31.7281,34.9945
07/06/2024,Israel,Riots,1,31.7281,34.9945
08/17/2024,Israel,Riots,1,31.7281,34.9945
08/31/2024,Israel,Riots,2,31.7281,34.9945
09/07/2024,Israel,Riots,1,31.7281,34.9945
09/21/2024,Israel,Riots,1,31.7281,34.9945
09/28/2024,Israel,Riots,1,31.7281,34.9945
10/26/2024,Israel,Riots,1,31.7281,34.9945
11/02/2024,Israel,Riots,3,31.7281,34.9945
12/28/2024,Israel,Riots,1,31.7281,34.9945
01/11/2025,Israel,Riots,1,31.7281,34.9945
01/18/2025,Israel,Riots,3,31.7281,34.9945
01/25/2025,Israel,Riots,1,31.7281,34.9945
02/01/2025,Israel,Riots,1,31.7281,34.9945
02/08/2025,Israel,Riots,2,31.7281,34.9945
02/15/2025,Israel,Riots,1,31.7281,34.9945
02/22/2025,Israel,Riots,1,31.7281,34.9945
03/01/2025,Israel,Riots,1,31.7281,34.9945
03/15/2025,Israel,Riots,2,31.7281,34.9945
03/22/2025,Israel,Riots,5,31.7281,34.9945
03/29/2025,Israel,Riots,2,31.7281,34.9945
04/26/2025,Israel,Riots,1,31.7281,34.9945
05/03/2025,Israel,Riots,2,31.7281,34.9945
06/28/2025,Israel,Riots,1,31.7281,34.9945
07/05/2025,Israel,Riots,1,31.7281,34.9945
07/19/2025,Israel,Riots,4,31.7281,34.9945
08/02/2025,Israel,Riots,3,31.7281,34.9945
08/30/2025,Israel,Riots,4,31.7281,34.9945
09/13/2025,Israel,Riots,2,31.7281,34.9945
10/04/2025,Israel,Riots,1,31.7281,34.9945
10/11/2025,Israel,Riots,1,31.7281,34.9945
10/18/2025,Israel,Riots,4,31.7281,34.9945
03/05/2016,Israel,Violence against civilians,1,31.7281,34.9945
05/14/2016,Israel,Violence against civilians,1,31.7281,34.9945
07/30/2016,Israel,Violence against civilians,1,31.7281,34.9945
10/08/2016,Israel,Violence against civilians,1,31.7281,34.9945
03/11/2017,Israel,Violence against civilians,1,31.7281,34.9945
11/10/2018,Israel,Violence against civilians,1,31.7281,34.9945
01/05/2019,Israel,Violence against civilians,2,31.7281,34.9945
02/02/2019,Israel,Violence against civilians,1,31.7281,34.9945
05/16/2020,Israel,Violence against civilians,1,31.7281,34.9945
04/24/2021,Israel,Violence against civilians,1,31.7281,34.9945
06/12/2021,Israel,Violence against civilians,1,31.7281,34.9945
07/17/2021,Israel,Violence against civilians,1,31.7281,34.9945
09/11/2021,Israel,Violence against civilians,1,31.7281,34.9945
03/19/2022,Israel,Violence against civilians,1,31.7281,34.9945
01/21/2023,Israel,Violence against civilians,1,31.7281,34.9945
04/22/2023,Israel,Violence against civilians,1,31.7281,34.9945
08/26/2023,Israel,Violence against civilians,1,31.7281,34.9945
11/25/2023,Israel,Violence against civilians,1,31.7281,34.9945
04/20/2024,Israel,Violence against civilians,1,31.7281,34.9945
05/17/2025,Israel,Violence against civilians,1,31.7281,34.9945
09/06/2025,Israel,Violence against civilians,1,31.7281,34.9945
09/27/2025,Israel,Violence against civilians,1,31.7281,34.9945
06/22/2024,Israel,Explosions/Remote violence,1,25.4074,35.9101
07/13/2024,Israel,Explosions/Remote violence,1,25.4074,35.9101
09/21/2024,Israel,Explosions/Remote violence,1,25.4074,35.9101
11/16/2024,Israel,Explosions/Remote violence,1,25.4074,35.9101
11/30/2024,Israel,Explosions/Remote violence,1,25.4074,35.9101
12/07/2024,Israel,Explosions/Remote violence,3,25.4074,35.9101
12/14/2024,Israel,Explosions/Remote violence,1,25.4074,35.9101
12/21/2024,Israel,Explosions/Remote violence,2,25.4074,35.9101
01/04/2025,Israel,Explosions/Remote violence,1,25.4074,35.9101
03/22/2025,Israel,Explosions/Remote violence,1,25.4074,35.9101
04/05/2025,Israel,Explosions/Remote violence,1,25.4074,35.9101
04/12/2025,Israel,Explosions/Remote violence,1,25.4074,35.9101
04/19/2025,Israel,Explosions/Remote violence,2,25.4074,35.9101
04/26/2025,Israel,Explosions/Remote violence,2,25.4074,35.9101
05/03/2025,Israel,Explosions/Remote violence,2,25.4074,35.9101
05/17/2025,Israel,Explosions/Remote violence,1,25.4074,35.9101
05/31/2025,Israel,Explosions/Remote violence,2,25.4074,35.9101
06/07/2025,Israel,Explosions/Remote violence,1,25.4074,35.9101
06/28/2025,Israel,Explosions/Remote violence,1,25.4074,35.9101
07/12/2025,Israel,Explosions/Remote violence,2,25.4074,35.9101
07/19/2025,Israel,Explosions/Remote violence,2,25.4074,35.9101
07/26/2025,Israel,Explosions/Remote violence,1,25.4074,35.9101
08/02/2025,Israel,Explosions/Remote violence,1,25.4074,35.9101
08/09/2025,Israel,Explosions/Remote violence,1,25.4074,35.9101
08/16/2025,Israel,Explosions/Remote violence,1,25.4074,35.9101
08/30/2025,Israel,Explosions/Remote violence,2,25.4074,35.9101
09/06/2025,Israel,Explosions/Remote violence,3,25.4074,35.9101
09/13/2025,Israel,Explosions/Remote violence,2,25.4074,35.9101
09/20/2025,Israel,Explosions/Remote violence,2,25.4074,35.9101
09/27/2025,Israel,Explosions/Remote violence,1,25.4074,35.9101
06/08/2024,Israel,Explosions/Remote violence,1,25.4074,35.9101
06/22/2024,Israel,Explosions/Remote violence,1,25.4074,35.9101
06/29/2024,Israel,Explosions/Remote violence,1,25.4074,35.9101
10/19/2024,Israel,Explosions/Remote violence,1,25.4074,35.9101
11/16/2024,Israel,Explosions/Remote violence,1,25.4074,35.9101
05/10/2025,Israel,Explosions/Remote violence,1,25.4074,35.9101
05/17/2025,Israel,Explosions/Remote violence,1,25.4074,35.9101
06/07/2025,Israel,Explosions/Remote violence,1,25.4074,35.9101
06/14/2025,Israel,Explosions/Remote violence,2,25.4074,35.9101
06/21/2025,Israel,Explosions/Remote violence,1,25.4074,35.9101
06/28/2025,Israel,Explosions/Remote violence,1,25.4074,35.9101
07/05/2025,Israel,Explosions/Remote violence,1,25.4074,35.9101
07/19/2025,Israel,Explosions/Remote violence,2,25.4074,35.9101
08/02/2025,Israel,Explosions/Remote violence,1,25.4074,35.9101
09/13/2025,Israel,Explosions/Remote violence,2,25.4074,35.9101
09/20/2025,Israel,Explosions/Remote violence,1,25.4074,35.9101
07/13/2024,Israel,Explosions/Remote violence,1,32.0984,34.8103
08/24/2024,Israel,Explosions/Remote violence,1,32.0984,34.8103
09/28/2024,Israel,Explosions/Remote violence,1,32.0984,34.8103
10/05/2024,Israel,Explosions/Remote violence,2,32.0984,34.8103
10/12/2024,Israel,Explosions/Remote violence,1,32.0984,34.8103
11/02/2024,Israel,Explosions/Remote violence,2,32.0984,34.8103
11/09/2024,Israel,Explosions/Remote violence,1,32.0984,34.8103
11/16/2024,Israel,Explosions/Remote violence,2,32.0984,34.8103
11/23/2024,Israel,Explosions/Remote violence,2,32.0984,34.8103
04/09/2022,Israel,Explosions/Remote violence,1,32.0984,34.8103
09/09/2023,Israel,Explosions/Remote violence,1,32.0984,34.8103
02/15/2025,Israel,Explosions/Remote violence,1,32.0984,34.8103
10/13/2018,Israel,Explosions/Remote violence,1,32.0984,34.8103
03/09/2019,Israel,Explosions/Remote violence,1,32.0984,34.8103
11/14/2020,Israel,Explosions/Remote violence,1,32.0984,34.8103
05/08/2021,Israel,Explosions/Remote violence,6,32.0984,34.8103
05/15/2021,Israel,Explosions/Remote violence,1,32.0984,34.8103
01/01/2022,Israel,Explosions/Remote violence,1,32.0984,34.8103
08/06/2022,Israel,Explosions/Remote violence,1,32.0984,34.8103
05/06/2023,Israel,Explosions/Remote violence,2,32.0984,34.8103
10/07/2023,Israel,Explosions/Remote violence,6,32.0984,34.8103
10/14/2023,Israel,Explosions/Remote violence,10,32.0984,34.8103
10/21/2023,Israel,Explosions/Remote violence,5,32.0984,34.8103
10/28/2023,Israel,Explosions/Remote violence,7,32.0984,34.8103
11/04/2023,Israel,Explosions/Remote violence,6,32.0984,34.8103
11/11/2023,Israel,Explosions/Remote violence,5,32.0984,34.8103
11/18/2023,Israel,Explosions/Remote violence,1,32.0984,34.8103
12/02/2023,Israel,Explosions/Remote violence,6,32.0984,34.8103
12/09/2023,Israel,Explosions/Remote violence,1,32.0984,34.8103
12/16/2023,Israel,Explosions/Remote violence,7,32.0984,34.8103
12/30/2023,Israel,Explosions/Remote violence,1,32.0984,34.8103
01/27/2024,Israel,Explosions/Remote violence,2,32.0984,34.8103
05/25/2024,Israel,Explosions/Remote violence,2,32.0984,34.8103
08/10/2024,Israel,Explosions/Remote violence,1,32.0984,34.8103
09/21/2024,Israel,Explosions/Remote violence,1,32.0984,34.8103
09/28/2024,Israel,Explosions/Remote violence,5,32.0984,34.8103
10/05/2024,Israel,Explosions/Remote violence,3,32.0984,34.8103
10/12/2024,Israel,Explosions/Remote violence,3,32.0984,34.8103
10/19/2024,Israel,Explosions/Remote violence,10,32.0984,34.8103
10/26/2024,Israel,Explosions/Remote violence,1,32.0984,34.8103
11/09/2024,Israel,Explosions/Remote violence,5,32.0984,34.8103
11/16/2024,Israel,Explosions/Remote violence,2,32.0984,34.8103
11/23/2024,Israel,Explosions/Remote violence,2,32.0984,34.8103
11/30/2024,Israel,Explosions/Remote violence,1,32.0984,34.8103
12/14/2024,Israel,Explosions/Remote violence,1,32.0984,34.8103
12/21/2024,Israel,Explosions/Remote violence,1,32.0984,34.8103
03/15/2025,Israel,Explosions/Remote violence,1,32.0984,34.8103
06/07/2025,Israel,Explosions/Remote violence,2,32.0984,34.8103
06/14/2025,Israel,Explosions/Remote violence,20,32.0984,34.8103
06/21/2025,Israel,Explosions/Remote violence,4,32.0984,34.8103
08/16/2025,Israel,Explosions/Remote violence,1,32.0984,34.8103
08/17/2024,Israel,Explosions/Remote violence,1,32.0984,34.8103
07/29/2017,Israel,Riots,1,32.0984,34.8103
05/05/2018,Israel,Riots,1,32.0984,34.8103
09/08/2018,Israel,Riots,1,32.0984,34.8103
09/15/2018,Israel,Riots,1,32.0984,34.8103
05/11/2019,Israel,Riots,1,32.0984,34.8103
06/29/2019,Israel,Riots,1,32.0984,34.8103
10/12/2019,Israel,Riots,1,32.0984,34.8103
11/30/2019,Israel,Riots,1,32.0984,34.8103
03/07/2020,Israel,Riots,1,32.0984,34.8103
04/25/2020,Israel,Riots,1,32.0984,34.8103
06/06/2020,Israel,Riots,1,32.0984,34.8103
06/27/2020,Israel,Riots,1,32.0984,34.8103
09/12/2020,Israel,Riots,1,32.0984,34.8103
10/03/2020,Israel,Riots,3,32.0984,34.8103
10/24/2020,Israel,Riots,1,32.0984,34.8103
01/16/2021,Israel,Riots,2,32.0984,34.8103
03/20/2021,Israel,Riots,1,32.0984,34.8103
04/17/2021,Israel,Riots,2,32.0984,34.8103
05/08/2021,Israel,Riots,5,32.0984,34.8103
05/15/2021,Israel,Riots,2,32.0984,34.8103
06/12/2021,Israel,Riots,1,32.0984,34.8103
07/03/2021,Israel,Riots,1,32.0984,34.8103
07/31/2021,Israel,Riots,1,32.0984,34.8103
08/07/2021,Israel,Riots,1,32.0984,34.8103
10/16/2021,Israel,Riots,1,32.0984,34.8103
11/13/2021,Israel,Riots,2,32.0984,34.8103
11/27/2021,Israel,Riots,1,32.0984,34.8103
09/10/2022,Israel,Riots,1,32.0984,34.8103
10/01/2022,Israel,Riots,2,32.0984,34.8103
03/11/2023,Israel,Riots,1,32.0984,34.8103
03/18/2023,Israel,Riots,1,32.0984,34.8103
04/01/2023,Israel,Riots,1,32.0984,34.8103
04/29/2023,Israel,Riots,1,32.0984,34.8103
05/27/2023,Israel,Riots,1,32.0984,34.8103
09/23/2023,Israel,Riots,1,32.0984,34.8103
11/11/2023,Israel,Riots,1,32.0984,34.8103
05/25/2024,Israel,Riots,1,32.0984,34.8103
07/06/2024,Israel,Riots,1,32.0984,34.8103
08/24/2024,Israel,Riots,1,32.0984,34.8103
01/04/2025,Israel,Riots,1,32.0984,34.8103
12/31/2016,Israel,Riots,1,32.0984,34.8103
02/04/2017,Israel,Riots,3,32.0984,34.8103
04/01/2017,Israel,Riots,1,32.0984,34.8103
07/15/2017,Israel,Riots,1,32.0984,34.8103
07/29/2017,Israel,Riots,2,32.0984,34.8103
11/18/2017,Israel,Riots,2,32.0984,34.8103
01/06/2018,Israel,Riots,1,32.0984,34.8103
01/13/2018,Israel,Riots,1,32.0984,34.8103
03/17/2018,Israel,Riots,1,32.0984,34.8103
04/14/2018,Israel,Riots,1,32.0984,34.8103
06/02/2018,Israel,Riots,1,32.0984,34.8103
08/04/2018,Israel,Riots,1,32.0984,34.8103
09/22/2018,Israel,Riots,1,32.0984,34.8103
10/27/2018,Israel,Riots,1,32.0984,34.8103
12/08/2018,Israel,Riots,2,32.0984,34.8103
01/26/2019,Israel,Riots,1,32.0984,34.8103
05/04/2019,Israel,Riots,1,32.0984,34.8103
06/01/2019,Israel,Riots,2,32.0984,34.8103
06/29/2019,Israel,Riots,1,32.0984,34.8103
11/23/2019,Israel,Riots,1,32.0984,34.8103
12/07/2019,Israel,Riots,1,32.0984,34.8103
12/14/2019,Israel,Riots,1,32.0984,34.8103
02/01/2020,Israel,Riots,1,32.0984,34.8103
03/28/2020,Israel,Riots,2,32.0984,34.8103
04/25/2020,Israel,Riots,1,32.0984,34.8103
05/30/2020,Israel,Riots,2,32.0984,34.8103
06/06/2020,Israel,Riots,3,32.0984,34.8103
07/11/2020,Israel,Riots,1,32.0984,34.8103
07/18/2020,Israel,Riots,3,32.0984,34.8103
08/22/2020,Israel,Riots,3,32.0984,34.8103
09/19/2020,Israel,Riots,1,32.0984,34.8103
10/03/2020,Israel,Riots,2,32.0984,34.8103
10/10/2020,Israel,Riots,2,32.0984,34.8103
10/17/2020,Israel,Riots,1,32.0984,34.8103
10/24/2020,Israel,Riots,2,32.0984,34.8103
11/14/2020,Israel,Riots,3,32.0984,34.8103
11/28/2020,Israel,Riots,1,32.0984,34.8103
12/19/2020,Israel,Riots,3,32.0984,34.8103
12/26/2020,Israel,Riots,1,32.0984,34.8103
01/02/2021,Israel,Riots,1,32.0984,34.8103
01/16/2021,Israel,Riots,1,32.0984,34.8103
01/23/2021,Israel,Riots,1,32.0984,34.8103
04/17/2021,Israel,Riots,3,32.0984,34.8103
05/08/2021,Israel,Riots,3,32.0984,34.8103
07/31/2021,Israel,Riots,1,32.0984,34.8103
11/13/2021,Israel,Riots,1,32.0984,34.8103
11/20/2021,Israel,Riots,1,32.0984,34.8103
01/29/2022,Israel,Riots,1,32.0984,34.8103
06/18/2022,Israel,Riots,1,32.0984,34.8103
08/13/2022,Israel,Riots,1,32.0984,34.8103
09/24/2022,Israel,Riots,1,32.0984,34.8103
11/05/2022,Israel,Riots,1,32.0984,34.8103
02/25/2023,Israel,Riots,2,32.0984,34.8103
03/04/2023,Israel,Riots,2,32.0984,34.8103
03/11/2023,Israel,Riots,1,32.0984,34.8103
03/18/2023,Israel,Riots,1,32.0984,34.8103
03/25/2023,Israel,Riots,3,32.0984,34.8103
04/01/2023,Israel,Riots,1,32.0984,34.8103
04/08/2023,Israel,Riots,2,32.0984,34.8103
04/22/2023,Israel,Riots,1,32.0984,34.8103
06/03/2023,Israel,Riots,1,32.0984,34.8103
06/10/2023,Israel,Riots,1,32.0984,34.8103
07/01/2023,Israel,Riots,3,32.0984,34.8103
07/08/2023,Israel,Riots,4,32.0984,34.8103
07/15/2023,Israel,Riots,2,32.0984,34.8103
07/22/2023,Israel,Riots,3,32.0984,34.8103
08/19/2023,Israel,Riots,1,32.0984,34.8103
08/26/2023,Israel,Riots,1,32.0984,34.8103
09/02/2023,Israel,Riots,1,32.0984,34.8103
09/09/2023,Israel,Riots,2,32.0984,34.8103
09/16/2023,Israel,Riots,1,32.0984,34.8103
01/13/2024,Israel,Riots,1,32.0984,34.8103
01/27/2024,Israel,Riots,1,32.0984,34.8103
02/03/2024,Israel,Riots,2,32.0984,34.8103
02/10/2024,Israel,Riots,2,32.0984,34.8103
02/17/2024,Israel,Riots,2,32.0984,34.8103
02/24/2024,Israel,Riots,1,32.0984,34.8103
03/02/2024,Israel,Riots,2,32.0984,34.8103
03/09/2024,Israel,Riots,1,32.0984,34.8103
03/16/2024,Israel,Riots,2,32.0984,34.8103
03/23/2024,Israel,Riots,2,32.0984,34.8103
03/30/2024,Israel,Riots,2,32.0984,34.8103
04/06/2024,Israel,Riots,1,32.0984,34.8103
04/20/2024,Israel,Riots,1,32.0984,34.8103
04/27/2024,Israel,Riots,3,32.0984,34.8103
05/04/2024,Israel,Riots,4,32.0984,34.8103
05/11/2024,Israel,Riots,2,32.0984,34.8103
05/18/2024,Israel,Riots,2,32.0984,34.8103
05/25/2024,Israel,Riots,1,32.0984,34.8103
06/01/2024,Israel,Riots,3,32.0984,34.8103
06/08/2024,Israel,Riots,1,32.0984,34.8103
06/15/2024,Israel,Riots,1,32.0984,34.8103
06/22/2024,Israel,Riots,1,32.0984,34.8103
07/06/2024,Israel,Riots,2,32.0984,34.8103
07/13/2024,Israel,Riots,3,32.0984,34.8103
07/20/2024,Israel,Riots,1,32.0984,34.8103
07/27/2024,Israel,Riots,5,32.0984,34.8103
08/03/2024,Israel,Riots,3,32.0984,34.8103
08/17/2024,Israel,Riots,2,32.0984,34.8103
08/24/2024,Israel,Riots,1,32.0984,34.8103
08/31/2024,Israel,Riots,7,32.0984,34.8103
09/07/2024,Israel,Riots,2,32.0984,34.8103
09/14/2024,Israel,Riots,1,32.0984,34.8103
09/21/2024,Israel,Riots,1,32.0984,34.8103
09/28/2024,Israel,Riots,2,32.0984,34.8103
10/12/2024,Israel,Riots,1,32.0984,34.8103
10/26/2024,Israel,Riots,1,32.0984,34.8103
11/02/2024,Israel,Riots,1,32.0984,34.8103
12/21/2024,Israel,Riots,1,32.0984,34.8103
01/04/2025,Israel,Riots,2,32.0984,34.8103
01/11/2025,Israel,Riots,1,32.0984,34.8103
01/18/2025,Israel,Riots,1,32.0984,34.8103
01/25/2025,Israel,Riots,2,32.0984,34.8103
03/01/2025,Israel,Riots,1,32.0984,34.8103
03/08/2025,Israel,Riots,1,32.0984,34.8103
03/15/2025,Israel,Riots,1,32.0984,34.8103
03/22/2025,Israel,Riots,2,32.0984,34.8103
03/29/2025,Israel,Riots,1,32.0984,34.8103
04/26/2025,Israel,Riots,1,32.0984,34.8103
05/10/2025,Israel,Riots,1,32.0984,34.8103
05/17/2025,Israel,Riots,3,32.0984,34.8103
05/24/2025,Israel,Riots,1,32.0984,34.8103
05/31/2025,Israel,Riots,3,32.0984,34.8103
06/21/2025,Israel,Riots,1,32.0984,34.8103
07/19/2025,Israel,Riots,2,32.0984,34.8103
07/26/2025,Israel,Riots,1,32.0984,34.8103
08/02/2025,Israel,Riots,4,32.0984,34.8103
08/09/2025,Israel,Riots,1,32.0984,34.8103
08/16/2025,Israel,Riots,4,32.0984,34.8103
08/23/2025,Israel,Riots,1,32.0984,34.8103
08/30/2025,Israel,Riots,1,32.0984,34.8103
09/06/2025,Israel,Riots,1,32.0984,34.8103
09/13/2025,Israel,Riots,1,32.0984,34.8103
10/18/2025,Israel,Riots,1,32.0984,34.8103
12/26/2015,Israel,Violence against civilians,1,32.0984,34.8103
03/05/2016,Israel,Violence against civilians,1,32.0984,34.8103
06/04/2016,Israel,Violence against civilians,1,32.0984,34.8103
04/22/2017,Israel,Violence against civilians,1,32.0984,34.8103
06/01/2019,Israel,Violence against civilians,1,32.0984,34.8103
07/20/2019,Israel,Violence against civilians,1,32.0984,34.8103
12/14/2019,Israel,Violence against civilians,1,32.0984,34.8103
03/28/2020,Israel,Violence against civilians,1,32.0984,34.8103
02/06/2021,Israel,Violence against civilians,1,32.0984,34.8103
06/05/2021,Israel,Violence against civilians,1,32.0984,34.8103
11/20/2021,Israel,Violence against civilians,1,32.0984,34.8103
03/26/2022,Israel,Violence against civilians,1,32.0984,34.8103
04/02/2022,Israel,Violence against civilians,1,32.0984,34.8103
07/02/2022,Israel,Violence against civilians,1,32.0984,34.8103
09/17/2022,Israel,Violence against civilians,1,32.0984,34.8103
12/03/2022,Israel,Violence against civilians,1,32.0984,34.8103
03/04/2023,Israel,Violence against civilians,1,32.0984,34.8103
04/01/2023,Israel,Violence against civilians,1,32.0984,34.8103
07/01/2023,Israel,Violence against civilians,2,32.0984,34.8103
08/03/2024,Israel,Violence against civilians,1,32.0984,34.8103
09/28/2024,Israel,Violence against civilians,1,32.0984,34.8103
10/26/2024,Israel,Violence against civilians,1,32.0984,34.8103
12/07/2024,Israel,Violence against civilians,1,32.0984,34.8103
12/21/2024,Israel,Violence against civilians,1,32.0984,34.8103
01/18/2025,Israel,Violence against civilians,2,32.0984,34.8103
01/02/2016,Palestine,Explosions/Remote violence,3,31.407,34.3577
01/09/2016,Palestine,Explosions/Remote violence,1,31.407,34.3577
01/23/2016,Palestine,Explosions/Remote violence,1,31.407,34.3577
03/12/2016,Palestine,Explosions/Remote violence,1,31.407,34.3577
04/30/2016,Palestine,Explosions/Remote violence,3,31.407,34.3577
06/11/2016,Palestine,Explosions/Remote violence,1,31.407,34.3577
07/02/2016,Palestine,Explosions/Remote violence,2,31.407,34.3577
07/09/2016,Palestine,Explosions/Remote violence,2,31.407,34.3577
08/20/2016,Palestine,Explosions/Remote violence,2,31.407,34.3577
09/10/2016,Palestine,Explosions/Remote violence,2,31.407,34.3577
09/17/2016,Palestine,Explosions/Remote violence,1,31.407,34.3577
10/01/2016,Palestine,Explosions/Remote violence,2,31.407,34.3577
01/28/2017,Palestine,Explosions/Remote violence,1,31.407,34.3577
02/04/2017,Palestine,Explosions/Remote violence,6,31.407,34.3577
02/18/2017,Palestine,Explosions/Remote violence,1,31.407,34.3577
02/25/2017,Palestine,Explosions/Remote violence,5,31.407,34.3577
03/18/2017,Palestine,Explosions/Remote violence,2,31.407,34.3577
06/24/2017,Palestine,Explosions/Remote violence,3,31.407,34.3577
07/22/2017,Palestine,Explosions/Remote violence,2,31.407,34.3577
08/05/2017,Palestine,Explosions/Remote violence,1,31.407,34.3577
11/25/2017,Palestine,Explosions/Remote violence,2,31.407,34.3577
12/02/2017,Palestine,Explosions/Remote violence,2,31.407,34.3577
12/09/2017,Palestine,Explosions/Remote violence,10,31.407,34.3577
12/16/2017,Palestine,Explosions/Remote violence,1,31.407,34.3577
12/23/2017,Palestine,Explosions/Remote violence,1,31.407,34.3577
12/30/2017,Palestine,Explosions/Remote violence,6,31.407,34.3577
01/13/2018,Palestine,Explosions/Remote violence,3,31.407,34.3577
01/27/2018,Palestine,Explosions/Remote violence,1,31.407,34.3577
02/03/2018,Palestine,Explosions/Remote violence,1,31.407,34.3577
02/17/2018,Palestine,Explosions/Remote violence,7,31.407,34.3577
03/10/2018,Palestine,Explosions/Remote violence,1,31.407,34.3577
03/17/2018,Palestine,Explosions/Remote violence,3,31.407,34.3577
03/24/2018,Palestine,Explosions/Remote violence,2,31.407,34.3577
03/31/2018,Palestine,Explosions/Remote violence,1,31.407,34.3577
04/07/2018,Palestine,Explosions/Remote violence,4,31.407,34.3577
04/21/2018,Palestine,Explosions/Remote violence,2,31.407,34.3577
05/05/2018,Palestine,Explosions/Remote violence,1,31.407,34.3577
05/12/2018,Palestine,Explosions/Remote violence,8,31.407,34.3577
05/19/2018,Palestine,Explosions/Remote violence,3,31.407,34.3577
05/26/2018,Palestine,Explosions/Remote violence,14,31.407,34.3577
06/02/2018,Palestine,Explosions/Remote violence,13,31.407,34.3577
06/09/2018,Palestine,Explosions/Remote violence,7,31.407,34.3577
06/16/2018,Palestine,Explosions/Remote violence,23,31.407,34.3577
06/23/2018,Palestine,Explosions/Remote violence,8,31.407,34.3577
06/30/2018,Palestine,Explosions/Remote violence,1,31.407,34.3577
07/07/2018,Palestine,Explosions/Remote violence,3,31.407,34.3577
07/14/2018,Palestine,Explosions/Remote violence,20,31.407,34.3577
07/21/2018,Palestine,Explosions/Remote violence,6,31.407,34.3577
07/28/2018,Palestine,Explosions/Remote violence,2,31.407,34.3577
08/04/2018,Palestine,Explosions/Remote violence,25,31.407,34.3577
08/11/2018,Palestine,Explosions/Remote violence,5,31.407,34.3577
09/01/2018,Palestine,Explosions/Remote violence,3,31.407,34.3577
09/08/2018,Palestine,Explosions/Remote violence,1,31.407,34.3577
09/15/2018,Palestine,Explosions/Remote violence,3,31.407,34.3577
09/22/2018,Palestine,Explosions/Remote violence,3,31.407,34.3577
09/29/2018,Palestine,Explosions/Remote violence,3,31.407,34.3577
10/06/2018,Palestine,Explosions/Remote violence,2,31.407,34.3577
10/13/2018,Palestine,Explosions/Remote violence,18,31.407,34.3577
10/20/2018,Palestine,Explosions/Remote violence,17,31.407,34.3577
10/27/2018,Palestine,Explosions/Remote violence,11,31.407,34.3577
11/10/2018,Palestine,Explosions/Remote violence,29,31.407,34.3577
12/29/2018,Palestine,Explosions/Remote violence,1,31.407,34.3577
01/05/2019,Palestine,Explosions/Remote violence,5,31.407,34.3577
01/12/2019,Palestine,Explosions/Remote violence,6,31.407,34.3577
01/19/2019,Palestine,Explosions/Remote violence,1,31.407,34.3577
02/16/2019,Palestine,Explosions/Remote violence,1,31.407,34.3577
02/23/2019,Palestine,Explosions/Remote violence,3,31.407,34.3577
03/02/2019,Palestine,Explosions/Remote violence,16,31.407,34.3577
03/09/2019,Palestine,Explosions/Remote violence,28,31.407,34.3577
03/16/2019,Palestine,Explosions/Remote violence,7,31.407,34.3577
03/23/2019,Palestine,Explosions/Remote violence,35,31.407,34.3577
03/30/2019,Palestine,Explosions/Remote violence,5,31.407,34.3577
04/06/2019,Palestine,Explosions/Remote violence,1,31.407,34.3577
04/13/2019,Palestine,Explosions/Remote violence,1,31.407,34.3577
04/27/2019,Palestine,Explosions/Remote violence,3,31.407,34.3577
05/04/2019,Palestine,Explosions/Remote violence,44,31.407,34.3577
06/08/2019,Palestine,Explosions/Remote violence,6,31.407,34.3577
08/10/2019,Palestine,Explosions/Remote violence,5,31.407,34.3577
08/17/2019,Palestine,Explosions/Remote violence,4,31.407,34.3577
08/24/2019,Palestine,Explosions/Remote violence,4,31.407,34.3577
09/07/2019,Palestine,Explosions/Remote violence,10,31.407,34.3577
10/26/2019,Palestine,Explosions/Remote violence,1,31.407,34.3577
11/02/2019,Palestine,Explosions/Remote violence,8,31.407,34.3577
11/09/2019,Palestine,Explosions/Remote violence,37,31.407,34.3577
11/16/2019,Palestine,Explosions/Remote violence,1,31.407,34.3577
11/23/2019,Palestine,Explosions/Remote violence,8,31.407,34.3577
11/30/2019,Palestine,Explosions/Remote violence,1,31.407,34.3577
12/07/2019,Palestine,Explosions/Remote violence,5,31.407,34.3577
12/14/2019,Palestine,Explosions/Remote violence,7,31.407,34.3577
12/21/2019,Palestine,Explosions/Remote violence,4,31.407,34.3577
01/11/2020,Palestine,Explosions/Remote violence,4,31.407,34.3577
01/18/2020,Palestine,Explosions/Remote violence,1,31.407,34.3577
01/25/2020,Palestine,Explosions/Remote violence,13,31.407,34.3577
02/01/2020,Palestine,Explosions/Remote violence,6,31.407,34.3577
02/08/2020,Palestine,Explosions/Remote violence,3,31.407,34.3577
02/15/2020,Palestine,Explosions/Remote violence,2,31.407,34.3577
02/22/2020,Palestine,Explosions/Remote violence,13,31.407,34.3577
03/21/2020,Palestine,Explosions/Remote violence,1,31.407,34.3577
06/13/2020,Palestine,Explosions/Remote violence,3,31.407,34.3577
06/20/2020,Palestine,Explosions/Remote violence,3,31.407,34.3577
07/04/2020,Palestine,Explosions/Remote violence,2,31.407,34.3577
08/01/2020,Palestine,Explosions/Remote violence,4,31.407,34.3577
08/08/2020,Palestine,Explosions/Remote violence,15,31.407,34.3577
08/15/2020,Palestine,Explosions/Remote violence,15,31.407,34.3577
08/22/2020,Palestine,Explosions/Remote violence,10,31.407,34.3577
09/12/2020,Palestine,Explosions/Remote violence,5,31.407,34.3577
10/03/2020,Palestine,Explosions/Remote violence,1,31.407,34.3577
10/17/2020,Palestine,Explosions/Remote violence,6,31.407,34.3577
11/14/2020,Palestine,Explosions/Remote violence,3,31.407,34.3577
11/21/2020,Palestine,Explosions/Remote violence,6,31.407,34.3577
12/26/2020,Palestine,Explosions/Remote violence,4,31.407,34.3577
01/16/2021,Palestine,Explosions/Remote violence,2,31.407,34.3577
03/20/2021,Palestine,Explosions/Remote violence,2,31.407,34.3577
04/10/2021,Palestine,Explosions/Remote violence,6,31.407,34.3577
04/17/2021,Palestine,Explosions/Remote violence,7,31.407,34.3577
04/24/2021,Palestine,Explosions/Remote violence,5,31.407,34.3577
05/08/2021,Palestine,Explosions/Remote violence,91,31.407,34.3577
05/15/2021,Palestine,Explosions/Remote violence,165,31.407,34.3577
06/12/2021,Palestine,Explosions/Remote violence,4,31.407,34.3577
06/26/2021,Palestine,Explosions/Remote violence,1,31.407,34.3577
07/03/2021,Palestine,Explosions/Remote violence,3,31.407,34.3577
07/24/2021,Palestine,Explosions/Remote violence,1,31.407,34.3577
08/07/2021,Palestine,Explosions/Remote violence,4,31.407,34.3577
08/21/2021,Palestine,Explosions/Remote violence,8,31.407,34.3577
08/28/2021,Palestine,Explosions/Remote violence,2,31.407,34.3577
09/04/2021,Palestine,Explosions/Remote violence,1,31.407,34.3577
09/11/2021,Palestine,Explosions/Remote violence,10,31.407,34.3577
10/09/2021,Palestine,Explosions/Remote violence,1,31.407,34.3577
01/01/2022,Palestine,Explosions/Remote violence,1,31.407,34.3577
04/16/2022,Palestine,Explosions/Remote violence,4,31.407,34.3577
06/18/2022,Palestine,Explosions/Remote violence,4,31.407,34.3577
07/16/2022,Palestine,Explosions/Remote violence,3,31.407,34.3577
07/30/2022,Palestine,Explosions/Remote violence,26,31.407,34.3577
08/06/2022,Palestine,Explosions/Remote violence,39,31.407,34.3577
10/29/2022,Palestine,Explosions/Remote violence,1,31.407,34.3577
12/03/2022,Palestine,Explosions/Remote violence,3,31.407,34.3577
01/21/2023,Palestine,Explosions/Remote violence,2,31.407,34.3577
05/06/2023,Palestine,Explosions/Remote violence,66,31.407,34.3577
05/13/2023,Palestine,Explosions/Remote violence,24,31.407,34.3577
07/01/2023,Palestine,Explosions/Remote violence,3,31.407,34.3577
09/09/2023,Palestine,Explosions/Remote violence,1,31.407,34.3577
09/16/2023,Palestine,Explosions/Remote violence,2,31.407,34.3577
09/23/2023,Palestine,Explosions/Remote violence,8,31.407,34.3577
10/07/2023,Palestine,Explosions/Remote violence,192,31.407,34.3577
10/14/2023,Palestine,Explosions/Remote violence,183,31.407,34.3577
10/21/2023,Palestine,Explosions/Remote violence,198,31.407,34.3577
10/28/2023,Palestine,Explosions/Remote violence,177,31.407,34.3577
11/04/2023,Palestine,Explosions/Remote violence,184,31.407,34.3577
11/11/2023,Palestine,Explosions/Remote violence,147,31.407,34.3577
11/18/2023,Palestine,Explosions/Remote violence,161,31.407,34.3577
11/25/2023,Palestine,Explosions/Remote violence,37,31.407,34.3577
12/02/2023,Palestine,Explosions/Remote violence,178,31.407,34.3577
12/09/2023,Palestine,Explosions/Remote violence,148,31.407,34.3577
12/16/2023,Palestine,Explosions/Remote violence,118,31.407,34.3577
12/23/2023,Palestine,Explosions/Remote violence,128,31.407,34.3577
12/30/2023,Palestine,Explosions/Remote violence,111,31.407,34.3577
01/06/2024,Palestine,Explosions/Remote violence,119,31.407,34.3577
01/13/2024,Palestine,Explosions/Remote violence,133,31.407,34.3577
01/20/2024,Palestine,Explosions/Remote violence,91,31.407,34.3577
01/27/2024,Palestine,Explosions/Remote violence,114,31.407,34.3577
02/03/2024,Palestine,Explosions/Remote violence,134,31.407,34.3577
02/10/2024,Palestine,Explosions/Remote violence,117,31.407,34.3577
02/17/2024,Palestine,Explosions/Remote violence,142,31.407,34.3577
02/24/2024,Palestine,Explosions/Remote violence,109,31.407,34.3577
03/02/2024,Palestine,Explosions/Remote violence,129,31.407,34.3577
03/09/2024,Palestine,Explosions/Remote violence,119,31.407,34.3577
03/16/2024,Palestine,Explosions/Remote violence,116,31.407,34.3577
03/23/2024,Palestine,Explosions/Remote violence,124,31.407,34.3577
03/30/2024,Palestine,Explosions/Remote violence,95,31.407,34.3577
04/06/2024,Palestine,Explosions/Remote violence,99,31.407,34.3577
04/13/2024,Palestine,Explosions/Remote violence,99,31.407,34.3577
04/20/2024,Palestine,Explosions/Remote violence,142,31.407,34.3577
04/27/2024,Palestine,Explosions/Remote violence,128,31.407,34.3577
05/04/2024,Palestine,Explosions/Remote violence,142,31.407,34.3577
05/11/2024,Palestine,Explosions/Remote violence,132,31.407,34.3577
05/18/2024,Palestine,Explosions/Remote violence,125,31.407,34.3577
05/25/2024,Palestine,Explosions/Remote violence,114,31.407,34.3577
06/01/2024,Palestine,Explosions/Remote violence,109,31.407,34.3577
06/08/2024,Palestine,Explosions/Remote violence,82,31.407,34.3577
06/15/2024,Palestine,Explosions/Remote violence,84,31.407,34.3577
06/22/2024,Palestine,Explosions/Remote violence,87,31.407,34.3577
06/29/2024,Palestine,Explosions/Remote violence,103,31.407,34.3577
07/06/2024,Palestine,Explosions/Remote violence,127,31.407,34.3577
07/13/2024,Palestine,Explosions/Remote violence,75,31.407,34.3577
07/20/2024,Palestine,Explosions/Remote violence,122,31.407,34.3577
07/27/2024,Palestine,Explosions/Remote violence,106,31.407,34.3577
08/03/2024,Palestine,Explosions/Remote violence,101,31.407,34.3577
08/10/2024,Palestine,Explosions/Remote violence,132,31.407,34.3577
08/17/2024,Palestine,Explosions/Remote violence,116,31.407,34.3577
08/24/2024,Palestine,Explosions/Remote violence,122,31.407,34.3577
08/31/2024,Palestine,Explosions/Remote violence,102,31.407,34.3577
09/07/2024,Palestine,Explosions/Remote violence,90,31.407,34.3577
09/14/2024,Palestine,Explosions/Remote violence,96,31.407,34.3577
09/21/2024,Palestine,Explosions/Remote violence,94,31.407,34.3577
09/28/2024,Palestine,Explosions/Remote violence,94,31.407,34.3577
10/05/2024,Palestine,Explosions/Remote violence,128,31.407,34.3577
10/12/2024,Palestine,Explosions/Remote violence,105,31.407,34.3577
10/19/2024,Palestine,Explosions/Remote violence,103,31.407,34.3577
10/26/2024,Palestine,Explosions/Remote violence,122,31.407,34.3577
11/02/2024,Palestine,Explosions/Remote violence,110,31.407,34.3577
11/09/2024,Palestine,Explosions/Remote violence,97,31.407,34.3577
11/16/2024,Palestine,Explosions/Remote violence,109,31.407,34.3577
11/23/2024,Palestine,Explosions/Remote violence,89,31.407,34.3577
11/30/2024,Palestine,Explosions/Remote violence,107,31.407,34.3577
12/07/2024,Palestine,Explosions/Remote violence,121,31.407,34.3577
12/14/2024,Palestine,Explosions/Remote violence,112,31.407,34.3577
12/21/2024,Palestine,Explosions/Remote violence,116,31.407,34.3577
12/28/2024,Palestine,Explosions/Remote violence,106,31.407,34.3577
01/04/2025,Palestine,Explosions/Remote violence,127,31.407,34.3577
01/11/2025,Palestine,Explosions/Remote violence,119,31.407,34.3577
01/18/2025,Palestine,Explosions/Remote violence,24,31.407,34.3577
01/25/2025,Palestine,Explosions/Remote violence,7,31.407,34.3577
02/01/2025,Palestine,Explosions/Remote violence,7,31.407,34.3577
02/08/2025,Palestine,Explosions/Remote violence,5,31.407,34.3577
02/15/2025,Palestine,Explosions/Remote violence,11,31.407,34.3577
02/22/2025,Palestine,Explosions/Remote violence,9,31.407,34.3577
03/01/2025,Palestine,Explosions/Remote violence,14,31.407,34.3577
03/08/2025,Palestine,Explosions/Remote violence,21,31.407,34.3577
03/15/2025,Palestine,Explosions/Remote violence,121,31.407,34.3577
03/22/2025,Palestine,Explosions/Remote violence,156,31.407,34.3577
03/29/2025,Palestine,Explosions/Remote violence,138,31.407,34.3577
04/05/2025,Palestine,Explosions/Remote violence,123,31.407,34.3577
04/12/2025,Palestine,Explosions/Remote violence,155,31.407,34.3577
04/19/2025,Palestine,Explosions/Remote violence,151,31.407,34.3577
04/26/2025,Palestine,Explosions/Remote violence,160,31.407,34.3577
05/03/2025,Palestine,Explosions/Remote violence,139,31.407,34.3577
05/10/2025,Palestine,Explosions/Remote violence,146,31.407,34.3577
05/17/2025,Palestine,Explosions/Remote violence,196,31.407,34.3577
05/24/2025,Palestine,Explosions/Remote violence,169,31.407,34.3577
05/31/2025,Palestine,Explosions/Remote violence,163,31.407,34.3577
06/07/2025,Palestine,Explosions/Remote violence,139,31.407,34.3577
06/14/2025,Palestine,Explosions/Remote violence,106,31.407,34.3577
06/21/2025,Palestine,Explosions/Remote violence,109,31.407,34.3577
06/28/2025,Palestine,Explosions/Remote violence,145,31.407,34.3577
07/05/2025,Palestine,Explosions/Remote violence,171,31.407,34.3577
07/12/2025,Palestine,Explosions/Remote violence,163,31.407,34.3577
07/19/2025,Palestine,Explosions/Remote violence,122,31.407,34.3577
07/26/2025,Palestine,Explosions/Remote violence,99,31.407,34.3577
08/02/2025,Palestine,Explosions/Remote violence,119,31.407,34.3577
08/09/2025,Palestine,Explosions/Remote violence,112,31.407,34.3577
08/16/2025,Palestine,Explosions/Remote violence,109,31.407,34.3577
08/23/2025,Palestine,Explosions/Remote violence,134,31.407,34.3577
08/30/2025,Palestine,Explosions/Remote violence,144,31.407,34.3577
09/06/2025,Palestine,Explosions/Remote violence,140,31.407,34.3577
09/13/2025,Palestine,Explosions/Remote violence,133,31.407,34.3577
09/20/2025,Palestine,Explosions/Remote violence,143,31.407,34.3577
09/27/2025,Palestine,Explosions/Remote violence,157,31.407,34.3577
10/04/2025,Palestine,Explosions/Remote violence,107,31.407,34.3577
10/11/2025,Palestine,Explosions/Remote violence,16,31.407,34.3577
10/18/2025,Palestine,Explosions/Remote violence,19,31.407,34.3577
05/19/2018,Palestine,Explosions/Remote violence,1,31.407,34.3577
06/16/2018,Palestine,Explosions/Remote violence,1,31.407,34.3577
08/04/2018,Palestine,Explosions/Remote violence,1,31.407,34.3577
08/11/2018,Palestine,Explosions/Remote violence,1,31.407,34.3577
09/15/2018,Palestine,Explosions/Remote violence,1,31.407,34.3577
10/06/2018,Palestine,Explosions/Remote violence,1,31.407,34.3577
10/27/2018,Palestine,Explosions/Remote violence,1,31.407,34.3577
11/10/2018,Palestine,Explosions/Remote violence,1,31.407,34.3577
12/08/2018,Palestine,Explosions/Remote violence,1,31.407,34.3577
01/19/2019,Palestine,Explosions/Remote violence,1,31.407,34.3577
09/21/2019,Palestine,Explosions/Remote violence,1,31.407,34.3577
08/26/2023,Palestine,Explosions/Remote violence,1,31.407,34.3577
09/02/2023,Palestine,Explosions/Remote violence,1,31.407,34.3577
12/16/2023,Palestine,Explosions/Remote violence,1,31.407,34.3577
02/13/2016,Palestine,Explosions/Remote violence,1,31.407,34.3577
02/20/2016,Palestine,Explosions/Remote violence,1,31.407,34.3577
04/02/2016,Palestine,Explosions/Remote violence,1,31.407,34.3577
04/16/2016,Palestine,Explosions/Remote violence,1,31.407,34.3577
04/23/2016,Palestine,Explosions/Remote violence,1,31.407,34.3577
12/03/2016,Palestine,Explosions/Remote violence,1,31.407,34.3577
01/14/2017,Palestine,Explosions/Remote violence,2,31.407,34.3577
01/28/2017,Palestine,Explosions/Remote violence,1,31.407,34.3577
06/03/2017,Palestine,Explosions/Remote violence,1,31.407,34.3577
10/21/2017,Palestine,Explosions/Remote violence,1,31.407,34.3577
10/28/2017,Palestine,Explosions/Remote violence,1,31.407,34.3577
12/09/2017,Palestine,Explosions/Remote violence,1,31.407,34.3577
03/10/2018,Palestine,Explosions/Remote violence,2,31.407,34.3577
03/17/2018,Palestine,Explosions/Remote violence,1,31.407,34.3577
04/07/2018,Palestine,Explosions/Remote violence,1,31.407,34.3577
04/21/2018,Palestine,Explosions/Remote violence,1,31.407,34.3577
05/05/2018,Palestine,Explosions/Remote violence,1,31.407,34.3577
05/12/2018,Palestine,Explosions/Remote violence,1,31.407,34.3577
07/14/2018,Palestine,Explosions/Remote violence,1,31.407,34.3577
07/21/2018,Palestine,Explosions/Remote violence,1,31.407,34.3577
08/04/2018,Palestine,Explosions/Remote violence,1,31.407,34.3577
09/01/2018,Palestine,Explosions/Remote violence,1,31.407,34.3577
11/24/2018,Palestine,Explosions/Remote violence,1,31.407,34.3577
03/30/2019,Palestine,Explosions/Remote violence,1,31.407,34.3577
03/06/2021,Palestine,Explosions/Remote violence,1,31.407,34.3577
05/29/2021,Palestine,Explosions/Remote violence,1,31.407,34.3577
06/05/2021,Palestine,Explosions/Remote violence,1,31.407,34.3577
08/07/2021,Palestine,Explosions/Remote violence,1,31.407,34.3577
03/04/2023,Palestine,Explosions/Remote violence,1,31.407,34.3577
09/09/2023,Palestine,Explosions/Remote violence,1,31.407,34.3577
11/11/2023,Palestine,Explosions/Remote violence,2,31.407,34.3577
11/18/2023,Palestine,Explosions/Remote violence,1,31.407,34.3577
12/02/2023,Palestine,Explosions/Remote violence,2,31.407,34.3577
12/09/2023,Palestine,Explosions/Remote violence,3,31.407,34.3577
12/16/2023,Palestine,Explosions/Remote violence,2,31.407,34.3577
12/23/2023,Palestine,Explosions/Remote violence,4,31.407,34.3577
12/30/2023,Palestine,Explosions/Remote violence,6,31.407,34.3577
01/06/2024,Palestine,Explosions/Remote violence,2,31.407,34.3577
01/13/2024,Palestine,Explosions/Remote violence,1,31.407,34.3577
01/20/2024,Palestine,Explosions/Remote violence,2,31.407,34.3577
02/10/2024,Palestine,Explosions/Remote violence,2,31.407,34.3577
02/17/2024,Palestine,Explosions/Remote violence,1,31.407,34.3577
03/02/2024,Palestine,Explosions/Remote violence,1,31.407,34.3577
03/09/2024,Palestine,Explosions/Remote violence,1,31.407,34.3577
03/23/2024,Palestine,Explosions/Remote violence,2,31.407,34.3577
03/30/2024,Palestine,Explosions/Remote violence,1,31.407,34.3577
04/13/2024,Palestine,Explosions/Remote violence,1,31.407,34.3577
05/11/2024,Palestine,Explosions/Remote violence,1,31.407,34.3577
05/18/2024,Palestine,Explosions/Remote violence,1,31.407,34.3577
05/25/2024,Palestine,Explosions/Remote violence,4,31.407,34.3577
06/01/2024,Palestine,Explosions/Remote violence,3,31.407,34.3577
06/08/2024,Palestine,Explosions/Remote violence,1,31.407,34.3577
06/15/2024,Palestine,Explosions/Remote violence,2,31.407,34.3577
06/29/2024,Palestine,Explosions/Remote violence,5,31.407,34.3577
07/06/2024,Palestine,Explosions/Remote violence,3,31.407,34.3577
07/13/2024,Palestine,Explosions/Remote violence,2,31.407,34.3577
07/20/2024,Palestine,Explosions/Remote violence,4,31.407,34.3577
07/27/2024,Palestine,Explosions/Remote violence,2,31.407,34.3577
08/03/2024,Palestine,Explosions/Remote violence,1,31.407,34.3577
08/10/2024,Palestine,Explosions/Remote violence,4,31.407,34.3577
08/17/2024,Palestine,Explosions/Remote violence,5,31.407,34.3577
08/24/2024,Palestine,Explosions/Remote violence,4,31.407,34.3577
08/31/2024,Palestine,Explosions/Remote violence,1,31.407,34.3577
09/07/2024,Palestine,Explosions/Remote violence,1,31.407,34.3577
09/14/2024,Palestine,Explosions/Remote violence,1,31.407,34.3577
09/21/2024,Palestine,Explosions/Remote violence,2,31.407,34.3577
09/28/2024,Palestine,Explosions/Remote violence,2,31.407,34.3577
10/05/2024,Palestine,Explosions/Remote violence,4,31.407,34.3577
10/12/2024,Palestine,Explosions/Remote violence,5,31.407,34.3577
10/19/2024,Palestine,Explosions/Remote violence,7,31.407,34.3577
10/26/2024,Palestine,Explosions/Remote violence,4,31.407,34.3577
11/02/2024,Palestine,Explosions/Remote violence,5,31.407,34.3577
11/09/2024,Palestine,Explosions/Remote violence,1,31.407,34.3577
11/16/2024,Palestine,Explosions/Remote violence,1,31.407,34.3577
11/23/2024,Palestine,Explosions/Remote violence,4,31.407,34.3577
11/30/2024,Palestine,Explosions/Remote violence,1,31.407,34.3577
12/07/2024,Palestine,Explosions/Remote violence,3,31.407,34.3577
12/14/2024,Palestine,Explosions/Remote violence,5,31.407,34.3577
12/21/2024,Palestine,Explosions/Remote violence,4,31.407,34.3577
12/28/2024,Palestine,Explosions/Remote violence,2,31.407,34.3577
01/04/2025,Palestine,Explosions/Remote violence,6,31.407,34.3577
01/11/2025,Palestine,Explosions/Remote violence,2,31.407,34.3577
01/18/2025,Palestine,Explosions/Remote violence,3,31.407,34.3577
01/25/2025,Palestine,Explosions/Remote violence,1,31.407,34.3577
02/01/2025,Palestine,Explosions/Remote violence,1,31.407,34.3577
02/08/2025,Palestine,Explosions/Remote violence,1,31.407,34.3577
02/22/2025,Palestine,Explosions/Remote violence,4,31.407,34.3577
03/15/2025,Palestine,Explosions/Remote violence,1,31.407,34.3577
03/29/2025,Palestine,Explosions/Remote violence,2,31.407,34.3577
04/05/2025,Palestine,Explosions/Remote violence,2,31.407,34.3577
04/12/2025,Palestine,Explosions/Remote violence,4,31.407,34.3577
04/19/2025,Palestine,Explosions/Remote violence,1,31.407,34.3577
04/26/2025,Palestine,Explosions/Remote violence,3,31.407,34.3577
05/03/2025,Palestine,Explosions/Remote violence,1,31.407,34.3577
05/10/2025,Palestine,Explosions/Remote violence,1,31.407,34.3577
05/17/2025,Palestine,Explosions/Remote violence,5,31.407,34.3577
05/24/2025,Palestine,Explosions/Remote violence,8,31.407,34.3577
05/31/2025,Palestine,Explosions/Remote violence,6,31.407,34.3577
06/07/2025,Palestine,Explosions/Remote violence,1,31.407,34.3577
06/14/2025,Palestine,Explosions/Remote violence,9,31.407,34.3577
06/21/2025,Palestine,Explosions/Remote violence,5,31.407,34.3577
06/28/2025,Palestine,Explosions/Remote violence,8,31.407,34.3577
07/05/2025,Palestine,Explosions/Remote violence,6,31.407,34.3577
07/12/2025,Palestine,Explosions/Remote violence,10,31.407,34.3577
07/19/2025,Palestine,Explosions/Remote violence,6,31.407,34.3577
07/26/2025,Palestine,Explosions/Remote violence,8,31.407,34.3577
08/02/2025,Palestine,Explosions/Remote violence,4,31.407,34.3577
08/09/2025,Palestine,Explosions/Remote violence,8,31.407,34.3577
08/16/2025,Palestine,Explosions/Remote violence,5,31.407,34.3577
08/23/2025,Palestine,Explosions/Remote violence,11,31.407,34.3577
08/30/2025,Palestine,Explosions/Remote violence,8,31.407,34.3577
09/06/2025,Palestine,Explosions/Remote violence,2,31.407,34.3577
09/13/2025,Palestine,Explosions/Remote violence,9,31.407,34.3577
09/20/2025,Palestine,Explosions/Remote violence,10,31.407,34.3577
09/27/2025,Palestine,Explosions/Remote violence,10,31.407,34.3577
10/04/2025,Palestine,Explosions/Remote violence,5,31.407,34.3577
10/11/2025,Palestine,Explosions/Remote violence,1,31.407,34.3577
10/18/2025,Palestine,Explosions/Remote violence,2,31.407,34.3577
01/23/2016,Palestine,Explosions/Remote violence,1,31.407,34.3577
02/13/2016,Palestine,Explosions/Remote violence,1,31.407,34.3577
04/30/2016,Palestine,Explosions/Remote violence,4,31.407,34.3577
05/21/2016,Palestine,Explosions/Remote violence,1,31.407,34.3577
06/25/2016,Palestine,Explosions/Remote violence,2,31.407,34.3577
07/23/2016,Palestine,Explosions/Remote violence,1,31.407,34.3577
08/20/2016,Palestine,Explosions/Remote violence,1,31.407,34.3577
08/27/2016,Palestine,Explosions/Remote violence,1,31.407,34.3577
09/03/2016,Palestine,Explosions/Remote violence,3,31.407,34.3577
09/10/2016,Palestine,Explosions/Remote violence,1,31.407,34.3577
10/01/2016,Palestine,Explosions/Remote violence,2,31.407,34.3577
10/22/2016,Palestine,Explosions/Remote violence,1,31.407,34.3577
10/29/2016,Palestine,Explosions/Remote violence,1,31.407,34.3577
12/17/2016,Palestine,Explosions/Remote violence,1,31.407,34.3577
01/28/2017,Palestine,Explosions/Remote violence,1,31.407,34.3577
02/11/2017,Palestine,Explosions/Remote violence,1,31.407,34.3577
02/25/2017,Palestine,Explosions/Remote violence,1,31.407,34.3577
03/04/2017,Palestine,Explosions/Remote violence,5,31.407,34.3577
03/11/2017,Palestine,Explosions/Remote violence,2,31.407,34.3577
03/18/2017,Palestine,Explosions/Remote violence,1,31.407,34.3577
07/22/2017,Palestine,Explosions/Remote violence,1,31.407,34.3577
09/16/2017,Palestine,Explosions/Remote violence,1,31.407,34.3577
10/07/2017,Palestine,Explosions/Remote violence,2,31.407,34.3577
12/02/2017,Palestine,Explosions/Remote violence,1,31.407,34.3577
12/09/2017,Palestine,Explosions/Remote violence,3,31.407,34.3577
12/30/2017,Palestine,Explosions/Remote violence,2,31.407,34.3577
01/27/2018,Palestine,Explosions/Remote violence,1,31.407,34.3577
02/10/2018,Palestine,Explosions/Remote violence,1,31.407,34.3577
02/17/2018,Palestine,Explosions/Remote violence,5,31.407,34.3577
02/24/2018,Palestine,Explosions/Remote violence,1,31.407,34.3577
03/03/2018,Palestine,Explosions/Remote violence,1,31.407,34.3577
03/10/2018,Palestine,Explosions/Remote violence,2,31.407,34.3577
03/17/2018,Palestine,Explosions/Remote violence,1,31.407,34.3577
03/24/2018,Palestine,Explosions/Remote violence,5,31.407,34.3577
03/31/2018,Palestine,Explosions/Remote violence,3,31.407,34.3577
04/07/2018,Palestine,Explosions/Remote violence,2,31.407,34.3577
04/14/2018,Palestine,Explosions/Remote violence,2,31.407,34.3577
04/21/2018,Palestine,Explosions/Remote violence,2,31.407,34.3577
05/05/2018,Palestine,Explosions/Remote violence,1,31.407,34.3577
05/12/2018,Palestine,Explosions/Remote violence,6,31.407,34.3577
05/19/2018,Palestine,Explosions/Remote violence,1,31.407,34.3577
05/26/2018,Palestine,Explosions/Remote violence,26,31.407,34.3577
06/02/2018,Palestine,Explosions/Remote violence,1,31.407,34.3577
06/16/2018,Palestine,Explosions/Remote violence,6,31.407,34.3577
06/23/2018,Palestine,Explosions/Remote violence,3,31.407,34.3577
07/14/2018,Palestine,Explosions/Remote violence,12,31.407,34.3577
07/21/2018,Palestine,Explosions/Remote violence,5,31.407,34.3577
07/28/2018,Palestine,Explosions/Remote violence,2,31.407,34.3577
08/04/2018,Palestine,Explosions/Remote violence,5,31.407,34.3577
09/01/2018,Palestine,Explosions/Remote violence,1,31.407,34.3577
09/08/2018,Palestine,Explosions/Remote violence,3,31.407,34.3577
09/15/2018,Palestine,Explosions/Remote violence,1,31.407,34.3577
10/06/2018,Palestine,Explosions/Remote violence,4,31.407,34.3577
10/20/2018,Palestine,Explosions/Remote violence,1,31.407,34.3577
10/27/2018,Palestine,Explosions/Remote violence,1,31.407,34.3577
11/10/2018,Palestine,Explosions/Remote violence,9,31.407,34.3577
12/22/2018,Palestine,Explosions/Remote violence,2,31.407,34.3577
01/05/2019,Palestine,Explosions/Remote violence,2,31.407,34.3577
01/12/2019,Palestine,Explosions/Remote violence,2,31.407,34.3577
01/19/2019,Palestine,Explosions/Remote violence,1,31.407,34.3577
02/02/2019,Palestine,Explosions/Remote violence,5,31.407,34.3577
02/16/2019,Palestine,Explosions/Remote violence,3,31.407,34.3577
03/02/2019,Palestine,Explosions/Remote violence,4,31.407,34.3577
03/09/2019,Palestine,Explosions/Remote violence,3,31.407,34.3577
03/23/2019,Palestine,Explosions/Remote violence,11,31.407,34.3577
03/30/2019,Palestine,Explosions/Remote violence,7,31.407,34.3577
04/13/2019,Palestine,Explosions/Remote violence,4,31.407,34.3577
04/20/2019,Palestine,Explosions/Remote violence,1,31.407,34.3577
04/27/2019,Palestine,Explosions/Remote violence,1,31.407,34.3577
05/04/2019,Palestine,Explosions/Remote violence,36,31.407,34.3577
05/11/2019,Palestine,Explosions/Remote violence,1,31.407,34.3577
05/25/2019,Palestine,Explosions/Remote violence,1,31.407,34.3577
06/08/2019,Palestine,Explosions/Remote violence,1,31.407,34.3577
06/15/2019,Palestine,Explosions/Remote violence,1,31.407,34.3577
07/27/2019,Palestine,Explosions/Remote violence,1,31.407,34.3577
08/10/2019,Palestine,Explosions/Remote violence,2,31.407,34.3577
08/17/2019,Palestine,Explosions/Remote violence,3,31.407,34.3577
08/24/2019,Palestine,Explosions/Remote violence,4,31.407,34.3577
09/07/2019,Palestine,Explosions/Remote violence,3,31.407,34.3577
09/14/2019,Palestine,Explosions/Remote violence,2,31.407,34.3577
09/28/2019,Palestine,Explosions/Remote violence,1,31.407,34.3577
10/26/2019,Palestine,Explosions/Remote violence,3,31.407,34.3577
11/02/2019,Palestine,Explosions/Remote violence,1,31.407,34.3577
11/09/2019,Palestine,Explosions/Remote violence,25,31.407,34.3577
11/23/2019,Palestine,Explosions/Remote violence,3,31.407,34.3577
11/30/2019,Palestine,Explosions/Remote violence,3,31.407,34.3577
12/07/2019,Palestine,Explosions/Remote violence,2,31.407,34.3577
12/14/2019,Palestine,Explosions/Remote violence,5,31.407,34.3577
12/21/2019,Palestine,Explosions/Remote violence,4,31.407,34.3577
01/18/2020,Palestine,Explosions/Remote violence,1,31.407,34.3577
01/25/2020,Palestine,Explosions/Remote violence,5,31.407,34.3577
02/01/2020,Palestine,Explosions/Remote violence,1,31.407,34.3577
02/08/2020,Palestine,Explosions/Remote violence,2,31.407,34.3577
02/22/2020,Palestine,Explosions/Remote violence,6,31.407,34.3577
03/21/2020,Palestine,Explosions/Remote violence,2,31.407,34.3577
04/25/2020,Palestine,Explosions/Remote violence,1,31.407,34.3577
05/02/2020,Palestine,Explosions/Remote violence,3,31.407,34.3577
05/09/2020,Palestine,Explosions/Remote violence,1,31.407,34.3577
06/13/2020,Palestine,Explosions/Remote violence,1,31.407,34.3577
06/20/2020,Palestine,Explosions/Remote violence,3,31.407,34.3577
07/04/2020,Palestine,Explosions/Remote violence,2,31.407,34.3577
08/01/2020,Palestine,Explosions/Remote violence,1,31.407,34.3577
08/08/2020,Palestine,Explosions/Remote violence,9,31.407,34.3577
08/15/2020,Palestine,Explosions/Remote violence,9,31.407,34.3577
08/22/2020,Palestine,Explosions/Remote violence,7,31.407,34.3577
08/29/2020,Palestine,Explosions/Remote violence,3,31.407,34.3577
09/12/2020,Palestine,Explosions/Remote violence,2,31.407,34.3577
10/03/2020,Palestine,Explosions/Remote violence,1,31.407,34.3577
10/17/2020,Palestine,Explosions/Remote violence,1,31.407,34.3577
11/07/2020,Palestine,Explosions/Remote violence,1,31.407,34.3577
11/14/2020,Palestine,Explosions/Remote violence,3,31.407,34.3577
12/12/2020,Palestine,Explosions/Remote violence,1,31.407,34.3577
01/09/2021,Palestine,Explosions/Remote violence,1,31.407,34.3577
01/16/2021,Palestine,Explosions/Remote violence,5,31.407,34.3577
04/24/2021,Palestine,Explosions/Remote violence,8,31.407,34.3577
05/08/2021,Palestine,Explosions/Remote violence,17,31.407,34.3577
05/15/2021,Palestine,Explosions/Remote violence,34,31.407,34.3577
08/07/2021,Palestine,Explosions/Remote violence,1,31.407,34.3577
08/14/2021,Palestine,Explosions/Remote violence,1,31.407,34.3577
08/21/2021,Palestine,Explosions/Remote violence,1,31.407,34.3577
12/25/2021,Palestine,Explosions/Remote violence,4,31.407,34.3577
01/01/2022,Palestine,Explosions/Remote violence,3,31.407,34.3577
03/05/2022,Palestine,Explosions/Remote violence,1,31.407,34.3577
04/16/2022,Palestine,Explosions/Remote violence,2,31.407,34.3577
06/11/2022,Palestine,Explosions/Remote violence,1,31.407,34.3577
06/25/2022,Palestine,Explosions/Remote violence,1,31.407,34.3577
07/16/2022,Palestine,Explosions/Remote violence,1,31.407,34.3577
07/23/2022,Palestine,Explosions/Remote violence,1,31.407,34.3577
07/30/2022,Palestine,Explosions/Remote violence,1,31.407,34.3577
08/06/2022,Palestine,Explosions/Remote violence,2,31.407,34.3577
10/29/2022,Palestine,Explosions/Remote violence,1,31.407,34.3577
12/03/2022,Palestine,Explosions/Remote violence,2,31.407,34.3577
12/31/2022,Palestine,Explosions/Remote violence,1,31.407,34.3577
01/28/2023,Palestine,Explosions/Remote violence,1,31.407,34.3577
02/11/2023,Palestine,Explosions/Remote violence,2,31.407,34.3577
03/04/2023,Palestine,Explosions/Remote violence,1,31.407,34.3577
04/01/2023,Palestine,Explosions/Remote violence,7,31.407,34.3577
04/29/2023,Palestine,Explosions/Remote violence,6,31.407,34.3577
05/06/2023,Palestine,Explosions/Remote violence,1,31.407,34.3577
05/13/2023,Palestine,Explosions/Remote violence,4,31.407,34.3577
09/09/2023,Palestine,Explosions/Remote violence,1,31.407,34.3577
09/16/2023,Palestine,Explosions/Remote violence,1,31.407,34.3577
09/23/2023,Palestine,Explosions/Remote violence,1,31.407,34.3577
10/07/2023,Palestine,Explosions/Remote violence,34,31.407,34.3577
10/14/2023,Palestine,Explosions/Remote violence,34,31.407,34.3577
10/21/2023,Palestine,Explosions/Remote violence,80,31.407,34.3577
10/28/2023,Palestine,Explosions/Remote violence,131,31.407,34.3577
11/04/2023,Palestine,Explosions/Remote violence,122,31.407,34.3577
11/11/2023,Palestine,Explosions/Remote violence,127,31.407,34.3577
11/18/2023,Palestine,Explosions/Remote violence,104,31.407,34.3577
11/25/2023,Palestine,Explosions/Remote violence,23,31.407,34.3577
12/02/2023,Palestine,Explosions/Remote violence,92,31.407,34.3577
12/09/2023,Palestine,Explosions/Remote violence,110,31.407,34.3577
12/16/2023,Palestine,Explosions/Remote violence,134,31.407,34.3577
12/23/2023,Palestine,Explosions/Remote violence,118,31.407,34.3577
12/30/2023,Palestine,Explosions/Remote violence,139,31.407,34.3577
01/06/2024,Palestine,Explosions/Remote violence,121,31.407,34.3577
01/13/2024,Palestine,Explosions/Remote violence,118,31.407,34.3577
01/20/2024,Palestine,Explosions/Remote violence,133,31.407,34.3577
01/27/2024,Palestine,Explosions/Remote violence,113,31.407,34.3577
02/03/2024,Palestine,Explosions/Remote violence,103,31.407,34.3577
02/10/2024,Palestine,Explosions/Remote violence,54,31.407,34.3577
02/17/2024,Palestine,Explosions/Remote violence,116,31.407,34.3577
02/24/2024,Palestine,Explosions/Remote violence,114,31.407,34.3577
03/02/2024,Palestine,Explosions/Remote violence,116,31.407,34.3577
03/09/2024,Palestine,Explosions/Remote violence,109,31.407,34.3577
03/16/2024,Palestine,Explosions/Remote violence,113,31.407,34.3577
03/23/2024,Palestine,Explosions/Remote violence,100,31.407,34.3577
03/30/2024,Palestine,Explosions/Remote violence,102,31.407,34.3577
04/06/2024,Palestine,Explosions/Remote violence,89,31.407,34.3577
04/13/2024,Palestine,Explosions/Remote violence,67,31.407,34.3577
04/20/2024,Palestine,Explosions/Remote violence,87,31.407,34.3577
04/27/2024,Palestine,Explosions/Remote violence,87,31.407,34.3577
05/04/2024,Palestine,Explosions/Remote violence,94,31.407,34.3577
05/11/2024,Palestine,Explosions/Remote violence,83,31.407,34.3577
05/18/2024,Palestine,Explosions/Remote violence,102,31.407,34.3577
05/25/2024,Palestine,Explosions/Remote violence,117,31.407,34.3577
06/01/2024,Palestine,Explosions/Remote violence,111,31.407,34.3577
06/08/2024,Palestine,Explosions/Remote violence,98,31.407,34.3577
06/15/2024,Palestine,Explosions/Remote violence,93,31.407,34.3577
06/22/2024,Palestine,Explosions/Remote violence,120,31.407,34.3577
06/29/2024,Palestine,Explosions/Remote violence,89,31.407,34.3577
07/06/2024,Palestine,Explosions/Remote violence,92,31.407,34.3577
07/13/2024,Palestine,Explosions/Remote violence,95,31.407,34.3577
07/20/2024,Palestine,Explosions/Remote violence,52,31.407,34.3577
07/27/2024,Palestine,Explosions/Remote violence,116,31.407,34.3577
08/03/2024,Palestine,Explosions/Remote violence,102,31.407,34.3577
08/10/2024,Palestine,Explosions/Remote violence,100,31.407,34.3577
08/17/2024,Palestine,Explosions/Remote violence,108,31.407,34.3577
08/24/2024,Palestine,Explosions/Remote violence,110,31.407,34.3577
08/31/2024,Palestine,Explosions/Remote violence,76,31.407,34.3577
09/07/2024,Palestine,Explosions/Remote violence,78,31.407,34.3577
09/14/2024,Palestine,Explosions/Remote violence,69,31.407,34.3577
09/21/2024,Palestine,Explosions/Remote violence,77,31.407,34.3577
09/28/2024,Palestine,Explosions/Remote violence,80,31.407,34.3577
10/05/2024,Palestine,Explosions/Remote violence,82,31.407,34.3577
10/12/2024,Palestine,Explosions/Remote violence,88,31.407,34.3577
10/19/2024,Palestine,Explosions/Remote violence,84,31.407,34.3577
10/26/2024,Palestine,Explosions/Remote violence,97,31.407,34.3577
11/02/2024,Palestine,Explosions/Remote violence,86,31.407,34.3577
11/09/2024,Palestine,Explosions/Remote violence,100,31.407,34.3577
11/16/2024,Palestine,Explosions/Remote violence,87,31.407,34.3577
11/23/2024,Palestine,Explosions/Remote violence,80,31.407,34.3577
11/30/2024,Palestine,Explosions/Remote violence,71,31.407,34.3577
12/07/2024,Palestine,Explosions/Remote violence,38,31.407,34.3577
12/14/2024,Palestine,Explosions/Remote violence,59,31.407,34.3577
12/21/2024,Palestine,Explosions/Remote violence,45,31.407,34.3577
12/28/2024,Palestine,Explosions/Remote violence,57,31.407,34.3577
01/04/2025,Palestine,Explosions/Remote violence,63,31.407,34.3577
01/11/2025,Palestine,Explosions/Remote violence,48,31.407,34.3577
01/18/2025,Palestine,Explosions/Remote violence,33,31.407,34.3577
01/25/2025,Palestine,Explosions/Remote violence,5,31.407,34.3577
02/01/2025,Palestine,Explosions/Remote violence,8,31.407,34.3577
02/08/2025,Palestine,Explosions/Remote violence,15,31.407,34.3577
02/15/2025,Palestine,Explosions/Remote violence,23,31.407,34.3577
02/22/2025,Palestine,Explosions/Remote violence,14,31.407,34.3577
03/01/2025,Palestine,Explosions/Remote violence,36,31.407,34.3577
03/08/2025,Palestine,Explosions/Remote violence,38,31.407,34.3577
03/15/2025,Palestine,Explosions/Remote violence,40,31.407,34.3577
03/22/2025,Palestine,Explosions/Remote violence,41,31.407,34.3577
03/29/2025,Palestine,Explosions/Remote violence,46,31.407,34.3577
04/05/2025,Palestine,Explosions/Remote violence,39,31.407,34.3577
04/12/2025,Palestine,Explosions/Remote violence,53,31.407,34.3577
04/19/2025,Palestine,Explosions/Remote violence,49,31.407,34.3577
04/26/2025,Palestine,Explosions/Remote violence,48,31.407,34.3577
05/03/2025,Palestine,Explosions/Remote violence,55,31.407,34.3577
05/10/2025,Palestine,Explosions/Remote violence,49,31.407,34.3577
05/17/2025,Palestine,Explosions/Remote violence,43,31.407,34.3577
05/24/2025,Palestine,Explosions/Remote violence,48,31.407,34.3577
05/31/2025,Palestine,Explosions/Remote violence,65,31.407,34.3577
06/07/2025,Palestine,Explosions/Remote violence,60,31.407,34.3577
06/14/2025,Palestine,Explosions/Remote violence,58,31.407,34.3577
06/21/2025,Palestine,Explosions/Remote violence,52,31.407,34.3577
06/28/2025,Palestine,Explosions/Remote violence,50,31.407,34.3577
07/05/2025,Palestine,Explosions/Remote violence,46,31.407,34.3577
07/12/2025,Palestine,Explosions/Remote violence,37,31.407,34.3577
07/19/2025,Palestine,Explosions/Remote violence,40,31.407,34.3577
07/26/2025,Palestine,Explosions/Remote violence,41,31.407,34.3577
08/02/2025,Palestine,Explosions/Remote violence,37,31.407,34.3577
08/09/2025,Palestine,Explosions/Remote violence,36,31.407,34.3577
08/16/2025,Palestine,Explosions/Remote violence,44,31.407,34.3577
08/23/2025,Palestine,Explosions/Remote violence,39,31.407,34.3577
08/30/2025,Palestine,Explosions/Remote violence,33,31.407,34.3577
09/06/2025,Palestine,Explosions/Remote violence,27,31.407,34.3577
09/13/2025,Palestine,Explosions/Remote violence,37,31.407,34.3577
09/20/2025,Palestine,Explosions/Remote violence,32,31.407,34.3577
09/27/2025,Palestine,Explosions/Remote violence,41,31.407,34.3577
10/04/2025,Palestine,Explosions/Remote violence,57,31.407,34.3577
10/11/2025,Palestine,Explosions/Remote violence,9,31.407,34.3577
10/18/2025,Palestine,Explosions/Remote violence,22,31.407,34.3577
08/12/2017,Palestine,Explosions/Remote violence,1,31.407,34.3577
08/24/2019,Palestine,Explosions/Remote violence,2,31.407,34.3577
01/02/2016,Palestine,Riots,3,31.407,34.3577
01/09/2016,Palestine,Riots,1,31.407,34.3577
01/16/2016,Palestine,Riots,3,31.407,34.3577
01/23/2016,Palestine,Riots,1,31.407,34.3577
01/30/2016,Palestine,Riots,1,31.407,34.3577
02/13/2016,Palestine,Riots,5,31.407,34.3577
02/20/2016,Palestine,Riots,1,31.407,34.3577
03/26/2016,Palestine,Riots,3,31.407,34.3577
04/02/2016,Palestine,Riots,2,31.407,34.3577
04/09/2016,Palestine,Riots,2,31.407,34.3577
05/07/2016,Palestine,Riots,1,31.407,34.3577
07/09/2016,Palestine,Riots,2,31.407,34.3577
07/23/2016,Palestine,Riots,1,31.407,34.3577
07/30/2016,Palestine,Riots,1,31.407,34.3577
08/06/2016,Palestine,Riots,1,31.407,34.3577
09/03/2016,Palestine,Riots,1,31.407,34.3577
09/10/2016,Palestine,Riots,2,31.407,34.3577
09/17/2016,Palestine,Riots,2,31.407,34.3577
09/24/2016,Palestine,Riots,2,31.407,34.3577
10/01/2016,Palestine,Riots,2,31.407,34.3577
10/15/2016,Palestine,Riots,3,31.407,34.3577
10/29/2016,Palestine,Riots,1,31.407,34.3577
11/05/2016,Palestine,Riots,2,31.407,34.3577
11/12/2016,Palestine,Riots,2,31.407,34.3577
11/26/2016,Palestine,Riots,1,31.407,34.3577
12/17/2016,Palestine,Riots,1,31.407,34.3577
01/28/2017,Palestine,Riots,1,31.407,34.3577
02/25/2017,Palestine,Riots,1,31.407,34.3577
05/13/2017,Palestine,Riots,1,31.407,34.3577
05/20/2017,Palestine,Riots,2,31.407,34.3577
05/27/2017,Palestine,Riots,2,31.407,34.3577
06/03/2017,Palestine,Riots,5,31.407,34.3577
07/01/2017,Palestine,Riots,1,31.407,34.3577
07/15/2017,Palestine,Riots,1,31.407,34.3577
07/22/2017,Palestine,Riots,4,31.407,34.3577
08/05/2017,Palestine,Riots,1,31.407,34.3577
08/12/2017,Palestine,Riots,5,31.407,34.3577
09/09/2017,Palestine,Riots,1,31.407,34.3577
09/30/2017,Palestine,Riots,1,31.407,34.3577
10/07/2017,Palestine,Riots,2,31.407,34.3577
10/21/2017,Palestine,Riots,1,31.407,34.3577
10/28/2017,Palestine,Riots,2,31.407,34.3577
12/02/2017,Palestine,Riots,3,31.407,34.3577
12/16/2017,Palestine,Riots,2,31.407,34.3577
12/23/2017,Palestine,Riots,1,31.407,34.3577
01/13/2018,Palestine,Riots,2,31.407,34.3577
01/20/2018,Palestine,Riots,1,31.407,34.3577
02/03/2018,Palestine,Riots,2,31.407,34.3577
02/24/2018,Palestine,Riots,1,31.407,34.3577
04/07/2018,Palestine,Riots,1,31.407,34.3577
05/26/2018,Palestine,Riots,1,31.407,34.3577
06/02/2018,Palestine,Riots,3,31.407,34.3577
06/23/2018,Palestine,Riots,1,31.407,34.3577
06/30/2018,Palestine,Riots,2,31.407,34.3577
08/11/2018,Palestine,Riots,1,31.407,34.3577
09/08/2018,Palestine,Riots,1,31.407,34.3577
09/22/2018,Palestine,Riots,1,31.407,34.3577
11/03/2018,Palestine,Riots,1,31.407,34.3577
11/17/2018,Palestine,Riots,1,31.407,34.3577
12/29/2018,Palestine,Riots,1,31.407,34.3577
02/09/2019,Palestine,Riots,1,31.407,34.3577
03/09/2019,Palestine,Riots,1,31.407,34.3577
03/23/2019,Palestine,Riots,1,31.407,34.3577
11/09/2019,Palestine,Riots,1,31.407,34.3577
02/01/2020,Palestine,Riots,1,31.407,34.3577
02/05/2022,Palestine,Riots,1,31.407,34.3577
06/04/2022,Palestine,Riots,1,31.407,34.3577
09/09/2023,Palestine,Riots,1,31.407,34.3577
02/10/2024,Palestine,Riots,1,31.407,34.3577
02/17/2024,Palestine,Riots,1,31.407,34.3577
05/24/2025,Palestine,Riots,1,31.407,34.3577
03/12/2016,Palestine,Riots,4,31.407,34.3577
03/26/2016,Palestine,Riots,1,31.407,34.3577
04/30/2016,Palestine,Riots,3,31.407,34.3577
07/23/2016,Palestine,Riots,2,31.407,34.3577
10/15/2016,Palestine,Riots,1,31.407,34.3577
01/07/2017,Palestine,Riots,2,31.407,34.3577
02/11/2017,Palestine,Riots,1,31.407,34.3577
05/13/2017,Palestine,Riots,4,31.407,34.3577
05/20/2017,Palestine,Riots,2,31.407,34.3577
06/10/2017,Palestine,Riots,4,31.407,34.3577
07/01/2017,Palestine,Riots,1,31.407,34.3577
07/15/2017,Palestine,Riots,1,31.407,34.3577
12/02/2017,Palestine,Riots,1,31.407,34.3577
12/09/2017,Palestine,Riots,9,31.407,34.3577
12/16/2017,Palestine,Riots,5,31.407,34.3577
12/23/2017,Palestine,Riots,2,31.407,34.3577
12/30/2017,Palestine,Riots,2,31.407,34.3577
01/06/2018,Palestine,Riots,3,31.407,34.3577
01/13/2018,Palestine,Riots,2,31.407,34.3577
01/20/2018,Palestine,Riots,1,31.407,34.3577
01/27/2018,Palestine,Riots,3,31.407,34.3577
02/10/2018,Palestine,Riots,5,31.407,34.3577
02/17/2018,Palestine,Riots,2,31.407,34.3577
02/24/2018,Palestine,Riots,4,31.407,34.3577
03/03/2018,Palestine,Riots,1,31.407,34.3577
03/10/2018,Palestine,Riots,4,31.407,34.3577
03/17/2018,Palestine,Riots,4,31.407,34.3577
03/24/2018,Palestine,Riots,6,31.407,34.3577
03/31/2018,Palestine,Riots,15,31.407,34.3577
04/07/2018,Palestine,Riots,7,31.407,34.3577
04/14/2018,Palestine,Riots,2,31.407,34.3577
04/21/2018,Palestine,Riots,4,31.407,34.3577
04/28/2018,Palestine,Riots,11,31.407,34.3577
05/05/2018,Palestine,Riots,15,31.407,34.3577
05/12/2018,Palestine,Riots,25,31.407,34.3577
05/19/2018,Palestine,Riots,2,31.407,34.3577
05/26/2018,Palestine,Riots,6,31.407,34.3577
06/02/2018,Palestine,Riots,6,31.407,34.3577
06/09/2018,Palestine,Riots,2,31.407,34.3577
06/16/2018,Palestine,Riots,5,31.407,34.3577
06/23/2018,Palestine,Riots,2,31.407,34.3577
06/30/2018,Palestine,Riots,6,31.407,34.3577
07/07/2018,Palestine,Riots,5,31.407,34.3577
07/21/2018,Palestine,Riots,6,31.407,34.3577
07/28/2018,Palestine,Riots,9,31.407,34.3577
08/04/2018,Palestine,Riots,9,31.407,34.3577
08/11/2018,Palestine,Riots,7,31.407,34.3577
08/18/2018,Palestine,Riots,6,31.407,34.3577
08/25/2018,Palestine,Riots,4,31.407,34.3577
09/01/2018,Palestine,Riots,6,31.407,34.3577
09/08/2018,Palestine,Riots,5,31.407,34.3577
09/15/2018,Palestine,Riots,14,31.407,34.3577
09/22/2018,Palestine,Riots,9,31.407,34.3577
09/29/2018,Palestine,Riots,15,31.407,34.3577
10/06/2018,Palestine,Riots,7,31.407,34.3577
10/13/2018,Palestine,Riots,6,31.407,34.3577
10/20/2018,Palestine,Riots,11,31.407,34.3577
10/27/2018,Palestine,Riots,4,31.407,34.3577
11/03/2018,Palestine,Riots,5,31.407,34.3577
11/10/2018,Palestine,Riots,1,31.407,34.3577
11/17/2018,Palestine,Riots,1,31.407,34.3577
11/24/2018,Palestine,Riots,2,31.407,34.3577
12/01/2018,Palestine,Riots,5,31.407,34.3577
12/08/2018,Palestine,Riots,1,31.407,34.3577
12/15/2018,Palestine,Riots,5,31.407,34.3577
12/22/2018,Palestine,Riots,5,31.407,34.3577
12/29/2018,Palestine,Riots,2,31.407,34.3577
01/05/2019,Palestine,Riots,6,31.407,34.3577
01/12/2019,Palestine,Riots,5,31.407,34.3577
01/19/2019,Palestine,Riots,6,31.407,34.3577
01/26/2019,Palestine,Riots,8,31.407,34.3577
02/02/2019,Palestine,Riots,5,31.407,34.3577
02/09/2019,Palestine,Riots,12,31.407,34.3577
02/16/2019,Palestine,Riots,9,31.407,34.3577
02/23/2019,Palestine,Riots,13,31.407,34.3577
03/02/2019,Palestine,Riots,12,31.407,34.3577
03/09/2019,Palestine,Riots,4,31.407,34.3577
03/16/2019,Palestine,Riots,14,31.407,34.3577
03/23/2019,Palestine,Riots,17,31.407,34.3577
03/30/2019,Palestine,Riots,11,31.407,34.3577
04/06/2019,Palestine,Riots,5,31.407,34.3577
04/13/2019,Palestine,Riots,5,31.407,34.3577
04/20/2019,Palestine,Riots,5,31.407,34.3577
04/27/2019,Palestine,Riots,6,31.407,34.3577
05/04/2019,Palestine,Riots,5,31.407,34.3577
05/11/2019,Palestine,Riots,5,31.407,34.3577
05/18/2019,Palestine,Riots,5,31.407,34.3577
05/25/2019,Palestine,Riots,6,31.407,34.3577
06/08/2019,Palestine,Riots,5,31.407,34.3577
06/15/2019,Palestine,Riots,5,31.407,34.3577
06/22/2019,Palestine,Riots,7,31.407,34.3577
06/29/2019,Palestine,Riots,5,31.407,34.3577
07/06/2019,Palestine,Riots,5,31.407,34.3577
07/13/2019,Palestine,Riots,5,31.407,34.3577
07/20/2019,Palestine,Riots,5,31.407,34.3577
07/27/2019,Palestine,Riots,5,31.407,34.3577
08/10/2019,Palestine,Riots,5,31.407,34.3577
08/17/2019,Palestine,Riots,5,31.407,34.3577
08/24/2019,Palestine,Riots,5,31.407,34.3577
08/31/2019,Palestine,Riots,5,31.407,34.3577
09/07/2019,Palestine,Riots,5,31.407,34.3577
09/14/2019,Palestine,Riots,5,31.407,34.3577
09/21/2019,Palestine,Riots,5,31.407,34.3577
09/28/2019,Palestine,Riots,5,31.407,34.3577
10/05/2019,Palestine,Riots,5,31.407,34.3577
10/12/2019,Palestine,Riots,5,31.407,34.3577
10/19/2019,Palestine,Riots,5,31.407,34.3577
10/26/2019,Palestine,Riots,5,31.407,34.3577
11/02/2019,Palestine,Riots,5,31.407,34.3577
11/09/2019,Palestine,Riots,1,31.407,34.3577
11/23/2019,Palestine,Riots,1,31.407,34.3577
11/30/2019,Palestine,Riots,5,31.407,34.3577
12/07/2019,Palestine,Riots,5,31.407,34.3577
12/14/2019,Palestine,Riots,5,31.407,34.3577
12/21/2019,Palestine,Riots,5,31.407,34.3577
01/25/2020,Palestine,Riots,1,31.407,34.3577
07/18/2020,Palestine,Riots,1,31.407,34.3577
01/09/2021,Palestine,Riots,1,31.407,34.3577
04/24/2021,Palestine,Riots,1,31.407,34.3577
05/08/2021,Palestine,Riots,3,31.407,34.3577
06/12/2021,Palestine,Riots,3,31.407,34.3577
08/21/2021,Palestine,Riots,2,31.407,34.3577
08/28/2021,Palestine,Riots,11,31.407,34.3577
10/22/2022,Palestine,Riots,1,31.407,34.3577
02/11/2023,Palestine,Riots,1,31.407,34.3577
02/18/2023,Palestine,Riots,1,31.407,34.3577
02/25/2023,Palestine,Riots,3,31.407,34.3577
03/18/2023,Palestine,Riots,1,31.407,34.3577
04/01/2023,Palestine,Riots,5,31.407,34.3577
05/13/2023,Palestine,Riots,1,31.407,34.3577
07/01/2023,Palestine,Riots,3,31.407,34.3577
07/22/2023,Palestine,Riots,2,31.407,34.3577
07/29/2023,Palestine,Riots,2,31.407,34.3577
08/19/2023,Palestine,Riots,1,31.407,34.3577
09/02/2023,Palestine,Riots,1,31.407,34.3577
09/09/2023,Palestine,Riots,5,31.407,34.3577
09/16/2023,Palestine,Riots,24,31.407,34.3577
09/23/2023,Palestine,Riots,15,31.407,34.3577
03/22/2025,Palestine,Riots,1,31.407,34.3577
10/10/2020,Palestine,Violence against civilians,1,31.407,34.3577
05/10/2025,Palestine,Violence against civilians,1,31.407,34.3577
09/27/2025,Palestine,Violence against civilians,1,31.407,34.3577
01/02/2016,Palestine,Violence against civilians,2,31.407,34.3577
01/16/2016,Palestine,Violence against civilians,1,31.407,34.3577
02/20/2016,Palestine,Violence against civilians,1,31.407,34.3577
02/27/2016,Palestine,Violence against civilians,2,31.407,34.3577
03/05/2016,Palestine,Violence against civilians,1,31.407,34.3577
03/12/2016,Palestine,Violence against civilians,1,31.407,34.3577
04/02/2016,Palestine,Violence against civilians,2,31.407,34.3577
04/09/2016,Palestine,Violence against civilians,1,31.407,34.3577
04/16/2016,Palestine,Violence against civilians,1,31.407,34.3577
05/14/2016,Palestine,Violence against civilians,1,31.407,34.3577
05/28/2016,Palestine,Violence against civilians,2,31.407,34.3577
06/11/2016,Palestine,Violence against civilians,1,31.407,34.3577
06/25/2016,Palestine,Violence against civilians,1,31.407,34.3577
07/09/2016,Palestine,Violence against civilians,1,31.407,34.3577
07/16/2016,Palestine,Violence against civilians,1,31.407,34.3577
07/23/2016,Palestine,Violence against civilians,1,31.407,34.3577
08/20/2016,Palestine,Violence against civilians,1,31.407,34.3577
09/03/2016,Palestine,Violence against civilians,1,31.407,34.3577
09/17/2016,Palestine,Violence against civilians,1,31.407,34.3577
10/08/2016,Palestine,Violence against civilians,3,31.407,34.3577
10/22/2016,Palestine,Violence against civilians,1,31.407,34.3577
10/29/2016,Palestine,Violence against civilians,1,31.407,34.3577
12/31/2016,Palestine,Violence against civilians,1,31.407,34.3577
01/14/2017,Palestine,Violence against civilians,4,31.407,34.3577
01/21/2017,Palestine,Violence against civilians,2,31.407,34.3577
02/18/2017,Palestine,Violence against civilians,2,31.407,34.3577
02/25/2017,Palestine,Violence against civilians,1,31.407,34.3577
03/04/2017,Palestine,Violence against civilians,1,31.407,34.3577
03/18/2017,Palestine,Violence against civilians,1,31.407,34.3577
05/06/2017,Palestine,Violence against civilians,2,31.407,34.3577
05/13/2017,Palestine,Violence against civilians,1,31.407,34.3577
05/27/2017,Palestine,Violence against civilians,1,31.407,34.3577
06/17/2017,Palestine,Violence against civilians,1,31.407,34.3577
07/08/2017,Palestine,Violence against civilians,1,31.407,34.3577
07/15/2017,Palestine,Violence against civilians,1,31.407,34.3577
10/14/2017,Palestine,Violence against civilians,1,31.407,34.3577
01/06/2018,Palestine,Violence against civilians,1,31.407,34.3577
01/13/2018,Palestine,Violence against civilians,1,31.407,34.3577
02/24/2018,Palestine,Violence against civilians,1,31.407,34.3577
03/03/2018,Palestine,Violence against civilians,1,31.407,34.3577
03/24/2018,Palestine,Violence against civilians,3,31.407,34.3577
03/31/2018,Palestine,Violence against civilians,1,31.407,34.3577
04/07/2018,Palestine,Violence against civilians,3,31.407,34.3577
04/14/2018,Palestine,Violence against civilians,1,31.407,34.3577
04/21/2018,Palestine,Violence against civilians,2,31.407,34.3577
04/28/2018,Palestine,Violence against civilians,4,31.407,34.3577
05/05/2018,Palestine,Violence against civilians,5,31.407,34.3577
05/26/2018,Palestine,Violence against civilians,3,31.407,34.3577
06/02/2018,Palestine,Violence against civilians,5,31.407,34.3577
06/16/2018,Palestine,Violence against civilians,2,31.407,34.3577
06/30/2018,Palestine,Violence against civilians,1,31.407,34.3577
07/07/2018,Palestine,Violence against civilians,1,31.407,34.3577
07/21/2018,Palestine,Violence against civilians,3,31.407,34.3577
07/28/2018,Palestine,Violence against civilians,1,31.407,34.3577
08/11/2018,Palestine,Violence against civilians,2,31.407,34.3577
09/01/2018,Palestine,Violence against civilians,4,31.407,34.3577
09/08/2018,Palestine,Violence against civilians,3,31.407,34.3577
09/15/2018,Palestine,Violence against civilians,2,31.407,34.3577
09/29/2018,Palestine,Violence against civilians,1,31.407,34.3577
10/27/2018,Palestine,Violence against civilians,2,31.407,34.3577
11/03/2018,Palestine,Violence against civilians,2,31.407,34.3577
11/10/2018,Palestine,Violence against civilians,4,31.407,34.3577
11/17/2018,Palestine,Violence against civilians,2,31.407,34.3577
11/24/2018,Palestine,Violence against civilians,1,31.407,34.3577
12/15/2018,Palestine,Violence against civilians,2,31.407,34.3577
01/05/2019,Palestine,Violence against civilians,2,31.407,34.3577
01/12/2019,Palestine,Violence against civilians,1,31.407,34.3577
01/19/2019,Palestine,Violence against civilians,2,31.407,34.3577
01/26/2019,Palestine,Violence against civilians,4,31.407,34.3577
02/09/2019,Palestine,Violence against civilians,2,31.407,34.3577
02/16/2019,Palestine,Violence against civilians,4,31.407,34.3577
02/23/2019,Palestine,Violence against civilians,4,31.407,34.3577
03/02/2019,Palestine,Violence against civilians,5,31.407,34.3577
03/09/2019,Palestine,Violence against civilians,3,31.407,34.3577
03/16/2019,Palestine,Violence against civilians,9,31.407,34.3577
03/23/2019,Palestine,Violence against civilians,6,31.407,34.3577
03/30/2019,Palestine,Violence against civilians,3,31.407,34.3577
04/06/2019,Palestine,Violence against civilians,2,31.407,34.3577
04/13/2019,Palestine,Violence against civilians,3,31.407,34.3577
04/27/2019,Palestine,Violence against civilians,4,31.407,34.3577
05/04/2019,Palestine,Violence against civilians,3,31.407,34.3577
05/11/2019,Palestine,Violence against civilians,1,31.407,34.3577
05/18/2019,Palestine,Violence against civilians,1,31.407,34.3577
05/25/2019,Palestine,Violence against civilians,1,31.407,34.3577
06/15/2019,Palestine,Violence against civilians,1,31.407,34.3577
06/22/2019,Palestine,Violence against civilians,2,31.407,34.3577
07/06/2019,Palestine,Violence against civilians,1,31.407,34.3577
07/13/2019,Palestine,Violence against civilians,1,31.407,34.3577
07/27/2019,Palestine,Violence against civilians,1,31.407,34.3577
09/28/2019,Palestine,Violence against civilians,1,31.407,34.3577
10/19/2019,Palestine,Violence against civilians,2,31.407,34.3577
10/26/2019,Palestine,Violence against civilians,3,31.407,34.3577
11/23/2019,Palestine,Violence against civilians,1,31.407,34.3577
11/30/2019,Palestine,Violence against civilians,4,31.407,34.3577
12/07/2019,Palestine,Violence against civilians,3,31.407,34.3577
12/14/2019,Palestine,Violence against civilians,5,31.407,34.3577
12/28/2019,Palestine,Violence against civilians,2,31.407,34.3577
01/18/2020,Palestine,Violence against civilians,1,31.407,34.3577
01/25/2020,Palestine,Violence against civilians,1,31.407,34.3577
02/01/2020,Palestine,Violence against civilians,2,31.407,34.3577
02/15/2020,Palestine,Violence against civilians,1,31.407,34.3577
02/22/2020,Palestine,Violence against civilians,1,31.407,34.3577
03/14/2020,Palestine,Violence against civilians,1,31.407,34.3577
03/28/2020,Palestine,Violence against civilians,2,31.407,34.3577
04/04/2020,Palestine,Violence against civilians,2,31.407,34.3577
04/11/2020,Palestine,Violence against civilians,1,31.407,34.3577
04/18/2020,Palestine,Violence against civilians,1,31.407,34.3577
05/02/2020,Palestine,Violence against civilians,1,31.407,34.3577
05/09/2020,Palestine,Violence against civilians,2,31.407,34.3577
06/06/2020,Palestine,Violence against civilians,1,31.407,34.3577
08/15/2020,Palestine,Violence against civilians,1,31.407,34.3577
09/26/2020,Palestine,Violence against civilians,1,31.407,34.3577
10/31/2020,Palestine,Violence against civilians,1,31.407,34.3577
11/07/2020,Palestine,Violence against civilians,2,31.407,34.3577
01/23/2021,Palestine,Violence against civilians,2,31.407,34.3577
02/27/2021,Palestine,Violence against civilians,2,31.407,34.3577
04/24/2021,Palestine,Violence against civilians,3,31.407,34.3577
05/08/2021,Palestine,Violence against civilians,1,31.407,34.3577
05/15/2021,Palestine,Violence against civilians,1,31.407,34.3577
07/24/2021,Palestine,Violence against civilians,2,31.407,34.3577
08/21/2021,Palestine,Violence against civilians,1,31.407,34.3577
08/28/2021,Palestine,Violence against civilians,3,31.407,34.3577
09/04/2021,Palestine,Violence against civilians,2,31.407,34.3577
09/18/2021,Palestine,Violence against civilians,2,31.407,34.3577
09/25/2021,Palestine,Violence against civilians,1,31.407,34.3577
10/02/2021,Palestine,Violence against civilians,1,31.407,34.3577
11/06/2021,Palestine,Violence against civilians,1,31.407,34.3577
11/27/2021,Palestine,Violence against civilians,2,31.407,34.3577
12/11/2021,Palestine,Violence against civilians,1,31.407,34.3577
12/25/2021,Palestine,Violence against civilians,2,31.407,34.3577
02/26/2022,Palestine,Violence against civilians,1,31.407,34.3577
04/02/2022,Palestine,Violence against civilians,1,31.407,34.3577
04/16/2022,Palestine,Violence against civilians,1,31.407,34.3577
04/23/2022,Palestine,Violence against civilians,1,31.407,34.3577
06/04/2022,Palestine,Violence against civilians,1,31.407,34.3577
06/11/2022,Palestine,Violence against civilians,1,31.407,34.3577
10/15/2022,Palestine,Violence against civilians,1,31.407,34.3577
11/19/2022,Palestine,Violence against civilians,1,31.407,34.3577
11/26/2022,Palestine,Violence against civilians,1,31.407,34.3577
12/24/2022,Palestine,Violence against civilians,1,31.407,34.3577
03/04/2023,Palestine,Violence against civilians,1,31.407,34.3577
03/25/2023,Palestine,Violence against civilians,1,31.407,34.3577
04/15/2023,Palestine,Violence against civilians,1,31.407,34.3577
04/29/2023,Palestine,Violence against civilians,1,31.407,34.3577
05/20/2023,Palestine,Violence against civilians,1,31.407,34.3577
06/10/2023,Palestine,Violence against civilians,1,31.407,34.3577
07/22/2023,Palestine,Violence against civilians,1,31.407,34.3577
07/29/2023,Palestine,Violence against civilians,1,31.407,34.3577
08/19/2023,Palestine,Violence against civilians,1,31.407,34.3577
09/02/2023,Palestine,Violence against civilians,1,31.407,34.3577
09/09/2023,Palestine,Violence against civilians,1,31.407,34.3577
09/16/2023,Palestine,Violence against civilians,1,31.407,34.3577
09/30/2023,Palestine,Violence against civilians,2,31.407,34.3577
10/07/2023,Palestine,Violence against civilians,3,31.407,34.3577
10/28/2023,Palestine,Violence against civilians,4,31.407,34.3577
11/04/2023,Palestine,Violence against civilians,1,31.407,34.3577
11/11/2023,Palestine,Violence against civilians,5,31.407,34.3577
11/18/2023,Palestine,Violence against civilians,5,31.407,34.3577
11/25/2023,Palestine,Violence against civilians,21,31.407,34.3577
12/02/2023,Palestine,Violence against civilians,4,31.407,34.3577
12/09/2023,Palestine,Violence against civilians,6,31.407,34.3577
12/16/2023,Palestine,Violence against civilians,8,31.407,34.3577
12/23/2023,Palestine,Violence against civilians,4,31.407,34.3577
12/30/2023,Palestine,Violence against civilians,1,31.407,34.3577
01/06/2024,Palestine,Violence against civilians,2,31.407,34.3577
01/13/2024,Palestine,Violence against civilians,1,31.407,34.3577
01/20/2024,Palestine,Violence against civilians,5,31.407,34.3577
01/27/2024,Palestine,Violence against civilians,10,31.407,34.3577
02/03/2024,Palestine,Violence against civilians,15,31.407,34.3577
02/10/2024,Palestine,Violence against civilians,16,31.407,34.3577
02/17/2024,Palestine,Violence against civilians,2,31.407,34.3577
02/24/2024,Palestine,Violence against civilians,2,31.407,34.3577
03/02/2024,Palestine,Violence against civilians,7,31.407,34.3577
03/09/2024,Palestine,Violence against civilians,6,31.407,34.3577
03/16/2024,Palestine,Violence against civilians,2,31.407,34.3577
03/23/2024,Palestine,Violence against civilians,8,31.407,34.3577
04/06/2024,Palestine,Violence against civilians,1,31.407,34.3577
04/13/2024,Palestine,Violence against civilians,4,31.407,34.3577
04/20/2024,Palestine,Violence against civilians,1,31.407,34.3577
04/27/2024,Palestine,Violence against civilians,3,31.407,34.3577
05/11/2024,Palestine,Violence against civilians,1,31.407,34.3577
05/18/2024,Palestine,Violence against civilians,3,31.407,34.3577
05/25/2024,Palestine,Violence against civilians,2,31.407,34.3577
06/22/2024,Palestine,Violence against civilians,7,31.407,34.3577
06/29/2024,Palestine,Violence against civilians,2,31.407,34.3577
07/06/2024,Palestine,Violence against civilians,3,31.407,34.3577
07/13/2024,Palestine,Violence against civilians,7,31.407,34.3577
07/20/2024,Palestine,Violence against civilians,12,31.407,34.3577
07/27/2024,Palestine,Violence against civilians,1,31.407,34.3577
08/03/2024,Palestine,Violence against civilians,3,31.407,34.3577
08/10/2024,Palestine,Violence against civilians,6,31.407,34.3577
08/17/2024,Palestine,Violence against civilians,4,31.407,34.3577
08/24/2024,Palestine,Violence against civilians,2,31.407,34.3577
08/31/2024,Palestine,Violence against civilians,2,31.407,34.3577
09/07/2024,Palestine,Violence against civilians,2,31.407,34.3577
09/21/2024,Palestine,Violence against civilians,1,31.407,34.3577
09/28/2024,Palestine,Violence against civilians,1,31.407,34.3577
10/05/2024,Palestine,Violence against civilians,4,31.407,34.3577
10/12/2024,Palestine,Violence against civilians,3,31.407,34.3577
10/19/2024,Palestine,Violence against civilians,2,31.407,34.3577
10/26/2024,Palestine,Violence against civilians,1,31.407,34.3577
11/02/2024,Palestine,Violence against civilians,1,31.407,34.3577
11/09/2024,Palestine,Violence against civilians,4,31.407,34.3577
11/16/2024,Palestine,Violence against civilians,3,31.407,34.3577
11/23/2024,Palestine,Violence against civilians,2,31.407,34.3577
11/30/2024,Palestine,Violence against civilians,4,31.407,34.3577
12/14/2024,Palestine,Violence against civilians,2,31.407,34.3577
12/21/2024,Palestine,Violence against civilians,1,31.407,34.3577
12/28/2024,Palestine,Violence against civilians,4,31.407,34.3577
01/04/2025,Palestine,Violence against civilians,4,31.407,34.3577
01/18/2025,Palestine,Violence against civilians,14,31.407,34.3577
01/25/2025,Palestine,Violence against civilians,12,31.407,34.3577
02/01/2025,Palestine,Violence against civilians,6,31.407,34.3577
02/08/2025,Palestine,Violence against civilians,12,31.407,34.3577
02/15/2025,Palestine,Violence against civilians,6,31.407,34.3577
02/22/2025,Palestine,Violence against civilians,9,31.407,34.3577
03/01/2025,Palestine,Violence against civilians,7,31.407,34.3577
03/08/2025,Palestine,Violence against civilians,9,31.407,34.3577
03/15/2025,Palestine,Violence against civilians,3,31.407,34.3577
03/22/2025,Palestine,Violence against civilians,7,31.407,34.3577
03/29/2025,Palestine,Violence against civilians,7,31.407,34.3577
04/05/2025,Palestine,Violence against civilians,1,31.407,34.3577
04/12/2025,Palestine,Violence against civilians,1,31.407,34.3577
04/19/2025,Palestine,Violence against civilians,4,31.407,34.3577
04/26/2025,Palestine,Violence against civilians,4,31.407,34.3577
05/03/2025,Palestine,Violence against civilians,12,31.407,34.3577
05/10/2025,Palestine,Violence against civilians,6,31.407,34.3577
05/17/2025,Palestine,Violence against civilians,6,31.407,34.3577
05/24/2025,Palestine,Violence against civilians,18,31.407,34.3577
05/31/2025,Palestine,Violence against civilians,26,31.407,34.3577
06/07/2025,Palestine,Violence against civilians,19,31.407,34.3577
06/14/2025,Palestine,Violence against civilians,13,31.407,34.3577
06/21/2025,Palestine,Violence against civilians,30,31.407,34.3577
06/28/2025,Palestine,Violence against civilians,19,31.407,34.3577
07/05/2025,Palestine,Violence against civilians,21,31.407,34.3577
07/12/2025,Palestine,Violence against civilians,16,31.407,34.3577
07/19/2025,Palestine,Violence against civilians,27,31.407,34.3577
07/26/2025,Palestine,Violence against civilians,19,31.407,34.3577
08/02/2025,Palestine,Violence against civilians,31,31.407,34.3577
08/09/2025,Palestine,Violence against civilians,29,31.407,34.3577
08/16/2025,Palestine,Violence against civilians,23,31.407,34.3577
08/23/2025,Palestine,Violence against civilians,26,31.407,34.3577
08/30/2025,Palestine,Violence against civilians,25,31.407,34.3577
09/06/2025,Palestine,Violence against civilians,21,31.407,34.3577
09/13/2025,Palestine,Violence against civilians,13,31.407,34.3577
09/20/2025,Palestine,Violence against civilians,16,31.407,34.3577
09/27/2025,Palestine,Violence against civilians,11,31.407,34.3577
10/04/2025,Palestine,Violence against civilians,10,31.407,34.3577
10/11/2025,Palestine,Violence against civilians,9,31.407,34.3577
10/18/2025,Palestine,Violence against civilians,5,31.407,34.3577
07/01/2023,Palestine,Explosions/Remote violence,4,31.9475,35.267
10/21/2023,Palestine,Explosions/Remote violence,1,31.9475,35.267
10/28/2023,Palestine,Explosions/Remote violence,1,31.9475,35.267
11/11/2023,Palestine,Explosions/Remote violence,2,31.9475,35.267
11/18/2023,Palestine,Explosions/Remote violence,1,31.9475,35.267
11/25/2023,Palestine,Explosions/Remote violence,1,31.9475,35.267
12/09/2023,Palestine,Explosions/Remote violence,1,31.9475,35.267
12/23/2023,Palestine,Explosions/Remote violence,2,31.9475,35.267
12/30/2023,Palestine,Explosions/Remote violence,1,31.9475,35.267
01/06/2024,Palestine,Explosions/Remote violence,3,31.9475,35.267
01/13/2024,Palestine,Explosions/Remote violence,1,31.9475,35.267
02/17/2024,Palestine,Explosions/Remote violence,2,31.9475,35.267
03/16/2024,Palestine,Explosions/Remote violence,1,31.9475,35.267
05/11/2024,Palestine,Explosions/Remote violence,1,31.9475,35.267
06/15/2024,Palestine,Explosions/Remote violence,1,31.9475,35.267
06/29/2024,Palestine,Explosions/Remote violence,2,31.9475,35.267
08/03/2024,Palestine,Explosions/Remote violence,2,31.9475,35.267
08/10/2024,Palestine,Explosions/Remote violence,1,31.9475,35.267
08/17/2024,Palestine,Explosions/Remote violence,1,31.9475,35.267
08/24/2024,Palestine,Explosions/Remote violence,2,31.9475,35.267
08/31/2024,Palestine,Explosions/Remote violence,2,31.9475,35.267
09/07/2024,Palestine,Explosions/Remote violence,1,31.9475,35.267
09/28/2024,Palestine,Explosions/Remote violence,1,31.9475,35.267
10/05/2024,Palestine,Explosions/Remote violence,1,31.9475,35.267
10/19/2024,Palestine,Explosions/Remote violence,1,31.9475,35.267
11/02/2024,Palestine,Explosions/Remote violence,1,31.9475,35.267
11/30/2024,Palestine,Explosions/Remote violence,1,31.9475,35.267
01/04/2025,Palestine,Explosions/Remote violence,1,31.9475,35.267
01/11/2025,Palestine,Explosions/Remote violence,2,31.9475,35.267
01/25/2025,Palestine,Explosions/Remote violence,3,31.9475,35.267
02/01/2025,Palestine,Explosions/Remote violence,4,31.9475,35.267
02/08/2025,Palestine,Explosions/Remote violence,2,31.9475,35.267
04/05/2025,Palestine,Explosions/Remote violence,1,31.9475,35.267
04/19/2025,Palestine,Explosions/Remote violence,1,31.9475,35.267
07/05/2025,Palestine,Explosions/Remote violence,1,31.9475,35.267
08/13/2016,Palestine,Explosions/Remote violence,1,31.9475,35.267
01/21/2017,Palestine,Explosions/Remote violence,1,31.9475,35.267
02/18/2017,Palestine,Explosions/Remote violence,1,31.9475,35.267
01/13/2018,Palestine,Explosions/Remote violence,1,31.9475,35.267
06/16/2018,Palestine,Explosions/Remote violence,2,31.9475,35.267
09/01/2018,Palestine,Explosions/Remote violence,1,31.9475,35.267
12/08/2018,Palestine,Explosions/Remote violence,1,31.9475,35.267
01/05/2019,Palestine,Explosions/Remote violence,1,31.9475,35.267
12/14/2019,Palestine,Explosions/Remote violence,1,31.9475,35.267
12/28/2019,Palestine,Explosions/Remote violence,1,31.9475,35.267
08/29/2020,Palestine,Explosions/Remote violence,1,31.9475,35.267
10/24/2020,Palestine,Explosions/Remote violence,1,31.9475,35.267
11/21/2020,Palestine,Explosions/Remote violence,1,31.9475,35.267
06/05/2021,Palestine,Explosions/Remote violence,1,31.9475,35.267
09/17/2022,Palestine,Explosions/Remote violence,1,31.9475,35.267
09/24/2022,Palestine,Explosions/Remote violence,1,31.9475,35.267
10/01/2022,Palestine,Explosions/Remote violence,1,31.9475,35.267
10/08/2022,Palestine,Explosions/Remote violence,1,31.9475,35.267
10/15/2022,Palestine,Explosions/Remote violence,1,31.9475,35.267
10/29/2022,Palestine,Explosions/Remote violence,1,31.9475,35.267
11/26/2022,Palestine,Explosions/Remote violence,3,31.9475,35.267
12/03/2022,Palestine,Explosions/Remote violence,1,31.9475,35.267
12/17/2022,Palestine,Explosions/Remote violence,1,31.9475,35.267
12/24/2022,Palestine,Explosions/Remote violence,1,31.9475,35.267
12/31/2022,Palestine,Explosions/Remote violence,1,31.9475,35.267
01/07/2023,Palestine,Explosions/Remote violence,3,31.9475,35.267
01/14/2023,Palestine,Explosions/Remote violence,1,31.9475,35.267
01/21/2023,Palestine,Explosions/Remote violence,1,31.9475,35.267
02/18/2023,Palestine,Explosions/Remote violence,3,31.9475,35.267
02/25/2023,Palestine,Explosions/Remote violence,1,31.9475,35.267
03/04/2023,Palestine,Explosions/Remote violence,1,31.9475,35.267
03/11/2023,Palestine,Explosions/Remote violence,1,31.9475,35.267
03/25/2023,Palestine,Explosions/Remote violence,1,31.9475,35.267
04/08/2023,Palestine,Explosions/Remote violence,1,31.9475,35.267
05/20/2023,Palestine,Explosions/Remote violence,2,31.9475,35.267
06/03/2023,Palestine,Explosions/Remote violence,2,31.9475,35.267
06/17/2023,Palestine,Explosions/Remote violence,3,31.9475,35.267
07/01/2023,Palestine,Explosions/Remote violence,3,31.9475,35.267
07/15/2023,Palestine,Explosions/Remote violence,3,31.9475,35.267
07/22/2023,Palestine,Explosions/Remote violence,2,31.9475,35.267
07/29/2023,Palestine,Explosions/Remote violence,1,31.9475,35.267
08/05/2023,Palestine,Explosions/Remote violence,4,31.9475,35.267
08/19/2023,Palestine,Explosions/Remote violence,6,31.9475,35.267
08/26/2023,Palestine,Explosions/Remote violence,4,31.9475,35.267
09/02/2023,Palestine,Explosions/Remote violence,5,31.9475,35.267
09/16/2023,Palestine,Explosions/Remote violence,3,31.9475,35.267
09/23/2023,Palestine,Explosions/Remote violence,6,31.9475,35.267
09/30/2023,Palestine,Explosions/Remote violence,4,31.9475,35.267
10/07/2023,Palestine,Explosions/Remote violence,1,31.9475,35.267
10/21/2023,Palestine,Explosions/Remote violence,3,31.9475,35.267
10/28/2023,Palestine,Explosions/Remote violence,1,31.9475,35.267
11/04/2023,Palestine,Explosions/Remote violence,2,31.9475,35.267
11/11/2023,Palestine,Explosions/Remote violence,3,31.9475,35.267
11/25/2023,Palestine,Explosions/Remote violence,3,31.9475,35.267
12/02/2023,Palestine,Explosions/Remote violence,1,31.9475,35.267
12/09/2023,Palestine,Explosions/Remote violence,1,31.9475,35.267
12/16/2023,Palestine,Explosions/Remote violence,2,31.9475,35.267
12/23/2023,Palestine,Explosions/Remote violence,2,31.9475,35.267
12/30/2023,Palestine,Explosions/Remote violence,1,31.9475,35.267
01/06/2024,Palestine,Explosions/Remote violence,1,31.9475,35.267
01/27/2024,Palestine,Explosions/Remote violence,1,31.9475,35.267
02/03/2024,Palestine,Explosions/Remote violence,3,31.9475,35.267
02/17/2024,Palestine,Explosions/Remote violence,1,31.9475,35.267
03/09/2024,Palestine,Explosions/Remote violence,2,31.9475,35.267
03/16/2024,Palestine,Explosions/Remote violence,3,31.9475,35.267
03/23/2024,Palestine,Explosions/Remote violence,4,31.9475,35.267
04/27/2024,Palestine,Explosions/Remote violence,1,31.9475,35.267
05/04/2024,Palestine,Explosions/Remote violence,1,31.9475,35.267
05/11/2024,Palestine,Explosions/Remote violence,1,31.9475,35.267
05/25/2024,Palestine,Explosions/Remote violence,2,31.9475,35.267
06/01/2024,Palestine,Explosions/Remote violence,2,31.9475,35.267
06/08/2024,Palestine,Explosions/Remote violence,1,31.9475,35.267
07/06/2024,Palestine,Explosions/Remote violence,2,31.9475,35.267
08/10/2024,Palestine,Explosions/Remote violence,1,31.9475,35.267
08/24/2024,Palestine,Explosions/Remote violence,1,31.9475,35.267
09/21/2024,Palestine,Explosions/Remote violence,1,31.9475,35.267
09/28/2024,Palestine,Explosions/Remote violence,1,31.9475,35.267
11/02/2024,Palestine,Explosions/Remote violence,2,31.9475,35.267
12/07/2024,Palestine,Explosions/Remote violence,2,31.9475,35.267
12/14/2024,Palestine,Explosions/Remote violence,3,31.9475,35.267
12/21/2024,Palestine,Explosions/Remote violence,3,31.9475,35.267
12/28/2024,Palestine,Explosions/Remote violence,1,31.9475,35.267
01/04/2025,Palestine,Explosions/Remote violence,1,31.9475,35.267
01/18/2025,Palestine,Explosions/Remote violence,2,31.9475,35.267
02/01/2025,Palestine,Explosions/Remote violence,1,31.9475,35.267
02/08/2025,Palestine,Explosions/Remote violence,1,31.9475,35.267
02/15/2025,Palestine,Explosions/Remote violence,2,31.9475,35.267
02/22/2025,Palestine,Explosions/Remote violence,1,31.9475,35.267
03/15/2025,Palestine,Explosions/Remote violence,1,31.9475,35.267
03/29/2025,Palestine,Explosions/Remote violence,1,31.9475,35.267
04/05/2025,Palestine,Explosions/Remote violence,1,31.9475,35.267
04/19/2025,Palestine,Explosions/Remote violence,1,31.9475,35.267
05/03/2025,Palestine,Explosions/Remote violence,1,31.9475,35.267
05/17/2025,Palestine,Explosions/Remote violence,1,31.9475,35.267
05/31/2025,Palestine,Explosions/Remote violence,1,31.9475,35.267
06/21/2025,Palestine,Explosions/Remote violence,1,31.9475,35.267
06/28/2025,Palestine,Explosions/Remote violence,1,31.9475,35.267
07/05/2025,Palestine,Explosions/Remote violence,1,31.9475,35.267
08/09/2025,Palestine,Explosions/Remote violence,1,31.9475,35.267
08/30/2025,Palestine,Explosions/Remote violence,2,31.9475,35.267
09/06/2025,Palestine,Explosions/Remote violence,1,31.9475,35.267
09/20/2025,Palestine,Explosions/Remote violence,1,31.9475,35.267
09/27/2025,Palestine,Explosions/Remote violence,1,31.9475,35.267
10/04/2025,Palestine,Explosions/Remote violence,3,31.9475,35.267
10/11/2025,Palestine,Explosions/Remote violence,1,31.9475,35.267
05/07/2016,Palestine,Explosions/Remote violence,1,31.9475,35.267
11/12/2016,Palestine,Explosions/Remote violence,1,31.9475,35.267
01/21/2017,Palestine,Explosions/Remote violence,2,31.9475,35.267
02/18/2017,Palestine,Explosions/Remote violence,1,31.9475,35.267
09/23/2017,Palestine,Explosions/Remote violence,2,31.9475,35.267
12/23/2017,Palestine,Explosions/Remote violence,1,31.9475,35.267
02/10/2018,Palestine,Explosions/Remote violence,1,31.9475,35.267
08/04/2018,Palestine,Explosions/Remote violence,2,31.9475,35.267
01/26/2019,Palestine,Explosions/Remote violence,1,31.9475,35.267
08/17/2019,Palestine,Explosions/Remote violence,1,31.9475,35.267
09/28/2019,Palestine,Explosions/Remote violence,1,31.9475,35.267
04/11/2020,Palestine,Explosions/Remote violence,1,31.9475,35.267
08/15/2020,Palestine,Explosions/Remote violence,1,31.9475,35.267
01/02/2021,Palestine,Explosions/Remote violence,1,31.9475,35.267
02/13/2021,Palestine,Explosions/Remote violence,1,31.9475,35.267
03/06/2021,Palestine,Explosions/Remote violence,2,31.9475,35.267
03/13/2021,Palestine,Explosions/Remote violence,1,31.9475,35.267
05/01/2021,Palestine,Explosions/Remote violence,1,31.9475,35.267
06/26/2021,Palestine,Explosions/Remote violence,1,31.9475,35.267
04/16/2022,Palestine,Explosions/Remote violence,1,31.9475,35.267
10/22/2022,Palestine,Explosions/Remote violence,1,31.9475,35.267
11/19/2022,Palestine,Explosions/Remote violence,2,31.9475,35.267
12/24/2022,Palestine,Explosions/Remote violence,1,31.9475,35.267
04/08/2023,Palestine,Explosions/Remote violence,1,31.9475,35.267
06/24/2023,Palestine,Explosions/Remote violence,1,31.9475,35.267
08/05/2023,Palestine,Explosions/Remote violence,1,31.9475,35.267
09/09/2023,Palestine,Explosions/Remote violence,1,31.9475,35.267
09/30/2023,Palestine,Explosions/Remote violence,1,31.9475,35.267
10/07/2023,Palestine,Explosions/Remote violence,1,31.9475,35.267
10/14/2023,Palestine,Explosions/Remote violence,1,31.9475,35.267
10/28/2023,Palestine,Explosions/Remote violence,3,31.9475,35.267
11/11/2023,Palestine,Explosions/Remote violence,5,31.9475,35.267
11/18/2023,Palestine,Explosions/Remote violence,7,31.9475,35.267
11/25/2023,Palestine,Explosions/Remote violence,2,31.9475,35.267
12/02/2023,Palestine,Explosions/Remote violence,4,31.9475,35.267
12/16/2023,Palestine,Explosions/Remote violence,1,31.9475,35.267
12/23/2023,Palestine,Explosions/Remote violence,3,31.9475,35.267
12/30/2023,Palestine,Explosions/Remote violence,3,31.9475,35.267
01/06/2024,Palestine,Explosions/Remote violence,3,31.9475,35.267
01/13/2024,Palestine,Explosions/Remote violence,3,31.9475,35.267
01/27/2024,Palestine,Explosions/Remote violence,2,31.9475,35.267
02/03/2024,Palestine,Explosions/Remote violence,4,31.9475,35.267
02/17/2024,Palestine,Explosions/Remote violence,2,31.9475,35.267
02/24/2024,Palestine,Explosions/Remote violence,2,31.9475,35.267
03/09/2024,Palestine,Explosions/Remote violence,2,31.9475,35.267
03/16/2024,Palestine,Explosions/Remote violence,1,31.9475,35.267
03/23/2024,Palestine,Explosions/Remote violence,1,31.9475,35.267
03/30/2024,Palestine,Explosions/Remote violence,3,31.9475,35.267
04/06/2024,Palestine,Explosions/Remote violence,1,31.9475,35.267
04/13/2024,Palestine,Explosions/Remote violence,3,31.9475,35.267
04/20/2024,Palestine,Explosions/Remote violence,4,31.9475,35.267
04/27/2024,Palestine,Explosions/Remote violence,3,31.9475,35.267
05/04/2024,Palestine,Explosions/Remote violence,5,31.9475,35.267
05/11/2024,Palestine,Explosions/Remote violence,1,31.9475,35.267
05/18/2024,Palestine,Explosions/Remote violence,2,31.9475,35.267
05/25/2024,Palestine,Explosions/Remote violence,1,31.9475,35.267
06/01/2024,Palestine,Explosions/Remote violence,1,31.9475,35.267
06/08/2024,Palestine,Explosions/Remote violence,5,31.9475,35.267
06/15/2024,Palestine,Explosions/Remote violence,1,31.9475,35.267
06/22/2024,Palestine,Explosions/Remote violence,1,31.9475,35.267
06/29/2024,Palestine,Explosions/Remote violence,4,31.9475,35.267
07/06/2024,Palestine,Explosions/Remote violence,1,31.9475,35.267
07/13/2024,Palestine,Explosions/Remote violence,6,31.9475,35.267
07/20/2024,Palestine,Explosions/Remote violence,5,31.9475,35.267
07/27/2024,Palestine,Explosions/Remote violence,5,31.9475,35.267
08/03/2024,Palestine,Explosions/Remote violence,2,31.9475,35.267
08/10/2024,Palestine,Explosions/Remote violence,3,31.9475,35.267
08/17/2024,Palestine,Explosions/Remote violence,4,31.9475,35.267
08/24/2024,Palestine,Explosions/Remote violence,2,31.9475,35.267
08/31/2024,Palestine,Explosions/Remote violence,5,31.9475,35.267
09/07/2024,Palestine,Explosions/Remote violence,1,31.9475,35.267
09/21/2024,Palestine,Explosions/Remote violence,3,31.9475,35.267
09/28/2024,Palestine,Explosions/Remote violence,3,31.9475,35.267
10/05/2024,Palestine,Explosions/Remote violence,4,31.9475,35.267
10/19/2024,Palestine,Explosions/Remote violence,4,31.9475,35.267
10/26/2024,Palestine,Explosions/Remote violence,2,31.9475,35.267
11/02/2024,Palestine,Explosions/Remote violence,1,31.9475,35.267
11/09/2024,Palestine,Explosions/Remote violence,3,31.9475,35.267
11/16/2024,Palestine,Explosions/Remote violence,1,31.9475,35.267
11/23/2024,Palestine,Explosions/Remote violence,2,31.9475,35.267
11/30/2024,Palestine,Explosions/Remote violence,6,31.9475,35.267
12/07/2024,Palestine,Explosions/Remote violence,5,31.9475,35.267
12/14/2024,Palestine,Explosions/Remote violence,4,31.9475,35.267
12/21/2024,Palestine,Explosions/Remote violence,6,31.9475,35.267
12/28/2024,Palestine,Explosions/Remote violence,7,31.9475,35.267
01/04/2025,Palestine,Explosions/Remote violence,7,31.9475,35.267
01/11/2025,Palestine,Explosions/Remote violence,7,31.9475,35.267
01/18/2025,Palestine,Explosions/Remote violence,1,31.9475,35.267
01/25/2025,Palestine,Explosions/Remote violence,6,31.9475,35.267
02/01/2025,Palestine,Explosions/Remote violence,5,31.9475,35.267
02/08/2025,Palestine,Explosions/Remote violence,4,31.9475,35.267
02/15/2025,Palestine,Explosions/Remote violence,7,31.9475,35.267
02/22/2025,Palestine,Explosions/Remote violence,2,31.9475,35.267
03/01/2025,Palestine,Explosions/Remote violence,4,31.9475,35.267
03/08/2025,Palestine,Explosions/Remote violence,1,31.9475,35.267
03/15/2025,Palestine,Explosions/Remote violence,1,31.9475,35.267
03/22/2025,Palestine,Explosions/Remote violence,5,31.9475,35.267
03/29/2025,Palestine,Explosions/Remote violence,1,31.9475,35.267
04/05/2025,Palestine,Explosions/Remote violence,5,31.9475,35.267
04/12/2025,Palestine,Explosions/Remote violence,6,31.9475,35.267
04/19/2025,Palestine,Explosions/Remote violence,1,31.9475,35.267
04/26/2025,Palestine,Explosions/Remote violence,4,31.9475,35.267
05/10/2025,Palestine,Explosions/Remote violence,5,31.9475,35.267
05/17/2025,Palestine,Explosions/Remote violence,4,31.9475,35.267
05/24/2025,Palestine,Explosions/Remote violence,3,31.9475,35.267
05/31/2025,Palestine,Explosions/Remote violence,5,31.9475,35.267
06/07/2025,Palestine,Explosions/Remote violence,1,31.9475,35.267
06/14/2025,Palestine,Explosions/Remote violence,3,31.9475,35.267
06/21/2025,Palestine,Explosions/Remote violence,1,31.9475,35.267
06/28/2025,Palestine,Explosions/Remote violence,3,31.9475,35.267
07/05/2025,Palestine,Explosions/Remote violence,1,31.9475,35.267
07/12/2025,Palestine,Explosions/Remote violence,1,31.9475,35.267
07/19/2025,Palestine,Explosions/Remote violence,1,31.9475,35.267
07/26/2025,Palestine,Explosions/Remote violence,2,31.9475,35.267
08/02/2025,Palestine,Explosions/Remote violence,2,31.9475,35.267
08/16/2025,Palestine,Explosions/Remote violence,1,31.9475,35.267
08/23/2025,Palestine,Explosions/Remote violence,4,31.9475,35.267
08/30/2025,Palestine,Explosions/Remote violence,1,31.9475,35.267
09/06/2025,Palestine,Explosions/Remote violence,3,31.9475,35.267
09/13/2025,Palestine,Explosions/Remote violence,4,31.9475,35.267
09/20/2025,Palestine,Explosions/Remote violence,7,31.9475,35.267
09/27/2025,Palestine,Explosions/Remote violence,3,31.9475,35.267
10/04/2025,Palestine,Explosions/Remote violence,1,31.9475,35.267
10/11/2025,Palestine,Explosions/Remote violence,4,31.9475,35.267
10/18/2025,Palestine,Explosions/Remote violence,3,31.9475,35.267
07/23/2016,Palestine,Explosions/Remote violence,1,31.9475,35.267
08/20/2016,Palestine,Explosions/Remote violence,1,31.9475,35.267
03/02/2019,Palestine,Explosions/Remote violence,1,31.9475,35.267
05/15/2021,Palestine,Explosions/Remote violence,5,31.9475,35.267
05/20/2023,Palestine,Explosions/Remote violence,1,31.9475,35.267
06/10/2023,Palestine,Explosions/Remote violence,1,31.9475,35.267
07/08/2023,Palestine,Explosions/Remote violence,1,31.9475,35.267
07/22/2023,Palestine,Explosions/Remote violence,1,31.9475,35.267
08/12/2023,Palestine,Explosions/Remote violence,1,31.9475,35.267
10/07/2023,Palestine,Explosions/Remote violence,2,31.9475,35.267
10/14/2023,Palestine,Explosions/Remote violence,4,31.9475,35.267
10/21/2023,Palestine,Explosions/Remote violence,2,31.9475,35.267
10/28/2023,Palestine,Explosions/Remote violence,1,31.9475,35.267
11/18/2023,Palestine,Explosions/Remote violence,1,31.9475,35.267
11/25/2023,Palestine,Explosions/Remote violence,3,31.9475,35.267
12/02/2023,Palestine,Explosions/Remote violence,1,31.9475,35.267
12/09/2023,Palestine,Explosions/Remote violence,2,31.9475,35.267
02/10/2024,Palestine,Explosions/Remote violence,1,31.9475,35.267
08/17/2024,Palestine,Explosions/Remote violence,1,31.9475,35.267
09/21/2024,Palestine,Explosions/Remote violence,12,31.9475,35.267
09/28/2024,Palestine,Explosions/Remote violence,16,31.9475,35.267
10/05/2024,Palestine,Explosions/Remote violence,1,31.9475,35.267
10/12/2024,Palestine,Explosions/Remote violence,1,31.9475,35.267
10/19/2024,Palestine,Explosions/Remote violence,3,31.9475,35.267
11/23/2024,Palestine,Explosions/Remote violence,1,31.9475,35.267
12/14/2024,Palestine,Explosions/Remote violence,2,31.9475,35.267
12/28/2024,Palestine,Explosions/Remote violence,1,31.9475,35.267
01/04/2025,Palestine,Explosions/Remote violence,1,31.9475,35.267
01/11/2025,Palestine,Explosions/Remote violence,1,31.9475,35.267
01/18/2025,Palestine,Explosions/Remote violence,1,31.9475,35.267
01/25/2025,Palestine,Explosions/Remote violence,1,31.9475,35.267
02/22/2025,Palestine,Explosions/Remote violence,2,31.9475,35.267
03/08/2025,Palestine,Explosions/Remote violence,2,31.9475,35.267
03/22/2025,Palestine,Explosions/Remote violence,2,31.9475,35.267
03/29/2025,Palestine,Explosions/Remote violence,1,31.9475,35.267
06/07/2025,Palestine,Explosions/Remote violence,1,31.9475,35.267
06/14/2025,Palestine,Explosions/Remote violence,2,31.9475,35.267
12/26/2015,Palestine,Riots,1,31.9475,35.267
01/02/2016,Palestine,Riots,13,31.9475,35.267
01/09/2016,Palestine,Riots,13,31.9475,35.267
01/16/2016,Palestine,Riots,13,31.9475,35.267
01/23/2016,Palestine,Riots,3,31.9475,35.267
01/30/2016,Palestine,Riots,8,31.9475,35.267
02/06/2016,Palestine,Riots,7,31.9475,35.267
02/13/2016,Palestine,Riots,13,31.9475,35.267
02/20/2016,Palestine,Riots,7,31.9475,35.267
02/27/2016,Palestine,Riots,10,31.9475,35.267
03/05/2016,Palestine,Riots,8,31.9475,35.267
03/12/2016,Palestine,Riots,4,31.9475,35.267
03/19/2016,Palestine,Riots,7,31.9475,35.267
03/26/2016,Palestine,Riots,3,31.9475,35.267
04/02/2016,Palestine,Riots,10,31.9475,35.267
04/09/2016,Palestine,Riots,4,31.9475,35.267
04/16/2016,Palestine,Riots,5,31.9475,35.267
04/23/2016,Palestine,Riots,8,31.9475,35.267
04/30/2016,Palestine,Riots,1,31.9475,35.267
05/07/2016,Palestine,Riots,4,31.9475,35.267
05/14/2016,Palestine,Riots,3,31.9475,35.267
05/21/2016,Palestine,Riots,2,31.9475,35.267
05/28/2016,Palestine,Riots,3,31.9475,35.267
06/04/2016,Palestine,Riots,6,31.9475,35.267
06/11/2016,Palestine,Riots,11,31.9475,35.267
06/18/2016,Palestine,Riots,11,31.9475,35.267
06/25/2016,Palestine,Riots,9,31.9475,35.267
07/02/2016,Palestine,Riots,2,31.9475,35.267
07/09/2016,Palestine,Riots,9,31.9475,35.267
07/16/2016,Palestine,Riots,2,31.9475,35.267
07/23/2016,Palestine,Riots,6,31.9475,35.267
07/30/2016,Palestine,Riots,7,31.9475,35.267
08/06/2016,Palestine,Riots,11,31.9475,35.267
08/13/2016,Palestine,Riots,4,31.9475,35.267
08/20/2016,Palestine,Riots,7,31.9475,35.267
08/27/2016,Palestine,Riots,3,31.9475,35.267
09/03/2016,Palestine,Riots,3,31.9475,35.267
09/10/2016,Palestine,Riots,4,31.9475,35.267
09/17/2016,Palestine,Riots,7,31.9475,35.267
09/24/2016,Palestine,Riots,3,31.9475,35.267
10/01/2016,Palestine,Riots,5,31.9475,35.267
10/08/2016,Palestine,Riots,20,31.9475,35.267
10/15/2016,Palestine,Riots,9,31.9475,35.267
10/22/2016,Palestine,Riots,3,31.9475,35.267
10/29/2016,Palestine,Riots,13,31.9475,35.267
11/05/2016,Palestine,Riots,8,31.9475,35.267
11/12/2016,Palestine,Riots,2,31.9475,35.267
11/19/2016,Palestine,Riots,2,31.9475,35.267
11/26/2016,Palestine,Riots,2,31.9475,35.267
12/03/2016,Palestine,Riots,4,31.9475,35.267
12/10/2016,Palestine,Riots,3,31.9475,35.267
12/17/2016,Palestine,Riots,7,31.9475,35.267
12/24/2016,Palestine,Riots,3,31.9475,35.267
12/31/2016,Palestine,Riots,3,31.9475,35.267
01/07/2017,Palestine,Riots,3,31.9475,35.267
01/14/2017,Palestine,Riots,7,31.9475,35.267
01/21/2017,Palestine,Riots,8,31.9475,35.267
01/28/2017,Palestine,Riots,6,31.9475,35.267
02/04/2017,Palestine,Riots,4,31.9475,35.267
02/11/2017,Palestine,Riots,3,31.9475,35.267
02/18/2017,Palestine,Riots,4,31.9475,35.267
02/25/2017,Palestine,Riots,6,31.9475,35.267
03/04/2017,Palestine,Riots,5,31.9475,35.267
03/11/2017,Palestine,Riots,4,31.9475,35.267
03/18/2017,Palestine,Riots,6,31.9475,35.267
03/25/2017,Palestine,Riots,8,31.9475,35.267
04/01/2017,Palestine,Riots,3,31.9475,35.267
04/08/2017,Palestine,Riots,4,31.9475,35.267
04/15/2017,Palestine,Riots,7,31.9475,35.267
04/22/2017,Palestine,Riots,22,31.9475,35.267
04/29/2017,Palestine,Riots,10,31.9475,35.267
05/06/2017,Palestine,Riots,8,31.9475,35.267
05/13/2017,Palestine,Riots,15,31.9475,35.267
05/20/2017,Palestine,Riots,18,31.9475,35.267
05/27/2017,Palestine,Riots,2,31.9475,35.267
06/03/2017,Palestine,Riots,9,31.9475,35.267
06/10/2017,Palestine,Riots,7,31.9475,35.267
06/17/2017,Palestine,Riots,13,31.9475,35.267
06/24/2017,Palestine,Riots,13,31.9475,35.267
07/01/2017,Palestine,Riots,4,31.9475,35.267
07/08/2017,Palestine,Riots,9,31.9475,35.267
07/15/2017,Palestine,Riots,22,31.9475,35.267
07/22/2017,Palestine,Riots,39,31.9475,35.267
07/29/2017,Palestine,Riots,11,31.9475,35.267
08/05/2017,Palestine,Riots,15,31.9475,35.267
08/12/2017,Palestine,Riots,7,31.9475,35.267
08/19/2017,Palestine,Riots,6,31.9475,35.267
08/26/2017,Palestine,Riots,3,31.9475,35.267
09/02/2017,Palestine,Riots,12,31.9475,35.267
09/09/2017,Palestine,Riots,7,31.9475,35.267
09/16/2017,Palestine,Riots,9,31.9475,35.267
09/23/2017,Palestine,Riots,9,31.9475,35.267
09/30/2017,Palestine,Riots,7,31.9475,35.267
10/07/2017,Palestine,Riots,7,31.9475,35.267
10/14/2017,Palestine,Riots,8,31.9475,35.267
10/21/2017,Palestine,Riots,4,31.9475,35.267
10/28/2017,Palestine,Riots,7,31.9475,35.267
11/04/2017,Palestine,Riots,5,31.9475,35.267
11/11/2017,Palestine,Riots,8,31.9475,35.267
11/18/2017,Palestine,Riots,2,31.9475,35.267
11/25/2017,Palestine,Riots,3,31.9475,35.267
12/02/2017,Palestine,Riots,26,31.9475,35.267
12/09/2017,Palestine,Riots,37,31.9475,35.267
12/16/2017,Palestine,Riots,23,31.9475,35.267
12/23/2017,Palestine,Riots,21,31.9475,35.267
12/30/2017,Palestine,Riots,61,31.9475,35.267
01/06/2018,Palestine,Riots,109,31.9475,35.267
01/13/2018,Palestine,Riots,61,31.9475,35.267
01/20/2018,Palestine,Riots,56,31.9475,35.267
01/27/2018,Palestine,Riots,70,31.9475,35.267
02/03/2018,Palestine,Riots,101,31.9475,35.267
02/10/2018,Palestine,Riots,67,31.9475,35.267
02/17/2018,Palestine,Riots,76,31.9475,35.267
02/24/2018,Palestine,Riots,39,31.9475,35.267
03/03/2018,Palestine,Riots,34,31.9475,35.267
03/10/2018,Palestine,Riots,39,31.9475,35.267
03/17/2018,Palestine,Riots,72,31.9475,35.267
03/24/2018,Palestine,Riots,47,31.9475,35.267
03/31/2018,Palestine,Riots,45,31.9475,35.267
04/07/2018,Palestine,Riots,42,31.9475,35.267
04/14/2018,Palestine,Riots,53,31.9475,35.267
04/21/2018,Palestine,Riots,53,31.9475,35.267
04/28/2018,Palestine,Riots,26,31.9475,35.267
05/05/2018,Palestine,Riots,52,31.9475,35.267
05/12/2018,Palestine,Riots,46,31.9475,35.267
05/19/2018,Palestine,Riots,26,31.9475,35.267
05/26/2018,Palestine,Riots,29,31.9475,35.267
06/02/2018,Palestine,Riots,45,31.9475,35.267
06/09/2018,Palestine,Riots,38,31.9475,35.267
06/16/2018,Palestine,Riots,32,31.9475,35.267
06/23/2018,Palestine,Riots,37,31.9475,35.267
06/30/2018,Palestine,Riots,40,31.9475,35.267
07/07/2018,Palestine,Riots,29,31.9475,35.267
07/14/2018,Palestine,Riots,28,31.9475,35.267
07/21/2018,Palestine,Riots,20,31.9475,35.267
07/28/2018,Palestine,Riots,49,31.9475,35.267
08/04/2018,Palestine,Riots,35,31.9475,35.267
08/11/2018,Palestine,Riots,44,31.9475,35.267
08/18/2018,Palestine,Riots,28,31.9475,35.267
08/25/2018,Palestine,Riots,63,31.9475,35.267
09/01/2018,Palestine,Riots,47,31.9475,35.267
09/08/2018,Palestine,Riots,44,31.9475,35.267
09/15/2018,Palestine,Riots,42,31.9475,35.267
09/22/2018,Palestine,Riots,50,31.9475,35.267
09/29/2018,Palestine,Riots,57,31.9475,35.267
10/06/2018,Palestine,Riots,47,31.9475,35.267
10/13/2018,Palestine,Riots,74,31.9475,35.267
10/20/2018,Palestine,Riots,46,31.9475,35.267
10/27/2018,Palestine,Riots,48,31.9475,35.267
11/03/2018,Palestine,Riots,48,31.9475,35.267
11/10/2018,Palestine,Riots,44,31.9475,35.267
11/17/2018,Palestine,Riots,63,31.9475,35.267
11/24/2018,Palestine,Riots,51,31.9475,35.267
12/01/2018,Palestine,Riots,46,31.9475,35.267
12/08/2018,Palestine,Riots,140,31.9475,35.267
12/15/2018,Palestine,Riots,108,31.9475,35.267
12/22/2018,Palestine,Riots,53,31.9475,35.267
12/29/2018,Palestine,Riots,48,31.9475,35.267
01/05/2019,Palestine,Riots,56,31.9475,35.267
01/12/2019,Palestine,Riots,47,31.9475,35.267
01/19/2019,Palestine,Riots,42,31.9475,35.267
01/26/2019,Palestine,Riots,45,31.9475,35.267
02/02/2019,Palestine,Riots,48,31.9475,35.267
02/09/2019,Palestine,Riots,60,31.9475,35.267
02/16/2019,Palestine,Riots,54,31.9475,35.267
02/23/2019,Palestine,Riots,31,31.9475,35.267
03/02/2019,Palestine,Riots,33,31.9475,35.267
03/09/2019,Palestine,Riots,42,31.9475,35.267
03/16/2019,Palestine,Riots,66,31.9475,35.267
03/23/2019,Palestine,Riots,45,31.9475,35.267
03/30/2019,Palestine,Riots,54,31.9475,35.267
04/06/2019,Palestine,Riots,48,31.9475,35.267
04/13/2019,Palestine,Riots,46,31.9475,35.267
04/20/2019,Palestine,Riots,34,31.9475,35.267
04/27/2019,Palestine,Riots,54,31.9475,35.267
05/04/2019,Palestine,Riots,19,31.9475,35.267
05/11/2019,Palestine,Riots,21,31.9475,35.267
05/18/2019,Palestine,Riots,24,31.9475,35.267
05/25/2019,Palestine,Riots,21,31.9475,35.267
06/01/2019,Palestine,Riots,13,31.9475,35.267
06/08/2019,Palestine,Riots,23,31.9475,35.267
06/15/2019,Palestine,Riots,35,31.9475,35.267
06/22/2019,Palestine,Riots,43,31.9475,35.267
06/29/2019,Palestine,Riots,40,31.9475,35.267
07/06/2019,Palestine,Riots,35,31.9475,35.267
07/13/2019,Palestine,Riots,26,31.9475,35.267
07/20/2019,Palestine,Riots,26,31.9475,35.267
07/27/2019,Palestine,Riots,18,31.9475,35.267
08/03/2019,Palestine,Riots,49,31.9475,35.267
08/10/2019,Palestine,Riots,23,31.9475,35.267
08/17/2019,Palestine,Riots,40,31.9475,35.267
08/24/2019,Palestine,Riots,41,31.9475,35.267
08/31/2019,Palestine,Riots,37,31.9475,35.267
09/07/2019,Palestine,Riots,31,31.9475,35.267
09/14/2019,Palestine,Riots,42,31.9475,35.267
09/21/2019,Palestine,Riots,45,31.9475,35.267
09/28/2019,Palestine,Riots,23,31.9475,35.267
10/05/2019,Palestine,Riots,25,31.9475,35.267
10/12/2019,Palestine,Riots,33,31.9475,35.267
10/19/2019,Palestine,Riots,47,31.9475,35.267
10/26/2019,Palestine,Riots,39,31.9475,35.267
11/02/2019,Palestine,Riots,45,31.9475,35.267
11/09/2019,Palestine,Riots,60,31.9475,35.267
11/16/2019,Palestine,Riots,31,31.9475,35.267
11/23/2019,Palestine,Riots,61,31.9475,35.267
11/30/2019,Palestine,Riots,38,31.9475,35.267
12/07/2019,Palestine,Riots,39,31.9475,35.267
12/14/2019,Palestine,Riots,41,31.9475,35.267
12/21/2019,Palestine,Riots,29,31.9475,35.267
12/28/2019,Palestine,Riots,38,31.9475,35.267
01/04/2020,Palestine,Riots,18,31.9475,35.267
01/11/2020,Palestine,Riots,40,31.9475,35.267
01/18/2020,Palestine,Riots,26,31.9475,35.267
01/25/2020,Palestine,Riots,57,31.9475,35.267
02/01/2020,Palestine,Riots,59,31.9475,35.267
02/08/2020,Palestine,Riots,31,31.9475,35.267
02/15/2020,Palestine,Riots,40,31.9475,35.267
02/22/2020,Palestine,Riots,41,31.9475,35.267
02/29/2020,Palestine,Riots,39,31.9475,35.267
03/07/2020,Palestine,Riots,43,31.9475,35.267
03/14/2020,Palestine,Riots,34,31.9475,35.267
03/21/2020,Palestine,Riots,56,31.9475,35.267
03/28/2020,Palestine,Riots,35,31.9475,35.267
04/04/2020,Palestine,Riots,20,31.9475,35.267
04/11/2020,Palestine,Riots,27,31.9475,35.267
04/18/2020,Palestine,Riots,40,31.9475,35.267
04/25/2020,Palestine,Riots,25,31.9475,35.267
05/02/2020,Palestine,Riots,29,31.9475,35.267
05/09/2020,Palestine,Riots,33,31.9475,35.267
05/16/2020,Palestine,Riots,39,31.9475,35.267
05/23/2020,Palestine,Riots,20,31.9475,35.267
05/30/2020,Palestine,Riots,25,31.9475,35.267
06/06/2020,Palestine,Riots,30,31.9475,35.267
06/13/2020,Palestine,Riots,30,31.9475,35.267
06/20/2020,Palestine,Riots,42,31.9475,35.267
06/27/2020,Palestine,Riots,32,31.9475,35.267
07/04/2020,Palestine,Riots,33,31.9475,35.267
07/11/2020,Palestine,Riots,24,31.9475,35.267
07/18/2020,Palestine,Riots,23,31.9475,35.267
07/25/2020,Palestine,Riots,32,31.9475,35.267
08/01/2020,Palestine,Riots,18,31.9475,35.267
08/08/2020,Palestine,Riots,32,31.9475,35.267
08/15/2020,Palestine,Riots,30,31.9475,35.267
08/22/2020,Palestine,Riots,28,31.9475,35.267
08/29/2020,Palestine,Riots,24,31.9475,35.267
09/05/2020,Palestine,Riots,23,31.9475,35.267
09/12/2020,Palestine,Riots,33,31.9475,35.267
09/19/2020,Palestine,Riots,21,31.9475,35.267
09/26/2020,Palestine,Riots,31,31.9475,35.267
10/03/2020,Palestine,Riots,64,31.9475,35.267
10/10/2020,Palestine,Riots,53,31.9475,35.267
10/17/2020,Palestine,Riots,28,31.9475,35.267
10/24/2020,Palestine,Riots,37,31.9475,35.267
10/31/2020,Palestine,Riots,29,31.9475,35.267
11/07/2020,Palestine,Riots,43,31.9475,35.267
11/14/2020,Palestine,Riots,37,31.9475,35.267
11/21/2020,Palestine,Riots,38,31.9475,35.267
11/28/2020,Palestine,Riots,28,31.9475,35.267
12/05/2020,Palestine,Riots,37,31.9475,35.267
12/12/2020,Palestine,Riots,44,31.9475,35.267
12/19/2020,Palestine,Riots,53,31.9475,35.267
12/26/2020,Palestine,Riots,58,31.9475,35.267
01/02/2021,Palestine,Riots,74,31.9475,35.267
01/09/2021,Palestine,Riots,49,31.9475,35.267
01/16/2021,Palestine,Riots,42,31.9475,35.267
01/23/2021,Palestine,Riots,46,31.9475,35.267
01/30/2021,Palestine,Riots,37,31.9475,35.267
02/06/2021,Palestine,Riots,71,31.9475,35.267
02/13/2021,Palestine,Riots,24,31.9475,35.267
02/20/2021,Palestine,Riots,37,31.9475,35.267
02/27/2021,Palestine,Riots,43,31.9475,35.267
03/06/2021,Palestine,Riots,42,31.9475,35.267
03/13/2021,Palestine,Riots,40,31.9475,35.267
03/20/2021,Palestine,Riots,15,31.9475,35.267
03/27/2021,Palestine,Riots,22,31.9475,35.267
04/03/2021,Palestine,Riots,23,31.9475,35.267
04/10/2021,Palestine,Riots,21,31.9475,35.267
04/17/2021,Palestine,Riots,48,31.9475,35.267
04/24/2021,Palestine,Riots,55,31.9475,35.267
05/01/2021,Palestine,Riots,51,31.9475,35.267
05/08/2021,Palestine,Riots,168,31.9475,35.267
05/15/2021,Palestine,Riots,165,31.9475,35.267
05/22/2021,Palestine,Riots,33,31.9475,35.267
05/29/2021,Palestine,Riots,37,31.9475,35.267
06/05/2021,Palestine,Riots,35,31.9475,35.267
06/12/2021,Palestine,Riots,44,31.9475,35.267
06/19/2021,Palestine,Riots,30,31.9475,35.267
06/26/2021,Palestine,Riots,28,31.9475,35.267
07/03/2021,Palestine,Riots,28,31.9475,35.267
07/10/2021,Palestine,Riots,27,31.9475,35.267
07/17/2021,Palestine,Riots,31,31.9475,35.267
07/24/2021,Palestine,Riots,35,31.9475,35.267
07/31/2021,Palestine,Riots,22,31.9475,35.267
08/07/2021,Palestine,Riots,24,31.9475,35.267
08/14/2021,Palestine,Riots,25,31.9475,35.267
08/21/2021,Palestine,Riots,32,31.9475,35.267
08/28/2021,Palestine,Riots,26,31.9475,35.267
09/04/2021,Palestine,Riots,27,31.9475,35.267
09/11/2021,Palestine,Riots,120,31.9475,35.267
09/18/2021,Palestine,Riots,55,31.9475,35.267
09/25/2021,Palestine,Riots,47,31.9475,35.267
10/02/2021,Palestine,Riots,35,31.9475,35.267
10/09/2021,Palestine,Riots,54,31.9475,35.267
10/16/2021,Palestine,Riots,42,31.9475,35.267
10/23/2021,Palestine,Riots,54,31.9475,35.267
10/30/2021,Palestine,Riots,48,31.9475,35.267
11/06/2021,Palestine,Riots,41,31.9475,35.267
11/13/2021,Palestine,Riots,45,31.9475,35.267
11/20/2021,Palestine,Riots,104,31.9475,35.267
11/27/2021,Palestine,Riots,24,31.9475,35.267
12/04/2021,Palestine,Riots,43,31.9475,35.267
12/11/2021,Palestine,Riots,69,31.9475,35.267
12/18/2021,Palestine,Riots,75,31.9475,35.267
12/25/2021,Palestine,Riots,76,31.9475,35.267
01/01/2022,Palestine,Riots,40,31.9475,35.267
01/08/2022,Palestine,Riots,51,31.9475,35.267
01/15/2022,Palestine,Riots,39,31.9475,35.267
01/22/2022,Palestine,Riots,49,31.9475,35.267
01/29/2022,Palestine,Riots,50,31.9475,35.267
02/05/2022,Palestine,Riots,65,31.9475,35.267
02/12/2022,Palestine,Riots,76,31.9475,35.267
02/19/2022,Palestine,Riots,58,31.9475,35.267
02/26/2022,Palestine,Riots,85,31.9475,35.267
03/05/2022,Palestine,Riots,50,31.9475,35.267
03/12/2022,Palestine,Riots,75,31.9475,35.267
03/19/2022,Palestine,Riots,55,31.9475,35.267
03/26/2022,Palestine,Riots,123,31.9475,35.267
04/02/2022,Palestine,Riots,85,31.9475,35.267
04/09/2022,Palestine,Riots,149,31.9475,35.267
04/16/2022,Palestine,Riots,121,31.9475,35.267
04/23/2022,Palestine,Riots,45,31.9475,35.267
04/30/2022,Palestine,Riots,82,31.9475,35.267
05/07/2022,Palestine,Riots,99,31.9475,35.267
05/14/2022,Palestine,Riots,80,31.9475,35.267
05/21/2022,Palestine,Riots,96,31.9475,35.267
05/28/2022,Palestine,Riots,143,31.9475,35.267
06/04/2022,Palestine,Riots,71,31.9475,35.267
06/11/2022,Palestine,Riots,47,31.9475,35.267
06/18/2022,Palestine,Riots,47,31.9475,35.267
06/25/2022,Palestine,Riots,33,31.9475,35.267
07/02/2022,Palestine,Riots,38,31.9475,35.267
07/09/2022,Palestine,Riots,36,31.9475,35.267
07/16/2022,Palestine,Riots,50,31.9475,35.267
07/23/2022,Palestine,Riots,56,31.9475,35.267
07/30/2022,Palestine,Riots,42,31.9475,35.267
08/06/2022,Palestine,Riots,49,31.9475,35.267
08/13/2022,Palestine,Riots,58,31.9475,35.267
08/20/2022,Palestine,Riots,37,31.9475,35.267
08/27/2022,Palestine,Riots,43,31.9475,35.267
09/03/2022,Palestine,Riots,45,31.9475,35.267
09/10/2022,Palestine,Riots,48,31.9475,35.267
09/17/2022,Palestine,Riots,82,31.9475,35.267
09/24/2022,Palestine,Riots,77,31.9475,35.267
10/01/2022,Palestine,Riots,114,31.9475,35.267
10/08/2022,Palestine,Riots,129,31.9475,35.267
10/15/2022,Palestine,Riots,103,31.9475,35.267
10/22/2022,Palestine,Riots,102,31.9475,35.267
10/29/2022,Palestine,Riots,79,31.9475,35.267
11/05/2022,Palestine,Riots,69,31.9475,35.267
11/12/2022,Palestine,Riots,84,31.9475,35.267
11/19/2022,Palestine,Riots,60,31.9475,35.267
11/26/2022,Palestine,Riots,78,31.9475,35.267
12/03/2022,Palestine,Riots,83,31.9475,35.267
12/10/2022,Palestine,Riots,64,31.9475,35.267
12/17/2022,Palestine,Riots,67,31.9475,35.267
12/24/2022,Palestine,Riots,46,31.9475,35.267
12/31/2022,Palestine,Riots,59,31.9475,35.267
01/07/2023,Palestine,Riots,63,31.9475,35.267
01/14/2023,Palestine,Riots,53,31.9475,35.267
01/21/2023,Palestine,Riots,83,31.9475,35.267
01/28/2023,Palestine,Riots,130,31.9475,35.267
02/04/2023,Palestine,Riots,35,31.9475,35.267
02/11/2023,Palestine,Riots,82,31.9475,35.267
02/18/2023,Palestine,Riots,91,31.9475,35.267
02/25/2023,Palestine,Riots,128,31.9475,35.267
03/04/2023,Palestine,Riots,76,31.9475,35.267
03/11/2023,Palestine,Riots,51,31.9475,35.267
03/18/2023,Palestine,Riots,60,31.9475,35.267
03/25/2023,Palestine,Riots,64,31.9475,35.267
04/01/2023,Palestine,Riots,84,31.9475,35.267
04/08/2023,Palestine,Riots,60,31.9475,35.267
04/15/2023,Palestine,Riots,37,31.9475,35.267
04/22/2023,Palestine,Riots,46,31.9475,35.267
04/29/2023,Palestine,Riots,49,31.9475,35.267
05/06/2023,Palestine,Riots,62,31.9475,35.267
05/13/2023,Palestine,Riots,52,31.9475,35.267
05/20/2023,Palestine,Riots,49,31.9475,35.267
05/27/2023,Palestine,Riots,61,31.9475,35.267
06/03/2023,Palestine,Riots,61,31.9475,35.267
06/10/2023,Palestine,Riots,36,31.9475,35.267
06/17/2023,Palestine,Riots,123,31.9475,35.267
06/24/2023,Palestine,Riots,62,31.9475,35.267
07/01/2023,Palestine,Riots,99,31.9475,35.267
07/08/2023,Palestine,Riots,60,31.9475,35.267
07/15/2023,Palestine,Riots,64,31.9475,35.267
07/22/2023,Palestine,Riots,58,31.9475,35.267
07/29/2023,Palestine,Riots,51,31.9475,35.267
08/05/2023,Palestine,Riots,55,31.9475,35.267
08/12/2023,Palestine,Riots,42,31.9475,35.267
08/19/2023,Palestine,Riots,68,31.9475,35.267
08/26/2023,Palestine,Riots,62,31.9475,35.267
09/02/2023,Palestine,Riots,48,31.9475,35.267
09/09/2023,Palestine,Riots,55,31.9475,35.267
09/16/2023,Palestine,Riots,58,31.9475,35.267
09/23/2023,Palestine,Riots,53,31.9475,35.267
09/30/2023,Palestine,Riots,72,31.9475,35.267
10/07/2023,Palestine,Riots,193,31.9475,35.267
10/14/2023,Palestine,Riots,152,31.9475,35.267
10/21/2023,Palestine,Riots,155,31.9475,35.267
10/28/2023,Palestine,Riots,153,31.9475,35.267
11/04/2023,Palestine,Riots,134,31.9475,35.267
11/11/2023,Palestine,Riots,94,31.9475,35.267
11/18/2023,Palestine,Riots,87,31.9475,35.267
11/25/2023,Palestine,Riots,108,31.9475,35.267
12/02/2023,Palestine,Riots,60,31.9475,35.267
12/09/2023,Palestine,Riots,98,31.9475,35.267
12/16/2023,Palestine,Riots,96,31.9475,35.267
12/23/2023,Palestine,Riots,60,31.9475,35.267
12/30/2023,Palestine,Riots,69,31.9475,35.267
01/06/2024,Palestine,Riots,54,31.9475,35.267
01/13/2024,Palestine,Riots,85,31.9475,35.267
01/20/2024,Palestine,Riots,64,31.9475,35.267
01/27/2024,Palestine,Riots,50,31.9475,35.267
02/03/2024,Palestine,Riots,61,31.9475,35.267
02/10/2024,Palestine,Riots,74,31.9475,35.267
02/17/2024,Palestine,Riots,97,31.9475,35.267
02/24/2024,Palestine,Riots,77,31.9475,35.267
03/02/2024,Palestine,Riots,62,31.9475,35.267
03/09/2024,Palestine,Riots,70,31.9475,35.267
03/16/2024,Palestine,Riots,61,31.9475,35.267
03/23/2024,Palestine,Riots,58,31.9475,35.267
03/30/2024,Palestine,Riots,81,31.9475,35.267
04/06/2024,Palestine,Riots,50,31.9475,35.267
04/13/2024,Palestine,Riots,65,31.9475,35.267
04/20/2024,Palestine,Riots,69,31.9475,35.267
04/27/2024,Palestine,Riots,75,31.9475,35.267
05/04/2024,Palestine,Riots,69,31.9475,35.267
05/11/2024,Palestine,Riots,102,31.9475,35.267
05/18/2024,Palestine,Riots,77,31.9475,35.267
05/25/2024,Palestine,Riots,113,31.9475,35.267
06/01/2024,Palestine,Riots,77,31.9475,35.267
06/08/2024,Palestine,Riots,66,31.9475,35.267
06/15/2024,Palestine,Riots,60,31.9475,35.267
06/22/2024,Palestine,Riots,70,31.9475,35.267
06/29/2024,Palestine,Riots,81,31.9475,35.267
07/06/2024,Palestine,Riots,88,31.9475,35.267
07/13/2024,Palestine,Riots,71,31.9475,35.267
07/20/2024,Palestine,Riots,76,31.9475,35.267
07/27/2024,Palestine,Riots,97,31.9475,35.267
08/03/2024,Palestine,Riots,92,31.9475,35.267
08/10/2024,Palestine,Riots,91,31.9475,35.267
08/17/2024,Palestine,Riots,63,31.9475,35.267
08/24/2024,Palestine,Riots,79,31.9475,35.267
08/31/2024,Palestine,Riots,77,31.9475,35.267
09/07/2024,Palestine,Riots,78,31.9475,35.267
09/14/2024,Palestine,Riots,73,31.9475,35.267
09/21/2024,Palestine,Riots,84,31.9475,35.267
09/28/2024,Palestine,Riots,68,31.9475,35.267
10/05/2024,Palestine,Riots,101,31.9475,35.267
10/12/2024,Palestine,Riots,91,31.9475,35.267
10/19/2024,Palestine,Riots,88,31.9475,35.267
10/26/2024,Palestine,Riots,89,31.9475,35.267
11/02/2024,Palestine,Riots,79,31.9475,35.267
11/09/2024,Palestine,Riots,77,31.9475,35.267
11/16/2024,Palestine,Riots,77,31.9475,35.267
11/23/2024,Palestine,Riots,69,31.9475,35.267
11/30/2024,Palestine,Riots,67,31.9475,35.267
12/07/2024,Palestine,Riots,75,31.9475,35.267
12/14/2024,Palestine,Riots,73,31.9475,35.267
12/21/2024,Palestine,Riots,70,31.9475,35.267
12/28/2024,Palestine,Riots,54,31.9475,35.267
01/04/2025,Palestine,Riots,108,31.9475,35.267
01/11/2025,Palestine,Riots,87,31.9475,35.267
01/18/2025,Palestine,Riots,114,31.9475,35.267
01/25/2025,Palestine,Riots,83,31.9475,35.267
02/01/2025,Palestine,Riots,70,31.9475,35.267
02/08/2025,Palestine,Riots,76,31.9475,35.267
02/15/2025,Palestine,Riots,100,31.9475,35.267
02/22/2025,Palestine,Riots,75,31.9475,35.267
03/01/2025,Palestine,Riots,70,31.9475,35.267
03/08/2025,Palestine,Riots,108,31.9475,35.267
03/15/2025,Palestine,Riots,63,31.9475,35.267
03/22/2025,Palestine,Riots,78,31.9475,35.267
03/29/2025,Palestine,Riots,66,31.9475,35.267
04/05/2025,Palestine,Riots,83,31.9475,35.267
04/12/2025,Palestine,Riots,102,31.9475,35.267
04/19/2025,Palestine,Riots,66,31.9475,35.267
04/26/2025,Palestine,Riots,72,31.9475,35.267
05/03/2025,Palestine,Riots,67,31.9475,35.267
05/10/2025,Palestine,Riots,88,31.9475,35.267
05/17/2025,Palestine,Riots,117,31.9475,35.267
05/24/2025,Palestine,Riots,103,31.9475,35.267
05/31/2025,Palestine,Riots,64,31.9475,35.267
06/07/2025,Palestine,Riots,63,31.9475,35.267
06/14/2025,Palestine,Riots,67,31.9475,35.267
06/21/2025,Palestine,Riots,69,31.9475,35.267
06/28/2025,Palestine,Riots,80,31.9475,35.267
07/05/2025,Palestine,Riots,91,31.9475,35.267
07/12/2025,Palestine,Riots,73,31.9475,35.267
07/19/2025,Palestine,Riots,71,31.9475,35.267
07/26/2025,Palestine,Riots,84,31.9475,35.267
08/02/2025,Palestine,Riots,73,31.9475,35.267
08/09/2025,Palestine,Riots,59,31.9475,35.267
08/16/2025,Palestine,Riots,59,31.9475,35.267
08/23/2025,Palestine,Riots,64,31.9475,35.267
08/30/2025,Palestine,Riots,65,31.9475,35.267
09/06/2025,Palestine,Riots,94,31.9475,35.267
09/13/2025,Palestine,Riots,104,31.9475,35.267
09/20/2025,Palestine,Riots,90,31.9475,35.267
09/27/2025,Palestine,Riots,80,31.9475,35.267
10/04/2025,Palestine,Riots,138,31.9475,35.267
10/11/2025,Palestine,Riots,126,31.9475,35.267
10/18/2025,Palestine,Riots,111,31.9475,35.267
01/02/2016,Palestine,Riots,1,31.9475,35.267
01/09/2016,Palestine,Riots,7,31.9475,35.267
02/13/2016,Palestine,Riots,3,31.9475,35.267
02/20/2016,Palestine,Riots,1,31.9475,35.267
02/27/2016,Palestine,Riots,1,31.9475,35.267
03/19/2016,Palestine,Riots,1,31.9475,35.267
03/26/2016,Palestine,Riots,5,31.9475,35.267
04/30/2016,Palestine,Riots,1,31.9475,35.267
05/07/2016,Palestine,Riots,1,31.9475,35.267
05/14/2016,Palestine,Riots,1,31.9475,35.267
05/21/2016,Palestine,Riots,1,31.9475,35.267
06/25/2016,Palestine,Riots,2,31.9475,35.267
07/23/2016,Palestine,Riots,2,31.9475,35.267
08/20/2016,Palestine,Riots,1,31.9475,35.267
08/27/2016,Palestine,Riots,1,31.9475,35.267
10/01/2016,Palestine,Riots,2,31.9475,35.267
11/26/2016,Palestine,Riots,1,31.9475,35.267
01/14/2017,Palestine,Riots,2,31.9475,35.267
01/21/2017,Palestine,Riots,1,31.9475,35.267
01/28/2017,Palestine,Riots,2,31.9475,35.267
02/11/2017,Palestine,Riots,1,31.9475,35.267
02/18/2017,Palestine,Riots,1,31.9475,35.267
02/25/2017,Palestine,Riots,6,31.9475,35.267
03/04/2017,Palestine,Riots,3,31.9475,35.267
03/11/2017,Palestine,Riots,1,31.9475,35.267
03/18/2017,Palestine,Riots,3,31.9475,35.267
03/25/2017,Palestine,Riots,5,31.9475,35.267
04/01/2017,Palestine,Riots,1,31.9475,35.267
04/08/2017,Palestine,Riots,1,31.9475,35.267
04/15/2017,Palestine,Riots,8,31.9475,35.267
04/22/2017,Palestine,Riots,18,31.9475,35.267
04/29/2017,Palestine,Riots,9,31.9475,35.267
05/06/2017,Palestine,Riots,4,31.9475,35.267
05/13/2017,Palestine,Riots,38,31.9475,35.267
05/20/2017,Palestine,Riots,10,31.9475,35.267
05/27/2017,Palestine,Riots,1,31.9475,35.267
06/03/2017,Palestine,Riots,1,31.9475,35.267
06/10/2017,Palestine,Riots,1,31.9475,35.267
06/24/2017,Palestine,Riots,2,31.9475,35.267
07/01/2017,Palestine,Riots,1,31.9475,35.267
07/08/2017,Palestine,Riots,2,31.9475,35.267
07/15/2017,Palestine,Riots,12,31.9475,35.267
07/22/2017,Palestine,Riots,12,31.9475,35.267
07/29/2017,Palestine,Riots,3,31.9475,35.267
08/12/2017,Palestine,Riots,2,31.9475,35.267
08/19/2017,Palestine,Riots,2,31.9475,35.267
09/02/2017,Palestine,Riots,1,31.9475,35.267
09/16/2017,Palestine,Riots,1,31.9475,35.267
09/23/2017,Palestine,Riots,1,31.9475,35.267
10/14/2017,Palestine,Riots,2,31.9475,35.267
10/28/2017,Palestine,Riots,1,31.9475,35.267
11/04/2017,Palestine,Riots,1,31.9475,35.267
11/11/2017,Palestine,Riots,2,31.9475,35.267
11/18/2017,Palestine,Riots,1,31.9475,35.267
11/25/2017,Palestine,Riots,3,31.9475,35.267
12/02/2017,Palestine,Riots,8,31.9475,35.267
12/09/2017,Palestine,Riots,35,31.9475,35.267
12/16/2017,Palestine,Riots,30,31.9475,35.267
12/23/2017,Palestine,Riots,5,31.9475,35.267
01/06/2018,Palestine,Riots,6,31.9475,35.267
01/13/2018,Palestine,Riots,5,31.9475,35.267
01/20/2018,Palestine,Riots,3,31.9475,35.267
01/27/2018,Palestine,Riots,9,31.9475,35.267
02/03/2018,Palestine,Riots,4,31.9475,35.267
02/10/2018,Palestine,Riots,4,31.9475,35.267
02/17/2018,Palestine,Riots,8,31.9475,35.267
02/24/2018,Palestine,Riots,4,31.9475,35.267
03/10/2018,Palestine,Riots,7,31.9475,35.267
03/17/2018,Palestine,Riots,7,31.9475,35.267
03/24/2018,Palestine,Riots,9,31.9475,35.267
03/31/2018,Palestine,Riots,14,31.9475,35.267
04/07/2018,Palestine,Riots,12,31.9475,35.267
04/14/2018,Palestine,Riots,12,31.9475,35.267
04/21/2018,Palestine,Riots,14,31.9475,35.267
04/28/2018,Palestine,Riots,3,31.9475,35.267
05/05/2018,Palestine,Riots,14,31.9475,35.267
05/12/2018,Palestine,Riots,55,31.9475,35.267
05/19/2018,Palestine,Riots,10,31.9475,35.267
05/26/2018,Palestine,Riots,3,31.9475,35.267
06/02/2018,Palestine,Riots,1,31.9475,35.267
06/09/2018,Palestine,Riots,1,31.9475,35.267
06/16/2018,Palestine,Riots,2,31.9475,35.267
06/23/2018,Palestine,Riots,3,31.9475,35.267
06/30/2018,Palestine,Riots,3,31.9475,35.267
07/07/2018,Palestine,Riots,2,31.9475,35.267
07/14/2018,Palestine,Riots,2,31.9475,35.267
07/21/2018,Palestine,Riots,1,31.9475,35.267
07/28/2018,Palestine,Riots,5,31.9475,35.267
08/04/2018,Palestine,Riots,3,31.9475,35.267
08/11/2018,Palestine,Riots,4,31.9475,35.267
08/18/2018,Palestine,Riots,1,31.9475,35.267
08/25/2018,Palestine,Riots,5,31.9475,35.267
09/01/2018,Palestine,Riots,7,31.9475,35.267
09/08/2018,Palestine,Riots,5,31.9475,35.267
09/15/2018,Palestine,Riots,2,31.9475,35.267
09/22/2018,Palestine,Riots,5,31.9475,35.267
09/29/2018,Palestine,Riots,15,31.9475,35.267
10/06/2018,Palestine,Riots,2,31.9475,35.267
10/13/2018,Palestine,Riots,6,31.9475,35.267
10/20/2018,Palestine,Riots,2,31.9475,35.267
10/27/2018,Palestine,Riots,2,31.9475,35.267
11/03/2018,Palestine,Riots,4,31.9475,35.267
11/10/2018,Palestine,Riots,8,31.9475,35.267
11/17/2018,Palestine,Riots,2,31.9475,35.267
11/24/2018,Palestine,Riots,4,31.9475,35.267
12/01/2018,Palestine,Riots,3,31.9475,35.267
12/08/2018,Palestine,Riots,14,31.9475,35.267
12/15/2018,Palestine,Riots,1,31.9475,35.267
12/22/2018,Palestine,Riots,4,31.9475,35.267
12/29/2018,Palestine,Riots,4,31.9475,35.267
01/05/2019,Palestine,Riots,2,31.9475,35.267
01/12/2019,Palestine,Riots,2,31.9475,35.267
01/19/2019,Palestine,Riots,9,31.9475,35.267
01/26/2019,Palestine,Riots,4,31.9475,35.267
02/02/2019,Palestine,Riots,4,31.9475,35.267
02/09/2019,Palestine,Riots,4,31.9475,35.267
02/16/2019,Palestine,Riots,8,31.9475,35.267
02/23/2019,Palestine,Riots,1,31.9475,35.267
03/02/2019,Palestine,Riots,6,31.9475,35.267
03/09/2019,Palestine,Riots,4,31.9475,35.267
03/16/2019,Palestine,Riots,5,31.9475,35.267
03/23/2019,Palestine,Riots,8,31.9475,35.267
03/30/2019,Palestine,Riots,10,31.9475,35.267
04/06/2019,Palestine,Riots,5,31.9475,35.267
04/13/2019,Palestine,Riots,8,31.9475,35.267
04/20/2019,Palestine,Riots,5,31.9475,35.267
04/27/2019,Palestine,Riots,3,31.9475,35.267
05/04/2019,Palestine,Riots,1,31.9475,35.267
05/11/2019,Palestine,Riots,3,31.9475,35.267
05/18/2019,Palestine,Riots,2,31.9475,35.267
05/25/2019,Palestine,Riots,2,31.9475,35.267
06/01/2019,Palestine,Riots,3,31.9475,35.267
06/08/2019,Palestine,Riots,3,31.9475,35.267
06/15/2019,Palestine,Riots,3,31.9475,35.267
06/22/2019,Palestine,Riots,15,31.9475,35.267
06/29/2019,Palestine,Riots,4,31.9475,35.267
07/06/2019,Palestine,Riots,3,31.9475,35.267
07/13/2019,Palestine,Riots,2,31.9475,35.267
07/20/2019,Palestine,Riots,1,31.9475,35.267
07/27/2019,Palestine,Riots,1,31.9475,35.267
08/03/2019,Palestine,Riots,3,31.9475,35.267
08/10/2019,Palestine,Riots,3,31.9475,35.267
08/17/2019,Palestine,Riots,1,31.9475,35.267
08/24/2019,Palestine,Riots,2,31.9475,35.267
08/31/2019,Palestine,Riots,1,31.9475,35.267
09/07/2019,Palestine,Riots,3,31.9475,35.267
09/14/2019,Palestine,Riots,1,31.9475,35.267
09/21/2019,Palestine,Riots,3,31.9475,35.267
09/28/2019,Palestine,Riots,4,31.9475,35.267
10/12/2019,Palestine,Riots,2,31.9475,35.267
10/19/2019,Palestine,Riots,1,31.9475,35.267
10/26/2019,Palestine,Riots,3,31.9475,35.267
11/02/2019,Palestine,Riots,1,31.9475,35.267
11/09/2019,Palestine,Riots,14,31.9475,35.267
11/16/2019,Palestine,Riots,5,31.9475,35.267
11/23/2019,Palestine,Riots,19,31.9475,35.267
12/07/2019,Palestine,Riots,3,31.9475,35.267
12/14/2019,Palestine,Riots,1,31.9475,35.267
12/21/2019,Palestine,Riots,1,31.9475,35.267
12/28/2019,Palestine,Riots,4,31.9475,35.267
01/04/2020,Palestine,Riots,1,31.9475,35.267
01/11/2020,Palestine,Riots,3,31.9475,35.267
01/18/2020,Palestine,Riots,2,31.9475,35.267
01/25/2020,Palestine,Riots,74,31.9475,35.267
02/01/2020,Palestine,Riots,57,31.9475,35.267
02/08/2020,Palestine,Riots,29,31.9475,35.267
02/15/2020,Palestine,Riots,25,31.9475,35.267
02/22/2020,Palestine,Riots,20,31.9475,35.267
02/29/2020,Palestine,Riots,5,31.9475,35.267
03/07/2020,Palestine,Riots,5,31.9475,35.267
03/14/2020,Palestine,Riots,7,31.9475,35.267
03/21/2020,Palestine,Riots,3,31.9475,35.267
03/28/2020,Palestine,Riots,2,31.9475,35.267
04/04/2020,Palestine,Riots,2,31.9475,35.267
04/11/2020,Palestine,Riots,3,31.9475,35.267
04/18/2020,Palestine,Riots,2,31.9475,35.267
04/25/2020,Palestine,Riots,2,31.9475,35.267
05/02/2020,Palestine,Riots,2,31.9475,35.267
05/09/2020,Palestine,Riots,3,31.9475,35.267
05/16/2020,Palestine,Riots,2,31.9475,35.267
05/23/2020,Palestine,Riots,5,31.9475,35.267
05/30/2020,Palestine,Riots,13,31.9475,35.267
06/06/2020,Palestine,Riots,3,31.9475,35.267
06/13/2020,Palestine,Riots,4,31.9475,35.267
06/20/2020,Palestine,Riots,1,31.9475,35.267
06/27/2020,Palestine,Riots,4,31.9475,35.267
07/04/2020,Palestine,Riots,2,31.9475,35.267
07/11/2020,Palestine,Riots,1,31.9475,35.267
07/18/2020,Palestine,Riots,2,31.9475,35.267
07/25/2020,Palestine,Riots,2,31.9475,35.267
08/01/2020,Palestine,Riots,2,31.9475,35.267
08/15/2020,Palestine,Riots,1,31.9475,35.267
08/22/2020,Palestine,Riots,1,31.9475,35.267
08/29/2020,Palestine,Riots,1,31.9475,35.267
09/05/2020,Palestine,Riots,1,31.9475,35.267
09/19/2020,Palestine,Riots,2,31.9475,35.267
09/26/2020,Palestine,Riots,2,31.9475,35.267
10/03/2020,Palestine,Riots,3,31.9475,35.267
10/10/2020,Palestine,Riots,6,31.9475,35.267
10/24/2020,Palestine,Riots,2,31.9475,35.267
10/31/2020,Palestine,Riots,2,31.9475,35.267
11/07/2020,Palestine,Riots,3,31.9475,35.267
11/14/2020,Palestine,Riots,1,31.9475,35.267
11/21/2020,Palestine,Riots,3,31.9475,35.267
12/05/2020,Palestine,Riots,3,31.9475,35.267
12/12/2020,Palestine,Riots,2,31.9475,35.267
12/19/2020,Palestine,Riots,4,31.9475,35.267
12/26/2020,Palestine,Riots,4,31.9475,35.267
01/02/2021,Palestine,Riots,3,31.9475,35.267
01/09/2021,Palestine,Riots,3,31.9475,35.267
01/16/2021,Palestine,Riots,3,31.9475,35.267
01/23/2021,Palestine,Riots,3,31.9475,35.267
02/06/2021,Palestine,Riots,3,31.9475,35.267
02/20/2021,Palestine,Riots,1,31.9475,35.267
02/27/2021,Palestine,Riots,2,31.9475,35.267
03/06/2021,Palestine,Riots,1,31.9475,35.267
03/13/2021,Palestine,Riots,2,31.9475,35.267
03/20/2021,Palestine,Riots,3,31.9475,35.267
03/27/2021,Palestine,Riots,3,31.9475,35.267
04/03/2021,Palestine,Riots,3,31.9475,35.267
04/10/2021,Palestine,Riots,3,31.9475,35.267
04/17/2021,Palestine,Riots,9,31.9475,35.267
04/24/2021,Palestine,Riots,20,31.9475,35.267
05/01/2021,Palestine,Riots,11,31.9475,35.267
05/08/2021,Palestine,Riots,79,31.9475,35.267
05/15/2021,Palestine,Riots,62,31.9475,35.267
05/22/2021,Palestine,Riots,6,31.9475,35.267
05/29/2021,Palestine,Riots,8,31.9475,35.267
06/05/2021,Palestine,Riots,8,31.9475,35.267
06/12/2021,Palestine,Riots,12,31.9475,35.267
06/19/2021,Palestine,Riots,8,31.9475,35.267
06/26/2021,Palestine,Riots,7,31.9475,35.267
07/03/2021,Palestine,Riots,8,31.9475,35.267
07/10/2021,Palestine,Riots,4,31.9475,35.267
07/17/2021,Palestine,Riots,3,31.9475,35.267
07/24/2021,Palestine,Riots,4,31.9475,35.267
07/31/2021,Palestine,Riots,5,31.9475,35.267
08/07/2021,Palestine,Riots,5,31.9475,35.267
08/14/2021,Palestine,Riots,9,31.9475,35.267
08/21/2021,Palestine,Riots,3,31.9475,35.267
08/28/2021,Palestine,Riots,3,31.9475,35.267
09/04/2021,Palestine,Riots,20,31.9475,35.267
09/11/2021,Palestine,Riots,14,31.9475,35.267
09/18/2021,Palestine,Riots,5,31.9475,35.267
09/25/2021,Palestine,Riots,5,31.9475,35.267
10/02/2021,Palestine,Riots,5,31.9475,35.267
10/09/2021,Palestine,Riots,3,31.9475,35.267
10/16/2021,Palestine,Riots,2,31.9475,35.267
10/23/2021,Palestine,Riots,4,31.9475,35.267
10/30/2021,Palestine,Riots,5,31.9475,35.267
11/06/2021,Palestine,Riots,33,31.9475,35.267
11/13/2021,Palestine,Riots,6,31.9475,35.267
11/20/2021,Palestine,Riots,5,31.9475,35.267
11/27/2021,Palestine,Riots,4,31.9475,35.267
12/04/2021,Palestine,Riots,6,31.9475,35.267
12/11/2021,Palestine,Riots,5,31.9475,35.267
12/18/2021,Palestine,Riots,5,31.9475,35.267
12/25/2021,Palestine,Riots,8,31.9475,35.267
01/01/2022,Palestine,Riots,14,31.9475,35.267
01/08/2022,Palestine,Riots,5,31.9475,35.267
01/15/2022,Palestine,Riots,5,31.9475,35.267
01/22/2022,Palestine,Riots,4,31.9475,35.267
01/29/2022,Palestine,Riots,7,31.9475,35.267
02/05/2022,Palestine,Riots,12,31.9475,35.267
02/12/2022,Palestine,Riots,8,31.9475,35.267
02/19/2022,Palestine,Riots,7,31.9475,35.267
02/26/2022,Palestine,Riots,7,31.9475,35.267
03/05/2022,Palestine,Riots,4,31.9475,35.267
03/12/2022,Palestine,Riots,4,31.9475,35.267
03/19/2022,Palestine,Riots,5,31.9475,35.267
03/26/2022,Palestine,Riots,4,31.9475,35.267
04/02/2022,Palestine,Riots,2,31.9475,35.267
04/09/2022,Palestine,Riots,14,31.9475,35.267
04/16/2022,Palestine,Riots,11,31.9475,35.267
04/23/2022,Palestine,Riots,3,31.9475,35.267
04/30/2022,Palestine,Riots,4,31.9475,35.267
05/07/2022,Palestine,Riots,3,31.9475,35.267
05/14/2022,Palestine,Riots,6,31.9475,35.267
05/21/2022,Palestine,Riots,3,31.9475,35.267
05/28/2022,Palestine,Riots,21,31.9475,35.267
06/04/2022,Palestine,Riots,5,31.9475,35.267
06/11/2022,Palestine,Riots,6,31.9475,35.267
06/18/2022,Palestine,Riots,5,31.9475,35.267
06/25/2022,Palestine,Riots,4,31.9475,35.267
07/02/2022,Palestine,Riots,3,31.9475,35.267
07/09/2022,Palestine,Riots,6,31.9475,35.267
07/16/2022,Palestine,Riots,2,31.9475,35.267
07/23/2022,Palestine,Riots,5,31.9475,35.267
07/30/2022,Palestine,Riots,7,31.9475,35.267
08/06/2022,Palestine,Riots,57,31.9475,35.267
08/13/2022,Palestine,Riots,3,31.9475,35.267
08/20/2022,Palestine,Riots,3,31.9475,35.267
08/27/2022,Palestine,Riots,3,31.9475,35.267
09/03/2022,Palestine,Riots,3,31.9475,35.267
09/10/2022,Palestine,Riots,3,31.9475,35.267
09/17/2022,Palestine,Riots,3,31.9475,35.267
09/24/2022,Palestine,Riots,32,31.9475,35.267
10/01/2022,Palestine,Riots,7,31.9475,35.267
10/08/2022,Palestine,Riots,38,31.9475,35.267
10/15/2022,Palestine,Riots,46,31.9475,35.267
10/22/2022,Palestine,Riots,24,31.9475,35.267
10/29/2022,Palestine,Riots,19,31.9475,35.267
11/05/2022,Palestine,Riots,6,31.9475,35.267
11/12/2022,Palestine,Riots,7,31.9475,35.267
11/19/2022,Palestine,Riots,3,31.9475,35.267
11/26/2022,Palestine,Riots,3,31.9475,35.267
12/03/2022,Palestine,Riots,4,31.9475,35.267
12/10/2022,Palestine,Riots,4,31.9475,35.267
12/17/2022,Palestine,Riots,11,31.9475,35.267
12/24/2022,Palestine,Riots,3,31.9475,35.267
12/31/2022,Palestine,Riots,5,31.9475,35.267
01/07/2023,Palestine,Riots,7,31.9475,35.267
01/14/2023,Palestine,Riots,4,31.9475,35.267
01/21/2023,Palestine,Riots,33,31.9475,35.267
01/28/2023,Palestine,Riots,21,31.9475,35.267
02/04/2023,Palestine,Riots,2,31.9475,35.267
02/11/2023,Palestine,Riots,4,31.9475,35.267
02/18/2023,Palestine,Riots,15,31.9475,35.267
02/25/2023,Palestine,Riots,10,31.9475,35.267
03/04/2023,Palestine,Riots,9,31.9475,35.267
03/11/2023,Palestine,Riots,4,31.9475,35.267
03/18/2023,Palestine,Riots,4,31.9475,35.267
03/25/2023,Palestine,Riots,4,31.9475,35.267
04/01/2023,Palestine,Riots,15,31.9475,35.267
04/08/2023,Palestine,Riots,4,31.9475,35.267
04/15/2023,Palestine,Riots,1,31.9475,35.267
04/22/2023,Palestine,Riots,4,31.9475,35.267
04/29/2023,Palestine,Riots,18,31.9475,35.267
05/06/2023,Palestine,Riots,6,31.9475,35.267
05/13/2023,Palestine,Riots,4,31.9475,35.267
05/20/2023,Palestine,Riots,3,31.9475,35.267
05/27/2023,Palestine,Riots,6,31.9475,35.267
06/03/2023,Palestine,Riots,4,31.9475,35.267
06/10/2023,Palestine,Riots,2,31.9475,35.267
06/17/2023,Palestine,Riots,5,31.9475,35.267
06/24/2023,Palestine,Riots,3,31.9475,35.267
07/01/2023,Palestine,Riots,63,31.9475,35.267
07/08/2023,Palestine,Riots,2,31.9475,35.267
07/15/2023,Palestine,Riots,7,31.9475,35.267
07/22/2023,Palestine,Riots,3,31.9475,35.267
07/29/2023,Palestine,Riots,2,31.9475,35.267
08/05/2023,Palestine,Riots,2,31.9475,35.267
08/12/2023,Palestine,Riots,4,31.9475,35.267
08/19/2023,Palestine,Riots,2,31.9475,35.267
08/26/2023,Palestine,Riots,5,31.9475,35.267
09/02/2023,Palestine,Riots,7,31.9475,35.267
09/09/2023,Palestine,Riots,1,31.9475,35.267
09/16/2023,Palestine,Riots,3,31.9475,35.267
09/23/2023,Palestine,Riots,4,31.9475,35.267
09/30/2023,Palestine,Riots,4,31.9475,35.267
10/07/2023,Palestine,Riots,102,31.9475,35.267
10/14/2023,Palestine,Riots,65,31.9475,35.267
10/21/2023,Palestine,Riots,14,31.9475,35.267
10/28/2023,Palestine,Riots,58,31.9475,35.267
11/04/2023,Palestine,Riots,8,31.9475,35.267
11/11/2023,Palestine,Riots,11,31.9475,35.267
11/18/2023,Palestine,Riots,2,31.9475,35.267
11/25/2023,Palestine,Riots,2,31.9475,35.267
12/02/2023,Palestine,Riots,2,31.9475,35.267
12/09/2023,Palestine,Riots,1,31.9475,35.267
12/16/2023,Palestine,Riots,2,31.9475,35.267
12/30/2023,Palestine,Riots,4,31.9475,35.267
02/03/2024,Palestine,Riots,1,31.9475,35.267
02/10/2024,Palestine,Riots,1,31.9475,35.267
02/17/2024,Palestine,Riots,1,31.9475,35.267
03/16/2024,Palestine,Riots,1,31.9475,35.267
03/23/2024,Palestine,Riots,1,31.9475,35.267
03/30/2024,Palestine,Riots,1,31.9475,35.267
04/20/2024,Palestine,Riots,2,31.9475,35.267
04/27/2024,Palestine,Riots,1,31.9475,35.267
05/11/2024,Palestine,Riots,2,31.9475,35.267
05/18/2024,Palestine,Riots,1,31.9475,35.267
05/25/2024,Palestine,Riots,1,31.9475,35.267
06/01/2024,Palestine,Riots,2,31.9475,35.267
06/15/2024,Palestine,Riots,1,31.9475,35.267
06/22/2024,Palestine,Riots,1,31.9475,35.267
06/29/2024,Palestine,Riots,2,31.9475,35.267
07/13/2024,Palestine,Riots,2,31.9475,35.267
07/20/2024,Palestine,Riots,2,31.9475,35.267
07/27/2024,Palestine,Riots,5,31.9475,35.267
08/03/2024,Palestine,Riots,1,31.9475,35.267
08/10/2024,Palestine,Riots,1,31.9475,35.267
08/17/2024,Palestine,Riots,1,31.9475,35.267
09/07/2024,Palestine,Riots,1,31.9475,35.267
09/14/2024,Palestine,Riots,1,31.9475,35.267
09/28/2024,Palestine,Riots,2,31.9475,35.267
10/05/2024,Palestine,Riots,3,31.9475,35.267
10/12/2024,Palestine,Riots,1,31.9475,35.267
10/19/2024,Palestine,Riots,1,31.9475,35.267
10/26/2024,Palestine,Riots,2,31.9475,35.267
11/23/2024,Palestine,Riots,1,31.9475,35.267
12/07/2024,Palestine,Riots,2,31.9475,35.267
12/14/2024,Palestine,Riots,5,31.9475,35.267
12/28/2024,Palestine,Riots,1,31.9475,35.267
01/04/2025,Palestine,Riots,1,31.9475,35.267
01/11/2025,Palestine,Riots,2,31.9475,35.267
01/25/2025,Palestine,Riots,1,31.9475,35.267
02/08/2025,Palestine,Riots,1,31.9475,35.267
02/15/2025,Palestine,Riots,1,31.9475,35.267
03/08/2025,Palestine,Riots,1,31.9475,35.267
04/05/2025,Palestine,Riots,2,31.9475,35.267
04/12/2025,Palestine,Riots,1,31.9475,35.267
04/19/2025,Palestine,Riots,1,31.9475,35.267
05/10/2025,Palestine,Riots,2,31.9475,35.267
05/17/2025,Palestine,Riots,2,31.9475,35.267
05/24/2025,Palestine,Riots,1,31.9475,35.267
06/28/2025,Palestine,Riots,1,31.9475,35.267
07/05/2025,Palestine,Riots,1,31.9475,35.267
08/30/2025,Palestine,Riots,1,31.9475,35.267
10/04/2025,Palestine,Riots,1,31.9475,35.267
07/18/2020,Palestine,Violence against civilians,1,31.9475,35.267
10/28/2023,Palestine,Violence against civilians,1,31.9475,35.267
03/16/2024,Palestine,Violence against civilians,1,31.9475,35.267
03/30/2024,Palestine,Violence against civilians,1,31.9475,35.267
07/13/2024,Palestine,Violence against civilians,1,31.9475,35.267
08/03/2024,Palestine,Violence against civilians,1,31.9475,35.267
08/17/2024,Palestine,Violence against civilians,1,31.9475,35.267
02/08/2025,Palestine,Violence against civilians,1,31.9475,35.267
04/19/2025,Palestine,Violence against civilians,2,31.9475,35.267
06/21/2025,Palestine,Violence against civilians,1,31.9475,35.267
07/05/2025,Palestine,Violence against civilians,1,31.9475,35.267
01/02/2016,Palestine,Violence against civilians,1,31.9475,35.267
01/09/2016,Palestine,Violence against civilians,1,31.9475,35.267
01/16/2016,Palestine,Violence against civilians,5,31.9475,35.267
01/23/2016,Palestine,Violence against civilians,4,31.9475,35.267
01/30/2016,Palestine,Violence against civilians,3,31.9475,35.267
02/06/2016,Palestine,Violence against civilians,5,31.9475,35.267
02/13/2016,Palestine,Violence against civilians,2,31.9475,35.267
02/20/2016,Palestine,Violence against civilians,1,31.9475,35.267
02/27/2016,Palestine,Violence against civilians,5,31.9475,35.267
03/05/2016,Palestine,Violence against civilians,4,31.9475,35.267
03/12/2016,Palestine,Violence against civilians,1,31.9475,35.267
03/19/2016,Palestine,Violence against civilians,1,31.9475,35.267
04/02/2016,Palestine,Violence against civilians,3,31.9475,35.267
04/09/2016,Palestine,Violence against civilians,2,31.9475,35.267
04/16/2016,Palestine,Violence against civilians,4,31.9475,35.267
04/23/2016,Palestine,Violence against civilians,1,31.9475,35.267
04/30/2016,Palestine,Violence against civilians,5,31.9475,35.267
05/07/2016,Palestine,Violence against civilians,2,31.9475,35.267
05/14/2016,Palestine,Violence against civilians,3,31.9475,35.267
05/21/2016,Palestine,Violence against civilians,2,31.9475,35.267
06/04/2016,Palestine,Violence against civilians,1,31.9475,35.267
06/11/2016,Palestine,Violence against civilians,2,31.9475,35.267
06/18/2016,Palestine,Violence against civilians,4,31.9475,35.267
06/25/2016,Palestine,Violence against civilians,4,31.9475,35.267
07/09/2016,Palestine,Violence against civilians,1,31.9475,35.267
07/16/2016,Palestine,Violence against civilians,4,31.9475,35.267
07/23/2016,Palestine,Violence against civilians,3,31.9475,35.267
07/30/2016,Palestine,Violence against civilians,2,31.9475,35.267
08/06/2016,Palestine,Violence against civilians,5,31.9475,35.267
08/20/2016,Palestine,Violence against civilians,2,31.9475,35.267
08/27/2016,Palestine,Violence against civilians,1,31.9475,35.267
09/03/2016,Palestine,Violence against civilians,2,31.9475,35.267
09/10/2016,Palestine,Violence against civilians,5,31.9475,35.267
09/17/2016,Palestine,Violence against civilians,3,31.9475,35.267
09/24/2016,Palestine,Violence against civilians,3,31.9475,35.267
10/01/2016,Palestine,Violence against civilians,1,31.9475,35.267
10/08/2016,Palestine,Violence against civilians,4,31.9475,35.267
10/15/2016,Palestine,Violence against civilians,3,31.9475,35.267
10/22/2016,Palestine,Violence against civilians,1,31.9475,35.267
10/29/2016,Palestine,Violence against civilians,2,31.9475,35.267
11/05/2016,Palestine,Violence against civilians,4,31.9475,35.267
11/12/2016,Palestine,Violence against civilians,1,31.9475,35.267
11/19/2016,Palestine,Violence against civilians,1,31.9475,35.267
11/26/2016,Palestine,Violence against civilians,2,31.9475,35.267
12/10/2016,Palestine,Violence against civilians,1,31.9475,35.267
12/17/2016,Palestine,Violence against civilians,4,31.9475,35.267
12/24/2016,Palestine,Violence against civilians,1,31.9475,35.267
12/31/2016,Palestine,Violence against civilians,3,31.9475,35.267
01/07/2017,Palestine,Violence against civilians,2,31.9475,35.267
01/14/2017,Palestine,Violence against civilians,1,31.9475,35.267
01/21/2017,Palestine,Violence against civilians,1,31.9475,35.267
01/28/2017,Palestine,Violence against civilians,1,31.9475,35.267
02/04/2017,Palestine,Violence against civilians,3,31.9475,35.267
02/11/2017,Palestine,Violence against civilians,2,31.9475,35.267
02/18/2017,Palestine,Violence against civilians,3,31.9475,35.267
02/25/2017,Palestine,Violence against civilians,4,31.9475,35.267
03/04/2017,Palestine,Violence against civilians,3,31.9475,35.267
03/11/2017,Palestine,Violence against civilians,3,31.9475,35.267
03/18/2017,Palestine,Violence against civilians,3,31.9475,35.267
03/25/2017,Palestine,Violence against civilians,2,31.9475,35.267
04/01/2017,Palestine,Violence against civilians,1,31.9475,35.267
04/15/2017,Palestine,Violence against civilians,3,31.9475,35.267
04/22/2017,Palestine,Violence against civilians,3,31.9475,35.267
04/29/2017,Palestine,Violence against civilians,4,31.9475,35.267
05/20/2017,Palestine,Violence against civilians,2,31.9475,35.267
05/27/2017,Palestine,Violence against civilians,1,31.9475,35.267
06/03/2017,Palestine,Violence against civilians,2,31.9475,35.267
06/10/2017,Palestine,Violence against civilians,1,31.9475,35.267
06/17/2017,Palestine,Violence against civilians,1,31.9475,35.267
06/24/2017,Palestine,Violence against civilians,1,31.9475,35.267
07/01/2017,Palestine,Violence against civilians,3,31.9475,35.267
07/08/2017,Palestine,Violence against civilians,1,31.9475,35.267
07/15/2017,Palestine,Violence against civilians,3,31.9475,35.267
07/22/2017,Palestine,Violence against civilians,1,31.9475,35.267
07/29/2017,Palestine,Violence against civilians,3,31.9475,35.267
08/05/2017,Palestine,Violence against civilians,2,31.9475,35.267
08/12/2017,Palestine,Violence against civilians,2,31.9475,35.267
08/19/2017,Palestine,Violence against civilians,1,31.9475,35.267
08/26/2017,Palestine,Violence against civilians,3,31.9475,35.267
09/02/2017,Palestine,Violence against civilians,2,31.9475,35.267
09/09/2017,Palestine,Violence against civilians,1,31.9475,35.267
09/16/2017,Palestine,Violence against civilians,2,31.9475,35.267
09/23/2017,Palestine,Violence against civilians,1,31.9475,35.267
09/30/2017,Palestine,Violence against civilians,1,31.9475,35.267
10/14/2017,Palestine,Violence against civilians,1,31.9475,35.267
10/21/2017,Palestine,Violence against civilians,3,31.9475,35.267
10/28/2017,Palestine,Violence against civilians,3,31.9475,35.267
11/04/2017,Palestine,Violence against civilians,1,31.9475,35.267
11/11/2017,Palestine,Violence against civilians,2,31.9475,35.267
11/18/2017,Palestine,Violence against civilians,1,31.9475,35.267
11/25/2017,Palestine,Violence against civilians,2,31.9475,35.267
12/02/2017,Palestine,Violence against civilians,4,31.9475,35.267
12/09/2017,Palestine,Violence against civilians,3,31.9475,35.267
12/23/2017,Palestine,Violence against civilians,1,31.9475,35.267
12/30/2017,Palestine,Violence against civilians,2,31.9475,35.267
01/06/2018,Palestine,Violence against civilians,7,31.9475,35.267
01/13/2018,Palestine,Violence against civilians,2,31.9475,35.267
01/20/2018,Palestine,Violence against civilians,6,31.9475,35.267
01/27/2018,Palestine,Violence against civilians,6,31.9475,35.267
02/03/2018,Palestine,Violence against civilians,4,31.9475,35.267
02/10/2018,Palestine,Violence against civilians,5,31.9475,35.267
02/17/2018,Palestine,Violence against civilians,6,31.9475,35.267
02/24/2018,Palestine,Violence against civilians,4,31.9475,35.267
03/03/2018,Palestine,Violence against civilians,2,31.9475,35.267
03/10/2018,Palestine,Violence against civilians,5,31.9475,35.267
03/17/2018,Palestine,Violence against civilians,1,31.9475,35.267
03/24/2018,Palestine,Violence against civilians,5,31.9475,35.267
03/31/2018,Palestine,Violence against civilians,6,31.9475,35.267
04/07/2018,Palestine,Violence against civilians,4,31.9475,35.267
04/14/2018,Palestine,Violence against civilians,7,31.9475,35.267
04/21/2018,Palestine,Violence against civilians,1,31.9475,35.267
04/28/2018,Palestine,Violence against civilians,2,31.9475,35.267
05/05/2018,Palestine,Violence against civilians,2,31.9475,35.267
05/12/2018,Palestine,Violence against civilians,3,31.9475,35.267
05/19/2018,Palestine,Violence against civilians,2,31.9475,35.267
05/26/2018,Palestine,Violence against civilians,7,31.9475,35.267
06/02/2018,Palestine,Violence against civilians,4,31.9475,35.267
06/09/2018,Palestine,Violence against civilians,4,31.9475,35.267
06/16/2018,Palestine,Violence against civilians,1,31.9475,35.267
06/23/2018,Palestine,Violence against civilians,5,31.9475,35.267
06/30/2018,Palestine,Violence against civilians,2,31.9475,35.267
07/07/2018,Palestine,Violence against civilians,1,31.9475,35.267
07/14/2018,Palestine,Violence against civilians,2,31.9475,35.267
07/21/2018,Palestine,Violence against civilians,3,31.9475,35.267
07/28/2018,Palestine,Violence against civilians,1,31.9475,35.267
08/04/2018,Palestine,Violence against civilians,5,31.9475,35.267
08/18/2018,Palestine,Violence against civilians,2,31.9475,35.267
08/25/2018,Palestine,Violence against civilians,4,31.9475,35.267
09/01/2018,Palestine,Violence against civilians,2,31.9475,35.267
09/08/2018,Palestine,Violence against civilians,3,31.9475,35.267
09/15/2018,Palestine,Violence against civilians,5,31.9475,35.267
09/22/2018,Palestine,Violence against civilians,1,31.9475,35.267
09/29/2018,Palestine,Violence against civilians,4,31.9475,35.267
10/06/2018,Palestine,Violence against civilians,2,31.9475,35.267
10/13/2018,Palestine,Violence against civilians,4,31.9475,35.267
10/20/2018,Palestine,Violence against civilians,1,31.9475,35.267
10/27/2018,Palestine,Violence against civilians,4,31.9475,35.267
11/03/2018,Palestine,Violence against civilians,9,31.9475,35.267
11/10/2018,Palestine,Violence against civilians,2,31.9475,35.267
11/17/2018,Palestine,Violence against civilians,3,31.9475,35.267
11/24/2018,Palestine,Violence against civilians,1,31.9475,35.267
12/01/2018,Palestine,Violence against civilians,2,31.9475,35.267
12/08/2018,Palestine,Violence against civilians,9,31.9475,35.267
12/15/2018,Palestine,Violence against civilians,9,31.9475,35.267
12/22/2018,Palestine,Violence against civilians,4,31.9475,35.267
12/29/2018,Palestine,Violence against civilians,1,31.9475,35.267
01/05/2019,Palestine,Violence against civilians,5,31.9475,35.267
01/12/2019,Palestine,Violence against civilians,4,31.9475,35.267
01/19/2019,Palestine,Violence against civilians,4,31.9475,35.267
01/26/2019,Palestine,Violence against civilians,10,31.9475,35.267
02/02/2019,Palestine,Violence against civilians,3,31.9475,35.267
02/09/2019,Palestine,Violence against civilians,7,31.9475,35.267
02/16/2019,Palestine,Violence against civilians,7,31.9475,35.267
02/23/2019,Palestine,Violence against civilians,8,31.9475,35.267
03/09/2019,Palestine,Violence against civilians,9,31.9475,35.267
03/16/2019,Palestine,Violence against civilians,7,31.9475,35.267
03/23/2019,Palestine,Violence against civilians,5,31.9475,35.267
03/30/2019,Palestine,Violence against civilians,2,31.9475,35.267
04/06/2019,Palestine,Violence against civilians,8,31.9475,35.267
04/13/2019,Palestine,Violence against civilians,6,31.9475,35.267
04/20/2019,Palestine,Violence against civilians,5,31.9475,35.267
04/27/2019,Palestine,Violence against civilians,8,31.9475,35.267
05/04/2019,Palestine,Violence against civilians,9,31.9475,35.267
05/11/2019,Palestine,Violence against civilians,5,31.9475,35.267
05/18/2019,Palestine,Violence against civilians,6,31.9475,35.267
05/25/2019,Palestine,Violence against civilians,5,31.9475,35.267
06/01/2019,Palestine,Violence against civilians,6,31.9475,35.267
06/08/2019,Palestine,Violence against civilians,5,31.9475,35.267
06/15/2019,Palestine,Violence against civilians,5,31.9475,35.267
06/22/2019,Palestine,Violence against civilians,2,31.9475,35.267
06/29/2019,Palestine,Violence against civilians,3,31.9475,35.267
07/06/2019,Palestine,Violence against civilians,2,31.9475,35.267
07/13/2019,Palestine,Violence against civilians,3,31.9475,35.267
07/20/2019,Palestine,Violence against civilians,2,31.9475,35.267
07/27/2019,Palestine,Violence against civilians,3,31.9475,35.267
08/03/2019,Palestine,Violence against civilians,6,31.9475,35.267
08/10/2019,Palestine,Violence against civilians,5,31.9475,35.267
08/17/2019,Palestine,Violence against civilians,5,31.9475,35.267
08/24/2019,Palestine,Violence against civilians,2,31.9475,35.267
08/31/2019,Palestine,Violence against civilians,2,31.9475,35.267
09/07/2019,Palestine,Violence against civilians,4,31.9475,35.267
09/14/2019,Palestine,Violence against civilians,6,31.9475,35.267
09/21/2019,Palestine,Violence against civilians,4,31.9475,35.267
09/28/2019,Palestine,Violence against civilians,5,31.9475,35.267
10/05/2019,Palestine,Violence against civilians,11,31.9475,35.267
10/12/2019,Palestine,Violence against civilians,5,31.9475,35.267
10/19/2019,Palestine,Violence against civilians,14,31.9475,35.267
10/26/2019,Palestine,Violence against civilians,3,31.9475,35.267
11/02/2019,Palestine,Violence against civilians,7,31.9475,35.267
11/09/2019,Palestine,Violence against civilians,1,31.9475,35.267
11/16/2019,Palestine,Violence against civilians,5,31.9475,35.267
11/23/2019,Palestine,Violence against civilians,3,31.9475,35.267
11/30/2019,Palestine,Violence against civilians,6,31.9475,35.267
12/07/2019,Palestine,Violence against civilians,6,31.9475,35.267
12/14/2019,Palestine,Violence against civilians,6,31.9475,35.267
12/21/2019,Palestine,Violence against civilians,1,31.9475,35.267
12/28/2019,Palestine,Violence against civilians,9,31.9475,35.267
01/11/2020,Palestine,Violence against civilians,4,31.9475,35.267
01/18/2020,Palestine,Violence against civilians,5,31.9475,35.267
01/25/2020,Palestine,Violence against civilians,4,31.9475,35.267
02/01/2020,Palestine,Violence against civilians,6,31.9475,35.267
02/08/2020,Palestine,Violence against civilians,3,31.9475,35.267
02/15/2020,Palestine,Violence against civilians,6,31.9475,35.267
02/22/2020,Palestine,Violence against civilians,3,31.9475,35.267
02/29/2020,Palestine,Violence against civilians,8,31.9475,35.267
03/07/2020,Palestine,Violence against civilians,5,31.9475,35.267
03/14/2020,Palestine,Violence against civilians,4,31.9475,35.267
03/21/2020,Palestine,Violence against civilians,8,31.9475,35.267
03/28/2020,Palestine,Violence against civilians,10,31.9475,35.267
04/04/2020,Palestine,Violence against civilians,7,31.9475,35.267
04/11/2020,Palestine,Violence against civilians,1,31.9475,35.267
04/18/2020,Palestine,Violence against civilians,10,31.9475,35.267
04/25/2020,Palestine,Violence against civilians,5,31.9475,35.267
05/02/2020,Palestine,Violence against civilians,6,31.9475,35.267
05/09/2020,Palestine,Violence against civilians,11,31.9475,35.267
05/16/2020,Palestine,Violence against civilians,8,31.9475,35.267
05/23/2020,Palestine,Violence against civilians,6,31.9475,35.267
05/30/2020,Palestine,Violence against civilians,7,31.9475,35.267
06/06/2020,Palestine,Violence against civilians,7,31.9475,35.267
06/13/2020,Palestine,Violence against civilians,1,31.9475,35.267
06/20/2020,Palestine,Violence against civilians,6,31.9475,35.267
06/27/2020,Palestine,Violence against civilians,3,31.9475,35.267
07/04/2020,Palestine,Violence against civilians,7,31.9475,35.267
07/11/2020,Palestine,Violence against civilians,2,31.9475,35.267
07/18/2020,Palestine,Violence against civilians,4,31.9475,35.267
07/25/2020,Palestine,Violence against civilians,3,31.9475,35.267
08/01/2020,Palestine,Violence against civilians,4,31.9475,35.267
08/08/2020,Palestine,Violence against civilians,4,31.9475,35.267
08/15/2020,Palestine,Violence against civilians,7,31.9475,35.267
08/22/2020,Palestine,Violence against civilians,5,31.9475,35.267
08/29/2020,Palestine,Violence against civilians,4,31.9475,35.267
09/05/2020,Palestine,Violence against civilians,5,31.9475,35.267
09/12/2020,Palestine,Violence against civilians,3,31.9475,35.267
09/19/2020,Palestine,Violence against civilians,2,31.9475,35.267
09/26/2020,Palestine,Violence against civilians,6,31.9475,35.267
10/03/2020,Palestine,Violence against civilians,11,31.9475,35.267
10/10/2020,Palestine,Violence against civilians,2,31.9475,35.267
10/17/2020,Palestine,Violence against civilians,4,31.9475,35.267
10/24/2020,Palestine,Violence against civilians,11,31.9475,35.267
10/31/2020,Palestine,Violence against civilians,5,31.9475,35.267
11/07/2020,Palestine,Violence against civilians,6,31.9475,35.267
11/14/2020,Palestine,Violence against civilians,6,31.9475,35.267
11/21/2020,Palestine,Violence against civilians,9,31.9475,35.267
11/28/2020,Palestine,Violence against civilians,7,31.9475,35.267
12/05/2020,Palestine,Violence against civilians,5,31.9475,35.267
12/12/2020,Palestine,Violence against civilians,4,31.9475,35.267
12/19/2020,Palestine,Violence against civilians,9,31.9475,35.267
12/26/2020,Palestine,Violence against civilians,4,31.9475,35.267
01/02/2021,Palestine,Violence against civilians,7,31.9475,35.267
01/09/2021,Palestine,Violence against civilians,5,31.9475,35.267
01/16/2021,Palestine,Violence against civilians,3,31.9475,35.267
01/23/2021,Palestine,Violence against civilians,7,31.9475,35.267
01/30/2021,Palestine,Violence against civilians,6,31.9475,35.267
02/06/2021,Palestine,Violence against civilians,11,31.9475,35.267
02/13/2021,Palestine,Violence against civilians,5,31.9475,35.267
02/20/2021,Palestine,Violence against civilians,5,31.9475,35.267
02/27/2021,Palestine,Violence against civilians,6,31.9475,35.267
03/06/2021,Palestine,Violence against civilians,9,31.9475,35.267
03/13/2021,Palestine,Violence against civilians,10,31.9475,35.267
03/20/2021,Palestine,Violence against civilians,5,31.9475,35.267
03/27/2021,Palestine,Violence against civilians,7,31.9475,35.267
04/03/2021,Palestine,Violence against civilians,6,31.9475,35.267
04/10/2021,Palestine,Violence against civilians,6,31.9475,35.267
04/17/2021,Palestine,Violence against civilians,9,31.9475,35.267
04/24/2021,Palestine,Violence against civilians,11,31.9475,35.267
05/01/2021,Palestine,Violence against civilians,9,31.9475,35.267
05/08/2021,Palestine,Violence against civilians,39,31.9475,35.267
05/15/2021,Palestine,Violence against civilians,18,31.9475,35.267
05/22/2021,Palestine,Violence against civilians,15,31.9475,35.267
05/29/2021,Palestine,Violence against civilians,10,31.9475,35.267
06/05/2021,Palestine,Violence against civilians,4,31.9475,35.267
06/12/2021,Palestine,Violence against civilians,6,31.9475,35.267
06/19/2021,Palestine,Violence against civilians,7,31.9475,35.267
06/26/2021,Palestine,Violence against civilians,8,31.9475,35.267
07/03/2021,Palestine,Violence against civilians,8,31.9475,35.267
07/10/2021,Palestine,Violence against civilians,4,31.9475,35.267
07/17/2021,Palestine,Violence against civilians,2,31.9475,35.267
07/24/2021,Palestine,Violence against civilians,5,31.9475,35.267
07/31/2021,Palestine,Violence against civilians,5,31.9475,35.267
08/07/2021,Palestine,Violence against civilians,5,31.9475,35.267
08/14/2021,Palestine,Violence against civilians,4,31.9475,35.267
08/21/2021,Palestine,Violence against civilians,6,31.9475,35.267
08/28/2021,Palestine,Violence against civilians,8,31.9475,35.267
09/04/2021,Palestine,Violence against civilians,2,31.9475,35.267
09/11/2021,Palestine,Violence against civilians,4,31.9475,35.267
09/18/2021,Palestine,Violence against civilians,7,31.9475,35.267
09/25/2021,Palestine,Violence against civilians,9,31.9475,35.267
10/02/2021,Palestine,Violence against civilians,1,31.9475,35.267
10/09/2021,Palestine,Violence against civilians,8,31.9475,35.267
10/16/2021,Palestine,Violence against civilians,9,31.9475,35.267
10/23/2021,Palestine,Violence against civilians,4,31.9475,35.267
10/30/2021,Palestine,Violence against civilians,9,31.9475,35.267
11/06/2021,Palestine,Violence against civilians,4,31.9475,35.267
11/13/2021,Palestine,Violence against civilians,5,31.9475,35.267
11/20/2021,Palestine,Violence against civilians,8,31.9475,35.267
11/27/2021,Palestine,Violence against civilians,3,31.9475,35.267
12/04/2021,Palestine,Violence against civilians,1,31.9475,35.267
12/11/2021,Palestine,Violence against civilians,10,31.9475,35.267
12/18/2021,Palestine,Violence against civilians,6,31.9475,35.267
12/25/2021,Palestine,Violence against civilians,5,31.9475,35.267
01/01/2022,Palestine,Violence against civilians,2,31.9475,35.267
01/08/2022,Palestine,Violence against civilians,6,31.9475,35.267
01/15/2022,Palestine,Violence against civilians,4,31.9475,35.267
01/29/2022,Palestine,Violence against civilians,6,31.9475,35.267
02/05/2022,Palestine,Violence against civilians,2,31.9475,35.267
02/12/2022,Palestine,Violence against civilians,6,31.9475,35.267
02/19/2022,Palestine,Violence against civilians,2,31.9475,35.267
02/26/2022,Palestine,Violence against civilians,6,31.9475,35.267
03/05/2022,Palestine,Violence against civilians,5,31.9475,35.267
03/12/2022,Palestine,Violence against civilians,4,31.9475,35.267
03/19/2022,Palestine,Violence against civilians,3,31.9475,35.267
03/26/2022,Palestine,Violence against civilians,7,31.9475,35.267
04/02/2022,Palestine,Violence against civilians,21,31.9475,35.267
04/09/2022,Palestine,Violence against civilians,15,31.9475,35.267
04/16/2022,Palestine,Violence against civilians,17,31.9475,35.267
04/23/2022,Palestine,Violence against civilians,5,31.9475,35.267
04/30/2022,Palestine,Violence against civilians,3,31.9475,35.267
05/07/2022,Palestine,Violence against civilians,9,31.9475,35.267
05/14/2022,Palestine,Violence against civilians,1,31.9475,35.267
05/21/2022,Palestine,Violence against civilians,10,31.9475,35.267
05/28/2022,Palestine,Violence against civilians,7,31.9475,35.267
06/04/2022,Palestine,Violence against civilians,8,31.9475,35.267
06/11/2022,Palestine,Violence against civilians,4,31.9475,35.267
06/18/2022,Palestine,Violence against civilians,7,31.9475,35.267
06/25/2022,Palestine,Violence against civilians,5,31.9475,35.267
07/02/2022,Palestine,Violence against civilians,5,31.9475,35.267
07/09/2022,Palestine,Violence against civilians,7,31.9475,35.267
07/16/2022,Palestine,Violence against civilians,7,31.9475,35.267
07/23/2022,Palestine,Violence against civilians,4,31.9475,35.267
07/30/2022,Palestine,Violence against civilians,6,31.9475,35.267
08/06/2022,Palestine,Violence against civilians,3,31.9475,35.267
08/13/2022,Palestine,Violence against civilians,3,31.9475,35.267
08/20/2022,Palestine,Violence against civilians,4,31.9475,35.267
08/27/2022,Palestine,Violence against civilians,7,31.9475,35.267
09/03/2022,Palestine,Violence against civilians,5,31.9475,35.267
09/10/2022,Palestine,Violence against civilians,7,31.9475,35.267
09/17/2022,Palestine,Violence against civilians,9,31.9475,35.267
09/24/2022,Palestine,Violence against civilians,10,31.9475,35.267
10/01/2022,Palestine,Violence against civilians,5,31.9475,35.267
10/08/2022,Palestine,Violence against civilians,15,31.9475,35.267
10/15/2022,Palestine,Violence against civilians,15,31.9475,35.267
10/22/2022,Palestine,Violence against civilians,9,31.9475,35.267
10/29/2022,Palestine,Violence against civilians,6,31.9475,35.267
11/05/2022,Palestine,Violence against civilians,4,31.9475,35.267
11/12/2022,Palestine,Violence against civilians,7,31.9475,35.267
11/19/2022,Palestine,Violence against civilians,3,31.9475,35.267
11/26/2022,Palestine,Violence against civilians,6,31.9475,35.267
12/03/2022,Palestine,Violence against civilians,10,31.9475,35.267
12/10/2022,Palestine,Violence against civilians,7,31.9475,35.267
12/17/2022,Palestine,Violence against civilians,6,31.9475,35.267
12/24/2022,Palestine,Violence against civilians,5,31.9475,35.267
12/31/2022,Palestine,Violence against civilians,7,31.9475,35.267
01/07/2023,Palestine,Violence against civilians,8,31.9475,35.267
01/14/2023,Palestine,Violence against civilians,13,31.9475,35.267
01/21/2023,Palestine,Violence against civilians,13,31.9475,35.267
01/28/2023,Palestine,Violence against civilians,15,31.9475,35.267
02/04/2023,Palestine,Violence against civilians,10,31.9475,35.267
02/11/2023,Palestine,Violence against civilians,3,31.9475,35.267
02/18/2023,Palestine,Violence against civilians,7,31.9475,35.267
02/25/2023,Palestine,Violence against civilians,13,31.9475,35.267
03/04/2023,Palestine,Violence against civilians,8,31.9475,35.267
03/11/2023,Palestine,Violence against civilians,9,31.9475,35.267
03/18/2023,Palestine,Violence against civilians,12,31.9475,35.267
03/25/2023,Palestine,Violence against civilians,11,31.9475,35.267
04/01/2023,Palestine,Violence against civilians,14,31.9475,35.267
04/08/2023,Palestine,Violence against civilians,8,31.9475,35.267
04/15/2023,Palestine,Violence against civilians,11,31.9475,35.267
04/22/2023,Palestine,Violence against civilians,8,31.9475,35.267
04/29/2023,Palestine,Violence against civilians,14,31.9475,35.267
05/06/2023,Palestine,Violence against civilians,3,31.9475,35.267
05/13/2023,Palestine,Violence against civilians,5,31.9475,35.267
05/20/2023,Palestine,Violence against civilians,7,31.9475,35.267
05/27/2023,Palestine,Violence against civilians,11,31.9475,35.267
06/03/2023,Palestine,Violence against civilians,8,31.9475,35.267
06/10/2023,Palestine,Violence against civilians,5,31.9475,35.267
06/17/2023,Palestine,Violence against civilians,4,31.9475,35.267
06/24/2023,Palestine,Violence against civilians,3,31.9475,35.267
07/01/2023,Palestine,Violence against civilians,12,31.9475,35.267
07/08/2023,Palestine,Violence against civilians,13,31.9475,35.267
07/15/2023,Palestine,Violence against civilians,15,31.9475,35.267
07/22/2023,Palestine,Violence against civilians,4,31.9475,35.267
07/29/2023,Palestine,Violence against civilians,6,31.9475,35.267
08/05/2023,Palestine,Violence against civilians,7,31.9475,35.267
08/12/2023,Palestine,Violence against civilians,5,31.9475,35.267
08/19/2023,Palestine,Violence against civilians,10,31.9475,35.267
08/26/2023,Palestine,Violence against civilians,7,31.9475,35.267
09/02/2023,Palestine,Violence against civilians,10,31.9475,35.267
09/09/2023,Palestine,Violence against civilians,12,31.9475,35.267
09/16/2023,Palestine,Violence against civilians,11,31.9475,35.267
09/23/2023,Palestine,Violence against civilians,5,31.9475,35.267
09/30/2023,Palestine,Violence against civilians,16,31.9475,35.267
10/07/2023,Palestine,Violence against civilians,91,31.9475,35.267
10/14/2023,Palestine,Violence against civilians,53,31.9475,35.267
10/21/2023,Palestine,Violence against civilians,49,31.9475,35.267
10/28/2023,Palestine,Violence against civilians,38,31.9475,35.267
11/04/2023,Palestine,Violence against civilians,33,31.9475,35.267
11/11/2023,Palestine,Violence against civilians,33,31.9475,35.267
11/18/2023,Palestine,Violence against civilians,27,31.9475,35.267
11/25/2023,Palestine,Violence against civilians,22,31.9475,35.267
12/02/2023,Palestine,Violence against civilians,20,31.9475,35.267
12/09/2023,Palestine,Violence against civilians,21,31.9475,35.267
12/16/2023,Palestine,Violence against civilians,11,31.9475,35.267
12/23/2023,Palestine,Violence against civilians,21,31.9475,35.267
12/30/2023,Palestine,Violence against civilians,17,31.9475,35.267
01/06/2024,Palestine,Violence against civilians,24,31.9475,35.267
01/13/2024,Palestine,Violence against civilians,22,31.9475,35.267
01/20/2024,Palestine,Violence against civilians,25,31.9475,35.267
01/27/2024,Palestine,Violence against civilians,16,31.9475,35.267
02/03/2024,Palestine,Violence against civilians,11,31.9475,35.267
02/10/2024,Palestine,Violence against civilians,20,31.9475,35.267
02/17/2024,Palestine,Violence against civilians,14,31.9475,35.267
02/24/2024,Palestine,Violence against civilians,19,31.9475,35.267
03/02/2024,Palestine,Violence against civilians,28,31.9475,35.267
03/09/2024,Palestine,Violence against civilians,22,31.9475,35.267
03/16/2024,Palestine,Violence against civilians,15,31.9475,35.267
03/23/2024,Palestine,Violence against civilians,15,31.9475,35.267
03/30/2024,Palestine,Violence against civilians,14,31.9475,35.267
04/06/2024,Palestine,Violence against civilians,13,31.9475,35.267
04/13/2024,Palestine,Violence against civilians,23,31.9475,35.267
04/20/2024,Palestine,Violence against civilians,21,31.9475,35.267
04/27/2024,Palestine,Violence against civilians,13,31.9475,35.267
05/04/2024,Palestine,Violence against civilians,10,31.9475,35.267
05/11/2024,Palestine,Violence against civilians,14,31.9475,35.267
05/18/2024,Palestine,Violence against civilians,14,31.9475,35.267
05/25/2024,Palestine,Violence against civilians,23,31.9475,35.267
06/01/2024,Palestine,Violence against civilians,10,31.9475,35.267
06/08/2024,Palestine,Violence against civilians,13,31.9475,35.267
06/15/2024,Palestine,Violence against civilians,9,31.9475,35.267
06/22/2024,Palestine,Violence against civilians,22,31.9475,35.267
06/29/2024,Palestine,Violence against civilians,14,31.9475,35.267
07/06/2024,Palestine,Violence against civilians,18,31.9475,35.267
07/13/2024,Palestine,Violence against civilians,18,31.9475,35.267
07/20/2024,Palestine,Violence against civilians,24,31.9475,35.267
07/27/2024,Palestine,Violence against civilians,22,31.9475,35.267
08/03/2024,Palestine,Violence against civilians,18,31.9475,35.267
08/10/2024,Palestine,Violence against civilians,22,31.9475,35.267
08/17/2024,Palestine,Violence against civilians,11,31.9475,35.267
08/24/2024,Palestine,Violence against civilians,22,31.9475,35.267
08/31/2024,Palestine,Violence against civilians,23,31.9475,35.267
09/07/2024,Palestine,Violence against civilians,20,31.9475,35.267
09/14/2024,Palestine,Violence against civilians,21,31.9475,35.267
09/21/2024,Palestine,Violence against civilians,19,31.9475,35.267
09/28/2024,Palestine,Violence against civilians,28,31.9475,35.267
10/05/2024,Palestine,Violence against civilians,30,31.9475,35.267
10/12/2024,Palestine,Violence against civilians,32,31.9475,35.267
10/19/2024,Palestine,Violence against civilians,24,31.9475,35.267
10/26/2024,Palestine,Violence against civilians,26,31.9475,35.267
11/02/2024,Palestine,Violence against civilians,21,31.9475,35.267
11/09/2024,Palestine,Violence against civilians,19,31.9475,35.267
11/16/2024,Palestine,Violence against civilians,10,31.9475,35.267
11/23/2024,Palestine,Violence against civilians,14,31.9475,35.267
11/30/2024,Palestine,Violence against civilians,14,31.9475,35.267
12/07/2024,Palestine,Violence against civilians,9,31.9475,35.267
12/14/2024,Palestine,Violence against civilians,8,31.9475,35.267
12/21/2024,Palestine,Violence against civilians,9,31.9475,35.267
12/28/2024,Palestine,Violence against civilians,14,31.9475,35.267
01/04/2025,Palestine,Violence against civilians,16,31.9475,35.267
01/11/2025,Palestine,Violence against civilians,17,31.9475,35.267
01/18/2025,Palestine,Violence against civilians,19,31.9475,35.267
01/25/2025,Palestine,Violence against civilians,16,31.9475,35.267
02/01/2025,Palestine,Violence against civilians,17,31.9475,35.267
02/08/2025,Palestine,Violence against civilians,26,31.9475,35.267
02/15/2025,Palestine,Violence against civilians,44,31.9475,35.267
02/22/2025,Palestine,Violence against civilians,43,31.9475,35.267
03/01/2025,Palestine,Violence against civilians,35,31.9475,35.267
03/08/2025,Palestine,Violence against civilians,30,31.9475,35.267
03/15/2025,Palestine,Violence against civilians,31,31.9475,35.267
03/22/2025,Palestine,Violence against civilians,32,31.9475,35.267
03/29/2025,Palestine,Violence against civilians,35,31.9475,35.267
04/05/2025,Palestine,Violence against civilians,27,31.9475,35.267
04/12/2025,Palestine,Violence against civilians,26,31.9475,35.267
04/19/2025,Palestine,Violence against civilians,42,31.9475,35.267
04/26/2025,Palestine,Violence against civilians,30,31.9475,35.267
05/03/2025,Palestine,Violence against civilians,34,31.9475,35.267
05/10/2025,Palestine,Violence against civilians,32,31.9475,35.267
05/17/2025,Palestine,Violence against civilians,39,31.9475,35.267
05/24/2025,Palestine,Violence against civilians,25,31.9475,35.267
05/31/2025,Palestine,Violence against civilians,26,31.9475,35.267
06/07/2025,Palestine,Violence against civilians,35,31.9475,35.267
06/14/2025,Palestine,Violence against civilians,46,31.9475,35.267
06/21/2025,Palestine,Violence against civilians,31,31.9475,35.267
06/28/2025,Palestine,Violence against civilians,30,31.9475,35.267
07/05/2025,Palestine,Violence against civilians,26,31.9475,35.267
07/12/2025,Palestine,Violence against civilians,36,31.9475,35.267
07/19/2025,Palestine,Violence against civilians,34,31.9475,35.267
07/26/2025,Palestine,Violence against civilians,35,31.9475,35.267
08/02/2025,Palestine,Violence against civilians,28,31.9475,35.267
08/09/2025,Palestine,Violence against civilians,32,31.9475,35.267
08/16/2025,Palestine,Violence against civilians,37,31.9475,35.267
08/23/2025,Palestine,Violence against civilians,35,31.9475,35.267
08/30/2025,Palestine,Violence against civilians,31,31.9475,35.267
09/06/2025,Palestine,Violence against civilians,38,31.9475,35.267
09/13/2025,Palestine,Violence against civilians,37,31.9475,35.267
09/20/2025,Palestine,Violence against civilians,38,31.9475,35.267
09/27/2025,Palestine,Violence against civilians,44,31.9475,35.267
10/04/2025,Palestine,Violence against civilians,43,31.9475,35.267
10/11/2025,Palestine,Violence against civilians,59,31.9475,35.267
10/18/2025,Palestine,Violence against civilians,34,31.9475,35.267
10/07/2023,Palestine,Violence against civilians,1,31.9475,35.267
