COUNTRY,EVENT_TYPE,EVENTS
Akrotiri and Dhekelia,Riots,1
Albania,Riots,1
Albania,Riots,1
Albania,Riots,1
Albania,Riots,2
Albania,Riots,1
Albania,Riots,1
Albania,Riots,1
Albania,Violence against civilians,1
Albania,Explosions/Remote violence,1
Albania,Riots,2
Albania,Riots,1
Albania,Riots,1
Albania,Riots,1
Albania,Violence against civilians,1
Albania,Violence against civilians,1
Albania,Riots,1
Albania,Riots,1
Albania,Riots,2
Albania,Riots,1
Albania,Riots,1
Albania,Riots,1
Albania,Riots,1
Albania,Riots,1
Albania,Violence against civilians,1
Albania,Riots,1
Albania,Riots,2
Albania,Riots,1
Albania,Riots,1
Albania,Riots,1
Albania,Violence against civilians,1
Albania,Violence against civilians,1
Albania,Riots,1
Albania,Riots,1
Albania,Riots,1
Albania,Riots,1
Albania,Riots,1
Albania,Violence against civilians,1
Albania,Riots,1
Albania,Riots,1
Albania,Riots,1
Albania,Riots,1
Albania,Riots,1
Albania,Violence against civilians,1
Albania,Riots,2
Albania,Riots,1
Albania,Riots,1
Albania,Riots,1
Albania,Explosions/Remote violence,1
Albania,Riots,1
Albania,Riots,1
Albania,Riots,1
Albania,Violence against civilians,1
Albania,Violence against civilians,1
Albania,Violence against civilians,1
Albania,Explosions/Remote violence,1
Albania,Riots,1
Albania,Riots,1
Albania,Riots,1
Albania,Riots,1
Albania,Riots,1
Albania,Riots,1
Albania,Riots,1
Albania,Riots,1
Albania,Riots,1
Albania,Riots,1
Albania,Riots,1
Albania,Riots,1
Albania,Violence against civilians,1
Albania,Explosions/Remote violence,3
Albania,Explosions/Remote violence,1
Albania,Explosions/Remote violence,1
Albania,Riots,1
Albania,Riots,1
Albania,Riots,2
Albania,Riots,1
Albania,Riots,1
Albania,Riots,1
Albania,Riots,2
Albania,Riots,1
Albania,Riots,1
Albania,Riots,1
Albania,Riots,1
Albania,Riots,1
Albania,Riots,1
Albania,Riots,1
Albania,Riots,1
Albania,Riots,1
Albania,Riots,1
Albania,Riots,1
Albania,Riots,1
Albania,Riots,1
Albania,Riots,3
Albania,Riots,2
Albania,Riots,2
Albania,Riots,1
Albania,Riots,1
Albania,Riots,3
Albania,Riots,7
Albania,Riots,4
Albania,Riots,4
Albania,Riots,3
Albania,Riots,2
Albania,Riots,1
Albania,Riots,1
Albania,Riots,1
Albania,Riots,1
Albania,Riots,2
Albania,Riots,1
Albania,Riots,1
Albania,Riots,3
Albania,Riots,2
Albania,Riots,1
Albania,Riots,1
Albania,Riots,2
Albania,Riots,2
Albania,Riots,1
Albania,Riots,1
Albania,Riots,1
Albania,Riots,1
Albania,Riots,5
Albania,Riots,1
Albania,Riots,1
Albania,Riots,1
Albania,Riots,1
Albania,Riots,1
Albania,Riots,3
Albania,Riots,1
Albania,Riots,1
Albania,Riots,1
Albania,Riots,1
Albania,Riots,2
Albania,Riots,1
Albania,Riots,1
Albania,Riots,1
Albania,Riots,1
Albania,Riots,1
Albania,Riots,1
Albania,Riots,1
Albania,Riots,1
Albania,Riots,1
Albania,Riots,1
Albania,Violence against civilians,1
Albania,Violence against civilians,1
Albania,Violence against civilians,1
Albania,Violence against civilians,1
Albania,Violence against civilians,1
Albania,Violence against civilians,1
Albania,Violence against civilians,2
Albania,Violence against civilians,1
Albania,Violence against civilians,1
Albania,Violence against civilians,1
Albania,Violence against civilians,1
Albania,Violence against civilians,1
Albania,Violence against civilians,1
Albania,Explosions/Remote violence,1
Albania,Riots,1
Albania,Riots,1
Albania,Riots,1
Albania,Riots,1
Albania,Violence against civilians,1
Albania,Violence against civilians,1
Albania,Violence against civilians,1
Andorra,Violence against civilians,1
Armenia,Explosions/Remote violence,1
Armenia,Explosions/Remote violence,1
Armenia,Explosions/Remote violence,1
Armenia,Explosions/Remote violence,1
Armenia,Explosions/Remote violence,2
Armenia,Explosions/Remote violence,1
Armenia,Explosions/Remote violence,7
Armenia,Explosions/Remote violence,2
Armenia,Explosions/Remote violence,5
Armenia,Explosions/Remote violence,2
Armenia,Explosions/Remote violence,1
Armenia,Explosions/Remote violence,1
Armenia,Explosions/Remote violence,2
Armenia,Explosions/Remote violence,4
Armenia,Explosions/Remote violence,1
Armenia,Explosions/Remote violence,1
Armenia,Explosions/Remote violence,1
Armenia,Explosions/Remote violence,1
Armenia,Explosions/Remote violence,1
Armenia,Explosions/Remote violence,1
Armenia,Explosions/Remote violence,1
Armenia,Riots,1
Armenia,Riots,1
Armenia,Violence against civilians,1
Armenia,Violence against civilians,1
Armenia,Violence against civilians,1
Armenia,Violence against civilians,1
Armenia,Violence against civilians,2
Armenia,Violence against civilians,1
Armenia,Violence against civilians,2
Armenia,Riots,1
Armenia,Riots,1
Armenia,Riots,1
Armenia,Riots,1
Armenia,Riots,1
Armenia,Riots,2
Armenia,Riots,1
Armenia,Riots,1
Armenia,Riots,1
Armenia,Explosions/Remote violence,2
Armenia,Explosions/Remote violence,1
Armenia,Explosions/Remote violence,1
Armenia,Explosions/Remote violence,1
Armenia,Explosions/Remote violence,1
Armenia,Explosions/Remote violence,1
Armenia,Explosions/Remote violence,1
Armenia,Explosions/Remote violence,1
Armenia,Explosions/Remote violence,3
Armenia,Explosions/Remote violence,3
Armenia,Explosions/Remote violence,1
Armenia,Explosions/Remote violence,1
Armenia,Explosions/Remote violence,1
Armenia,Explosions/Remote violence,3
Armenia,Explosions/Remote violence,1
Armenia,Explosions/Remote violence,1
Armenia,Explosions/Remote violence,2
Armenia,Explosions/Remote violence,1
Armenia,Explosions/Remote violence,1
Armenia,Explosions/Remote violence,1
Armenia,Explosions/Remote violence,1
Armenia,Explosions/Remote violence,7
Armenia,Explosions/Remote violence,1
Armenia,Explosions/Remote violence,20
Armenia,Explosions/Remote violence,1
Armenia,Explosions/Remote violence,1
Armenia,Violence against civilians,1
Armenia,Violence against civilians,1
Armenia,Violence against civilians,1
Armenia,Explosions/Remote violence,1
Armenia,Riots,1
Armenia,Violence against civilians,1
Armenia,Riots,1
Armenia,Riots,1
Armenia,Explosions/Remote violence,1
Armenia,Riots,1
Armenia,Riots,1
Armenia,Violence against civilians,1
Armenia,Violence against civilians,1
Armenia,Explosions/Remote violence,1
Armenia,Explosions/Remote violence,2
Armenia,Explosions/Remote violence,1
Armenia,Explosions/Remote violence,1
Armenia,Explosions/Remote violence,1
Armenia,Explosions/Remote violence,1
Armenia,Explosions/Remote violence,1
Armenia,Explosions/Remote violence,3
Armenia,Explosions/Remote violence,1
Armenia,Explosions/Remote violence,1
Armenia,Explosions/Remote violence,13
Armenia,Riots,2
Armenia,Riots,1
Armenia,Riots,3
Armenia,Violence against civilians,1
Armenia,Violence against civilians,1
Armenia,Violence against civilians,3
Armenia,Violence against civilians,1
Armenia,Violence against civilians,1
Armenia,Violence against civilians,1
Armenia,Violence against civilians,1
Armenia,Violence against civilians,1
Armenia,Violence against civilians,1
Armenia,Violence against civilians,2
Armenia,Violence against civilians,1
Armenia,Explosions/Remote violence,1
Armenia,Explosions/Remote violence,1
Armenia,Explosions/Remote violence,1
Armenia,Explosions/Remote violence,1
Armenia,Explosions/Remote violence,1
Armenia,Explosions/Remote violence,1
Armenia,Explosions/Remote violence,1
Armenia,Explosions/Remote violence,1
Armenia,Explosions/Remote violence,1
Armenia,Explosions/Remote violence,1
Armenia,Explosions/Remote violence,1
Armenia,Explosions/Remote violence,1
Armenia,Explosions/Remote violence,1
Armenia,Explosions/Remote violence,1
Armenia,Explosions/Remote violence,1
Armenia,Explosions/Remote violence,1
Armenia,Explosions/Remote violence,3
Armenia,Explosions/Remote violence,5
Armenia,Explosions/Remote violence,3
Armenia,Explosions/Remote violence,1
Armenia,Explosions/Remote violence,2
Armenia,Explosions/Remote violence,3
Armenia,Explosions/Remote violence,1
Armenia,Explosions/Remote violence,1
Armenia,Explosions/Remote violence,1
Armenia,Explosions/Remote violence,1
Armenia,Explosions/Remote violence,1
Armenia,Explosions/Remote violence,4
Armenia,Explosions/Remote violence,2
Armenia,Explosions/Remote violence,3
Armenia,Explosions/Remote violence,8
Armenia,Explosions/Remote violence,1
Armenia,Explosions/Remote violence,4
Armenia,Explosions/Remote violence,1
Armenia,Explosions/Remote violence,1
Armenia,Explosions/Remote violence,3
Armenia,Explosions/Remote violence,4
Armenia,Explosions/Remote violence,1
Armenia,Explosions/Remote violence,2
Armenia,Explosions/Remote violence,6
Armenia,Explosions/Remote violence,5
Armenia,Explosions/Remote violence,7
Armenia,Explosions/Remote violence,11
Armenia,Explosions/Remote violence,5
Armenia,Explosions/Remote violence,1
Armenia,Explosions/Remote violence,7
Armenia,Explosions/Remote violence,14
Armenia,Explosions/Remote violence,3
Armenia,Explosions/Remote violence,2
Armenia,Explosions/Remote violence,2
Armenia,Explosions/Remote violence,3
Armenia,Explosions/Remote violence,1
Armenia,Riots,1
Armenia,Riots,2
Armenia,Riots,1
Armenia,Violence against civilians,1
Armenia,Violence against civilians,1
Armenia,Violence against civilians,1
Armenia,Violence against civilians,1
Armenia,Explosions/Remote violence,1
Armenia,Explosions/Remote violence,1
Armenia,Explosions/Remote violence,1
Armenia,Explosions/Remote violence,2
Armenia,Explosions/Remote violence,1
Armenia,Explosions/Remote violence,1
Armenia,Explosions/Remote violence,2
Armenia,Explosions/Remote violence,1
Armenia,Explosions/Remote violence,7
Armenia,Explosions/Remote violence,2
Armenia,Explosions/Remote violence,2
Armenia,Explosions/Remote violence,1
Armenia,Explosions/Remote violence,1
Armenia,Explosions/Remote violence,2
Armenia,Explosions/Remote violence,1
Armenia,Explosions/Remote violence,3
Armenia,Explosions/Remote violence,2
Armenia,Explosions/Remote violence,2
Armenia,Explosions/Remote violence,2
Armenia,Explosions/Remote violence,2
Armenia,Explosions/Remote violence,4
Armenia,Explosions/Remote violence,3
Armenia,Explosions/Remote violence,5
Armenia,Explosions/Remote violence,1
Armenia,Explosions/Remote violence,3
Armenia,Explosions/Remote violence,1
Armenia,Explosions/Remote violence,1
Armenia,Explosions/Remote violence,3
Armenia,Riots,1
Armenia,Riots,1
Armenia,Riots,1
Armenia,Riots,1
Armenia,Riots,1
Armenia,Riots,1
Armenia,Violence against civilians,1
Armenia,Violence against civilians,1
Armenia,Riots,1
Armenia,Riots,1
Armenia,Riots,1
Armenia,Riots,1
Armenia,Riots,1
Armenia,Riots,1
Armenia,Riots,1
Armenia,Riots,2
Armenia,Riots,2
Armenia,Riots,1
Armenia,Riots,2
Armenia,Riots,1
Armenia,Riots,1
Armenia,Riots,1
Armenia,Riots,1
Armenia,Riots,1
Armenia,Riots,1
Armenia,Riots,1
Armenia,Riots,1
Armenia,Riots,1
Armenia,Riots,1
Armenia,Riots,1
Armenia,Riots,1
Armenia,Riots,1
Armenia,Riots,1
Armenia,Riots,4
Armenia,Riots,1
Armenia,Riots,1
Armenia,Riots,2
Armenia,Riots,1
Armenia,Riots,1
Armenia,Riots,1
Armenia,Riots,2
Armenia,Riots,2
Armenia,Riots,1
Armenia,Riots,1
Armenia,Riots,1
Armenia,Riots,2
Armenia,Riots,2
Armenia,Riots,1
Armenia,Riots,1
Armenia,Riots,1
Armenia,Violence against civilians,1
Armenia,Violence against civilians,1
Armenia,Violence against civilians,1
Armenia,Violence against civilians,1
Armenia,Violence against civilians,1
Armenia,Violence against civilians,1
Armenia,Violence against civilians,1
Austria,Violence against civilians,1
Austria,Riots,1
Austria,Riots,2
Austria,Riots,1
Austria,Violence against civilians,1
Austria,Riots,2
Austria,Riots,1
Austria,Riots,1
Austria,Riots,1
Austria,Riots,1
Austria,Riots,1
Austria,Riots,1
Austria,Violence against civilians,1
Austria,Violence against civilians,1
Austria,Riots,1
Austria,Riots,1
Austria,Riots,1
Austria,Riots,1
Austria,Riots,1
Austria,Riots,1
Austria,Riots,1
Austria,Riots,1
Austria,Riots,1
Austria,Riots,1
Austria,Riots,1
Austria,Riots,1
Austria,Riots,1
Austria,Riots,2
Austria,Riots,1
Austria,Riots,1
Austria,Riots,1
Austria,Riots,2
Austria,Riots,1
Austria,Riots,1
Austria,Riots,1
Austria,Riots,1
Austria,Riots,1
Austria,Riots,1
Austria,Riots,2
Austria,Riots,1
Austria,Riots,1
Austria,Riots,2
Austria,Riots,1
Austria,Riots,1
Austria,Riots,1
Austria,Riots,1
Austria,Riots,1
Austria,Riots,1
Austria,Riots,1
Austria,Riots,1
Austria,Riots,1
Austria,Riots,1
Austria,Riots,1
Austria,Riots,1
Austria,Violence against civilians,1
Austria,Violence against civilians,1
Austria,Violence against civilians,1
Austria,Violence against civilians,1
Austria,Violence against civilians,1
Austria,Violence against civilians,1
Azerbaijan,Explosions/Remote violence,1
Azerbaijan,Riots,1
Azerbaijan,Explosions/Remote violence,2
Azerbaijan,Explosions/Remote violence,1
Azerbaijan,Explosions/Remote violence,1
Azerbaijan,Explosions/Remote violence,1
Azerbaijan,Explosions/Remote violence,1
Azerbaijan,Explosions/Remote violence,1
Azerbaijan,Explosions/Remote violence,1
Azerbaijan,Explosions/Remote violence,1
Azerbaijan,Explosions/Remote violence,1
Azerbaijan,Explosions/Remote violence,1
Azerbaijan,Explosions/Remote violence,1
Azerbaijan,Explosions/Remote violence,1
Azerbaijan,Explosions/Remote violence,1
Azerbaijan,Explosions/Remote violence,1
Azerbaijan,Explosions/Remote violence,1
Azerbaijan,Explosions/Remote violence,1
Azerbaijan,Explosions/Remote violence,2
Azerbaijan,Explosions/Remote violence,1
Azerbaijan,Explosions/Remote violence,1
Azerbaijan,Explosions/Remote violence,1
Azerbaijan,Explosions/Remote violence,1
Azerbaijan,Explosions/Remote violence,1
Azerbaijan,Explosions/Remote violence,1
Azerbaijan,Explosions/Remote violence,1
Azerbaijan,Explosions/Remote violence,1
Azerbaijan,Explosions/Remote violence,1
Azerbaijan,Explosions/Remote violence,1
Azerbaijan,Explosions/Remote violence,2
Azerbaijan,Explosions/Remote violence,1
Azerbaijan,Explosions/Remote violence,1
Azerbaijan,Explosions/Remote violence,1
Azerbaijan,Explosions/Remote violence,1
Azerbaijan,Explosions/Remote violence,1
Azerbaijan,Explosions/Remote violence,1
Azerbaijan,Explosions/Remote violence,1
Azerbaijan,Explosions/Remote violence,1
Azerbaijan,Explosions/Remote violence,9
Azerbaijan,Explosions/Remote violence,15
Azerbaijan,Explosions/Remote violence,9
Azerbaijan,Explosions/Remote violence,3
Azerbaijan,Explosions/Remote violence,3
Azerbaijan,Explosions/Remote violence,5
Azerbaijan,Explosions/Remote violence,3
Azerbaijan,Violence against civilians,1
Azerbaijan,Violence against civilians,1
Azerbaijan,Violence against civilians,1
Azerbaijan,Violence against civilians,1
Azerbaijan,Explosions/Remote violence,1
Azerbaijan,Explosions/Remote violence,8
Azerbaijan,Explosions/Remote violence,4
Azerbaijan,Explosions/Remote violence,2
Azerbaijan,Explosions/Remote violence,3
Azerbaijan,Explosions/Remote violence,9
Azerbaijan,Explosions/Remote violence,2
Azerbaijan,Violence against civilians,1
Azerbaijan,Explosions/Remote violence,3
Azerbaijan,Explosions/Remote violence,1
Azerbaijan,Violence against civilians,1
Azerbaijan,Violence against civilians,1
Azerbaijan,Violence against civilians,1
Azerbaijan,Riots,1
Azerbaijan,Riots,1
Azerbaijan,Riots,1
Azerbaijan,Riots,1
Azerbaijan,Violence against civilians,1
Azerbaijan,Violence against civilians,1
Azerbaijan,Violence against civilians,1
Azerbaijan,Violence against civilians,1
Azerbaijan,Violence against civilians,1
Azerbaijan,Violence against civilians,1
Azerbaijan,Violence against civilians,1
Azerbaijan,Violence against civilians,1
Azerbaijan,Violence against civilians,2
Azerbaijan,Violence against civilians,1
Azerbaijan,Violence against civilians,1
Azerbaijan,Violence against civilians,1
Azerbaijan,Violence against civilians,1
Azerbaijan,Explosions/Remote violence,3
Azerbaijan,Explosions/Remote violence,6
Azerbaijan,Explosions/Remote violence,1
Azerbaijan,Explosions/Remote violence,5
Azerbaijan,Explosions/Remote violence,1
Azerbaijan,Explosions/Remote violence,3
Azerbaijan,Riots,1
Azerbaijan,Explosions/Remote violence,1
Azerbaijan,Explosions/Remote violence,1
Azerbaijan,Explosions/Remote violence,1
Azerbaijan,Explosions/Remote violence,3
Azerbaijan,Explosions/Remote violence,1
Azerbaijan,Explosions/Remote violence,1
Azerbaijan,Explosions/Remote violence,1
Azerbaijan,Explosions/Remote violence,1
Azerbaijan,Explosions/Remote violence,1
Azerbaijan,Explosions/Remote violence,1
Azerbaijan,Explosions/Remote violence,1
Azerbaijan,Explosions/Remote violence,2
Azerbaijan,Explosions/Remote violence,1
Azerbaijan,Explosions/Remote violence,1
Azerbaijan,Explosions/Remote violence,1
Azerbaijan,Explosions/Remote violence,1
Azerbaijan,Explosions/Remote violence,1
Azerbaijan,Explosions/Remote violence,1
Azerbaijan,Explosions/Remote violence,1
Azerbaijan,Explosions/Remote violence,1
Azerbaijan,Explosions/Remote violence,1
Azerbaijan,Explosions/Remote violence,1
Azerbaijan,Explosions/Remote violence,1
Azerbaijan,Explosions/Remote violence,1
Azerbaijan,Explosions/Remote violence,1
Azerbaijan,Explosions/Remote violence,1
Azerbaijan,Explosions/Remote violence,1
Azerbaijan,Explosions/Remote violence,4
Azerbaijan,Explosions/Remote violence,2
Azerbaijan,Explosions/Remote violence,1
Azerbaijan,Explosions/Remote violence,1
Azerbaijan,Explosions/Remote violence,2
Azerbaijan,Explosions/Remote violence,1
Azerbaijan,Explosions/Remote violence,1
Azerbaijan,Explosions/Remote violence,1
Azerbaijan,Explosions/Remote violence,1
Azerbaijan,Explosions/Remote violence,3
Azerbaijan,Explosions/Remote violence,1
Azerbaijan,Explosions/Remote violence,1
Azerbaijan,Riots,1
Azerbaijan,Violence against civilians,1
Azerbaijan,Violence against civilians,1
Azerbaijan,Explosions/Remote violence,1
Azerbaijan,Explosions/Remote violence,1
Azerbaijan,Explosions/Remote violence,1
Azerbaijan,Explosions/Remote violence,1
Azerbaijan,Explosions/Remote violence,2
Azerbaijan,Explosions/Remote violence,6
Azerbaijan,Explosions/Remote violence,5
Azerbaijan,Explosions/Remote violence,2
Azerbaijan,Explosions/Remote violence,6
Azerbaijan,Explosions/Remote violence,3
Azerbaijan,Explosions/Remote violence,1
Azerbaijan,Explosions/Remote violence,1
Azerbaijan,Explosions/Remote violence,1
Azerbaijan,Explosions/Remote violence,1
Azerbaijan,Explosions/Remote violence,1
Azerbaijan,Explosions/Remote violence,1
Azerbaijan,Explosions/Remote violence,1
Azerbaijan,Explosions/Remote violence,1
Azerbaijan,Explosions/Remote violence,1
Azerbaijan,Explosions/Remote violence,1
Azerbaijan,Explosions/Remote violence,1
Azerbaijan,Explosions/Remote violence,1
Azerbaijan,Explosions/Remote violence,1
Azerbaijan,Explosions/Remote violence,1
Azerbaijan,Explosions/Remote violence,1
Azerbaijan,Explosions/Remote violence,2
Azerbaijan,Explosions/Remote violence,2
Azerbaijan,Explosions/Remote violence,3
Azerbaijan,Explosions/Remote violence,1
Azerbaijan,Explosions/Remote violence,1
Azerbaijan,Explosions/Remote violence,1
Azerbaijan,Explosions/Remote violence,1
Azerbaijan,Explosions/Remote violence,1
Azerbaijan,Explosions/Remote violence,1
Azerbaijan,Explosions/Remote violence,1
Azerbaijan,Explosions/Remote violence,1
Azerbaijan,Explosions/Remote violence,1
Azerbaijan,Explosions/Remote violence,1
Azerbaijan,Explosions/Remote violence,1
Azerbaijan,Explosions/Remote violence,1
Azerbaijan,Explosions/Remote violence,1
Azerbaijan,Explosions/Remote violence,1
Azerbaijan,Explosions/Remote violence,1
Azerbaijan,Explosions/Remote violence,1
Azerbaijan,Explosions/Remote violence,1
Azerbaijan,Explosions/Remote violence,2
Azerbaijan,Explosions/Remote violence,1
Azerbaijan,Explosions/Remote violence,1
Azerbaijan,Explosions/Remote violence,2
Azerbaijan,Explosions/Remote violence,1
Azerbaijan,Explosions/Remote violence,4
Azerbaijan,Explosions/Remote violence,1
Azerbaijan,Explosions/Remote violence,1
Azerbaijan,Explosions/Remote violence,1
Azerbaijan,Explosions/Remote violence,2
Azerbaijan,Violence against civilians,1
Azerbaijan,Violence against civilians,1
Azerbaijan,Violence against civilians,1
Azerbaijan,Violence against civilians,1
Azerbaijan,Explosions/Remote violence,1
Azerbaijan,Explosions/Remote violence,1
Azerbaijan,Explosions/Remote violence,1
Azerbaijan,Explosions/Remote violence,3
Azerbaijan,Explosions/Remote violence,5
Azerbaijan,Explosions/Remote violence,1
Azerbaijan,Explosions/Remote violence,1
Azerbaijan,Explosions/Remote violence,1
Azerbaijan,Explosions/Remote violence,1
Azerbaijan,Explosions/Remote violence,1
Azerbaijan,Explosions/Remote violence,1
Azerbaijan,Explosions/Remote violence,1
Azerbaijan,Explosions/Remote violence,1
Azerbaijan,Explosions/Remote violence,1
Azerbaijan,Explosions/Remote violence,1
Azerbaijan,Explosions/Remote violence,1
Azerbaijan,Explosions/Remote violence,1
Azerbaijan,Explosions/Remote violence,2
Azerbaijan,Explosions/Remote violence,1
Azerbaijan,Explosions/Remote violence,1
Azerbaijan,Explosions/Remote violence,6
Azerbaijan,Explosions/Remote violence,1
Azerbaijan,Explosions/Remote violence,10
Azerbaijan,Explosions/Remote violence,10
Azerbaijan,Explosions/Remote violence,8
Azerbaijan,Explosions/Remote violence,4
Azerbaijan,Explosions/Remote violence,1
Azerbaijan,Explosions/Remote violence,1
Azerbaijan,Explosions/Remote violence,2
Azerbaijan,Explosions/Remote violence,2
Azerbaijan,Explosions/Remote violence,5
Azerbaijan,Violence against civilians,1
Azerbaijan,Violence against civilians,1
Azerbaijan,Violence against civilians,1
Azerbaijan,Violence against civilians,1
Azerbaijan,Violence against civilians,1
Azerbaijan,Violence against civilians,2
Azerbaijan,Violence against civilians,1
Azerbaijan,Violence against civilians,1
Azerbaijan,Violence against civilians,1
Azerbaijan,Violence against civilians,1
Azerbaijan,Violence against civilians,3
Azerbaijan,Violence against civilians,1
Azerbaijan,Violence against civilians,2
Azerbaijan,Violence against civilians,1
Azerbaijan,Violence against civilians,4
Azerbaijan,Violence against civilians,4
Azerbaijan,Violence against civilians,1
Azerbaijan,Violence against civilians,3
Azerbaijan,Violence against civilians,1
Azerbaijan,Violence against civilians,5
Azerbaijan,Violence against civilians,2
Azerbaijan,Violence against civilians,1
Azerbaijan,Violence against civilians,2
Azerbaijan,Explosions/Remote violence,1
Azerbaijan,Violence against civilians,1
Azerbaijan,Explosions/Remote violence,1
Azerbaijan,Explosions/Remote violence,1
Azerbaijan,Explosions/Remote violence,1
Azerbaijan,Explosions/Remote violence,1
Azerbaijan,Explosions/Remote violence,1
Azerbaijan,Explosions/Remote violence,1
Azerbaijan,Explosions/Remote violence,1
Azerbaijan,Explosions/Remote violence,1
Azerbaijan,Explosions/Remote violence,2
Azerbaijan,Explosions/Remote violence,3
Azerbaijan,Explosions/Remote violence,2
Azerbaijan,Explosions/Remote violence,1
Azerbaijan,Violence against civilians,1
Azerbaijan,Explosions/Remote violence,2
Azerbaijan,Explosions/Remote violence,1
Azerbaijan,Explosions/Remote violence,1
Azerbaijan,Riots,1
Azerbaijan,Explosions/Remote violence,1
Azerbaijan,Explosions/Remote violence,1
Azerbaijan,Explosions/Remote violence,1
Azerbaijan,Explosions/Remote violence,1
Azerbaijan,Explosions/Remote violence,1
Azerbaijan,Explosions/Remote violence,1
Azerbaijan,Explosions/Remote violence,1
Azerbaijan,Explosions/Remote violence,1
Azerbaijan,Violence against civilians,1
Azerbaijan,Violence against civilians,1
Azerbaijan,Explosions/Remote violence,1
Azerbaijan,Explosions/Remote violence,2
Azerbaijan,Explosions/Remote violence,1
Azerbaijan,Explosions/Remote violence,1
Azerbaijan,Explosions/Remote violence,1
Azerbaijan,Explosions/Remote violence,1
Azerbaijan,Explosions/Remote violence,4
Azerbaijan,Explosions/Remote violence,1
Azerbaijan,Explosions/Remote violence,1
Azerbaijan,Explosions/Remote violence,1
Azerbaijan,Explosions/Remote violence,1
Azerbaijan,Riots,1
Azerbaijan,Explosions/Remote violence,1
Azerbaijan,Explosions/Remote violence,1
Azerbaijan,Explosions/Remote violence,1
Azerbaijan,Explosions/Remote violence,1
Azerbaijan,Explosions/Remote violence,1
Azerbaijan,Explosions/Remote violence,1
Azerbaijan,Explosions/Remote violence,1
Azerbaijan,Explosions/Remote violence,1
Azerbaijan,Explosions/Remote violence,5
Azerbaijan,Explosions/Remote violence,1
Azerbaijan,Explosions/Remote violence,1
Azerbaijan,Explosions/Remote violence,2
Azerbaijan,Explosions/Remote violence,7
Azerbaijan,Explosions/Remote violence,1
Azerbaijan,Explosions/Remote violence,7
Azerbaijan,Riots,1
Azerbaijan,Riots,1
Azerbaijan,Violence against civilians,1
Azerbaijan,Violence against civilians,1
Azerbaijan,Violence against civilians,1
Azerbaijan,Explosions/Remote violence,1
Azerbaijan,Explosions/Remote violence,1
Azerbaijan,Explosions/Remote violence,2
Azerbaijan,Explosions/Remote violence,1
Azerbaijan,Explosions/Remote violence,1
Azerbaijan,Explosions/Remote violence,1
Azerbaijan,Explosions/Remote violence,1
Azerbaijan,Explosions/Remote violence,1
Azerbaijan,Explosions/Remote violence,2
Azerbaijan,Explosions/Remote violence,7
Azerbaijan,Explosions/Remote violence,5
Azerbaijan,Explosions/Remote violence,2
Azerbaijan,Explosions/Remote violence,2
Azerbaijan,Explosions/Remote violence,5
Azerbaijan,Explosions/Remote violence,4
Azerbaijan,Violence against civilians,1
Azerbaijan,Violence against civilians,1
Azerbaijan,Violence against civilians,1
Azerbaijan,Explosions/Remote violence,2
Azerbaijan,Explosions/Remote violence,1
Azerbaijan,Explosions/Remote violence,2
Azerbaijan,Explosions/Remote violence,3
Azerbaijan,Explosions/Remote violence,1
Azerbaijan,Explosions/Remote violence,1
Azerbaijan,Explosions/Remote violence,1
Azerbaijan,Explosions/Remote violence,1
Azerbaijan,Explosions/Remote violence,1
Azerbaijan,Explosions/Remote violence,1
Azerbaijan,Explosions/Remote violence,1
Azerbaijan,Explosions/Remote violence,2
Azerbaijan,Explosions/Remote violence,1
Azerbaijan,Explosions/Remote violence,1
Azerbaijan,Explosions/Remote violence,1
Azerbaijan,Explosions/Remote violence,1
Azerbaijan,Explosions/Remote violence,1
Azerbaijan,Explosions/Remote violence,2
Azerbaijan,Explosions/Remote violence,1
Azerbaijan,Explosions/Remote violence,1
Azerbaijan,Explosions/Remote violence,1
Azerbaijan,Explosions/Remote violence,1
Azerbaijan,Explosions/Remote violence,1
Azerbaijan,Explosions/Remote violence,1
Azerbaijan,Explosions/Remote violence,1
Azerbaijan,Explosions/Remote violence,2
Azerbaijan,Explosions/Remote violence,1
Azerbaijan,Explosions/Remote violence,2
Azerbaijan,Explosions/Remote violence,1
Azerbaijan,Explosions/Remote violence,1
Azerbaijan,Explosions/Remote violence,1
Azerbaijan,Explosions/Remote violence,2
Azerbaijan,Explosions/Remote violence,1
Azerbaijan,Explosions/Remote violence,1
Azerbaijan,Explosions/Remote violence,1
Azerbaijan,Explosions/Remote violence,1
Azerbaijan,Explosions/Remote violence,5
Azerbaijan,Explosions/Remote violence,17
Azerbaijan,Explosions/Remote violence,13
Azerbaijan,Explosions/Remote violence,11
Azerbaijan,Explosions/Remote violence,11
Azerbaijan,Explosions/Remote violence,26
Azerbaijan,Explosions/Remote violence,4
Azerbaijan,Explosions/Remote violence,1
Azerbaijan,Explosions/Remote violence,3
Azerbaijan,Violence against civilians,1
Azerbaijan,Violence against civilians,1
Azerbaijan,Violence against civilians,1
Azerbaijan,Violence against civilians,1
Azerbaijan,Violence against civilians,1
Azerbaijan,Violence against civilians,2
Azerbaijan,Explosions/Remote violence,1
Azerbaijan,Explosions/Remote violence,1
Azerbaijan,Explosions/Remote violence,1
Azerbaijan,Explosions/Remote violence,4
Azerbaijan,Explosions/Remote violence,2
Azerbaijan,Explosions/Remote violence,2
Azerbaijan,Explosions/Remote violence,1
Azerbaijan,Explosions/Remote violence,1
Azerbaijan,Explosions/Remote violence,1
Azerbaijan,Explosions/Remote violence,1
Azerbaijan,Explosions/Remote violence,1
Azerbaijan,Explosions/Remote violence,1
Azerbaijan,Explosions/Remote violence,1
Azerbaijan,Explosions/Remote violence,1
Azerbaijan,Explosions/Remote violence,2
Azerbaijan,Explosions/Remote violence,3
Azerbaijan,Explosions/Remote violence,1
Azerbaijan,Explosions/Remote violence,10
Azerbaijan,Explosions/Remote violence,2
Azerbaijan,Explosions/Remote violence,4
Azerbaijan,Explosions/Remote violence,9
Azerbaijan,Violence against civilians,2
Azerbaijan,Violence against civilians,1
Azerbaijan,Violence against civilians,1
Azerbaijan,Violence against civilians,1
Azerbaijan,Violence against civilians,1
Azerbaijan,Violence against civilians,2
Azerbaijan,Violence against civilians,1
Azerbaijan,Violence against civilians,1
Azerbaijan,Violence against civilians,1
Azerbaijan,Violence against civilians,1
Azerbaijan,Violence against civilians,1
Azerbaijan,Violence against civilians,1
Azerbaijan,Violence against civilians,1
Azerbaijan,Violence against civilians,1
Azerbaijan,Violence against civilians,2
Azerbaijan,Violence against civilians,1
Azerbaijan,Violence against civilians,1
Azerbaijan,Violence against civilians,2
Azerbaijan,Violence against civilians,1
Azerbaijan,Violence against civilians,2
Azerbaijan,Explosions/Remote violence,1
Azerbaijan,Explosions/Remote violence,1
Azerbaijan,Riots,1
Azerbaijan,Explosions/Remote violence,1
Azerbaijan,Explosions/Remote violence,1
Azerbaijan,Explosions/Remote violence,1
Azerbaijan,Explosions/Remote violence,1
Azerbaijan,Explosions/Remote violence,1
Azerbaijan,Explosions/Remote violence,1
Azerbaijan,Riots,1
Belarus,Explosions/Remote violence,1
Belarus,Riots,1
Belarus,Riots,2
Belarus,Riots,1
Belarus,Violence against civilians,1
Belarus,Violence against civilians,5
Belarus,Violence against civilians,1
Belarus,Violence against civilians,1
Belarus,Violence against civilians,1
Belarus,Violence against civilians,1
Belarus,Violence against civilians,1
Belarus,Violence against civilians,1
Belarus,Violence against civilians,1
Belarus,Violence against civilians,1
Belarus,Violence against civilians,1
Belarus,Explosions/Remote violence,1
Belarus,Explosions/Remote violence,1
Belarus,Explosions/Remote violence,1
Belarus,Explosions/Remote violence,2
Belarus,Explosions/Remote violence,1
Belarus,Explosions/Remote violence,1
Belarus,Explosions/Remote violence,1
Belarus,Explosions/Remote violence,1
Belarus,Riots,1
Belarus,Violence against civilians,1
Belarus,Violence against civilians,1
Belarus,Violence against civilians,1
Belarus,Violence against civilians,3
Belarus,Violence against civilians,1
Belarus,Violence against civilians,1
Belarus,Violence against civilians,1
Belarus,Violence against civilians,1
Belarus,Violence against civilians,1
Belarus,Violence against civilians,1
Belarus,Violence against civilians,1
Belarus,Violence against civilians,1
Belarus,Violence against civilians,1
Belarus,Violence against civilians,1
Belarus,Violence against civilians,1
Belarus,Violence against civilians,1
Belarus,Riots,2
Belarus,Riots,1
Belarus,Riots,3
Belarus,Riots,1
Belarus,Riots,1
Belarus,Violence against civilians,1
Belarus,Violence against civilians,1
Belarus,Violence against civilians,1
Belarus,Violence against civilians,3
Belarus,Violence against civilians,2
Belarus,Violence against civilians,1
Belarus,Violence against civilians,1
Belarus,Violence against civilians,1
Belarus,Violence against civilians,1
Belarus,Violence against civilians,2
Belarus,Violence against civilians,1
Belarus,Violence against civilians,1
Belarus,Violence against civilians,1
Belarus,Violence against civilians,1
Belarus,Explosions/Remote violence,1
Belarus,Explosions/Remote violence,1
Belarus,Explosions/Remote violence,1
Belarus,Riots,1
Belarus,Violence against civilians,1
Belarus,Violence against civilians,1
Belarus,Violence against civilians,1
Belarus,Violence against civilians,4
Belarus,Violence against civilians,1
Belarus,Violence against civilians,1
Belarus,Violence against civilians,1
Belarus,Violence against civilians,1
Belarus,Violence against civilians,1
Belarus,Violence against civilians,1
Belarus,Violence against civilians,1
Belarus,Violence against civilians,1
Belarus,Violence against civilians,1
Belarus,Violence against civilians,1
Belarus,Violence against civilians,1
Belarus,Violence against civilians,1
Belarus,Explosions/Remote violence,1
Belarus,Explosions/Remote violence,1
Belarus,Explosions/Remote violence,1
Belarus,Explosions/Remote violence,1
Belarus,Riots,1
Belarus,Riots,1
Belarus,Riots,1
Belarus,Riots,1
Belarus,Riots,1
Belarus,Riots,2
Belarus,Violence against civilians,1
Belarus,Violence against civilians,1
Belarus,Violence against civilians,1
Belarus,Violence against civilians,1
Belarus,Violence against civilians,1
Belarus,Violence against civilians,1
Belarus,Violence against civilians,1
Belarus,Violence against civilians,1
Belarus,Violence against civilians,10
Belarus,Violence against civilians,1
Belarus,Violence against civilians,1
Belarus,Violence against civilians,3
Belarus,Violence against civilians,4
Belarus,Violence against civilians,1
Belarus,Violence against civilians,2
Belarus,Violence against civilians,2
Belarus,Violence against civilians,2
Belarus,Violence against civilians,1
Belarus,Violence against civilians,1
Belarus,Violence against civilians,1
Belarus,Violence against civilians,2
Belarus,Violence against civilians,1
Belarus,Violence against civilians,1
Belarus,Violence against civilians,1
Belarus,Violence against civilians,1
Belarus,Violence against civilians,1
Belarus,Violence against civilians,1
Belarus,Violence against civilians,1
Belarus,Violence against civilians,1
Belarus,Violence against civilians,1
Belarus,Violence against civilians,1
Belarus,Violence against civilians,1
Belarus,Violence against civilians,3
Belarus,Violence against civilians,1
Belarus,Violence against civilians,1
Belarus,Violence against civilians,2
Belarus,Violence against civilians,1
Belarus,Violence against civilians,1
Belarus,Violence against civilians,2
Belarus,Violence against civilians,3
Belarus,Violence against civilians,2
Belarus,Violence against civilians,1
Belarus,Violence against civilians,2
Belarus,Violence against civilians,1
Belarus,Violence against civilians,2
Belarus,Violence against civilians,1
Belarus,Violence against civilians,1
Belarus,Violence against civilians,1
Belarus,Violence against civilians,1
Belarus,Violence against civilians,1
Belarus,Violence against civilians,1
Belarus,Violence against civilians,1
Belarus,Violence against civilians,1
Belarus,Violence against civilians,1
Belarus,Violence against civilians,1
Belarus,Violence against civilians,2
Belarus,Violence against civilians,1
Belarus,Violence against civilians,1
Belarus,Violence against civilians,1
Belarus,Violence against civilians,1
Belarus,Violence against civilians,1
Belarus,Violence against civilians,1
Belarus,Violence against civilians,1
Belarus,Violence against civilians,1
Belarus,Violence against civilians,1
Belarus,Violence against civilians,1
Belarus,Violence against civilians,1
Belarus,Violence against civilians,2
Belarus,Violence against civilians,1
Belarus,Violence against civilians,1
Belarus,Violence against civilians,1
Belarus,Violence against civilians,1
Belarus,Violence against civilians,1
Belarus,Riots,1
Belarus,Riots,1
Belarus,Violence against civilians,1
Belarus,Violence against civilians,1
Belarus,Violence against civilians,2
Belarus,Violence against civilians,1
Belarus,Violence against civilians,1
Belarus,Violence against civilians,1
Belarus,Violence against civilians,1
Belarus,Violence against civilians,2
Belarus,Violence against civilians,1
Belarus,Violence against civilians,1
Belgium,Riots,1
Belgium,Riots,1
Belgium,Riots,1
Belgium,Riots,1
Belgium,Riots,2
Belgium,Riots,1
Belgium,Riots,1
Belgium,Riots,1
Belgium,Riots,1
Belgium,Riots,1
Belgium,Riots,1
Belgium,Riots,1
Belgium,Riots,1
Belgium,Riots,1
Belgium,Riots,2
Belgium,Riots,1
Belgium,Riots,1
Belgium,Riots,1
Belgium,Riots,1
Belgium,Riots,2
Belgium,Riots,1
Belgium,Riots,1
Belgium,Riots,1
Belgium,Riots,1
Belgium,Riots,1
Belgium,Riots,1
Belgium,Riots,1
Belgium,Riots,1
Belgium,Riots,1
Belgium,Riots,1
Belgium,Riots,1
Belgium,Riots,1
Belgium,Riots,1
Belgium,Riots,1
Belgium,Riots,1
Belgium,Riots,1
Belgium,Riots,1
Belgium,Riots,1
Belgium,Riots,1
Belgium,Riots,1
Belgium,Riots,2
Belgium,Riots,3
Belgium,Riots,1
Belgium,Riots,1
Belgium,Riots,1
Belgium,Riots,1
Belgium,Riots,1
Belgium,Riots,1
Belgium,Riots,1
Belgium,Riots,1
Belgium,Riots,1
Belgium,Riots,1
Belgium,Riots,1
Belgium,Riots,1
Belgium,Riots,1
Belgium,Riots,1
Belgium,Riots,2
Belgium,Riots,1
Belgium,Riots,1
Belgium,Violence against civilians,1
Belgium,Riots,1
Belgium,Riots,1
Belgium,Riots,1
Belgium,Riots,1
Belgium,Riots,1
Belgium,Riots,1
Belgium,Riots,2
Belgium,Riots,1
Belgium,Riots,1
Belgium,Riots,1
Belgium,Riots,1
Belgium,Riots,1
Belgium,Riots,1
Belgium,Riots,2
Belgium,Riots,1
Belgium,Riots,1
Belgium,Riots,1
Belgium,Riots,1
Belgium,Riots,1
Belgium,Riots,1
Belgium,Riots,1
Belgium,Riots,1
Belgium,Riots,1
Belgium,Riots,1
Belgium,Riots,1
Belgium,Riots,4
Belgium,Riots,1
Belgium,Riots,1
Belgium,Riots,1
Belgium,Violence against civilians,1
Belgium,Violence against civilians,1
Belgium,Violence against civilians,1
Belgium,Violence against civilians,1
Belgium,Violence against civilians,1
Belgium,Riots,1
Belgium,Riots,1
Belgium,Riots,1
Belgium,Riots,1
Belgium,Riots,1
Belgium,Riots,1
Belgium,Riots,1
Belgium,Riots,1
Belgium,Riots,1
Belgium,Riots,2
Belgium,Riots,1
Belgium,Riots,1
Belgium,Riots,3
Belgium,Riots,1
Belgium,Riots,1
Belgium,Riots,1
Belgium,Riots,1
Belgium,Violence against civilians,1
Belgium,Violence against civilians,1
Bosnia and Herzegovina,Riots,1
Bosnia and Herzegovina,Riots,1
Bosnia and Herzegovina,Riots,1
Bosnia and Herzegovina,Violence against civilians,1
Bosnia and Herzegovina,Violence against civilians,1
Bosnia and Herzegovina,Explosions/Remote violence,1
Bosnia and Herzegovina,Explosions/Remote violence,1
Bosnia and Herzegovina,Explosions/Remote violence,1
Bosnia and Herzegovina,Explosions/Remote violence,1
Bosnia and Herzegovina,Explosions/Remote violence,1
Bosnia and Herzegovina,Explosions/Remote violence,1
Bosnia and Herzegovina,Explosions/Remote violence,1
Bosnia and Herzegovina,Explosions/Remote violence,2
Bosnia and Herzegovina,Explosions/Remote violence,1
Bosnia and Herzegovina,Explosions/Remote violence,1
Bosnia and Herzegovina,Explosions/Remote violence,1
Bosnia and Herzegovina,Explosions/Remote violence,1
Bosnia and Herzegovina,Explosions/Remote violence,1
Bosnia and Herzegovina,Explosions/Remote violence,1
Bosnia and Herzegovina,Explosions/Remote violence,1
Bosnia and Herzegovina,Explosions/Remote violence,1
Bosnia and Herzegovina,Explosions/Remote violence,1
Bosnia and Herzegovina,Explosions/Remote violence,1
Bosnia and Herzegovina,Explosions/Remote violence,1
Bosnia and Herzegovina,Explosions/Remote violence,1
Bosnia and Herzegovina,Riots,2
Bosnia and Herzegovina,Riots,2
Bosnia and Herzegovina,Riots,1
Bosnia and Herzegovina,Riots,1
Bosnia and Herzegovina,Riots,1
Bosnia and Herzegovina,Riots,1
Bosnia and Herzegovina,Riots,1
Bosnia and Herzegovina,Riots,1
Bosnia and Herzegovina,Riots,1
Bosnia and Herzegovina,Riots,1
Bosnia and Herzegovina,Riots,1
Bosnia and Herzegovina,Riots,1
Bosnia and Herzegovina,Riots,1
Bosnia and Herzegovina,Riots,1
Bosnia and Herzegovina,Riots,1
Bosnia and Herzegovina,Riots,1
Bosnia and Herzegovina,Riots,1
Bosnia and Herzegovina,Riots,1
Bosnia and Herzegovina,Riots,1
Bosnia and Herzegovina,Riots,2
Bosnia and Herzegovina,Riots,1
Bosnia and Herzegovina,Riots,1
Bosnia and Herzegovina,Riots,2
Bosnia and Herzegovina,Riots,1
Bosnia and Herzegovina,Riots,1
Bosnia and Herzegovina,Violence against civilians,1
Bosnia and Herzegovina,Violence against civilians,1
Bosnia and Herzegovina,Violence against civilians,1
Bosnia and Herzegovina,Violence against civilians,1
Bosnia and Herzegovina,Violence against civilians,1
Bosnia and Herzegovina,Violence against civilians,1
Bosnia and Herzegovina,Violence against civilians,1
Bosnia and Herzegovina,Violence against civilians,1
Bosnia and Herzegovina,Violence against civilians,1
Bosnia and Herzegovina,Violence against civilians,1
Bosnia and Herzegovina,Violence against civilians,1
Bosnia and Herzegovina,Violence against civilians,1
Bosnia and Herzegovina,Violence against civilians,1
Bosnia and Herzegovina,Violence against civilians,1
Bosnia and Herzegovina,Violence against civilians,1
Bosnia and Herzegovina,Violence against civilians,1
Bosnia and Herzegovina,Violence against civilians,1
Bosnia and Herzegovina,Violence against civilians,1
Bosnia and Herzegovina,Violence against civilians,1
Bosnia and Herzegovina,Violence against civilians,1
Bosnia and Herzegovina,Violence against civilians,1
Bosnia and Herzegovina,Violence against civilians,1
Bosnia and Herzegovina,Violence against civilians,1
Bosnia and Herzegovina,Violence against civilians,1
Bosnia and Herzegovina,Violence against civilians,1
Bosnia and Herzegovina,Violence against civilians,1
Bosnia and Herzegovina,Violence against civilians,1
Bosnia and Herzegovina,Violence against civilians,1
Bosnia and Herzegovina,Violence against civilians,1
Bosnia and Herzegovina,Violence against civilians,1
Bosnia and Herzegovina,Violence against civilians,1
Bosnia and Herzegovina,Violence against civilians,1
Bosnia and Herzegovina,Violence against civilians,1
Bosnia and Herzegovina,Explosions/Remote violence,1
Bosnia and Herzegovina,Explosions/Remote violence,1
Bosnia and Herzegovina,Explosions/Remote violence,1
Bosnia and Herzegovina,Explosions/Remote violence,1
Bosnia and Herzegovina,Explosions/Remote violence,1
Bosnia and Herzegovina,Explosions/Remote violence,1
Bosnia and Herzegovina,Explosions/Remote violence,2
Bosnia and Herzegovina,Riots,1
Bosnia and Herzegovina,Riots,1
Bosnia and Herzegovina,Riots,1
Bosnia and Herzegovina,Riots,1
Bosnia and Herzegovina,Riots,1
Bosnia and Herzegovina,Riots,1
Bosnia and Herzegovina,Violence against civilians,1
Bosnia and Herzegovina,Violence against civilians,1
Bosnia and Herzegovina,Violence against civilians,1
Bosnia and Herzegovina,Violence against civilians,1
Bosnia and Herzegovina,Violence against civilians,1
Bosnia and Herzegovina,Violence against civilians,1
Bosnia and Herzegovina,Violence against civilians,1
Bosnia and Herzegovina,Violence against civilians,1
Bosnia and Herzegovina,Violence against civilians,1
Bosnia and Herzegovina,Violence against civilians,1
Bosnia and Herzegovina,Violence against civilians,1
Bosnia and Herzegovina,Violence against civilians,1
Bosnia and Herzegovina,Violence against civilians,1
Bosnia and Herzegovina,Violence against civilians,1
Bosnia and Herzegovina,Violence against civilians,1
Bosnia and Herzegovina,Violence against civilians,1
Bosnia and Herzegovina,Violence against civilians,1
Bosnia and Herzegovina,Violence against civilians,1
Bosnia and Herzegovina,Violence against civilians,1
Bosnia and Herzegovina,Violence against civilians,1
Bosnia and Herzegovina,Violence against civilians,1
Bosnia and Herzegovina,Violence against civilians,1
Bosnia and Herzegovina,Violence against civilians,1
Bosnia and Herzegovina,Violence against civilians,1
Bosnia and Herzegovina,Violence against civilians,1
Bulgaria,Riots,1
Bulgaria,Riots,1
Bulgaria,Riots,1
Bulgaria,Riots,1
Bulgaria,Riots,1
Bulgaria,Riots,1
Bulgaria,Riots,1
Bulgaria,Riots,1
Bulgaria,Riots,1
Bulgaria,Violence against civilians,1
Bulgaria,Violence against civilians,1
Bulgaria,Violence against civilians,1
Bulgaria,Riots,1
Bulgaria,Riots,2
Bulgaria,Riots,1
Bulgaria,Violence against civilians,1
Bulgaria,Riots,1
Bulgaria,Violence against civilians,1
Bulgaria,Violence against civilians,1
Bulgaria,Riots,1
Bulgaria,Riots,1
Bulgaria,Riots,1
Bulgaria,Riots,1
Bulgaria,Riots,1
Bulgaria,Riots,1
Bulgaria,Riots,1
Bulgaria,Violence against civilians,1
Bulgaria,Violence against civilians,1
Bulgaria,Riots,1
Bulgaria,Riots,1
Bulgaria,Riots,1
Bulgaria,Riots,1
Bulgaria,Riots,1
Bulgaria,Riots,1
Bulgaria,Riots,1
Bulgaria,Riots,1
Bulgaria,Riots,1
Bulgaria,Riots,1
Bulgaria,Riots,1
Bulgaria,Riots,1
Bulgaria,Riots,1
Bulgaria,Riots,1
Bulgaria,Riots,2
Bulgaria,Riots,1
Bulgaria,Riots,1
Bulgaria,Riots,1
Bulgaria,Riots,1
Bulgaria,Riots,1
Bulgaria,Riots,1
Bulgaria,Riots,1
Bulgaria,Riots,1
Bulgaria,Riots,1
Bulgaria,Riots,1
Bulgaria,Riots,1
Bulgaria,Riots,2
Bulgaria,Riots,1
Bulgaria,Riots,1
Bulgaria,Riots,1
Bulgaria,Riots,1
Bulgaria,Riots,1
Bulgaria,Riots,1
Bulgaria,Violence against civilians,1
Bulgaria,Violence against civilians,1
Bulgaria,Violence against civilians,1
Bulgaria,Riots,1
Bulgaria,Riots,1
Bulgaria,Violence against civilians,1
Bulgaria,Riots,1
Bulgaria,Riots,1
Bulgaria,Riots,1
Bulgaria,Riots,1
Croatia,Explosions/Remote violence,1
Croatia,Violence against civilians,1
Croatia,Explosions/Remote violence,1
Croatia,Riots,1
Croatia,Violence against civilians,1
Croatia,Explosions/Remote violence,1
Croatia,Explosions/Remote violence,1
Croatia,Explosions/Remote violence,1
Croatia,Explosions/Remote violence,2
Croatia,Explosions/Remote violence,1
Croatia,Explosions/Remote violence,1
Croatia,Explosions/Remote violence,1
Croatia,Explosions/Remote violence,1
Croatia,Riots,1
Croatia,Riots,1
Croatia,Riots,1
Croatia,Riots,1
Croatia,Riots,1
Croatia,Riots,1
Croatia,Riots,1
Croatia,Violence against civilians,1
Croatia,Violence against civilians,1
Croatia,Violence against civilians,1
Croatia,Violence against civilians,1
Croatia,Violence against civilians,1
Croatia,Violence against civilians,1
Croatia,Violence against civilians,1
Croatia,Explosions/Remote violence,1
Croatia,Violence against civilians,1
Croatia,Riots,1
Croatia,Riots,1
Croatia,Violence against civilians,1
Croatia,Explosions/Remote violence,1
Croatia,Violence against civilians,1
Croatia,Violence against civilians,1
Croatia,Violence against civilians,1
Croatia,Violence against civilians,1
Croatia,Violence against civilians,1
Croatia,Violence against civilians,1
Croatia,Riots,1
Croatia,Riots,1
Croatia,Violence against civilians,1
Croatia,Violence against civilians,1
Croatia,Violence against civilians,1
Croatia,Violence against civilians,1
Croatia,Riots,1
Croatia,Riots,1
Croatia,Riots,1
Croatia,Riots,1
Croatia,Violence against civilians,1
Croatia,Explosions/Remote violence,1
Croatia,Explosions/Remote violence,1
Croatia,Violence against civilians,1
Croatia,Explosions/Remote violence,1
Croatia,Riots,1
Croatia,Riots,1
Croatia,Riots,1
Croatia,Riots,1
Croatia,Riots,1
Croatia,Riots,1
Croatia,Violence against civilians,1
Croatia,Violence against civilians,1
Croatia,Violence against civilians,1
Croatia,Violence against civilians,1
Croatia,Violence against civilians,1
Croatia,Violence against civilians,1
Croatia,Violence against civilians,1
Croatia,Riots,1
Croatia,Riots,1
Croatia,Violence against civilians,1
Croatia,Explosions/Remote violence,1
Croatia,Explosions/Remote violence,1
Croatia,Riots,1
Croatia,Riots,1
Croatia,Violence against civilians,1
Croatia,Violence against civilians,1
Croatia,Violence against civilians,1
Croatia,Violence against civilians,1
Croatia,Violence against civilians,1
Croatia,Violence against civilians,2
Croatia,Violence against civilians,1
Croatia,Riots,1
Cyprus,Riots,1
Cyprus,Riots,1
Cyprus,Riots,1
Cyprus,Riots,1
Cyprus,Riots,1
Cyprus,Riots,1
Cyprus,Riots,1
Cyprus,Riots,1
Cyprus,Violence against civilians,1
Cyprus,Violence against civilians,1
Cyprus,Explosions/Remote violence,1
Cyprus,Riots,1
Cyprus,Violence against civilians,1
Cyprus,Violence against civilians,1
Cyprus,Explosions/Remote violence,1
Cyprus,Explosions/Remote violence,1
Cyprus,Explosions/Remote violence,1
Cyprus,Explosions/Remote violence,1
Cyprus,Explosions/Remote violence,1
Cyprus,Explosions/Remote violence,1
Cyprus,Riots,1
Cyprus,Riots,1
Cyprus,Riots,1
Cyprus,Riots,1
Cyprus,Riots,1
Cyprus,Riots,1
Cyprus,Riots,1
Cyprus,Riots,1
Cyprus,Riots,2
Cyprus,Riots,1
Cyprus,Riots,1
Cyprus,Riots,1
Cyprus,Riots,2
Cyprus,Riots,1
Cyprus,Riots,1
Cyprus,Riots,1
Cyprus,Riots,1
Cyprus,Violence against civilians,1
Cyprus,Violence against civilians,1
Cyprus,Violence against civilians,1
Cyprus,Violence against civilians,1
Cyprus,Explosions/Remote violence,1
Cyprus,Explosions/Remote violence,1
Cyprus,Explosions/Remote violence,1
Cyprus,Explosions/Remote violence,1
Cyprus,Explosions/Remote violence,1
Cyprus,Explosions/Remote violence,1
Cyprus,Explosions/Remote violence,1
Cyprus,Explosions/Remote violence,1
Cyprus,Explosions/Remote violence,1
Cyprus,Riots,1
Cyprus,Riots,1
Cyprus,Riots,1
Cyprus,Riots,1
Cyprus,Riots,1
Cyprus,Riots,1
Cyprus,Riots,1
Cyprus,Riots,1
Cyprus,Riots,1
Cyprus,Riots,1
Cyprus,Riots,1
Cyprus,Riots,1
Cyprus,Riots,1
Cyprus,Riots,1
Cyprus,Riots,1
Cyprus,Riots,1
Cyprus,Riots,1
Cyprus,Riots,1
Cyprus,Riots,1
Cyprus,Riots,1
Cyprus,Riots,1
Cyprus,Riots,1
Cyprus,Riots,1
Cyprus,Riots,3
Cyprus,Riots,3
Cyprus,Riots,1
Cyprus,Riots,1
Cyprus,Riots,1
Cyprus,Riots,1
Cyprus,Riots,1
Cyprus,Riots,2
Cyprus,Riots,1
Cyprus,Riots,1
Cyprus,Riots,1
Cyprus,Riots,1
Cyprus,Riots,1
Cyprus,Riots,1
Cyprus,Riots,1
Cyprus,Violence against civilians,1
Cyprus,Violence against civilians,1
Cyprus,Violence against civilians,1
Cyprus,Violence against civilians,2
Cyprus,Violence against civilians,1
Cyprus,Violence against civilians,1
Cyprus,Violence against civilians,1
Cyprus,Violence against civilians,1
Cyprus,Violence against civilians,1
Cyprus,Violence against civilians,2
Cyprus,Violence against civilians,1
Cyprus,Violence against civilians,1
Cyprus,Violence against civilians,1
Cyprus,Violence against civilians,1
Cyprus,Violence against civilians,1
Cyprus,Explosions/Remote violence,1
Cyprus,Explosions/Remote violence,1
Cyprus,Explosions/Remote violence,1
Cyprus,Explosions/Remote violence,1
Cyprus,Explosions/Remote violence,1
Cyprus,Explosions/Remote violence,1
Cyprus,Explosions/Remote violence,1
Cyprus,Explosions/Remote violence,1
Cyprus,Riots,1
Cyprus,Riots,1
Cyprus,Riots,1
Cyprus,Riots,1
Cyprus,Riots,1
Cyprus,Riots,1
Cyprus,Riots,1
Cyprus,Riots,1
Cyprus,Riots,1
Cyprus,Riots,1
Cyprus,Riots,1
Cyprus,Riots,2
Cyprus,Riots,2
Cyprus,Riots,1
Cyprus,Riots,1
Cyprus,Riots,2
Cyprus,Riots,1
Cyprus,Riots,1
Cyprus,Riots,1
Cyprus,Riots,1
Cyprus,Riots,1
Cyprus,Riots,1
Cyprus,Riots,1
Cyprus,Riots,1
Cyprus,Riots,1
Cyprus,Riots,1
Cyprus,Riots,1
Cyprus,Riots,1
Cyprus,Riots,1
Cyprus,Riots,1
Cyprus,Riots,1
Cyprus,Riots,1
Cyprus,Riots,1
Cyprus,Riots,1
Cyprus,Riots,1
Cyprus,Riots,1
Cyprus,Riots,1
Cyprus,Riots,1
Cyprus,Riots,2
Cyprus,Riots,3
Cyprus,Riots,1
Cyprus,Riots,1
Cyprus,Riots,2
Cyprus,Riots,1
Cyprus,Riots,1
Cyprus,Riots,1
Cyprus,Riots,1
Cyprus,Riots,1
Cyprus,Riots,1
Cyprus,Riots,1
Cyprus,Riots,1
Cyprus,Riots,2
Cyprus,Riots,2
Cyprus,Riots,1
Cyprus,Riots,1
Cyprus,Riots,1
Cyprus,Riots,3
Cyprus,Riots,1
Cyprus,Riots,1
Cyprus,Riots,1
Cyprus,Riots,1
Cyprus,Violence against civilians,1
Cyprus,Violence against civilians,1
Cyprus,Violence against civilians,1
Cyprus,Violence against civilians,1
Cyprus,Violence against civilians,1
Cyprus,Violence against civilians,1
Cyprus,Violence against civilians,1
Cyprus,Violence against civilians,1
Cyprus,Violence against civilians,1
Cyprus,Violence against civilians,1
Cyprus,Violence against civilians,1
Cyprus,Violence against civilians,1
Cyprus,Violence against civilians,1
Cyprus,Violence against civilians,1
Cyprus,Explosions/Remote violence,1
Cyprus,Riots,1
Cyprus,Riots,1
Cyprus,Riots,1
Cyprus,Riots,1
Cyprus,Riots,1
Cyprus,Riots,1
Cyprus,Riots,3
Cyprus,Riots,1
Cyprus,Riots,1
Cyprus,Riots,1
Cyprus,Riots,1
Cyprus,Riots,1
Cyprus,Riots,1
Cyprus,Riots,1
Cyprus,Riots,1
Cyprus,Violence against civilians,1
Cyprus,Violence against civilians,1
Cyprus,Violence against civilians,1
Cyprus,Violence against civilians,1
Cyprus,Violence against civilians,1
Cyprus,Violence against civilians,1
Cyprus,Violence against civilians,1
Cyprus,Violence against civilians,1
Cyprus,Violence against civilians,1
Czech Republic,Riots,1
Czech Republic,Riots,1
Czech Republic,Riots,1
Czech Republic,Violence against civilians,1
Czech Republic,Riots,1
Czech Republic,Violence against civilians,1
Czech Republic,Riots,1
Czech Republic,Riots,1
Czech Republic,Riots,1
Czech Republic,Riots,1
Czech Republic,Riots,1
Czech Republic,Violence against civilians,1
Czech Republic,Violence against civilians,1
Czech Republic,Violence against civilians,1
Czech Republic,Riots,1
Czech Republic,Riots,1
Czech Republic,Riots,1
Czech Republic,Riots,1
Czech Republic,Riots,1
Czech Republic,Riots,1
Czech Republic,Riots,1
Czech Republic,Riots,1
Czech Republic,Riots,1
Czech Republic,Riots,1
Czech Republic,Riots,1
Czech Republic,Riots,1
Czech Republic,Riots,1
Czech Republic,Violence against civilians,1
Czech Republic,Violence against civilians,1
Czech Republic,Violence against civilians,1
Czech Republic,Violence against civilians,1
Czech Republic,Riots,1
Czech Republic,Riots,1
Czech Republic,Violence against civilians,1
Czech Republic,Riots,1
Czech Republic,Riots,1
Czech Republic,Violence against civilians,1
Czech Republic,Violence against civilians,1
Denmark,Explosions/Remote violence,1
Denmark,Explosions/Remote violence,1
Denmark,Riots,1
Denmark,Riots,1
Denmark,Riots,1
Denmark,Riots,1
Denmark,Riots,1
Denmark,Riots,1
Denmark,Riots,1
Denmark,Riots,1
Denmark,Riots,1
Denmark,Riots,1
Denmark,Riots,1
Denmark,Riots,1
Denmark,Riots,1
Denmark,Riots,1
Denmark,Riots,1
Denmark,Violence against civilians,1
Denmark,Violence against civilians,1
Denmark,Violence against civilians,1
Denmark,Riots,3
Denmark,Riots,1
Denmark,Riots,1
Denmark,Riots,1
Denmark,Riots,1
Denmark,Riots,1
Denmark,Riots,1
Denmark,Violence against civilians,1
Denmark,Violence against civilians,1
Denmark,Violence against civilians,1
Denmark,Violence against civilians,1
Denmark,Riots,1
Denmark,Riots,1
Denmark,Riots,1
Denmark,Riots,1
Denmark,Riots,3
Denmark,Riots,1
Denmark,Riots,2
Denmark,Riots,1
Denmark,Riots,1
Denmark,Riots,1
Denmark,Riots,1
Denmark,Riots,1
Estonia,Violence against civilians,1
Estonia,Riots,1
Faroe Islands,Riots,1
Finland,Explosions/Remote violence,1
Finland,Riots,1
Finland,Explosions/Remote violence,1
Finland,Violence against civilians,1
Finland,Violence against civilians,1
Finland,Explosions/Remote violence,2
Finland,Riots,1
Finland,Riots,1
Finland,Riots,1
Finland,Violence against civilians,1
Finland,Violence against civilians,1
Finland,Riots,1
Finland,Riots,1
Finland,Riots,1
Finland,Riots,1
Finland,Riots,1
Finland,Riots,2
Finland,Riots,1
Finland,Riots,1
Finland,Violence against civilians,1
Finland,Riots,1
Finland,Riots,1
Finland,Violence against civilians,1
France,Riots,4
France,Riots,1
France,Riots,2
France,Riots,1
France,Riots,1
France,Riots,2
France,Riots,1
France,Riots,3
France,Riots,5
France,Riots,1
France,Riots,2
France,Riots,1
France,Riots,3
France,Riots,2
France,Riots,1
France,Riots,1
France,Riots,1
France,Riots,2
France,Riots,1
France,Riots,1
France,Riots,1
France,Riots,1
France,Riots,1
France,Riots,1
France,Riots,1
France,Riots,1
France,Riots,1
France,Riots,1
France,Riots,1
France,Riots,2
France,Riots,3
France,Riots,2
France,Riots,1
France,Riots,1
France,Riots,1
France,Riots,1
France,Riots,2
France,Riots,1
France,Riots,1
France,Riots,1
France,Riots,1
France,Riots,1
France,Riots,1
France,Riots,1
France,Riots,1
France,Riots,1
France,Riots,1
France,Riots,1
France,Riots,1
France,Riots,1
France,Riots,2
France,Riots,1
France,Riots,1
France,Riots,1
France,Riots,2
France,Riots,1
France,Riots,1
France,Riots,4
France,Riots,2
France,Riots,1
France,Riots,2
France,Riots,1
France,Riots,2
France,Riots,3
France,Riots,1
France,Riots,2
France,Riots,2
France,Riots,3
France,Riots,1
France,Riots,1
France,Riots,1
France,Riots,1
France,Riots,1
France,Riots,1
France,Riots,2
France,Riots,4
France,Riots,1
France,Riots,1
France,Riots,2
France,Riots,1
France,Riots,1
France,Riots,1
France,Riots,7
France,Riots,2
France,Riots,1
France,Riots,1
France,Riots,1
France,Riots,2
France,Riots,1
France,Riots,1
France,Riots,1
France,Riots,1
France,Riots,1
France,Riots,1
France,Riots,1
France,Riots,1
France,Riots,1
France,Riots,1
France,Riots,1
France,Riots,3
France,Riots,1
France,Riots,1
France,Riots,1
France,Riots,1
France,Riots,13
France,Riots,3
France,Riots,2
France,Riots,1
France,Riots,3
France,Riots,2
France,Riots,3
France,Riots,1
France,Riots,2
France,Riots,2
France,Riots,60
France,Riots,5
France,Riots,1
France,Riots,1
France,Riots,1
France,Riots,2
France,Riots,1
France,Riots,1
France,Riots,1
France,Riots,1
France,Riots,1
France,Riots,2
France,Riots,1
France,Riots,1
France,Riots,1
France,Riots,1
France,Riots,1
France,Riots,1
France,Riots,1
France,Riots,1
France,Riots,1
France,Riots,8
France,Riots,2
France,Violence against civilians,1
France,Violence against civilians,1
France,Violence against civilians,1
France,Violence against civilians,1
France,Violence against civilians,1
France,Violence against civilians,1
France,Violence against civilians,1
France,Violence against civilians,1
France,Violence against civilians,1
France,Violence against civilians,1
France,Violence against civilians,1
France,Violence against civilians,1
France,Violence against civilians,1
France,Violence against civilians,1
France,Violence against civilians,1
France,Violence against civilians,1
France,Violence against civilians,1
France,Riots,1
France,Riots,2
France,Riots,1
France,Riots,1
France,Riots,1
France,Riots,1
France,Riots,1
France,Riots,1
France,Riots,3
France,Riots,1
France,Riots,1
France,Riots,1
France,Riots,2
France,Riots,1
France,Riots,2
France,Riots,1
France,Riots,1
France,Riots,2
France,Riots,1
France,Riots,1
France,Riots,1
France,Riots,2
France,Riots,1
France,Riots,1
France,Riots,1
France,Riots,1
France,Riots,1
France,Riots,2
France,Riots,1
France,Riots,1
France,Riots,1
France,Riots,2
France,Riots,1
France,Riots,1
France,Riots,1
France,Riots,1
France,Riots,1
France,Riots,1
France,Riots,1
France,Riots,5
France,Riots,1
France,Riots,1
France,Riots,1
France,Riots,1
France,Riots,1
France,Riots,1
France,Riots,1
France,Riots,5
France,Riots,3
France,Riots,2
France,Riots,3
France,Riots,1
France,Riots,1
France,Riots,1
France,Riots,32
France,Riots,4
France,Riots,1
France,Riots,1
France,Riots,1
France,Riots,1
France,Riots,1
France,Violence against civilians,1
France,Violence against civilians,1
France,Violence against civilians,1
France,Riots,2
France,Riots,1
France,Riots,1
France,Riots,1
France,Riots,1
France,Riots,1
France,Riots,1
France,Riots,1
France,Riots,1
France,Riots,1
France,Riots,1
France,Riots,1
France,Riots,1
France,Riots,1
France,Riots,1
France,Riots,1
France,Riots,2
France,Riots,1
France,Riots,1
France,Riots,2
France,Riots,1
France,Riots,1
France,Riots,2
France,Riots,1
France,Riots,1
France,Riots,4
France,Riots,1
France,Riots,1
France,Riots,4
France,Riots,1
France,Riots,1
France,Riots,1
France,Riots,1
France,Riots,2
France,Riots,2
France,Riots,1
France,Riots,3
France,Riots,1
France,Riots,1
France,Riots,2
France,Riots,1
France,Riots,1
France,Riots,1
France,Riots,2
France,Riots,2
France,Riots,1
France,Riots,1
France,Riots,1
France,Riots,1
France,Riots,1
France,Riots,2
France,Riots,1
France,Riots,1
France,Riots,3
France,Riots,10
France,Riots,9
France,Riots,4
France,Riots,4
France,Riots,3
France,Riots,1
France,Riots,1
France,Riots,1
France,Riots,13
France,Riots,2
France,Riots,1
France,Riots,1
France,Riots,1
France,Riots,1
France,Riots,2
France,Riots,1
France,Riots,1
France,Riots,1
France,Riots,1
France,Riots,1
France,Riots,1
France,Riots,1
France,Riots,1
France,Riots,4
France,Riots,1
France,Riots,1
France,Violence against civilians,1
France,Violence against civilians,1
France,Violence against civilians,1
France,Violence against civilians,1
France,Riots,1
France,Riots,2
France,Riots,3
France,Riots,1
France,Riots,1
France,Riots,1
France,Riots,1
France,Riots,1
France,Riots,1
France,Riots,1
France,Riots,1
France,Riots,1
France,Riots,1
France,Riots,1
France,Riots,1
France,Riots,1
France,Riots,2
France,Riots,23
France,Riots,1
France,Riots,1
France,Riots,1
France,Riots,1
France,Riots,1
France,Riots,1
France,Riots,1
France,Riots,1
France,Riots,1
France,Riots,1
France,Riots,1
France,Riots,1
France,Riots,1
France,Riots,1
France,Riots,2
France,Riots,15
France,Riots,3
France,Riots,3
France,Riots,5
France,Riots,1
France,Riots,2
France,Riots,1
France,Riots,1
France,Riots,1
France,Riots,1
France,Riots,2
France,Violence against civilians,1
France,Violence against civilians,1
France,Violence against civilians,1
France,Riots,1
France,Riots,1
France,Riots,1
France,Riots,1
France,Riots,4
France,Riots,2
France,Riots,1
France,Riots,1
France,Riots,1
France,Riots,1
France,Riots,1
France,Riots,1
France,Riots,1
France,Riots,1
France,Riots,1
France,Riots,1
France,Riots,1
France,Riots,2
France,Riots,1
France,Riots,1
France,Riots,1
France,Riots,2
France,Riots,1
France,Riots,1
France,Riots,1
France,Riots,1
France,Riots,1
France,Riots,1
France,Riots,1
France,Riots,1
France,Riots,1
France,Riots,1
France,Riots,1
France,Riots,1
France,Riots,1
France,Riots,1
France,Riots,2
France,Riots,2
France,Riots,1
France,Riots,1
France,Riots,1
France,Riots,1
France,Riots,1
France,Riots,2
France,Riots,2
France,Riots,1
France,Riots,1
France,Riots,10
France,Riots,1
France,Riots,3
France,Riots,1
France,Riots,2
France,Riots,31
France,Riots,1
France,Riots,1
France,Riots,1
France,Riots,1
France,Riots,1
France,Riots,2
France,Riots,1
France,Riots,1
France,Riots,2
France,Riots,1
France,Violence against civilians,1
France,Violence against civilians,1
France,Violence against civilians,1
France,Riots,1
France,Riots,1
France,Riots,1
France,Riots,1
France,Riots,1
France,Riots,1
France,Riots,1
France,Riots,1
France,Riots,1
France,Riots,1
France,Riots,2
France,Riots,2
France,Riots,1
France,Riots,1
France,Riots,1
France,Riots,1
France,Riots,2
France,Riots,1
France,Riots,1
France,Riots,1
France,Riots,1
France,Riots,1
France,Riots,1
France,Riots,1
France,Riots,1
France,Riots,1
France,Riots,1
France,Riots,1
France,Riots,1
France,Riots,2
France,Riots,1
France,Riots,2
France,Riots,5
France,Riots,1
France,Riots,1
France,Riots,4
France,Riots,1
France,Riots,2
France,Riots,1
France,Riots,1
France,Riots,1
France,Riots,2
France,Riots,6
France,Riots,2
France,Riots,1
France,Riots,1
France,Riots,1
France,Riots,2
France,Riots,1
France,Riots,1
France,Riots,1
France,Riots,1
France,Riots,1
France,Riots,1
France,Riots,1
France,Riots,1
France,Riots,7
France,Riots,7
France,Riots,1
France,Riots,1
France,Riots,1
France,Riots,1
France,Riots,52
France,Riots,2
France,Riots,1
France,Riots,1
France,Violence against civilians,1
France,Violence against civilians,1
France,Violence against civilians,1
France,Violence against civilians,1
France,Violence against civilians,1
France,Violence against civilians,1
France,Violence against civilians,1
France,Violence against civilians,1
France,Riots,2
France,Riots,1
France,Riots,1
France,Riots,1
France,Riots,6
France,Riots,3
France,Riots,1
France,Riots,3
France,Riots,9
France,Riots,3
France,Riots,1
France,Riots,2
France,Riots,1
France,Riots,1
France,Riots,1
France,Riots,1
France,Riots,1
France,Riots,1
France,Riots,1
France,Riots,1
France,Riots,1
France,Riots,3
France,Riots,1
France,Riots,1
France,Riots,1
France,Riots,1
France,Riots,2
France,Riots,1
France,Riots,1
France,Riots,1
France,Riots,1
France,Riots,4
France,Riots,1
France,Riots,2
France,Riots,1
France,Riots,1
France,Riots,1
France,Riots,1
France,Riots,4
France,Riots,1
France,Riots,1
France,Riots,1
France,Riots,1
France,Riots,2
France,Riots,2
France,Riots,9
France,Riots,1
France,Riots,2
France,Riots,1
France,Riots,1
France,Riots,2
France,Riots,1
France,Riots,1
France,Riots,2
France,Riots,10
France,Riots,1
France,Riots,2
France,Riots,1
France,Riots,1
France,Riots,1
France,Riots,1
France,Riots,1
France,Riots,1
France,Riots,1
France,Riots,1
France,Riots,2
France,Riots,1
France,Riots,1
France,Riots,1
France,Riots,1
France,Riots,1
France,Riots,1
France,Riots,1
France,Riots,1
France,Riots,2
France,Riots,1
France,Riots,1
France,Riots,1
France,Riots,1
France,Riots,1
France,Riots,1
France,Riots,4
France,Riots,1
France,Riots,1
France,Riots,2
France,Riots,1
France,Riots,1
France,Riots,2
France,Riots,2
France,Riots,1
France,Riots,16
France,Riots,2
France,Riots,3
France,Riots,3
France,Riots,1
France,Riots,1
France,Riots,1
France,Riots,1
France,Riots,13
France,Riots,2
France,Riots,1
France,Riots,1
France,Riots,1
France,Riots,1
France,Riots,1
France,Riots,1
France,Riots,1
France,Riots,1
France,Riots,1
France,Riots,2
France,Riots,1
France,Riots,13
France,Riots,1
France,Riots,1
France,Riots,1
France,Riots,1
France,Riots,1
France,Riots,1
France,Riots,1
France,Riots,1
France,Riots,1
France,Riots,1
France,Riots,2
France,Riots,1
France,Riots,1
France,Riots,1
France,Riots,1
France,Riots,1
France,Riots,6
France,Riots,1
France,Riots,1
France,Riots,1
France,Riots,1
France,Riots,1
France,Riots,1
France,Riots,1
France,Riots,1
France,Riots,3
France,Riots,5
France,Riots,1
France,Riots,1
France,Riots,2
France,Riots,2
France,Riots,1
France,Riots,1
France,Riots,2
France,Riots,1
France,Riots,148
France,Riots,2
France,Riots,1
France,Riots,1
France,Riots,1
France,Riots,2
France,Riots,2
France,Riots,1
France,Riots,2
France,Riots,1
France,Riots,1
France,Riots,1
France,Riots,1
France,Riots,1
France,Riots,1
France,Riots,1
France,Riots,1
France,Riots,1
France,Riots,1
France,Riots,1
France,Riots,1
France,Riots,2
France,Riots,2
France,Riots,1
France,Riots,1
France,Riots,1
France,Riots,1
France,Riots,1
France,Riots,1
France,Violence against civilians,1
France,Violence against civilians,1
France,Violence against civilians,1
France,Violence against civilians,1
France,Violence against civilians,1
France,Violence against civilians,1
France,Violence against civilians,1
France,Violence against civilians,1
France,Violence against civilians,1
France,Violence against civilians,1
France,Violence against civilians,1
France,Violence against civilians,1
France,Violence against civilians,1
France,Violence against civilians,2
France,Violence against civilians,1
France,Violence against civilians,2
France,Violence against civilians,1
France,Violence against civilians,1
France,Violence against civilians,1
France,Violence against civilians,1
France,Violence against civilians,1
France,Violence against civilians,1
France,Violence against civilians,1
France,Violence against civilians,1
France,Violence against civilians,1
France,Violence against civilians,1
France,Violence against civilians,1
France,Violence against civilians,1
France,Violence against civilians,1
France,Violence against civilians,1
France,Violence against civilians,1
France,Violence against civilians,1
France,Riots,1
France,Riots,2
France,Riots,1
France,Riots,1
France,Riots,1
France,Riots,1
France,Riots,1
France,Riots,1
France,Riots,1
France,Riots,1
France,Riots,1
France,Riots,1
France,Riots,1
France,Riots,1
France,Riots,1
France,Riots,1
France,Riots,1
France,Riots,1
France,Riots,1
France,Riots,1
France,Riots,3
France,Riots,1
France,Riots,2
France,Riots,2
France,Riots,1
France,Riots,1
France,Riots,1
France,Riots,1
France,Riots,1
France,Riots,1
France,Riots,2
France,Riots,1
France,Riots,2
France,Riots,2
France,Riots,1
France,Riots,1
France,Riots,2
France,Riots,1
France,Riots,1
France,Riots,2
France,Riots,2
France,Riots,1
France,Riots,4
France,Riots,4
France,Riots,1
France,Riots,1
France,Riots,2
France,Riots,35
France,Riots,2
France,Riots,1
France,Riots,1
France,Riots,1
France,Riots,1
France,Riots,1
France,Riots,1
France,Riots,1
France,Violence against civilians,1
France,Violence against civilians,1
France,Violence against civilians,1
France,Riots,1
France,Riots,1
France,Riots,1
France,Riots,1
France,Riots,1
France,Riots,1
France,Riots,1
France,Riots,1
France,Riots,1
France,Riots,1
France,Riots,1
France,Riots,1
France,Riots,1
France,Riots,1
France,Riots,2
France,Riots,1
France,Riots,1
France,Riots,1
France,Riots,1
France,Riots,1
France,Riots,1
France,Riots,1
France,Riots,1
France,Riots,1
France,Riots,3
France,Riots,1
France,Riots,2
France,Riots,1
France,Riots,1
France,Riots,1
France,Riots,1
France,Riots,2
France,Riots,1
France,Riots,3
France,Riots,1
France,Riots,1
France,Riots,1
France,Riots,1
France,Riots,1
France,Riots,1
France,Riots,1
France,Riots,1
France,Riots,1
France,Riots,1
France,Riots,1
France,Riots,1
France,Riots,1
France,Riots,1
France,Riots,2
France,Riots,1
France,Riots,1
France,Riots,2
France,Riots,1
France,Riots,1
France,Riots,1
France,Riots,1
France,Riots,11
France,Riots,9
France,Riots,1
France,Riots,3
France,Riots,1
France,Riots,1
France,Riots,1
France,Riots,1
France,Riots,35
France,Riots,7
France,Riots,1
France,Riots,1
France,Riots,1
France,Riots,1
France,Riots,2
France,Riots,1
France,Riots,2
France,Riots,1
France,Riots,1
France,Riots,1
France,Riots,1
France,Riots,1
France,Riots,1
France,Riots,1
France,Riots,1
France,Riots,1
France,Riots,1
France,Riots,1
France,Riots,2
France,Riots,1
France,Riots,2
France,Violence against civilians,1
France,Violence against civilians,1
France,Violence against civilians,1
France,Riots,1
France,Riots,1
France,Riots,1
France,Riots,1
France,Riots,1
France,Riots,1
France,Riots,1
France,Riots,1
France,Riots,1
France,Riots,1
France,Riots,1
France,Riots,1
France,Riots,1
France,Riots,1
France,Riots,1
France,Riots,1
France,Riots,2
France,Riots,1
France,Riots,1
France,Riots,1
France,Riots,1
France,Riots,1
France,Riots,1
France,Riots,1
France,Riots,2
France,Riots,1
France,Riots,1
France,Riots,1
France,Riots,1
France,Riots,1
France,Riots,1
France,Riots,1
France,Riots,2
France,Riots,1
France,Riots,1
France,Riots,1
France,Riots,1
France,Riots,1
France,Riots,1
France,Riots,1
France,Riots,1
France,Riots,1
France,Riots,1
France,Riots,2
France,Riots,1
France,Riots,1
France,Riots,1
France,Riots,1
France,Riots,2
France,Riots,1
France,Riots,1
France,Riots,1
France,Riots,3
France,Riots,1
France,Riots,1
France,Riots,2
France,Riots,2
France,Riots,2
France,Riots,1
France,Riots,1
France,Riots,1
France,Riots,1
France,Riots,1
France,Riots,1
France,Riots,1
France,Riots,1
France,Riots,1
France,Riots,1
France,Riots,5
France,Riots,2
France,Riots,2
France,Riots,2
France,Riots,2
France,Riots,1
France,Riots,1
France,Riots,15
France,Riots,5
France,Riots,2
France,Riots,3
France,Riots,1
France,Riots,1
France,Riots,2
France,Riots,2
France,Riots,1
France,Riots,1
France,Riots,1
France,Riots,3
France,Riots,1
France,Riots,1
France,Riots,2
France,Riots,1
France,Riots,1
France,Riots,1
France,Riots,2
France,Riots,2
France,Riots,2
France,Riots,1
France,Riots,1
France,Riots,1
France,Riots,1
France,Riots,1
France,Riots,3
France,Riots,2
France,Violence against civilians,1
France,Violence against civilians,1
France,Violence against civilians,1
France,Violence against civilians,1
France,Violence against civilians,1
France,Violence against civilians,1
France,Violence against civilians,1
France,Violence against civilians,1
France,Violence against civilians,2
France,Violence against civilians,1
France,Violence against civilians,1
France,Riots,1
France,Riots,1
France,Riots,1
France,Riots,1
France,Riots,1
France,Riots,1
France,Riots,2
France,Riots,1
France,Riots,1
France,Riots,1
France,Riots,1
France,Riots,1
France,Riots,1
France,Riots,2
France,Riots,1
France,Riots,1
France,Riots,2
France,Riots,1
France,Riots,1
France,Riots,1
France,Riots,1
France,Riots,1
France,Riots,1
France,Riots,1
France,Riots,1
France,Riots,1
France,Riots,1
France,Riots,1
France,Riots,5
France,Riots,1
France,Riots,1
France,Riots,1
France,Riots,1
France,Riots,2
France,Riots,1
France,Riots,1
France,Riots,1
France,Riots,1
France,Riots,1
France,Riots,1
France,Riots,1
France,Riots,1
France,Riots,1
France,Riots,1
France,Riots,1
France,Riots,1
France,Riots,1
France,Riots,1
France,Riots,1
France,Riots,3
France,Riots,6
France,Riots,3
France,Riots,3
France,Riots,1
France,Riots,2
France,Riots,2
France,Riots,2
France,Riots,12
France,Riots,2
France,Riots,1
France,Riots,3
France,Riots,2
France,Riots,1
France,Riots,1
France,Riots,1
France,Riots,1
France,Riots,1
France,Riots,1
France,Riots,1
France,Riots,1
France,Riots,1
France,Riots,2
France,Riots,1
France,Riots,1
France,Violence against civilians,1
France,Violence against civilians,1
France,Violence against civilians,1
France,Violence against civilians,1
France,Riots,1
France,Riots,1
France,Riots,1
France,Riots,1
France,Riots,1
France,Riots,1
France,Riots,1
France,Riots,1
France,Riots,1
France,Riots,1
France,Riots,1
France,Riots,1
France,Riots,1
France,Riots,2
France,Riots,1
France,Riots,1
France,Riots,1
France,Riots,1
France,Riots,1
France,Riots,1
France,Riots,1
France,Riots,1
France,Riots,1
France,Riots,2
France,Riots,1
France,Riots,2
France,Riots,1
France,Riots,1
France,Riots,1
France,Riots,1
France,Riots,1
France,Riots,1
France,Riots,1
France,Riots,1
France,Riots,1
France,Riots,1
France,Riots,1
France,Riots,1
France,Riots,2
France,Riots,1
France,Riots,2
France,Riots,1
France,Riots,2
France,Riots,1
France,Riots,1
France,Riots,1
France,Riots,1
France,Riots,1
France,Riots,1
France,Riots,1
France,Riots,1
France,Riots,1
France,Riots,1
France,Riots,1
France,Riots,1
France,Riots,1
France,Riots,1
France,Riots,1
France,Riots,1
France,Riots,1
France,Riots,1
France,Riots,4
France,Riots,4
France,Riots,1
France,Riots,3
France,Riots,1
France,Riots,21
France,Riots,2
France,Riots,1
France,Riots,1
France,Riots,1
France,Riots,1
France,Riots,2
France,Violence against civilians,1
France,Violence against civilians,1
France,Violence against civilians,1
France,Violence against civilians,1
France,Violence against civilians,1
Georgia,Riots,1
Georgia,Riots,1
Georgia,Riots,1
Georgia,Riots,1
Georgia,Riots,1
Georgia,Riots,1
Georgia,Riots,1
Georgia,Riots,2
Georgia,Violence against civilians,1
Georgia,Violence against civilians,1
Georgia,Violence against civilians,1
Georgia,Violence against civilians,1
Georgia,Violence against civilians,1
Georgia,Violence against civilians,1
Georgia,Violence against civilians,1
Georgia,Violence against civilians,1
Georgia,Violence against civilians,1
Georgia,Violence against civilians,1
Georgia,Violence against civilians,1
Georgia,Riots,1
Georgia,Riots,1
Georgia,Riots,1
Georgia,Riots,1
Georgia,Riots,1
Georgia,Riots,1
Georgia,Riots,1
Georgia,Riots,2
Georgia,Riots,1
Georgia,Riots,1
Georgia,Riots,1
Georgia,Riots,1
Georgia,Riots,1
Georgia,Riots,1
Georgia,Riots,2
Georgia,Riots,1
Georgia,Riots,1
Georgia,Riots,1
Georgia,Riots,1
Georgia,Riots,1
Georgia,Riots,1
Georgia,Riots,1
Georgia,Riots,1
Georgia,Riots,1
Georgia,Riots,1
Georgia,Riots,1
Georgia,Riots,1
Georgia,Riots,1
Georgia,Riots,1
Georgia,Violence against civilians,1
Georgia,Violence against civilians,1
Georgia,Riots,1
Georgia,Riots,1
Georgia,Riots,1
Georgia,Riots,1
Georgia,Riots,2
Georgia,Riots,1
Georgia,Riots,2
Georgia,Violence against civilians,1
Georgia,Violence against civilians,1
Georgia,Riots,1
Georgia,Riots,1
Georgia,Riots,1
Georgia,Riots,1
Georgia,Riots,1
Georgia,Riots,1
Georgia,Riots,1
Georgia,Riots,1
Georgia,Riots,2
Georgia,Riots,1
Georgia,Riots,1
Georgia,Riots,1
Georgia,Riots,1
Georgia,Riots,1
Georgia,Riots,1
Georgia,Riots,1
Georgia,Riots,1
Georgia,Riots,1
Georgia,Riots,1
Georgia,Violence against civilians,1
Georgia,Violence against civilians,1
Georgia,Violence against civilians,1
Georgia,Riots,1
Georgia,Riots,1
Georgia,Riots,1
Georgia,Riots,1
Georgia,Riots,2
Georgia,Riots,1
Georgia,Riots,1
Georgia,Riots,1
Georgia,Riots,1
Georgia,Violence against civilians,2
Georgia,Violence against civilians,1
Georgia,Violence against civilians,1
Georgia,Riots,1
Georgia,Riots,3
Georgia,Riots,1
Georgia,Riots,1
Georgia,Riots,1
Georgia,Riots,3
Georgia,Riots,1
Georgia,Riots,1
Georgia,Riots,1
Georgia,Riots,2
Georgia,Riots,1
Georgia,Riots,2
Georgia,Riots,1
Georgia,Riots,1
Georgia,Riots,1
Georgia,Riots,1
Georgia,Riots,1
Georgia,Riots,1
Georgia,Riots,1
Georgia,Violence against civilians,1
Georgia,Violence against civilians,1
Georgia,Violence against civilians,1
Georgia,Violence against civilians,1
Georgia,Violence against civilians,1
Georgia,Violence against civilians,1
Georgia,Violence against civilians,1
Georgia,Violence against civilians,1
Georgia,Violence against civilians,1
Georgia,Violence against civilians,1
Georgia,Violence against civilians,1
Georgia,Violence against civilians,1
Georgia,Violence against civilians,1
Georgia,Violence against civilians,1
Georgia,Violence against civilians,1
Georgia,Riots,1
Georgia,Riots,1
Georgia,Riots,1
Georgia,Riots,1
Georgia,Violence against civilians,1
Georgia,Violence against civilians,1
Georgia,Riots,1
Georgia,Violence against civilians,1
Georgia,Violence against civilians,1
Georgia,Explosions/Remote violence,1
Georgia,Riots,1
Georgia,Riots,1
Georgia,Riots,1
Georgia,Riots,1
Georgia,Riots,1
Georgia,Riots,1
Georgia,Riots,1
Georgia,Riots,1
Georgia,Riots,1
Georgia,Riots,1
Georgia,Riots,1
Georgia,Riots,1
Georgia,Riots,1
Georgia,Riots,1
Georgia,Riots,1
Georgia,Riots,1
Georgia,Riots,1
Georgia,Riots,1
Georgia,Riots,1
Georgia,Riots,2
Georgia,Riots,1
Georgia,Riots,1
Georgia,Violence against civilians,1
Georgia,Violence against civilians,1
Georgia,Violence against civilians,1
Georgia,Violence against civilians,2
Georgia,Violence against civilians,1
Georgia,Violence against civilians,1
Georgia,Violence against civilians,1
Georgia,Explosions/Remote violence,1
Georgia,Riots,1
Georgia,Riots,1
Georgia,Riots,1
Georgia,Riots,1
Georgia,Riots,1
Georgia,Violence against civilians,1
Georgia,Violence against civilians,1
Georgia,Violence against civilians,1
Georgia,Riots,1
Georgia,Riots,1
Georgia,Riots,1
Georgia,Riots,1
Georgia,Riots,1
Georgia,Riots,1
Georgia,Riots,1
Georgia,Riots,1
Georgia,Riots,1
Georgia,Violence against civilians,1
Georgia,Violence against civilians,1
Georgia,Violence against civilians,1
Georgia,Violence against civilians,1
Georgia,Violence against civilians,1
Georgia,Violence against civilians,1
Georgia,Violence against civilians,1
Georgia,Riots,1
Georgia,Riots,1
Georgia,Riots,1
Georgia,Riots,1
Georgia,Riots,1
Georgia,Riots,1
Georgia,Riots,1
Georgia,Riots,1
Georgia,Riots,2
Georgia,Riots,1
Georgia,Riots,1
Georgia,Riots,1
Georgia,Riots,1
Georgia,Riots,1
Georgia,Riots,1
Georgia,Riots,4
Georgia,Riots,1
Georgia,Riots,1
Georgia,Riots,1
Georgia,Riots,1
Georgia,Riots,1
Georgia,Riots,1
Georgia,Riots,1
Georgia,Riots,1
Georgia,Riots,1
Georgia,Riots,1
Georgia,Riots,2
Georgia,Riots,1
Georgia,Riots,1
Georgia,Riots,1
Georgia,Riots,1
Georgia,Riots,1
Georgia,Riots,1
Georgia,Riots,1
Georgia,Riots,1
Georgia,Riots,1
Georgia,Riots,1
Georgia,Riots,1
Georgia,Riots,1
Georgia,Riots,1
Georgia,Riots,1
Georgia,Riots,1
Georgia,Riots,2
Georgia,Riots,1
Georgia,Riots,1
Georgia,Riots,1
Georgia,Riots,1
Georgia,Riots,1
Georgia,Riots,2
Georgia,Riots,1
Georgia,Riots,3
Georgia,Riots,3
Georgia,Riots,2
Georgia,Riots,1
Georgia,Riots,1
Georgia,Riots,1
Georgia,Riots,1
Georgia,Riots,1
Georgia,Riots,3
Georgia,Riots,1
Georgia,Riots,1
Georgia,Riots,1
Georgia,Riots,1
Georgia,Riots,1
Georgia,Riots,1
Georgia,Riots,1
Georgia,Riots,1
Georgia,Riots,1
Georgia,Riots,1
Georgia,Riots,1
Georgia,Riots,1
Georgia,Riots,2
Georgia,Riots,1
Georgia,Riots,1
Georgia,Riots,2
Georgia,Riots,1
Georgia,Riots,1
Georgia,Riots,1
Georgia,Riots,4
Georgia,Riots,1
Georgia,Riots,1
Georgia,Riots,2
Georgia,Riots,1
Georgia,Riots,1
Georgia,Riots,1
Georgia,Violence against civilians,1
Georgia,Violence against civilians,1
Georgia,Violence against civilians,1
Georgia,Violence against civilians,1
Georgia,Violence against civilians,1
Georgia,Violence against civilians,1
Georgia,Violence against civilians,1
Georgia,Violence against civilians,1
Georgia,Violence against civilians,1
Georgia,Violence against civilians,2
Georgia,Violence against civilians,1
Georgia,Violence against civilians,1
Georgia,Violence against civilians,1
Georgia,Violence against civilians,1
Georgia,Violence against civilians,1
Georgia,Violence against civilians,3
Georgia,Violence against civilians,1
Georgia,Violence against civilians,1
Georgia,Violence against civilians,1
Georgia,Violence against civilians,2
Georgia,Violence against civilians,1
Georgia,Violence against civilians,1
Georgia,Violence against civilians,1
Georgia,Violence against civilians,1
Georgia,Violence against civilians,1
Georgia,Violence against civilians,1
Georgia,Violence against civilians,1
Georgia,Violence against civilians,1
Georgia,Violence against civilians,1
Georgia,Violence against civilians,1
Georgia,Violence against civilians,1
Georgia,Explosions/Remote violence,1
Georgia,Riots,1
Georgia,Riots,1
Georgia,Violence against civilians,1
Georgia,Violence against civilians,1
Georgia,Violence against civilians,1
Georgia,Violence against civilians,1
Georgia,Violence against civilians,1
Georgia,Violence against civilians,1
Germany,Riots,1
Germany,Riots,1
Germany,Riots,1
Germany,Riots,1
Germany,Riots,1
Germany,Riots,1
Germany,Riots,1
Germany,Riots,1
Germany,Riots,1
Germany,Riots,1
Germany,Riots,2
Germany,Riots,1
Germany,Riots,1
Germany,Riots,1
Germany,Riots,1
Germany,Riots,1
Germany,Riots,1
Germany,Riots,2
Germany,Riots,2
Germany,Riots,1
Germany,Riots,1
Germany,Riots,1
Germany,Riots,1
Germany,Riots,1
Germany,Riots,1
Germany,Riots,3
Germany,Riots,3
Germany,Riots,1
Germany,Riots,1
Germany,Riots,2
Germany,Riots,1
Germany,Riots,2
Germany,Riots,1
Germany,Riots,1
Germany,Riots,1
Germany,Riots,1
Germany,Riots,2
Germany,Riots,1
Germany,Riots,1
Germany,Riots,1
Germany,Riots,1
Germany,Riots,1
Germany,Riots,1
Germany,Riots,1
Germany,Riots,1
Germany,Riots,1
Germany,Riots,1
Germany,Riots,1
Germany,Riots,1
Germany,Riots,1
Germany,Riots,1
Germany,Violence against civilians,1
Germany,Violence against civilians,1
Germany,Violence against civilians,1
Germany,Violence against civilians,1
Germany,Violence against civilians,1
Germany,Violence against civilians,1
Germany,Violence against civilians,1
Germany,Violence against civilians,1
Germany,Violence against civilians,1
Germany,Riots,1
Germany,Riots,1
Germany,Riots,1
Germany,Riots,1
Germany,Riots,1
Germany,Riots,1
Germany,Riots,1
Germany,Riots,1
Germany,Riots,1
Germany,Riots,1
Germany,Riots,1
Germany,Riots,1
Germany,Riots,1
Germany,Riots,1
Germany,Riots,1
Germany,Riots,1
Germany,Riots,1
Germany,Riots,1
Germany,Riots,1
Germany,Riots,1
Germany,Riots,1
Germany,Riots,1
Germany,Riots,1
Germany,Riots,1
Germany,Riots,2
Germany,Riots,1
Germany,Riots,1
Germany,Riots,3
Germany,Riots,4
Germany,Riots,1
Germany,Riots,2
Germany,Riots,1
Germany,Riots,1
Germany,Riots,1
Germany,Riots,1
Germany,Riots,1
Germany,Riots,1
Germany,Riots,1
Germany,Riots,1
Germany,Riots,1
Germany,Riots,1
Germany,Riots,1
Germany,Violence against civilians,1
Germany,Violence against civilians,1
Germany,Violence against civilians,1
Germany,Violence against civilians,1
Germany,Violence against civilians,1
Germany,Violence against civilians,1
Germany,Violence against civilians,1
Germany,Explosions/Remote violence,1
Germany,Explosions/Remote violence,1
Germany,Riots,1
Germany,Riots,1
Germany,Riots,2
Germany,Riots,1
Germany,Riots,1
Germany,Riots,1
Germany,Riots,2
Germany,Riots,1
Germany,Riots,1
Germany,Riots,1
Germany,Riots,2
Germany,Riots,1
Germany,Riots,1
Germany,Riots,1
Germany,Riots,1
Germany,Riots,1
Germany,Riots,5
Germany,Riots,1
Germany,Riots,2
Germany,Riots,1
Germany,Riots,1
Germany,Riots,1
Germany,Riots,3
Germany,Riots,2
Germany,Riots,1
Germany,Riots,1
Germany,Riots,1
Germany,Riots,1
Germany,Riots,1
Germany,Riots,3
Germany,Riots,1
Germany,Riots,1
Germany,Riots,1
Germany,Riots,2
Germany,Riots,1
Germany,Riots,1
Germany,Riots,1
Germany,Riots,1
Germany,Riots,2
Germany,Riots,1
Germany,Riots,1
Germany,Riots,2
Germany,Riots,1
Germany,Riots,1
Germany,Riots,1
Germany,Riots,1
Germany,Riots,1
Germany,Riots,1
Germany,Riots,1
Germany,Riots,1
Germany,Riots,1
Germany,Riots,2
Germany,Riots,1
Germany,Riots,2
Germany,Riots,1
Germany,Riots,1
Germany,Riots,1
Germany,Riots,1
Germany,Riots,1
Germany,Riots,2
Germany,Riots,3
Germany,Riots,1
Germany,Riots,1
Germany,Riots,1
Germany,Riots,2
Germany,Riots,1
Germany,Riots,1
Germany,Riots,1
Germany,Riots,1
Germany,Riots,2
Germany,Riots,2
Germany,Riots,1
Germany,Riots,1
Germany,Riots,1
Germany,Riots,1
Germany,Riots,1
Germany,Riots,1
Germany,Riots,3
Germany,Riots,1
Germany,Riots,5
Germany,Riots,1
Germany,Riots,1
Germany,Riots,1
Germany,Riots,1
Germany,Riots,1
Germany,Riots,3
Germany,Riots,1
Germany,Riots,1
Germany,Riots,1
Germany,Riots,2
Germany,Riots,1
Germany,Riots,1
Germany,Riots,2
Germany,Riots,4
Germany,Riots,1
Germany,Riots,1
Germany,Riots,2
Germany,Riots,1
Germany,Riots,1
Germany,Riots,1
Germany,Riots,1
Germany,Riots,2
Germany,Riots,1
Germany,Riots,1
Germany,Riots,1
Germany,Riots,3
Germany,Riots,1
Germany,Riots,1
Germany,Riots,1
Germany,Riots,1
Germany,Riots,1
Germany,Riots,1
Germany,Riots,2
Germany,Riots,1
Germany,Riots,1
Germany,Riots,1
Germany,Riots,1
Germany,Riots,1
Germany,Riots,1
Germany,Riots,1
Germany,Riots,1
Germany,Riots,1
Germany,Riots,1
Germany,Riots,1
Germany,Riots,1
Germany,Riots,1
Germany,Riots,2
Germany,Riots,5
Germany,Riots,3
Germany,Riots,1
Germany,Riots,1
Germany,Riots,1
Germany,Riots,1
Germany,Riots,1
Germany,Riots,1
Germany,Riots,1
Germany,Riots,1
Germany,Riots,2
Germany,Riots,1
Germany,Riots,3
Germany,Riots,1
Germany,Riots,2
Germany,Riots,2
Germany,Riots,1
Germany,Riots,1
Germany,Riots,1
Germany,Riots,3
Germany,Riots,2
Germany,Riots,3
Germany,Riots,1
Germany,Riots,4
Germany,Riots,2
Germany,Riots,3
Germany,Riots,1
Germany,Riots,2
Germany,Riots,3
Germany,Riots,2
Germany,Riots,1
Germany,Riots,1
Germany,Riots,1
Germany,Riots,1
Germany,Riots,1
Germany,Riots,2
Germany,Riots,2
Germany,Riots,2
Germany,Riots,2
Germany,Riots,1
Germany,Riots,1
Germany,Riots,1
Germany,Riots,1
Germany,Riots,3
Germany,Riots,1
Germany,Riots,1
Germany,Riots,1
Germany,Riots,1
Germany,Riots,1
Germany,Riots,1
Germany,Riots,1
Germany,Riots,1
Germany,Riots,1
Germany,Riots,2
Germany,Riots,1
Germany,Riots,2
Germany,Violence against civilians,1
Germany,Violence against civilians,1
Germany,Violence against civilians,1
Germany,Violence against civilians,1
Germany,Violence against civilians,1
Germany,Violence against civilians,1
Germany,Violence against civilians,1
Germany,Violence against civilians,1
Germany,Violence against civilians,1
Germany,Riots,2
Germany,Riots,1
Germany,Riots,1
Germany,Riots,1
Germany,Riots,1
Germany,Riots,1
Germany,Riots,1
Germany,Riots,1
Germany,Riots,1
Germany,Riots,1
Germany,Riots,1
Germany,Riots,1
Germany,Riots,1
Germany,Riots,1
Germany,Riots,1
Germany,Riots,1
Germany,Riots,1
Germany,Riots,1
Germany,Riots,1
Germany,Riots,1
Germany,Riots,1
Germany,Riots,1
Germany,Violence against civilians,1
Germany,Violence against civilians,1
Germany,Violence against civilians,1
Germany,Violence against civilians,1
Germany,Riots,1
Germany,Riots,1
Germany,Riots,1
Germany,Riots,1
Germany,Riots,1
Germany,Riots,2
Germany,Riots,1
Germany,Riots,1
Germany,Riots,1
Germany,Riots,1
Germany,Riots,1
Germany,Explosions/Remote violence,1
Germany,Riots,1
Germany,Riots,1
Germany,Riots,1
Germany,Riots,1
Germany,Riots,1
Germany,Riots,1
Germany,Riots,1
Germany,Riots,2
Germany,Riots,1
Germany,Riots,1
Germany,Riots,1
Germany,Riots,1
Germany,Riots,1
Germany,Riots,1
Germany,Riots,1
Germany,Riots,1
Germany,Riots,1
Germany,Riots,1
Germany,Riots,1
Germany,Riots,1
Germany,Riots,1
Germany,Riots,1
Germany,Riots,2
Germany,Riots,1
Germany,Riots,1
Germany,Riots,1
Germany,Riots,1
Germany,Riots,1
Germany,Riots,1
Germany,Riots,1
Germany,Riots,1
Germany,Riots,1
Germany,Riots,1
Germany,Riots,1
Germany,Riots,1
Germany,Riots,1
Germany,Riots,1
Germany,Riots,1
Germany,Riots,1
Germany,Riots,1
Germany,Riots,1
Germany,Riots,1
Germany,Riots,1
Germany,Riots,1
Germany,Violence against civilians,1
Germany,Violence against civilians,1
Germany,Violence against civilians,1
Germany,Violence against civilians,1
Germany,Violence against civilians,1
Germany,Riots,1
Germany,Riots,1
Germany,Riots,1
Germany,Riots,1
Germany,Riots,1
Germany,Riots,1
Germany,Riots,1
Germany,Riots,1
Germany,Riots,1
Germany,Riots,1
Germany,Riots,1
Germany,Riots,1
Germany,Riots,2
Germany,Riots,2
Germany,Riots,1
Germany,Riots,1
Germany,Riots,1
Germany,Riots,1
Germany,Riots,1
Germany,Riots,1
Germany,Riots,1
Germany,Riots,1
Germany,Riots,1
Germany,Riots,1
Germany,Riots,1
Germany,Riots,1
Germany,Riots,1
Germany,Riots,1
Germany,Riots,1
Germany,Riots,1
Germany,Riots,1
Germany,Riots,1
Germany,Riots,1
Germany,Riots,1
Germany,Riots,1
Germany,Riots,1
Germany,Riots,1
Germany,Riots,1
Germany,Riots,1
Germany,Riots,1
Germany,Violence against civilians,1
Germany,Violence against civilians,1
Germany,Violence against civilians,1
Germany,Violence against civilians,1
Germany,Violence against civilians,1
Germany,Riots,1
Germany,Riots,2
Germany,Riots,1
Germany,Riots,1
Germany,Riots,1
Germany,Riots,1
Germany,Riots,1
Germany,Riots,1
Germany,Riots,1
Germany,Riots,1
Germany,Riots,1
Germany,Riots,1
Germany,Riots,1
Germany,Riots,1
Germany,Riots,2
Germany,Riots,1
Germany,Riots,1
Germany,Riots,1
Germany,Riots,1
Germany,Riots,1
Germany,Riots,1
Germany,Violence against civilians,1
Germany,Explosions/Remote violence,1
Germany,Explosions/Remote violence,1
Germany,Riots,1
Germany,Riots,1
Germany,Riots,1
Germany,Riots,1
Germany,Riots,1
Germany,Riots,1
Germany,Riots,1
Germany,Riots,1
Germany,Riots,1
Germany,Riots,1
Germany,Riots,1
Germany,Riots,1
Germany,Riots,1
Germany,Riots,1
Germany,Riots,1
Germany,Riots,1
Germany,Riots,1
Germany,Riots,1
Germany,Riots,1
Germany,Riots,1
Germany,Riots,1
Germany,Riots,1
Germany,Riots,1
Germany,Riots,2
Germany,Riots,1
Germany,Riots,1
Germany,Riots,1
Germany,Riots,1
Germany,Riots,1
Germany,Riots,1
Germany,Riots,1
Germany,Riots,3
Germany,Riots,1
Germany,Riots,1
Germany,Riots,2
Germany,Riots,1
Germany,Riots,1
Germany,Riots,1
Germany,Riots,1
Germany,Riots,3
Germany,Riots,1
Germany,Riots,1
Germany,Riots,1
Germany,Riots,1
Germany,Riots,1
Germany,Riots,2
Germany,Riots,1
Germany,Riots,1
Germany,Riots,1
Germany,Riots,1
Germany,Violence against civilians,1
Germany,Violence against civilians,1
Germany,Violence against civilians,1
Germany,Violence against civilians,1
Germany,Violence against civilians,1
Germany,Violence against civilians,1
Germany,Explosions/Remote violence,1
Germany,Explosions/Remote violence,1
Germany,Riots,1
Germany,Riots,2
Germany,Riots,1
Germany,Riots,1
Germany,Riots,1
Germany,Riots,1
Germany,Riots,1
Germany,Riots,1
Germany,Riots,1
Germany,Riots,1
Germany,Riots,1
Germany,Riots,1
Germany,Riots,1
Germany,Riots,1
Germany,Riots,1
Germany,Riots,1
Germany,Riots,1
Germany,Riots,1
Germany,Riots,1
Germany,Riots,1
Germany,Riots,2
Germany,Riots,1
Germany,Riots,1
Germany,Riots,1
Germany,Riots,1
Germany,Riots,1
Germany,Riots,1
Germany,Riots,1
Germany,Riots,1
Germany,Riots,1
Germany,Riots,1
Germany,Riots,1
Germany,Riots,1
Germany,Riots,1
Germany,Riots,3
Germany,Riots,2
Germany,Riots,1
Germany,Riots,1
Germany,Riots,1
Germany,Riots,1
Germany,Riots,1
Germany,Riots,1
Germany,Riots,1
Germany,Riots,2
Germany,Riots,1
Germany,Riots,1
Germany,Riots,1
Germany,Riots,2
Germany,Riots,4
Germany,Riots,1
Germany,Riots,1
Germany,Riots,1
Germany,Riots,1
Germany,Riots,1
Germany,Riots,1
Germany,Riots,1
Germany,Riots,1
Germany,Riots,1
Germany,Riots,1
Germany,Riots,1
Germany,Riots,1
Germany,Riots,1
Germany,Riots,1
Germany,Riots,1
Germany,Riots,3
Germany,Riots,1
Germany,Riots,1
Germany,Riots,1
Germany,Violence against civilians,1
Germany,Violence against civilians,2
Germany,Violence against civilians,1
Germany,Violence against civilians,2
Germany,Violence against civilians,1
Germany,Violence against civilians,1
Germany,Violence against civilians,1
Germany,Violence against civilians,1
Germany,Riots,1
Germany,Riots,1
Germany,Riots,1
Germany,Riots,1
Germany,Riots,1
Germany,Riots,1
Germany,Riots,2
Germany,Riots,1
Germany,Riots,2
Germany,Riots,1
Germany,Riots,1
Germany,Riots,1
Germany,Riots,1
Germany,Riots,1
Germany,Violence against civilians,1
Germany,Riots,1
Germany,Violence against civilians,1
Germany,Violence against civilians,1
Germany,Explosions/Remote violence,1
Germany,Riots,1
Germany,Riots,1
Germany,Riots,1
Germany,Riots,1
Germany,Riots,1
Germany,Riots,2
Germany,Riots,1
Germany,Riots,1
Germany,Riots,1
Germany,Riots,1
Germany,Riots,1
Germany,Riots,1
Germany,Riots,1
Germany,Riots,3
Germany,Riots,2
Germany,Riots,1
Germany,Riots,1
Germany,Riots,1
Germany,Riots,2
Germany,Riots,1
Germany,Riots,1
Germany,Riots,1
Germany,Riots,1
Germany,Riots,1
Germany,Riots,1
Germany,Riots,1
Germany,Riots,1
Germany,Riots,1
Germany,Riots,1
Germany,Riots,1
Germany,Riots,1
Germany,Riots,1
Germany,Riots,1
Germany,Riots,1
Germany,Riots,1
Germany,Riots,1
Germany,Riots,1
Germany,Riots,1
Germany,Riots,1
Germany,Riots,1
Germany,Riots,1
Germany,Riots,1
Germany,Riots,1
Germany,Riots,1
Germany,Riots,1
Germany,Riots,1
Germany,Riots,1
Germany,Riots,1
Germany,Riots,1
Germany,Riots,3
Germany,Riots,1
Germany,Riots,1
Germany,Riots,1
Germany,Riots,3
Germany,Riots,1
Germany,Riots,1
Germany,Riots,2
Germany,Riots,2
Germany,Riots,1
Germany,Riots,1
Germany,Riots,1
Germany,Riots,2
Germany,Riots,2
Germany,Riots,3
Germany,Riots,2
Germany,Riots,1
Germany,Riots,1
Germany,Riots,1
Germany,Riots,1
Germany,Riots,2
Germany,Riots,1
Germany,Riots,1
Germany,Riots,2
Germany,Riots,2
Germany,Riots,1
Germany,Riots,2
Germany,Riots,1
Germany,Riots,2
Germany,Riots,2
Germany,Riots,2
Germany,Riots,3
Germany,Riots,2
Germany,Riots,1
Germany,Riots,1
Germany,Riots,2
Germany,Riots,1
Germany,Riots,1
Germany,Riots,1
Germany,Riots,1
Germany,Riots,2
Germany,Riots,2
Germany,Riots,1
Germany,Riots,1
Germany,Riots,1
Germany,Riots,1
Germany,Riots,1
Germany,Riots,1
Germany,Riots,1
Germany,Riots,1
Germany,Riots,1
Germany,Riots,1
Germany,Riots,1
Germany,Riots,1
Germany,Riots,2
Germany,Riots,1
Germany,Riots,1
Germany,Riots,1
Germany,Violence against civilians,1
Germany,Violence against civilians,1
Germany,Violence against civilians,1
Germany,Violence against civilians,1
Germany,Violence against civilians,1
Germany,Violence against civilians,1
Germany,Violence against civilians,1
Germany,Violence against civilians,1
Germany,Explosions/Remote violence,1
Germany,Riots,1
Germany,Riots,1
Germany,Riots,1
Germany,Riots,1
Germany,Riots,1
Germany,Riots,1
Germany,Riots,1
Germany,Riots,1
Germany,Riots,1
Germany,Riots,1
Germany,Riots,2
Germany,Riots,1
Germany,Riots,1
Germany,Riots,1
Germany,Riots,1
Germany,Riots,2
Germany,Riots,1
Germany,Riots,2
Germany,Riots,1
Germany,Riots,1
Germany,Riots,1
Germany,Riots,1
Germany,Riots,1
Germany,Violence against civilians,1
Germany,Violence against civilians,1
Germany,Violence against civilians,1
Germany,Violence against civilians,1
Germany,Violence against civilians,1
Germany,Riots,1
Germany,Riots,1
Germany,Riots,1
Germany,Riots,1
Germany,Riots,1
Germany,Riots,1
Germany,Riots,1
Germany,Riots,1
Germany,Riots,1
Germany,Riots,1
Germany,Riots,1
Germany,Riots,1
Germany,Riots,1
Germany,Riots,1
Germany,Riots,1
Germany,Riots,1
Germany,Riots,1
Germany,Violence against civilians,1
Germany,Riots,1
Germany,Riots,1
Germany,Riots,1
Germany,Riots,1
Germany,Riots,1
Germany,Riots,1
Germany,Riots,1
Germany,Riots,1
Germany,Riots,1
Germany,Riots,1
Germany,Riots,1
Germany,Riots,1
Germany,Riots,1
Germany,Riots,1
Germany,Riots,3
Germany,Riots,1
Germany,Riots,2
Germany,Riots,1
Germany,Riots,1
Germany,Riots,1
Germany,Riots,1
Germany,Riots,1
Germany,Riots,1
Germany,Violence against civilians,1
Germany,Violence against civilians,1
Germany,Violence against civilians,1
Greece,Riots,1
Greece,Riots,1
Greece,Riots,1
Greece,Riots,2
Greece,Riots,1
Greece,Riots,1
Greece,Riots,1
Greece,Riots,1
Greece,Riots,2
Greece,Riots,9
Greece,Riots,1
Greece,Riots,2
Greece,Riots,1
Greece,Riots,1
Greece,Riots,1
Greece,Riots,1
Greece,Riots,1
Greece,Riots,1
Greece,Riots,1
Greece,Riots,1
Greece,Riots,1
Greece,Riots,1
Greece,Riots,1
Greece,Riots,1
Greece,Riots,2
Greece,Riots,1
Greece,Riots,1
Greece,Riots,1
Greece,Riots,1
Greece,Riots,1
Greece,Riots,1
Greece,Riots,1
Greece,Riots,1
Greece,Riots,2
Greece,Riots,3
Greece,Riots,8
Greece,Riots,1
Greece,Riots,1
Greece,Riots,2
Greece,Riots,1
Greece,Riots,1
Greece,Riots,1
Greece,Riots,1
Greece,Riots,2
Greece,Violence against civilians,1
Greece,Violence against civilians,1
Greece,Violence against civilians,1
Greece,Violence against civilians,1
Greece,Violence against civilians,1
Greece,Violence against civilians,1
Greece,Violence against civilians,1
Greece,Violence against civilians,1
Greece,Violence against civilians,1
Greece,Violence against civilians,1
Greece,Violence against civilians,1
Greece,Violence against civilians,1
Greece,Violence against civilians,1
Greece,Violence against civilians,2
Greece,Violence against civilians,1
Greece,Violence against civilians,1
Greece,Violence against civilians,1
Greece,Violence against civilians,1
Greece,Violence against civilians,1
Greece,Violence against civilians,1
Greece,Violence against civilians,1
Greece,Violence against civilians,1
Greece,Violence against civilians,1
Greece,Violence against civilians,1
Greece,Violence against civilians,1
Greece,Violence against civilians,1
Greece,Violence against civilians,1
Greece,Violence against civilians,1
Greece,Violence against civilians,1
Greece,Explosions/Remote violence,1
Greece,Violence against civilians,1
Greece,Explosions/Remote violence,1
Greece,Explosions/Remote violence,1
Greece,Explosions/Remote violence,1
Greece,Explosions/Remote violence,1
Greece,Explosions/Remote violence,1
Greece,Explosions/Remote violence,1
Greece,Explosions/Remote violence,1
Greece,Explosions/Remote violence,1
Greece,Explosions/Remote violence,1
Greece,Explosions/Remote violence,2
Greece,Explosions/Remote violence,1
Greece,Explosions/Remote violence,1
Greece,Explosions/Remote violence,1
Greece,Explosions/Remote violence,1
Greece,Explosions/Remote violence,1
Greece,Explosions/Remote violence,1
Greece,Explosions/Remote violence,2
Greece,Explosions/Remote violence,1
Greece,Explosions/Remote violence,1
Greece,Explosions/Remote violence,1
Greece,Explosions/Remote violence,1
Greece,Explosions/Remote violence,1
Greece,Explosions/Remote violence,1
Greece,Explosions/Remote violence,1
Greece,Explosions/Remote violence,2
Greece,Explosions/Remote violence,1
Greece,Explosions/Remote violence,1
Greece,Explosions/Remote violence,2
Greece,Explosions/Remote violence,1
Greece,Explosions/Remote violence,2
Greece,Explosions/Remote violence,1
Greece,Explosions/Remote violence,1
Greece,Explosions/Remote violence,1
Greece,Explosions/Remote violence,1
Greece,Explosions/Remote violence,1
Greece,Explosions/Remote violence,1
Greece,Explosions/Remote violence,2
Greece,Explosions/Remote violence,1
Greece,Explosions/Remote violence,1
Greece,Explosions/Remote violence,1
Greece,Explosions/Remote violence,1
Greece,Explosions/Remote violence,1
Greece,Explosions/Remote violence,1
Greece,Explosions/Remote violence,2
Greece,Explosions/Remote violence,1
Greece,Explosions/Remote violence,1
Greece,Explosions/Remote violence,1
Greece,Explosions/Remote violence,1
Greece,Explosions/Remote violence,1
Greece,Explosions/Remote violence,1
Greece,Explosions/Remote violence,2
Greece,Explosions/Remote violence,2
Greece,Explosions/Remote violence,2
Greece,Explosions/Remote violence,1
Greece,Explosions/Remote violence,1
Greece,Explosions/Remote violence,1
Greece,Explosions/Remote violence,2
Greece,Explosions/Remote violence,1
Greece,Explosions/Remote violence,1
Greece,Explosions/Remote violence,1
Greece,Explosions/Remote violence,1
Greece,Explosions/Remote violence,1
Greece,Explosions/Remote violence,1
Greece,Explosions/Remote violence,1
Greece,Explosions/Remote violence,2
Greece,Explosions/Remote violence,1
Greece,Explosions/Remote violence,1
Greece,Explosions/Remote violence,1
Greece,Explosions/Remote violence,1
Greece,Explosions/Remote violence,1
Greece,Explosions/Remote violence,1
Greece,Explosions/Remote violence,1
Greece,Explosions/Remote violence,1
Greece,Explosions/Remote violence,1
Greece,Explosions/Remote violence,1
Greece,Explosions/Remote violence,1
Greece,Explosions/Remote violence,1
Greece,Explosions/Remote violence,1
Greece,Explosions/Remote violence,1
Greece,Explosions/Remote violence,2
Greece,Explosions/Remote violence,1
Greece,Riots,1
Greece,Riots,1
Greece,Riots,1
Greece,Riots,2
Greece,Riots,2
Greece,Riots,1
Greece,Riots,1
Greece,Riots,1
Greece,Riots,4
Greece,Riots,1
Greece,Riots,1
Greece,Riots,1
Greece,Riots,1
Greece,Riots,1
Greece,Riots,3
Greece,Riots,1
Greece,Riots,2
Greece,Riots,2
Greece,Riots,1
Greece,Riots,2
Greece,Riots,2
Greece,Riots,1
Greece,Riots,1
Greece,Riots,1
Greece,Riots,1
Greece,Riots,1
Greece,Riots,2
Greece,Riots,1
Greece,Riots,1
Greece,Riots,3
Greece,Riots,1
Greece,Riots,2
Greece,Riots,3
Greece,Riots,1
Greece,Riots,1
Greece,Riots,4
Greece,Riots,3
Greece,Riots,1
Greece,Riots,4
Greece,Riots,4
Greece,Riots,7
Greece,Riots,4
Greece,Riots,4
Greece,Riots,4
Greece,Riots,5
Greece,Riots,4
Greece,Riots,1
Greece,Riots,2
Greece,Riots,2
Greece,Riots,1
Greece,Riots,2
Greece,Riots,3
Greece,Riots,1
Greece,Riots,4
Greece,Riots,1
Greece,Riots,2
Greece,Riots,2
Greece,Riots,3
Greece,Riots,1
Greece,Riots,5
Greece,Riots,3
Greece,Riots,2
Greece,Riots,2
Greece,Riots,1
Greece,Riots,1
Greece,Riots,1
Greece,Riots,1
Greece,Riots,2
Greece,Riots,2
Greece,Riots,1
Greece,Riots,3
Greece,Riots,1
Greece,Riots,1
Greece,Riots,1
Greece,Riots,1
Greece,Riots,1
Greece,Riots,1
Greece,Riots,1
Greece,Riots,1
Greece,Riots,1
Greece,Riots,1
Greece,Riots,1
Greece,Riots,2
Greece,Riots,1
Greece,Riots,1
Greece,Riots,1
Greece,Riots,1
Greece,Riots,2
Greece,Riots,1
Greece,Riots,1
Greece,Riots,3
Greece,Riots,1
Greece,Riots,2
Greece,Riots,1
Greece,Riots,1
Greece,Riots,1
Greece,Riots,1
Greece,Riots,1
Greece,Riots,1
Greece,Riots,1
Greece,Riots,1
Greece,Riots,1
Greece,Riots,3
Greece,Riots,1
Greece,Riots,5
Greece,Riots,3
Greece,Riots,3
Greece,Riots,1
Greece,Riots,1
Greece,Riots,1
Greece,Riots,3
Greece,Riots,4
Greece,Riots,3
Greece,Riots,1
Greece,Riots,2
Greece,Riots,1
Greece,Riots,1
Greece,Riots,1
Greece,Riots,1
Greece,Riots,1
Greece,Riots,1
Greece,Riots,2
Greece,Riots,1
Greece,Riots,3
Greece,Riots,3
Greece,Riots,1
Greece,Riots,1
Greece,Riots,1
Greece,Riots,2
Greece,Riots,2
Greece,Riots,2
Greece,Riots,1
Greece,Riots,1
Greece,Riots,1
Greece,Riots,1
Greece,Riots,1
Greece,Riots,1
Greece,Riots,1
Greece,Riots,2
Greece,Riots,3
Greece,Riots,2
Greece,Riots,1
Greece,Riots,1
Greece,Riots,1
Greece,Riots,3
Greece,Riots,1
Greece,Riots,1
Greece,Riots,1
Greece,Riots,1
Greece,Riots,1
Greece,Riots,1
Greece,Riots,2
Greece,Riots,1
Greece,Riots,1
Greece,Riots,1
Greece,Riots,1
Greece,Riots,2
Greece,Riots,1
Greece,Riots,1
Greece,Riots,1
Greece,Riots,1
Greece,Riots,4
Greece,Riots,7
Greece,Riots,2
Greece,Riots,1
Greece,Riots,2
Greece,Riots,2
Greece,Riots,1
Greece,Riots,1
Greece,Riots,1
Greece,Riots,1
Greece,Riots,2
Greece,Riots,1
Greece,Riots,1
Greece,Riots,1
Greece,Riots,1
Greece,Riots,1
Greece,Riots,1
Greece,Riots,1
Greece,Riots,1
Greece,Riots,2
Greece,Riots,1
Greece,Riots,2
Greece,Riots,1
Greece,Riots,1
Greece,Riots,2
Greece,Riots,2
Greece,Riots,1
Greece,Riots,1
Greece,Riots,1
Greece,Riots,2
Greece,Riots,1
Greece,Riots,1
Greece,Riots,1
Greece,Riots,1
Greece,Riots,1
Greece,Riots,3
Greece,Riots,2
Greece,Riots,1
Greece,Riots,1
Greece,Riots,2
Greece,Riots,1
Greece,Riots,1
Greece,Riots,1
Greece,Riots,3
Greece,Riots,2
Greece,Riots,2
Greece,Riots,1
Greece,Riots,7
Greece,Riots,1
Greece,Riots,2
Greece,Riots,2
Greece,Riots,1
Greece,Riots,1
Greece,Riots,2
Greece,Riots,1
Greece,Riots,1
Greece,Riots,1
Greece,Riots,3
Greece,Riots,2
Greece,Riots,1
Greece,Riots,2
Greece,Riots,1
Greece,Riots,1
Greece,Riots,1
Greece,Riots,1
Greece,Riots,4
Greece,Riots,1
Greece,Riots,2
Greece,Riots,1
Greece,Riots,1
Greece,Riots,3
Greece,Riots,1
Greece,Riots,2
Greece,Riots,2
Greece,Riots,4
Greece,Riots,6
Greece,Riots,2
Greece,Riots,3
Greece,Riots,3
Greece,Riots,1
Greece,Riots,3
Greece,Riots,2
Greece,Riots,1
Greece,Riots,1
Greece,Riots,1
Greece,Riots,1
Greece,Riots,2
Greece,Riots,4
Greece,Riots,1
Greece,Riots,1
Greece,Riots,1
Greece,Riots,1
Greece,Riots,1
Greece,Riots,2
Greece,Riots,1
Greece,Riots,2
Greece,Riots,1
Greece,Riots,1
Greece,Riots,2
Greece,Riots,4
Greece,Riots,5
Greece,Riots,1
Greece,Riots,1
Greece,Riots,1
Greece,Riots,2
Greece,Riots,1
Greece,Riots,5
Greece,Riots,2
Greece,Riots,1
Greece,Riots,2
Greece,Riots,1
Greece,Riots,1
Greece,Riots,2
Greece,Riots,2
Greece,Riots,3
Greece,Riots,1
Greece,Riots,3
Greece,Riots,2
Greece,Riots,2
Greece,Riots,3
Greece,Riots,2
Greece,Riots,1
Greece,Riots,3
Greece,Riots,2
Greece,Riots,1
Greece,Riots,2
Greece,Riots,2
Greece,Riots,1
Greece,Riots,2
Greece,Riots,2
Greece,Riots,2
Greece,Riots,2
Greece,Riots,1
Greece,Riots,5
Greece,Riots,1
Greece,Riots,1
Greece,Riots,1
Greece,Riots,1
Greece,Riots,1
Greece,Riots,2
Greece,Riots,3
Greece,Riots,1
Greece,Riots,1
Greece,Riots,1
Greece,Riots,1
Greece,Riots,5
Greece,Riots,1
Greece,Riots,1
Greece,Riots,1
Greece,Riots,3
Greece,Riots,1
Greece,Riots,1
Greece,Riots,1
Greece,Riots,1
Greece,Riots,1
Greece,Riots,1
Greece,Riots,2
Greece,Riots,1
Greece,Riots,3
Greece,Riots,1
Greece,Riots,1
Greece,Riots,1
Greece,Riots,1
Greece,Riots,3
Greece,Riots,1
Greece,Riots,1
Greece,Riots,1
Greece,Riots,1
Greece,Riots,12
Greece,Riots,2
Greece,Riots,1
Greece,Riots,2
Greece,Riots,3
Greece,Riots,2
Greece,Riots,2
Greece,Riots,1
Greece,Riots,1
Greece,Riots,2
Greece,Riots,1
Greece,Riots,1
Greece,Riots,1
Greece,Riots,2
Greece,Riots,2
Greece,Riots,3
Greece,Riots,2
Greece,Riots,2
Greece,Riots,2
Greece,Riots,1
Greece,Riots,1
Greece,Riots,1
Greece,Riots,2
Greece,Riots,2
Greece,Riots,2
Greece,Riots,1
Greece,Riots,1
Greece,Riots,1
Greece,Riots,1
Greece,Riots,1
Greece,Riots,2
Greece,Riots,2
Greece,Riots,1
Greece,Riots,1
Greece,Riots,2
Greece,Riots,1
Greece,Riots,1
Greece,Riots,1
Greece,Riots,2
Greece,Riots,1
Greece,Riots,2
Greece,Riots,1
Greece,Riots,1
Greece,Riots,1
Greece,Riots,1
Greece,Riots,1
Greece,Riots,1
Greece,Riots,1
Greece,Riots,1
Greece,Riots,1
Greece,Violence against civilians,1
Greece,Violence against civilians,1
Greece,Violence against civilians,1
Greece,Violence against civilians,1
Greece,Violence against civilians,1
Greece,Violence against civilians,1
Greece,Violence against civilians,1
Greece,Violence against civilians,1
Greece,Violence against civilians,1
Greece,Violence against civilians,1
Greece,Violence against civilians,2
Greece,Violence against civilians,1
Greece,Violence against civilians,1
Greece,Violence against civilians,1
Greece,Violence against civilians,1
Greece,Violence against civilians,1
Greece,Violence against civilians,2
Greece,Violence against civilians,1
Greece,Violence against civilians,1
Greece,Violence against civilians,1
Greece,Violence against civilians,1
Greece,Violence against civilians,1
Greece,Violence against civilians,1
Greece,Violence against civilians,1
Greece,Violence against civilians,1
Greece,Violence against civilians,1
Greece,Violence against civilians,1
Greece,Violence against civilians,1
Greece,Violence against civilians,1
Greece,Violence against civilians,1
Greece,Violence against civilians,2
Greece,Violence against civilians,1
Greece,Violence against civilians,1
Greece,Violence against civilians,1
Greece,Violence against civilians,1
Greece,Violence against civilians,1
Greece,Violence against civilians,2
Greece,Violence against civilians,1
Greece,Violence against civilians,1
Greece,Violence against civilians,2
Greece,Violence against civilians,1
Greece,Violence against civilians,1
Greece,Violence against civilians,1
Greece,Violence against civilians,1
Greece,Violence against civilians,1
Greece,Violence against civilians,2
Greece,Violence against civilians,1
Greece,Violence against civilians,1
Greece,Violence against civilians,2
Greece,Violence against civilians,2
Greece,Violence against civilians,2
Greece,Violence against civilians,1
Greece,Violence against civilians,1
Greece,Violence against civilians,1
Greece,Violence against civilians,1
Greece,Violence against civilians,1
Greece,Violence against civilians,1
Greece,Violence against civilians,1
Greece,Violence against civilians,1
Greece,Violence against civilians,3
Greece,Violence against civilians,2
Greece,Violence against civilians,1
Greece,Violence against civilians,1
Greece,Violence against civilians,1
Greece,Violence against civilians,3
Greece,Violence against civilians,1
Greece,Violence against civilians,1
Greece,Violence against civilians,1
Greece,Violence against civilians,1
Greece,Violence against civilians,1
Greece,Violence against civilians,1
Greece,Violence against civilians,1
Greece,Violence against civilians,1
Greece,Violence against civilians,1
Greece,Violence against civilians,1
Greece,Violence against civilians,2
Greece,Explosions/Remote violence,1
Greece,Riots,1
Greece,Riots,1
Greece,Riots,1
Greece,Riots,1
Greece,Riots,1
Greece,Riots,1
Greece,Riots,1
Greece,Riots,1
Greece,Riots,1
Greece,Riots,1
Greece,Riots,1
Greece,Riots,1
Greece,Riots,2
Greece,Riots,1
Greece,Riots,1
Greece,Riots,1
Greece,Riots,3
Greece,Riots,2
Greece,Riots,1
Greece,Riots,1
Greece,Riots,1
Greece,Riots,1
Greece,Riots,1
Greece,Riots,1
Greece,Riots,1
Greece,Riots,1
Greece,Riots,1
Greece,Riots,1
Greece,Riots,1
Greece,Riots,1
Greece,Riots,1
Greece,Riots,1
Greece,Riots,1
Greece,Riots,1
Greece,Riots,1
Greece,Riots,1
Greece,Violence against civilians,1
Greece,Violence against civilians,1
Greece,Violence against civilians,1
Greece,Violence against civilians,1
Greece,Violence against civilians,1
Greece,Violence against civilians,1
Greece,Violence against civilians,1
Greece,Violence against civilians,1
Greece,Violence against civilians,1
Greece,Violence against civilians,1
Greece,Violence against civilians,1
Greece,Riots,1
Greece,Riots,1
Greece,Riots,1
Greece,Riots,1
Greece,Riots,1
Greece,Riots,1
Greece,Riots,1
Greece,Riots,1
Greece,Riots,1
Greece,Riots,1
Greece,Riots,1
Greece,Violence against civilians,1
Greece,Violence against civilians,1
Greece,Violence against civilians,1
Greece,Explosions/Remote violence,1
Greece,Explosions/Remote violence,1
Greece,Explosions/Remote violence,1
Greece,Explosions/Remote violence,1
Greece,Explosions/Remote violence,1
Greece,Explosions/Remote violence,1
Greece,Explosions/Remote violence,1
Greece,Explosions/Remote violence,1
Greece,Explosions/Remote violence,1
Greece,Explosions/Remote violence,1
Greece,Explosions/Remote violence,1
Greece,Explosions/Remote violence,1
Greece,Explosions/Remote violence,1
Greece,Explosions/Remote violence,1
Greece,Explosions/Remote violence,2
Greece,Explosions/Remote violence,1
Greece,Explosions/Remote violence,1
Greece,Explosions/Remote violence,1
Greece,Explosions/Remote violence,1
Greece,Riots,1
Greece,Riots,1
Greece,Riots,1
Greece,Riots,1
Greece,Riots,1
Greece,Riots,1
Greece,Riots,1
Greece,Riots,2
Greece,Riots,2
Greece,Riots,2
Greece,Riots,2
Greece,Riots,1
Greece,Riots,1
Greece,Riots,1
Greece,Riots,2
Greece,Riots,2
Greece,Riots,2
Greece,Riots,1
Greece,Riots,2
Greece,Riots,1
Greece,Riots,1
Greece,Riots,1
Greece,Riots,1
Greece,Riots,1
Greece,Riots,3
Greece,Riots,1
Greece,Riots,1
Greece,Riots,1
Greece,Riots,1
Greece,Riots,1
Greece,Riots,4
Greece,Riots,5
Greece,Riots,4
Greece,Riots,1
Greece,Riots,2
Greece,Riots,1
Greece,Riots,1
Greece,Riots,1
Greece,Riots,1
Greece,Riots,1
Greece,Riots,1
Greece,Riots,1
Greece,Riots,1
Greece,Riots,1
Greece,Riots,1
Greece,Riots,2
Greece,Riots,2
Greece,Riots,1
Greece,Riots,1
Greece,Riots,1
Greece,Riots,1
Greece,Riots,1
Greece,Riots,2
Greece,Riots,1
Greece,Riots,1
Greece,Riots,1
Greece,Riots,1
Greece,Riots,1
Greece,Riots,1
Greece,Riots,1
Greece,Riots,1
Greece,Riots,1
Greece,Riots,1
Greece,Riots,1
Greece,Riots,1
Greece,Riots,1
Greece,Riots,1
Greece,Riots,1
Greece,Riots,1
Greece,Riots,1
Greece,Riots,1
Greece,Riots,2
Greece,Riots,1
Greece,Riots,1
Greece,Riots,3
Greece,Riots,1
Greece,Riots,1
Greece,Riots,2
Greece,Riots,1
Greece,Riots,1
Greece,Riots,1
Greece,Riots,1
Greece,Riots,1
Greece,Riots,1
Greece,Riots,1
Greece,Riots,1
Greece,Riots,1
Greece,Riots,1
Greece,Riots,1
Greece,Riots,2
Greece,Riots,4
Greece,Riots,1
Greece,Riots,1
Greece,Riots,1
Greece,Riots,2
Greece,Riots,1
Greece,Riots,1
Greece,Riots,1
Greece,Riots,1
Greece,Riots,1
Greece,Riots,1
Greece,Riots,1
Greece,Riots,2
Greece,Riots,3
Greece,Riots,2
Greece,Riots,1
Greece,Riots,5
Greece,Riots,2
Greece,Riots,2
Greece,Riots,1
Greece,Riots,1
Greece,Riots,2
Greece,Riots,1
Greece,Riots,1
Greece,Riots,1
Greece,Riots,1
Greece,Riots,1
Greece,Riots,1
Greece,Riots,1
Greece,Riots,1
Greece,Riots,1
Greece,Riots,2
Greece,Riots,1
Greece,Riots,1
Greece,Riots,2
Greece,Riots,1
Greece,Riots,1
Greece,Riots,1
Greece,Riots,1
Greece,Riots,1
Greece,Riots,1
Greece,Riots,1
Greece,Riots,1
Greece,Riots,2
Greece,Riots,1
Greece,Riots,3
Greece,Riots,1
Greece,Riots,1
Greece,Riots,2
Greece,Riots,1
Greece,Riots,2
Greece,Riots,1
Greece,Riots,1
Greece,Riots,1
Greece,Riots,1
Greece,Riots,2
Greece,Riots,1
Greece,Riots,1
Greece,Riots,2
Greece,Riots,1
Greece,Riots,3
Greece,Riots,1
Greece,Riots,2
Greece,Riots,1
Greece,Riots,2
Greece,Riots,2
Greece,Riots,1
Greece,Riots,1
Greece,Riots,1
Greece,Riots,2
Greece,Riots,1
Greece,Riots,1
Greece,Riots,1
Greece,Riots,2
Greece,Riots,1
Greece,Riots,1
Greece,Riots,1
Greece,Riots,10
Greece,Riots,1
Greece,Riots,2
Greece,Riots,2
Greece,Riots,1
Greece,Riots,1
Greece,Riots,1
Greece,Riots,3
Greece,Riots,1
Greece,Riots,1
Greece,Riots,1
Greece,Riots,2
Greece,Riots,2
Greece,Riots,1
Greece,Riots,2
Greece,Riots,2
Greece,Riots,1
Greece,Riots,1
Greece,Riots,1
Greece,Riots,1
Greece,Riots,1
Greece,Riots,1
Greece,Riots,1
Greece,Riots,1
Greece,Riots,1
Greece,Riots,2
Greece,Riots,1
Greece,Riots,1
Greece,Riots,1
Greece,Riots,1
Greece,Riots,1
Greece,Violence against civilians,2
Greece,Violence against civilians,1
Greece,Violence against civilians,1
Greece,Violence against civilians,1
Greece,Violence against civilians,1
Greece,Violence against civilians,1
Greece,Violence against civilians,1
Greece,Violence against civilians,1
Greece,Violence against civilians,1
Greece,Violence against civilians,1
Greece,Violence against civilians,1
Greece,Violence against civilians,1
Greece,Violence against civilians,1
Greece,Violence against civilians,1
Greece,Violence against civilians,1
Greece,Violence against civilians,1
Greece,Violence against civilians,1
Greece,Violence against civilians,1
Greece,Violence against civilians,1
Greece,Violence against civilians,1
Greece,Violence against civilians,1
Greece,Violence against civilians,2
Greece,Violence against civilians,1
Greece,Violence against civilians,1
Greece,Violence against civilians,1
Greece,Violence against civilians,1
Greece,Violence against civilians,1
Greece,Violence against civilians,1
Greece,Violence against civilians,1
Greece,Violence against civilians,1
Greece,Violence against civilians,2
Greece,Violence against civilians,1
Greece,Violence against civilians,1
Greece,Violence against civilians,1
Greece,Violence against civilians,1
Greece,Violence against civilians,1
Greece,Violence against civilians,1
Greece,Violence against civilians,1
Greece,Violence against civilians,1
Greece,Violence against civilians,1
Greece,Violence against civilians,1
Greece,Violence against civilians,2
Greece,Violence against civilians,1
Greece,Violence against civilians,1
Greece,Violence against civilians,1
Greece,Violence against civilians,1
Greece,Violence against civilians,1
Greece,Violence against civilians,1
Greece,Explosions/Remote violence,1
Greece,Explosions/Remote violence,1
Greece,Explosions/Remote violence,1
Greece,Explosions/Remote violence,1
Greece,Explosions/Remote violence,1
Greece,Explosions/Remote violence,1
Greece,Explosions/Remote violence,1
Greece,Riots,1
Greece,Riots,2
Greece,Riots,1
Greece,Riots,1
Greece,Riots,2
Greece,Riots,1
Greece,Riots,1
Greece,Riots,1
Greece,Riots,1
Greece,Riots,1
Greece,Riots,1
Greece,Riots,1
Greece,Riots,1
Greece,Riots,1
Greece,Riots,1
Greece,Riots,1
Greece,Riots,2
Greece,Riots,1
Greece,Riots,1
Greece,Riots,1
Greece,Riots,1
Greece,Riots,1
Greece,Riots,1
Greece,Riots,1
Greece,Riots,1
Greece,Riots,1
Greece,Riots,1
Greece,Riots,1
Greece,Riots,1
Greece,Riots,1
Greece,Riots,1
Greece,Riots,1
Greece,Riots,1
Greece,Riots,2
Greece,Riots,1
Greece,Riots,1
Greece,Riots,1
Greece,Riots,1
Greece,Riots,1
Greece,Riots,1
Greece,Riots,2
Greece,Riots,1
Greece,Riots,1
Greece,Riots,1
Greece,Riots,1
Greece,Riots,1
Greece,Riots,1
Greece,Riots,2
Greece,Riots,1
Greece,Riots,1
Greece,Riots,1
Greece,Riots,1
Greece,Riots,4
Greece,Riots,1
Greece,Riots,1
Greece,Riots,1
Greece,Riots,1
Greece,Riots,1
Greece,Riots,2
Greece,Riots,1
Greece,Riots,1
Greece,Riots,1
Greece,Riots,2
Greece,Riots,1
Greece,Riots,1
Greece,Riots,1
Greece,Riots,1
Greece,Riots,1
Greece,Violence against civilians,1
Greece,Violence against civilians,1
Greece,Violence against civilians,1
Greece,Violence against civilians,1
Greece,Violence against civilians,1
Greece,Violence against civilians,1
Greece,Violence against civilians,1
Greece,Violence against civilians,1
Greece,Riots,2
Greece,Riots,1
Greece,Riots,1
Greece,Riots,1
Greece,Riots,1
Greece,Riots,1
Greece,Riots,1
Greece,Riots,1
Greece,Riots,3
Greece,Riots,1
Greece,Riots,1
Greece,Riots,1
Greece,Riots,1
Greece,Riots,1
Greece,Riots,1
Greece,Riots,1
Greece,Riots,1
Greece,Riots,1
Greece,Riots,1
Greece,Riots,1
Greece,Riots,1
Greece,Riots,3
Greece,Riots,1
Greece,Riots,1
Greece,Riots,2
Greece,Riots,2
Greece,Riots,1
Greece,Riots,3
Greece,Riots,1
Greece,Riots,2
Greece,Riots,1
Greece,Riots,1
Greece,Riots,1
Greece,Riots,1
Greece,Riots,1
Greece,Riots,1
Greece,Riots,1
Greece,Violence against civilians,1
Greece,Violence against civilians,1
Greece,Violence against civilians,1
Greece,Violence against civilians,1
Greece,Violence against civilians,1
Greece,Violence against civilians,1
Greece,Violence against civilians,1
Greece,Violence against civilians,1
Greece,Violence against civilians,1
Greece,Violence against civilians,1
Greece,Violence against civilians,1
Greece,Violence against civilians,1
Greece,Violence against civilians,1
Greece,Violence against civilians,1
Greece,Violence against civilians,1
Hungary,Riots,1
Hungary,Riots,1
Hungary,Riots,1
Hungary,Riots,1
Hungary,Riots,5
Hungary,Riots,2
Hungary,Riots,1
Hungary,Violence against civilians,1
Hungary,Violence against civilians,1
Hungary,Violence against civilians,1
Hungary,Violence against civilians,2
Hungary,Violence against civilians,1
Hungary,Violence against civilians,1
Hungary,Violence against civilians,1
Hungary,Violence against civilians,1
Hungary,Violence against civilians,1
Hungary,Riots,1
Hungary,Violence against civilians,1
Hungary,Riots,1
Hungary,Riots,1
Hungary,Violence against civilians,2
Hungary,Violence against civilians,1
Hungary,Violence against civilians,1
Hungary,Violence against civilians,1
Hungary,Violence against civilians,1
Hungary,Violence against civilians,1
Hungary,Violence against civilians,1
Hungary,Violence against civilians,1
Hungary,Riots,1
Hungary,Riots,1
Iceland,Riots,1
Iceland,Riots,1
Iceland,Riots,1
Iceland,Violence against civilians,1
Iceland,Violence against civilians,1
Ireland,Riots,1
Ireland,Riots,1
Ireland,Riots,1
Ireland,Violence against civilians,1
Ireland,Riots,1
Ireland,Riots,1
Ireland,Riots,1
Ireland,Riots,1
Ireland,Riots,1
Ireland,Riots,1
Ireland,Riots,1
Ireland,Riots,1
Ireland,Riots,1
Ireland,Riots,1
Ireland,Riots,1
Ireland,Riots,1
Ireland,Riots,1
Ireland,Riots,1
Ireland,Riots,1
Ireland,Riots,1
Ireland,Riots,1
Ireland,Riots,1
Ireland,Riots,1
Ireland,Riots,1
Ireland,Riots,1
Ireland,Riots,1
Ireland,Violence against civilians,1
Ireland,Riots,1
Ireland,Violence against civilians,1
Ireland,Riots,1
Ireland,Riots,1
Ireland,Riots,1
Ireland,Riots,1
Ireland,Riots,1
Ireland,Riots,1
Ireland,Riots,1
Ireland,Violence against civilians,1
Italy,Explosions/Remote violence,1
Italy,Riots,1
Italy,Riots,1
Italy,Riots,1
Italy,Riots,1
Italy,Riots,1
Italy,Riots,1
Italy,Riots,1
Italy,Riots,1
Italy,Riots,1
Italy,Riots,1
Italy,Riots,1
Italy,Riots,1
Italy,Riots,1
Italy,Riots,1
Italy,Riots,1
Italy,Explosions/Remote violence,1
Italy,Riots,1
Italy,Riots,1
Italy,Riots,1
Italy,Riots,2
Italy,Riots,1
Italy,Riots,1
Italy,Riots,1
Italy,Riots,1
Italy,Riots,1
Italy,Riots,1
Italy,Violence against civilians,1
Italy,Violence against civilians,1
Italy,Violence against civilians,1
Italy,Violence against civilians,1
Italy,Explosions/Remote violence,1
Italy,Explosions/Remote violence,1
Italy,Explosions/Remote violence,2
Italy,Explosions/Remote violence,2
Italy,Riots,1
Italy,Riots,1
Italy,Riots,2
Italy,Riots,1
Italy,Riots,1
Italy,Riots,3
Italy,Riots,2
Italy,Riots,1
Italy,Riots,1
Italy,Riots,1
Italy,Riots,1
Italy,Riots,1
Italy,Riots,1
Italy,Riots,2
Italy,Riots,1
Italy,Riots,1
Italy,Riots,1
Italy,Riots,1
Italy,Riots,1
Italy,Riots,1
Italy,Riots,1
Italy,Riots,1
Italy,Riots,1
Italy,Riots,1
Italy,Riots,1
Italy,Riots,1
Italy,Riots,1
Italy,Riots,1
Italy,Riots,1
Italy,Riots,1
Italy,Riots,1
Italy,Riots,4
Italy,Riots,1
Italy,Riots,1
Italy,Riots,1
Italy,Riots,1
Italy,Riots,1
Italy,Riots,1
Italy,Riots,1
Italy,Riots,1
Italy,Riots,2
Italy,Riots,3
Italy,Riots,1
Italy,Riots,1
Italy,Riots,1
Italy,Riots,1
Italy,Riots,1
Italy,Riots,1
Italy,Riots,1
Italy,Riots,1
Italy,Riots,1
Italy,Riots,1
Italy,Riots,2
Italy,Riots,1
Italy,Violence against civilians,1
Italy,Violence against civilians,1
Italy,Violence against civilians,1
Italy,Violence against civilians,1
Italy,Violence against civilians,1
Italy,Violence against civilians,2
Italy,Riots,2
Italy,Riots,1
Italy,Riots,1
Italy,Riots,1
Italy,Riots,1
Italy,Riots,1
Italy,Riots,1
Italy,Riots,1
Italy,Riots,1
Italy,Riots,1
Italy,Riots,1
Italy,Riots,2
Italy,Riots,1
Italy,Riots,1
Italy,Riots,5
Italy,Riots,1
Italy,Riots,1
Italy,Riots,1
Italy,Riots,1
Italy,Riots,1
Italy,Riots,1
Italy,Riots,1
Italy,Riots,1
Italy,Riots,1
Italy,Riots,1
Italy,Riots,2
Italy,Riots,1
Italy,Riots,1
Italy,Riots,1
Italy,Riots,1
Italy,Riots,1
Italy,Riots,1
Italy,Riots,1
Italy,Riots,1
Italy,Riots,1
Italy,Riots,1
Italy,Riots,1
Italy,Riots,1
Italy,Riots,1
Italy,Riots,1
Italy,Riots,1
Italy,Riots,1
Italy,Riots,2
Italy,Riots,1
Italy,Violence against civilians,1
Italy,Violence against civilians,1
Italy,Violence against civilians,1
Italy,Violence against civilians,1
Italy,Riots,1
Italy,Riots,1
Italy,Riots,1
Italy,Riots,1
Italy,Riots,1
Italy,Riots,1
Italy,Riots,1
Italy,Riots,1
Italy,Riots,1
Italy,Riots,1
Italy,Riots,1
Italy,Riots,1
Italy,Riots,1
Italy,Riots,1
Italy,Riots,1
Italy,Riots,1
Italy,Riots,1
Italy,Riots,2
Italy,Riots,1
Italy,Riots,2
Italy,Riots,1
Italy,Riots,1
Italy,Riots,1
Italy,Riots,2
Italy,Riots,1
Italy,Riots,1
Italy,Riots,1
Italy,Riots,1
Italy,Riots,1
Italy,Riots,1
Italy,Riots,1
Italy,Riots,1
Italy,Riots,1
Italy,Riots,1
Italy,Riots,1
Italy,Riots,1
Italy,Explosions/Remote violence,1
Italy,Riots,1
Italy,Riots,1
Italy,Riots,1
Italy,Riots,1
Italy,Riots,1
Italy,Riots,1
Italy,Riots,1
Italy,Riots,1
Italy,Riots,1
Italy,Riots,1
Italy,Riots,2
Italy,Riots,1
Italy,Riots,1
Italy,Riots,3
Italy,Riots,1
Italy,Riots,1
Italy,Riots,1
Italy,Riots,2
Italy,Riots,1
Italy,Riots,1
Italy,Riots,1
Italy,Riots,1
Italy,Riots,1
Italy,Riots,1
Italy,Riots,1
Italy,Riots,1
Italy,Riots,1
Italy,Riots,1
Italy,Riots,1
Italy,Riots,1
Italy,Riots,1
Italy,Riots,1
Italy,Riots,1
Italy,Riots,1
Italy,Riots,1
Italy,Riots,2
Italy,Riots,1
Italy,Riots,1
Italy,Riots,1
Italy,Riots,1
Italy,Riots,1
Italy,Riots,1
Italy,Riots,1
Italy,Riots,1
Italy,Riots,1
Italy,Riots,1
Italy,Riots,1
Italy,Riots,1
Italy,Riots,1
Italy,Riots,1
Italy,Riots,6
Italy,Riots,1
Italy,Riots,1
Italy,Riots,3
Italy,Riots,1
Italy,Riots,1
Italy,Riots,1
Italy,Riots,1
Italy,Riots,1
Italy,Riots,1
Italy,Riots,1
Italy,Riots,1
Italy,Riots,1
Italy,Riots,2
Italy,Riots,2
Italy,Riots,2
Italy,Riots,1
Italy,Riots,1
Italy,Riots,1
Italy,Riots,1
Italy,Riots,1
Italy,Riots,1
Italy,Riots,1
Italy,Riots,1
Italy,Riots,1
Italy,Riots,1
Italy,Riots,1
Italy,Riots,1
Italy,Riots,1
Italy,Riots,1
Italy,Riots,1
Italy,Riots,1
Italy,Riots,1
Italy,Riots,1
Italy,Riots,1
Italy,Riots,1
Italy,Riots,1
Italy,Riots,1
Italy,Riots,1
Italy,Riots,1
Italy,Riots,1
Italy,Riots,1
Italy,Riots,1
Italy,Riots,1
Italy,Riots,1
Italy,Riots,1
Italy,Violence against civilians,1
Italy,Violence against civilians,1
Italy,Explosions/Remote violence,1
Italy,Riots,1
Italy,Riots,1
Italy,Riots,1
Italy,Riots,1
Italy,Riots,1
Italy,Riots,1
Italy,Riots,1
Italy,Riots,1
Italy,Riots,1
Italy,Riots,1
Italy,Riots,1
Italy,Riots,1
Italy,Riots,1
Italy,Riots,2
Italy,Riots,1
Italy,Riots,1
Italy,Riots,1
Italy,Riots,1
Italy,Riots,1
Italy,Riots,1
Italy,Riots,1
Italy,Riots,1
Italy,Riots,1
Italy,Riots,1
Italy,Violence against civilians,1
Italy,Riots,1
Italy,Riots,1
Italy,Riots,1
Italy,Riots,1
Italy,Riots,1
Italy,Riots,1
Italy,Riots,1
Italy,Riots,1
Italy,Riots,1
Italy,Riots,1
Italy,Riots,1
Italy,Riots,1
Italy,Riots,1
Italy,Riots,1
Italy,Riots,1
Italy,Riots,1
Italy,Riots,1
Italy,Riots,1
Italy,Riots,1
Italy,Riots,1
Italy,Riots,1
Italy,Riots,1
Italy,Riots,1
Italy,Riots,1
Italy,Riots,1
Italy,Riots,1
Italy,Riots,1
Italy,Riots,1
Italy,Riots,1
Italy,Riots,1
Italy,Riots,1
Italy,Riots,1
Italy,Riots,1
Italy,Riots,2
Italy,Riots,1
Italy,Riots,1
Italy,Riots,1
Italy,Riots,1
Italy,Riots,1
Italy,Riots,1
Italy,Riots,5
Italy,Riots,1
Italy,Riots,2
Italy,Riots,1
Italy,Riots,1
Italy,Riots,1
Italy,Riots,1
Italy,Riots,1
Italy,Riots,1
Italy,Riots,1
Italy,Riots,1
Italy,Riots,1
Italy,Riots,1
Italy,Riots,1
Italy,Riots,1
Italy,Riots,1
Italy,Riots,1
Italy,Riots,1
Italy,Riots,1
Italy,Riots,1
Italy,Riots,2
Italy,Riots,1
Italy,Riots,1
Italy,Riots,1
Italy,Riots,1
Italy,Riots,1
Italy,Riots,1
Italy,Riots,1
Italy,Riots,1
Italy,Riots,1
Italy,Riots,2
Italy,Riots,1
Italy,Riots,1
Italy,Riots,1
Italy,Riots,1
Italy,Riots,1
Italy,Riots,1
Italy,Riots,1
Italy,Riots,2
Italy,Riots,1
Italy,Riots,1
Italy,Violence against civilians,1
Italy,Violence against civilians,1
Italy,Violence against civilians,1
Italy,Violence against civilians,1
Italy,Violence against civilians,1
Italy,Riots,1
Italy,Riots,1
Italy,Riots,1
Italy,Riots,1
Italy,Riots,1
Italy,Riots,1
Italy,Riots,2
Italy,Riots,1
Italy,Riots,1
Italy,Riots,1
Italy,Riots,1
Italy,Riots,1
Italy,Riots,2
Italy,Riots,1
Italy,Riots,1
Italy,Riots,1
Italy,Riots,1
Italy,Riots,1
Italy,Riots,1
Italy,Riots,1
Italy,Riots,1
Italy,Riots,1
Italy,Riots,1
Italy,Riots,1
Italy,Riots,1
Italy,Riots,2
Italy,Riots,1
Italy,Riots,1
Italy,Riots,1
Italy,Riots,1
Italy,Riots,3
Italy,Riots,3
Italy,Riots,1
Italy,Riots,2
Italy,Riots,1
Italy,Riots,1
Italy,Riots,1
Italy,Riots,1
Italy,Riots,1
Italy,Riots,1
Italy,Riots,1
Italy,Riots,2
Italy,Riots,1
Italy,Riots,1
Italy,Riots,1
Italy,Riots,1
Italy,Riots,3
Italy,Riots,1
Italy,Riots,1
Italy,Riots,1
Italy,Riots,1
Italy,Riots,2
Italy,Riots,1
Italy,Riots,1
Italy,Riots,1
Italy,Riots,1
Italy,Riots,1
Italy,Riots,1
Italy,Riots,1
Italy,Riots,1
Italy,Riots,2
Italy,Riots,1
Italy,Riots,3
Italy,Riots,1
Italy,Riots,1
Italy,Riots,1
Italy,Riots,1
Italy,Riots,1
Italy,Riots,2
Italy,Riots,2
Italy,Riots,1
Italy,Riots,2
Italy,Riots,1
Italy,Riots,3
Italy,Riots,1
Italy,Riots,1
Italy,Riots,1
Italy,Riots,1
Italy,Riots,1
Italy,Riots,1
Italy,Riots,1
Italy,Riots,1
Italy,Riots,1
Italy,Riots,2
Italy,Riots,1
Italy,Riots,1
Italy,Riots,1
Italy,Riots,1
Italy,Riots,2
Italy,Riots,1
Italy,Riots,1
Italy,Riots,3
Italy,Riots,1
Italy,Riots,1
Italy,Riots,1
Italy,Riots,1
Italy,Riots,2
Italy,Riots,1
Italy,Riots,1
Italy,Riots,1
Italy,Riots,1
Italy,Riots,1
Italy,Riots,1
Italy,Riots,1
Italy,Riots,1
Italy,Riots,2
Italy,Riots,1
Italy,Riots,1
Italy,Riots,1
Italy,Riots,1
Italy,Riots,1
Italy,Riots,1
Italy,Riots,1
Italy,Riots,1
Italy,Riots,2
Italy,Riots,2
Italy,Riots,1
Italy,Riots,1
Italy,Riots,2
Italy,Riots,1
Italy,Riots,1
Italy,Riots,1
Italy,Riots,1
Italy,Riots,1
Italy,Riots,1
Italy,Riots,3
Italy,Violence against civilians,1
Italy,Violence against civilians,1
Italy,Explosions/Remote violence,2
Italy,Riots,1
Italy,Riots,2
Italy,Riots,1
Italy,Riots,2
Italy,Riots,1
Italy,Riots,2
Italy,Riots,1
Italy,Riots,1
Italy,Riots,1
Italy,Riots,1
Italy,Riots,1
Italy,Riots,1
Italy,Riots,1
Italy,Riots,1
Italy,Riots,1
Italy,Riots,1
Italy,Riots,1
Italy,Riots,1
Italy,Riots,1
Italy,Riots,4
Italy,Riots,1
Italy,Riots,1
Italy,Riots,2
Italy,Riots,1
Italy,Riots,1
Italy,Riots,1
Italy,Riots,1
Italy,Riots,1
Italy,Riots,1
Italy,Violence against civilians,1
Italy,Violence against civilians,1
Italy,Violence against civilians,1
Italy,Violence against civilians,1
Italy,Violence against civilians,2
Italy,Violence against civilians,1
Italy,Violence against civilians,1
Italy,Explosions/Remote violence,1
Italy,Explosions/Remote violence,1
Italy,Explosions/Remote violence,1
Italy,Riots,1
Italy,Riots,1
Italy,Riots,1
Italy,Riots,1
Italy,Riots,1
Italy,Riots,1
Italy,Riots,1
Italy,Riots,1
Italy,Riots,1
Italy,Riots,1
Italy,Riots,1
Italy,Riots,1
Italy,Riots,1
Italy,Riots,1
Italy,Riots,1
Italy,Riots,1
Italy,Violence against civilians,1
Italy,Explosions/Remote violence,1
Italy,Riots,2
Italy,Riots,1
Italy,Riots,1
Italy,Riots,1
Italy,Riots,1
Italy,Riots,1
Italy,Riots,1
Italy,Riots,2
Italy,Riots,1
Italy,Riots,1
Italy,Riots,1
Italy,Riots,1
Italy,Riots,1
Italy,Riots,1
Italy,Riots,1
Italy,Riots,1
Italy,Riots,1
Italy,Riots,1
Italy,Riots,1
Italy,Riots,1
Italy,Riots,1
Italy,Riots,1
Italy,Riots,2
Italy,Riots,1
Italy,Riots,1
Italy,Riots,2
Italy,Riots,1
Italy,Riots,1
Italy,Riots,1
Italy,Riots,1
Italy,Riots,1
Italy,Riots,1
Italy,Riots,1
Italy,Riots,1
Italy,Riots,1
Italy,Riots,1
Italy,Riots,1
Italy,Riots,1
Italy,Riots,1
Italy,Riots,2
Italy,Riots,3
Italy,Riots,1
Italy,Riots,1
Italy,Riots,1
Italy,Riots,1
Italy,Riots,1
Italy,Riots,1
Italy,Riots,1
Italy,Riots,1
Italy,Riots,5
Italy,Riots,1
Italy,Riots,2
Italy,Riots,1
Italy,Riots,3
Italy,Riots,1
Italy,Riots,1
Italy,Riots,1
Italy,Riots,1
Italy,Riots,1
Italy,Riots,1
Italy,Riots,1
Italy,Riots,1
Italy,Riots,1
Italy,Riots,2
Italy,Riots,1
Italy,Riots,1
Italy,Riots,1
Italy,Violence against civilians,1
Italy,Violence against civilians,1
Italy,Violence against civilians,1
Italy,Violence against civilians,1
Italy,Riots,1
Italy,Riots,1
Italy,Riots,1
Italy,Riots,1
Italy,Riots,1
Italy,Riots,2
Italy,Riots,1
Italy,Riots,1
Italy,Riots,2
Italy,Riots,1
Italy,Riots,1
Italy,Riots,1
Italy,Riots,1
Italy,Riots,1
Italy,Riots,1
Italy,Riots,1
Italy,Riots,1
Italy,Riots,1
Italy,Riots,1
Italy,Riots,1
Italy,Riots,4
Italy,Riots,1
Italy,Riots,2
Italy,Riots,1
Italy,Riots,1
Italy,Riots,1
Italy,Riots,1
Italy,Riots,1
Italy,Riots,1
Italy,Riots,1
Italy,Riots,1
Italy,Riots,1
Italy,Riots,1
Italy,Riots,1
Italy,Riots,1
Italy,Riots,1
Italy,Riots,1
Italy,Riots,1
Italy,Violence against civilians,1
Italy,Violence against civilians,2
Italy,Violence against civilians,1
Italy,Violence against civilians,1
Italy,Violence against civilians,1
Italy,Riots,1
Italy,Riots,1
Italy,Riots,1
Italy,Riots,1
Italy,Riots,1
Italy,Riots,1
Italy,Riots,1
Italy,Riots,1
Italy,Riots,1
Italy,Riots,1
Italy,Riots,1
Italy,Riots,1
Italy,Riots,1
Italy,Riots,1
Italy,Riots,1
Italy,Riots,1
Italy,Riots,1
Italy,Riots,1
Italy,Riots,1
Italy,Riots,1
Italy,Riots,1
Italy,Riots,1
Italy,Riots,1
Italy,Riots,1
Italy,Riots,1
Italy,Riots,1
Italy,Riots,2
Italy,Riots,1
Italy,Riots,1
Italy,Riots,2
Italy,Riots,1
Italy,Riots,1
Italy,Riots,1
Italy,Riots,1
Italy,Riots,1
Italy,Riots,1
Italy,Riots,1
Italy,Riots,1
Italy,Riots,1
Italy,Riots,1
Italy,Riots,1
Italy,Riots,1
Italy,Riots,1
Italy,Riots,1
Italy,Riots,1
Italy,Riots,1
Italy,Violence against civilians,1
Italy,Violence against civilians,1
Italy,Violence against civilians,1
Kazakhstan,Explosions/Remote violence,1
Kazakhstan,Riots,1
Kazakhstan,Riots,1
Kazakhstan,Riots,1
Kazakhstan,Riots,2
Kazakhstan,Riots,1
Kazakhstan,Riots,1
Kazakhstan,Riots,1
Kazakhstan,Riots,1
Kazakhstan,Riots,1
Kazakhstan,Riots,1
Kazakhstan,Violence against civilians,1
Kazakhstan,Violence against civilians,1
Kazakhstan,Violence against civilians,1
Kazakhstan,Violence against civilians,1
Kazakhstan,Violence against civilians,1
Kazakhstan,Violence against civilians,1
Kazakhstan,Violence against civilians,1
Kazakhstan,Violence against civilians,1
Kazakhstan,Violence against civilians,1
Kazakhstan,Violence against civilians,1
Kazakhstan,Violence against civilians,4
Kazakhstan,Violence against civilians,8
Kazakhstan,Violence against civilians,3
Kazakhstan,Violence against civilians,1
Kazakhstan,Violence against civilians,1
Kazakhstan,Violence against civilians,2
Kazakhstan,Violence against civilians,1
Kazakhstan,Violence against civilians,2
Kazakhstan,Violence against civilians,1
Kazakhstan,Violence against civilians,1
Kazakhstan,Violence against civilians,1
Kazakhstan,Violence against civilians,1
Kazakhstan,Violence against civilians,1
Kazakhstan,Violence against civilians,1
Kazakhstan,Violence against civilians,1
Kazakhstan,Violence against civilians,1
Kazakhstan,Violence against civilians,1
Kazakhstan,Violence against civilians,1
Kazakhstan,Violence against civilians,1
Kazakhstan,Violence against civilians,1
Kazakhstan,Violence against civilians,1
Kazakhstan,Violence against civilians,1
Kazakhstan,Violence against civilians,1
Kazakhstan,Violence against civilians,1
Kazakhstan,Riots,1
Kazakhstan,Riots,1
Kazakhstan,Riots,1
Kazakhstan,Riots,1
Kazakhstan,Riots,1
Kazakhstan,Riots,1
Kazakhstan,Riots,1
Kazakhstan,Riots,1
Kazakhstan,Riots,2
Kazakhstan,Riots,3
Kazakhstan,Riots,1
Kazakhstan,Violence against civilians,1
Kazakhstan,Violence against civilians,1
Kazakhstan,Violence against civilians,1
Kazakhstan,Violence against civilians,1
Kazakhstan,Violence against civilians,1
Kazakhstan,Violence against civilians,1
Kazakhstan,Violence against civilians,1
Kazakhstan,Violence against civilians,1
Kazakhstan,Violence against civilians,1
Kazakhstan,Violence against civilians,1
Kazakhstan,Violence against civilians,1
Kazakhstan,Violence against civilians,1
Kazakhstan,Violence against civilians,1
Kazakhstan,Violence against civilians,1
Kazakhstan,Violence against civilians,1
Kazakhstan,Violence against civilians,12
Kazakhstan,Violence against civilians,12
Kazakhstan,Violence against civilians,9
Kazakhstan,Violence against civilians,1
Kazakhstan,Violence against civilians,1
Kazakhstan,Violence against civilians,1
Kazakhstan,Violence against civilians,1
Kazakhstan,Violence against civilians,1
Kazakhstan,Violence against civilians,1
Kazakhstan,Violence against civilians,1
Kazakhstan,Violence against civilians,1
Kazakhstan,Violence against civilians,1
Kazakhstan,Violence against civilians,1
Kazakhstan,Violence against civilians,1
Kazakhstan,Violence against civilians,1
Kazakhstan,Violence against civilians,1
Kazakhstan,Violence against civilians,1
Kazakhstan,Violence against civilians,1
Kazakhstan,Violence against civilians,1
Kazakhstan,Violence against civilians,1
Kazakhstan,Violence against civilians,1
Kazakhstan,Violence against civilians,1
Kazakhstan,Violence against civilians,1
Kazakhstan,Violence against civilians,1
Kazakhstan,Violence against civilians,1
Kazakhstan,Violence against civilians,1
Kazakhstan,Violence against civilians,1
Kazakhstan,Riots,1
Kazakhstan,Violence against civilians,1
Kazakhstan,Violence against civilians,1
Kazakhstan,Violence against civilians,1
Kazakhstan,Violence against civilians,1
Kazakhstan,Violence against civilians,1
Kazakhstan,Violence against civilians,1
Kazakhstan,Violence against civilians,1
Kazakhstan,Violence against civilians,1
Kazakhstan,Violence against civilians,1
Kazakhstan,Violence against civilians,1
Kazakhstan,Riots,1
Kazakhstan,Violence against civilians,1
Kazakhstan,Violence against civilians,1
Kazakhstan,Violence against civilians,1
Kazakhstan,Violence against civilians,1
Kazakhstan,Violence against civilians,5
Kazakhstan,Violence against civilians,1
Kazakhstan,Violence against civilians,1
Kazakhstan,Violence against civilians,1
Kazakhstan,Violence against civilians,1
Kazakhstan,Violence against civilians,1
Kazakhstan,Violence against civilians,1
Kazakhstan,Violence against civilians,1
Kazakhstan,Violence against civilians,1
Kazakhstan,Riots,1
Kazakhstan,Riots,1
Kazakhstan,Riots,1
Kazakhstan,Riots,2
Kazakhstan,Riots,1
Kazakhstan,Riots,1
Kazakhstan,Violence against civilians,1
Kazakhstan,Violence against civilians,1
Kazakhstan,Violence against civilians,1
Kazakhstan,Violence against civilians,2
Kazakhstan,Violence against civilians,2
Kazakhstan,Violence against civilians,1
Kazakhstan,Violence against civilians,1
Kazakhstan,Violence against civilians,2
Kazakhstan,Violence against civilians,1
Kazakhstan,Violence against civilians,1
Kazakhstan,Violence against civilians,1
Kazakhstan,Violence against civilians,1
Kazakhstan,Violence against civilians,1
Kazakhstan,Violence against civilians,1
Kazakhstan,Violence against civilians,1
Kazakhstan,Violence against civilians,1
Kazakhstan,Violence against civilians,1
Kazakhstan,Violence against civilians,1
Kazakhstan,Violence against civilians,1
Kazakhstan,Violence against civilians,2
Kazakhstan,Violence against civilians,1
Kazakhstan,Violence against civilians,1
Kazakhstan,Violence against civilians,1
Kazakhstan,Violence against civilians,1
Kazakhstan,Violence against civilians,1
Kazakhstan,Violence against civilians,1
Kazakhstan,Violence against civilians,2
Kazakhstan,Violence against civilians,1
Kazakhstan,Violence against civilians,1
Kazakhstan,Riots,1
Kazakhstan,Riots,1
Kazakhstan,Riots,1
Kazakhstan,Riots,1
Kazakhstan,Violence against civilians,1
Kazakhstan,Violence against civilians,1
Kazakhstan,Violence against civilians,1
Kazakhstan,Violence against civilians,4
Kazakhstan,Violence against civilians,1
Kazakhstan,Violence against civilians,1
Kazakhstan,Violence against civilians,1
Kazakhstan,Violence against civilians,1
Kazakhstan,Violence against civilians,1
Kazakhstan,Riots,1
Kazakhstan,Riots,1
Kazakhstan,Riots,1
Kazakhstan,Violence against civilians,1
Kazakhstan,Violence against civilians,1
Kazakhstan,Violence against civilians,1
Kazakhstan,Violence against civilians,1
Kazakhstan,Violence against civilians,3
Kazakhstan,Violence against civilians,2
Kazakhstan,Violence against civilians,1
Kazakhstan,Violence against civilians,1
Kazakhstan,Violence against civilians,1
Kazakhstan,Violence against civilians,1
Kazakhstan,Violence against civilians,1
Kazakhstan,Violence against civilians,1
Kazakhstan,Violence against civilians,1
Kazakhstan,Violence against civilians,1
Kazakhstan,Violence against civilians,1
Kazakhstan,Violence against civilians,1
Kazakhstan,Violence against civilians,1
Kazakhstan,Violence against civilians,1
Kazakhstan,Violence against civilians,1
Kazakhstan,Violence against civilians,1
Kazakhstan,Violence against civilians,1
Kazakhstan,Violence against civilians,1
Kazakhstan,Violence against civilians,1
Kazakhstan,Violence against civilians,1
Kazakhstan,Violence against civilians,1
Kazakhstan,Violence against civilians,1
Kazakhstan,Violence against civilians,1
Kazakhstan,Violence against civilians,1
Kazakhstan,Violence against civilians,1
Kazakhstan,Violence against civilians,1
Kazakhstan,Violence against civilians,1
Kazakhstan,Violence against civilians,1
Kazakhstan,Violence against civilians,1
Kazakhstan,Violence against civilians,1
Kazakhstan,Violence against civilians,1
Kazakhstan,Violence against civilians,1
Kazakhstan,Violence against civilians,1
Kazakhstan,Riots,1
Kazakhstan,Riots,1
Kazakhstan,Violence against civilians,1
Kazakhstan,Violence against civilians,1
Kazakhstan,Violence against civilians,1
Kazakhstan,Violence against civilians,3
Kazakhstan,Violence against civilians,4
Kazakhstan,Violence against civilians,1
Kazakhstan,Violence against civilians,1
Kazakhstan,Violence against civilians,1
Kazakhstan,Violence against civilians,2
Kazakhstan,Violence against civilians,1
Kazakhstan,Riots,1
Kazakhstan,Riots,1
Kazakhstan,Violence against civilians,1
Kazakhstan,Violence against civilians,1
Kazakhstan,Violence against civilians,1
Kazakhstan,Violence against civilians,1
Kazakhstan,Violence against civilians,1
Kazakhstan,Violence against civilians,1
Kazakhstan,Violence against civilians,1
Kazakhstan,Violence against civilians,1
Kazakhstan,Violence against civilians,1
Kazakhstan,Violence against civilians,1
Kazakhstan,Violence against civilians,1
Kazakhstan,Violence against civilians,1
Kazakhstan,Violence against civilians,1
Kazakhstan,Violence against civilians,1
Kazakhstan,Violence against civilians,1
Kazakhstan,Violence against civilians,1
Kazakhstan,Violence against civilians,1
Kazakhstan,Violence against civilians,1
Kazakhstan,Violence against civilians,1
Kazakhstan,Violence against civilians,1
Kazakhstan,Riots,1
Kazakhstan,Riots,1
Kazakhstan,Riots,1
Kazakhstan,Riots,1
Kazakhstan,Riots,1
Kazakhstan,Violence against civilians,1
Kazakhstan,Violence against civilians,1
Kazakhstan,Violence against civilians,1
Kazakhstan,Violence against civilians,1
Kazakhstan,Violence against civilians,1
Kazakhstan,Violence against civilians,1
Kazakhstan,Violence against civilians,1
Kazakhstan,Riots,1
Kazakhstan,Riots,1
Kazakhstan,Riots,1
Kazakhstan,Riots,1
Kazakhstan,Riots,1
Kazakhstan,Riots,1
Kazakhstan,Riots,2
Kazakhstan,Violence against civilians,1
Kazakhstan,Violence against civilians,1
Kazakhstan,Violence against civilians,1
Kazakhstan,Violence against civilians,1
Kazakhstan,Violence against civilians,1
Kazakhstan,Violence against civilians,1
Kazakhstan,Violence against civilians,1
Kazakhstan,Violence against civilians,1
Kazakhstan,Violence against civilians,1
Kazakhstan,Violence against civilians,1
Kazakhstan,Violence against civilians,1
Kazakhstan,Violence against civilians,1
Kazakhstan,Violence against civilians,1
Kazakhstan,Violence against civilians,1
Kazakhstan,Violence against civilians,1
Kazakhstan,Violence against civilians,1
Kazakhstan,Violence against civilians,2
Kazakhstan,Violence against civilians,1
Kazakhstan,Violence against civilians,2
Kazakhstan,Violence against civilians,1
Kazakhstan,Violence against civilians,2
Kazakhstan,Violence against civilians,1
Kazakhstan,Violence against civilians,1
Kazakhstan,Violence against civilians,1
Kazakhstan,Violence against civilians,1
Kazakhstan,Violence against civilians,1
Kazakhstan,Violence against civilians,1
Kazakhstan,Violence against civilians,1
Kazakhstan,Violence against civilians,1
Kazakhstan,Violence against civilians,1
Kazakhstan,Violence against civilians,1
Kazakhstan,Riots,1
Kazakhstan,Riots,1
Kazakhstan,Riots,2
Kazakhstan,Violence against civilians,1
Kazakhstan,Violence against civilians,1
Kazakhstan,Violence against civilians,1
Kazakhstan,Violence against civilians,1
Kazakhstan,Violence against civilians,1
Kazakhstan,Violence against civilians,1
Kazakhstan,Violence against civilians,1
Kazakhstan,Violence against civilians,1
Kazakhstan,Violence against civilians,2
Kazakhstan,Violence against civilians,1
Kazakhstan,Violence against civilians,1
Kazakhstan,Violence against civilians,1
Kazakhstan,Violence against civilians,1
Kazakhstan,Violence against civilians,1
Kazakhstan,Violence against civilians,2
Kazakhstan,Violence against civilians,1
Kazakhstan,Violence against civilians,1
Kazakhstan,Violence against civilians,1
Kazakhstan,Violence against civilians,1
Kazakhstan,Violence against civilians,1
Kazakhstan,Violence against civilians,1
Kazakhstan,Violence against civilians,1
Kazakhstan,Violence against civilians,1
Kazakhstan,Violence against civilians,1
Kazakhstan,Riots,1
Kazakhstan,Riots,1
Kazakhstan,Riots,1
Kazakhstan,Riots,1
Kazakhstan,Riots,1
Kazakhstan,Riots,1
Kazakhstan,Riots,1
Kazakhstan,Riots,1
Kazakhstan,Riots,1
Kazakhstan,Riots,1
Kazakhstan,Riots,1
Kazakhstan,Riots,1
Kazakhstan,Riots,1
Kazakhstan,Riots,1
Kazakhstan,Violence against civilians,1
Kazakhstan,Violence against civilians,1
Kazakhstan,Violence against civilians,1
Kazakhstan,Violence against civilians,2
Kazakhstan,Violence against civilians,1
Kazakhstan,Violence against civilians,1
Kazakhstan,Violence against civilians,1
Kazakhstan,Violence against civilians,1
Kazakhstan,Violence against civilians,1
Kazakhstan,Violence against civilians,1
Kazakhstan,Violence against civilians,1
Kazakhstan,Violence against civilians,1
Kazakhstan,Violence against civilians,1
Kazakhstan,Violence against civilians,1
Kazakhstan,Violence against civilians,1
Kazakhstan,Violence against civilians,1
Kazakhstan,Violence against civilians,1
Kazakhstan,Violence against civilians,1
Kazakhstan,Riots,1
Kazakhstan,Riots,1
Kazakhstan,Riots,1
Kazakhstan,Riots,1
Kazakhstan,Violence against civilians,1
Kazakhstan,Violence against civilians,1
Kazakhstan,Violence against civilians,1
Kazakhstan,Violence against civilians,1
Kazakhstan,Violence against civilians,1
Kazakhstan,Violence against civilians,1
Kazakhstan,Violence against civilians,2
Kazakhstan,Violence against civilians,1
Kazakhstan,Violence against civilians,1
Kazakhstan,Violence against civilians,1
Kazakhstan,Violence against civilians,1
Kazakhstan,Violence against civilians,1
Kazakhstan,Violence against civilians,1
Kazakhstan,Violence against civilians,2
Kazakhstan,Riots,1
Kazakhstan,Riots,7
Kazakhstan,Riots,1
Kazakhstan,Riots,1
Kazakhstan,Riots,1
Kazakhstan,Violence against civilians,1
Kazakhstan,Violence against civilians,1
Kazakhstan,Violence against civilians,1
Kazakhstan,Violence against civilians,1
Kazakhstan,Violence against civilians,1
Kazakhstan,Violence against civilians,2
Kazakhstan,Violence against civilians,1
Kazakhstan,Violence against civilians,1
Kazakhstan,Violence against civilians,1
Kazakhstan,Violence against civilians,1
Kazakhstan,Violence against civilians,1
Kazakhstan,Violence against civilians,1
Kazakhstan,Violence against civilians,1
Kazakhstan,Violence against civilians,1
Kazakhstan,Violence against civilians,1
Kazakhstan,Violence against civilians,1
Kazakhstan,Violence against civilians,1
Kazakhstan,Violence against civilians,1
Kazakhstan,Violence against civilians,1
Kazakhstan,Violence against civilians,1
Kazakhstan,Violence against civilians,1
Kazakhstan,Violence against civilians,1
Kazakhstan,Violence against civilians,1
Kazakhstan,Violence against civilians,1
Kazakhstan,Violence against civilians,1
Kosovo,Riots,1
Kosovo,Riots,1
Kosovo,Riots,1
Kosovo,Violence against civilians,1
Kosovo,Violence against civilians,1
Kosovo,Violence against civilians,1
Kosovo,Explosions/Remote violence,1
Kosovo,Riots,1
Kosovo,Violence against civilians,1
Kosovo,Explosions/Remote violence,1
Kosovo,Riots,1
Kosovo,Riots,1
Kosovo,Violence against civilians,1
Kosovo,Violence against civilians,1
Kosovo,Violence against civilians,1
Kosovo,Violence against civilians,1
Kosovo,Violence against civilians,1
Kosovo,Violence against civilians,1
Kosovo,Explosions/Remote violence,1
Kosovo,Explosions/Remote violence,1
Kosovo,Explosions/Remote violence,1
Kosovo,Explosions/Remote violence,1
Kosovo,Explosions/Remote violence,1
Kosovo,Explosions/Remote violence,2
Kosovo,Explosions/Remote violence,1
Kosovo,Explosions/Remote violence,2
Kosovo,Explosions/Remote violence,1
Kosovo,Explosions/Remote violence,1
Kosovo,Explosions/Remote violence,1
Kosovo,Explosions/Remote violence,1
Kosovo,Explosions/Remote violence,1
Kosovo,Explosions/Remote violence,1
Kosovo,Explosions/Remote violence,2
Kosovo,Explosions/Remote violence,1
Kosovo,Riots,1
Kosovo,Riots,1
Kosovo,Riots,1
Kosovo,Riots,1
Kosovo,Riots,1
Kosovo,Riots,1
Kosovo,Riots,1
Kosovo,Riots,2
Kosovo,Riots,1
Kosovo,Riots,1
Kosovo,Riots,1
Kosovo,Riots,1
Kosovo,Riots,1
Kosovo,Riots,1
Kosovo,Riots,1
Kosovo,Riots,2
Kosovo,Riots,1
Kosovo,Riots,1
Kosovo,Riots,14
Kosovo,Riots,2
Kosovo,Riots,3
Kosovo,Riots,3
Kosovo,Riots,1
Kosovo,Violence against civilians,1
Kosovo,Violence against civilians,1
Kosovo,Violence against civilians,1
Kosovo,Violence against civilians,1
Kosovo,Violence against civilians,1
Kosovo,Violence against civilians,1
Kosovo,Violence against civilians,1
Kosovo,Violence against civilians,2
Kosovo,Violence against civilians,1
Kosovo,Violence against civilians,1
Kosovo,Violence against civilians,1
Kosovo,Violence against civilians,1
Kosovo,Violence against civilians,1
Kosovo,Violence against civilians,1
Kosovo,Violence against civilians,1
Kosovo,Violence against civilians,1
Kosovo,Violence against civilians,5
Kosovo,Violence against civilians,2
Kosovo,Violence against civilians,2
Kosovo,Violence against civilians,2
Kosovo,Violence against civilians,1
Kosovo,Violence against civilians,1
Kosovo,Violence against civilians,1
Kosovo,Violence against civilians,1
Kosovo,Violence against civilians,1
Kosovo,Violence against civilians,2
Kosovo,Violence against civilians,1
Kosovo,Violence against civilians,1
Kosovo,Violence against civilians,1
Kosovo,Violence against civilians,1
Kosovo,Violence against civilians,1
Kosovo,Violence against civilians,1
Kosovo,Violence against civilians,1
Kosovo,Violence against civilians,1
Kosovo,Violence against civilians,1
Kosovo,Explosions/Remote violence,1
Kosovo,Riots,1
Kosovo,Riots,2
Kosovo,Violence against civilians,1
Kosovo,Violence against civilians,1
Kosovo,Violence against civilians,1
Kosovo,Violence against civilians,1
Kosovo,Violence against civilians,1
Kosovo,Violence against civilians,1
Kosovo,Violence against civilians,2
Kosovo,Violence against civilians,1
Kosovo,Explosions/Remote violence,1
Kosovo,Explosions/Remote violence,1
Kosovo,Riots,1
Kosovo,Riots,1
Kosovo,Riots,1
Kosovo,Riots,1
Kosovo,Riots,1
Kosovo,Riots,1
Kosovo,Riots,1
Kosovo,Riots,1
Kosovo,Riots,1
Kosovo,Riots,1
Kosovo,Riots,1
Kosovo,Violence against civilians,1
Kosovo,Violence against civilians,1
Kosovo,Violence against civilians,1
Kosovo,Violence against civilians,1
Kosovo,Violence against civilians,1
Kosovo,Violence against civilians,1
Kosovo,Violence against civilians,1
Kosovo,Violence against civilians,1
Kosovo,Violence against civilians,1
Kosovo,Violence against civilians,1
Kosovo,Violence against civilians,2
Kosovo,Violence against civilians,1
Kosovo,Violence against civilians,1
Kosovo,Violence against civilians,1
Kosovo,Violence against civilians,1
Kosovo,Violence against civilians,1
Kosovo,Violence against civilians,1
Kosovo,Violence against civilians,1
Kosovo,Violence against civilians,1
Kosovo,Riots,1
Kosovo,Riots,1
Kosovo,Riots,1
Kosovo,Violence against civilians,1
Kosovo,Violence against civilians,1
Kosovo,Violence against civilians,1
Kosovo,Violence against civilians,1
Kyrgyzstan,Explosions/Remote violence,1
Kyrgyzstan,Explosions/Remote violence,3
Kyrgyzstan,Explosions/Remote violence,1
Kyrgyzstan,Riots,1
Kyrgyzstan,Riots,1
Kyrgyzstan,Riots,1
Kyrgyzstan,Riots,1
Kyrgyzstan,Riots,1
Kyrgyzstan,Riots,1
Kyrgyzstan,Riots,1
Kyrgyzstan,Riots,1
Kyrgyzstan,Riots,1
Kyrgyzstan,Riots,3
Kyrgyzstan,Riots,1
Kyrgyzstan,Riots,1
Kyrgyzstan,Riots,2
Kyrgyzstan,Riots,1
Kyrgyzstan,Riots,1
Kyrgyzstan,Riots,1
Kyrgyzstan,Riots,4
Kyrgyzstan,Riots,1
Kyrgyzstan,Riots,2
Kyrgyzstan,Riots,1
Kyrgyzstan,Riots,2
Kyrgyzstan,Riots,1
Kyrgyzstan,Riots,1
Kyrgyzstan,Riots,3
Kyrgyzstan,Riots,1
Kyrgyzstan,Riots,1
Kyrgyzstan,Riots,1
Kyrgyzstan,Riots,1
Kyrgyzstan,Riots,1
Kyrgyzstan,Riots,1
Kyrgyzstan,Riots,1
Kyrgyzstan,Riots,1
Kyrgyzstan,Riots,1
Kyrgyzstan,Violence against civilians,1
Kyrgyzstan,Violence against civilians,1
Kyrgyzstan,Violence against civilians,1
Kyrgyzstan,Violence against civilians,1
Kyrgyzstan,Violence against civilians,1
Kyrgyzstan,Violence against civilians,2
Kyrgyzstan,Violence against civilians,1
Kyrgyzstan,Violence against civilians,1
Kyrgyzstan,Violence against civilians,1
Kyrgyzstan,Violence against civilians,3
Kyrgyzstan,Violence against civilians,3
Kyrgyzstan,Violence against civilians,1
Kyrgyzstan,Violence against civilians,1
Kyrgyzstan,Violence against civilians,3
Kyrgyzstan,Violence against civilians,1
Kyrgyzstan,Violence against civilians,1
Kyrgyzstan,Explosions/Remote violence,1
Kyrgyzstan,Riots,1
Kyrgyzstan,Riots,2
Kyrgyzstan,Riots,1
Kyrgyzstan,Riots,1
Kyrgyzstan,Riots,1
Kyrgyzstan,Riots,1
Kyrgyzstan,Riots,1
Kyrgyzstan,Riots,1
Kyrgyzstan,Riots,1
Kyrgyzstan,Riots,1
Kyrgyzstan,Riots,1
Kyrgyzstan,Riots,1
Kyrgyzstan,Riots,1
Kyrgyzstan,Riots,1
Kyrgyzstan,Riots,1
Kyrgyzstan,Riots,1
Kyrgyzstan,Riots,2
Kyrgyzstan,Riots,1
Kyrgyzstan,Riots,1
Kyrgyzstan,Riots,1
Kyrgyzstan,Riots,1
Kyrgyzstan,Riots,1
Kyrgyzstan,Riots,1
Kyrgyzstan,Riots,2
Kyrgyzstan,Riots,6
Kyrgyzstan,Riots,1
Kyrgyzstan,Riots,1
Kyrgyzstan,Riots,1
Kyrgyzstan,Riots,1
Kyrgyzstan,Violence against civilians,1
Kyrgyzstan,Violence against civilians,1
Kyrgyzstan,Violence against civilians,1
Kyrgyzstan,Violence against civilians,2
Kyrgyzstan,Violence against civilians,1
Kyrgyzstan,Violence against civilians,1
Kyrgyzstan,Violence against civilians,1
Kyrgyzstan,Violence against civilians,1
Kyrgyzstan,Violence against civilians,1
Kyrgyzstan,Violence against civilians,1
Kyrgyzstan,Violence against civilians,2
Kyrgyzstan,Violence against civilians,1
Kyrgyzstan,Violence against civilians,1
Kyrgyzstan,Violence against civilians,3
Kyrgyzstan,Violence against civilians,1
Kyrgyzstan,Violence against civilians,1
Kyrgyzstan,Violence against civilians,1
Kyrgyzstan,Violence against civilians,1
Kyrgyzstan,Violence against civilians,1
Kyrgyzstan,Violence against civilians,1
Kyrgyzstan,Violence against civilians,1
Kyrgyzstan,Violence against civilians,1
Kyrgyzstan,Violence against civilians,1
Kyrgyzstan,Violence against civilians,1
Kyrgyzstan,Violence against civilians,1
Kyrgyzstan,Violence against civilians,1
Kyrgyzstan,Violence against civilians,1
Kyrgyzstan,Violence against civilians,1
Kyrgyzstan,Violence against civilians,1
Kyrgyzstan,Violence against civilians,1
Kyrgyzstan,Violence against civilians,1
Kyrgyzstan,Violence against civilians,1
Kyrgyzstan,Violence against civilians,2
Kyrgyzstan,Violence against civilians,1
Kyrgyzstan,Violence against civilians,1
Kyrgyzstan,Violence against civilians,2
Kyrgyzstan,Violence against civilians,1
Kyrgyzstan,Violence against civilians,1
Kyrgyzstan,Violence against civilians,1
Kyrgyzstan,Violence against civilians,1
Kyrgyzstan,Violence against civilians,1
Kyrgyzstan,Violence against civilians,1
Kyrgyzstan,Violence against civilians,1
Kyrgyzstan,Violence against civilians,1
Kyrgyzstan,Violence against civilians,1
Kyrgyzstan,Violence against civilians,2
Kyrgyzstan,Violence against civilians,1
Kyrgyzstan,Violence against civilians,1
Kyrgyzstan,Violence against civilians,1
Kyrgyzstan,Violence against civilians,1
Kyrgyzstan,Violence against civilians,1
Kyrgyzstan,Violence against civilians,1
Kyrgyzstan,Violence against civilians,1
Kyrgyzstan,Violence against civilians,1
Kyrgyzstan,Violence against civilians,1
Kyrgyzstan,Violence against civilians,1
Kyrgyzstan,Violence against civilians,1
Kyrgyzstan,Violence against civilians,1
Kyrgyzstan,Violence against civilians,1
Kyrgyzstan,Violence against civilians,2
Kyrgyzstan,Violence against civilians,1
Kyrgyzstan,Violence against civilians,2
Kyrgyzstan,Violence against civilians,1
Kyrgyzstan,Violence against civilians,2
Kyrgyzstan,Violence against civilians,1
Kyrgyzstan,Violence against civilians,1
Kyrgyzstan,Violence against civilians,1
Kyrgyzstan,Violence against civilians,1
Kyrgyzstan,Violence against civilians,1
Kyrgyzstan,Violence against civilians,1
Kyrgyzstan,Violence against civilians,1
Kyrgyzstan,Violence against civilians,1
Kyrgyzstan,Violence against civilians,2
Kyrgyzstan,Violence against civilians,1
Kyrgyzstan,Violence against civilians,1
Kyrgyzstan,Violence against civilians,1
Kyrgyzstan,Violence against civilians,1
Kyrgyzstan,Violence against civilians,1
Kyrgyzstan,Violence against civilians,1
Kyrgyzstan,Violence against civilians,1
Kyrgyzstan,Violence against civilians,1
Kyrgyzstan,Violence against civilians,1
Kyrgyzstan,Riots,1
Kyrgyzstan,Riots,1
Kyrgyzstan,Riots,1
Kyrgyzstan,Riots,1
Kyrgyzstan,Riots,1
Kyrgyzstan,Riots,2
Kyrgyzstan,Riots,1
Kyrgyzstan,Riots,1
Kyrgyzstan,Riots,1
Kyrgyzstan,Riots,1
Kyrgyzstan,Riots,1
Kyrgyzstan,Riots,1
Kyrgyzstan,Riots,1
Kyrgyzstan,Riots,1
Kyrgyzstan,Riots,1
Kyrgyzstan,Riots,1
Kyrgyzstan,Riots,1
Kyrgyzstan,Riots,1
Kyrgyzstan,Riots,1
Kyrgyzstan,Violence against civilians,1
Kyrgyzstan,Violence against civilians,1
Kyrgyzstan,Violence against civilians,1
Kyrgyzstan,Violence against civilians,1
Kyrgyzstan,Violence against civilians,1
Kyrgyzstan,Violence against civilians,1
Kyrgyzstan,Violence against civilians,1
Kyrgyzstan,Violence against civilians,1
Kyrgyzstan,Violence against civilians,1
Kyrgyzstan,Violence against civilians,1
Kyrgyzstan,Violence against civilians,1
Kyrgyzstan,Violence against civilians,1
Kyrgyzstan,Violence against civilians,1
Kyrgyzstan,Violence against civilians,1
Kyrgyzstan,Violence against civilians,1
Kyrgyzstan,Violence against civilians,1
Kyrgyzstan,Violence against civilians,1
Kyrgyzstan,Violence against civilians,1
Kyrgyzstan,Violence against civilians,1
Kyrgyzstan,Violence against civilians,1
Kyrgyzstan,Violence against civilians,1
Kyrgyzstan,Violence against civilians,1
Kyrgyzstan,Violence against civilians,1
Kyrgyzstan,Violence against civilians,1
Kyrgyzstan,Violence against civilians,1
Kyrgyzstan,Violence against civilians,1
Kyrgyzstan,Violence against civilians,1
Kyrgyzstan,Violence against civilians,2
Kyrgyzstan,Violence against civilians,1
Kyrgyzstan,Violence against civilians,1
Kyrgyzstan,Violence against civilians,1
Kyrgyzstan,Violence against civilians,1
Kyrgyzstan,Violence against civilians,1
Kyrgyzstan,Riots,2
Kyrgyzstan,Riots,1
Kyrgyzstan,Riots,1
Kyrgyzstan,Riots,1
Kyrgyzstan,Riots,1
Kyrgyzstan,Violence against civilians,1
Kyrgyzstan,Violence against civilians,1
Kyrgyzstan,Violence against civilians,1
Kyrgyzstan,Violence against civilians,1
Kyrgyzstan,Violence against civilians,1
Kyrgyzstan,Violence against civilians,1
Kyrgyzstan,Violence against civilians,1
Kyrgyzstan,Violence against civilians,1
Kyrgyzstan,Violence against civilians,1
Kyrgyzstan,Violence against civilians,1
Kyrgyzstan,Riots,1
Kyrgyzstan,Riots,1
Kyrgyzstan,Riots,1
Kyrgyzstan,Riots,1
Kyrgyzstan,Riots,1
Kyrgyzstan,Riots,2
Kyrgyzstan,Riots,1
Kyrgyzstan,Riots,1
Kyrgyzstan,Riots,1
Kyrgyzstan,Riots,1
Kyrgyzstan,Riots,1
Kyrgyzstan,Riots,3
Kyrgyzstan,Violence against civilians,1
Kyrgyzstan,Violence against civilians,1
Kyrgyzstan,Violence against civilians,1
Kyrgyzstan,Violence against civilians,1
Kyrgyzstan,Violence against civilians,1
Kyrgyzstan,Violence against civilians,1
Kyrgyzstan,Violence against civilians,1
Kyrgyzstan,Violence against civilians,1
Kyrgyzstan,Violence against civilians,1
Kyrgyzstan,Violence against civilians,1
Kyrgyzstan,Violence against civilians,1
Kyrgyzstan,Violence against civilians,1
Kyrgyzstan,Violence against civilians,1
Kyrgyzstan,Violence against civilians,1
Kyrgyzstan,Violence against civilians,1
Kyrgyzstan,Violence against civilians,1
Kyrgyzstan,Violence against civilians,1
Kyrgyzstan,Violence against civilians,1
Kyrgyzstan,Riots,1
Kyrgyzstan,Riots,1
Kyrgyzstan,Riots,1
Kyrgyzstan,Riots,1
Kyrgyzstan,Riots,1
Kyrgyzstan,Riots,1
Kyrgyzstan,Riots,1
Kyrgyzstan,Riots,2
Kyrgyzstan,Violence against civilians,1
Kyrgyzstan,Violence against civilians,1
Kyrgyzstan,Riots,1
Kyrgyzstan,Riots,1
Kyrgyzstan,Riots,1
Kyrgyzstan,Riots,1
Kyrgyzstan,Riots,1
Kyrgyzstan,Riots,1
Kyrgyzstan,Riots,1
Kyrgyzstan,Riots,1
Kyrgyzstan,Riots,1
Kyrgyzstan,Riots,1
Kyrgyzstan,Riots,1
Kyrgyzstan,Riots,1
Kyrgyzstan,Riots,1
Kyrgyzstan,Riots,1
Kyrgyzstan,Riots,1
Kyrgyzstan,Violence against civilians,1
Kyrgyzstan,Violence against civilians,1
Kyrgyzstan,Violence against civilians,1
Kyrgyzstan,Violence against civilians,1
Kyrgyzstan,Violence against civilians,1
Kyrgyzstan,Violence against civilians,1
Kyrgyzstan,Violence against civilians,1
Kyrgyzstan,Violence against civilians,1
Kyrgyzstan,Violence against civilians,1
Kyrgyzstan,Violence against civilians,1
Kyrgyzstan,Riots,1
Kyrgyzstan,Riots,1
Kyrgyzstan,Riots,2
Kyrgyzstan,Riots,1
Kyrgyzstan,Riots,1
Kyrgyzstan,Riots,1
Kyrgyzstan,Riots,1
Kyrgyzstan,Riots,1
Kyrgyzstan,Riots,1
Kyrgyzstan,Riots,1
Kyrgyzstan,Riots,1
Kyrgyzstan,Riots,1
Kyrgyzstan,Violence against civilians,1
Kyrgyzstan,Violence against civilians,1
Kyrgyzstan,Violence against civilians,1
Kyrgyzstan,Violence against civilians,1
Kyrgyzstan,Violence against civilians,1
Kyrgyzstan,Violence against civilians,1
Kyrgyzstan,Violence against civilians,1
Kyrgyzstan,Violence against civilians,1
Kyrgyzstan,Violence against civilians,1
Kyrgyzstan,Violence against civilians,1
Kyrgyzstan,Violence against civilians,1
Kyrgyzstan,Violence against civilians,1
Kyrgyzstan,Violence against civilians,1
Kyrgyzstan,Violence against civilians,1
Kyrgyzstan,Violence against civilians,1
Kyrgyzstan,Violence against civilians,1
Kyrgyzstan,Violence against civilians,1
Kyrgyzstan,Violence against civilians,1
Kyrgyzstan,Violence against civilians,1
Kyrgyzstan,Violence against civilians,1
Kyrgyzstan,Violence against civilians,1
Kyrgyzstan,Violence against civilians,1
Kyrgyzstan,Violence against civilians,1
Kyrgyzstan,Violence against civilians,1
Kyrgyzstan,Riots,1
Kyrgyzstan,Riots,1
Kyrgyzstan,Riots,1
Kyrgyzstan,Violence against civilians,1
Kyrgyzstan,Violence against civilians,1
Kyrgyzstan,Violence against civilians,1
Kyrgyzstan,Violence against civilians,1
Kyrgyzstan,Violence against civilians,1
Kyrgyzstan,Violence against civilians,1
Latvia,Violence against civilians,1
Latvia,Violence against civilians,1
Latvia,Riots,1
Latvia,Riots,1
Lithuania,Violence against civilians,1
Lithuania,Riots,1
Lithuania,Riots,1
Lithuania,Riots,1
Lithuania,Violence against civilians,1
Lithuania,Violence against civilians,1
Luxembourg,Riots,1
Luxembourg,Riots,1
Luxembourg,Riots,1
Malta,Riots,1
Malta,Riots,1
Malta,Violence against civilians,1
Malta,Violence against civilians,1
Malta,Explosions/Remote violence,1
Malta,Violence against civilians,1
Malta,Riots,1
Malta,Riots,1
Malta,Riots,1
Malta,Riots,1
Malta,Riots,1
Malta,Riots,1
Malta,Riots,1
Malta,Riots,1
Malta,Riots,1
Moldova,Riots,1
Moldova,Riots,1
Moldova,Violence against civilians,1
Moldova,Riots,1
Moldova,Violence against civilians,1
Moldova,Violence against civilians,1
Moldova,Riots,1
Moldova,Riots,1
Moldova,Violence against civilians,1
Moldova,Violence against civilians,1
Moldova,Explosions/Remote violence,1
Moldova,Riots,1
Moldova,Violence against civilians,1
Moldova,Explosions/Remote violence,1
Moldova,Riots,1
Moldova,Riots,1
Moldova,Riots,1
Moldova,Riots,1
Moldova,Riots,1
Moldova,Riots,1
Moldova,Riots,1
Moldova,Riots,1
Moldova,Riots,1
Moldova,Riots,1
Moldova,Riots,1
Moldova,Riots,1
Moldova,Riots,1
Moldova,Riots,2
Moldova,Riots,1
Moldova,Riots,1
Moldova,Riots,1
Moldova,Riots,1
Moldova,Riots,1
Moldova,Riots,1
Moldova,Riots,1
Moldova,Riots,1
Moldova,Riots,1
Moldova,Riots,1
Moldova,Riots,1
Moldova,Riots,1
Moldova,Violence against civilians,1
Moldova,Violence against civilians,1
Moldova,Violence against civilians,1
Moldova,Violence against civilians,1
Moldova,Violence against civilians,1
Moldova,Violence against civilians,1
Moldova,Violence against civilians,1
Moldova,Violence against civilians,1
Moldova,Violence against civilians,1
Moldova,Violence against civilians,1
Moldova,Violence against civilians,1
Moldova,Violence against civilians,1
Moldova,Violence against civilians,1
Moldova,Violence against civilians,1
Moldova,Violence against civilians,1
Moldova,Riots,1
Moldova,Riots,1
Moldova,Riots,1
Moldova,Violence against civilians,1
Moldova,Violence against civilians,1
Moldova,Violence against civilians,1
Moldova,Explosions/Remote violence,1
Moldova,Violence against civilians,1
Moldova,Violence against civilians,1
Moldova,Riots,1
Moldova,Riots,1
Moldova,Violence against civilians,1
Moldova,Riots,1
Moldova,Riots,2
Moldova,Riots,1
Moldova,Riots,1
Moldova,Violence against civilians,1
Moldova,Violence against civilians,1
Moldova,Violence against civilians,1
Moldova,Explosions/Remote violence,1
Moldova,Explosions/Remote violence,1
Moldova,Explosions/Remote violence,1
Moldova,Violence against civilians,1
Moldova,Riots,2
Moldova,Violence against civilians,1
Moldova,Explosions/Remote violence,1
Moldova,Explosions/Remote violence,1
Moldova,Violence against civilians,1
Moldova,Violence against civilians,1
Moldova,Violence against civilians,1
Moldova,Violence against civilians,1
Moldova,Violence against civilians,1
Moldova,Explosions/Remote violence,1
Moldova,Explosions/Remote violence,1
Moldova,Explosions/Remote violence,1
Moldova,Violence against civilians,1
Moldova,Violence against civilians,1
Montenegro,Riots,1
Montenegro,Violence against civilians,1
Montenegro,Explosions/Remote violence,1
Montenegro,Riots,1
Montenegro,Violence against civilians,1
Montenegro,Violence against civilians,1
Montenegro,Explosions/Remote violence,1
Montenegro,Explosions/Remote violence,1
Montenegro,Riots,1
Montenegro,Violence against civilians,1
Montenegro,Violence against civilians,1
Montenegro,Explosions/Remote violence,1
Montenegro,Riots,1
Montenegro,Riots,1
Montenegro,Violence against civilians,1
Montenegro,Explosions/Remote violence,1
Montenegro,Explosions/Remote violence,1
Montenegro,Riots,1
Montenegro,Riots,2
Montenegro,Violence against civilians,1
Montenegro,Explosions/Remote violence,3
Montenegro,Riots,1
Montenegro,Riots,1
Montenegro,Riots,1
Montenegro,Explosions/Remote violence,1
Montenegro,Explosions/Remote violence,1
Montenegro,Riots,1
Montenegro,Riots,1
Montenegro,Riots,1
Montenegro,Violence against civilians,2
Montenegro,Violence against civilians,1
Montenegro,Violence against civilians,1
Montenegro,Explosions/Remote violence,1
Montenegro,Riots,1
Montenegro,Riots,2
Montenegro,Violence against civilians,1
Montenegro,Explosions/Remote violence,1
Montenegro,Explosions/Remote violence,2
Montenegro,Explosions/Remote violence,1
Montenegro,Explosions/Remote violence,1
Montenegro,Explosions/Remote violence,1
Montenegro,Explosions/Remote violence,1
Montenegro,Explosions/Remote violence,1
Montenegro,Explosions/Remote violence,1
Montenegro,Explosions/Remote violence,1
Montenegro,Explosions/Remote violence,1
Montenegro,Explosions/Remote violence,2
Montenegro,Explosions/Remote violence,1
Montenegro,Explosions/Remote violence,1
Montenegro,Explosions/Remote violence,1
Montenegro,Riots,1
Montenegro,Riots,1
Montenegro,Riots,1
Montenegro,Riots,2
Montenegro,Riots,1
Montenegro,Violence against civilians,1
Montenegro,Violence against civilians,1
Montenegro,Violence against civilians,1
Montenegro,Violence against civilians,1
Montenegro,Violence against civilians,1
Montenegro,Violence against civilians,1
Montenegro,Violence against civilians,1
Montenegro,Explosions/Remote violence,1
Montenegro,Violence against civilians,1
Montenegro,Riots,1
Montenegro,Violence against civilians,1
Netherlands,Riots,1
Netherlands,Riots,1
Netherlands,Riots,2
Netherlands,Riots,1
Netherlands,Riots,1
Netherlands,Riots,1
Netherlands,Riots,1
Netherlands,Riots,1
Netherlands,Riots,1
Netherlands,Riots,1
Netherlands,Riots,1
Netherlands,Riots,1
Netherlands,Riots,1
Netherlands,Riots,1
Netherlands,Riots,1
Netherlands,Violence against civilians,1
Netherlands,Riots,1
Netherlands,Riots,1
Netherlands,Riots,1
Netherlands,Riots,1
Netherlands,Riots,1
Netherlands,Riots,1
Netherlands,Riots,1
Netherlands,Riots,1
Netherlands,Riots,1
Netherlands,Riots,1
Netherlands,Riots,1
Netherlands,Riots,1
Netherlands,Riots,1
Netherlands,Riots,2
Netherlands,Riots,1
Netherlands,Riots,2
Netherlands,Riots,1
Netherlands,Riots,1
Netherlands,Riots,2
Netherlands,Riots,4
Netherlands,Riots,1
Netherlands,Riots,4
Netherlands,Riots,1
Netherlands,Riots,1
Netherlands,Riots,1
Netherlands,Riots,1
Netherlands,Riots,1
Netherlands,Riots,1
Netherlands,Riots,1
Netherlands,Riots,1
Netherlands,Riots,2
Netherlands,Riots,1
Netherlands,Riots,1
Netherlands,Riots,1
Netherlands,Riots,1
Netherlands,Riots,1
Netherlands,Riots,1
Netherlands,Violence against civilians,1
Netherlands,Violence against civilians,1
Netherlands,Violence against civilians,1
Netherlands,Riots,1
Netherlands,Riots,1
Netherlands,Riots,5
Netherlands,Riots,2
Netherlands,Riots,1
Netherlands,Explosions/Remote violence,1
Netherlands,Explosions/Remote violence,1
Netherlands,Riots,1
Netherlands,Riots,1
Netherlands,Riots,1
Netherlands,Riots,1
Netherlands,Riots,1
Netherlands,Riots,1
Netherlands,Riots,1
Netherlands,Riots,6
Netherlands,Riots,1
Netherlands,Riots,1
Netherlands,Riots,2
Netherlands,Riots,1
Netherlands,Riots,1
Netherlands,Riots,1
Netherlands,Riots,1
Netherlands,Violence against civilians,1
Netherlands,Violence against civilians,1
Netherlands,Explosions/Remote violence,1
Netherlands,Riots,1
Netherlands,Riots,1
Netherlands,Riots,1
Netherlands,Riots,1
Netherlands,Riots,2
Netherlands,Riots,1
Netherlands,Riots,2
Netherlands,Riots,1
Netherlands,Riots,1
Netherlands,Riots,1
Netherlands,Riots,1
Netherlands,Riots,1
Netherlands,Riots,1
Netherlands,Riots,1
Netherlands,Riots,1
Netherlands,Riots,1
Netherlands,Riots,1
Netherlands,Riots,1
Netherlands,Riots,1
Netherlands,Riots,2
Netherlands,Riots,1
Netherlands,Riots,1
Netherlands,Riots,1
Netherlands,Riots,1
Netherlands,Riots,1
Netherlands,Riots,8
Netherlands,Riots,1
Netherlands,Riots,1
Netherlands,Riots,2
Netherlands,Riots,1
Netherlands,Riots,1
Netherlands,Riots,1
Netherlands,Riots,4
Netherlands,Riots,1
Netherlands,Riots,1
Netherlands,Riots,1
Netherlands,Riots,1
Netherlands,Riots,1
Netherlands,Riots,1
Netherlands,Riots,1
Netherlands,Riots,1
Netherlands,Riots,1
Netherlands,Violence against civilians,1
Netherlands,Violence against civilians,1
Netherlands,Violence against civilians,1
Netherlands,Violence against civilians,1
Netherlands,Violence against civilians,1
Netherlands,Riots,1
Netherlands,Riots,1
Netherlands,Riots,1
Netherlands,Riots,4
Netherlands,Riots,1
Netherlands,Riots,1
Netherlands,Riots,1
Netherlands,Riots,2
Netherlands,Riots,6
Netherlands,Riots,1
Netherlands,Riots,2
Netherlands,Riots,1
Netherlands,Riots,3
Netherlands,Riots,1
Netherlands,Riots,1
Netherlands,Riots,1
Netherlands,Riots,1
Netherlands,Riots,1
Netherlands,Riots,1
Netherlands,Riots,1
Netherlands,Riots,1
Netherlands,Riots,1
Netherlands,Riots,1
Netherlands,Riots,2
Netherlands,Riots,1
Netherlands,Riots,1
Netherlands,Riots,1
Netherlands,Riots,1
Netherlands,Riots,2
Netherlands,Riots,2
Netherlands,Riots,1
Netherlands,Riots,1
Netherlands,Riots,1
Netherlands,Riots,1
Netherlands,Riots,1
Netherlands,Riots,6
Netherlands,Riots,1
Netherlands,Riots,1
Netherlands,Riots,1
Netherlands,Riots,2
Netherlands,Riots,1
Netherlands,Riots,1
Netherlands,Riots,2
Netherlands,Riots,1
Netherlands,Riots,2
Netherlands,Riots,1
Netherlands,Riots,1
Netherlands,Riots,1
Netherlands,Riots,1
Netherlands,Riots,2
Netherlands,Riots,1
Netherlands,Riots,1
Netherlands,Riots,1
Netherlands,Riots,1
Netherlands,Riots,1
Netherlands,Riots,1
Netherlands,Riots,1
Netherlands,Riots,1
Netherlands,Riots,1
Netherlands,Violence against civilians,1
Netherlands,Violence against civilians,1
North Macedonia,Violence against civilians,1
North Macedonia,Explosions/Remote violence,1
North Macedonia,Riots,1
North Macedonia,Riots,1
North Macedonia,Riots,1
North Macedonia,Riots,1
North Macedonia,Riots,2
North Macedonia,Riots,1
North Macedonia,Riots,1
North Macedonia,Riots,2
North Macedonia,Violence against civilians,1
North Macedonia,Violence against civilians,1
North Macedonia,Violence against civilians,1
North Macedonia,Violence against civilians,1
North Macedonia,Violence against civilians,1
North Macedonia,Violence against civilians,1
North Macedonia,Violence against civilians,1
North Macedonia,Violence against civilians,1
North Macedonia,Violence against civilians,1
North Macedonia,Violence against civilians,1
North Macedonia,Violence against civilians,1
North Macedonia,Violence against civilians,1
North Macedonia,Violence against civilians,1
North Macedonia,Violence against civilians,1
North Macedonia,Riots,1
North Macedonia,Violence against civilians,1
North Macedonia,Violence against civilians,1
North Macedonia,Violence against civilians,1
North Macedonia,Violence against civilians,1
North Macedonia,Violence against civilians,1
North Macedonia,Riots,1
North Macedonia,Violence against civilians,1
North Macedonia,Riots,1
North Macedonia,Riots,1
North Macedonia,Violence against civilians,1
North Macedonia,Violence against civilians,1
North Macedonia,Violence against civilians,1
Norway,Riots,1
Norway,Violence against civilians,1
Norway,Riots,1
Norway,Riots,2
Norway,Riots,1
Norway,Riots,1
Norway,Riots,1
Norway,Riots,1
Norway,Riots,1
Norway,Riots,1
Norway,Riots,1
Norway,Violence against civilians,1
Norway,Violence against civilians,1
Norway,Violence against civilians,1
Norway,Violence against civilians,1
Norway,Violence against civilians,1
Norway,Violence against civilians,1
Norway,Riots,1
Norway,Riots,1
Norway,Riots,1
Norway,Riots,1
Norway,Riots,1
Norway,Riots,1
Norway,Riots,1
Norway,Riots,1
Norway,Riots,1
Norway,Violence against civilians,1
Norway,Violence against civilians,1
Poland,Riots,1
Poland,Riots,1
Poland,Riots,1
Poland,Riots,1
Poland,Riots,1
Poland,Riots,1
Poland,Riots,1
Poland,Violence against civilians,1
Poland,Violence against civilians,1
Poland,Riots,1
Poland,Violence against civilians,1
Poland,Explosions/Remote violence,1
Poland,Riots,1
Poland,Explosions/Remote violence,8
Poland,Riots,1
Poland,Riots,1
Poland,Riots,1
Poland,Riots,1
Poland,Riots,1
Poland,Riots,1
Poland,Riots,1
Poland,Riots,1
Poland,Explosions/Remote violence,2
Poland,Explosions/Remote violence,1
Poland,Explosions/Remote violence,1
Poland,Riots,1
Poland,Riots,1
Poland,Riots,1
Poland,Riots,1
Poland,Riots,1
Poland,Riots,1
Poland,Riots,1
Poland,Riots,1
Poland,Riots,2
Poland,Riots,2
Poland,Riots,1
Poland,Riots,1
Poland,Riots,1
Poland,Riots,1
Poland,Riots,1
Poland,Riots,1
Poland,Riots,1
Poland,Riots,1
Poland,Riots,1
Poland,Riots,1
Poland,Violence against civilians,1
Poland,Violence against civilians,1
Poland,Violence against civilians,1
Poland,Violence against civilians,1
Poland,Violence against civilians,1
Poland,Violence against civilians,1
Poland,Riots,1
Poland,Riots,1
Poland,Riots,1
Poland,Riots,2
Poland,Riots,6
Poland,Riots,11
Poland,Riots,8
Poland,Riots,9
Poland,Riots,8
Poland,Riots,10
Poland,Riots,8
Poland,Riots,7
Poland,Riots,5
Poland,Riots,6
Poland,Riots,6
Poland,Riots,2
Poland,Riots,2
Poland,Riots,2
Poland,Riots,6
Poland,Riots,4
Poland,Riots,1
Poland,Riots,7
Poland,Riots,5
Poland,Riots,5
Poland,Riots,5
Poland,Riots,2
Poland,Riots,5
Poland,Riots,1
Poland,Riots,4
Poland,Riots,2
Poland,Riots,2
Poland,Riots,2
Poland,Riots,1
Poland,Riots,1
Poland,Riots,1
Poland,Riots,2
Poland,Riots,2
Poland,Riots,2
Poland,Riots,1
Poland,Riots,1
Poland,Riots,1
Poland,Riots,1
Poland,Riots,2
Poland,Riots,3
Poland,Riots,1
Poland,Riots,5
Poland,Riots,1
Poland,Riots,2
Poland,Riots,2
Poland,Riots,2
Poland,Riots,2
Poland,Riots,2
Poland,Riots,2
Poland,Riots,1
Poland,Riots,1
Poland,Riots,1
Poland,Riots,1
Poland,Riots,1
Poland,Riots,3
Poland,Riots,2
Poland,Riots,1
Poland,Riots,1
Poland,Riots,1
Poland,Riots,1
Poland,Riots,2
Poland,Riots,3
Poland,Riots,2
Poland,Riots,1
Poland,Riots,2
Poland,Riots,2
Poland,Riots,1
Poland,Riots,1
Poland,Riots,1
Poland,Riots,1
Poland,Riots,2
Poland,Riots,4
Poland,Riots,1
Poland,Riots,1
Poland,Riots,3
Poland,Riots,1
Poland,Riots,2
Poland,Riots,1
Poland,Riots,1
Poland,Riots,1
Poland,Riots,2
Poland,Riots,6
Poland,Riots,1
Poland,Riots,2
Poland,Riots,1
Poland,Riots,4
Poland,Riots,5
Poland,Riots,2
Poland,Riots,2
Poland,Riots,3
Poland,Riots,1
Poland,Riots,2
Poland,Riots,3
Poland,Riots,1
Poland,Riots,1
Poland,Riots,2
Poland,Riots,1
Poland,Violence against civilians,1
Poland,Violence against civilians,1
Poland,Violence against civilians,1
Poland,Violence against civilians,1
Poland,Riots,1
Poland,Riots,1
Poland,Violence against civilians,1
Poland,Violence against civilians,1
Poland,Riots,1
Poland,Riots,1
Poland,Riots,1
Poland,Riots,1
Poland,Violence against civilians,1
Poland,Explosions/Remote violence,3
Poland,Explosions/Remote violence,1
Poland,Riots,1
Poland,Violence against civilians,1
Poland,Riots,1
Poland,Riots,1
Poland,Violence against civilians,1
Poland,Violence against civilians,1
Poland,Riots,1
Poland,Riots,1
Poland,Riots,1
Poland,Violence against civilians,1
Poland,Violence against civilians,1
Portugal,Riots,1
Portugal,Violence against civilians,1
Portugal,Violence against civilians,1
Portugal,Riots,1
Portugal,Riots,1
Portugal,Riots,1
Portugal,Riots,1
Portugal,Riots,1
Portugal,Riots,1
Portugal,Riots,1
Portugal,Riots,1
Portugal,Riots,1
Portugal,Riots,1
Portugal,Riots,1
Portugal,Riots,1
Portugal,Riots,1
Portugal,Riots,1
Portugal,Riots,1
Portugal,Riots,1
Portugal,Riots,1
Portugal,Riots,2
Portugal,Riots,12
Portugal,Riots,4
Portugal,Riots,1
Portugal,Riots,1
Portugal,Riots,1
Portugal,Riots,1
Portugal,Violence against civilians,1
Portugal,Violence against civilians,1
Portugal,Violence against civilians,1
Portugal,Violence against civilians,1
Portugal,Violence against civilians,1
Portugal,Violence against civilians,1
Portugal,Riots,1
Portugal,Riots,1
Portugal,Riots,1
Portugal,Riots,1
Portugal,Riots,1
Portugal,Violence against civilians,1
Portugal,Violence against civilians,1
Portugal,Riots,1
Portugal,Riots,5
Romania,Riots,1
Romania,Violence against civilians,1
Romania,Violence against civilians,1
Romania,Riots,1
Romania,Violence against civilians,1
Romania,Riots,1
Romania,Riots,1
Romania,Violence against civilians,1
Romania,Violence against civilians,1
Romania,Riots,1
Romania,Riots,2
Romania,Riots,1
Romania,Riots,1
Romania,Riots,1
Romania,Riots,1
Romania,Riots,1
Romania,Riots,1
Romania,Riots,1
Romania,Riots,2
Romania,Riots,1
Romania,Riots,1
Romania,Riots,1
Romania,Riots,1
Romania,Riots,1
Romania,Riots,1
Romania,Riots,1
Romania,Riots,1
Romania,Riots,1
Romania,Riots,1
Romania,Riots,1
Romania,Riots,1
Romania,Riots,1
Romania,Riots,1
Romania,Riots,1
Romania,Riots,1
Romania,Riots,1
Romania,Violence against civilians,1
Romania,Violence against civilians,1
Romania,Violence against civilians,1
Romania,Riots,1
Romania,Violence against civilians,1
Romania,Riots,1
Romania,Riots,1
Romania,Violence against civilians,1
Romania,Explosions/Remote violence,1
Romania,Explosions/Remote violence,1
Romania,Violence against civilians,1
Romania,Violence against civilians,1
Romania,Riots,1
Romania,Violence against civilians,1
Romania,Riots,1
Romania,Violence against civilians,1
Romania,Riots,1
Romania,Violence against civilians,1
Romania,Violence against civilians,1
Romania,Violence against civilians,1
Romania,Violence against civilians,1
Romania,Riots,1
Romania,Riots,1
Romania,Violence against civilians,1
Romania,Riots,1
Romania,Violence against civilians,1
Romania,Riots,1
Romania,Riots,1
Romania,Violence against civilians,1
Romania,Violence against civilians,1
Romania,Riots,1
Romania,Riots,1
Romania,Riots,1
Romania,Violence against civilians,1
Romania,Violence against civilians,1
Romania,Violence against civilians,1
Romania,Violence against civilians,1
Romania,Riots,1
Romania,Riots,1
Romania,Violence against civilians,1
Romania,Explosions/Remote violence,1
Romania,Violence against civilians,1
Romania,Violence against civilians,1
Romania,Riots,1
Romania,Violence against civilians,1
Romania,Riots,1
Romania,Violence against civilians,1
Russia,Riots,1
Russia,Violence against civilians,1
Russia,Violence against civilians,1
Russia,Violence against civilians,1
Russia,Violence against civilians,1
Russia,Violence against civilians,1
Russia,Violence against civilians,1
Russia,Violence against civilians,1
Russia,Violence against civilians,1
Russia,Violence against civilians,1
Russia,Violence against civilians,1
Russia,Violence against civilians,1
Russia,Violence against civilians,1
Russia,Explosions/Remote violence,1
Russia,Riots,1
Russia,Violence against civilians,1
Russia,Violence against civilians,1
Russia,Explosions/Remote violence,1
Russia,Riots,1
Russia,Riots,1
Russia,Violence against civilians,1
Russia,Violence against civilians,1
Russia,Violence against civilians,1
Russia,Explosions/Remote violence,1
Russia,Explosions/Remote violence,2
Russia,Explosions/Remote violence,1
Russia,Explosions/Remote violence,1
Russia,Explosions/Remote violence,1
Russia,Explosions/Remote violence,1
Russia,Explosions/Remote violence,1
Russia,Explosions/Remote violence,1
Russia,Explosions/Remote violence,1
Russia,Explosions/Remote violence,1
Russia,Violence against civilians,1
Russia,Violence against civilians,1
Russia,Violence against civilians,1
Russia,Violence against civilians,1
Russia,Explosions/Remote violence,1
Russia,Explosions/Remote violence,1
Russia,Explosions/Remote violence,1
Russia,Explosions/Remote violence,1
Russia,Explosions/Remote violence,1
Russia,Explosions/Remote violence,2
Russia,Explosions/Remote violence,1
Russia,Explosions/Remote violence,1
Russia,Explosions/Remote violence,1
Russia,Explosions/Remote violence,3
Russia,Explosions/Remote violence,4
Russia,Explosions/Remote violence,1
Russia,Explosions/Remote violence,2
Russia,Explosions/Remote violence,2
Russia,Explosions/Remote violence,18
Russia,Explosions/Remote violence,4
Russia,Explosions/Remote violence,12
Russia,Explosions/Remote violence,8
Russia,Explosions/Remote violence,8
Russia,Explosions/Remote violence,7
Russia,Explosions/Remote violence,7
Russia,Explosions/Remote violence,4
Russia,Explosions/Remote violence,11
Russia,Explosions/Remote violence,14
Russia,Explosions/Remote violence,7
Russia,Explosions/Remote violence,3
Russia,Explosions/Remote violence,14
Russia,Explosions/Remote violence,20
Russia,Explosions/Remote violence,3
Russia,Explosions/Remote violence,15
Russia,Explosions/Remote violence,18
Russia,Explosions/Remote violence,22
Russia,Explosions/Remote violence,15
Russia,Explosions/Remote violence,18
Russia,Explosions/Remote violence,20
Russia,Explosions/Remote violence,24
Russia,Explosions/Remote violence,13
Russia,Explosions/Remote violence,16
Russia,Explosions/Remote violence,10
Russia,Explosions/Remote violence,14
Russia,Explosions/Remote violence,11
Russia,Explosions/Remote violence,13
Russia,Explosions/Remote violence,20
Russia,Explosions/Remote violence,12
Russia,Explosions/Remote violence,17
Russia,Explosions/Remote violence,28
Russia,Explosions/Remote violence,25
Russia,Explosions/Remote violence,26
Russia,Explosions/Remote violence,38
Russia,Explosions/Remote violence,39
Russia,Explosions/Remote violence,54
Russia,Explosions/Remote violence,21
Russia,Explosions/Remote violence,24
Russia,Explosions/Remote violence,29
Russia,Explosions/Remote violence,30
Russia,Explosions/Remote violence,27
Russia,Explosions/Remote violence,53
Russia,Explosions/Remote violence,41
Russia,Explosions/Remote violence,53
Russia,Explosions/Remote violence,45
Russia,Explosions/Remote violence,56
Russia,Explosions/Remote violence,51
Russia,Explosions/Remote violence,43
Russia,Explosions/Remote violence,56
Russia,Explosions/Remote violence,91
Russia,Explosions/Remote violence,85
Russia,Explosions/Remote violence,100
Russia,Explosions/Remote violence,143
Russia,Explosions/Remote violence,231
Russia,Explosions/Remote violence,180
Russia,Explosions/Remote violence,171
Russia,Explosions/Remote violence,178
Russia,Explosions/Remote violence,165
Russia,Explosions/Remote violence,211
Russia,Explosions/Remote violence,188
Russia,Explosions/Remote violence,227
Russia,Explosions/Remote violence,214
Russia,Explosions/Remote violence,196
Russia,Explosions/Remote violence,167
Russia,Explosions/Remote violence,227
Russia,Explosions/Remote violence,192
Russia,Explosions/Remote violence,132
Russia,Explosions/Remote violence,174
Russia,Explosions/Remote violence,142
Russia,Explosions/Remote violence,199
Russia,Explosions/Remote violence,221
Russia,Explosions/Remote violence,205
Russia,Explosions/Remote violence,117
Russia,Explosions/Remote violence,137
Russia,Explosions/Remote violence,159
Russia,Explosions/Remote violence,74
Russia,Explosions/Remote violence,118
Russia,Explosions/Remote violence,149
Russia,Explosions/Remote violence,113
Russia,Explosions/Remote violence,118
Russia,Explosions/Remote violence,85
Russia,Explosions/Remote violence,158
Russia,Explosions/Remote violence,110
Russia,Explosions/Remote violence,137
Russia,Explosions/Remote violence,137
Russia,Explosions/Remote violence,154
Russia,Explosions/Remote violence,157
Russia,Explosions/Remote violence,147
Russia,Explosions/Remote violence,185
Russia,Explosions/Remote violence,270
Russia,Explosions/Remote violence,201
Russia,Explosions/Remote violence,195
Russia,Explosions/Remote violence,179
Russia,Explosions/Remote violence,282
Russia,Explosions/Remote violence,241
Russia,Explosions/Remote violence,179
Russia,Explosions/Remote violence,179
Russia,Explosions/Remote violence,211
Russia,Explosions/Remote violence,271
Russia,Explosions/Remote violence,268
Russia,Explosions/Remote violence,238
Russia,Explosions/Remote violence,255
Russia,Explosions/Remote violence,266
Russia,Explosions/Remote violence,286
Russia,Explosions/Remote violence,232
Russia,Explosions/Remote violence,291
Russia,Explosions/Remote violence,260
Russia,Explosions/Remote violence,206
Russia,Explosions/Remote violence,222
Russia,Explosions/Remote violence,220
Russia,Explosions/Remote violence,285
Russia,Explosions/Remote violence,295
Russia,Explosions/Remote violence,276
Russia,Explosions/Remote violence,290
Russia,Explosions/Remote violence,304
Russia,Explosions/Remote violence,310
Russia,Explosions/Remote violence,298
Russia,Explosions/Remote violence,281
Russia,Explosions/Remote violence,283
Russia,Explosions/Remote violence,266
Russia,Explosions/Remote violence,298
Russia,Explosions/Remote violence,344
Russia,Explosions/Remote violence,269
Russia,Explosions/Remote violence,254
Russia,Explosions/Remote violence,336
Russia,Explosions/Remote violence,1
Russia,Explosions/Remote violence,1
Russia,Explosions/Remote violence,1
Russia,Explosions/Remote violence,1
Russia,Explosions/Remote violence,1
Russia,Explosions/Remote violence,1
Russia,Explosions/Remote violence,2
Russia,Explosions/Remote violence,1
Russia,Explosions/Remote violence,1
Russia,Explosions/Remote violence,1
Russia,Explosions/Remote violence,1
Russia,Explosions/Remote violence,1
Russia,Explosions/Remote violence,1
Russia,Explosions/Remote violence,1
Russia,Explosions/Remote violence,1
Russia,Explosions/Remote violence,2
Russia,Explosions/Remote violence,3
Russia,Explosions/Remote violence,1
Russia,Explosions/Remote violence,1
Russia,Explosions/Remote violence,1
Russia,Explosions/Remote violence,2
Russia,Explosions/Remote violence,1
Russia,Explosions/Remote violence,3
Russia,Explosions/Remote violence,1
Russia,Explosions/Remote violence,1
Russia,Explosions/Remote violence,1
Russia,Explosions/Remote violence,2
Russia,Explosions/Remote violence,1
Russia,Explosions/Remote violence,1
Russia,Explosions/Remote violence,1
Russia,Explosions/Remote violence,1
Russia,Explosions/Remote violence,2
Russia,Explosions/Remote violence,1
Russia,Explosions/Remote violence,1
Russia,Explosions/Remote violence,2
Russia,Explosions/Remote violence,1
Russia,Explosions/Remote violence,1
Russia,Explosions/Remote violence,1
Russia,Explosions/Remote violence,1
Russia,Explosions/Remote violence,1
Russia,Explosions/Remote violence,2
Russia,Explosions/Remote violence,2
Russia,Explosions/Remote violence,1
Russia,Explosions/Remote violence,2
Russia,Explosions/Remote violence,1
Russia,Explosions/Remote violence,4
Russia,Explosions/Remote violence,3
Russia,Explosions/Remote violence,1
Russia,Explosions/Remote violence,3
Russia,Explosions/Remote violence,3
Russia,Explosions/Remote violence,1
Russia,Explosions/Remote violence,1
Russia,Explosions/Remote violence,1
Russia,Explosions/Remote violence,1
Russia,Explosions/Remote violence,2
Russia,Explosions/Remote violence,1
Russia,Explosions/Remote violence,1
Russia,Explosions/Remote violence,2
Russia,Explosions/Remote violence,7
Russia,Explosions/Remote violence,3
Russia,Explosions/Remote violence,1
Russia,Explosions/Remote violence,4
Russia,Explosions/Remote violence,14
Russia,Explosions/Remote violence,11
Russia,Explosions/Remote violence,6
Russia,Explosions/Remote violence,7
Russia,Explosions/Remote violence,2
Russia,Explosions/Remote violence,11
Russia,Explosions/Remote violence,6
Russia,Explosions/Remote violence,9
Russia,Explosions/Remote violence,5
Russia,Explosions/Remote violence,5
Russia,Explosions/Remote violence,6
Russia,Explosions/Remote violence,3
Russia,Explosions/Remote violence,5
Russia,Explosions/Remote violence,11
Russia,Explosions/Remote violence,2
Russia,Explosions/Remote violence,4
Russia,Explosions/Remote violence,6
Russia,Explosions/Remote violence,7
Russia,Explosions/Remote violence,9
Russia,Explosions/Remote violence,5
Russia,Explosions/Remote violence,6
Russia,Explosions/Remote violence,8
Russia,Explosions/Remote violence,2
Russia,Explosions/Remote violence,2
Russia,Explosions/Remote violence,6
Russia,Explosions/Remote violence,5
Russia,Explosions/Remote violence,7
Russia,Explosions/Remote violence,9
Russia,Explosions/Remote violence,3
Russia,Explosions/Remote violence,16
Russia,Explosions/Remote violence,7
Russia,Explosions/Remote violence,63
Russia,Explosions/Remote violence,96
Russia,Explosions/Remote violence,79
Russia,Explosions/Remote violence,36
Russia,Explosions/Remote violence,50
Russia,Explosions/Remote violence,34
Russia,Explosions/Remote violence,50
Russia,Explosions/Remote violence,34
Russia,Explosions/Remote violence,68
Russia,Explosions/Remote violence,50
Russia,Explosions/Remote violence,88
Russia,Explosions/Remote violence,38
Russia,Explosions/Remote violence,48
Russia,Explosions/Remote violence,72
Russia,Explosions/Remote violence,11
Russia,Explosions/Remote violence,69
Russia,Explosions/Remote violence,89
Russia,Explosions/Remote violence,96
Russia,Explosions/Remote violence,86
Russia,Explosions/Remote violence,61
Russia,Explosions/Remote violence,40
Russia,Explosions/Remote violence,54
Russia,Explosions/Remote violence,48
Russia,Explosions/Remote violence,50
Russia,Explosions/Remote violence,44
Russia,Explosions/Remote violence,47
Russia,Explosions/Remote violence,20
Russia,Explosions/Remote violence,36
Russia,Explosions/Remote violence,53
Russia,Explosions/Remote violence,51
Russia,Explosions/Remote violence,57
Russia,Explosions/Remote violence,68
Russia,Explosions/Remote violence,75
Russia,Explosions/Remote violence,63
Russia,Explosions/Remote violence,58
Russia,Explosions/Remote violence,46
Russia,Explosions/Remote violence,39
Russia,Explosions/Remote violence,57
Russia,Explosions/Remote violence,50
Russia,Explosions/Remote violence,41
Russia,Explosions/Remote violence,60
Russia,Explosions/Remote violence,48
Russia,Explosions/Remote violence,103
Russia,Explosions/Remote violence,140
Russia,Explosions/Remote violence,113
Russia,Explosions/Remote violence,105
Russia,Explosions/Remote violence,69
Russia,Explosions/Remote violence,49
Russia,Explosions/Remote violence,60
Russia,Explosions/Remote violence,53
Russia,Explosions/Remote violence,77
Russia,Explosions/Remote violence,152
Russia,Explosions/Remote violence,113
Russia,Explosions/Remote violence,103
Russia,Explosions/Remote violence,20
Russia,Explosions/Remote violence,24
Russia,Explosions/Remote violence,13
Russia,Explosions/Remote violence,24
Russia,Explosions/Remote violence,34
Russia,Explosions/Remote violence,1
Russia,Explosions/Remote violence,9
Russia,Explosions/Remote violence,3
Russia,Explosions/Remote violence,8
Russia,Explosions/Remote violence,25
Russia,Explosions/Remote violence,32
Russia,Explosions/Remote violence,27
Russia,Explosions/Remote violence,24
Russia,Explosions/Remote violence,26
Russia,Explosions/Remote violence,10
Russia,Explosions/Remote violence,33
Russia,Explosions/Remote violence,24
Russia,Explosions/Remote violence,18
Russia,Explosions/Remote violence,7
Russia,Explosions/Remote violence,15
Russia,Explosions/Remote violence,23
Russia,Explosions/Remote violence,10
Russia,Explosions/Remote violence,26
Russia,Explosions/Remote violence,12
Russia,Explosions/Remote violence,16
Russia,Explosions/Remote violence,16
Russia,Explosions/Remote violence,6
Russia,Explosions/Remote violence,23
Russia,Explosions/Remote violence,8
Russia,Explosions/Remote violence,13
Russia,Explosions/Remote violence,14
Russia,Explosions/Remote violence,11
Russia,Explosions/Remote violence,26
Russia,Explosions/Remote violence,19
Russia,Explosions/Remote violence,13
Russia,Explosions/Remote violence,6
Russia,Explosions/Remote violence,2
Russia,Explosions/Remote violence,11
Russia,Explosions/Remote violence,7
Russia,Explosions/Remote violence,6
Russia,Explosions/Remote violence,4
Russia,Explosions/Remote violence,13
Russia,Explosions/Remote violence,9
Russia,Explosions/Remote violence,4
Russia,Explosions/Remote violence,5
Russia,Explosions/Remote violence,1
Russia,Explosions/Remote violence,3
Russia,Explosions/Remote violence,5
Russia,Explosions/Remote violence,4
Russia,Explosions/Remote violence,2
Russia,Explosions/Remote violence,2
Russia,Explosions/Remote violence,2
Russia,Explosions/Remote violence,6
Russia,Explosions/Remote violence,7
Russia,Explosions/Remote violence,3
Russia,Explosions/Remote violence,6
Russia,Explosions/Remote violence,6
Russia,Explosions/Remote violence,2
Russia,Explosions/Remote violence,4
Russia,Explosions/Remote violence,5
Russia,Explosions/Remote violence,5
Russia,Explosions/Remote violence,6
Russia,Explosions/Remote violence,3
Russia,Explosions/Remote violence,5
Russia,Explosions/Remote violence,3
Russia,Explosions/Remote violence,2
Russia,Explosions/Remote violence,2
Russia,Explosions/Remote violence,3
Russia,Explosions/Remote violence,7
Russia,Riots,1
Russia,Violence against civilians,1
Russia,Violence against civilians,1
Russia,Violence against civilians,1
Russia,Violence against civilians,1
Russia,Violence against civilians,1
Russia,Violence against civilians,1
Russia,Violence against civilians,1
Russia,Violence against civilians,1
Russia,Violence against civilians,1
Russia,Violence against civilians,1
Russia,Violence against civilians,1
Russia,Violence against civilians,1
Russia,Violence against civilians,1
Russia,Violence against civilians,2
Russia,Violence against civilians,1
Russia,Violence against civilians,1
Russia,Violence against civilians,1
Russia,Violence against civilians,1
Russia,Violence against civilians,1
Russia,Violence against civilians,1
Russia,Violence against civilians,1
Russia,Explosions/Remote violence,1
Russia,Explosions/Remote violence,1
Russia,Explosions/Remote violence,2
Russia,Explosions/Remote violence,1
Russia,Explosions/Remote violence,1
Russia,Explosions/Remote violence,1
Russia,Explosions/Remote violence,1
Russia,Explosions/Remote violence,1
Russia,Explosions/Remote violence,2
Russia,Explosions/Remote violence,2
Russia,Explosions/Remote violence,1
Russia,Explosions/Remote violence,2
Russia,Explosions/Remote violence,2
Russia,Explosions/Remote violence,1
Russia,Explosions/Remote violence,2
Russia,Explosions/Remote violence,2
Russia,Explosions/Remote violence,1
Russia,Explosions/Remote violence,3
Russia,Explosions/Remote violence,2
Russia,Explosions/Remote violence,1
Russia,Explosions/Remote violence,1
Russia,Explosions/Remote violence,1
Russia,Explosions/Remote violence,1
Russia,Explosions/Remote violence,1
Russia,Explosions/Remote violence,1
Russia,Explosions/Remote violence,1
Russia,Explosions/Remote violence,3
Russia,Explosions/Remote violence,1
Russia,Explosions/Remote violence,3
Russia,Explosions/Remote violence,2
Russia,Explosions/Remote violence,1
Russia,Explosions/Remote violence,1
Russia,Explosions/Remote violence,1
Russia,Explosions/Remote violence,1
Russia,Explosions/Remote violence,1
Russia,Explosions/Remote violence,1
Russia,Explosions/Remote violence,3
Russia,Explosions/Remote violence,2
Russia,Explosions/Remote violence,5
Russia,Explosions/Remote violence,1
Russia,Explosions/Remote violence,1
Russia,Explosions/Remote violence,1
Russia,Explosions/Remote violence,3
Russia,Explosions/Remote violence,1
Russia,Explosions/Remote violence,2
Russia,Explosions/Remote violence,3
Russia,Explosions/Remote violence,2
Russia,Explosions/Remote violence,2
Russia,Explosions/Remote violence,2
Russia,Explosions/Remote violence,1
Russia,Explosions/Remote violence,4
Russia,Explosions/Remote violence,4
Russia,Explosions/Remote violence,5
Russia,Explosions/Remote violence,11
Russia,Explosions/Remote violence,21
Russia,Explosions/Remote violence,5
Russia,Explosions/Remote violence,12
Russia,Explosions/Remote violence,11
Russia,Explosions/Remote violence,1
Russia,Explosions/Remote violence,3
Russia,Explosions/Remote violence,3
Russia,Explosions/Remote violence,5
Russia,Explosions/Remote violence,1
Russia,Explosions/Remote violence,1
Russia,Explosions/Remote violence,4
Russia,Explosions/Remote violence,5
Russia,Explosions/Remote violence,3
Russia,Explosions/Remote violence,3
Russia,Explosions/Remote violence,4
Russia,Explosions/Remote violence,4
Russia,Explosions/Remote violence,8
Russia,Explosions/Remote violence,7
Russia,Explosions/Remote violence,3
Russia,Explosions/Remote violence,8
Russia,Explosions/Remote violence,9
Russia,Explosions/Remote violence,5
Russia,Explosions/Remote violence,1
Russia,Explosions/Remote violence,2
Russia,Explosions/Remote violence,1
Russia,Explosions/Remote violence,4
Russia,Explosions/Remote violence,4
Russia,Explosions/Remote violence,1
Russia,Explosions/Remote violence,1
Russia,Explosions/Remote violence,2
Russia,Explosions/Remote violence,1
Russia,Explosions/Remote violence,2
Russia,Explosions/Remote violence,1
Russia,Explosions/Remote violence,1
Russia,Explosions/Remote violence,1
Russia,Explosions/Remote violence,2
Russia,Explosions/Remote violence,1
Russia,Explosions/Remote violence,2
Russia,Explosions/Remote violence,1
Russia,Explosions/Remote violence,1
Russia,Explosions/Remote violence,1
Russia,Explosions/Remote violence,1
Russia,Explosions/Remote violence,2
Russia,Explosions/Remote violence,1
Russia,Explosions/Remote violence,1
Russia,Explosions/Remote violence,2
Russia,Explosions/Remote violence,3
Russia,Explosions/Remote violence,3
Russia,Explosions/Remote violence,2
Russia,Explosions/Remote violence,1
Russia,Explosions/Remote violence,1
Russia,Explosions/Remote violence,1
Russia,Explosions/Remote violence,2
Russia,Explosions/Remote violence,2
Russia,Explosions/Remote violence,2
Russia,Explosions/Remote violence,2
Russia,Explosions/Remote violence,3
Russia,Explosions/Remote violence,3
Russia,Explosions/Remote violence,1
Russia,Explosions/Remote violence,2
Russia,Explosions/Remote violence,1
Russia,Explosions/Remote violence,1
Russia,Explosions/Remote violence,2
Russia,Explosions/Remote violence,1
Russia,Explosions/Remote violence,1
Russia,Explosions/Remote violence,1
Russia,Explosions/Remote violence,5
Russia,Explosions/Remote violence,1
Russia,Explosions/Remote violence,1
Russia,Explosions/Remote violence,1
Russia,Explosions/Remote violence,1
Russia,Explosions/Remote violence,1
Russia,Explosions/Remote violence,4
Russia,Explosions/Remote violence,4
Russia,Explosions/Remote violence,1
Russia,Explosions/Remote violence,1
Russia,Explosions/Remote violence,9
Russia,Explosions/Remote violence,2
Russia,Explosions/Remote violence,2
Russia,Explosions/Remote violence,8
Russia,Explosions/Remote violence,4
Russia,Explosions/Remote violence,1
Russia,Explosions/Remote violence,1
Russia,Explosions/Remote violence,1
Russia,Explosions/Remote violence,1
Russia,Explosions/Remote violence,1
Russia,Explosions/Remote violence,2
Russia,Explosions/Remote violence,3
Russia,Explosions/Remote violence,2
Russia,Explosions/Remote violence,1
Russia,Explosions/Remote violence,2
Russia,Explosions/Remote violence,2
Russia,Explosions/Remote violence,3
Russia,Explosions/Remote violence,1
Russia,Explosions/Remote violence,1
Russia,Explosions/Remote violence,1
Russia,Explosions/Remote violence,1
Russia,Explosions/Remote violence,2
Russia,Explosions/Remote violence,2
Russia,Explosions/Remote violence,1
Russia,Explosions/Remote violence,1
Russia,Explosions/Remote violence,1
Russia,Explosions/Remote violence,4
Russia,Explosions/Remote violence,1
Russia,Explosions/Remote violence,1
Russia,Explosions/Remote violence,1
Russia,Explosions/Remote violence,1
Russia,Explosions/Remote violence,5
Russia,Explosions/Remote violence,2
Russia,Explosions/Remote violence,5
Russia,Explosions/Remote violence,1
Russia,Explosions/Remote violence,2
Russia,Explosions/Remote violence,1
Russia,Explosions/Remote violence,1
Russia,Explosions/Remote violence,1
Russia,Explosions/Remote violence,1
Russia,Explosions/Remote violence,1
Russia,Explosions/Remote violence,1
Russia,Explosions/Remote violence,1
Russia,Explosions/Remote violence,1
Russia,Violence against civilians,1
Russia,Violence against civilians,1
Russia,Violence against civilians,1
Russia,Violence against civilians,1
Russia,Violence against civilians,1
Russia,Violence against civilians,1
Russia,Violence against civilians,1
Russia,Violence against civilians,1
Russia,Violence against civilians,1
Russia,Violence against civilians,1
Russia,Riots,1
Russia,Riots,1
Russia,Riots,1
Russia,Riots,1
Russia,Riots,1
Russia,Violence against civilians,1
Russia,Violence against civilians,1
Russia,Violence against civilians,1
Russia,Violence against civilians,1
Russia,Violence against civilians,1
Russia,Violence against civilians,1
Russia,Violence against civilians,1
Russia,Violence against civilians,1
Russia,Violence against civilians,1
Russia,Violence against civilians,1
Russia,Violence against civilians,1
Russia,Violence against civilians,1
Russia,Violence against civilians,1
Russia,Violence against civilians,1
Russia,Violence against civilians,1
Russia,Violence against civilians,1
Russia,Violence against civilians,1
Russia,Violence against civilians,2
Russia,Violence against civilians,1
Russia,Violence against civilians,1
Russia,Violence against civilians,1
Russia,Explosions/Remote violence,2
Russia,Riots,1
Russia,Violence against civilians,1
Russia,Violence against civilians,2
Russia,Violence against civilians,1
Russia,Violence against civilians,1
Russia,Violence against civilians,1
Russia,Violence against civilians,1
Russia,Violence against civilians,1
Russia,Violence against civilians,1
Russia,Violence against civilians,1
Russia,Violence against civilians,2
Russia,Violence against civilians,1
Russia,Violence against civilians,1
Russia,Violence against civilians,1
Russia,Violence against civilians,1
Russia,Violence against civilians,2
Russia,Violence against civilians,1
Russia,Violence against civilians,1
Russia,Violence against civilians,1
Russia,Violence against civilians,1
Russia,Violence against civilians,1
Russia,Violence against civilians,1
Russia,Violence against civilians,1
Russia,Explosions/Remote violence,2
Russia,Explosions/Remote violence,1
Russia,Explosions/Remote violence,1
Russia,Explosions/Remote violence,1
Russia,Violence against civilians,1
Russia,Violence against civilians,1
Russia,Violence against civilians,2
Russia,Violence against civilians,1
Russia,Explosions/Remote violence,1
Russia,Explosions/Remote violence,1
Russia,Violence against civilians,1
Russia,Violence against civilians,1
Russia,Violence against civilians,1
Russia,Violence against civilians,1
Russia,Violence against civilians,1
Russia,Violence against civilians,1
Russia,Violence against civilians,1
Russia,Explosions/Remote violence,1
Russia,Explosions/Remote violence,1
Russia,Explosions/Remote violence,1
Russia,Explosions/Remote violence,1
Russia,Explosions/Remote violence,1
Russia,Explosions/Remote violence,1
Russia,Explosions/Remote violence,1
Russia,Explosions/Remote violence,1
Russia,Explosions/Remote violence,1
Russia,Explosions/Remote violence,1
Russia,Explosions/Remote violence,1
Russia,Explosions/Remote violence,1
Russia,Explosions/Remote violence,1
Russia,Explosions/Remote violence,1
Russia,Explosions/Remote violence,1
Russia,Explosions/Remote violence,1
Russia,Explosions/Remote violence,1
Russia,Explosions/Remote violence,2
Russia,Explosions/Remote violence,1
Russia,Explosions/Remote violence,4
Russia,Explosions/Remote violence,1
Russia,Explosions/Remote violence,1
Russia,Explosions/Remote violence,1
Russia,Explosions/Remote violence,2
Russia,Explosions/Remote violence,1
Russia,Explosions/Remote violence,1
Russia,Explosions/Remote violence,2
Russia,Violence against civilians,1
Russia,Violence against civilians,1
Russia,Violence against civilians,1
Russia,Violence against civilians,1
Russia,Violence against civilians,1
Russia,Violence against civilians,1
Russia,Violence against civilians,1
Russia,Violence against civilians,1
Russia,Riots,1
Russia,Riots,1
Russia,Violence against civilians,1
Russia,Violence against civilians,1
Russia,Violence against civilians,1
Russia,Violence against civilians,1
Russia,Violence against civilians,1
Russia,Violence against civilians,1
Russia,Violence against civilians,1
Russia,Violence against civilians,1
Russia,Violence against civilians,1
Russia,Violence against civilians,1
Russia,Violence against civilians,1
Russia,Violence against civilians,1
Russia,Explosions/Remote violence,1
Russia,Riots,1
Russia,Riots,1
Russia,Violence against civilians,1
Russia,Violence against civilians,1
Russia,Violence against civilians,1
Russia,Violence against civilians,1
Russia,Violence against civilians,1
Russia,Violence against civilians,1
Russia,Violence against civilians,1
Russia,Violence against civilians,1
Russia,Violence against civilians,1
Russia,Violence against civilians,1
Russia,Explosions/Remote violence,1
Russia,Explosions/Remote violence,1
Russia,Riots,1
Russia,Violence against civilians,1
Russia,Violence against civilians,1
Russia,Violence against civilians,2
Russia,Violence against civilians,1
Russia,Violence against civilians,1
Russia,Violence against civilians,1
Russia,Violence against civilians,1
Russia,Violence against civilians,1
Russia,Explosions/Remote violence,1
Russia,Violence against civilians,1
Russia,Violence against civilians,1
Russia,Violence against civilians,1
Russia,Violence against civilians,1
Russia,Violence against civilians,1
Russia,Violence against civilians,1
Russia,Explosions/Remote violence,1
Russia,Riots,1
Russia,Violence against civilians,1
Russia,Violence against civilians,1
Russia,Explosions/Remote violence,1
Russia,Explosions/Remote violence,3
Russia,Explosions/Remote violence,1
Russia,Explosions/Remote violence,2
Russia,Explosions/Remote violence,1
Russia,Explosions/Remote violence,1
Russia,Explosions/Remote violence,1
Russia,Explosions/Remote violence,1
Russia,Explosions/Remote violence,1
Russia,Explosions/Remote violence,1
Russia,Explosions/Remote violence,1
Russia,Explosions/Remote violence,3
Russia,Explosions/Remote violence,1
Russia,Explosions/Remote violence,2
Russia,Explosions/Remote violence,3
Russia,Explosions/Remote violence,3
Russia,Explosions/Remote violence,2
Russia,Explosions/Remote violence,1
Russia,Explosions/Remote violence,4
Russia,Explosions/Remote violence,2
Russia,Explosions/Remote violence,3
Russia,Explosions/Remote violence,1
Russia,Explosions/Remote violence,2
Russia,Explosions/Remote violence,2
Russia,Explosions/Remote violence,1
Russia,Explosions/Remote violence,2
Russia,Explosions/Remote violence,4
Russia,Explosions/Remote violence,3
Russia,Explosions/Remote violence,2
Russia,Explosions/Remote violence,3
Russia,Explosions/Remote violence,1
Russia,Explosions/Remote violence,1
Russia,Explosions/Remote violence,1
Russia,Explosions/Remote violence,2
Russia,Explosions/Remote violence,3
Russia,Explosions/Remote violence,7
Russia,Explosions/Remote violence,6
Russia,Explosions/Remote violence,1
Russia,Explosions/Remote violence,2
Russia,Explosions/Remote violence,2
Russia,Explosions/Remote violence,3
Russia,Explosions/Remote violence,1
Russia,Explosions/Remote violence,4
Russia,Explosions/Remote violence,2
Russia,Explosions/Remote violence,2
Russia,Explosions/Remote violence,6
Russia,Explosions/Remote violence,8
Russia,Explosions/Remote violence,6
Russia,Explosions/Remote violence,2
Russia,Explosions/Remote violence,7
Russia,Explosions/Remote violence,4
Russia,Explosions/Remote violence,1
Russia,Explosions/Remote violence,6
Russia,Explosions/Remote violence,2
Russia,Explosions/Remote violence,2
Russia,Explosions/Remote violence,1
Russia,Explosions/Remote violence,1
Russia,Explosions/Remote violence,1
Russia,Explosions/Remote violence,1
Russia,Explosions/Remote violence,1
Russia,Explosions/Remote violence,1
Russia,Explosions/Remote violence,1
Russia,Explosions/Remote violence,2
Russia,Explosions/Remote violence,1
Russia,Explosions/Remote violence,1
Russia,Explosions/Remote violence,1
Russia,Explosions/Remote violence,1
Russia,Riots,1
Russia,Riots,1
Russia,Riots,1
Russia,Riots,1
Russia,Violence against civilians,1
Russia,Violence against civilians,1
Russia,Violence against civilians,2
Russia,Violence against civilians,1
Russia,Violence against civilians,1
Russia,Violence against civilians,1
Russia,Violence against civilians,2
Russia,Violence against civilians,1
Russia,Violence against civilians,1
Russia,Violence against civilians,1
Russia,Violence against civilians,1
Russia,Violence against civilians,1
Russia,Violence against civilians,2
Russia,Violence against civilians,1
Russia,Violence against civilians,1
Russia,Violence against civilians,1
Russia,Violence against civilians,1
Russia,Violence against civilians,1
Russia,Violence against civilians,1
Russia,Violence against civilians,1
Russia,Violence against civilians,1
Russia,Violence against civilians,1
Russia,Violence against civilians,2
Russia,Violence against civilians,1
Russia,Violence against civilians,1
Russia,Violence against civilians,1
Russia,Violence against civilians,1
Russia,Violence against civilians,2
Russia,Violence against civilians,1
Russia,Violence against civilians,1
Russia,Violence against civilians,2
Russia,Violence against civilians,1
Russia,Violence against civilians,1
Russia,Violence against civilians,1
Russia,Violence against civilians,1
Russia,Violence against civilians,1
Russia,Violence against civilians,1
Russia,Violence against civilians,1
Russia,Violence against civilians,1
Russia,Violence against civilians,2
Russia,Violence against civilians,2
Russia,Violence against civilians,1
Russia,Violence against civilians,1
Russia,Violence against civilians,2
Russia,Violence against civilians,1
Russia,Violence against civilians,1
Russia,Violence against civilians,1
Russia,Violence against civilians,1
Russia,Violence against civilians,1
Russia,Violence against civilians,1
Russia,Violence against civilians,1
Russia,Violence against civilians,1
Russia,Violence against civilians,1
Russia,Violence against civilians,1
Russia,Violence against civilians,1
Russia,Violence against civilians,2
Russia,Violence against civilians,1
Russia,Violence against civilians,1
Russia,Riots,1
Russia,Violence against civilians,1
Russia,Violence against civilians,1
Russia,Violence against civilians,1
Russia,Violence against civilians,1
Russia,Violence against civilians,1
Russia,Violence against civilians,1
Russia,Violence against civilians,1
Russia,Violence against civilians,1
Russia,Violence against civilians,1
Russia,Violence against civilians,1
Russia,Violence against civilians,1
Russia,Violence against civilians,1
Russia,Violence against civilians,1
Russia,Violence against civilians,1
Russia,Violence against civilians,1
Russia,Violence against civilians,1
Russia,Violence against civilians,1
Russia,Violence against civilians,1
Russia,Violence against civilians,1
Russia,Violence against civilians,1
Russia,Violence against civilians,1
Russia,Violence against civilians,1
Russia,Violence against civilians,1
Russia,Violence against civilians,1
Russia,Violence against civilians,1
Russia,Violence against civilians,1
Russia,Violence against civilians,1
Russia,Violence against civilians,1
Russia,Violence against civilians,1
Russia,Explosions/Remote violence,1
Russia,Explosions/Remote violence,1
Russia,Explosions/Remote violence,1
Russia,Explosions/Remote violence,1
Russia,Explosions/Remote violence,1
Russia,Explosions/Remote violence,2
Russia,Explosions/Remote violence,1
Russia,Explosions/Remote violence,1
Russia,Explosions/Remote violence,3
Russia,Explosions/Remote violence,1
Russia,Explosions/Remote violence,1
Russia,Explosions/Remote violence,2
Russia,Explosions/Remote violence,2
Russia,Explosions/Remote violence,1
Russia,Explosions/Remote violence,1
Russia,Explosions/Remote violence,1
Russia,Explosions/Remote violence,1
Russia,Explosions/Remote violence,2
Russia,Explosions/Remote violence,1
Russia,Explosions/Remote violence,2
Russia,Explosions/Remote violence,1
Russia,Explosions/Remote violence,7
Russia,Explosions/Remote violence,4
Russia,Explosions/Remote violence,2
Russia,Explosions/Remote violence,2
Russia,Explosions/Remote violence,1
Russia,Explosions/Remote violence,3
Russia,Explosions/Remote violence,1
Russia,Explosions/Remote violence,3
Russia,Explosions/Remote violence,1
Russia,Explosions/Remote violence,1
Russia,Explosions/Remote violence,1
Russia,Explosions/Remote violence,1
Russia,Explosions/Remote violence,1
Russia,Explosions/Remote violence,2
Russia,Explosions/Remote violence,1
Russia,Explosions/Remote violence,2
Russia,Explosions/Remote violence,1
Russia,Explosions/Remote violence,2
Russia,Explosions/Remote violence,3
Russia,Explosions/Remote violence,3
Russia,Explosions/Remote violence,9
Russia,Explosions/Remote violence,10
Russia,Explosions/Remote violence,24
Russia,Explosions/Remote violence,18
Russia,Explosions/Remote violence,25
Russia,Explosions/Remote violence,45
Russia,Explosions/Remote violence,31
Russia,Explosions/Remote violence,34
Russia,Explosions/Remote violence,40
Russia,Explosions/Remote violence,73
Russia,Explosions/Remote violence,76
Russia,Explosions/Remote violence,75
Russia,Explosions/Remote violence,73
Russia,Explosions/Remote violence,62
Russia,Explosions/Remote violence,44
Russia,Explosions/Remote violence,27
Russia,Explosions/Remote violence,37
Russia,Explosions/Remote violence,57
Russia,Explosions/Remote violence,22
Russia,Explosions/Remote violence,36
Russia,Explosions/Remote violence,34
Russia,Explosions/Remote violence,120
Russia,Explosions/Remote violence,108
Russia,Explosions/Remote violence,80
Russia,Explosions/Remote violence,102
Russia,Explosions/Remote violence,105
Russia,Explosions/Remote violence,120
Russia,Explosions/Remote violence,100
Russia,Explosions/Remote violence,111
Russia,Explosions/Remote violence,96
Russia,Explosions/Remote violence,78
Russia,Explosions/Remote violence,50
Russia,Explosions/Remote violence,46
Russia,Explosions/Remote violence,49
Russia,Explosions/Remote violence,57
Russia,Explosions/Remote violence,72
Russia,Explosions/Remote violence,87
Russia,Explosions/Remote violence,62
Russia,Explosions/Remote violence,90
Russia,Explosions/Remote violence,69
Russia,Explosions/Remote violence,90
Russia,Explosions/Remote violence,90
Russia,Explosions/Remote violence,72
Russia,Explosions/Remote violence,83
Russia,Explosions/Remote violence,91
Russia,Explosions/Remote violence,28
Russia,Explosions/Remote violence,12
Russia,Explosions/Remote violence,8
Russia,Explosions/Remote violence,10
Russia,Explosions/Remote violence,5
Russia,Explosions/Remote violence,10
Russia,Explosions/Remote violence,5
Russia,Explosions/Remote violence,6
Russia,Explosions/Remote violence,13
Russia,Explosions/Remote violence,8
Russia,Explosions/Remote violence,10
Russia,Explosions/Remote violence,5
Russia,Explosions/Remote violence,15
Russia,Explosions/Remote violence,16
Russia,Explosions/Remote violence,4
Russia,Explosions/Remote violence,8
Russia,Explosions/Remote violence,11
Russia,Explosions/Remote violence,12
Russia,Explosions/Remote violence,8
Russia,Explosions/Remote violence,9
Russia,Explosions/Remote violence,8
Russia,Explosions/Remote violence,3
Russia,Explosions/Remote violence,9
Russia,Explosions/Remote violence,4
Russia,Explosions/Remote violence,11
Russia,Explosions/Remote violence,5
Russia,Explosions/Remote violence,3
Russia,Explosions/Remote violence,7
Russia,Explosions/Remote violence,11
Russia,Explosions/Remote violence,4
Russia,Explosions/Remote violence,3
Russia,Explosions/Remote violence,14
Russia,Explosions/Remote violence,1
Russia,Explosions/Remote violence,1
Russia,Explosions/Remote violence,1
Russia,Explosions/Remote violence,1
Russia,Explosions/Remote violence,1
Russia,Explosions/Remote violence,1
Russia,Explosions/Remote violence,1
Russia,Explosions/Remote violence,1
Russia,Explosions/Remote violence,1
Russia,Explosions/Remote violence,2
Russia,Explosions/Remote violence,2
Russia,Explosions/Remote violence,1
Russia,Explosions/Remote violence,1
Russia,Explosions/Remote violence,1
Russia,Explosions/Remote violence,1
Russia,Explosions/Remote violence,1
Russia,Explosions/Remote violence,4
Russia,Explosions/Remote violence,1
Russia,Explosions/Remote violence,1
Russia,Explosions/Remote violence,3
Russia,Explosions/Remote violence,1
Russia,Explosions/Remote violence,1
Russia,Explosions/Remote violence,3
Russia,Explosions/Remote violence,1
Russia,Explosions/Remote violence,1
Russia,Explosions/Remote violence,1
Russia,Explosions/Remote violence,1
Russia,Explosions/Remote violence,1
Russia,Explosions/Remote violence,2
Russia,Explosions/Remote violence,1
Russia,Explosions/Remote violence,2
Russia,Explosions/Remote violence,2
Russia,Explosions/Remote violence,2
Russia,Explosions/Remote violence,1
Russia,Explosions/Remote violence,1
Russia,Explosions/Remote violence,1
Russia,Explosions/Remote violence,2
Russia,Explosions/Remote violence,1
Russia,Explosions/Remote violence,7
Russia,Explosions/Remote violence,3
Russia,Explosions/Remote violence,1
Russia,Explosions/Remote violence,1
Russia,Explosions/Remote violence,2
Russia,Explosions/Remote violence,1
Russia,Explosions/Remote violence,3
Russia,Explosions/Remote violence,1
Russia,Explosions/Remote violence,2
Russia,Explosions/Remote violence,1
Russia,Explosions/Remote violence,1
Russia,Explosions/Remote violence,2
Russia,Explosions/Remote violence,3
Russia,Explosions/Remote violence,3
Russia,Explosions/Remote violence,1
Russia,Explosions/Remote violence,2
Russia,Explosions/Remote violence,2
Russia,Explosions/Remote violence,3
Russia,Explosions/Remote violence,5
Russia,Explosions/Remote violence,4
Russia,Explosions/Remote violence,7
Russia,Explosions/Remote violence,5
Russia,Explosions/Remote violence,4
Russia,Explosions/Remote violence,4
Russia,Explosions/Remote violence,3
Russia,Explosions/Remote violence,1
Russia,Explosions/Remote violence,3
Russia,Explosions/Remote violence,2
Russia,Explosions/Remote violence,2
Russia,Explosions/Remote violence,3
Russia,Explosions/Remote violence,2
Russia,Explosions/Remote violence,4
Russia,Explosions/Remote violence,11
Russia,Explosions/Remote violence,7
Russia,Explosions/Remote violence,2
Russia,Explosions/Remote violence,10
Russia,Explosions/Remote violence,4
Russia,Explosions/Remote violence,4
Russia,Explosions/Remote violence,1
Russia,Explosions/Remote violence,2
Russia,Explosions/Remote violence,3
Russia,Explosions/Remote violence,3
Russia,Explosions/Remote violence,7
Russia,Explosions/Remote violence,4
Russia,Explosions/Remote violence,3
Russia,Explosions/Remote violence,4
Russia,Explosions/Remote violence,6
Russia,Explosions/Remote violence,7
Russia,Explosions/Remote violence,8
Russia,Explosions/Remote violence,4
Russia,Explosions/Remote violence,5
Russia,Explosions/Remote violence,5
Russia,Explosions/Remote violence,5
Russia,Explosions/Remote violence,4
Russia,Explosions/Remote violence,4
Russia,Explosions/Remote violence,3
Russia,Explosions/Remote violence,1
Russia,Explosions/Remote violence,5
Russia,Explosions/Remote violence,8
Russia,Explosions/Remote violence,6
Russia,Explosions/Remote violence,5
Russia,Explosions/Remote violence,4
Russia,Explosions/Remote violence,2
Russia,Explosions/Remote violence,4
Russia,Explosions/Remote violence,4
Russia,Explosions/Remote violence,2
Russia,Explosions/Remote violence,5
Russia,Explosions/Remote violence,1
Russia,Explosions/Remote violence,3
Russia,Explosions/Remote violence,1
Russia,Explosions/Remote violence,2
Russia,Explosions/Remote violence,2
Russia,Explosions/Remote violence,6
Russia,Explosions/Remote violence,2
Russia,Explosions/Remote violence,2
Russia,Explosions/Remote violence,3
Russia,Explosions/Remote violence,6
Russia,Explosions/Remote violence,2
Russia,Explosions/Remote violence,3
Russia,Explosions/Remote violence,8
Russia,Explosions/Remote violence,11
Russia,Explosions/Remote violence,3
Russia,Explosions/Remote violence,8
Russia,Explosions/Remote violence,9
Russia,Explosions/Remote violence,6
Russia,Explosions/Remote violence,7
Russia,Explosions/Remote violence,3
Russia,Explosions/Remote violence,3
Russia,Explosions/Remote violence,9
Russia,Explosions/Remote violence,28
Russia,Explosions/Remote violence,10
Russia,Explosions/Remote violence,35
Russia,Explosions/Remote violence,20
Russia,Explosions/Remote violence,12
Russia,Explosions/Remote violence,31
Russia,Explosions/Remote violence,38
Russia,Explosions/Remote violence,29
Russia,Explosions/Remote violence,43
Russia,Explosions/Remote violence,33
Russia,Explosions/Remote violence,22
Russia,Explosions/Remote violence,22
Russia,Explosions/Remote violence,27
Russia,Explosions/Remote violence,19
Russia,Explosions/Remote violence,27
Russia,Explosions/Remote violence,37
Russia,Explosions/Remote violence,22
Russia,Explosions/Remote violence,11
Russia,Explosions/Remote violence,7
Russia,Explosions/Remote violence,3
Russia,Explosions/Remote violence,26
Russia,Explosions/Remote violence,2
Russia,Explosions/Remote violence,7
Russia,Explosions/Remote violence,3
Russia,Explosions/Remote violence,3
Russia,Explosions/Remote violence,2
Russia,Explosions/Remote violence,2
Russia,Explosions/Remote violence,3
Russia,Explosions/Remote violence,3
Russia,Explosions/Remote violence,1
Russia,Explosions/Remote violence,1
Russia,Explosions/Remote violence,1
Russia,Explosions/Remote violence,2
Russia,Explosions/Remote violence,4
Russia,Explosions/Remote violence,5
Russia,Explosions/Remote violence,4
Russia,Explosions/Remote violence,7
Russia,Explosions/Remote violence,2
Russia,Explosions/Remote violence,2
Russia,Explosions/Remote violence,4
Russia,Explosions/Remote violence,6
Russia,Explosions/Remote violence,5
Russia,Explosions/Remote violence,2
Russia,Explosions/Remote violence,2
Russia,Explosions/Remote violence,6
Russia,Explosions/Remote violence,2
Russia,Explosions/Remote violence,5
Russia,Explosions/Remote violence,3
Russia,Explosions/Remote violence,4
Russia,Explosions/Remote violence,3
Russia,Explosions/Remote violence,4
Russia,Explosions/Remote violence,6
Russia,Explosions/Remote violence,4
Russia,Explosions/Remote violence,2
Russia,Explosions/Remote violence,1
Russia,Explosions/Remote violence,2
Russia,Explosions/Remote violence,5
Russia,Explosions/Remote violence,1
Russia,Explosions/Remote violence,3
Russia,Explosions/Remote violence,2
Russia,Explosions/Remote violence,1
Russia,Explosions/Remote violence,1
Russia,Explosions/Remote violence,1
Russia,Explosions/Remote violence,2
Russia,Violence against civilians,1
Russia,Violence against civilians,1
Russia,Violence against civilians,1
Russia,Violence against civilians,1
Russia,Violence against civilians,1
Russia,Violence against civilians,1
Russia,Violence against civilians,1
Russia,Violence against civilians,1
Russia,Violence against civilians,9
Russia,Violence against civilians,9
Russia,Violence against civilians,2
Russia,Violence against civilians,5
Russia,Violence against civilians,1
Russia,Violence against civilians,1
Russia,Violence against civilians,1
Russia,Violence against civilians,1
Russia,Violence against civilians,1
Russia,Violence against civilians,3
Russia,Violence against civilians,3
Russia,Violence against civilians,1
Russia,Violence against civilians,1
Russia,Violence against civilians,3
Russia,Violence against civilians,2
Russia,Violence against civilians,1
Russia,Violence against civilians,1
Russia,Violence against civilians,1
Russia,Violence against civilians,2
Russia,Violence against civilians,1
Russia,Violence against civilians,1
Russia,Violence against civilians,1
Russia,Violence against civilians,1
Russia,Violence against civilians,1
Russia,Violence against civilians,1
Russia,Explosions/Remote violence,1
Russia,Explosions/Remote violence,1
Russia,Explosions/Remote violence,1
Russia,Explosions/Remote violence,1
Russia,Explosions/Remote violence,4
Russia,Explosions/Remote violence,2
Russia,Explosions/Remote violence,2
Russia,Explosions/Remote violence,1
Russia,Explosions/Remote violence,1
Russia,Explosions/Remote violence,1
Russia,Explosions/Remote violence,1
Russia,Explosions/Remote violence,1
Russia,Explosions/Remote violence,2
Russia,Explosions/Remote violence,1
Russia,Riots,1
Russia,Violence against civilians,1
Russia,Violence against civilians,1
Russia,Violence against civilians,1
Russia,Violence against civilians,1
Russia,Violence against civilians,1
Russia,Violence against civilians,1
Russia,Violence against civilians,1
Russia,Violence against civilians,1
Russia,Violence against civilians,1
Russia,Violence against civilians,1
Russia,Violence against civilians,1
Russia,Violence against civilians,1
Russia,Violence against civilians,1
Russia,Explosions/Remote violence,1
Russia,Explosions/Remote violence,1
Russia,Explosions/Remote violence,2
Russia,Explosions/Remote violence,2
Russia,Explosions/Remote violence,1
Russia,Explosions/Remote violence,1
Russia,Explosions/Remote violence,2
Russia,Explosions/Remote violence,1
Russia,Explosions/Remote violence,1
Russia,Explosions/Remote violence,1
Russia,Explosions/Remote violence,2
Russia,Explosions/Remote violence,1
Russia,Explosions/Remote violence,1
Russia,Explosions/Remote violence,1
Russia,Explosions/Remote violence,1
Russia,Explosions/Remote violence,2
Russia,Explosions/Remote violence,2
Russia,Explosions/Remote violence,2
Russia,Explosions/Remote violence,2
Russia,Violence against civilians,1
Russia,Violence against civilians,1
Russia,Violence against civilians,2
Russia,Explosions/Remote violence,1
Russia,Explosions/Remote violence,1
Russia,Explosions/Remote violence,2
Russia,Explosions/Remote violence,1
Russia,Explosions/Remote violence,1
Russia,Explosions/Remote violence,1
Russia,Explosions/Remote violence,1
Russia,Explosions/Remote violence,1
Russia,Explosions/Remote violence,1
Russia,Explosions/Remote violence,1
Russia,Explosions/Remote violence,4
Russia,Explosions/Remote violence,1
Russia,Explosions/Remote violence,2
Russia,Explosions/Remote violence,2
Russia,Explosions/Remote violence,2
Russia,Explosions/Remote violence,1
Russia,Explosions/Remote violence,1
Russia,Explosions/Remote violence,1
Russia,Explosions/Remote violence,1
Russia,Explosions/Remote violence,1
Russia,Explosions/Remote violence,1
Russia,Riots,1
Russia,Riots,1
Russia,Riots,1
Russia,Riots,1
Russia,Riots,1
Russia,Riots,1
Russia,Riots,1
Russia,Riots,1
Russia,Riots,1
Russia,Riots,1
Russia,Riots,1
Russia,Riots,1
Russia,Riots,1
Russia,Riots,1
Russia,Riots,1
Russia,Riots,1
Russia,Riots,1
Russia,Violence against civilians,1
Russia,Violence against civilians,1
Russia,Violence against civilians,1
Russia,Violence against civilians,1
Russia,Violence against civilians,1
Russia,Violence against civilians,1
Russia,Violence against civilians,1
Russia,Violence against civilians,1
Russia,Violence against civilians,1
Russia,Violence against civilians,1
Russia,Violence against civilians,1
Russia,Violence against civilians,1
Russia,Violence against civilians,1
Russia,Violence against civilians,2
Russia,Violence against civilians,1
Russia,Violence against civilians,2
Russia,Violence against civilians,1
Russia,Violence against civilians,1
Russia,Violence against civilians,1
Russia,Violence against civilians,1
Russia,Violence against civilians,2
Russia,Violence against civilians,1
Russia,Violence against civilians,1
Russia,Violence against civilians,1
Russia,Violence against civilians,1
Russia,Violence against civilians,2
Russia,Violence against civilians,1
Russia,Violence against civilians,1
Russia,Violence against civilians,1
Russia,Violence against civilians,1
Russia,Violence against civilians,1
Russia,Violence against civilians,1
Russia,Violence against civilians,1
Russia,Violence against civilians,2
Russia,Violence against civilians,1
Russia,Violence against civilians,1
Russia,Violence against civilians,1
Russia,Violence against civilians,1
Russia,Violence against civilians,1
Russia,Violence against civilians,1
Russia,Violence against civilians,1
Russia,Violence against civilians,1
Russia,Violence against civilians,1
Russia,Violence against civilians,1
Russia,Violence against civilians,3
Russia,Violence against civilians,2
Russia,Violence against civilians,1
Russia,Violence against civilians,1
Russia,Violence against civilians,1
Russia,Violence against civilians,2
Russia,Violence against civilians,1
Russia,Violence against civilians,1
Russia,Violence against civilians,2
Russia,Violence against civilians,1
Russia,Violence against civilians,1
Russia,Violence against civilians,1
Russia,Violence against civilians,1
Russia,Violence against civilians,1
Russia,Violence against civilians,2
Russia,Violence against civilians,1
Russia,Violence against civilians,1
Russia,Violence against civilians,2
Russia,Violence against civilians,2
Russia,Violence against civilians,1
Russia,Violence against civilians,1
Russia,Violence against civilians,1
Russia,Violence against civilians,1
Russia,Violence against civilians,2
Russia,Violence against civilians,1
Russia,Violence against civilians,3
Russia,Violence against civilians,3
Russia,Violence against civilians,2
Russia,Violence against civilians,1
Russia,Violence against civilians,3
Russia,Violence against civilians,1
Russia,Violence against civilians,1
Russia,Violence against civilians,2
Russia,Violence against civilians,1
Russia,Violence against civilians,1
Russia,Violence against civilians,1
Russia,Violence against civilians,1
Russia,Violence against civilians,1
Russia,Violence against civilians,1
Russia,Violence against civilians,3
Russia,Violence against civilians,1
Russia,Violence against civilians,1
Russia,Violence against civilians,1
Russia,Violence against civilians,1
Russia,Violence against civilians,1
Russia,Violence against civilians,1
Russia,Violence against civilians,2
Russia,Violence against civilians,1
Russia,Violence against civilians,1
Russia,Violence against civilians,1
Russia,Violence against civilians,1
Russia,Violence against civilians,1
Russia,Violence against civilians,2
Russia,Violence against civilians,2
Russia,Violence against civilians,3
Russia,Violence against civilians,1
Russia,Violence against civilians,1
Russia,Violence against civilians,1
Russia,Violence against civilians,2
Russia,Violence against civilians,1
Russia,Violence against civilians,2
Russia,Violence against civilians,1
Russia,Violence against civilians,1
Russia,Violence against civilians,1
Russia,Violence against civilians,2
Russia,Violence against civilians,1
Russia,Violence against civilians,1
Russia,Violence against civilians,2
Russia,Violence against civilians,1
Russia,Violence against civilians,1
Russia,Violence against civilians,1
Russia,Violence against civilians,1
Russia,Violence against civilians,1
Russia,Violence against civilians,1
Russia,Violence against civilians,1
Russia,Violence against civilians,1
Russia,Violence against civilians,1
Russia,Violence against civilians,1
Russia,Explosions/Remote violence,1
Russia,Explosions/Remote violence,3
Russia,Explosions/Remote violence,1
Russia,Explosions/Remote violence,1
Russia,Explosions/Remote violence,1
Russia,Explosions/Remote violence,1
Russia,Explosions/Remote violence,1
Russia,Explosions/Remote violence,1
Russia,Explosions/Remote violence,1
Russia,Explosions/Remote violence,1
Russia,Explosions/Remote violence,1
Russia,Explosions/Remote violence,2
Russia,Explosions/Remote violence,4
Russia,Explosions/Remote violence,1
Russia,Explosions/Remote violence,4
Russia,Explosions/Remote violence,14
Russia,Explosions/Remote violence,1
Russia,Explosions/Remote violence,2
Russia,Explosions/Remote violence,4
Russia,Explosions/Remote violence,3
Russia,Explosions/Remote violence,1
Russia,Explosions/Remote violence,1
Russia,Explosions/Remote violence,3
Russia,Explosions/Remote violence,2
Russia,Explosions/Remote violence,1
Russia,Explosions/Remote violence,1
Russia,Explosions/Remote violence,1
Russia,Explosions/Remote violence,1
Russia,Explosions/Remote violence,1
Russia,Explosions/Remote violence,1
Russia,Explosions/Remote violence,1
Russia,Riots,1
Russia,Riots,1
Russia,Riots,2
Russia,Riots,1
Russia,Violence against civilians,1
Russia,Violence against civilians,1
Russia,Violence against civilians,1
Russia,Violence against civilians,1
Russia,Violence against civilians,1
Russia,Violence against civilians,1
Russia,Violence against civilians,1
Russia,Violence against civilians,1
Russia,Violence against civilians,1
Russia,Violence against civilians,1
Russia,Violence against civilians,1
Russia,Violence against civilians,1
Russia,Violence against civilians,1
Russia,Violence against civilians,3
Russia,Violence against civilians,1
Russia,Violence against civilians,2
Russia,Violence against civilians,1
Russia,Violence against civilians,1
Russia,Violence against civilians,2
Russia,Violence against civilians,1
Russia,Violence against civilians,1
Russia,Violence against civilians,1
Russia,Violence against civilians,1
Russia,Violence against civilians,1
Russia,Violence against civilians,2
Russia,Violence against civilians,1
Russia,Violence against civilians,1
Russia,Violence against civilians,1
Russia,Violence against civilians,1
Russia,Violence against civilians,1
Russia,Violence against civilians,1
Russia,Violence against civilians,1
Russia,Violence against civilians,4
Russia,Violence against civilians,1
Russia,Violence against civilians,1
Russia,Violence against civilians,1
Russia,Explosions/Remote violence,1
Russia,Explosions/Remote violence,1
Russia,Explosions/Remote violence,1
Russia,Violence against civilians,1
Russia,Violence against civilians,1
Russia,Violence against civilians,1
Russia,Violence against civilians,1
Russia,Explosions/Remote violence,2
Russia,Explosions/Remote violence,2
Russia,Explosions/Remote violence,1
Russia,Explosions/Remote violence,1
Russia,Explosions/Remote violence,1
Russia,Explosions/Remote violence,1
Russia,Explosions/Remote violence,2
Russia,Explosions/Remote violence,3
Russia,Explosions/Remote violence,1
Russia,Explosions/Remote violence,1
Russia,Explosions/Remote violence,1
Russia,Explosions/Remote violence,1
Russia,Explosions/Remote violence,1
Russia,Explosions/Remote violence,1
Russia,Explosions/Remote violence,3
Russia,Explosions/Remote violence,2
Russia,Riots,1
Russia,Riots,1
Russia,Violence against civilians,1
Russia,Violence against civilians,1
Russia,Violence against civilians,1
Russia,Violence against civilians,1
Russia,Violence against civilians,1
Russia,Violence against civilians,1
Russia,Violence against civilians,1
Russia,Violence against civilians,1
Russia,Violence against civilians,1
Russia,Violence against civilians,1
Russia,Violence against civilians,2
Russia,Explosions/Remote violence,1
Russia,Explosions/Remote violence,1
Russia,Riots,1
Russia,Riots,1
Russia,Riots,1
Russia,Riots,1
Russia,Violence against civilians,1
Russia,Violence against civilians,1
Russia,Violence against civilians,1
Russia,Violence against civilians,1
Russia,Violence against civilians,1
Russia,Violence against civilians,1
Russia,Violence against civilians,1
Russia,Violence against civilians,1
Russia,Violence against civilians,1
Russia,Violence against civilians,1
Russia,Violence against civilians,1
Russia,Violence against civilians,1
Russia,Violence against civilians,1
Russia,Violence against civilians,1
Russia,Violence against civilians,1
Russia,Violence against civilians,1
Russia,Violence against civilians,2
Russia,Violence against civilians,1
Russia,Violence against civilians,4
Russia,Violence against civilians,1
Russia,Explosions/Remote violence,1
Russia,Riots,1
Russia,Riots,1
Russia,Riots,1
Russia,Violence against civilians,1
Russia,Violence against civilians,1
Russia,Violence against civilians,1
Russia,Violence against civilians,1
Russia,Violence against civilians,1
Russia,Violence against civilians,1
Russia,Violence against civilians,1
Russia,Violence against civilians,1
Russia,Violence against civilians,1
Russia,Explosions/Remote violence,2
Russia,Explosions/Remote violence,1
Russia,Explosions/Remote violence,1
Russia,Explosions/Remote violence,1
Russia,Explosions/Remote violence,1
Russia,Explosions/Remote violence,1
Russia,Violence against civilians,1
Russia,Violence against civilians,1
Russia,Violence against civilians,2
Russia,Violence against civilians,1
Russia,Violence against civilians,1
Russia,Violence against civilians,1
Russia,Violence against civilians,1
Russia,Violence against civilians,1
Russia,Violence against civilians,1
Russia,Violence against civilians,1
Russia,Violence against civilians,1
Russia,Violence against civilians,1
Russia,Violence against civilians,2
Russia,Violence against civilians,1
Russia,Violence against civilians,1
Russia,Violence against civilians,1
Russia,Violence against civilians,1
Russia,Violence against civilians,1
Russia,Violence against civilians,1
Russia,Explosions/Remote violence,1
Russia,Explosions/Remote violence,1
Russia,Explosions/Remote violence,2
Russia,Explosions/Remote violence,1
Russia,Explosions/Remote violence,1
Russia,Explosions/Remote violence,2
Russia,Explosions/Remote violence,1
Russia,Explosions/Remote violence,1
Russia,Explosions/Remote violence,1
Russia,Explosions/Remote violence,1
Russia,Explosions/Remote violence,1
Russia,Explosions/Remote violence,1
Russia,Explosions/Remote violence,1
Russia,Explosions/Remote violence,1
Russia,Explosions/Remote violence,1
Russia,Explosions/Remote violence,1
Russia,Explosions/Remote violence,2
Russia,Explosions/Remote violence,1
Russia,Explosions/Remote violence,1
Russia,Explosions/Remote violence,1
Russia,Explosions/Remote violence,1
Russia,Explosions/Remote violence,1
Russia,Explosions/Remote violence,1
Russia,Violence against civilians,1
Russia,Explosions/Remote violence,1
Russia,Explosions/Remote violence,1
Russia,Explosions/Remote violence,1
Russia,Violence against civilians,1
Russia,Violence against civilians,1
Russia,Violence against civilians,1
Russia,Violence against civilians,1
Russia,Explosions/Remote violence,1
Russia,Explosions/Remote violence,1
Russia,Riots,1
Russia,Riots,1
Russia,Violence against civilians,1
Russia,Violence against civilians,1
Russia,Violence against civilians,1
Russia,Violence against civilians,1
Russia,Violence against civilians,1
Russia,Violence against civilians,1
Russia,Explosions/Remote violence,1
Russia,Explosions/Remote violence,1
Russia,Explosions/Remote violence,1
Russia,Explosions/Remote violence,1
Russia,Riots,1
Russia,Violence against civilians,1
Russia,Violence against civilians,1
Russia,Violence against civilians,1
Russia,Violence against civilians,1
Russia,Violence against civilians,1
Russia,Violence against civilians,1
Russia,Violence against civilians,1
Russia,Violence against civilians,1
Russia,Violence against civilians,2
Russia,Violence against civilians,1
Russia,Violence against civilians,1
Russia,Violence against civilians,1
Russia,Violence against civilians,1
Russia,Violence against civilians,1
Russia,Violence against civilians,1
Russia,Violence against civilians,1
Russia,Violence against civilians,1
Russia,Explosions/Remote violence,1
Russia,Explosions/Remote violence,2
Russia,Explosions/Remote violence,1
Russia,Explosions/Remote violence,1
Russia,Violence against civilians,1
Russia,Explosions/Remote violence,1
Russia,Explosions/Remote violence,2
Russia,Explosions/Remote violence,1
Russia,Explosions/Remote violence,1
Russia,Explosions/Remote violence,1
Russia,Violence against civilians,1
Russia,Violence against civilians,1
Russia,Violence against civilians,1
Russia,Violence against civilians,1
Russia,Violence against civilians,1
Russia,Violence against civilians,1
Russia,Explosions/Remote violence,1
Russia,Explosions/Remote violence,1
Russia,Explosions/Remote violence,1
Russia,Explosions/Remote violence,2
Russia,Explosions/Remote violence,1
Russia,Explosions/Remote violence,2
Russia,Explosions/Remote violence,1
Russia,Riots,1
Russia,Riots,1
Russia,Violence against civilians,1
Russia,Violence against civilians,1
Russia,Violence against civilians,1
Russia,Violence against civilians,1
Russia,Violence against civilians,1
Russia,Violence against civilians,1
Russia,Violence against civilians,1
Russia,Violence against civilians,1
Russia,Violence against civilians,1
Russia,Violence against civilians,2
Russia,Violence against civilians,1
Russia,Violence against civilians,2
Russia,Violence against civilians,1
Russia,Violence against civilians,2
Russia,Violence against civilians,1
Russia,Violence against civilians,1
Russia,Violence against civilians,1
Russia,Violence against civilians,1
Russia,Violence against civilians,1
Russia,Violence against civilians,3
Russia,Violence against civilians,1
Russia,Violence against civilians,1
Russia,Violence against civilians,1
Russia,Violence against civilians,1
Russia,Violence against civilians,1
Russia,Violence against civilians,1
Russia,Violence against civilians,1
Russia,Violence against civilians,1
Russia,Violence against civilians,1
Russia,Violence against civilians,1
Russia,Violence against civilians,1
Russia,Explosions/Remote violence,1
Russia,Explosions/Remote violence,1
Russia,Explosions/Remote violence,1
Russia,Explosions/Remote violence,1
Russia,Explosions/Remote violence,1
Russia,Explosions/Remote violence,1
Russia,Explosions/Remote violence,1
Russia,Violence against civilians,1
Russia,Violence against civilians,1
Russia,Violence against civilians,1
Russia,Violence against civilians,1
Russia,Violence against civilians,2
Russia,Violence against civilians,1
Russia,Violence against civilians,1
Russia,Violence against civilians,1
Russia,Violence against civilians,1
Russia,Violence against civilians,1
Russia,Violence against civilians,5
Russia,Violence against civilians,2
Russia,Violence against civilians,3
Russia,Violence against civilians,1
Russia,Violence against civilians,1
Russia,Violence against civilians,1
Russia,Violence against civilians,1
Russia,Violence against civilians,1
Russia,Violence against civilians,1
Russia,Violence against civilians,1
Russia,Violence against civilians,1
Russia,Violence against civilians,2
Russia,Violence against civilians,1
Russia,Violence against civilians,1
Russia,Violence against civilians,3
Russia,Violence against civilians,1
Russia,Violence against civilians,1
Russia,Violence against civilians,1
Russia,Violence against civilians,1
Russia,Violence against civilians,1
Russia,Violence against civilians,1
Russia,Violence against civilians,1
Russia,Violence against civilians,1
Russia,Violence against civilians,1
Russia,Violence against civilians,1
Russia,Violence against civilians,1
Russia,Violence against civilians,1
Russia,Violence against civilians,1
Russia,Violence against civilians,1
Russia,Violence against civilians,2
Russia,Violence against civilians,1
Russia,Violence against civilians,1
Russia,Violence against civilians,1
Russia,Violence against civilians,1
Russia,Violence against civilians,1
Russia,Violence against civilians,1
Russia,Violence against civilians,1
Russia,Violence against civilians,1
Russia,Violence against civilians,1
Russia,Violence against civilians,1
Russia,Violence against civilians,1
Russia,Violence against civilians,2
Russia,Violence against civilians,1
Russia,Violence against civilians,1
Russia,Violence against civilians,1
Russia,Violence against civilians,1
Russia,Violence against civilians,1
Russia,Violence against civilians,1
Russia,Violence against civilians,2
Russia,Violence against civilians,1
Russia,Violence against civilians,1
Russia,Violence against civilians,1
Russia,Violence against civilians,1
Russia,Violence against civilians,1
Russia,Violence against civilians,1
Russia,Explosions/Remote violence,1
Russia,Explosions/Remote violence,2
Russia,Explosions/Remote violence,1
Russia,Explosions/Remote violence,1
Russia,Violence against civilians,1
Russia,Violence against civilians,1
Russia,Violence against civilians,1
Russia,Violence against civilians,1
Russia,Explosions/Remote violence,1
Russia,Explosions/Remote violence,1
Russia,Explosions/Remote violence,1
Russia,Riots,1
Russia,Riots,1
Russia,Riots,1
Russia,Riots,1
Russia,Riots,1
Russia,Riots,1
Russia,Riots,1
Russia,Riots,1
Russia,Riots,1
Russia,Riots,1
Russia,Riots,1
Russia,Riots,1
Russia,Riots,1
Russia,Riots,2
Russia,Violence against civilians,1
Russia,Violence against civilians,2
Russia,Violence against civilians,1
Russia,Violence against civilians,1
Russia,Violence against civilians,2
Russia,Violence against civilians,1
Russia,Violence against civilians,1
Russia,Violence against civilians,2
Russia,Violence against civilians,2
Russia,Violence against civilians,1
Russia,Violence against civilians,1
Russia,Violence against civilians,1
Russia,Violence against civilians,1
Russia,Violence against civilians,1
Russia,Violence against civilians,1
Russia,Violence against civilians,1
Russia,Violence against civilians,1
Russia,Violence against civilians,1
Russia,Violence against civilians,1
Russia,Violence against civilians,1
Russia,Violence against civilians,1
Russia,Violence against civilians,1
Russia,Violence against civilians,1
Russia,Violence against civilians,1
Russia,Violence against civilians,1
Russia,Violence against civilians,1
Russia,Violence against civilians,1
Russia,Violence against civilians,1
Russia,Violence against civilians,1
Russia,Violence against civilians,1
Russia,Violence against civilians,1
Russia,Violence against civilians,1
Russia,Violence against civilians,1
Russia,Violence against civilians,1
Russia,Violence against civilians,1
Russia,Violence against civilians,1
Russia,Violence against civilians,1
Russia,Violence against civilians,1
Russia,Violence against civilians,1
Russia,Violence against civilians,2
Russia,Violence against civilians,2
Russia,Violence against civilians,1
Russia,Violence against civilians,1
Russia,Explosions/Remote violence,1
Russia,Explosions/Remote violence,1
Russia,Explosions/Remote violence,1
Russia,Explosions/Remote violence,1
Russia,Explosions/Remote violence,1
Russia,Explosions/Remote violence,1
Russia,Explosions/Remote violence,1
Russia,Explosions/Remote violence,1
Russia,Riots,1
Russia,Riots,1
Russia,Riots,1
Russia,Violence against civilians,1
Russia,Violence against civilians,1
Russia,Violence against civilians,1
Russia,Violence against civilians,1
Russia,Violence against civilians,1
Russia,Violence against civilians,1
Russia,Violence against civilians,1
Russia,Violence against civilians,1
Russia,Violence against civilians,2
Russia,Violence against civilians,1
Russia,Violence against civilians,1
Russia,Violence against civilians,1
Russia,Violence against civilians,1
Russia,Violence against civilians,1
Russia,Violence against civilians,1
Russia,Violence against civilians,1
Russia,Violence against civilians,1
Russia,Violence against civilians,1
Russia,Violence against civilians,1
Russia,Riots,1
Russia,Riots,3
Russia,Violence against civilians,1
Russia,Violence against civilians,1
Russia,Violence against civilians,1
Russia,Violence against civilians,1
Russia,Violence against civilians,1
Russia,Violence against civilians,1
Russia,Violence against civilians,1
Russia,Violence against civilians,1
Russia,Violence against civilians,1
Russia,Explosions/Remote violence,1
Russia,Violence against civilians,1
Russia,Violence against civilians,1
Russia,Violence against civilians,1
Russia,Violence against civilians,1
Russia,Violence against civilians,1
Russia,Violence against civilians,1
Russia,Violence against civilians,1
Russia,Violence against civilians,1
Russia,Explosions/Remote violence,1
Russia,Violence against civilians,1
Russia,Violence against civilians,2
Russia,Violence against civilians,1
Russia,Violence against civilians,1
Russia,Violence against civilians,1
Russia,Violence against civilians,1
Russia,Violence against civilians,1
Russia,Violence against civilians,1
Russia,Explosions/Remote violence,1
Russia,Violence against civilians,1
Russia,Riots,1
Russia,Explosions/Remote violence,1
Russia,Explosions/Remote violence,1
Russia,Riots,1
Russia,Violence against civilians,1
Russia,Violence against civilians,1
Russia,Violence against civilians,1
Russia,Violence against civilians,1
Russia,Violence against civilians,1
Russia,Explosions/Remote violence,1
Russia,Explosions/Remote violence,1
Russia,Violence against civilians,1
Russia,Violence against civilians,1
Russia,Violence against civilians,1
Russia,Violence against civilians,1
Russia,Violence against civilians,1
Russia,Violence against civilians,1
Russia,Explosions/Remote violence,1
Russia,Explosions/Remote violence,1
Russia,Riots,1
Russia,Riots,1
Russia,Riots,1
Russia,Riots,1
Russia,Riots,1
Russia,Violence against civilians,1
Russia,Violence against civilians,1
Russia,Violence against civilians,1
Russia,Violence against civilians,1
Russia,Violence against civilians,1
Russia,Violence against civilians,1
Russia,Violence against civilians,1
Russia,Violence against civilians,1
Russia,Violence against civilians,1
Russia,Violence against civilians,1
Russia,Violence against civilians,1
Russia,Violence against civilians,1
Russia,Violence against civilians,1
Russia,Explosions/Remote violence,2
Russia,Explosions/Remote violence,1
Russia,Explosions/Remote violence,2
Russia,Explosions/Remote violence,2
Russia,Explosions/Remote violence,1
Russia,Explosions/Remote violence,1
Russia,Explosions/Remote violence,1
Russia,Explosions/Remote violence,1
Russia,Explosions/Remote violence,4
Russia,Explosions/Remote violence,1
Russia,Violence against civilians,1
Russia,Violence against civilians,1
Russia,Violence against civilians,1
Russia,Violence against civilians,1
Russia,Violence against civilians,1
Russia,Violence against civilians,1
Russia,Violence against civilians,1
Russia,Violence against civilians,1
Russia,Riots,1
Russia,Violence against civilians,1
Russia,Explosions/Remote violence,1
Russia,Explosions/Remote violence,1
Russia,Explosions/Remote violence,1
Russia,Explosions/Remote violence,1
Russia,Explosions/Remote violence,2
Russia,Explosions/Remote violence,1
Russia,Explosions/Remote violence,1
Russia,Explosions/Remote violence,1
Russia,Explosions/Remote violence,2
Russia,Explosions/Remote violence,1
Russia,Explosions/Remote violence,1
Russia,Explosions/Remote violence,1
Russia,Explosions/Remote violence,1
Russia,Explosions/Remote violence,2
Russia,Explosions/Remote violence,2
Russia,Explosions/Remote violence,1
Russia,Explosions/Remote violence,1
Russia,Explosions/Remote violence,4
Russia,Explosions/Remote violence,2
Russia,Explosions/Remote violence,3
Russia,Explosions/Remote violence,3
Russia,Explosions/Remote violence,4
Russia,Explosions/Remote violence,1
Russia,Explosions/Remote violence,1
Russia,Explosions/Remote violence,4
Russia,Explosions/Remote violence,7
Russia,Explosions/Remote violence,1
Russia,Explosions/Remote violence,1
Russia,Explosions/Remote violence,1
Russia,Explosions/Remote violence,1
Russia,Explosions/Remote violence,5
Russia,Explosions/Remote violence,1
Russia,Explosions/Remote violence,1
Russia,Explosions/Remote violence,3
Russia,Explosions/Remote violence,2
Russia,Explosions/Remote violence,1
Russia,Explosions/Remote violence,3
Russia,Explosions/Remote violence,1
Russia,Explosions/Remote violence,3
Russia,Explosions/Remote violence,1
Russia,Explosions/Remote violence,2
Russia,Explosions/Remote violence,4
Russia,Explosions/Remote violence,5
Russia,Explosions/Remote violence,1
Russia,Explosions/Remote violence,13
Russia,Explosions/Remote violence,12
Russia,Explosions/Remote violence,8
Russia,Explosions/Remote violence,2
Russia,Explosions/Remote violence,3
Russia,Explosions/Remote violence,3
Russia,Explosions/Remote violence,4
Russia,Explosions/Remote violence,2
Russia,Explosions/Remote violence,1
Russia,Explosions/Remote violence,5
Russia,Explosions/Remote violence,5
Russia,Explosions/Remote violence,4
Russia,Explosions/Remote violence,1
Russia,Explosions/Remote violence,1
Russia,Explosions/Remote violence,1
Russia,Explosions/Remote violence,1
Russia,Explosions/Remote violence,1
Russia,Explosions/Remote violence,1
Russia,Explosions/Remote violence,2
Russia,Explosions/Remote violence,1
Russia,Explosions/Remote violence,2
Russia,Explosions/Remote violence,1
Russia,Explosions/Remote violence,2
Russia,Explosions/Remote violence,1
Russia,Explosions/Remote violence,1
Russia,Riots,1
Russia,Riots,1
Russia,Riots,1
Russia,Violence against civilians,1
Russia,Violence against civilians,1
Russia,Violence against civilians,1
Russia,Violence against civilians,1
Russia,Violence against civilians,1
Russia,Violence against civilians,1
Russia,Violence against civilians,1
Russia,Violence against civilians,1
Russia,Violence against civilians,1
Russia,Violence against civilians,1
Russia,Violence against civilians,1
Russia,Violence against civilians,1
Russia,Violence against civilians,1
Russia,Violence against civilians,1
Russia,Violence against civilians,1
Russia,Violence against civilians,2
Russia,Violence against civilians,1
Russia,Violence against civilians,1
Russia,Violence against civilians,1
Russia,Violence against civilians,1
Russia,Violence against civilians,1
Russia,Violence against civilians,1
Russia,Violence against civilians,1
Russia,Violence against civilians,1
Russia,Violence against civilians,1
Russia,Violence against civilians,1
Russia,Violence against civilians,1
Russia,Violence against civilians,1
Russia,Violence against civilians,2
Russia,Violence against civilians,1
Russia,Violence against civilians,1
Russia,Violence against civilians,1
Russia,Violence against civilians,1
Russia,Violence against civilians,1
Russia,Explosions/Remote violence,1
Russia,Explosions/Remote violence,1
Russia,Explosions/Remote violence,1
Russia,Explosions/Remote violence,1
Russia,Explosions/Remote violence,1
Russia,Explosions/Remote violence,1
Russia,Explosions/Remote violence,1
Russia,Explosions/Remote violence,1
Russia,Explosions/Remote violence,2
Russia,Explosions/Remote violence,3
Russia,Explosions/Remote violence,1
Russia,Explosions/Remote violence,1
Russia,Explosions/Remote violence,1
Russia,Explosions/Remote violence,1
Russia,Explosions/Remote violence,1
Russia,Explosions/Remote violence,1
Russia,Violence against civilians,1
Russia,Violence against civilians,1
Russia,Violence against civilians,1
Russia,Violence against civilians,1
Russia,Violence against civilians,1
Russia,Violence against civilians,1
Russia,Violence against civilians,1
Russia,Violence against civilians,1
Russia,Explosions/Remote violence,1
Russia,Explosions/Remote violence,2
Russia,Explosions/Remote violence,1
Russia,Explosions/Remote violence,1
Russia,Explosions/Remote violence,1
Russia,Explosions/Remote violence,1
Russia,Explosions/Remote violence,1
Russia,Explosions/Remote violence,2
Russia,Explosions/Remote violence,1
Russia,Explosions/Remote violence,1
Russia,Explosions/Remote violence,1
Russia,Riots,1
Russia,Riots,1
Russia,Riots,1
Russia,Riots,1
Russia,Riots,1
Russia,Violence against civilians,1
Russia,Violence against civilians,1
Russia,Violence against civilians,2
Russia,Violence against civilians,3
Russia,Violence against civilians,1
Russia,Violence against civilians,2
Russia,Violence against civilians,3
Russia,Violence against civilians,5
Russia,Violence against civilians,1
Russia,Violence against civilians,1
Russia,Violence against civilians,1
Russia,Violence against civilians,1
Russia,Violence against civilians,1
Russia,Violence against civilians,1
Russia,Violence against civilians,1
Russia,Violence against civilians,1
Russia,Violence against civilians,1
Russia,Violence against civilians,1
Russia,Violence against civilians,1
Russia,Violence against civilians,1
Russia,Violence against civilians,1
Russia,Violence against civilians,1
Russia,Violence against civilians,1
Russia,Violence against civilians,1
Russia,Violence against civilians,2
Russia,Violence against civilians,1
Russia,Violence against civilians,1
Russia,Violence against civilians,1
Russia,Violence against civilians,2
Russia,Violence against civilians,1
Russia,Violence against civilians,1
Russia,Violence against civilians,1
Russia,Violence against civilians,1
Russia,Violence against civilians,1
Russia,Violence against civilians,1
Russia,Violence against civilians,2
Russia,Violence against civilians,2
Russia,Violence against civilians,1
Russia,Violence against civilians,1
Russia,Violence against civilians,1
Russia,Violence against civilians,1
Russia,Violence against civilians,1
Russia,Violence against civilians,1
Russia,Violence against civilians,1
Russia,Violence against civilians,1
Russia,Violence against civilians,1
Russia,Violence against civilians,1
Russia,Violence against civilians,2
Russia,Violence against civilians,2
Russia,Violence against civilians,1
Russia,Violence against civilians,1
Russia,Violence against civilians,2
Russia,Violence against civilians,1
Russia,Violence against civilians,1
Russia,Violence against civilians,1
Russia,Violence against civilians,2
Russia,Violence against civilians,1
Russia,Violence against civilians,1
Russia,Violence against civilians,1
Russia,Violence against civilians,4
Russia,Violence against civilians,1
Russia,Violence against civilians,1
Russia,Violence against civilians,1
Russia,Violence against civilians,1
Russia,Violence against civilians,1
Russia,Violence against civilians,1
Russia,Violence against civilians,1
Russia,Violence against civilians,1
Russia,Violence against civilians,1
Russia,Explosions/Remote violence,2
Russia,Explosions/Remote violence,1
Russia,Explosions/Remote violence,1
Russia,Explosions/Remote violence,1
Russia,Explosions/Remote violence,1
Russia,Explosions/Remote violence,1
Russia,Explosions/Remote violence,1
Russia,Explosions/Remote violence,1
Russia,Explosions/Remote violence,2
Russia,Explosions/Remote violence,1
Russia,Explosions/Remote violence,2
Russia,Explosions/Remote violence,1
Russia,Explosions/Remote violence,3
Russia,Explosions/Remote violence,1
Russia,Explosions/Remote violence,1
Russia,Explosions/Remote violence,1
Russia,Explosions/Remote violence,1
Russia,Explosions/Remote violence,1
Russia,Riots,1
Russia,Violence against civilians,1
Russia,Violence against civilians,1
Russia,Violence against civilians,1
Russia,Violence against civilians,1
Russia,Violence against civilians,1
Russia,Violence against civilians,1
Russia,Violence against civilians,1
Russia,Violence against civilians,1
Russia,Violence against civilians,1
Russia,Violence against civilians,1
Russia,Violence against civilians,1
Russia,Explosions/Remote violence,1
Russia,Explosions/Remote violence,1
Russia,Explosions/Remote violence,1
Russia,Explosions/Remote violence,1
Russia,Explosions/Remote violence,1
Russia,Explosions/Remote violence,3
Russia,Explosions/Remote violence,1
Russia,Explosions/Remote violence,1
Russia,Explosions/Remote violence,1
Russia,Explosions/Remote violence,2
Russia,Explosions/Remote violence,1
Russia,Explosions/Remote violence,3
Russia,Explosions/Remote violence,1
Russia,Explosions/Remote violence,1
Russia,Explosions/Remote violence,1
Russia,Explosions/Remote violence,2
Russia,Explosions/Remote violence,1
Russia,Explosions/Remote violence,1
Russia,Explosions/Remote violence,1
Russia,Explosions/Remote violence,1
Russia,Explosions/Remote violence,1
Russia,Explosions/Remote violence,1
Russia,Riots,1
Russia,Riots,1
Russia,Violence against civilians,1
Russia,Violence against civilians,1
Russia,Violence against civilians,1
Russia,Violence against civilians,1
Russia,Violence against civilians,1
Russia,Violence against civilians,1
Russia,Violence against civilians,1
Russia,Violence against civilians,1
Russia,Violence against civilians,1
Russia,Violence against civilians,1
Russia,Violence against civilians,2
Russia,Violence against civilians,1
Russia,Violence against civilians,1
Russia,Violence against civilians,1
Russia,Violence against civilians,1
Russia,Violence against civilians,1
Russia,Violence against civilians,1
Russia,Violence against civilians,1
Russia,Violence against civilians,2
Russia,Violence against civilians,1
Russia,Violence against civilians,1
Russia,Violence against civilians,1
Russia,Explosions/Remote violence,2
Russia,Explosions/Remote violence,1
Russia,Explosions/Remote violence,3
Russia,Explosions/Remote violence,1
Russia,Explosions/Remote violence,1
Russia,Explosions/Remote violence,1
Russia,Explosions/Remote violence,1
Russia,Explosions/Remote violence,1
Russia,Explosions/Remote violence,1
Russia,Explosions/Remote violence,1
Russia,Explosions/Remote violence,2
Russia,Explosions/Remote violence,1
Russia,Explosions/Remote violence,1
Russia,Explosions/Remote violence,1
Russia,Violence against civilians,1
Russia,Explosions/Remote violence,1
Russia,Explosions/Remote violence,1
Russia,Explosions/Remote violence,1
Russia,Explosions/Remote violence,1
Russia,Explosions/Remote violence,1
Russia,Explosions/Remote violence,1
Russia,Explosions/Remote violence,1
Russia,Explosions/Remote violence,1
Russia,Explosions/Remote violence,1
Russia,Explosions/Remote violence,1
Russia,Explosions/Remote violence,1
Russia,Riots,1
Russia,Violence against civilians,1
Russia,Violence against civilians,1
Russia,Violence against civilians,1
Russia,Violence against civilians,1
Russia,Violence against civilians,1
Russia,Violence against civilians,1
Russia,Violence against civilians,1
Russia,Violence against civilians,1
Russia,Violence against civilians,1
Russia,Violence against civilians,1
Russia,Violence against civilians,1
Russia,Violence against civilians,1
Russia,Violence against civilians,1
Russia,Violence against civilians,1
Russia,Violence against civilians,1
Russia,Violence against civilians,1
Russia,Explosions/Remote violence,1
Russia,Explosions/Remote violence,1
Russia,Explosions/Remote violence,1
Russia,Riots,1
Russia,Riots,3
Russia,Riots,1
Russia,Violence against civilians,1
Russia,Violence against civilians,1
Russia,Violence against civilians,1
Russia,Violence against civilians,1
Russia,Violence against civilians,1
Russia,Violence against civilians,1
Russia,Violence against civilians,1
Russia,Violence against civilians,1
Russia,Violence against civilians,1
Russia,Violence against civilians,1
Russia,Violence against civilians,1
Russia,Violence against civilians,1
Russia,Violence against civilians,1
Russia,Violence against civilians,1
Russia,Violence against civilians,1
Russia,Violence against civilians,1
Russia,Violence against civilians,1
Russia,Violence against civilians,2
Russia,Violence against civilians,1
Russia,Violence against civilians,3
Russia,Violence against civilians,1
Russia,Violence against civilians,1
Russia,Violence against civilians,1
Russia,Explosions/Remote violence,2
Russia,Explosions/Remote violence,1
Russia,Explosions/Remote violence,1
Russia,Explosions/Remote violence,1
Russia,Explosions/Remote violence,1
Russia,Explosions/Remote violence,1
Russia,Explosions/Remote violence,1
Russia,Explosions/Remote violence,1
Russia,Explosions/Remote violence,2
Russia,Explosions/Remote violence,1
Russia,Explosions/Remote violence,1
Russia,Explosions/Remote violence,1
Russia,Explosions/Remote violence,1
Russia,Explosions/Remote violence,1
Russia,Explosions/Remote violence,1
Russia,Violence against civilians,1
Russia,Violence against civilians,1
Russia,Violence against civilians,1
Russia,Violence against civilians,1
Russia,Violence against civilians,1
Russia,Violence against civilians,1
Russia,Explosions/Remote violence,1
Russia,Explosions/Remote violence,1
Russia,Explosions/Remote violence,1
Russia,Explosions/Remote violence,1
Russia,Explosions/Remote violence,1
Russia,Explosions/Remote violence,2
Russia,Explosions/Remote violence,1
Russia,Explosions/Remote violence,1
Russia,Explosions/Remote violence,3
Russia,Explosions/Remote violence,1
Russia,Explosions/Remote violence,1
Russia,Explosions/Remote violence,1
Russia,Explosions/Remote violence,4
Russia,Explosions/Remote violence,1
Russia,Explosions/Remote violence,1
Russia,Explosions/Remote violence,3
Russia,Explosions/Remote violence,1
Russia,Explosions/Remote violence,1
Russia,Explosions/Remote violence,1
Russia,Explosions/Remote violence,1
Russia,Violence against civilians,1
Russia,Violence against civilians,1
Russia,Violence against civilians,1
Russia,Violence against civilians,1
Russia,Violence against civilians,1
Russia,Explosions/Remote violence,1
Russia,Explosions/Remote violence,1
Russia,Explosions/Remote violence,1
Russia,Explosions/Remote violence,1
Russia,Explosions/Remote violence,1
Russia,Explosions/Remote violence,2
Russia,Explosions/Remote violence,1
Russia,Explosions/Remote violence,2
Russia,Explosions/Remote violence,2
Russia,Explosions/Remote violence,1
Russia,Explosions/Remote violence,1
Russia,Explosions/Remote violence,1
Russia,Explosions/Remote violence,1
Russia,Violence against civilians,1
Russia,Violence against civilians,1
Russia,Violence against civilians,1
Russia,Violence against civilians,1
Russia,Violence against civilians,1
Russia,Violence against civilians,1
Russia,Violence against civilians,1
Russia,Violence against civilians,1
Russia,Violence against civilians,1
Russia,Explosions/Remote violence,1
Russia,Violence against civilians,1
Russia,Violence against civilians,1
Russia,Violence against civilians,1
Russia,Violence against civilians,1
Russia,Violence against civilians,1
Russia,Violence against civilians,1
Russia,Explosions/Remote violence,1
Russia,Explosions/Remote violence,2
Russia,Riots,1
Russia,Violence against civilians,1
Russia,Violence against civilians,1
Russia,Violence against civilians,1
Russia,Explosions/Remote violence,1
Russia,Riots,1
Russia,Violence against civilians,1
Russia,Violence against civilians,1
Russia,Violence against civilians,1
Russia,Violence against civilians,1
Russia,Violence against civilians,1
Russia,Violence against civilians,1
Russia,Violence against civilians,1
Russia,Explosions/Remote violence,1
Russia,Explosions/Remote violence,1
Russia,Explosions/Remote violence,1
Russia,Explosions/Remote violence,1
Russia,Explosions/Remote violence,2
Russia,Explosions/Remote violence,1
Russia,Explosions/Remote violence,1
Russia,Explosions/Remote violence,1
Russia,Violence against civilians,1
Russia,Violence against civilians,1
Russia,Violence against civilians,1
Russia,Violence against civilians,1
Russia,Violence against civilians,1
Russia,Violence against civilians,1
Russia,Violence against civilians,1
Russia,Violence against civilians,1
Russia,Violence against civilians,1
Russia,Violence against civilians,1
Russia,Violence against civilians,1
Russia,Violence against civilians,1
Russia,Violence against civilians,1
Russia,Violence against civilians,1
Russia,Violence against civilians,1
Russia,Violence against civilians,1
Russia,Violence against civilians,1
Russia,Violence against civilians,1
Russia,Violence against civilians,1
Russia,Violence against civilians,1
Russia,Violence against civilians,1
Russia,Violence against civilians,1
Russia,Violence against civilians,1
Russia,Explosions/Remote violence,1
Russia,Explosions/Remote violence,1
Russia,Explosions/Remote violence,1
Russia,Explosions/Remote violence,2
Russia,Explosions/Remote violence,1
Russia,Explosions/Remote violence,2
Russia,Explosions/Remote violence,1
Russia,Explosions/Remote violence,1
Russia,Explosions/Remote violence,1
Russia,Explosions/Remote violence,1
Russia,Explosions/Remote violence,1
Russia,Explosions/Remote violence,2
Russia,Explosions/Remote violence,2
Russia,Explosions/Remote violence,3
Russia,Explosions/Remote violence,2
Russia,Explosions/Remote violence,3
Russia,Explosions/Remote violence,4
Russia,Explosions/Remote violence,2
Russia,Explosions/Remote violence,2
Russia,Explosions/Remote violence,3
Russia,Explosions/Remote violence,2
Russia,Explosions/Remote violence,4
Russia,Explosions/Remote violence,4
Russia,Explosions/Remote violence,1
Russia,Explosions/Remote violence,4
Russia,Riots,1
Russia,Riots,1
Russia,Violence against civilians,1
Russia,Violence against civilians,1
Russia,Violence against civilians,1
Russia,Violence against civilians,1
Russia,Violence against civilians,1
Russia,Violence against civilians,1
Russia,Violence against civilians,1
Russia,Violence against civilians,1
Russia,Violence against civilians,1
Russia,Violence against civilians,1
Russia,Violence against civilians,1
Russia,Violence against civilians,2
Russia,Violence against civilians,1
Russia,Violence against civilians,1
Russia,Violence against civilians,1
Russia,Explosions/Remote violence,1
Russia,Riots,1
Russia,Violence against civilians,1
Russia,Violence against civilians,1
Russia,Violence against civilians,1
Russia,Violence against civilians,1
Russia,Violence against civilians,1
Russia,Violence against civilians,1
Russia,Explosions/Remote violence,1
Russia,Explosions/Remote violence,1
Russia,Explosions/Remote violence,1
Russia,Explosions/Remote violence,1
Russia,Explosions/Remote violence,1
Russia,Explosions/Remote violence,5
Russia,Explosions/Remote violence,1
Russia,Explosions/Remote violence,2
Russia,Explosions/Remote violence,1
Russia,Explosions/Remote violence,1
Russia,Explosions/Remote violence,2
Russia,Explosions/Remote violence,1
Russia,Explosions/Remote violence,1
Russia,Explosions/Remote violence,3
Russia,Explosions/Remote violence,1
Russia,Explosions/Remote violence,1
Russia,Explosions/Remote violence,1
Russia,Explosions/Remote violence,1
Russia,Explosions/Remote violence,1
Russia,Explosions/Remote violence,1
Russia,Explosions/Remote violence,4
Russia,Explosions/Remote violence,3
Russia,Explosions/Remote violence,1
Russia,Explosions/Remote violence,4
Russia,Explosions/Remote violence,1
Russia,Explosions/Remote violence,1
Russia,Explosions/Remote violence,2
Russia,Explosions/Remote violence,2
Russia,Explosions/Remote violence,1
Russia,Explosions/Remote violence,1
Russia,Explosions/Remote violence,1
Russia,Explosions/Remote violence,1
Russia,Explosions/Remote violence,2
Russia,Explosions/Remote violence,1
Russia,Explosions/Remote violence,3
Russia,Explosions/Remote violence,1
Russia,Explosions/Remote violence,1
Russia,Explosions/Remote violence,1
Russia,Explosions/Remote violence,2
Russia,Explosions/Remote violence,4
Russia,Explosions/Remote violence,1
Russia,Explosions/Remote violence,1
Russia,Explosions/Remote violence,1
Russia,Explosions/Remote violence,1
Russia,Explosions/Remote violence,1
Russia,Explosions/Remote violence,1
Russia,Explosions/Remote violence,1
Russia,Explosions/Remote violence,2
Russia,Explosions/Remote violence,3
Russia,Explosions/Remote violence,2
Russia,Explosions/Remote violence,3
Russia,Explosions/Remote violence,1
Russia,Explosions/Remote violence,1
Russia,Explosions/Remote violence,1
Russia,Explosions/Remote violence,4
Russia,Explosions/Remote violence,2
Russia,Explosions/Remote violence,1
Russia,Explosions/Remote violence,1
Russia,Violence against civilians,1
Russia,Violence against civilians,1
Russia,Violence against civilians,1
Russia,Violence against civilians,1
Russia,Violence against civilians,1
Russia,Violence against civilians,1
Russia,Violence against civilians,1
Russia,Violence against civilians,1
Russia,Violence against civilians,1
Russia,Violence against civilians,1
Russia,Violence against civilians,1
Russia,Violence against civilians,1
Russia,Violence against civilians,1
Russia,Violence against civilians,1
Russia,Violence against civilians,1
Russia,Violence against civilians,4
Russia,Violence against civilians,1
Russia,Violence against civilians,1
Russia,Violence against civilians,1
Russia,Explosions/Remote violence,1
Russia,Explosions/Remote violence,1
Russia,Violence against civilians,1
Russia,Violence against civilians,1
Russia,Violence against civilians,1
Russia,Violence against civilians,1
Russia,Violence against civilians,1
Russia,Violence against civilians,1
Russia,Violence against civilians,1
Russia,Violence against civilians,1
Russia,Violence against civilians,1
Russia,Violence against civilians,1
Russia,Violence against civilians,1
Russia,Violence against civilians,1
Russia,Violence against civilians,1
Russia,Explosions/Remote violence,1
Russia,Violence against civilians,1
Russia,Violence against civilians,1
Russia,Violence against civilians,1
Russia,Violence against civilians,1
Russia,Violence against civilians,1
Russia,Violence against civilians,1
Russia,Violence against civilians,1
Russia,Violence against civilians,1
Russia,Violence against civilians,1
Russia,Violence against civilians,1
Russia,Violence against civilians,1
Serbia,Explosions/Remote violence,1
Serbia,Explosions/Remote violence,1
Serbia,Explosions/Remote violence,1
Serbia,Explosions/Remote violence,1
Serbia,Explosions/Remote violence,1
Serbia,Explosions/Remote violence,1
Serbia,Explosions/Remote violence,1
Serbia,Explosions/Remote violence,1
Serbia,Explosions/Remote violence,1
Serbia,Explosions/Remote violence,1
Serbia,Explosions/Remote violence,1
Serbia,Explosions/Remote violence,1
Serbia,Explosions/Remote violence,1
Serbia,Explosions/Remote violence,1
Serbia,Riots,2
Serbia,Riots,1
Serbia,Riots,1
Serbia,Riots,1
Serbia,Riots,1
Serbia,Riots,1
Serbia,Riots,1
Serbia,Riots,1
Serbia,Riots,1
Serbia,Riots,2
Serbia,Riots,1
Serbia,Riots,1
Serbia,Riots,1
Serbia,Riots,1
Serbia,Riots,1
Serbia,Riots,1
Serbia,Riots,1
Serbia,Riots,1
Serbia,Riots,2
Serbia,Riots,2
Serbia,Riots,1
Serbia,Riots,1
Serbia,Riots,1
Serbia,Riots,1
Serbia,Riots,1
Serbia,Riots,1
Serbia,Riots,1
Serbia,Riots,1
Serbia,Riots,1
Serbia,Riots,1
Serbia,Riots,3
Serbia,Riots,1
Serbia,Riots,1
Serbia,Riots,1
Serbia,Riots,1
Serbia,Riots,2
Serbia,Riots,1
Serbia,Riots,4
Serbia,Riots,2
Serbia,Violence against civilians,1
Serbia,Violence against civilians,2
Serbia,Violence against civilians,1
Serbia,Violence against civilians,1
Serbia,Violence against civilians,1
Serbia,Violence against civilians,1
Serbia,Violence against civilians,1
Serbia,Violence against civilians,1
Serbia,Violence against civilians,1
Serbia,Violence against civilians,1
Serbia,Violence against civilians,2
Serbia,Violence against civilians,1
Serbia,Violence against civilians,1
Serbia,Violence against civilians,1
Serbia,Violence against civilians,1
Serbia,Violence against civilians,1
Serbia,Violence against civilians,1
Serbia,Violence against civilians,1
Serbia,Violence against civilians,2
Serbia,Violence against civilians,1
Serbia,Violence against civilians,1
Serbia,Violence against civilians,2
Serbia,Violence against civilians,1
Serbia,Violence against civilians,1
Serbia,Violence against civilians,1
Serbia,Violence against civilians,1
Serbia,Violence against civilians,3
Serbia,Violence against civilians,1
Serbia,Violence against civilians,1
Serbia,Violence against civilians,1
Serbia,Violence against civilians,2
Serbia,Riots,1
Serbia,Riots,1
Serbia,Violence against civilians,1
Serbia,Violence against civilians,1
Serbia,Violence against civilians,1
Serbia,Violence against civilians,1
Serbia,Explosions/Remote violence,1
Serbia,Explosions/Remote violence,1
Serbia,Riots,1
Serbia,Violence against civilians,1
Serbia,Violence against civilians,1
Serbia,Violence against civilians,1
Serbia,Violence against civilians,1
Serbia,Riots,1
Serbia,Riots,1
Serbia,Riots,1
Serbia,Violence against civilians,1
Serbia,Violence against civilians,1
Serbia,Riots,1
Serbia,Riots,1
Serbia,Riots,2
Serbia,Riots,1
Serbia,Riots,1
Serbia,Violence against civilians,1
Serbia,Violence against civilians,1
Serbia,Riots,1
Serbia,Riots,1
Serbia,Riots,1
Serbia,Riots,1
Serbia,Riots,1
Serbia,Violence against civilians,1
Serbia,Explosions/Remote violence,1
Serbia,Explosions/Remote violence,1
Serbia,Explosions/Remote violence,1
Serbia,Riots,1
Serbia,Riots,1
Serbia,Riots,3
Serbia,Violence against civilians,1
Serbia,Violence against civilians,1
Serbia,Violence against civilians,1
Serbia,Violence against civilians,1
Serbia,Violence against civilians,1
Serbia,Violence against civilians,1
Serbia,Violence against civilians,1
Serbia,Violence against civilians,1
Serbia,Violence against civilians,1
Serbia,Explosions/Remote violence,1
Serbia,Violence against civilians,1
Serbia,Violence against civilians,1
Serbia,Riots,1
Serbia,Riots,1
Serbia,Violence against civilians,1
Serbia,Violence against civilians,1
Serbia,Violence against civilians,1
Serbia,Violence against civilians,1
Serbia,Explosions/Remote violence,1
Serbia,Riots,1
Serbia,Riots,1
Serbia,Violence against civilians,1
Serbia,Violence against civilians,1
Serbia,Riots,1
Serbia,Riots,1
Serbia,Riots,1
Serbia,Riots,1
Serbia,Violence against civilians,1
Serbia,Explosions/Remote violence,1
Serbia,Riots,1
Serbia,Riots,1
Serbia,Riots,1
Serbia,Riots,1
Serbia,Riots,1
Serbia,Violence against civilians,1
Serbia,Violence against civilians,1
Serbia,Violence against civilians,1
Serbia,Explosions/Remote violence,1
Serbia,Explosions/Remote violence,1
Serbia,Riots,1
Serbia,Riots,1
Serbia,Riots,1
Serbia,Riots,1
Serbia,Riots,1
Serbia,Riots,1
Serbia,Riots,2
Serbia,Riots,1
Serbia,Riots,1
Serbia,Riots,1
Serbia,Riots,1
Serbia,Riots,1
Serbia,Riots,1
Serbia,Riots,1
Serbia,Riots,1
Serbia,Riots,1
Serbia,Riots,4
Serbia,Riots,1
Serbia,Riots,2
Serbia,Violence against civilians,1
Serbia,Violence against civilians,1
Serbia,Violence against civilians,1
Serbia,Violence against civilians,1
Serbia,Violence against civilians,1
Serbia,Violence against civilians,1
Serbia,Violence against civilians,1
Serbia,Violence against civilians,1
Serbia,Violence against civilians,1
Serbia,Violence against civilians,1
Serbia,Violence against civilians,1
Serbia,Violence against civilians,1
Serbia,Violence against civilians,1
Serbia,Violence against civilians,1
Serbia,Violence against civilians,1
Serbia,Violence against civilians,1
Serbia,Violence against civilians,1
Serbia,Violence against civilians,1
Serbia,Violence against civilians,1
Serbia,Violence against civilians,1
Serbia,Riots,1
Serbia,Riots,1
Serbia,Riots,1
Serbia,Violence against civilians,1
Serbia,Violence against civilians,1
Serbia,Riots,1
Serbia,Violence against civilians,1
Serbia,Violence against civilians,1
Serbia,Violence against civilians,1
Serbia,Riots,1
Serbia,Riots,1
Serbia,Riots,2
Serbia,Violence against civilians,1
Serbia,Violence against civilians,1
Serbia,Explosions/Remote violence,1
Serbia,Explosions/Remote violence,1
Serbia,Violence against civilians,1
Serbia,Violence against civilians,1
Serbia,Riots,1
Serbia,Riots,1
Serbia,Violence against civilians,1
Serbia,Violence against civilians,1
Serbia,Violence against civilians,1
Serbia,Explosions/Remote violence,1
Serbia,Riots,1
Serbia,Riots,1
Serbia,Violence against civilians,1
Serbia,Violence against civilians,1
Serbia,Violence against civilians,1
Slovakia,Riots,1
Slovakia,Violence against civilians,1
Slovakia,Riots,1
Slovakia,Riots,1
Slovakia,Riots,1
Slovakia,Riots,1
Slovakia,Riots,1
Slovakia,Riots,1
Slovakia,Riots,1
Slovakia,Violence against civilians,1
Slovakia,Violence against civilians,1
Slovakia,Violence against civilians,1
Slovakia,Riots,2
Slovakia,Riots,1
Slovakia,Riots,1
Slovakia,Violence against civilians,1
Slovakia,Riots,1
Slovakia,Riots,1
Slovakia,Riots,1
Slovakia,Violence against civilians,1
Slovakia,Riots,1
Slovakia,Riots,1
Slovakia,Violence against civilians,1
Slovenia,Riots,1
Slovenia,Riots,1
Slovenia,Riots,1
Slovenia,Riots,1
Slovenia,Riots,1
Slovenia,Riots,1
Slovenia,Riots,1
Slovenia,Riots,1
Slovenia,Riots,1
Slovenia,Riots,1
Slovenia,Riots,1
Slovenia,Riots,1
Slovenia,Riots,1
Slovenia,Violence against civilians,1
Slovenia,Violence against civilians,2
Slovenia,Violence against civilians,1
Slovenia,Riots,1
Slovenia,Riots,1
Slovenia,Riots,1
Slovenia,Riots,1
Slovenia,Violence against civilians,1
Slovenia,Riots,1
Spain,Explosions/Remote violence,1
Spain,Riots,1
Spain,Riots,1
Spain,Riots,1
Spain,Riots,1
Spain,Riots,1
Spain,Riots,2
Spain,Riots,1
Spain,Riots,1
Spain,Riots,1
Spain,Riots,1
Spain,Riots,1
Spain,Riots,1
Spain,Riots,1
Spain,Riots,1
Spain,Riots,1
Spain,Riots,1
Spain,Riots,3
Spain,Riots,1
Spain,Riots,3
Spain,Riots,2
Spain,Riots,1
Spain,Riots,1
Spain,Riots,1
Spain,Riots,1
Spain,Riots,1
Spain,Riots,1
Spain,Riots,1
Spain,Riots,1
Spain,Riots,1
Spain,Riots,11
Spain,Riots,4
Spain,Riots,1
Spain,Riots,1
Spain,Riots,8
Spain,Riots,2
Spain,Riots,1
Spain,Riots,1
Spain,Riots,1
Spain,Riots,1
Spain,Riots,2
Spain,Riots,2
Spain,Riots,2
Spain,Riots,2
Spain,Riots,1
Spain,Riots,1
Spain,Riots,3
Spain,Violence against civilians,2
Spain,Violence against civilians,1
Spain,Violence against civilians,1
Spain,Riots,1
Spain,Riots,1
Spain,Riots,1
Spain,Riots,1
Spain,Riots,1
Spain,Riots,1
Spain,Riots,1
Spain,Riots,1
Spain,Riots,1
Spain,Riots,1
Spain,Riots,1
Spain,Riots,1
Spain,Riots,1
Spain,Riots,1
Spain,Riots,1
Spain,Riots,4
Spain,Riots,1
Spain,Riots,1
Spain,Riots,1
Spain,Riots,3
Spain,Riots,5
Spain,Riots,1
Spain,Riots,1
Spain,Riots,1
Spain,Riots,1
Spain,Riots,1
Spain,Riots,1
Spain,Riots,2
Spain,Violence against civilians,1
Spain,Violence against civilians,1
Spain,Riots,1
Spain,Riots,1
Spain,Riots,1
Spain,Riots,1
Spain,Riots,3
Spain,Riots,1
Spain,Riots,1
Spain,Riots,1
Spain,Riots,2
Spain,Riots,1
Spain,Riots,1
Spain,Riots,1
Spain,Riots,1
Spain,Riots,1
Spain,Riots,1
Spain,Riots,3
Spain,Riots,1
Spain,Riots,1
Spain,Riots,7
Spain,Riots,3
Spain,Riots,1
Spain,Riots,3
Spain,Riots,2
Spain,Riots,1
Spain,Riots,4
Spain,Riots,1
Spain,Riots,1
Spain,Violence against civilians,1
Spain,Riots,1
Spain,Riots,1
Spain,Riots,1
Spain,Riots,1
Spain,Riots,1
Spain,Riots,1
Spain,Riots,1
Spain,Riots,1
Spain,Violence against civilians,1
Spain,Riots,1
Spain,Riots,1
Spain,Riots,1
Spain,Riots,1
Spain,Riots,1
Spain,Riots,1
Spain,Riots,1
Spain,Riots,1
Spain,Riots,1
Spain,Riots,1
Spain,Riots,1
Spain,Riots,2
Spain,Riots,1
Spain,Riots,2
Spain,Riots,1
Spain,Riots,3
Spain,Riots,2
Spain,Riots,3
Spain,Riots,1
Spain,Riots,1
Spain,Riots,1
Spain,Riots,1
Spain,Riots,1
Spain,Riots,2
Spain,Riots,1
Spain,Riots,1
Spain,Riots,1
Spain,Riots,1
Spain,Riots,1
Spain,Riots,2
Spain,Riots,1
Spain,Riots,2
Spain,Riots,2
Spain,Riots,2
Spain,Riots,3
Spain,Riots,1
Spain,Riots,4
Spain,Riots,2
Spain,Riots,1
Spain,Riots,1
Spain,Riots,3
Spain,Riots,8
Spain,Riots,14
Spain,Riots,10
Spain,Riots,2
Spain,Riots,2
Spain,Riots,1
Spain,Riots,2
Spain,Riots,1
Spain,Riots,2
Spain,Riots,1
Spain,Riots,1
Spain,Riots,1
Spain,Riots,1
Spain,Riots,1
Spain,Riots,1
Spain,Riots,1
Spain,Riots,1
Spain,Riots,1
Spain,Riots,1
Spain,Riots,1
Spain,Riots,1
Spain,Riots,1
Spain,Riots,3
Spain,Riots,1
Spain,Riots,1
Spain,Riots,1
Spain,Riots,1
Spain,Riots,1
Spain,Riots,1
Spain,Riots,2
Spain,Riots,1
Spain,Riots,1
Spain,Riots,1
Spain,Riots,1
Spain,Riots,3
Spain,Riots,2
Spain,Riots,3
Spain,Violence against civilians,1
Spain,Violence against civilians,1
Spain,Violence against civilians,1
Spain,Riots,1
Spain,Riots,1
Spain,Riots,1
Spain,Riots,1
Spain,Riots,1
Spain,Riots,1
Spain,Riots,1
Spain,Violence against civilians,1
Spain,Riots,1
Spain,Riots,1
Spain,Riots,1
Spain,Riots,1
Spain,Riots,3
Spain,Riots,2
Spain,Riots,1
Spain,Violence against civilians,1
Spain,Riots,1
Spain,Riots,1
Spain,Riots,1
Spain,Riots,1
Spain,Riots,1
Spain,Riots,1
Spain,Riots,1
Spain,Riots,1
Spain,Riots,1
Spain,Riots,1
Spain,Riots,1
Spain,Riots,2
Spain,Riots,1
Spain,Riots,1
Spain,Riots,1
Spain,Riots,1
Spain,Riots,1
Spain,Riots,1
Spain,Riots,1
Spain,Riots,1
Spain,Riots,1
Spain,Riots,1
Spain,Riots,1
Spain,Riots,2
Spain,Riots,1
Spain,Riots,1
Spain,Riots,1
Spain,Riots,1
Spain,Riots,1
Spain,Riots,1
Spain,Riots,1
Spain,Riots,6
Spain,Riots,2
Spain,Riots,1
Spain,Riots,1
Spain,Riots,3
Spain,Riots,1
Spain,Riots,1
Spain,Riots,1
Spain,Riots,1
Spain,Riots,1
Spain,Riots,1
Spain,Riots,1
Spain,Riots,1
Spain,Riots,1
Spain,Riots,1
Spain,Riots,1
Spain,Riots,1
Spain,Riots,1
Spain,Riots,1
Spain,Riots,1
Spain,Riots,1
Spain,Riots,1
Spain,Riots,1
Spain,Riots,1
Spain,Riots,3
Spain,Riots,1
Spain,Explosions/Remote violence,1
Spain,Riots,1
Spain,Riots,1
Spain,Riots,1
Spain,Riots,1
Spain,Riots,1
Spain,Riots,1
Spain,Riots,1
Spain,Riots,1
Spain,Riots,1
Spain,Riots,1
Spain,Riots,1
Spain,Riots,2
Spain,Riots,1
Spain,Riots,1
Spain,Riots,1
Spain,Riots,1
Spain,Riots,1
Spain,Riots,1
Spain,Riots,1
Spain,Riots,1
Spain,Riots,1
Spain,Riots,1
Spain,Riots,1
Spain,Riots,1
Spain,Riots,1
Spain,Riots,1
Spain,Riots,1
Spain,Riots,1
Spain,Riots,1
Spain,Riots,1
Spain,Riots,1
Spain,Riots,3
Spain,Riots,1
Spain,Riots,1
Spain,Riots,1
Spain,Riots,1
Spain,Riots,1
Spain,Riots,1
Spain,Violence against civilians,1
Spain,Violence against civilians,1
Spain,Violence against civilians,1
Spain,Violence against civilians,1
Spain,Violence against civilians,1
Spain,Violence against civilians,1
Spain,Riots,1
Spain,Riots,1
Spain,Riots,1
Spain,Riots,1
Spain,Riots,1
Spain,Riots,1
Spain,Riots,1
Spain,Violence against civilians,1
Spain,Violence against civilians,1
Spain,Riots,1
Spain,Riots,1
Spain,Riots,3
Spain,Riots,1
Spain,Riots,2
Spain,Riots,1
Spain,Riots,1
Spain,Riots,1
Spain,Riots,1
Spain,Riots,1
Spain,Riots,1
Spain,Riots,1
Spain,Riots,1
Spain,Violence against civilians,1
Spain,Riots,1
Spain,Riots,1
Spain,Riots,1
Spain,Riots,2
Spain,Riots,1
Spain,Riots,1
Spain,Riots,1
Spain,Riots,1
Spain,Riots,1
Spain,Riots,1
Spain,Riots,1
Spain,Riots,1
Spain,Riots,2
Spain,Riots,3
Spain,Riots,1
Spain,Riots,1
Spain,Riots,1
Spain,Riots,1
Spain,Riots,1
Spain,Riots,4
Spain,Riots,1
Spain,Riots,2
Spain,Riots,5
Spain,Riots,2
Spain,Riots,6
Spain,Riots,1
Spain,Riots,4
Spain,Riots,1
Spain,Riots,1
Spain,Riots,1
Spain,Riots,1
Spain,Riots,1
Spain,Riots,1
Spain,Riots,1
Spain,Riots,2
Spain,Riots,2
Spain,Riots,1
Spain,Riots,1
Spain,Riots,1
Spain,Riots,1
Spain,Riots,5
Spain,Riots,2
Spain,Riots,1
Spain,Riots,1
Spain,Riots,1
Spain,Riots,1
Spain,Riots,3
Spain,Riots,1
Spain,Riots,1
Spain,Riots,3
Spain,Riots,1
Spain,Riots,2
Spain,Riots,1
Spain,Riots,1
Spain,Riots,1
Spain,Riots,2
Spain,Riots,1
Spain,Riots,1
Spain,Riots,1
Spain,Riots,1
Spain,Riots,1
Spain,Riots,1
Spain,Riots,1
Spain,Riots,1
Spain,Riots,1
Spain,Riots,2
Spain,Riots,2
Spain,Riots,1
Spain,Riots,2
Spain,Riots,1
Spain,Riots,1
Spain,Riots,1
Spain,Riots,1
Spain,Riots,2
Spain,Riots,1
Spain,Riots,1
Spain,Riots,1
Spain,Riots,1
Spain,Riots,1
Spain,Riots,1
Spain,Riots,1
Spain,Riots,1
Spain,Riots,1
Spain,Riots,1
Spain,Riots,1
Spain,Riots,1
Spain,Riots,1
Spain,Riots,2
Spain,Riots,1
Spain,Riots,1
Spain,Riots,1
Spain,Riots,1
Spain,Riots,1
Spain,Riots,1
Spain,Riots,1
Spain,Violence against civilians,1
Spain,Violence against civilians,1
Spain,Violence against civilians,1
Spain,Violence against civilians,1
Spain,Violence against civilians,1
Sweden,Riots,1
Sweden,Riots,2
Sweden,Riots,1
Sweden,Violence against civilians,1
Sweden,Riots,1
Sweden,Riots,1
Sweden,Riots,1
Sweden,Riots,1
Sweden,Violence against civilians,1
Sweden,Riots,2
Sweden,Riots,1
Sweden,Riots,1
Sweden,Riots,2
Sweden,Riots,2
Sweden,Explosions/Remote violence,1
Sweden,Riots,1
Sweden,Riots,1
Sweden,Riots,1
Sweden,Riots,4
Sweden,Riots,1
Sweden,Riots,1
Sweden,Riots,1
Sweden,Riots,1
Sweden,Riots,1
Sweden,Riots,1
Sweden,Riots,1
Sweden,Riots,1
Sweden,Riots,1
Sweden,Riots,1
Sweden,Riots,1
Sweden,Riots,1
Sweden,Violence against civilians,1
Sweden,Violence against civilians,1
Sweden,Violence against civilians,1
Sweden,Violence against civilians,1
Sweden,Violence against civilians,1
Sweden,Violence against civilians,1
Sweden,Violence against civilians,1
Sweden,Violence against civilians,1
Sweden,Violence against civilians,1
Sweden,Riots,1
Sweden,Riots,1
Sweden,Riots,1
Sweden,Violence against civilians,1
Sweden,Violence against civilians,1
Sweden,Riots,1
Sweden,Riots,1
Sweden,Riots,2
Sweden,Riots,1
Sweden,Riots,2
Sweden,Riots,1
Sweden,Riots,1
Sweden,Riots,1
Sweden,Riots,1
Sweden,Riots,1
Sweden,Riots,1
Sweden,Riots,1
Switzerland,Riots,1
Switzerland,Riots,1
Switzerland,Riots,1
Switzerland,Riots,1
Switzerland,Riots,2
Switzerland,Riots,1
Switzerland,Riots,1
Switzerland,Riots,1
Switzerland,Riots,1
Switzerland,Riots,1
Switzerland,Riots,1
Switzerland,Riots,1
Switzerland,Riots,1
Switzerland,Riots,1
Switzerland,Riots,1
Switzerland,Riots,1
Switzerland,Riots,1
Switzerland,Riots,1
Switzerland,Riots,1
Switzerland,Riots,1
Switzerland,Riots,1
Switzerland,Riots,1
Switzerland,Riots,1
Switzerland,Violence against civilians,1
Switzerland,Riots,1
Switzerland,Riots,1
Switzerland,Riots,1
Switzerland,Riots,1
Switzerland,Riots,1
Switzerland,Riots,1
Switzerland,Riots,1
Switzerland,Riots,1
Switzerland,Riots,1
Switzerland,Riots,1
Switzerland,Riots,1
Switzerland,Riots,1
Switzerland,Riots,1
Switzerland,Riots,2
Switzerland,Riots,1
Switzerland,Violence against civilians,1
Switzerland,Riots,1
Switzerland,Riots,1
Switzerland,Riots,1
Switzerland,Riots,1
Switzerland,Riots,1
Switzerland,Riots,1
Switzerland,Riots,1
Switzerland,Riots,1
Switzerland,Violence against civilians,1
Switzerland,Violence against civilians,1
Tajikistan,Explosions/Remote violence,1
Tajikistan,Riots,1
Tajikistan,Riots,1
Tajikistan,Violence against civilians,1
Tajikistan,Riots,1
Tajikistan,Violence against civilians,1
Tajikistan,Violence against civilians,1
Tajikistan,Violence against civilians,1
Tajikistan,Violence against civilians,1
Tajikistan,Violence against civilians,1
Tajikistan,Violence against civilians,1
Tajikistan,Violence against civilians,1
Tajikistan,Violence against civilians,1
Tajikistan,Violence against civilians,1
Tajikistan,Violence against civilians,1
Tajikistan,Violence against civilians,1
Tajikistan,Violence against civilians,1
Tajikistan,Violence against civilians,1
Tajikistan,Violence against civilians,1
Tajikistan,Violence against civilians,1
Tajikistan,Violence against civilians,1
Tajikistan,Violence against civilians,1
Tajikistan,Riots,1
Tajikistan,Riots,1
Tajikistan,Riots,1
Tajikistan,Riots,1
Tajikistan,Violence against civilians,1
Tajikistan,Explosions/Remote violence,1
Tajikistan,Explosions/Remote violence,1
Tajikistan,Riots,1
Tajikistan,Riots,1
Tajikistan,Violence against civilians,1
Tajikistan,Violence against civilians,1
Tajikistan,Violence against civilians,1
Tajikistan,Violence against civilians,1
Tajikistan,Violence against civilians,1
Tajikistan,Violence against civilians,1
Tajikistan,Violence against civilians,1
Tajikistan,Violence against civilians,1
Tajikistan,Violence against civilians,1
Tajikistan,Violence against civilians,1
Tajikistan,Explosions/Remote violence,2
Tajikistan,Explosions/Remote violence,3
Tajikistan,Riots,1
Tajikistan,Riots,1
Tajikistan,Riots,1
Tajikistan,Riots,1
Tajikistan,Riots,1
Tajikistan,Riots,2
Tajikistan,Riots,1
Tajikistan,Riots,1
Tajikistan,Riots,1
Tajikistan,Riots,1
Tajikistan,Riots,1
Tajikistan,Violence against civilians,1
Tajikistan,Violence against civilians,2
Tajikistan,Violence against civilians,1
Tajikistan,Violence against civilians,1
Tajikistan,Violence against civilians,1
Tajikistan,Violence against civilians,1
Tajikistan,Violence against civilians,1
Tajikistan,Violence against civilians,1
Tajikistan,Violence against civilians,1
Tajikistan,Violence against civilians,1
Tajikistan,Violence against civilians,1
Tajikistan,Violence against civilians,1
Turkmenistan,Riots,1
Turkmenistan,Riots,1
Turkmenistan,Violence against civilians,1
Turkmenistan,Violence against civilians,1
Turkmenistan,Violence against civilians,1
Turkmenistan,Violence against civilians,1
Turkmenistan,Violence against civilians,1
Turkmenistan,Violence against civilians,1
Turkmenistan,Riots,1
Turkmenistan,Riots,1
Turkmenistan,Violence against civilians,2
Turkmenistan,Violence against civilians,1
Turkmenistan,Riots,1
Turkmenistan,Riots,1
Turkmenistan,Riots,1
Turkmenistan,Riots,1
Turkmenistan,Violence against civilians,1
Turkmenistan,Violence against civilians,1
Ukraine,Explosions/Remote violence,1
Ukraine,Explosions/Remote violence,1
Ukraine,Explosions/Remote violence,1
Ukraine,Explosions/Remote violence,2
Ukraine,Explosions/Remote violence,1
Ukraine,Explosions/Remote violence,1
Ukraine,Explosions/Remote violence,2
Ukraine,Explosions/Remote violence,1
Ukraine,Explosions/Remote violence,1
Ukraine,Explosions/Remote violence,1
Ukraine,Explosions/Remote violence,1
Ukraine,Explosions/Remote violence,1
Ukraine,Explosions/Remote violence,2
Ukraine,Explosions/Remote violence,2
Ukraine,Explosions/Remote violence,1
Ukraine,Explosions/Remote violence,1
Ukraine,Explosions/Remote violence,1
Ukraine,Explosions/Remote violence,1
Ukraine,Explosions/Remote violence,1
Ukraine,Explosions/Remote violence,1
Ukraine,Explosions/Remote violence,3
Ukraine,Explosions/Remote violence,1
Ukraine,Explosions/Remote violence,1
Ukraine,Explosions/Remote violence,1
Ukraine,Explosions/Remote violence,1
Ukraine,Explosions/Remote violence,1
Ukraine,Explosions/Remote violence,2
Ukraine,Explosions/Remote violence,1
Ukraine,Explosions/Remote violence,2
Ukraine,Explosions/Remote violence,2
Ukraine,Explosions/Remote violence,3
Ukraine,Explosions/Remote violence,2
Ukraine,Explosions/Remote violence,1
Ukraine,Explosions/Remote violence,1
Ukraine,Explosions/Remote violence,1
Ukraine,Explosions/Remote violence,1
Ukraine,Explosions/Remote violence,1
Ukraine,Explosions/Remote violence,3
Ukraine,Explosions/Remote violence,1
Ukraine,Explosions/Remote violence,3
Ukraine,Explosions/Remote violence,1
Ukraine,Explosions/Remote violence,1
Ukraine,Explosions/Remote violence,2
Ukraine,Explosions/Remote violence,3
Ukraine,Explosions/Remote violence,1
Ukraine,Explosions/Remote violence,1
Ukraine,Explosions/Remote violence,2
Ukraine,Explosions/Remote violence,3
Ukraine,Explosions/Remote violence,2
Ukraine,Explosions/Remote violence,3
Ukraine,Explosions/Remote violence,7
Ukraine,Explosions/Remote violence,2
Ukraine,Explosions/Remote violence,2
Ukraine,Explosions/Remote violence,2
Ukraine,Explosions/Remote violence,2
Ukraine,Explosions/Remote violence,1
Ukraine,Explosions/Remote violence,1
Ukraine,Explosions/Remote violence,4
Ukraine,Explosions/Remote violence,1
Ukraine,Explosions/Remote violence,1
Ukraine,Explosions/Remote violence,1
Ukraine,Explosions/Remote violence,5
Ukraine,Explosions/Remote violence,2
Ukraine,Explosions/Remote violence,1
Ukraine,Explosions/Remote violence,2
Ukraine,Explosions/Remote violence,1
Ukraine,Explosions/Remote violence,1
Ukraine,Explosions/Remote violence,1
Ukraine,Explosions/Remote violence,1
Ukraine,Explosions/Remote violence,1
Ukraine,Explosions/Remote violence,1
Ukraine,Explosions/Remote violence,1
Ukraine,Explosions/Remote violence,1
Ukraine,Explosions/Remote violence,1
Ukraine,Explosions/Remote violence,2
Ukraine,Explosions/Remote violence,1
Ukraine,Explosions/Remote violence,1
Ukraine,Explosions/Remote violence,1
Ukraine,Explosions/Remote violence,1
Ukraine,Explosions/Remote violence,1
Ukraine,Explosions/Remote violence,1
Ukraine,Explosions/Remote violence,1
Ukraine,Explosions/Remote violence,1
Ukraine,Explosions/Remote violence,1
Ukraine,Explosions/Remote violence,1
Ukraine,Explosions/Remote violence,1
Ukraine,Explosions/Remote violence,1
Ukraine,Riots,1
Ukraine,Riots,1
Ukraine,Riots,1
Ukraine,Riots,1
Ukraine,Riots,1
Ukraine,Riots,1
Ukraine,Riots,1
Ukraine,Riots,1
Ukraine,Riots,1
Ukraine,Riots,1
Ukraine,Riots,1
Ukraine,Riots,1
Ukraine,Riots,1
Ukraine,Riots,1
Ukraine,Violence against civilians,1
Ukraine,Violence against civilians,1
Ukraine,Violence against civilians,1
Ukraine,Violence against civilians,1
Ukraine,Violence against civilians,1
Ukraine,Explosions/Remote violence,5
Ukraine,Explosions/Remote violence,3
Ukraine,Explosions/Remote violence,3
Ukraine,Explosions/Remote violence,2
Ukraine,Explosions/Remote violence,1
Ukraine,Explosions/Remote violence,1
Ukraine,Explosions/Remote violence,1
Ukraine,Explosions/Remote violence,2
Ukraine,Explosions/Remote violence,1
Ukraine,Explosions/Remote violence,2
Ukraine,Explosions/Remote violence,1
Ukraine,Explosions/Remote violence,1
Ukraine,Explosions/Remote violence,4
Ukraine,Explosions/Remote violence,2
Ukraine,Explosions/Remote violence,1
Ukraine,Explosions/Remote violence,3
Ukraine,Explosions/Remote violence,3
Ukraine,Explosions/Remote violence,2
Ukraine,Explosions/Remote violence,5
Ukraine,Explosions/Remote violence,10
Ukraine,Explosions/Remote violence,11
Ukraine,Explosions/Remote violence,4
Ukraine,Explosions/Remote violence,2
Ukraine,Explosions/Remote violence,2
Ukraine,Explosions/Remote violence,6
Ukraine,Explosions/Remote violence,5
Ukraine,Explosions/Remote violence,1
Ukraine,Explosions/Remote violence,5
Ukraine,Explosions/Remote violence,2
Ukraine,Explosions/Remote violence,1
Ukraine,Explosions/Remote violence,2
Ukraine,Explosions/Remote violence,3
Ukraine,Explosions/Remote violence,2
Ukraine,Explosions/Remote violence,3
Ukraine,Explosions/Remote violence,4
Ukraine,Explosions/Remote violence,5
Ukraine,Explosions/Remote violence,2
Ukraine,Explosions/Remote violence,3
Ukraine,Explosions/Remote violence,5
Ukraine,Explosions/Remote violence,11
Ukraine,Explosions/Remote violence,2
Ukraine,Explosions/Remote violence,2
Ukraine,Explosions/Remote violence,4
Ukraine,Explosions/Remote violence,12
Ukraine,Explosions/Remote violence,3
Ukraine,Explosions/Remote violence,2
Ukraine,Explosions/Remote violence,3
Ukraine,Explosions/Remote violence,3
Ukraine,Explosions/Remote violence,8
Ukraine,Explosions/Remote violence,6
Ukraine,Explosions/Remote violence,1
Ukraine,Explosions/Remote violence,3
Ukraine,Explosions/Remote violence,5
Ukraine,Explosions/Remote violence,5
Ukraine,Explosions/Remote violence,7
Ukraine,Explosions/Remote violence,6
Ukraine,Explosions/Remote violence,8
Ukraine,Explosions/Remote violence,12
Ukraine,Explosions/Remote violence,6
Ukraine,Explosions/Remote violence,6
Ukraine,Explosions/Remote violence,6
Ukraine,Explosions/Remote violence,6
Ukraine,Explosions/Remote violence,3
Ukraine,Explosions/Remote violence,5
Ukraine,Explosions/Remote violence,10
Ukraine,Explosions/Remote violence,6
Ukraine,Explosions/Remote violence,6
Ukraine,Explosions/Remote violence,2
Ukraine,Explosions/Remote violence,8
Ukraine,Explosions/Remote violence,6
Ukraine,Explosions/Remote violence,2
Ukraine,Explosions/Remote violence,10
Ukraine,Explosions/Remote violence,20
Ukraine,Explosions/Remote violence,13
Ukraine,Explosions/Remote violence,12
Ukraine,Explosions/Remote violence,9
Ukraine,Explosions/Remote violence,12
Ukraine,Explosions/Remote violence,9
Ukraine,Explosions/Remote violence,14
Ukraine,Explosions/Remote violence,24
Ukraine,Explosions/Remote violence,21
Ukraine,Explosions/Remote violence,37
Ukraine,Explosions/Remote violence,26
Ukraine,Explosions/Remote violence,43
Ukraine,Explosions/Remote violence,25
Ukraine,Explosions/Remote violence,28
Ukraine,Explosions/Remote violence,31
Ukraine,Explosions/Remote violence,20
Ukraine,Explosions/Remote violence,18
Ukraine,Explosions/Remote violence,34
Ukraine,Explosions/Remote violence,31
Ukraine,Explosions/Remote violence,18
Ukraine,Explosions/Remote violence,43
Ukraine,Explosions/Remote violence,20
Ukraine,Explosions/Remote violence,20
Ukraine,Explosions/Remote violence,34
Ukraine,Explosions/Remote violence,38
Ukraine,Explosions/Remote violence,37
Ukraine,Explosions/Remote violence,33
Ukraine,Explosions/Remote violence,34
Ukraine,Explosions/Remote violence,46
Ukraine,Explosions/Remote violence,49
Ukraine,Explosions/Remote violence,51
Ukraine,Explosions/Remote violence,53
Ukraine,Explosions/Remote violence,58
Ukraine,Explosions/Remote violence,49
Ukraine,Explosions/Remote violence,60
Ukraine,Explosions/Remote violence,69
Ukraine,Explosions/Remote violence,46
Ukraine,Explosions/Remote violence,54
Ukraine,Explosions/Remote violence,70
Ukraine,Explosions/Remote violence,46
Ukraine,Explosions/Remote violence,60
Ukraine,Explosions/Remote violence,46
Ukraine,Explosions/Remote violence,72
Ukraine,Explosions/Remote violence,97
Ukraine,Explosions/Remote violence,76
Ukraine,Explosions/Remote violence,81
Ukraine,Explosions/Remote violence,76
Ukraine,Explosions/Remote violence,77
Ukraine,Explosions/Remote violence,60
Ukraine,Explosions/Remote violence,78
Ukraine,Explosions/Remote violence,74
Ukraine,Explosions/Remote violence,90
Ukraine,Explosions/Remote violence,86
Ukraine,Explosions/Remote violence,68
Ukraine,Explosions/Remote violence,65
Ukraine,Explosions/Remote violence,93
Ukraine,Explosions/Remote violence,40
Ukraine,Explosions/Remote violence,47
Ukraine,Explosions/Remote violence,60
Ukraine,Explosions/Remote violence,43
Ukraine,Explosions/Remote violence,53
Ukraine,Explosions/Remote violence,50
Ukraine,Explosions/Remote violence,81
Ukraine,Explosions/Remote violence,65
Ukraine,Explosions/Remote violence,45
Ukraine,Explosions/Remote violence,49
Ukraine,Explosions/Remote violence,49
Ukraine,Explosions/Remote violence,73
Ukraine,Explosions/Remote violence,81
Ukraine,Explosions/Remote violence,1
Ukraine,Explosions/Remote violence,1
Ukraine,Explosions/Remote violence,1
Ukraine,Explosions/Remote violence,1
Ukraine,Explosions/Remote violence,1
Ukraine,Explosions/Remote violence,1
Ukraine,Explosions/Remote violence,2
Ukraine,Explosions/Remote violence,2
Ukraine,Explosions/Remote violence,3
Ukraine,Explosions/Remote violence,1
Ukraine,Explosions/Remote violence,1
Ukraine,Explosions/Remote violence,1
Ukraine,Explosions/Remote violence,1
Ukraine,Explosions/Remote violence,1
Ukraine,Explosions/Remote violence,2
Ukraine,Explosions/Remote violence,1
Ukraine,Explosions/Remote violence,1
Ukraine,Explosions/Remote violence,1
Ukraine,Explosions/Remote violence,1
Ukraine,Explosions/Remote violence,1
Ukraine,Explosions/Remote violence,1
Ukraine,Explosions/Remote violence,1
Ukraine,Explosions/Remote violence,1
Ukraine,Explosions/Remote violence,1
Ukraine,Explosions/Remote violence,1
Ukraine,Explosions/Remote violence,1
Ukraine,Explosions/Remote violence,1
Ukraine,Explosions/Remote violence,1
Ukraine,Explosions/Remote violence,1
Ukraine,Explosions/Remote violence,1
Ukraine,Explosions/Remote violence,1
Ukraine,Explosions/Remote violence,1
Ukraine,Explosions/Remote violence,2
Ukraine,Explosions/Remote violence,1
Ukraine,Explosions/Remote violence,4
Ukraine,Explosions/Remote violence,17
Ukraine,Explosions/Remote violence,11
Ukraine,Explosions/Remote violence,17
Ukraine,Explosions/Remote violence,9
Ukraine,Explosions/Remote violence,13
Ukraine,Explosions/Remote violence,2
Ukraine,Explosions/Remote violence,4
Ukraine,Explosions/Remote violence,1
Ukraine,Explosions/Remote violence,5
Ukraine,Explosions/Remote violence,2
Ukraine,Explosions/Remote violence,6
Ukraine,Explosions/Remote violence,10
Ukraine,Explosions/Remote violence,11
Ukraine,Explosions/Remote violence,12
Ukraine,Explosions/Remote violence,9
Ukraine,Explosions/Remote violence,6
Ukraine,Explosions/Remote violence,6
Ukraine,Explosions/Remote violence,23
Ukraine,Explosions/Remote violence,9
Ukraine,Explosions/Remote violence,9
Ukraine,Explosions/Remote violence,8
Ukraine,Explosions/Remote violence,13
Ukraine,Explosions/Remote violence,14
Ukraine,Explosions/Remote violence,16
Ukraine,Explosions/Remote violence,10
Ukraine,Explosions/Remote violence,12
Ukraine,Explosions/Remote violence,16
Ukraine,Explosions/Remote violence,20
Ukraine,Explosions/Remote violence,11
Ukraine,Explosions/Remote violence,16
Ukraine,Explosions/Remote violence,14
Ukraine,Explosions/Remote violence,11
Ukraine,Explosions/Remote violence,24
Ukraine,Explosions/Remote violence,23
Ukraine,Explosions/Remote violence,7
Ukraine,Explosions/Remote violence,17
Ukraine,Explosions/Remote violence,8
Ukraine,Explosions/Remote violence,9
Ukraine,Explosions/Remote violence,6
Ukraine,Explosions/Remote violence,15
Ukraine,Explosions/Remote violence,8
Ukraine,Explosions/Remote violence,11
Ukraine,Explosions/Remote violence,12
Ukraine,Explosions/Remote violence,10
Ukraine,Explosions/Remote violence,18
Ukraine,Explosions/Remote violence,8
Ukraine,Explosions/Remote violence,5
Ukraine,Explosions/Remote violence,19
Ukraine,Explosions/Remote violence,27
Ukraine,Explosions/Remote violence,10
Ukraine,Explosions/Remote violence,8
Ukraine,Explosions/Remote violence,20
Ukraine,Explosions/Remote violence,19
Ukraine,Explosions/Remote violence,16
Ukraine,Explosions/Remote violence,17
Ukraine,Explosions/Remote violence,27
Ukraine,Explosions/Remote violence,18
Ukraine,Explosions/Remote violence,10
Ukraine,Explosions/Remote violence,14
Ukraine,Explosions/Remote violence,13
Ukraine,Explosions/Remote violence,24
Ukraine,Explosions/Remote violence,48
Ukraine,Explosions/Remote violence,28
Ukraine,Explosions/Remote violence,21
Ukraine,Explosions/Remote violence,25
Ukraine,Explosions/Remote violence,37
Ukraine,Explosions/Remote violence,18
Ukraine,Explosions/Remote violence,14
Ukraine,Explosions/Remote violence,25
Ukraine,Explosions/Remote violence,23
Ukraine,Explosions/Remote violence,30
Ukraine,Explosions/Remote violence,31
Ukraine,Explosions/Remote violence,24
Ukraine,Explosions/Remote violence,14
Ukraine,Explosions/Remote violence,47
Ukraine,Explosions/Remote violence,48
Ukraine,Explosions/Remote violence,52
Ukraine,Explosions/Remote violence,58
Ukraine,Explosions/Remote violence,45
Ukraine,Explosions/Remote violence,45
Ukraine,Explosions/Remote violence,36
Ukraine,Explosions/Remote violence,28
Ukraine,Explosions/Remote violence,38
Ukraine,Explosions/Remote violence,41
Ukraine,Explosions/Remote violence,27
Ukraine,Explosions/Remote violence,38
Ukraine,Explosions/Remote violence,22
Ukraine,Explosions/Remote violence,32
Ukraine,Explosions/Remote violence,46
Ukraine,Explosions/Remote violence,39
Ukraine,Explosions/Remote violence,35
Ukraine,Explosions/Remote violence,31
Ukraine,Explosions/Remote violence,22
Ukraine,Explosions/Remote violence,18
Ukraine,Explosions/Remote violence,15
Ukraine,Explosions/Remote violence,27
Ukraine,Explosions/Remote violence,37
Ukraine,Explosions/Remote violence,36
Ukraine,Explosions/Remote violence,35
Ukraine,Explosions/Remote violence,26
Ukraine,Explosions/Remote violence,40
Ukraine,Explosions/Remote violence,35
Ukraine,Explosions/Remote violence,22
Ukraine,Explosions/Remote violence,33
Ukraine,Explosions/Remote violence,37
Ukraine,Explosions/Remote violence,55
Ukraine,Explosions/Remote violence,43
Ukraine,Explosions/Remote violence,41
Ukraine,Explosions/Remote violence,40
Ukraine,Explosions/Remote violence,45
Ukraine,Explosions/Remote violence,46
Ukraine,Explosions/Remote violence,41
Ukraine,Explosions/Remote violence,40
Ukraine,Explosions/Remote violence,29
Ukraine,Explosions/Remote violence,44
Ukraine,Explosions/Remote violence,44
Ukraine,Explosions/Remote violence,35
Ukraine,Explosions/Remote violence,30
Ukraine,Explosions/Remote violence,32
Ukraine,Explosions/Remote violence,28
Ukraine,Explosions/Remote violence,22
Ukraine,Explosions/Remote violence,26
Ukraine,Explosions/Remote violence,29
Ukraine,Explosions/Remote violence,24
Ukraine,Explosions/Remote violence,26
Ukraine,Explosions/Remote violence,27
Ukraine,Explosions/Remote violence,23
Ukraine,Explosions/Remote violence,22
Ukraine,Explosions/Remote violence,22
Ukraine,Explosions/Remote violence,12
Ukraine,Explosions/Remote violence,22
Ukraine,Explosions/Remote violence,31
Ukraine,Explosions/Remote violence,28
Ukraine,Explosions/Remote violence,24
Ukraine,Explosions/Remote violence,26
Ukraine,Explosions/Remote violence,20
Ukraine,Explosions/Remote violence,21
Ukraine,Explosions/Remote violence,18
Ukraine,Explosions/Remote violence,22
Ukraine,Explosions/Remote violence,30
Ukraine,Explosions/Remote violence,25
Ukraine,Explosions/Remote violence,26
Ukraine,Explosions/Remote violence,15
Ukraine,Explosions/Remote violence,15
Ukraine,Explosions/Remote violence,22
Ukraine,Explosions/Remote violence,26
Ukraine,Explosions/Remote violence,28
Ukraine,Explosions/Remote violence,29
Ukraine,Explosions/Remote violence,29
Ukraine,Explosions/Remote violence,17
Ukraine,Explosions/Remote violence,39
Ukraine,Explosions/Remote violence,24
Ukraine,Explosions/Remote violence,17
Ukraine,Explosions/Remote violence,15
Ukraine,Explosions/Remote violence,20
Ukraine,Explosions/Remote violence,15
Ukraine,Explosions/Remote violence,14
Ukraine,Explosions/Remote violence,11
Ukraine,Explosions/Remote violence,19
Ukraine,Explosions/Remote violence,21
Ukraine,Explosions/Remote violence,9
Ukraine,Explosions/Remote violence,14
Ukraine,Explosions/Remote violence,3
Ukraine,Explosions/Remote violence,4
Ukraine,Explosions/Remote violence,7
Ukraine,Explosions/Remote violence,9
Ukraine,Explosions/Remote violence,11
Ukraine,Explosions/Remote violence,16
Ukraine,Explosions/Remote violence,22
Ukraine,Explosions/Remote violence,22
Ukraine,Explosions/Remote violence,8
Ukraine,Explosions/Remote violence,15
Ukraine,Explosions/Remote violence,16
Ukraine,Explosions/Remote violence,13
Ukraine,Explosions/Remote violence,8
Ukraine,Explosions/Remote violence,11
Ukraine,Explosions/Remote violence,11
Ukraine,Explosions/Remote violence,8
Ukraine,Explosions/Remote violence,5
Ukraine,Explosions/Remote violence,9
Ukraine,Explosions/Remote violence,11
Ukraine,Explosions/Remote violence,15
Ukraine,Explosions/Remote violence,20
Ukraine,Explosions/Remote violence,12
Ukraine,Explosions/Remote violence,23
Ukraine,Explosions/Remote violence,11
Ukraine,Explosions/Remote violence,26
Ukraine,Explosions/Remote violence,14
Ukraine,Explosions/Remote violence,19
Ukraine,Explosions/Remote violence,29
Ukraine,Riots,1
Ukraine,Riots,1
Ukraine,Riots,1
Ukraine,Riots,1
Ukraine,Riots,1
Ukraine,Riots,2
Ukraine,Violence against civilians,3
Ukraine,Violence against civilians,6
Ukraine,Violence against civilians,3
Ukraine,Violence against civilians,6
Ukraine,Violence against civilians,1
Ukraine,Violence against civilians,1
Ukraine,Violence against civilians,1
Ukraine,Violence against civilians,1
Ukraine,Violence against civilians,1
Ukraine,Violence against civilians,13
Ukraine,Violence against civilians,6
Ukraine,Violence against civilians,18
Ukraine,Violence against civilians,4
Ukraine,Violence against civilians,7
Ukraine,Violence against civilians,1
Ukraine,Explosions/Remote violence,1
Ukraine,Explosions/Remote violence,1
Ukraine,Explosions/Remote violence,1
Ukraine,Explosions/Remote violence,1
Ukraine,Explosions/Remote violence,2
Ukraine,Explosions/Remote violence,1
Ukraine,Riots,1
Ukraine,Riots,1
Ukraine,Riots,1
Ukraine,Riots,1
Ukraine,Riots,1
Ukraine,Riots,1
Ukraine,Violence against civilians,2
Ukraine,Violence against civilians,1
Ukraine,Violence against civilians,1
Ukraine,Explosions/Remote violence,1
Ukraine,Explosions/Remote violence,1
Ukraine,Explosions/Remote violence,1
Ukraine,Explosions/Remote violence,1
Ukraine,Explosions/Remote violence,1
Ukraine,Explosions/Remote violence,1
Ukraine,Explosions/Remote violence,1
Ukraine,Explosions/Remote violence,1
Ukraine,Explosions/Remote violence,1
Ukraine,Explosions/Remote violence,1
Ukraine,Explosions/Remote violence,1
Ukraine,Explosions/Remote violence,1
Ukraine,Explosions/Remote violence,5
Ukraine,Explosions/Remote violence,2
Ukraine,Explosions/Remote violence,2
Ukraine,Explosions/Remote violence,1
Ukraine,Explosions/Remote violence,1
Ukraine,Explosions/Remote violence,2
Ukraine,Explosions/Remote violence,1
Ukraine,Explosions/Remote violence,1
Ukraine,Explosions/Remote violence,1
Ukraine,Explosions/Remote violence,5
Ukraine,Explosions/Remote violence,2
Ukraine,Explosions/Remote violence,1
Ukraine,Explosions/Remote violence,1
Ukraine,Explosions/Remote violence,1
Ukraine,Explosions/Remote violence,1
Ukraine,Explosions/Remote violence,2
Ukraine,Explosions/Remote violence,6
Ukraine,Explosions/Remote violence,5
Ukraine,Explosions/Remote violence,1
Ukraine,Explosions/Remote violence,3
Ukraine,Explosions/Remote violence,2
Ukraine,Explosions/Remote violence,1
Ukraine,Explosions/Remote violence,3
Ukraine,Explosions/Remote violence,9
Ukraine,Explosions/Remote violence,4
Ukraine,Explosions/Remote violence,1
Ukraine,Explosions/Remote violence,3
Ukraine,Explosions/Remote violence,4
Ukraine,Explosions/Remote violence,2
Ukraine,Explosions/Remote violence,1
Ukraine,Explosions/Remote violence,2
Ukraine,Explosions/Remote violence,1
Ukraine,Explosions/Remote violence,5
Ukraine,Explosions/Remote violence,2
Ukraine,Explosions/Remote violence,5
Ukraine,Explosions/Remote violence,2
Ukraine,Explosions/Remote violence,1
Ukraine,Explosions/Remote violence,3
Ukraine,Explosions/Remote violence,1
Ukraine,Explosions/Remote violence,1
Ukraine,Explosions/Remote violence,4
Ukraine,Explosions/Remote violence,1
Ukraine,Explosions/Remote violence,1
Ukraine,Explosions/Remote violence,2
Ukraine,Explosions/Remote violence,2
Ukraine,Explosions/Remote violence,1
Ukraine,Explosions/Remote violence,2
Ukraine,Explosions/Remote violence,2
Ukraine,Explosions/Remote violence,2
Ukraine,Explosions/Remote violence,2
Ukraine,Explosions/Remote violence,1
Ukraine,Explosions/Remote violence,2
Ukraine,Explosions/Remote violence,2
Ukraine,Explosions/Remote violence,5
Ukraine,Explosions/Remote violence,2
Ukraine,Explosions/Remote violence,5
Ukraine,Explosions/Remote violence,4
Ukraine,Explosions/Remote violence,1
Ukraine,Explosions/Remote violence,2
Ukraine,Explosions/Remote violence,4
Ukraine,Explosions/Remote violence,1
Ukraine,Explosions/Remote violence,3
Ukraine,Explosions/Remote violence,2
Ukraine,Explosions/Remote violence,1
Ukraine,Explosions/Remote violence,2
Ukraine,Explosions/Remote violence,1
Ukraine,Explosions/Remote violence,1
Ukraine,Explosions/Remote violence,1
Ukraine,Explosions/Remote violence,1
Ukraine,Explosions/Remote violence,2
Ukraine,Explosions/Remote violence,1
Ukraine,Explosions/Remote violence,1
Ukraine,Explosions/Remote violence,4
Ukraine,Explosions/Remote violence,1
Ukraine,Explosions/Remote violence,2
Ukraine,Explosions/Remote violence,1
Ukraine,Explosions/Remote violence,7
Ukraine,Explosions/Remote violence,4
Ukraine,Explosions/Remote violence,4
Ukraine,Explosions/Remote violence,2
Ukraine,Explosions/Remote violence,1
Ukraine,Explosions/Remote violence,1
Ukraine,Explosions/Remote violence,7
Ukraine,Explosions/Remote violence,5
Ukraine,Explosions/Remote violence,4
Ukraine,Explosions/Remote violence,6
Ukraine,Explosions/Remote violence,2
Ukraine,Explosions/Remote violence,1
Ukraine,Explosions/Remote violence,1
Ukraine,Explosions/Remote violence,1
Ukraine,Explosions/Remote violence,1
Ukraine,Explosions/Remote violence,1
Ukraine,Explosions/Remote violence,1
Ukraine,Explosions/Remote violence,2
Ukraine,Explosions/Remote violence,1
Ukraine,Explosions/Remote violence,1
Ukraine,Explosions/Remote violence,1
Ukraine,Explosions/Remote violence,1
Ukraine,Explosions/Remote violence,1
Ukraine,Explosions/Remote violence,1
Ukraine,Explosions/Remote violence,1
Ukraine,Explosions/Remote violence,1
Ukraine,Explosions/Remote violence,1
Ukraine,Explosions/Remote violence,1
Ukraine,Explosions/Remote violence,1
Ukraine,Explosions/Remote violence,1
Ukraine,Explosions/Remote violence,5
Ukraine,Explosions/Remote violence,1
Ukraine,Explosions/Remote violence,4
Ukraine,Explosions/Remote violence,4
Ukraine,Explosions/Remote violence,1
Ukraine,Explosions/Remote violence,1
Ukraine,Explosions/Remote violence,1
Ukraine,Explosions/Remote violence,1
Ukraine,Explosions/Remote violence,2
Ukraine,Explosions/Remote violence,1
Ukraine,Explosions/Remote violence,1
Ukraine,Explosions/Remote violence,1
Ukraine,Explosions/Remote violence,1
Ukraine,Explosions/Remote violence,1
Ukraine,Explosions/Remote violence,1
Ukraine,Explosions/Remote violence,2
Ukraine,Explosions/Remote violence,5
Ukraine,Explosions/Remote violence,2
Ukraine,Explosions/Remote violence,1
Ukraine,Explosions/Remote violence,1
Ukraine,Explosions/Remote violence,1
Ukraine,Explosions/Remote violence,1
Ukraine,Explosions/Remote violence,2
Ukraine,Explosions/Remote violence,2
Ukraine,Explosions/Remote violence,1
Ukraine,Explosions/Remote violence,1
Ukraine,Explosions/Remote violence,2
Ukraine,Explosions/Remote violence,2
Ukraine,Explosions/Remote violence,7
Ukraine,Explosions/Remote violence,1
Ukraine,Explosions/Remote violence,1
Ukraine,Explosions/Remote violence,2
Ukraine,Explosions/Remote violence,1
Ukraine,Explosions/Remote violence,6
Ukraine,Explosions/Remote violence,4
Ukraine,Explosions/Remote violence,4
Ukraine,Explosions/Remote violence,1
Ukraine,Explosions/Remote violence,1
Ukraine,Explosions/Remote violence,7
Ukraine,Explosions/Remote violence,2
Ukraine,Explosions/Remote violence,2
Ukraine,Explosions/Remote violence,1
Ukraine,Explosions/Remote violence,1
Ukraine,Explosions/Remote violence,1
Ukraine,Explosions/Remote violence,2
Ukraine,Explosions/Remote violence,2
Ukraine,Explosions/Remote violence,1
Ukraine,Explosions/Remote violence,1
Ukraine,Explosions/Remote violence,1
Ukraine,Explosions/Remote violence,5
Ukraine,Explosions/Remote violence,4
Ukraine,Explosions/Remote violence,1
Ukraine,Explosions/Remote violence,1
Ukraine,Explosions/Remote violence,1
Ukraine,Explosions/Remote violence,1
Ukraine,Explosions/Remote violence,1
Ukraine,Riots,1
Ukraine,Riots,1
Ukraine,Riots,1
Ukraine,Riots,1
Ukraine,Riots,1
Ukraine,Violence against civilians,1
Ukraine,Violence against civilians,1
Ukraine,Violence against civilians,1
Ukraine,Violence against civilians,2
Ukraine,Violence against civilians,1
Ukraine,Violence against civilians,1
Ukraine,Violence against civilians,1
Ukraine,Violence against civilians,1
Ukraine,Violence against civilians,1
Ukraine,Violence against civilians,2
Ukraine,Violence against civilians,1
Ukraine,Violence against civilians,1
Ukraine,Violence against civilians,3
Ukraine,Violence against civilians,1
Ukraine,Violence against civilians,1
Ukraine,Violence against civilians,1
Ukraine,Violence against civilians,1
Ukraine,Violence against civilians,1
Ukraine,Violence against civilians,1
Ukraine,Violence against civilians,1
Ukraine,Violence against civilians,1
Ukraine,Violence against civilians,1
Ukraine,Violence against civilians,1
Ukraine,Violence against civilians,2
Ukraine,Violence against civilians,1
Ukraine,Violence against civilians,2
Ukraine,Violence against civilians,1
Ukraine,Violence against civilians,2
Ukraine,Violence against civilians,1
Ukraine,Violence against civilians,1
Ukraine,Violence against civilians,1
Ukraine,Violence against civilians,1
Ukraine,Violence against civilians,1
Ukraine,Violence against civilians,1
Ukraine,Violence against civilians,1
Ukraine,Violence against civilians,1
Ukraine,Violence against civilians,1
Ukraine,Violence against civilians,1
Ukraine,Violence against civilians,1
Ukraine,Violence against civilians,1
Ukraine,Violence against civilians,1
Ukraine,Violence against civilians,1
Ukraine,Violence against civilians,1
Ukraine,Violence against civilians,1
Ukraine,Violence against civilians,1
Ukraine,Violence against civilians,1
Ukraine,Violence against civilians,1
Ukraine,Violence against civilians,1
Ukraine,Violence against civilians,1
Ukraine,Violence against civilians,1
Ukraine,Violence against civilians,1
Ukraine,Violence against civilians,1
Ukraine,Violence against civilians,1
Ukraine,Explosions/Remote violence,1
Ukraine,Explosions/Remote violence,1
Ukraine,Explosions/Remote violence,1
Ukraine,Explosions/Remote violence,1
Ukraine,Explosions/Remote violence,1
Ukraine,Explosions/Remote violence,1
Ukraine,Explosions/Remote violence,2
Ukraine,Explosions/Remote violence,8
Ukraine,Explosions/Remote violence,1
Ukraine,Explosions/Remote violence,1
Ukraine,Explosions/Remote violence,2
Ukraine,Explosions/Remote violence,3
Ukraine,Explosions/Remote violence,2
Ukraine,Explosions/Remote violence,2
Ukraine,Explosions/Remote violence,5
Ukraine,Explosions/Remote violence,2
Ukraine,Explosions/Remote violence,1
Ukraine,Explosions/Remote violence,2
Ukraine,Explosions/Remote violence,3
Ukraine,Explosions/Remote violence,1
Ukraine,Explosions/Remote violence,3
Ukraine,Explosions/Remote violence,1
Ukraine,Explosions/Remote violence,6
Ukraine,Explosions/Remote violence,4
Ukraine,Explosions/Remote violence,11
Ukraine,Explosions/Remote violence,3
Ukraine,Explosions/Remote violence,6
Ukraine,Explosions/Remote violence,4
Ukraine,Explosions/Remote violence,4
Ukraine,Explosions/Remote violence,6
Ukraine,Explosions/Remote violence,1
Ukraine,Explosions/Remote violence,2
Ukraine,Explosions/Remote violence,1
Ukraine,Explosions/Remote violence,1
Ukraine,Explosions/Remote violence,1
Ukraine,Explosions/Remote violence,2
Ukraine,Explosions/Remote violence,1
Ukraine,Explosions/Remote violence,4
Ukraine,Explosions/Remote violence,7
Ukraine,Explosions/Remote violence,2
Ukraine,Explosions/Remote violence,5
Ukraine,Explosions/Remote violence,3
Ukraine,Explosions/Remote violence,7
Ukraine,Explosions/Remote violence,2
Ukraine,Explosions/Remote violence,5
Ukraine,Explosions/Remote violence,3
Ukraine,Explosions/Remote violence,1
Ukraine,Explosions/Remote violence,2
Ukraine,Explosions/Remote violence,1
Ukraine,Explosions/Remote violence,2
Ukraine,Explosions/Remote violence,5
Ukraine,Explosions/Remote violence,6
Ukraine,Explosions/Remote violence,2
Ukraine,Explosions/Remote violence,4
Ukraine,Explosions/Remote violence,3
Ukraine,Explosions/Remote violence,6
Ukraine,Explosions/Remote violence,7
Ukraine,Explosions/Remote violence,5
Ukraine,Explosions/Remote violence,8
Ukraine,Explosions/Remote violence,7
Ukraine,Explosions/Remote violence,5
Ukraine,Explosions/Remote violence,5
Ukraine,Explosions/Remote violence,4
Ukraine,Explosions/Remote violence,4
Ukraine,Explosions/Remote violence,4
Ukraine,Explosions/Remote violence,4
Ukraine,Explosions/Remote violence,6
Ukraine,Explosions/Remote violence,10
Ukraine,Explosions/Remote violence,14
Ukraine,Explosions/Remote violence,5
Ukraine,Explosions/Remote violence,10
Ukraine,Explosions/Remote violence,7
Ukraine,Explosions/Remote violence,12
Ukraine,Explosions/Remote violence,9
Ukraine,Explosions/Remote violence,9
Ukraine,Explosions/Remote violence,13
Ukraine,Explosions/Remote violence,12
Ukraine,Explosions/Remote violence,9
Ukraine,Explosions/Remote violence,14
Ukraine,Explosions/Remote violence,16
Ukraine,Explosions/Remote violence,8
Ukraine,Explosions/Remote violence,12
Ukraine,Explosions/Remote violence,8
Ukraine,Explosions/Remote violence,10
Ukraine,Explosions/Remote violence,14
Ukraine,Explosions/Remote violence,11
Ukraine,Explosions/Remote violence,9
Ukraine,Explosions/Remote violence,19
Ukraine,Explosions/Remote violence,7
Ukraine,Explosions/Remote violence,15
Ukraine,Explosions/Remote violence,17
Ukraine,Explosions/Remote violence,4
Ukraine,Explosions/Remote violence,13
Ukraine,Explosions/Remote violence,16
Ukraine,Explosions/Remote violence,16
Ukraine,Explosions/Remote violence,17
Ukraine,Explosions/Remote violence,11
Ukraine,Explosions/Remote violence,10
Ukraine,Explosions/Remote violence,12
Ukraine,Explosions/Remote violence,11
Ukraine,Explosions/Remote violence,11
Ukraine,Explosions/Remote violence,4
Ukraine,Explosions/Remote violence,16
Ukraine,Explosions/Remote violence,14
Ukraine,Explosions/Remote violence,17
Ukraine,Explosions/Remote violence,17
Ukraine,Explosions/Remote violence,11
Ukraine,Explosions/Remote violence,12
Ukraine,Explosions/Remote violence,14
Ukraine,Explosions/Remote violence,21
Ukraine,Explosions/Remote violence,22
Ukraine,Explosions/Remote violence,24
Ukraine,Explosions/Remote violence,30
Ukraine,Explosions/Remote violence,25
Ukraine,Explosions/Remote violence,22
Ukraine,Explosions/Remote violence,34
Ukraine,Explosions/Remote violence,22
Ukraine,Explosions/Remote violence,20
Ukraine,Explosions/Remote violence,20
Ukraine,Explosions/Remote violence,23
Ukraine,Explosions/Remote violence,24
Ukraine,Explosions/Remote violence,19
Ukraine,Explosions/Remote violence,27
Ukraine,Explosions/Remote violence,22
Ukraine,Explosions/Remote violence,19
Ukraine,Explosions/Remote violence,21
Ukraine,Explosions/Remote violence,15
Ukraine,Explosions/Remote violence,15
Ukraine,Explosions/Remote violence,18
Ukraine,Explosions/Remote violence,16
Ukraine,Explosions/Remote violence,32
Ukraine,Explosions/Remote violence,23
Ukraine,Explosions/Remote violence,29
Ukraine,Explosions/Remote violence,29
Ukraine,Explosions/Remote violence,31
Ukraine,Explosions/Remote violence,29
Ukraine,Explosions/Remote violence,27
Ukraine,Explosions/Remote violence,32
Ukraine,Explosions/Remote violence,31
Ukraine,Explosions/Remote violence,36
Ukraine,Explosions/Remote violence,37
Ukraine,Explosions/Remote violence,48
Ukraine,Explosions/Remote violence,35
Ukraine,Explosions/Remote violence,34
Ukraine,Explosions/Remote violence,34
Ukraine,Explosions/Remote violence,44
Ukraine,Explosions/Remote violence,38
Ukraine,Explosions/Remote violence,37
Ukraine,Explosions/Remote violence,27
Ukraine,Explosions/Remote violence,29
Ukraine,Explosions/Remote violence,43
Ukraine,Explosions/Remote violence,38
Ukraine,Explosions/Remote violence,49
Ukraine,Explosions/Remote violence,45
Ukraine,Explosions/Remote violence,46
Ukraine,Explosions/Remote violence,52
Ukraine,Explosions/Remote violence,49
Ukraine,Explosions/Remote violence,43
Ukraine,Explosions/Remote violence,62
Ukraine,Explosions/Remote violence,43
Ukraine,Explosions/Remote violence,55
Ukraine,Explosions/Remote violence,53
Ukraine,Explosions/Remote violence,38
Ukraine,Explosions/Remote violence,26
Ukraine,Explosions/Remote violence,40
Ukraine,Explosions/Remote violence,47
Ukraine,Explosions/Remote violence,1
Ukraine,Explosions/Remote violence,1
Ukraine,Explosions/Remote violence,2
Ukraine,Explosions/Remote violence,1
Ukraine,Explosions/Remote violence,1
Ukraine,Explosions/Remote violence,1
Ukraine,Explosions/Remote violence,1
Ukraine,Explosions/Remote violence,1
Ukraine,Explosions/Remote violence,1
Ukraine,Explosions/Remote violence,1
Ukraine,Explosions/Remote violence,1
Ukraine,Explosions/Remote violence,1
Ukraine,Explosions/Remote violence,1
Ukraine,Explosions/Remote violence,1
Ukraine,Explosions/Remote violence,1
Ukraine,Explosions/Remote violence,1
Ukraine,Explosions/Remote violence,3
Ukraine,Explosions/Remote violence,1
Ukraine,Explosions/Remote violence,1
Ukraine,Explosions/Remote violence,1
Ukraine,Explosions/Remote violence,1
Ukraine,Explosions/Remote violence,1
Ukraine,Explosions/Remote violence,1
Ukraine,Explosions/Remote violence,1
Ukraine,Explosions/Remote violence,1
Ukraine,Explosions/Remote violence,1
Ukraine,Explosions/Remote violence,1
Ukraine,Explosions/Remote violence,1
Ukraine,Explosions/Remote violence,1
Ukraine,Explosions/Remote violence,1
Ukraine,Explosions/Remote violence,1
Ukraine,Explosions/Remote violence,1
Ukraine,Explosions/Remote violence,1
Ukraine,Explosions/Remote violence,1
Ukraine,Explosions/Remote violence,1
Ukraine,Explosions/Remote violence,1
Ukraine,Explosions/Remote violence,1
Ukraine,Explosions/Remote violence,2
Ukraine,Explosions/Remote violence,1
Ukraine,Explosions/Remote violence,1
Ukraine,Explosions/Remote violence,1
Ukraine,Explosions/Remote violence,1
Ukraine,Explosions/Remote violence,1
Ukraine,Explosions/Remote violence,1
Ukraine,Explosions/Remote violence,1
Ukraine,Explosions/Remote violence,1
Ukraine,Explosions/Remote violence,2
Ukraine,Explosions/Remote violence,5
Ukraine,Explosions/Remote violence,9
Ukraine,Explosions/Remote violence,11
Ukraine,Explosions/Remote violence,11
Ukraine,Explosions/Remote violence,14
Ukraine,Explosions/Remote violence,16
Ukraine,Explosions/Remote violence,18
Ukraine,Explosions/Remote violence,14
Ukraine,Explosions/Remote violence,14
Ukraine,Explosions/Remote violence,12
Ukraine,Explosions/Remote violence,16
Ukraine,Explosions/Remote violence,16
Ukraine,Explosions/Remote violence,12
Ukraine,Explosions/Remote violence,17
Ukraine,Explosions/Remote violence,16
Ukraine,Explosions/Remote violence,18
Ukraine,Explosions/Remote violence,11
Ukraine,Explosions/Remote violence,26
Ukraine,Explosions/Remote violence,21
Ukraine,Explosions/Remote violence,26
Ukraine,Explosions/Remote violence,27
Ukraine,Explosions/Remote violence,24
Ukraine,Explosions/Remote violence,33
Ukraine,Explosions/Remote violence,49
Ukraine,Explosions/Remote violence,39
Ukraine,Explosions/Remote violence,30
Ukraine,Explosions/Remote violence,30
Ukraine,Explosions/Remote violence,33
Ukraine,Explosions/Remote violence,30
Ukraine,Explosions/Remote violence,34
Ukraine,Explosions/Remote violence,34
Ukraine,Explosions/Remote violence,24
Ukraine,Explosions/Remote violence,21
Ukraine,Explosions/Remote violence,20
Ukraine,Explosions/Remote violence,35
Ukraine,Explosions/Remote violence,34
Ukraine,Explosions/Remote violence,21
Ukraine,Explosions/Remote violence,35
Ukraine,Explosions/Remote violence,21
Ukraine,Explosions/Remote violence,17
Ukraine,Explosions/Remote violence,19
Ukraine,Explosions/Remote violence,17
Ukraine,Explosions/Remote violence,17
Ukraine,Explosions/Remote violence,15
Ukraine,Explosions/Remote violence,13
Ukraine,Explosions/Remote violence,13
Ukraine,Explosions/Remote violence,12
Ukraine,Explosions/Remote violence,15
Ukraine,Explosions/Remote violence,14
Ukraine,Explosions/Remote violence,23
Ukraine,Explosions/Remote violence,23
Ukraine,Explosions/Remote violence,19
Ukraine,Explosions/Remote violence,11
Ukraine,Explosions/Remote violence,4
Ukraine,Explosions/Remote violence,2
Ukraine,Explosions/Remote violence,4
Ukraine,Explosions/Remote violence,3
Ukraine,Explosions/Remote violence,7
Ukraine,Explosions/Remote violence,7
Ukraine,Explosions/Remote violence,11
Ukraine,Explosions/Remote violence,7
Ukraine,Explosions/Remote violence,13
Ukraine,Explosions/Remote violence,11
Ukraine,Explosions/Remote violence,7
Ukraine,Explosions/Remote violence,13
Ukraine,Explosions/Remote violence,8
Ukraine,Explosions/Remote violence,13
Ukraine,Explosions/Remote violence,15
Ukraine,Explosions/Remote violence,7
Ukraine,Explosions/Remote violence,6
Ukraine,Explosions/Remote violence,8
Ukraine,Explosions/Remote violence,17
Ukraine,Explosions/Remote violence,12
Ukraine,Explosions/Remote violence,13
Ukraine,Explosions/Remote violence,12
Ukraine,Explosions/Remote violence,13
Ukraine,Explosions/Remote violence,11
Ukraine,Explosions/Remote violence,15
Ukraine,Explosions/Remote violence,10
Ukraine,Explosions/Remote violence,14
Ukraine,Explosions/Remote violence,14
Ukraine,Explosions/Remote violence,8
Ukraine,Explosions/Remote violence,8
Ukraine,Explosions/Remote violence,17
Ukraine,Explosions/Remote violence,16
Ukraine,Explosions/Remote violence,14
Ukraine,Explosions/Remote violence,10
Ukraine,Explosions/Remote violence,12
Ukraine,Explosions/Remote violence,13
Ukraine,Explosions/Remote violence,10
Ukraine,Explosions/Remote violence,12
Ukraine,Explosions/Remote violence,1
Ukraine,Explosions/Remote violence,4
Ukraine,Explosions/Remote violence,10
Ukraine,Explosions/Remote violence,13
Ukraine,Explosions/Remote violence,18
Ukraine,Explosions/Remote violence,7
Ukraine,Explosions/Remote violence,6
Ukraine,Explosions/Remote violence,10
Ukraine,Explosions/Remote violence,7
Ukraine,Explosions/Remote violence,10
Ukraine,Explosions/Remote violence,6
Ukraine,Explosions/Remote violence,8
Ukraine,Explosions/Remote violence,7
Ukraine,Explosions/Remote violence,12
Ukraine,Explosions/Remote violence,21
Ukraine,Explosions/Remote violence,12
Ukraine,Explosions/Remote violence,18
Ukraine,Explosions/Remote violence,16
Ukraine,Explosions/Remote violence,14
Ukraine,Explosions/Remote violence,25
Ukraine,Explosions/Remote violence,14
Ukraine,Explosions/Remote violence,5
Ukraine,Explosions/Remote violence,15
Ukraine,Explosions/Remote violence,20
Ukraine,Explosions/Remote violence,12
Ukraine,Explosions/Remote violence,14
Ukraine,Explosions/Remote violence,10
Ukraine,Explosions/Remote violence,14
Ukraine,Explosions/Remote violence,15
Ukraine,Explosions/Remote violence,10
Ukraine,Explosions/Remote violence,6
Ukraine,Explosions/Remote violence,12
Ukraine,Explosions/Remote violence,13
Ukraine,Explosions/Remote violence,16
Ukraine,Explosions/Remote violence,13
Ukraine,Explosions/Remote violence,14
Ukraine,Explosions/Remote violence,16
Ukraine,Explosions/Remote violence,19
Ukraine,Explosions/Remote violence,16
Ukraine,Explosions/Remote violence,11
Ukraine,Explosions/Remote violence,9
Ukraine,Explosions/Remote violence,13
Ukraine,Explosions/Remote violence,7
Ukraine,Explosions/Remote violence,8
Ukraine,Explosions/Remote violence,3
Ukraine,Explosions/Remote violence,11
Ukraine,Explosions/Remote violence,3
Ukraine,Explosions/Remote violence,5
Ukraine,Explosions/Remote violence,6
Ukraine,Explosions/Remote violence,8
Ukraine,Explosions/Remote violence,1
Ukraine,Explosions/Remote violence,6
Ukraine,Explosions/Remote violence,7
Ukraine,Explosions/Remote violence,2
Ukraine,Explosions/Remote violence,7
Ukraine,Explosions/Remote violence,12
Ukraine,Explosions/Remote violence,7
Ukraine,Explosions/Remote violence,9
Ukraine,Explosions/Remote violence,5
Ukraine,Explosions/Remote violence,7
Ukraine,Explosions/Remote violence,10
Ukraine,Explosions/Remote violence,7
Ukraine,Explosions/Remote violence,2
Ukraine,Explosions/Remote violence,5
Ukraine,Explosions/Remote violence,4
Ukraine,Explosions/Remote violence,5
Ukraine,Explosions/Remote violence,2
Ukraine,Explosions/Remote violence,4
Ukraine,Explosions/Remote violence,5
Ukraine,Explosions/Remote violence,5
Ukraine,Explosions/Remote violence,3
Ukraine,Explosions/Remote violence,1
Ukraine,Explosions/Remote violence,2
Ukraine,Explosions/Remote violence,5
Ukraine,Explosions/Remote violence,2
Ukraine,Explosions/Remote violence,4
Ukraine,Explosions/Remote violence,5
Ukraine,Explosions/Remote violence,7
Ukraine,Explosions/Remote violence,11
Ukraine,Explosions/Remote violence,6
Ukraine,Explosions/Remote violence,6
Ukraine,Explosions/Remote violence,10
Ukraine,Explosions/Remote violence,15
Ukraine,Explosions/Remote violence,13
Ukraine,Explosions/Remote violence,14
Ukraine,Explosions/Remote violence,16
Ukraine,Explosions/Remote violence,13
Ukraine,Explosions/Remote violence,4
Ukraine,Explosions/Remote violence,18
Ukraine,Explosions/Remote violence,8
Ukraine,Explosions/Remote violence,13
Ukraine,Explosions/Remote violence,14
Ukraine,Explosions/Remote violence,13
Ukraine,Explosions/Remote violence,7
Ukraine,Explosions/Remote violence,14
Ukraine,Riots,1
Ukraine,Riots,2
Ukraine,Riots,2
Ukraine,Riots,1
Ukraine,Riots,1
Ukraine,Riots,1
Ukraine,Riots,1
Ukraine,Riots,1
Ukraine,Riots,1
Ukraine,Riots,1
Ukraine,Riots,1
Ukraine,Riots,1
Ukraine,Riots,1
Ukraine,Riots,2
Ukraine,Riots,1
Ukraine,Riots,1
Ukraine,Riots,1
Ukraine,Riots,1
Ukraine,Riots,1
Ukraine,Violence against civilians,1
Ukraine,Violence against civilians,1
Ukraine,Violence against civilians,1
Ukraine,Violence against civilians,2
Ukraine,Violence against civilians,1
Ukraine,Violence against civilians,1
Ukraine,Violence against civilians,1
Ukraine,Violence against civilians,1
Ukraine,Violence against civilians,1
Ukraine,Violence against civilians,3
Ukraine,Violence against civilians,1
Ukraine,Violence against civilians,1
Ukraine,Violence against civilians,1
Ukraine,Violence against civilians,1
Ukraine,Violence against civilians,1
Ukraine,Violence against civilians,1
Ukraine,Violence against civilians,1
Ukraine,Violence against civilians,1
Ukraine,Violence against civilians,1
Ukraine,Violence against civilians,1
Ukraine,Violence against civilians,1
Ukraine,Violence against civilians,1
Ukraine,Violence against civilians,1
Ukraine,Violence against civilians,1
Ukraine,Violence against civilians,1
Ukraine,Violence against civilians,1
Ukraine,Violence against civilians,1
Ukraine,Explosions/Remote violence,1
Ukraine,Explosions/Remote violence,1
Ukraine,Explosions/Remote violence,1
Ukraine,Explosions/Remote violence,1
Ukraine,Explosions/Remote violence,1
Ukraine,Explosions/Remote violence,1
Ukraine,Explosions/Remote violence,1
Ukraine,Explosions/Remote violence,1
Ukraine,Explosions/Remote violence,2
Ukraine,Explosions/Remote violence,3
Ukraine,Explosions/Remote violence,1
Ukraine,Explosions/Remote violence,2
Ukraine,Explosions/Remote violence,1
Ukraine,Explosions/Remote violence,1
Ukraine,Explosions/Remote violence,1
Ukraine,Explosions/Remote violence,1
Ukraine,Explosions/Remote violence,1
Ukraine,Explosions/Remote violence,1
Ukraine,Explosions/Remote violence,1
Ukraine,Explosions/Remote violence,1
Ukraine,Explosions/Remote violence,1
Ukraine,Explosions/Remote violence,1
Ukraine,Explosions/Remote violence,3
Ukraine,Explosions/Remote violence,2
Ukraine,Explosions/Remote violence,2
Ukraine,Explosions/Remote violence,2
Ukraine,Explosions/Remote violence,1
Ukraine,Explosions/Remote violence,1
Ukraine,Explosions/Remote violence,1
Ukraine,Explosions/Remote violence,1
Ukraine,Explosions/Remote violence,2
Ukraine,Explosions/Remote violence,2
Ukraine,Explosions/Remote violence,1
Ukraine,Explosions/Remote violence,1
Ukraine,Explosions/Remote violence,4
Ukraine,Explosions/Remote violence,2
Ukraine,Explosions/Remote violence,1
Ukraine,Explosions/Remote violence,2
Ukraine,Explosions/Remote violence,5
Ukraine,Explosions/Remote violence,9
Ukraine,Explosions/Remote violence,2
Ukraine,Explosions/Remote violence,8
Ukraine,Explosions/Remote violence,9
Ukraine,Explosions/Remote violence,12
Ukraine,Explosions/Remote violence,20
Ukraine,Explosions/Remote violence,9
Ukraine,Explosions/Remote violence,12
Ukraine,Explosions/Remote violence,18
Ukraine,Explosions/Remote violence,37
Ukraine,Explosions/Remote violence,39
Ukraine,Explosions/Remote violence,36
Ukraine,Explosions/Remote violence,34
Ukraine,Explosions/Remote violence,26
Ukraine,Explosions/Remote violence,50
Ukraine,Explosions/Remote violence,51
Ukraine,Explosions/Remote violence,69
Ukraine,Explosions/Remote violence,82
Ukraine,Explosions/Remote violence,66
Ukraine,Explosions/Remote violence,35
Ukraine,Explosions/Remote violence,50
Ukraine,Explosions/Remote violence,54
Ukraine,Explosions/Remote violence,51
Ukraine,Explosions/Remote violence,38
Ukraine,Explosions/Remote violence,29
Ukraine,Explosions/Remote violence,25
Ukraine,Explosions/Remote violence,38
Ukraine,Explosions/Remote violence,40
Ukraine,Explosions/Remote violence,32
Ukraine,Explosions/Remote violence,22
Ukraine,Explosions/Remote violence,22
Ukraine,Explosions/Remote violence,10
Ukraine,Explosions/Remote violence,1
Ukraine,Explosions/Remote violence,11
Ukraine,Explosions/Remote violence,9
Ukraine,Explosions/Remote violence,6
Ukraine,Explosions/Remote violence,9
Ukraine,Explosions/Remote violence,12
Ukraine,Explosions/Remote violence,12
Ukraine,Explosions/Remote violence,5
Ukraine,Explosions/Remote violence,18
Ukraine,Explosions/Remote violence,5
Ukraine,Explosions/Remote violence,8
Ukraine,Explosions/Remote violence,3
Ukraine,Explosions/Remote violence,2
Ukraine,Explosions/Remote violence,4
Ukraine,Explosions/Remote violence,3
Ukraine,Explosions/Remote violence,11
Ukraine,Explosions/Remote violence,13
Ukraine,Explosions/Remote violence,17
Ukraine,Explosions/Remote violence,14
Ukraine,Explosions/Remote violence,5
Ukraine,Explosions/Remote violence,8
Ukraine,Explosions/Remote violence,14
Ukraine,Explosions/Remote violence,13
Ukraine,Explosions/Remote violence,17
Ukraine,Explosions/Remote violence,13
Ukraine,Explosions/Remote violence,19
Ukraine,Explosions/Remote violence,31
Ukraine,Explosions/Remote violence,29
Ukraine,Explosions/Remote violence,54
Ukraine,Explosions/Remote violence,71
Ukraine,Explosions/Remote violence,50
Ukraine,Explosions/Remote violence,64
Ukraine,Explosions/Remote violence,65
Ukraine,Explosions/Remote violence,62
Ukraine,Explosions/Remote violence,57
Ukraine,Explosions/Remote violence,46
Ukraine,Explosions/Remote violence,36
Ukraine,Explosions/Remote violence,45
Ukraine,Explosions/Remote violence,60
Ukraine,Explosions/Remote violence,31
Ukraine,Explosions/Remote violence,43
Ukraine,Explosions/Remote violence,45
Ukraine,Explosions/Remote violence,49
Ukraine,Explosions/Remote violence,42
Ukraine,Explosions/Remote violence,38
Ukraine,Explosions/Remote violence,68
Ukraine,Explosions/Remote violence,53
Ukraine,Explosions/Remote violence,64
Ukraine,Explosions/Remote violence,63
Ukraine,Explosions/Remote violence,79
Ukraine,Explosions/Remote violence,58
Ukraine,Explosions/Remote violence,74
Ukraine,Explosions/Remote violence,49
Ukraine,Explosions/Remote violence,74
Ukraine,Explosions/Remote violence,53
Ukraine,Explosions/Remote violence,47
Ukraine,Explosions/Remote violence,30
Ukraine,Explosions/Remote violence,31
Ukraine,Explosions/Remote violence,41
Ukraine,Explosions/Remote violence,19
Ukraine,Explosions/Remote violence,30
Ukraine,Explosions/Remote violence,27
Ukraine,Explosions/Remote violence,28
Ukraine,Explosions/Remote violence,45
Ukraine,Explosions/Remote violence,35
Ukraine,Explosions/Remote violence,43
Ukraine,Explosions/Remote violence,67
Ukraine,Explosions/Remote violence,33
Ukraine,Explosions/Remote violence,56
Ukraine,Explosions/Remote violence,81
Ukraine,Explosions/Remote violence,90
Ukraine,Explosions/Remote violence,71
Ukraine,Explosions/Remote violence,74
Ukraine,Explosions/Remote violence,69
Ukraine,Explosions/Remote violence,77
Ukraine,Explosions/Remote violence,73
Ukraine,Explosions/Remote violence,94
Ukraine,Explosions/Remote violence,75
Ukraine,Explosions/Remote violence,68
Ukraine,Explosions/Remote violence,76
Ukraine,Explosions/Remote violence,67
Ukraine,Explosions/Remote violence,35
Ukraine,Explosions/Remote violence,62
Ukraine,Explosions/Remote violence,60
Ukraine,Explosions/Remote violence,43
Ukraine,Explosions/Remote violence,54
Ukraine,Explosions/Remote violence,40
Ukraine,Explosions/Remote violence,35
Ukraine,Explosions/Remote violence,68
Ukraine,Explosions/Remote violence,60
Ukraine,Explosions/Remote violence,85
Ukraine,Explosions/Remote violence,98
Ukraine,Explosions/Remote violence,113
Ukraine,Explosions/Remote violence,79
Ukraine,Explosions/Remote violence,53
Ukraine,Explosions/Remote violence,65
Ukraine,Explosions/Remote violence,50
Ukraine,Explosions/Remote violence,67
Ukraine,Explosions/Remote violence,60
Ukraine,Explosions/Remote violence,66
Ukraine,Explosions/Remote violence,71
Ukraine,Explosions/Remote violence,66
Ukraine,Explosions/Remote violence,66
Ukraine,Explosions/Remote violence,54
Ukraine,Explosions/Remote violence,62
Ukraine,Explosions/Remote violence,75
Ukraine,Explosions/Remote violence,61
Ukraine,Explosions/Remote violence,112
Ukraine,Explosions/Remote violence,93
Ukraine,Explosions/Remote violence,64
Ukraine,Explosions/Remote violence,41
Ukraine,Explosions/Remote violence,43
Ukraine,Explosions/Remote violence,55
Ukraine,Explosions/Remote violence,54
Ukraine,Explosions/Remote violence,42
Ukraine,Explosions/Remote violence,48
Ukraine,Explosions/Remote violence,36
Ukraine,Explosions/Remote violence,53
Ukraine,Explosions/Remote violence,40
Ukraine,Explosions/Remote violence,82
Ukraine,Explosions/Remote violence,70
Ukraine,Explosions/Remote violence,47
Ukraine,Explosions/Remote violence,57
Ukraine,Explosions/Remote violence,92
Ukraine,Explosions/Remote violence,62
Ukraine,Explosions/Remote violence,53
Ukraine,Explosions/Remote violence,48
Ukraine,Explosions/Remote violence,74
Ukraine,Explosions/Remote violence,73
Ukraine,Explosions/Remote violence,63
Ukraine,Explosions/Remote violence,64
Ukraine,Explosions/Remote violence,91
Ukraine,Explosions/Remote violence,72
Ukraine,Explosions/Remote violence,62
Ukraine,Explosions/Remote violence,54
Ukraine,Explosions/Remote violence,76
Ukraine,Explosions/Remote violence,45
Ukraine,Explosions/Remote violence,71
Ukraine,Explosions/Remote violence,48
Ukraine,Explosions/Remote violence,94
Ukraine,Explosions/Remote violence,56
Ukraine,Explosions/Remote violence,56
Ukraine,Explosions/Remote violence,57
Ukraine,Explosions/Remote violence,58
Ukraine,Explosions/Remote violence,77
Ukraine,Explosions/Remote violence,43
Ukraine,Explosions/Remote violence,52
Ukraine,Explosions/Remote violence,57
Ukraine,Explosions/Remote violence,52
Ukraine,Explosions/Remote violence,48
Ukraine,Explosions/Remote violence,65
Ukraine,Explosions/Remote violence,36
Ukraine,Explosions/Remote violence,42
Ukraine,Explosions/Remote violence,52
Ukraine,Explosions/Remote violence,52
Ukraine,Explosions/Remote violence,57
Ukraine,Explosions/Remote violence,1
Ukraine,Explosions/Remote violence,1
Ukraine,Explosions/Remote violence,1
Ukraine,Explosions/Remote violence,1
Ukraine,Explosions/Remote violence,1
Ukraine,Explosions/Remote violence,1
Ukraine,Explosions/Remote violence,1
Ukraine,Explosions/Remote violence,1
Ukraine,Explosions/Remote violence,1
Ukraine,Explosions/Remote violence,1
Ukraine,Explosions/Remote violence,1
Ukraine,Explosions/Remote violence,3
Ukraine,Explosions/Remote violence,6
Ukraine,Explosions/Remote violence,2
Ukraine,Explosions/Remote violence,3
Ukraine,Explosions/Remote violence,1
Ukraine,Explosions/Remote violence,2
Ukraine,Explosions/Remote violence,1
Ukraine,Explosions/Remote violence,2
Ukraine,Explosions/Remote violence,1
Ukraine,Explosions/Remote violence,4
Ukraine,Explosions/Remote violence,2
Ukraine,Explosions/Remote violence,2
Ukraine,Explosions/Remote violence,3
Ukraine,Explosions/Remote violence,4
Ukraine,Explosions/Remote violence,1
Ukraine,Explosions/Remote violence,3
Ukraine,Explosions/Remote violence,3
Ukraine,Explosions/Remote violence,1
Ukraine,Explosions/Remote violence,1
Ukraine,Explosions/Remote violence,4
Ukraine,Explosions/Remote violence,6
Ukraine,Explosions/Remote violence,6
Ukraine,Explosions/Remote violence,4
Ukraine,Explosions/Remote violence,1
Ukraine,Explosions/Remote violence,1
Ukraine,Explosions/Remote violence,2
Ukraine,Explosions/Remote violence,1
Ukraine,Explosions/Remote violence,7
Ukraine,Explosions/Remote violence,2
Ukraine,Explosions/Remote violence,1
Ukraine,Explosions/Remote violence,2
Ukraine,Explosions/Remote violence,2
Ukraine,Explosions/Remote violence,2
Ukraine,Explosions/Remote violence,2
Ukraine,Explosions/Remote violence,1
Ukraine,Explosions/Remote violence,1
Ukraine,Explosions/Remote violence,1
Ukraine,Explosions/Remote violence,2
Ukraine,Explosions/Remote violence,1
Ukraine,Explosions/Remote violence,1
Ukraine,Explosions/Remote violence,3
Ukraine,Explosions/Remote violence,3
Ukraine,Explosions/Remote violence,1
Ukraine,Explosions/Remote violence,4
Ukraine,Explosions/Remote violence,2
Ukraine,Explosions/Remote violence,1
Ukraine,Explosions/Remote violence,3
Ukraine,Explosions/Remote violence,1
Ukraine,Explosions/Remote violence,2
Ukraine,Explosions/Remote violence,1
Ukraine,Explosions/Remote violence,2
Ukraine,Explosions/Remote violence,2
Ukraine,Explosions/Remote violence,1
Ukraine,Explosions/Remote violence,1
Ukraine,Explosions/Remote violence,3
Ukraine,Explosions/Remote violence,2
Ukraine,Explosions/Remote violence,1
Ukraine,Explosions/Remote violence,1
Ukraine,Explosions/Remote violence,1
Ukraine,Explosions/Remote violence,4
Ukraine,Explosions/Remote violence,2
Ukraine,Explosions/Remote violence,3
Ukraine,Explosions/Remote violence,1
Ukraine,Explosions/Remote violence,1
Ukraine,Explosions/Remote violence,1
Ukraine,Explosions/Remote violence,2
Ukraine,Explosions/Remote violence,1
Ukraine,Explosions/Remote violence,1
Ukraine,Explosions/Remote violence,1
Ukraine,Explosions/Remote violence,1
Ukraine,Explosions/Remote violence,1
Ukraine,Explosions/Remote violence,1
Ukraine,Explosions/Remote violence,2
Ukraine,Explosions/Remote violence,1
Ukraine,Explosions/Remote violence,2
Ukraine,Explosions/Remote violence,2
Ukraine,Explosions/Remote violence,2
Ukraine,Explosions/Remote violence,2
Ukraine,Explosions/Remote violence,3
Ukraine,Explosions/Remote violence,4
Ukraine,Explosions/Remote violence,1
Ukraine,Explosions/Remote violence,1
Ukraine,Explosions/Remote violence,1
Ukraine,Explosions/Remote violence,3
Ukraine,Explosions/Remote violence,1
Ukraine,Explosions/Remote violence,1
Ukraine,Explosions/Remote violence,2
Ukraine,Explosions/Remote violence,1
Ukraine,Explosions/Remote violence,1
Ukraine,Explosions/Remote violence,3
Ukraine,Explosions/Remote violence,3
Ukraine,Explosions/Remote violence,1
Ukraine,Explosions/Remote violence,3
Ukraine,Explosions/Remote violence,1
Ukraine,Explosions/Remote violence,1
Ukraine,Explosions/Remote violence,4
Ukraine,Explosions/Remote violence,4
Ukraine,Explosions/Remote violence,1
Ukraine,Explosions/Remote violence,4
Ukraine,Explosions/Remote violence,1
Ukraine,Explosions/Remote violence,4
Ukraine,Explosions/Remote violence,2
Ukraine,Explosions/Remote violence,1
Ukraine,Explosions/Remote violence,1
Ukraine,Explosions/Remote violence,3
Ukraine,Explosions/Remote violence,1
Ukraine,Explosions/Remote violence,1
Ukraine,Explosions/Remote violence,1
Ukraine,Explosions/Remote violence,1
Ukraine,Explosions/Remote violence,1
Ukraine,Explosions/Remote violence,1
Ukraine,Explosions/Remote violence,1
Ukraine,Explosions/Remote violence,1
Ukraine,Explosions/Remote violence,1
Ukraine,Explosions/Remote violence,2
Ukraine,Explosions/Remote violence,2
Ukraine,Explosions/Remote violence,1
Ukraine,Explosions/Remote violence,1
Ukraine,Explosions/Remote violence,2
Ukraine,Explosions/Remote violence,3
Ukraine,Explosions/Remote violence,2
Ukraine,Explosions/Remote violence,1
Ukraine,Explosions/Remote violence,3
Ukraine,Explosions/Remote violence,2
Ukraine,Explosions/Remote violence,3
Ukraine,Explosions/Remote violence,1
Ukraine,Explosions/Remote violence,3
Ukraine,Explosions/Remote violence,4
Ukraine,Explosions/Remote violence,2
Ukraine,Explosions/Remote violence,2
Ukraine,Explosions/Remote violence,2
Ukraine,Explosions/Remote violence,1
Ukraine,Explosions/Remote violence,5
Ukraine,Explosions/Remote violence,4
Ukraine,Explosions/Remote violence,2
Ukraine,Explosions/Remote violence,1
Ukraine,Explosions/Remote violence,2
Ukraine,Explosions/Remote violence,16
Ukraine,Explosions/Remote violence,10
Ukraine,Explosions/Remote violence,8
Ukraine,Explosions/Remote violence,8
Ukraine,Explosions/Remote violence,1
Ukraine,Explosions/Remote violence,5
Ukraine,Explosions/Remote violence,7
Ukraine,Explosions/Remote violence,5
Ukraine,Explosions/Remote violence,3
Ukraine,Explosions/Remote violence,2
Ukraine,Explosions/Remote violence,4
Ukraine,Explosions/Remote violence,3
Ukraine,Explosions/Remote violence,4
Ukraine,Explosions/Remote violence,4
Ukraine,Explosions/Remote violence,3
Ukraine,Explosions/Remote violence,3
Ukraine,Explosions/Remote violence,2
Ukraine,Explosions/Remote violence,1
Ukraine,Explosions/Remote violence,4
Ukraine,Explosions/Remote violence,1
Ukraine,Explosions/Remote violence,1
Ukraine,Explosions/Remote violence,2
Ukraine,Explosions/Remote violence,3
Ukraine,Explosions/Remote violence,1
Ukraine,Explosions/Remote violence,3
Ukraine,Explosions/Remote violence,1
Ukraine,Explosions/Remote violence,3
Ukraine,Explosions/Remote violence,4
Ukraine,Explosions/Remote violence,1
Ukraine,Explosions/Remote violence,2
Ukraine,Explosions/Remote violence,8
Ukraine,Explosions/Remote violence,5
Ukraine,Explosions/Remote violence,1
Ukraine,Explosions/Remote violence,2
Ukraine,Explosions/Remote violence,1
Ukraine,Explosions/Remote violence,2
Ukraine,Explosions/Remote violence,1
Ukraine,Explosions/Remote violence,2
Ukraine,Explosions/Remote violence,1
Ukraine,Explosions/Remote violence,4
Ukraine,Explosions/Remote violence,4
Ukraine,Explosions/Remote violence,3
Ukraine,Explosions/Remote violence,3
Ukraine,Explosions/Remote violence,4
Ukraine,Explosions/Remote violence,1
Ukraine,Explosions/Remote violence,3
Ukraine,Explosions/Remote violence,1
Ukraine,Explosions/Remote violence,3
Ukraine,Explosions/Remote violence,4
Ukraine,Explosions/Remote violence,1
Ukraine,Explosions/Remote violence,7
Ukraine,Explosions/Remote violence,2
Ukraine,Explosions/Remote violence,2
Ukraine,Explosions/Remote violence,6
Ukraine,Explosions/Remote violence,2
Ukraine,Explosions/Remote violence,2
Ukraine,Explosions/Remote violence,2
Ukraine,Explosions/Remote violence,2
Ukraine,Explosions/Remote violence,3
Ukraine,Explosions/Remote violence,2
Ukraine,Explosions/Remote violence,3
Ukraine,Explosions/Remote violence,1
Ukraine,Explosions/Remote violence,3
Ukraine,Explosions/Remote violence,1
Ukraine,Explosions/Remote violence,3
Ukraine,Explosions/Remote violence,2
Ukraine,Explosions/Remote violence,2
Ukraine,Explosions/Remote violence,1
Ukraine,Explosions/Remote violence,1
Ukraine,Explosions/Remote violence,1
Ukraine,Explosions/Remote violence,1
Ukraine,Explosions/Remote violence,1
Ukraine,Explosions/Remote violence,3
Ukraine,Explosions/Remote violence,6
Ukraine,Explosions/Remote violence,1
Ukraine,Explosions/Remote violence,2
Ukraine,Explosions/Remote violence,2
Ukraine,Explosions/Remote violence,5
Ukraine,Explosions/Remote violence,5
Ukraine,Explosions/Remote violence,5
Ukraine,Explosions/Remote violence,5
Ukraine,Explosions/Remote violence,1
Ukraine,Explosions/Remote violence,1
Ukraine,Explosions/Remote violence,1
Ukraine,Explosions/Remote violence,2
Ukraine,Explosions/Remote violence,1
Ukraine,Explosions/Remote violence,2
Ukraine,Explosions/Remote violence,2
Ukraine,Explosions/Remote violence,2
Ukraine,Explosions/Remote violence,1
Ukraine,Explosions/Remote violence,1
Ukraine,Explosions/Remote violence,1
Ukraine,Explosions/Remote violence,2
Ukraine,Explosions/Remote violence,3
Ukraine,Explosions/Remote violence,1
Ukraine,Explosions/Remote violence,1
Ukraine,Explosions/Remote violence,1
Ukraine,Explosions/Remote violence,3
Ukraine,Explosions/Remote violence,1
Ukraine,Explosions/Remote violence,3
Ukraine,Explosions/Remote violence,3
Ukraine,Explosions/Remote violence,3
Ukraine,Explosions/Remote violence,2
Ukraine,Explosions/Remote violence,2
Ukraine,Explosions/Remote violence,2
Ukraine,Explosions/Remote violence,3
Ukraine,Explosions/Remote violence,4
Ukraine,Explosions/Remote violence,1
Ukraine,Explosions/Remote violence,2
Ukraine,Explosions/Remote violence,2
Ukraine,Explosions/Remote violence,4
Ukraine,Explosions/Remote violence,1
Ukraine,Explosions/Remote violence,1
Ukraine,Explosions/Remote violence,1
Ukraine,Explosions/Remote violence,1
Ukraine,Explosions/Remote violence,2
Ukraine,Explosions/Remote violence,2
Ukraine,Explosions/Remote violence,3
Ukraine,Explosions/Remote violence,2
Ukraine,Explosions/Remote violence,6
Ukraine,Explosions/Remote violence,5
Ukraine,Explosions/Remote violence,2
Ukraine,Explosions/Remote violence,3
Ukraine,Explosions/Remote violence,2
Ukraine,Explosions/Remote violence,5
Ukraine,Explosions/Remote violence,3
Ukraine,Explosions/Remote violence,5
Ukraine,Explosions/Remote violence,5
Ukraine,Explosions/Remote violence,3
Ukraine,Explosions/Remote violence,1
Ukraine,Explosions/Remote violence,6
Ukraine,Explosions/Remote violence,3
Ukraine,Explosions/Remote violence,1
Ukraine,Explosions/Remote violence,1
Ukraine,Explosions/Remote violence,1
Ukraine,Explosions/Remote violence,2
Ukraine,Explosions/Remote violence,1
Ukraine,Explosions/Remote violence,1
Ukraine,Explosions/Remote violence,4
Ukraine,Explosions/Remote violence,1
Ukraine,Explosions/Remote violence,2
Ukraine,Explosions/Remote violence,1
Ukraine,Explosions/Remote violence,3
Ukraine,Explosions/Remote violence,2
Ukraine,Explosions/Remote violence,4
Ukraine,Explosions/Remote violence,1
Ukraine,Explosions/Remote violence,2
Ukraine,Explosions/Remote violence,43
Ukraine,Explosions/Remote violence,94
Ukraine,Explosions/Remote violence,58
Ukraine,Explosions/Remote violence,43
Ukraine,Explosions/Remote violence,43
Ukraine,Explosions/Remote violence,96
Ukraine,Explosions/Remote violence,92
Ukraine,Explosions/Remote violence,100
Ukraine,Explosions/Remote violence,73
Ukraine,Explosions/Remote violence,40
Ukraine,Explosions/Remote violence,56
Ukraine,Explosions/Remote violence,64
Ukraine,Explosions/Remote violence,94
Ukraine,Explosions/Remote violence,70
Ukraine,Explosions/Remote violence,66
Ukraine,Explosions/Remote violence,71
Ukraine,Explosions/Remote violence,92
Ukraine,Explosions/Remote violence,47
Ukraine,Explosions/Remote violence,68
Ukraine,Explosions/Remote violence,97
Ukraine,Explosions/Remote violence,107
Ukraine,Explosions/Remote violence,96
Ukraine,Explosions/Remote violence,69
Ukraine,Explosions/Remote violence,96
Ukraine,Explosions/Remote violence,53
Ukraine,Explosions/Remote violence,89
Ukraine,Explosions/Remote violence,62
Ukraine,Explosions/Remote violence,53
Ukraine,Explosions/Remote violence,62
Ukraine,Explosions/Remote violence,61
Ukraine,Explosions/Remote violence,57
Ukraine,Explosions/Remote violence,43
Ukraine,Explosions/Remote violence,49
Ukraine,Explosions/Remote violence,44
Ukraine,Explosions/Remote violence,47
Ukraine,Explosions/Remote violence,28
Ukraine,Explosions/Remote violence,40
Ukraine,Explosions/Remote violence,38
Ukraine,Explosions/Remote violence,93
Ukraine,Explosions/Remote violence,99
Ukraine,Explosions/Remote violence,91
Ukraine,Explosions/Remote violence,81
Ukraine,Explosions/Remote violence,51
Ukraine,Explosions/Remote violence,56
Ukraine,Explosions/Remote violence,74
Ukraine,Explosions/Remote violence,72
Ukraine,Explosions/Remote violence,55
Ukraine,Explosions/Remote violence,60
Ukraine,Explosions/Remote violence,36
Ukraine,Explosions/Remote violence,52
Ukraine,Explosions/Remote violence,54
Ukraine,Explosions/Remote violence,43
Ukraine,Explosions/Remote violence,28
Ukraine,Explosions/Remote violence,41
Ukraine,Explosions/Remote violence,46
Ukraine,Explosions/Remote violence,36
Ukraine,Explosions/Remote violence,45
Ukraine,Explosions/Remote violence,51
Ukraine,Explosions/Remote violence,90
Ukraine,Explosions/Remote violence,85
Ukraine,Explosions/Remote violence,55
Ukraine,Explosions/Remote violence,90
Ukraine,Explosions/Remote violence,53
Ukraine,Explosions/Remote violence,84
Ukraine,Explosions/Remote violence,74
Ukraine,Explosions/Remote violence,102
Ukraine,Explosions/Remote violence,122
Ukraine,Explosions/Remote violence,92
Ukraine,Explosions/Remote violence,75
Ukraine,Explosions/Remote violence,89
Ukraine,Explosions/Remote violence,91
Ukraine,Explosions/Remote violence,123
Ukraine,Explosions/Remote violence,90
Ukraine,Explosions/Remote violence,104
Ukraine,Explosions/Remote violence,91
Ukraine,Explosions/Remote violence,112
Ukraine,Explosions/Remote violence,97
Ukraine,Explosions/Remote violence,99
Ukraine,Explosions/Remote violence,125
Ukraine,Explosions/Remote violence,134
Ukraine,Explosions/Remote violence,107
Ukraine,Explosions/Remote violence,60
Ukraine,Explosions/Remote violence,49
Ukraine,Explosions/Remote violence,57
Ukraine,Explosions/Remote violence,81
Ukraine,Explosions/Remote violence,83
Ukraine,Explosions/Remote violence,96
Ukraine,Explosions/Remote violence,115
Ukraine,Explosions/Remote violence,97
Ukraine,Explosions/Remote violence,102
Ukraine,Explosions/Remote violence,103
Ukraine,Explosions/Remote violence,115
Ukraine,Explosions/Remote violence,128
Ukraine,Explosions/Remote violence,148
Ukraine,Explosions/Remote violence,147
Ukraine,Explosions/Remote violence,122
Ukraine,Explosions/Remote violence,154
Ukraine,Explosions/Remote violence,139
Ukraine,Explosions/Remote violence,119
Ukraine,Explosions/Remote violence,102
Ukraine,Explosions/Remote violence,84
Ukraine,Explosions/Remote violence,103
Ukraine,Explosions/Remote violence,113
Ukraine,Explosions/Remote violence,119
Ukraine,Explosions/Remote violence,69
Ukraine,Explosions/Remote violence,60
Ukraine,Explosions/Remote violence,88
Ukraine,Explosions/Remote violence,116
Ukraine,Explosions/Remote violence,127
Ukraine,Explosions/Remote violence,110
Ukraine,Explosions/Remote violence,71
Ukraine,Explosions/Remote violence,101
Ukraine,Explosions/Remote violence,128
Ukraine,Explosions/Remote violence,149
Ukraine,Explosions/Remote violence,128
Ukraine,Explosions/Remote violence,153
Ukraine,Explosions/Remote violence,104
Ukraine,Explosions/Remote violence,139
Ukraine,Explosions/Remote violence,118
Ukraine,Explosions/Remote violence,74
Ukraine,Explosions/Remote violence,99
Ukraine,Explosions/Remote violence,105
Ukraine,Explosions/Remote violence,103
Ukraine,Explosions/Remote violence,115
Ukraine,Explosions/Remote violence,105
Ukraine,Explosions/Remote violence,100
Ukraine,Explosions/Remote violence,73
Ukraine,Explosions/Remote violence,83
Ukraine,Explosions/Remote violence,88
Ukraine,Explosions/Remote violence,100
Ukraine,Explosions/Remote violence,79
Ukraine,Explosions/Remote violence,61
Ukraine,Explosions/Remote violence,81
Ukraine,Explosions/Remote violence,89
Ukraine,Explosions/Remote violence,25
Ukraine,Explosions/Remote violence,11
Ukraine,Explosions/Remote violence,13
Ukraine,Explosions/Remote violence,9
Ukraine,Explosions/Remote violence,5
Ukraine,Explosions/Remote violence,9
Ukraine,Explosions/Remote violence,6
Ukraine,Explosions/Remote violence,11
Ukraine,Explosions/Remote violence,15
Ukraine,Explosions/Remote violence,29
Ukraine,Explosions/Remote violence,26
Ukraine,Explosions/Remote violence,25
Ukraine,Explosions/Remote violence,32
Ukraine,Explosions/Remote violence,26
Ukraine,Explosions/Remote violence,18
Ukraine,Explosions/Remote violence,25
Ukraine,Explosions/Remote violence,20
Ukraine,Explosions/Remote violence,24
Ukraine,Explosions/Remote violence,41
Ukraine,Explosions/Remote violence,37
Ukraine,Explosions/Remote violence,43
Ukraine,Explosions/Remote violence,34
Ukraine,Explosions/Remote violence,41
Ukraine,Explosions/Remote violence,47
Ukraine,Explosions/Remote violence,38
Ukraine,Explosions/Remote violence,37
Ukraine,Explosions/Remote violence,40
Ukraine,Explosions/Remote violence,41
Ukraine,Explosions/Remote violence,48
Ukraine,Explosions/Remote violence,40
Ukraine,Explosions/Remote violence,77
Ukraine,Explosions/Remote violence,54
Ukraine,Explosions/Remote violence,60
Ukraine,Explosions/Remote violence,66
Ukraine,Explosions/Remote violence,42
Ukraine,Explosions/Remote violence,69
Ukraine,Explosions/Remote violence,78
Ukraine,Explosions/Remote violence,65
Ukraine,Explosions/Remote violence,93
Ukraine,Explosions/Remote violence,111
Ukraine,Explosions/Remote violence,116
Ukraine,Explosions/Remote violence,99
Ukraine,Explosions/Remote violence,107
Ukraine,Explosions/Remote violence,104
Ukraine,Explosions/Remote violence,29
Ukraine,Explosions/Remote violence,52
Ukraine,Explosions/Remote violence,63
Ukraine,Explosions/Remote violence,85
Ukraine,Explosions/Remote violence,71
Ukraine,Explosions/Remote violence,57
Ukraine,Explosions/Remote violence,89
Ukraine,Explosions/Remote violence,61
Ukraine,Explosions/Remote violence,81
Ukraine,Explosions/Remote violence,59
Ukraine,Explosions/Remote violence,62
Ukraine,Explosions/Remote violence,58
Ukraine,Explosions/Remote violence,57
Ukraine,Explosions/Remote violence,70
Ukraine,Explosions/Remote violence,60
Ukraine,Explosions/Remote violence,90
Ukraine,Explosions/Remote violence,62
Ukraine,Explosions/Remote violence,65
Ukraine,Explosions/Remote violence,42
Ukraine,Explosions/Remote violence,68
Ukraine,Explosions/Remote violence,72
Ukraine,Explosions/Remote violence,103
Ukraine,Explosions/Remote violence,75
Ukraine,Explosions/Remote violence,100
Ukraine,Explosions/Remote violence,125
Ukraine,Explosions/Remote violence,108
Ukraine,Explosions/Remote violence,86
Ukraine,Explosions/Remote violence,72
Ukraine,Explosions/Remote violence,50
Ukraine,Explosions/Remote violence,47
Ukraine,Explosions/Remote violence,33
Ukraine,Explosions/Remote violence,20
Ukraine,Explosions/Remote violence,59
Ukraine,Explosions/Remote violence,40
Ukraine,Explosions/Remote violence,41
Ukraine,Explosions/Remote violence,38
Ukraine,Explosions/Remote violence,46
Ukraine,Explosions/Remote violence,124
Ukraine,Explosions/Remote violence,294
Ukraine,Explosions/Remote violence,109
Ukraine,Explosions/Remote violence,82
Ukraine,Explosions/Remote violence,72
Ukraine,Explosions/Remote violence,85
Ukraine,Explosions/Remote violence,124
Ukraine,Explosions/Remote violence,116
Ukraine,Explosions/Remote violence,138
Ukraine,Explosions/Remote violence,141
Ukraine,Explosions/Remote violence,159
Ukraine,Explosions/Remote violence,152
Ukraine,Explosions/Remote violence,176
Ukraine,Explosions/Remote violence,212
Ukraine,Explosions/Remote violence,179
Ukraine,Explosions/Remote violence,186
Ukraine,Explosions/Remote violence,240
Ukraine,Explosions/Remote violence,210
Ukraine,Explosions/Remote violence,294
Ukraine,Explosions/Remote violence,263
Ukraine,Explosions/Remote violence,253
Ukraine,Explosions/Remote violence,308
Ukraine,Explosions/Remote violence,326
Ukraine,Explosions/Remote violence,398
Ukraine,Explosions/Remote violence,339
Ukraine,Explosions/Remote violence,337
Ukraine,Explosions/Remote violence,345
Ukraine,Explosions/Remote violence,333
Ukraine,Explosions/Remote violence,334
Ukraine,Explosions/Remote violence,315
Ukraine,Explosions/Remote violence,323
Ukraine,Explosions/Remote violence,352
Ukraine,Explosions/Remote violence,318
Ukraine,Explosions/Remote violence,250
Ukraine,Explosions/Remote violence,257
Ukraine,Explosions/Remote violence,204
Ukraine,Explosions/Remote violence,229
Ukraine,Explosions/Remote violence,243
Ukraine,Explosions/Remote violence,212
Ukraine,Explosions/Remote violence,231
Ukraine,Explosions/Remote violence,215
Ukraine,Explosions/Remote violence,234
Ukraine,Explosions/Remote violence,244
Ukraine,Explosions/Remote violence,243
Ukraine,Explosions/Remote violence,236
Ukraine,Explosions/Remote violence,219
Ukraine,Explosions/Remote violence,240
Ukraine,Explosions/Remote violence,245
Ukraine,Explosions/Remote violence,262
Ukraine,Explosions/Remote violence,287
Ukraine,Explosions/Remote violence,262
Ukraine,Explosions/Remote violence,295
Ukraine,Explosions/Remote violence,282
Ukraine,Explosions/Remote violence,292
Ukraine,Explosions/Remote violence,251
Ukraine,Explosions/Remote violence,267
Ukraine,Explosions/Remote violence,274
Ukraine,Explosions/Remote violence,257
Ukraine,Explosions/Remote violence,259
Ukraine,Explosions/Remote violence,277
Ukraine,Explosions/Remote violence,325
Ukraine,Explosions/Remote violence,281
Ukraine,Explosions/Remote violence,321
Ukraine,Explosions/Remote violence,384
Ukraine,Explosions/Remote violence,355
Ukraine,Explosions/Remote violence,315
Ukraine,Explosions/Remote violence,288
Ukraine,Explosions/Remote violence,304
Ukraine,Explosions/Remote violence,360
Ukraine,Explosions/Remote violence,411
Ukraine,Explosions/Remote violence,243
Ukraine,Explosions/Remote violence,239
Ukraine,Explosions/Remote violence,292
Ukraine,Explosions/Remote violence,296
Ukraine,Explosions/Remote violence,290
Ukraine,Explosions/Remote violence,282
Ukraine,Explosions/Remote violence,308
Ukraine,Explosions/Remote violence,328
Ukraine,Explosions/Remote violence,394
Ukraine,Explosions/Remote violence,367
Ukraine,Explosions/Remote violence,370
Ukraine,Explosions/Remote violence,337
Ukraine,Explosions/Remote violence,270
Ukraine,Explosions/Remote violence,245
Ukraine,Explosions/Remote violence,213
Ukraine,Explosions/Remote violence,265
Ukraine,Explosions/Remote violence,220
Ukraine,Explosions/Remote violence,269
Ukraine,Explosions/Remote violence,213
Ukraine,Explosions/Remote violence,213
Ukraine,Explosions/Remote violence,188
Ukraine,Explosions/Remote violence,239
Ukraine,Explosions/Remote violence,220
Ukraine,Explosions/Remote violence,212
Ukraine,Explosions/Remote violence,185
Ukraine,Explosions/Remote violence,174
Ukraine,Explosions/Remote violence,170
Ukraine,Explosions/Remote violence,240
Ukraine,Explosions/Remote violence,187
Ukraine,Explosions/Remote violence,166
Ukraine,Explosions/Remote violence,154
Ukraine,Explosions/Remote violence,144
Ukraine,Explosions/Remote violence,149
Ukraine,Explosions/Remote violence,139
Ukraine,Explosions/Remote violence,152
Ukraine,Explosions/Remote violence,187
Ukraine,Explosions/Remote violence,146
Ukraine,Explosions/Remote violence,119
Ukraine,Explosions/Remote violence,116
Ukraine,Explosions/Remote violence,124
Ukraine,Explosions/Remote violence,96
Ukraine,Explosions/Remote violence,96
Ukraine,Explosions/Remote violence,90
Ukraine,Explosions/Remote violence,83
Ukraine,Explosions/Remote violence,82
Ukraine,Explosions/Remote violence,64
Ukraine,Explosions/Remote violence,98
Ukraine,Explosions/Remote violence,66
Ukraine,Explosions/Remote violence,59
Ukraine,Explosions/Remote violence,59
Ukraine,Explosions/Remote violence,69
Ukraine,Explosions/Remote violence,84
Ukraine,Explosions/Remote violence,56
Ukraine,Explosions/Remote violence,73
Ukraine,Explosions/Remote violence,86
Ukraine,Explosions/Remote violence,78
Ukraine,Explosions/Remote violence,63
Ukraine,Explosions/Remote violence,77
Ukraine,Explosions/Remote violence,50
Ukraine,Explosions/Remote violence,46
Ukraine,Explosions/Remote violence,48
Ukraine,Explosions/Remote violence,56
Ukraine,Explosions/Remote violence,59
Ukraine,Explosions/Remote violence,60
Ukraine,Explosions/Remote violence,71
Ukraine,Explosions/Remote violence,64
Ukraine,Explosions/Remote violence,79
Ukraine,Explosions/Remote violence,59
Ukraine,Explosions/Remote violence,62
Ukraine,Explosions/Remote violence,46
Ukraine,Explosions/Remote violence,32
Ukraine,Explosions/Remote violence,60
Ukraine,Explosions/Remote violence,44
Ukraine,Explosions/Remote violence,56
Ukraine,Explosions/Remote violence,48
Ukraine,Explosions/Remote violence,35
Ukraine,Explosions/Remote violence,37
Ukraine,Explosions/Remote violence,47
Ukraine,Explosions/Remote violence,40
Ukraine,Explosions/Remote violence,39
Ukraine,Explosions/Remote violence,51
Ukraine,Explosions/Remote violence,56
Ukraine,Explosions/Remote violence,69
Ukraine,Explosions/Remote violence,55
Ukraine,Explosions/Remote violence,53
Ukraine,Explosions/Remote violence,62
Ukraine,Explosions/Remote violence,65
Ukraine,Explosions/Remote violence,53
Ukraine,Explosions/Remote violence,60
Ukraine,Explosions/Remote violence,79
Ukraine,Explosions/Remote violence,81
Ukraine,Explosions/Remote violence,50
Ukraine,Explosions/Remote violence,58
Ukraine,Explosions/Remote violence,59
Ukraine,Explosions/Remote violence,56
Ukraine,Explosions/Remote violence,84
Ukraine,Explosions/Remote violence,60
Ukraine,Explosions/Remote violence,64
Ukraine,Explosions/Remote violence,62
Ukraine,Explosions/Remote violence,55
Ukraine,Explosions/Remote violence,80
Ukraine,Explosions/Remote violence,69
Ukraine,Explosions/Remote violence,66
Ukraine,Explosions/Remote violence,96
Ukraine,Explosions/Remote violence,39
Ukraine,Explosions/Remote violence,57
Ukraine,Explosions/Remote violence,77
Ukraine,Explosions/Remote violence,80
Ukraine,Explosions/Remote violence,78
Ukraine,Explosions/Remote violence,47
Ukraine,Explosions/Remote violence,74
Ukraine,Explosions/Remote violence,58
Ukraine,Explosions/Remote violence,56
Ukraine,Explosions/Remote violence,76
Ukraine,Explosions/Remote violence,51
Ukraine,Explosions/Remote violence,79
Ukraine,Explosions/Remote violence,43
Ukraine,Explosions/Remote violence,83
Ukraine,Explosions/Remote violence,77
Ukraine,Explosions/Remote violence,70
Ukraine,Explosions/Remote violence,87
Ukraine,Explosions/Remote violence,68
Ukraine,Riots,1
Ukraine,Riots,1
Ukraine,Riots,1
Ukraine,Riots,1
Ukraine,Violence against civilians,1
Ukraine,Violence against civilians,1
Ukraine,Violence against civilians,1
Ukraine,Violence against civilians,1
Ukraine,Violence against civilians,4
Ukraine,Violence against civilians,4
Ukraine,Violence against civilians,1
Ukraine,Violence against civilians,2
Ukraine,Violence against civilians,1
Ukraine,Violence against civilians,2
Ukraine,Violence against civilians,3
Ukraine,Violence against civilians,3
Ukraine,Violence against civilians,2
Ukraine,Violence against civilians,1
Ukraine,Violence against civilians,1
Ukraine,Violence against civilians,1
Ukraine,Violence against civilians,1
Ukraine,Violence against civilians,1
Ukraine,Violence against civilians,1
Ukraine,Violence against civilians,1
Ukraine,Violence against civilians,2
Ukraine,Violence against civilians,1
Ukraine,Violence against civilians,1
Ukraine,Violence against civilians,1
Ukraine,Violence against civilians,1
Ukraine,Violence against civilians,1
Ukraine,Violence against civilians,1
Ukraine,Violence against civilians,1
Ukraine,Violence against civilians,1
Ukraine,Violence against civilians,1
Ukraine,Violence against civilians,2
Ukraine,Violence against civilians,2
Ukraine,Violence against civilians,1
Ukraine,Violence against civilians,1
Ukraine,Violence against civilians,1
Ukraine,Violence against civilians,1
Ukraine,Violence against civilians,1
Ukraine,Violence against civilians,1
Ukraine,Violence against civilians,1
Ukraine,Violence against civilians,1
Ukraine,Violence against civilians,1
Ukraine,Violence against civilians,1
Ukraine,Violence against civilians,1
Ukraine,Violence against civilians,1
Ukraine,Violence against civilians,1
Ukraine,Violence against civilians,1
Ukraine,Violence against civilians,1
Ukraine,Violence against civilians,1
Ukraine,Violence against civilians,1
Ukraine,Violence against civilians,1
Ukraine,Violence against civilians,1
Ukraine,Violence against civilians,1
Ukraine,Violence against civilians,1
Ukraine,Violence against civilians,1
Ukraine,Violence against civilians,1
Ukraine,Violence against civilians,4
Ukraine,Violence against civilians,4
Ukraine,Violence against civilians,1
Ukraine,Violence against civilians,3
Ukraine,Violence against civilians,1
Ukraine,Violence against civilians,1
Ukraine,Violence against civilians,1
Ukraine,Violence against civilians,1
Ukraine,Violence against civilians,1
Ukraine,Violence against civilians,1
Ukraine,Violence against civilians,2
Ukraine,Violence against civilians,1
Ukraine,Violence against civilians,1
Ukraine,Violence against civilians,1
Ukraine,Violence against civilians,1
Ukraine,Violence against civilians,1
Ukraine,Violence against civilians,1
Ukraine,Violence against civilians,1
Ukraine,Violence against civilians,1
Ukraine,Violence against civilians,1
Ukraine,Violence against civilians,1
Ukraine,Violence against civilians,2
Ukraine,Violence against civilians,1
Ukraine,Violence against civilians,1
Ukraine,Violence against civilians,1
Ukraine,Violence against civilians,1
Ukraine,Violence against civilians,1
Ukraine,Violence against civilians,3
Ukraine,Violence against civilians,1
Ukraine,Violence against civilians,2
Ukraine,Violence against civilians,2
Ukraine,Violence against civilians,1
Ukraine,Violence against civilians,2
Ukraine,Violence against civilians,1
Ukraine,Violence against civilians,1
Ukraine,Violence against civilians,2
Ukraine,Violence against civilians,1
Ukraine,Violence against civilians,1
Ukraine,Violence against civilians,3
Ukraine,Violence against civilians,1
Ukraine,Violence against civilians,1
Ukraine,Violence against civilians,1
Ukraine,Violence against civilians,1
Ukraine,Violence against civilians,1
Ukraine,Violence against civilians,1
Ukraine,Violence against civilians,1
Ukraine,Violence against civilians,1
Ukraine,Violence against civilians,1
Ukraine,Violence against civilians,1
Ukraine,Violence against civilians,1
Ukraine,Violence against civilians,1
Ukraine,Violence against civilians,1
Ukraine,Violence against civilians,1
Ukraine,Violence against civilians,1
Ukraine,Violence against civilians,2
Ukraine,Violence against civilians,2
Ukraine,Violence against civilians,1
Ukraine,Explosions/Remote violence,1
Ukraine,Explosions/Remote violence,1
Ukraine,Explosions/Remote violence,1
Ukraine,Explosions/Remote violence,1
Ukraine,Explosions/Remote violence,1
Ukraine,Explosions/Remote violence,2
Ukraine,Explosions/Remote violence,1
Ukraine,Explosions/Remote violence,1
Ukraine,Explosions/Remote violence,1
Ukraine,Explosions/Remote violence,1
Ukraine,Explosions/Remote violence,1
Ukraine,Explosions/Remote violence,1
Ukraine,Explosions/Remote violence,2
Ukraine,Explosions/Remote violence,1
Ukraine,Explosions/Remote violence,2
Ukraine,Explosions/Remote violence,1
Ukraine,Explosions/Remote violence,2
Ukraine,Explosions/Remote violence,1
Ukraine,Explosions/Remote violence,1
Ukraine,Explosions/Remote violence,1
Ukraine,Explosions/Remote violence,1
Ukraine,Explosions/Remote violence,1
Ukraine,Explosions/Remote violence,2
Ukraine,Explosions/Remote violence,1
Ukraine,Explosions/Remote violence,1
Ukraine,Explosions/Remote violence,2
Ukraine,Explosions/Remote violence,1
Ukraine,Explosions/Remote violence,3
Ukraine,Explosions/Remote violence,1
Ukraine,Explosions/Remote violence,1
Ukraine,Explosions/Remote violence,2
Ukraine,Explosions/Remote violence,1
Ukraine,Explosions/Remote violence,1
Ukraine,Explosions/Remote violence,1
Ukraine,Explosions/Remote violence,1
Ukraine,Explosions/Remote violence,1
Ukraine,Explosions/Remote violence,1
Ukraine,Explosions/Remote violence,1
Ukraine,Explosions/Remote violence,2
Ukraine,Explosions/Remote violence,1
Ukraine,Explosions/Remote violence,1
Ukraine,Explosions/Remote violence,2
Ukraine,Explosions/Remote violence,1
Ukraine,Explosions/Remote violence,1
Ukraine,Explosions/Remote violence,1
Ukraine,Explosions/Remote violence,1
Ukraine,Riots,1
Ukraine,Riots,1
Ukraine,Riots,1
Ukraine,Riots,1
Ukraine,Riots,1
Ukraine,Riots,1
Ukraine,Violence against civilians,1
Ukraine,Violence against civilians,1
Ukraine,Violence against civilians,1
Ukraine,Violence against civilians,1
Ukraine,Explosions/Remote violence,1
Ukraine,Explosions/Remote violence,22
Ukraine,Explosions/Remote violence,8
Ukraine,Explosions/Remote violence,3
Ukraine,Explosions/Remote violence,5
Ukraine,Explosions/Remote violence,8
Ukraine,Explosions/Remote violence,4
Ukraine,Explosions/Remote violence,8
Ukraine,Explosions/Remote violence,10
Ukraine,Explosions/Remote violence,9
Ukraine,Explosions/Remote violence,7
Ukraine,Explosions/Remote violence,6
Ukraine,Explosions/Remote violence,4
Ukraine,Explosions/Remote violence,14
Ukraine,Explosions/Remote violence,15
Ukraine,Explosions/Remote violence,1
Ukraine,Explosions/Remote violence,16
Ukraine,Explosions/Remote violence,6
Ukraine,Explosions/Remote violence,19
Ukraine,Explosions/Remote violence,25
Ukraine,Explosions/Remote violence,15
Ukraine,Explosions/Remote violence,20
Ukraine,Explosions/Remote violence,12
Ukraine,Explosions/Remote violence,9
Ukraine,Explosions/Remote violence,16
Ukraine,Explosions/Remote violence,24
Ukraine,Explosions/Remote violence,33
Ukraine,Explosions/Remote violence,16
Ukraine,Explosions/Remote violence,19
Ukraine,Explosions/Remote violence,8
Ukraine,Explosions/Remote violence,13
Ukraine,Explosions/Remote violence,7
Ukraine,Explosions/Remote violence,2
Ukraine,Explosions/Remote violence,7
Ukraine,Explosions/Remote violence,7
Ukraine,Explosions/Remote violence,2
Ukraine,Explosions/Remote violence,2
Ukraine,Explosions/Remote violence,8
Ukraine,Explosions/Remote violence,6
Ukraine,Explosions/Remote violence,3
Ukraine,Explosions/Remote violence,7
Ukraine,Explosions/Remote violence,9
Ukraine,Explosions/Remote violence,4
Ukraine,Explosions/Remote violence,2
Ukraine,Explosions/Remote violence,3
Ukraine,Explosions/Remote violence,4
Ukraine,Explosions/Remote violence,3
Ukraine,Explosions/Remote violence,4
Ukraine,Explosions/Remote violence,11
Ukraine,Explosions/Remote violence,11
Ukraine,Explosions/Remote violence,7
Ukraine,Explosions/Remote violence,7
Ukraine,Explosions/Remote violence,3
Ukraine,Explosions/Remote violence,2
Ukraine,Explosions/Remote violence,7
Ukraine,Explosions/Remote violence,7
Ukraine,Explosions/Remote violence,7
Ukraine,Explosions/Remote violence,9
Ukraine,Explosions/Remote violence,9
Ukraine,Explosions/Remote violence,15
Ukraine,Explosions/Remote violence,14
Ukraine,Explosions/Remote violence,16
Ukraine,Explosions/Remote violence,23
Ukraine,Explosions/Remote violence,23
Ukraine,Explosions/Remote violence,28
Ukraine,Explosions/Remote violence,22
Ukraine,Explosions/Remote violence,27
Ukraine,Explosions/Remote violence,21
Ukraine,Explosions/Remote violence,14
Ukraine,Explosions/Remote violence,17
Ukraine,Explosions/Remote violence,31
Ukraine,Explosions/Remote violence,20
Ukraine,Explosions/Remote violence,27
Ukraine,Explosions/Remote violence,18
Ukraine,Explosions/Remote violence,18
Ukraine,Explosions/Remote violence,23
Ukraine,Explosions/Remote violence,15
Ukraine,Explosions/Remote violence,18
Ukraine,Explosions/Remote violence,22
Ukraine,Explosions/Remote violence,28
Ukraine,Explosions/Remote violence,25
Ukraine,Explosions/Remote violence,34
Ukraine,Explosions/Remote violence,23
Ukraine,Explosions/Remote violence,18
Ukraine,Explosions/Remote violence,16
Ukraine,Explosions/Remote violence,5
Ukraine,Explosions/Remote violence,27
Ukraine,Explosions/Remote violence,2
Ukraine,Explosions/Remote violence,14
Ukraine,Explosions/Remote violence,14
Ukraine,Explosions/Remote violence,11
Ukraine,Explosions/Remote violence,21
Ukraine,Explosions/Remote violence,5
Ukraine,Explosions/Remote violence,7
Ukraine,Explosions/Remote violence,13
Ukraine,Explosions/Remote violence,22
Ukraine,Explosions/Remote violence,28
Ukraine,Explosions/Remote violence,29
Ukraine,Explosions/Remote violence,22
Ukraine,Explosions/Remote violence,21
Ukraine,Explosions/Remote violence,40
Ukraine,Explosions/Remote violence,17
Ukraine,Explosions/Remote violence,30
Ukraine,Explosions/Remote violence,25
Ukraine,Explosions/Remote violence,29
Ukraine,Explosions/Remote violence,27
Ukraine,Explosions/Remote violence,20
Ukraine,Explosions/Remote violence,36
Ukraine,Explosions/Remote violence,43
Ukraine,Explosions/Remote violence,47
Ukraine,Explosions/Remote violence,31
Ukraine,Explosions/Remote violence,38
Ukraine,Explosions/Remote violence,38
Ukraine,Explosions/Remote violence,34
Ukraine,Explosions/Remote violence,46
Ukraine,Explosions/Remote violence,23
Ukraine,Explosions/Remote violence,38
Ukraine,Explosions/Remote violence,47
Ukraine,Explosions/Remote violence,36
Ukraine,Explosions/Remote violence,32
Ukraine,Explosions/Remote violence,43
Ukraine,Explosions/Remote violence,57
Ukraine,Explosions/Remote violence,33
Ukraine,Explosions/Remote violence,47
Ukraine,Explosions/Remote violence,56
Ukraine,Explosions/Remote violence,56
Ukraine,Explosions/Remote violence,21
Ukraine,Explosions/Remote violence,28
Ukraine,Explosions/Remote violence,32
Ukraine,Explosions/Remote violence,38
Ukraine,Explosions/Remote violence,27
Ukraine,Explosions/Remote violence,41
Ukraine,Explosions/Remote violence,55
Ukraine,Explosions/Remote violence,47
Ukraine,Explosions/Remote violence,66
Ukraine,Explosions/Remote violence,52
Ukraine,Explosions/Remote violence,41
Ukraine,Explosions/Remote violence,46
Ukraine,Explosions/Remote violence,48
Ukraine,Explosions/Remote violence,59
Ukraine,Explosions/Remote violence,53
Ukraine,Explosions/Remote violence,31
Ukraine,Explosions/Remote violence,39
Ukraine,Explosions/Remote violence,27
Ukraine,Explosions/Remote violence,25
Ukraine,Explosions/Remote violence,28
Ukraine,Explosions/Remote violence,15
Ukraine,Explosions/Remote violence,30
Ukraine,Explosions/Remote violence,37
Ukraine,Explosions/Remote violence,34
Ukraine,Explosions/Remote violence,41
Ukraine,Explosions/Remote violence,19
Ukraine,Explosions/Remote violence,36
Ukraine,Explosions/Remote violence,50
Ukraine,Explosions/Remote violence,33
Ukraine,Explosions/Remote violence,57
Ukraine,Explosions/Remote violence,41
Ukraine,Explosions/Remote violence,48
Ukraine,Explosions/Remote violence,36
Ukraine,Explosions/Remote violence,46
Ukraine,Explosions/Remote violence,45
Ukraine,Explosions/Remote violence,61
Ukraine,Explosions/Remote violence,48
Ukraine,Explosions/Remote violence,43
Ukraine,Explosions/Remote violence,43
Ukraine,Explosions/Remote violence,39
Ukraine,Explosions/Remote violence,37
Ukraine,Explosions/Remote violence,36
Ukraine,Explosions/Remote violence,43
Ukraine,Explosions/Remote violence,37
Ukraine,Explosions/Remote violence,41
Ukraine,Explosions/Remote violence,21
Ukraine,Explosions/Remote violence,33
Ukraine,Explosions/Remote violence,39
Ukraine,Explosions/Remote violence,42
Ukraine,Explosions/Remote violence,45
Ukraine,Explosions/Remote violence,23
Ukraine,Explosions/Remote violence,17
Ukraine,Explosions/Remote violence,28
Ukraine,Explosions/Remote violence,24
Ukraine,Explosions/Remote violence,29
Ukraine,Explosions/Remote violence,19
Ukraine,Explosions/Remote violence,23
Ukraine,Explosions/Remote violence,41
Ukraine,Explosions/Remote violence,30
Ukraine,Explosions/Remote violence,33
Ukraine,Explosions/Remote violence,20
Ukraine,Explosions/Remote violence,26
Ukraine,Explosions/Remote violence,36
Ukraine,Explosions/Remote violence,1
Ukraine,Explosions/Remote violence,1
Ukraine,Explosions/Remote violence,1
Ukraine,Explosions/Remote violence,1
Ukraine,Explosions/Remote violence,1
Ukraine,Explosions/Remote violence,1
Ukraine,Explosions/Remote violence,1
Ukraine,Explosions/Remote violence,1
Ukraine,Explosions/Remote violence,1
Ukraine,Explosions/Remote violence,1
Ukraine,Explosions/Remote violence,1
Ukraine,Explosions/Remote violence,1
Ukraine,Explosions/Remote violence,1
Ukraine,Explosions/Remote violence,1
Ukraine,Explosions/Remote violence,1
Ukraine,Explosions/Remote violence,1
Ukraine,Explosions/Remote violence,2
Ukraine,Explosions/Remote violence,1
Ukraine,Explosions/Remote violence,2
Ukraine,Explosions/Remote violence,3
Ukraine,Explosions/Remote violence,4
Ukraine,Explosions/Remote violence,1
Ukraine,Explosions/Remote violence,1
Ukraine,Explosions/Remote violence,2
Ukraine,Explosions/Remote violence,1
Ukraine,Explosions/Remote violence,3
Ukraine,Explosions/Remote violence,4
Ukraine,Explosions/Remote violence,2
Ukraine,Explosions/Remote violence,1
Ukraine,Explosions/Remote violence,2
Ukraine,Explosions/Remote violence,3
Ukraine,Explosions/Remote violence,2
Ukraine,Explosions/Remote violence,1
Ukraine,Explosions/Remote violence,1
Ukraine,Explosions/Remote violence,1
Ukraine,Explosions/Remote violence,4
Ukraine,Explosions/Remote violence,4
Ukraine,Explosions/Remote violence,1
Ukraine,Explosions/Remote violence,2
Ukraine,Explosions/Remote violence,8
Ukraine,Explosions/Remote violence,10
Ukraine,Explosions/Remote violence,7
Ukraine,Explosions/Remote violence,7
Ukraine,Explosions/Remote violence,3
Ukraine,Explosions/Remote violence,2
Ukraine,Explosions/Remote violence,5
Ukraine,Explosions/Remote violence,8
Ukraine,Explosions/Remote violence,6
Ukraine,Explosions/Remote violence,8
Ukraine,Explosions/Remote violence,2
Ukraine,Explosions/Remote violence,7
Ukraine,Explosions/Remote violence,4
Ukraine,Explosions/Remote violence,2
Ukraine,Explosions/Remote violence,7
Ukraine,Explosions/Remote violence,4
Ukraine,Explosions/Remote violence,2
Ukraine,Explosions/Remote violence,3
Ukraine,Explosions/Remote violence,1
Ukraine,Explosions/Remote violence,2
Ukraine,Explosions/Remote violence,1
Ukraine,Explosions/Remote violence,2
Ukraine,Explosions/Remote violence,4
Ukraine,Explosions/Remote violence,3
Ukraine,Explosions/Remote violence,4
Ukraine,Explosions/Remote violence,4
Ukraine,Explosions/Remote violence,5
Ukraine,Explosions/Remote violence,5
Ukraine,Explosions/Remote violence,10
Ukraine,Explosions/Remote violence,1
Ukraine,Explosions/Remote violence,1
Ukraine,Explosions/Remote violence,5
Ukraine,Explosions/Remote violence,2
Ukraine,Explosions/Remote violence,1
Ukraine,Explosions/Remote violence,4
Ukraine,Explosions/Remote violence,5
Ukraine,Explosions/Remote violence,3
Ukraine,Explosions/Remote violence,2
Ukraine,Explosions/Remote violence,6
Ukraine,Explosions/Remote violence,3
Ukraine,Explosions/Remote violence,7
Ukraine,Explosions/Remote violence,1
Ukraine,Explosions/Remote violence,3
Ukraine,Explosions/Remote violence,2
Ukraine,Explosions/Remote violence,1
Ukraine,Explosions/Remote violence,1
Ukraine,Explosions/Remote violence,2
Ukraine,Explosions/Remote violence,7
Ukraine,Explosions/Remote violence,5
Ukraine,Explosions/Remote violence,2
Ukraine,Explosions/Remote violence,3
Ukraine,Explosions/Remote violence,6
Ukraine,Explosions/Remote violence,6
Ukraine,Explosions/Remote violence,4
Ukraine,Explosions/Remote violence,1
Ukraine,Explosions/Remote violence,3
Ukraine,Explosions/Remote violence,3
Ukraine,Explosions/Remote violence,2
Ukraine,Explosions/Remote violence,1
Ukraine,Explosions/Remote violence,1
Ukraine,Explosions/Remote violence,2
Ukraine,Explosions/Remote violence,1
Ukraine,Explosions/Remote violence,2
Ukraine,Explosions/Remote violence,1
Ukraine,Explosions/Remote violence,1
Ukraine,Explosions/Remote violence,4
Ukraine,Explosions/Remote violence,1
Ukraine,Explosions/Remote violence,3
Ukraine,Explosions/Remote violence,1
Ukraine,Explosions/Remote violence,4
Ukraine,Explosions/Remote violence,1
Ukraine,Explosions/Remote violence,1
Ukraine,Explosions/Remote violence,1
Ukraine,Explosions/Remote violence,1
Ukraine,Explosions/Remote violence,1
Ukraine,Explosions/Remote violence,2
Ukraine,Explosions/Remote violence,1
Ukraine,Explosions/Remote violence,3
Ukraine,Explosions/Remote violence,2
Ukraine,Explosions/Remote violence,1
Ukraine,Explosions/Remote violence,1
Ukraine,Explosions/Remote violence,1
Ukraine,Explosions/Remote violence,3
Ukraine,Explosions/Remote violence,1
Ukraine,Explosions/Remote violence,1
Ukraine,Explosions/Remote violence,3
Ukraine,Explosions/Remote violence,1
Ukraine,Explosions/Remote violence,1
Ukraine,Explosions/Remote violence,1
Ukraine,Explosions/Remote violence,2
Ukraine,Explosions/Remote violence,1
Ukraine,Explosions/Remote violence,1
Ukraine,Explosions/Remote violence,1
Ukraine,Explosions/Remote violence,3
Ukraine,Explosions/Remote violence,2
Ukraine,Explosions/Remote violence,2
Ukraine,Explosions/Remote violence,4
Ukraine,Explosions/Remote violence,3
Ukraine,Explosions/Remote violence,1
Ukraine,Explosions/Remote violence,1
Ukraine,Explosions/Remote violence,3
Ukraine,Explosions/Remote violence,1
Ukraine,Explosions/Remote violence,2
Ukraine,Explosions/Remote violence,1
Ukraine,Explosions/Remote violence,1
Ukraine,Explosions/Remote violence,1
Ukraine,Explosions/Remote violence,1
Ukraine,Explosions/Remote violence,1
Ukraine,Explosions/Remote violence,2
Ukraine,Explosions/Remote violence,1
Ukraine,Explosions/Remote violence,4
Ukraine,Explosions/Remote violence,1
Ukraine,Explosions/Remote violence,4
Ukraine,Explosions/Remote violence,20
Ukraine,Explosions/Remote violence,26
Ukraine,Explosions/Remote violence,30
Ukraine,Explosions/Remote violence,29
Ukraine,Explosions/Remote violence,29
Ukraine,Explosions/Remote violence,37
Ukraine,Explosions/Remote violence,40
Ukraine,Explosions/Remote violence,35
Ukraine,Explosions/Remote violence,65
Ukraine,Explosions/Remote violence,70
Ukraine,Explosions/Remote violence,71
Ukraine,Explosions/Remote violence,97
Ukraine,Explosions/Remote violence,84
Ukraine,Explosions/Remote violence,142
Ukraine,Explosions/Remote violence,145
Ukraine,Explosions/Remote violence,120
Ukraine,Explosions/Remote violence,166
Ukraine,Explosions/Remote violence,147
Ukraine,Explosions/Remote violence,165
Ukraine,Explosions/Remote violence,162
Ukraine,Explosions/Remote violence,169
Ukraine,Explosions/Remote violence,200
Ukraine,Explosions/Remote violence,227
Ukraine,Explosions/Remote violence,174
Ukraine,Explosions/Remote violence,198
Ukraine,Explosions/Remote violence,172
Ukraine,Explosions/Remote violence,193
Ukraine,Explosions/Remote violence,175
Ukraine,Explosions/Remote violence,113
Ukraine,Explosions/Remote violence,96
Ukraine,Explosions/Remote violence,94
Ukraine,Explosions/Remote violence,93
Ukraine,Explosions/Remote violence,101
Ukraine,Explosions/Remote violence,123
Ukraine,Explosions/Remote violence,106
Ukraine,Explosions/Remote violence,138
Ukraine,Explosions/Remote violence,108
Ukraine,Explosions/Remote violence,140
Ukraine,Explosions/Remote violence,119
Ukraine,Explosions/Remote violence,147
Ukraine,Explosions/Remote violence,162
Ukraine,Explosions/Remote violence,121
Ukraine,Explosions/Remote violence,134
Ukraine,Explosions/Remote violence,143
Ukraine,Explosions/Remote violence,141
Ukraine,Explosions/Remote violence,119
Ukraine,Explosions/Remote violence,172
Ukraine,Explosions/Remote violence,151
Ukraine,Explosions/Remote violence,145
Ukraine,Explosions/Remote violence,149
Ukraine,Explosions/Remote violence,111
Ukraine,Explosions/Remote violence,139
Ukraine,Explosions/Remote violence,126
Ukraine,Explosions/Remote violence,111
Ukraine,Explosions/Remote violence,109
Ukraine,Explosions/Remote violence,120
Ukraine,Explosions/Remote violence,132
Ukraine,Explosions/Remote violence,130
Ukraine,Explosions/Remote violence,143
Ukraine,Explosions/Remote violence,101
Ukraine,Explosions/Remote violence,120
Ukraine,Explosions/Remote violence,137
Ukraine,Explosions/Remote violence,169
Ukraine,Explosions/Remote violence,135
Ukraine,Explosions/Remote violence,172
Ukraine,Explosions/Remote violence,156
Ukraine,Explosions/Remote violence,174
Ukraine,Explosions/Remote violence,127
Ukraine,Explosions/Remote violence,155
Ukraine,Explosions/Remote violence,111
Ukraine,Explosions/Remote violence,88
Ukraine,Explosions/Remote violence,75
Ukraine,Explosions/Remote violence,102
Ukraine,Explosions/Remote violence,108
Ukraine,Explosions/Remote violence,124
Ukraine,Explosions/Remote violence,124
Ukraine,Explosions/Remote violence,92
Ukraine,Explosions/Remote violence,91
Ukraine,Explosions/Remote violence,116
Ukraine,Explosions/Remote violence,106
Ukraine,Explosions/Remote violence,52
Ukraine,Explosions/Remote violence,84
Ukraine,Explosions/Remote violence,64
Ukraine,Explosions/Remote violence,58
Ukraine,Explosions/Remote violence,57
Ukraine,Explosions/Remote violence,72
Ukraine,Explosions/Remote violence,50
Ukraine,Explosions/Remote violence,57
Ukraine,Explosions/Remote violence,43
Ukraine,Explosions/Remote violence,50
Ukraine,Explosions/Remote violence,58
Ukraine,Explosions/Remote violence,56
Ukraine,Explosions/Remote violence,56
Ukraine,Explosions/Remote violence,49
Ukraine,Explosions/Remote violence,54
Ukraine,Explosions/Remote violence,57
Ukraine,Explosions/Remote violence,56
Ukraine,Explosions/Remote violence,58
Ukraine,Explosions/Remote violence,55
Ukraine,Explosions/Remote violence,58
Ukraine,Explosions/Remote violence,48
Ukraine,Explosions/Remote violence,55
Ukraine,Explosions/Remote violence,62
Ukraine,Explosions/Remote violence,58
Ukraine,Explosions/Remote violence,50
Ukraine,Explosions/Remote violence,61
Ukraine,Explosions/Remote violence,66
Ukraine,Explosions/Remote violence,59
Ukraine,Explosions/Remote violence,44
Ukraine,Explosions/Remote violence,46
Ukraine,Explosions/Remote violence,41
Ukraine,Explosions/Remote violence,30
Ukraine,Explosions/Remote violence,41
Ukraine,Explosions/Remote violence,36
Ukraine,Explosions/Remote violence,24
Ukraine,Explosions/Remote violence,33
Ukraine,Explosions/Remote violence,23
Ukraine,Explosions/Remote violence,16
Ukraine,Explosions/Remote violence,28
Ukraine,Explosions/Remote violence,43
Ukraine,Explosions/Remote violence,12
Ukraine,Explosions/Remote violence,17
Ukraine,Explosions/Remote violence,11
Ukraine,Explosions/Remote violence,17
Ukraine,Explosions/Remote violence,23
Ukraine,Explosions/Remote violence,29
Ukraine,Explosions/Remote violence,19
Ukraine,Explosions/Remote violence,25
Ukraine,Explosions/Remote violence,37
Ukraine,Explosions/Remote violence,32
Ukraine,Explosions/Remote violence,23
Ukraine,Explosions/Remote violence,32
Ukraine,Explosions/Remote violence,33
Ukraine,Explosions/Remote violence,34
Ukraine,Explosions/Remote violence,25
Ukraine,Explosions/Remote violence,13
Ukraine,Explosions/Remote violence,23
Ukraine,Explosions/Remote violence,28
Ukraine,Explosions/Remote violence,21
Ukraine,Explosions/Remote violence,21
Ukraine,Explosions/Remote violence,16
Ukraine,Explosions/Remote violence,21
Ukraine,Explosions/Remote violence,29
Ukraine,Explosions/Remote violence,16
Ukraine,Explosions/Remote violence,14
Ukraine,Explosions/Remote violence,17
Ukraine,Explosions/Remote violence,24
Ukraine,Explosions/Remote violence,22
Ukraine,Explosions/Remote violence,28
Ukraine,Explosions/Remote violence,22
Ukraine,Explosions/Remote violence,25
Ukraine,Explosions/Remote violence,11
Ukraine,Explosions/Remote violence,23
Ukraine,Explosions/Remote violence,29
Ukraine,Explosions/Remote violence,24
Ukraine,Explosions/Remote violence,26
Ukraine,Explosions/Remote violence,21
Ukraine,Explosions/Remote violence,23
Ukraine,Explosions/Remote violence,25
Ukraine,Explosions/Remote violence,16
Ukraine,Explosions/Remote violence,20
Ukraine,Explosions/Remote violence,10
Ukraine,Explosions/Remote violence,19
Ukraine,Explosions/Remote violence,22
Ukraine,Explosions/Remote violence,12
Ukraine,Explosions/Remote violence,31
Ukraine,Explosions/Remote violence,20
Ukraine,Explosions/Remote violence,10
Ukraine,Explosions/Remote violence,20
Ukraine,Explosions/Remote violence,31
Ukraine,Explosions/Remote violence,23
Ukraine,Explosions/Remote violence,19
Ukraine,Explosions/Remote violence,33
Ukraine,Explosions/Remote violence,29
Ukraine,Explosions/Remote violence,37
Ukraine,Explosions/Remote violence,30
Ukraine,Explosions/Remote violence,16
Ukraine,Explosions/Remote violence,13
Ukraine,Explosions/Remote violence,22
Ukraine,Explosions/Remote violence,29
Ukraine,Explosions/Remote violence,28
Ukraine,Explosions/Remote violence,27
Ukraine,Explosions/Remote violence,15
Ukraine,Explosions/Remote violence,17
Ukraine,Explosions/Remote violence,38
Ukraine,Explosions/Remote violence,32
Ukraine,Explosions/Remote violence,29
Ukraine,Explosions/Remote violence,37
Ukraine,Explosions/Remote violence,28
Ukraine,Explosions/Remote violence,28
Ukraine,Riots,1
Ukraine,Riots,1
Ukraine,Riots,1
Ukraine,Riots,1
Ukraine,Riots,1
Ukraine,Riots,1
Ukraine,Riots,1
Ukraine,Riots,1
Ukraine,Riots,1
Ukraine,Riots,1
Ukraine,Riots,2
Ukraine,Riots,1
Ukraine,Riots,1
Ukraine,Riots,1
Ukraine,Riots,1
Ukraine,Riots,1
Ukraine,Riots,1
Ukraine,Riots,1
Ukraine,Riots,1
Ukraine,Riots,1
Ukraine,Riots,1
Ukraine,Riots,1
Ukraine,Riots,1
Ukraine,Riots,1
Ukraine,Riots,1
Ukraine,Riots,1
Ukraine,Riots,1
Ukraine,Riots,1
Ukraine,Riots,1
Ukraine,Riots,1
Ukraine,Riots,1
Ukraine,Riots,1
Ukraine,Riots,1
Ukraine,Riots,1
Ukraine,Riots,1
Ukraine,Violence against civilians,1
Ukraine,Violence against civilians,2
Ukraine,Violence against civilians,3
Ukraine,Violence against civilians,4
Ukraine,Violence against civilians,6
Ukraine,Violence against civilians,1
Ukraine,Violence against civilians,3
Ukraine,Violence against civilians,2
Ukraine,Violence against civilians,5
Ukraine,Violence against civilians,1
Ukraine,Violence against civilians,1
Ukraine,Violence against civilians,2
Ukraine,Violence against civilians,1
Ukraine,Violence against civilians,2
Ukraine,Violence against civilians,2
Ukraine,Violence against civilians,1
Ukraine,Violence against civilians,1
Ukraine,Violence against civilians,3
Ukraine,Violence against civilians,1
Ukraine,Violence against civilians,1
Ukraine,Violence against civilians,2
Ukraine,Violence against civilians,1
Ukraine,Violence against civilians,1
Ukraine,Violence against civilians,1
Ukraine,Violence against civilians,2
Ukraine,Violence against civilians,1
Ukraine,Violence against civilians,1
Ukraine,Violence against civilians,1
Ukraine,Violence against civilians,1
Ukraine,Violence against civilians,1
Ukraine,Violence against civilians,2
Ukraine,Violence against civilians,1
Ukraine,Violence against civilians,1
Ukraine,Violence against civilians,1
Ukraine,Violence against civilians,1
Ukraine,Violence against civilians,1
Ukraine,Violence against civilians,1
Ukraine,Violence against civilians,1
Ukraine,Violence against civilians,1
Ukraine,Violence against civilians,1
Ukraine,Violence against civilians,1
Ukraine,Violence against civilians,1
Ukraine,Violence against civilians,3
Ukraine,Violence against civilians,7
Ukraine,Violence against civilians,2
Ukraine,Violence against civilians,16
Ukraine,Violence against civilians,5
Ukraine,Violence against civilians,3
Ukraine,Violence against civilians,4
Ukraine,Violence against civilians,7
Ukraine,Violence against civilians,5
Ukraine,Violence against civilians,4
Ukraine,Violence against civilians,3
Ukraine,Violence against civilians,2
Ukraine,Violence against civilians,8
Ukraine,Violence against civilians,5
Ukraine,Violence against civilians,2
Ukraine,Violence against civilians,7
Ukraine,Violence against civilians,2
Ukraine,Violence against civilians,4
Ukraine,Violence against civilians,1
Ukraine,Violence against civilians,4
Ukraine,Violence against civilians,1
Ukraine,Violence against civilians,7
Ukraine,Violence against civilians,3
Ukraine,Violence against civilians,3
Ukraine,Violence against civilians,2
Ukraine,Violence against civilians,3
Ukraine,Violence against civilians,1
Ukraine,Violence against civilians,2
Ukraine,Violence against civilians,1
Ukraine,Violence against civilians,6
Ukraine,Violence against civilians,1
Ukraine,Violence against civilians,1
Ukraine,Violence against civilians,1
Ukraine,Violence against civilians,2
Ukraine,Violence against civilians,1
Ukraine,Violence against civilians,1
Ukraine,Violence against civilians,1
Ukraine,Violence against civilians,3
Ukraine,Violence against civilians,1
Ukraine,Violence against civilians,1
Ukraine,Violence against civilians,2
Ukraine,Violence against civilians,2
Ukraine,Violence against civilians,1
Ukraine,Explosions/Remote violence,1
Ukraine,Explosions/Remote violence,1
Ukraine,Explosions/Remote violence,1
Ukraine,Explosions/Remote violence,1
Ukraine,Explosions/Remote violence,1
Ukraine,Explosions/Remote violence,1
Ukraine,Explosions/Remote violence,1
Ukraine,Explosions/Remote violence,2
Ukraine,Explosions/Remote violence,1
Ukraine,Explosions/Remote violence,3
Ukraine,Explosions/Remote violence,4
Ukraine,Explosions/Remote violence,8
Ukraine,Explosions/Remote violence,10
Ukraine,Explosions/Remote violence,4
Ukraine,Explosions/Remote violence,11
Ukraine,Explosions/Remote violence,8
Ukraine,Explosions/Remote violence,15
Ukraine,Explosions/Remote violence,13
Ukraine,Explosions/Remote violence,24
Ukraine,Explosions/Remote violence,30
Ukraine,Explosions/Remote violence,33
Ukraine,Explosions/Remote violence,21
Ukraine,Explosions/Remote violence,17
Ukraine,Explosions/Remote violence,20
Ukraine,Explosions/Remote violence,8
Ukraine,Explosions/Remote violence,7
Ukraine,Explosions/Remote violence,14
Ukraine,Explosions/Remote violence,14
Ukraine,Explosions/Remote violence,9
Ukraine,Explosions/Remote violence,10
Ukraine,Explosions/Remote violence,10
Ukraine,Explosions/Remote violence,7
Ukraine,Explosions/Remote violence,11
Ukraine,Explosions/Remote violence,7
Ukraine,Explosions/Remote violence,2
Ukraine,Explosions/Remote violence,1
Ukraine,Explosions/Remote violence,1
Ukraine,Explosions/Remote violence,3
Ukraine,Explosions/Remote violence,2
Ukraine,Explosions/Remote violence,1
Ukraine,Explosions/Remote violence,1
Ukraine,Explosions/Remote violence,1
Ukraine,Explosions/Remote violence,7
Ukraine,Explosions/Remote violence,2
Ukraine,Explosions/Remote violence,2
Ukraine,Explosions/Remote violence,5
Ukraine,Explosions/Remote violence,3
Ukraine,Explosions/Remote violence,9
Ukraine,Explosions/Remote violence,4
Ukraine,Explosions/Remote violence,7
Ukraine,Explosions/Remote violence,12
Ukraine,Explosions/Remote violence,10
Ukraine,Explosions/Remote violence,5
Ukraine,Explosions/Remote violence,9
Ukraine,Explosions/Remote violence,21
Ukraine,Explosions/Remote violence,16
Ukraine,Explosions/Remote violence,16
Ukraine,Explosions/Remote violence,20
Ukraine,Explosions/Remote violence,6
Ukraine,Explosions/Remote violence,9
Ukraine,Explosions/Remote violence,12
Ukraine,Explosions/Remote violence,7
Ukraine,Explosions/Remote violence,15
Ukraine,Explosions/Remote violence,9
Ukraine,Explosions/Remote violence,4
Ukraine,Explosions/Remote violence,5
Ukraine,Explosions/Remote violence,11
Ukraine,Explosions/Remote violence,17
Ukraine,Explosions/Remote violence,14
Ukraine,Explosions/Remote violence,16
Ukraine,Explosions/Remote violence,15
Ukraine,Explosions/Remote violence,23
Ukraine,Explosions/Remote violence,19
Ukraine,Explosions/Remote violence,40
Ukraine,Explosions/Remote violence,42
Ukraine,Explosions/Remote violence,40
Ukraine,Explosions/Remote violence,28
Ukraine,Explosions/Remote violence,42
Ukraine,Explosions/Remote violence,78
Ukraine,Explosions/Remote violence,62
Ukraine,Explosions/Remote violence,38
Ukraine,Explosions/Remote violence,29
Ukraine,Explosions/Remote violence,27
Ukraine,Explosions/Remote violence,40
Ukraine,Explosions/Remote violence,30
Ukraine,Explosions/Remote violence,31
Ukraine,Explosions/Remote violence,39
Ukraine,Explosions/Remote violence,46
Ukraine,Explosions/Remote violence,39
Ukraine,Explosions/Remote violence,43
Ukraine,Explosions/Remote violence,65
Ukraine,Explosions/Remote violence,77
Ukraine,Explosions/Remote violence,58
Ukraine,Explosions/Remote violence,17
Ukraine,Explosions/Remote violence,12
Ukraine,Explosions/Remote violence,16
Ukraine,Explosions/Remote violence,8
Ukraine,Explosions/Remote violence,8
Ukraine,Explosions/Remote violence,6
Ukraine,Explosions/Remote violence,18
Ukraine,Explosions/Remote violence,15
Ukraine,Explosions/Remote violence,8
Ukraine,Explosions/Remote violence,5
Ukraine,Explosions/Remote violence,10
Ukraine,Explosions/Remote violence,23
Ukraine,Explosions/Remote violence,22
Ukraine,Explosions/Remote violence,14
Ukraine,Explosions/Remote violence,11
Ukraine,Explosions/Remote violence,8
Ukraine,Explosions/Remote violence,15
Ukraine,Explosions/Remote violence,25
Ukraine,Explosions/Remote violence,17
Ukraine,Explosions/Remote violence,11
Ukraine,Explosions/Remote violence,28
Ukraine,Explosions/Remote violence,31
Ukraine,Explosions/Remote violence,16
Ukraine,Explosions/Remote violence,9
Ukraine,Explosions/Remote violence,23
Ukraine,Explosions/Remote violence,26
Ukraine,Explosions/Remote violence,16
Ukraine,Explosions/Remote violence,22
Ukraine,Explosions/Remote violence,28
Ukraine,Explosions/Remote violence,36
Ukraine,Explosions/Remote violence,29
Ukraine,Explosions/Remote violence,33
Ukraine,Explosions/Remote violence,36
Ukraine,Explosions/Remote violence,41
Ukraine,Explosions/Remote violence,42
Ukraine,Explosions/Remote violence,24
Ukraine,Explosions/Remote violence,17
Ukraine,Explosions/Remote violence,17
Ukraine,Explosions/Remote violence,21
Ukraine,Explosions/Remote violence,18
Ukraine,Explosions/Remote violence,21
Ukraine,Explosions/Remote violence,21
Ukraine,Explosions/Remote violence,43
Ukraine,Explosions/Remote violence,16
Ukraine,Explosions/Remote violence,65
Ukraine,Explosions/Remote violence,11
Ukraine,Explosions/Remote violence,19
Ukraine,Explosions/Remote violence,18
Ukraine,Explosions/Remote violence,60
Ukraine,Explosions/Remote violence,55
Ukraine,Explosions/Remote violence,11
Ukraine,Explosions/Remote violence,21
Ukraine,Explosions/Remote violence,25
Ukraine,Explosions/Remote violence,32
Ukraine,Explosions/Remote violence,18
Ukraine,Explosions/Remote violence,27
Ukraine,Explosions/Remote violence,25
Ukraine,Explosions/Remote violence,36
Ukraine,Explosions/Remote violence,50
Ukraine,Explosions/Remote violence,20
Ukraine,Explosions/Remote violence,46
Ukraine,Explosions/Remote violence,21
Ukraine,Explosions/Remote violence,25
Ukraine,Explosions/Remote violence,38
Ukraine,Explosions/Remote violence,26
Ukraine,Explosions/Remote violence,25
Ukraine,Explosions/Remote violence,45
Ukraine,Explosions/Remote violence,24
Ukraine,Explosions/Remote violence,92
Ukraine,Explosions/Remote violence,36
Ukraine,Explosions/Remote violence,54
Ukraine,Explosions/Remote violence,84
Ukraine,Explosions/Remote violence,86
Ukraine,Explosions/Remote violence,55
Ukraine,Explosions/Remote violence,68
Ukraine,Explosions/Remote violence,57
Ukraine,Explosions/Remote violence,128
Ukraine,Explosions/Remote violence,54
Ukraine,Explosions/Remote violence,85
Ukraine,Explosions/Remote violence,156
Ukraine,Explosions/Remote violence,155
Ukraine,Explosions/Remote violence,202
Ukraine,Explosions/Remote violence,153
Ukraine,Explosions/Remote violence,143
Ukraine,Explosions/Remote violence,208
Ukraine,Explosions/Remote violence,216
Ukraine,Explosions/Remote violence,196
Ukraine,Explosions/Remote violence,159
Ukraine,Explosions/Remote violence,202
Ukraine,Explosions/Remote violence,1
Ukraine,Explosions/Remote violence,1
Ukraine,Explosions/Remote violence,1
Ukraine,Explosions/Remote violence,1
Ukraine,Explosions/Remote violence,1
Ukraine,Explosions/Remote violence,1
Ukraine,Explosions/Remote violence,1
Ukraine,Explosions/Remote violence,1
Ukraine,Explosions/Remote violence,1
Ukraine,Explosions/Remote violence,1
Ukraine,Explosions/Remote violence,1
Ukraine,Explosions/Remote violence,2
Ukraine,Explosions/Remote violence,1
Ukraine,Explosions/Remote violence,1
Ukraine,Explosions/Remote violence,4
Ukraine,Explosions/Remote violence,1
Ukraine,Explosions/Remote violence,2
Ukraine,Explosions/Remote violence,1
Ukraine,Explosions/Remote violence,1
Ukraine,Explosions/Remote violence,1
Ukraine,Explosions/Remote violence,3
Ukraine,Explosions/Remote violence,1
Ukraine,Explosions/Remote violence,3
Ukraine,Explosions/Remote violence,2
Ukraine,Explosions/Remote violence,1
Ukraine,Explosions/Remote violence,1
Ukraine,Explosions/Remote violence,1
Ukraine,Explosions/Remote violence,3
Ukraine,Explosions/Remote violence,4
Ukraine,Explosions/Remote violence,5
Ukraine,Explosions/Remote violence,23
Ukraine,Explosions/Remote violence,7
Ukraine,Explosions/Remote violence,1
Ukraine,Explosions/Remote violence,3
Ukraine,Explosions/Remote violence,2
Ukraine,Explosions/Remote violence,3
Ukraine,Explosions/Remote violence,6
Ukraine,Explosions/Remote violence,1
Ukraine,Explosions/Remote violence,4
Ukraine,Explosions/Remote violence,4
Ukraine,Explosions/Remote violence,5
Ukraine,Explosions/Remote violence,3
Ukraine,Explosions/Remote violence,3
Ukraine,Explosions/Remote violence,2
Ukraine,Explosions/Remote violence,4
Ukraine,Explosions/Remote violence,2
Ukraine,Explosions/Remote violence,9
Ukraine,Explosions/Remote violence,3
Ukraine,Explosions/Remote violence,6
Ukraine,Explosions/Remote violence,5
Ukraine,Explosions/Remote violence,6
Ukraine,Explosions/Remote violence,2
Ukraine,Explosions/Remote violence,2
Ukraine,Explosions/Remote violence,1
Ukraine,Explosions/Remote violence,3
Ukraine,Explosions/Remote violence,2
Ukraine,Explosions/Remote violence,5
Ukraine,Explosions/Remote violence,6
Ukraine,Explosions/Remote violence,4
Ukraine,Explosions/Remote violence,3
Ukraine,Explosions/Remote violence,2
Ukraine,Explosions/Remote violence,1
Ukraine,Explosions/Remote violence,4
Ukraine,Explosions/Remote violence,1
Ukraine,Explosions/Remote violence,1
Ukraine,Explosions/Remote violence,3
Ukraine,Explosions/Remote violence,2
Ukraine,Explosions/Remote violence,1
Ukraine,Explosions/Remote violence,1
Ukraine,Explosions/Remote violence,2
Ukraine,Explosions/Remote violence,4
Ukraine,Explosions/Remote violence,2
Ukraine,Explosions/Remote violence,4
Ukraine,Explosions/Remote violence,2
Ukraine,Explosions/Remote violence,4
Ukraine,Explosions/Remote violence,5
Ukraine,Explosions/Remote violence,3
Ukraine,Explosions/Remote violence,1
Ukraine,Explosions/Remote violence,4
Ukraine,Explosions/Remote violence,1
Ukraine,Explosions/Remote violence,1
Ukraine,Explosions/Remote violence,1
Ukraine,Explosions/Remote violence,1
Ukraine,Explosions/Remote violence,1
Ukraine,Explosions/Remote violence,1
Ukraine,Explosions/Remote violence,1
Ukraine,Explosions/Remote violence,2
Ukraine,Explosions/Remote violence,3
Ukraine,Explosions/Remote violence,3
Ukraine,Explosions/Remote violence,2
Ukraine,Explosions/Remote violence,3
Ukraine,Explosions/Remote violence,1
Ukraine,Explosions/Remote violence,3
Ukraine,Explosions/Remote violence,1
Ukraine,Explosions/Remote violence,1
Ukraine,Explosions/Remote violence,1
Ukraine,Explosions/Remote violence,1
Ukraine,Explosions/Remote violence,1
Ukraine,Explosions/Remote violence,2
Ukraine,Explosions/Remote violence,1
Ukraine,Explosions/Remote violence,1
Ukraine,Explosions/Remote violence,1
Ukraine,Explosions/Remote violence,2
Ukraine,Explosions/Remote violence,2
Ukraine,Explosions/Remote violence,2
Ukraine,Explosions/Remote violence,1
Ukraine,Explosions/Remote violence,1
Ukraine,Explosions/Remote violence,1
Ukraine,Explosions/Remote violence,3
Ukraine,Explosions/Remote violence,1
Ukraine,Explosions/Remote violence,2
Ukraine,Explosions/Remote violence,2
Ukraine,Explosions/Remote violence,4
Ukraine,Explosions/Remote violence,1
Ukraine,Explosions/Remote violence,1
Ukraine,Explosions/Remote violence,2
Ukraine,Explosions/Remote violence,2
Ukraine,Explosions/Remote violence,1
Ukraine,Explosions/Remote violence,1
Ukraine,Explosions/Remote violence,1
Ukraine,Explosions/Remote violence,2
Ukraine,Explosions/Remote violence,1
Ukraine,Explosions/Remote violence,2
Ukraine,Explosions/Remote violence,1
Ukraine,Explosions/Remote violence,3
Ukraine,Explosions/Remote violence,4
Ukraine,Explosions/Remote violence,1
Ukraine,Explosions/Remote violence,1
Ukraine,Explosions/Remote violence,2
Ukraine,Explosions/Remote violence,1
Ukraine,Explosions/Remote violence,1
Ukraine,Explosions/Remote violence,1
Ukraine,Explosions/Remote violence,2
Ukraine,Explosions/Remote violence,3
Ukraine,Explosions/Remote violence,1
Ukraine,Explosions/Remote violence,1
Ukraine,Explosions/Remote violence,2
Ukraine,Explosions/Remote violence,2
Ukraine,Explosions/Remote violence,3
Ukraine,Explosions/Remote violence,1
Ukraine,Explosions/Remote violence,1
Ukraine,Explosions/Remote violence,2
Ukraine,Explosions/Remote violence,1
Ukraine,Explosions/Remote violence,5
Ukraine,Explosions/Remote violence,4
Ukraine,Explosions/Remote violence,5
Ukraine,Explosions/Remote violence,5
Ukraine,Explosions/Remote violence,5
Ukraine,Explosions/Remote violence,7
Ukraine,Explosions/Remote violence,13
Ukraine,Explosions/Remote violence,9
Ukraine,Explosions/Remote violence,6
Ukraine,Explosions/Remote violence,21
Ukraine,Explosions/Remote violence,20
Ukraine,Explosions/Remote violence,11
Ukraine,Explosions/Remote violence,18
Ukraine,Explosions/Remote violence,21
Ukraine,Explosions/Remote violence,32
Ukraine,Explosions/Remote violence,14
Ukraine,Explosions/Remote violence,20
Ukraine,Explosions/Remote violence,25
Ukraine,Explosions/Remote violence,27
Ukraine,Explosions/Remote violence,39
Ukraine,Explosions/Remote violence,49
Ukraine,Explosions/Remote violence,43
Ukraine,Explosions/Remote violence,49
Ukraine,Explosions/Remote violence,76
Ukraine,Explosions/Remote violence,70
Ukraine,Explosions/Remote violence,48
Ukraine,Explosions/Remote violence,68
Ukraine,Explosions/Remote violence,119
Ukraine,Explosions/Remote violence,95
Ukraine,Explosions/Remote violence,102
Ukraine,Explosions/Remote violence,93
Ukraine,Explosions/Remote violence,70
Ukraine,Explosions/Remote violence,69
Ukraine,Explosions/Remote violence,58
Ukraine,Explosions/Remote violence,39
Ukraine,Explosions/Remote violence,45
Ukraine,Explosions/Remote violence,56
Ukraine,Explosions/Remote violence,76
Ukraine,Explosions/Remote violence,80
Ukraine,Explosions/Remote violence,112
Ukraine,Explosions/Remote violence,112
Ukraine,Explosions/Remote violence,57
Ukraine,Explosions/Remote violence,80
Ukraine,Explosions/Remote violence,76
Ukraine,Explosions/Remote violence,75
Ukraine,Explosions/Remote violence,90
Ukraine,Explosions/Remote violence,73
Ukraine,Explosions/Remote violence,96
Ukraine,Explosions/Remote violence,99
Ukraine,Explosions/Remote violence,127
Ukraine,Explosions/Remote violence,114
Ukraine,Explosions/Remote violence,105
Ukraine,Explosions/Remote violence,99
Ukraine,Explosions/Remote violence,115
Ukraine,Explosions/Remote violence,121
Ukraine,Explosions/Remote violence,130
Ukraine,Explosions/Remote violence,100
Ukraine,Explosions/Remote violence,78
Ukraine,Explosions/Remote violence,101
Ukraine,Explosions/Remote violence,76
Ukraine,Explosions/Remote violence,64
Ukraine,Explosions/Remote violence,101
Ukraine,Explosions/Remote violence,109
Ukraine,Explosions/Remote violence,75
Ukraine,Explosions/Remote violence,50
Ukraine,Explosions/Remote violence,74
Ukraine,Explosions/Remote violence,67
Ukraine,Explosions/Remote violence,58
Ukraine,Explosions/Remote violence,89
Ukraine,Explosions/Remote violence,129
Ukraine,Explosions/Remote violence,84
Ukraine,Explosions/Remote violence,54
Ukraine,Explosions/Remote violence,66
Ukraine,Explosions/Remote violence,60
Ukraine,Explosions/Remote violence,67
Ukraine,Explosions/Remote violence,55
Ukraine,Explosions/Remote violence,66
Ukraine,Explosions/Remote violence,80
Ukraine,Explosions/Remote violence,72
Ukraine,Explosions/Remote violence,61
Ukraine,Explosions/Remote violence,46
Ukraine,Explosions/Remote violence,43
Ukraine,Explosions/Remote violence,56
Ukraine,Explosions/Remote violence,45
Ukraine,Explosions/Remote violence,53
Ukraine,Explosions/Remote violence,47
Ukraine,Explosions/Remote violence,41
Ukraine,Explosions/Remote violence,66
Ukraine,Explosions/Remote violence,68
Ukraine,Explosions/Remote violence,70
Ukraine,Explosions/Remote violence,75
Ukraine,Explosions/Remote violence,120
Ukraine,Explosions/Remote violence,98
Ukraine,Explosions/Remote violence,64
Ukraine,Explosions/Remote violence,71
Ukraine,Explosions/Remote violence,49
Ukraine,Explosions/Remote violence,72
Ukraine,Explosions/Remote violence,69
Ukraine,Explosions/Remote violence,62
Ukraine,Explosions/Remote violence,71
Ukraine,Explosions/Remote violence,63
Ukraine,Explosions/Remote violence,77
Ukraine,Explosions/Remote violence,75
Ukraine,Explosions/Remote violence,54
Ukraine,Explosions/Remote violence,77
Ukraine,Explosions/Remote violence,125
Ukraine,Explosions/Remote violence,119
Ukraine,Explosions/Remote violence,110
Ukraine,Explosions/Remote violence,119
Ukraine,Explosions/Remote violence,105
Ukraine,Explosions/Remote violence,78
Ukraine,Explosions/Remote violence,96
Ukraine,Explosions/Remote violence,90
Ukraine,Explosions/Remote violence,88
Ukraine,Explosions/Remote violence,69
Ukraine,Explosions/Remote violence,63
Ukraine,Explosions/Remote violence,40
Ukraine,Explosions/Remote violence,60
Ukraine,Explosions/Remote violence,46
Ukraine,Explosions/Remote violence,47
Ukraine,Explosions/Remote violence,56
Ukraine,Explosions/Remote violence,46
Ukraine,Explosions/Remote violence,77
Ukraine,Explosions/Remote violence,59
Ukraine,Explosions/Remote violence,50
Ukraine,Explosions/Remote violence,73
Ukraine,Explosions/Remote violence,33
Ukraine,Explosions/Remote violence,62
Ukraine,Explosions/Remote violence,49
Ukraine,Explosions/Remote violence,79
Ukraine,Explosions/Remote violence,78
Ukraine,Explosions/Remote violence,84
Ukraine,Explosions/Remote violence,64
Ukraine,Explosions/Remote violence,64
Ukraine,Explosions/Remote violence,59
Ukraine,Explosions/Remote violence,88
Ukraine,Explosions/Remote violence,71
Ukraine,Explosions/Remote violence,63
Ukraine,Explosions/Remote violence,109
Ukraine,Explosions/Remote violence,97
Ukraine,Explosions/Remote violence,76
Ukraine,Explosions/Remote violence,80
Ukraine,Explosions/Remote violence,63
Ukraine,Explosions/Remote violence,109
Ukraine,Explosions/Remote violence,61
Ukraine,Explosions/Remote violence,70
Ukraine,Explosions/Remote violence,65
Ukraine,Explosions/Remote violence,143
Ukraine,Explosions/Remote violence,144
Ukraine,Explosions/Remote violence,163
Ukraine,Explosions/Remote violence,149
Ukraine,Explosions/Remote violence,152
Ukraine,Explosions/Remote violence,159
Ukraine,Explosions/Remote violence,189
Ukraine,Explosions/Remote violence,138
Ukraine,Explosions/Remote violence,182
Ukraine,Explosions/Remote violence,132
Ukraine,Explosions/Remote violence,165
Ukraine,Explosions/Remote violence,147
Ukraine,Explosions/Remote violence,150
Ukraine,Explosions/Remote violence,169
Ukraine,Explosions/Remote violence,140
Ukraine,Explosions/Remote violence,128
Ukraine,Explosions/Remote violence,143
Ukraine,Explosions/Remote violence,154
Ukraine,Explosions/Remote violence,149
Ukraine,Explosions/Remote violence,129
Ukraine,Explosions/Remote violence,120
Ukraine,Explosions/Remote violence,113
Ukraine,Explosions/Remote violence,144
Ukraine,Explosions/Remote violence,75
Ukraine,Explosions/Remote violence,151
Ukraine,Explosions/Remote violence,122
Ukraine,Explosions/Remote violence,95
Ukraine,Explosions/Remote violence,143
Ukraine,Explosions/Remote violence,171
Ukraine,Explosions/Remote violence,105
Ukraine,Explosions/Remote violence,176
Ukraine,Explosions/Remote violence,158
Ukraine,Explosions/Remote violence,194
Ukraine,Explosions/Remote violence,189
Ukraine,Explosions/Remote violence,143
Ukraine,Explosions/Remote violence,134
Ukraine,Explosions/Remote violence,81
Ukraine,Explosions/Remote violence,133
Ukraine,Explosions/Remote violence,145
Ukraine,Explosions/Remote violence,56
Ukraine,Explosions/Remote violence,69
Ukraine,Explosions/Remote violence,43
Ukraine,Explosions/Remote violence,50
Ukraine,Explosions/Remote violence,62
Ukraine,Riots,1
Ukraine,Riots,1
Ukraine,Riots,1
Ukraine,Riots,1
Ukraine,Riots,1
Ukraine,Riots,1
Ukraine,Riots,1
Ukraine,Riots,1
Ukraine,Riots,1
Ukraine,Riots,1
Ukraine,Riots,1
Ukraine,Riots,1
Ukraine,Riots,1
Ukraine,Riots,1
Ukraine,Riots,1
Ukraine,Violence against civilians,3
Ukraine,Violence against civilians,4
Ukraine,Violence against civilians,6
Ukraine,Violence against civilians,7
Ukraine,Violence against civilians,10
Ukraine,Violence against civilians,4
Ukraine,Violence against civilians,6
Ukraine,Violence against civilians,2
Ukraine,Violence against civilians,3
Ukraine,Violence against civilians,4
Ukraine,Violence against civilians,5
Ukraine,Violence against civilians,2
Ukraine,Violence against civilians,3
Ukraine,Violence against civilians,2
Ukraine,Violence against civilians,2
Ukraine,Violence against civilians,4
Ukraine,Violence against civilians,2
Ukraine,Violence against civilians,2
Ukraine,Violence against civilians,1
Ukraine,Violence against civilians,2
Ukraine,Violence against civilians,9
Ukraine,Violence against civilians,2
Ukraine,Violence against civilians,6
Ukraine,Violence against civilians,8
Ukraine,Violence against civilians,6
Ukraine,Violence against civilians,6
Ukraine,Violence against civilians,6
Ukraine,Violence against civilians,3
Ukraine,Violence against civilians,7
Ukraine,Violence against civilians,2
Ukraine,Violence against civilians,4
Ukraine,Violence against civilians,3
Ukraine,Violence against civilians,3
Ukraine,Violence against civilians,10
Ukraine,Violence against civilians,2
Ukraine,Violence against civilians,2
Ukraine,Violence against civilians,2
Ukraine,Violence against civilians,2
Ukraine,Violence against civilians,1
Ukraine,Violence against civilians,1
Ukraine,Violence against civilians,2
Ukraine,Violence against civilians,1
Ukraine,Violence against civilians,1
Ukraine,Violence against civilians,1
Ukraine,Violence against civilians,1
Ukraine,Violence against civilians,1
Ukraine,Violence against civilians,1
Ukraine,Violence against civilians,1
Ukraine,Violence against civilians,1
Ukraine,Violence against civilians,1
Ukraine,Violence against civilians,1
Ukraine,Violence against civilians,1
Ukraine,Violence against civilians,1
Ukraine,Violence against civilians,1
Ukraine,Violence against civilians,1
Ukraine,Violence against civilians,1
Ukraine,Violence against civilians,1
Ukraine,Violence against civilians,2
Ukraine,Violence against civilians,1
Ukraine,Violence against civilians,1
Ukraine,Violence against civilians,1
Ukraine,Violence against civilians,1
Ukraine,Violence against civilians,1
Ukraine,Violence against civilians,1
Ukraine,Violence against civilians,1
Ukraine,Violence against civilians,7
Ukraine,Violence against civilians,4
Ukraine,Violence against civilians,7
Ukraine,Violence against civilians,2
Ukraine,Violence against civilians,1
Ukraine,Violence against civilians,4
Ukraine,Violence against civilians,4
Ukraine,Violence against civilians,4
Ukraine,Violence against civilians,2
Ukraine,Violence against civilians,4
Ukraine,Violence against civilians,4
Ukraine,Violence against civilians,1
Ukraine,Violence against civilians,2
Ukraine,Violence against civilians,4
Ukraine,Violence against civilians,3
Ukraine,Violence against civilians,1
Ukraine,Violence against civilians,1
Ukraine,Violence against civilians,3
Ukraine,Violence against civilians,4
Ukraine,Violence against civilians,1
Ukraine,Violence against civilians,1
Ukraine,Violence against civilians,6
Ukraine,Violence against civilians,2
Ukraine,Violence against civilians,6
Ukraine,Violence against civilians,1
Ukraine,Violence against civilians,2
Ukraine,Violence against civilians,3
Ukraine,Violence against civilians,2
Ukraine,Violence against civilians,1
Ukraine,Violence against civilians,3
Ukraine,Violence against civilians,2
Ukraine,Violence against civilians,4
Ukraine,Violence against civilians,1
Ukraine,Violence against civilians,1
Ukraine,Violence against civilians,4
Ukraine,Violence against civilians,1
Ukraine,Violence against civilians,1
Ukraine,Violence against civilians,2
Ukraine,Violence against civilians,1
Ukraine,Violence against civilians,1
Ukraine,Violence against civilians,1
Ukraine,Violence against civilians,1
Ukraine,Violence against civilians,1
Ukraine,Violence against civilians,1
Ukraine,Violence against civilians,1
Ukraine,Violence against civilians,3
Ukraine,Violence against civilians,1
Ukraine,Violence against civilians,1
Ukraine,Violence against civilians,1
Ukraine,Violence against civilians,1
Ukraine,Violence against civilians,2
Ukraine,Violence against civilians,1
Ukraine,Violence against civilians,1
Ukraine,Violence against civilians,1
Ukraine,Violence against civilians,2
Ukraine,Violence against civilians,1
Ukraine,Violence against civilians,2
Ukraine,Violence against civilians,1
Ukraine,Violence against civilians,1
Ukraine,Violence against civilians,1
Ukraine,Violence against civilians,2
Ukraine,Violence against civilians,2
Ukraine,Violence against civilians,4
Ukraine,Violence against civilians,1
Ukraine,Violence against civilians,1
Ukraine,Violence against civilians,1
Ukraine,Violence against civilians,1
Ukraine,Violence against civilians,1
Ukraine,Violence against civilians,1
Ukraine,Violence against civilians,2
Ukraine,Violence against civilians,1
Ukraine,Violence against civilians,2
Ukraine,Violence against civilians,1
Ukraine,Explosions/Remote violence,1
Ukraine,Explosions/Remote violence,1
Ukraine,Explosions/Remote violence,1
Ukraine,Explosions/Remote violence,1
Ukraine,Explosions/Remote violence,1
Ukraine,Explosions/Remote violence,1
Ukraine,Explosions/Remote violence,1
Ukraine,Explosions/Remote violence,1
Ukraine,Explosions/Remote violence,2
Ukraine,Explosions/Remote violence,1
Ukraine,Explosions/Remote violence,2
Ukraine,Explosions/Remote violence,1
Ukraine,Explosions/Remote violence,2
Ukraine,Explosions/Remote violence,1
Ukraine,Explosions/Remote violence,2
Ukraine,Explosions/Remote violence,1
Ukraine,Explosions/Remote violence,2
Ukraine,Explosions/Remote violence,2
Ukraine,Explosions/Remote violence,1
Ukraine,Explosions/Remote violence,2
Ukraine,Explosions/Remote violence,3
Ukraine,Explosions/Remote violence,1
Ukraine,Explosions/Remote violence,2
Ukraine,Explosions/Remote violence,2
Ukraine,Explosions/Remote violence,1
Ukraine,Explosions/Remote violence,1
Ukraine,Explosions/Remote violence,1
Ukraine,Explosions/Remote violence,1
Ukraine,Explosions/Remote violence,1
Ukraine,Explosions/Remote violence,1
Ukraine,Explosions/Remote violence,1
Ukraine,Explosions/Remote violence,1
Ukraine,Explosions/Remote violence,3
Ukraine,Explosions/Remote violence,1
Ukraine,Explosions/Remote violence,1
Ukraine,Explosions/Remote violence,1
Ukraine,Explosions/Remote violence,1
Ukraine,Explosions/Remote violence,1
Ukraine,Explosions/Remote violence,2
Ukraine,Explosions/Remote violence,1
Ukraine,Explosions/Remote violence,1
Ukraine,Explosions/Remote violence,2
Ukraine,Explosions/Remote violence,2
Ukraine,Explosions/Remote violence,1
Ukraine,Explosions/Remote violence,1
Ukraine,Explosions/Remote violence,1
Ukraine,Explosions/Remote violence,2
Ukraine,Explosions/Remote violence,2
Ukraine,Explosions/Remote violence,3
Ukraine,Explosions/Remote violence,1
Ukraine,Explosions/Remote violence,1
Ukraine,Explosions/Remote violence,1
Ukraine,Explosions/Remote violence,1
Ukraine,Explosions/Remote violence,1
Ukraine,Explosions/Remote violence,1
Ukraine,Explosions/Remote violence,1
Ukraine,Explosions/Remote violence,1
Ukraine,Explosions/Remote violence,1
Ukraine,Explosions/Remote violence,1
Ukraine,Explosions/Remote violence,1
Ukraine,Explosions/Remote violence,1
Ukraine,Explosions/Remote violence,1
Ukraine,Explosions/Remote violence,1
Ukraine,Explosions/Remote violence,1
Ukraine,Explosions/Remote violence,1
Ukraine,Explosions/Remote violence,1
Ukraine,Explosions/Remote violence,1
Ukraine,Explosions/Remote violence,2
Ukraine,Explosions/Remote violence,2
Ukraine,Explosions/Remote violence,1
Ukraine,Explosions/Remote violence,1
Ukraine,Explosions/Remote violence,3
Ukraine,Explosions/Remote violence,1
Ukraine,Explosions/Remote violence,1
Ukraine,Explosions/Remote violence,1
Ukraine,Explosions/Remote violence,1
Ukraine,Explosions/Remote violence,1
Ukraine,Explosions/Remote violence,2
Ukraine,Explosions/Remote violence,1
Ukraine,Explosions/Remote violence,1
Ukraine,Explosions/Remote violence,1
Ukraine,Explosions/Remote violence,1
Ukraine,Explosions/Remote violence,1
Ukraine,Explosions/Remote violence,1
Ukraine,Explosions/Remote violence,2
Ukraine,Explosions/Remote violence,2
Ukraine,Explosions/Remote violence,2
Ukraine,Explosions/Remote violence,2
Ukraine,Explosions/Remote violence,2
Ukraine,Explosions/Remote violence,1
Ukraine,Explosions/Remote violence,1
Ukraine,Explosions/Remote violence,2
Ukraine,Explosions/Remote violence,1
Ukraine,Explosions/Remote violence,1
Ukraine,Explosions/Remote violence,1
Ukraine,Explosions/Remote violence,1
Ukraine,Riots,1
Ukraine,Riots,1
Ukraine,Riots,1
Ukraine,Riots,1
Ukraine,Riots,1
Ukraine,Violence against civilians,1
Ukraine,Violence against civilians,1
Ukraine,Violence against civilians,1
Ukraine,Explosions/Remote violence,1
Ukraine,Explosions/Remote violence,1
Ukraine,Explosions/Remote violence,1
Ukraine,Explosions/Remote violence,1
Ukraine,Explosions/Remote violence,1
Ukraine,Explosions/Remote violence,1
Ukraine,Explosions/Remote violence,1
Ukraine,Explosions/Remote violence,2
Ukraine,Explosions/Remote violence,1
Ukraine,Explosions/Remote violence,2
Ukraine,Explosions/Remote violence,2
Ukraine,Explosions/Remote violence,2
Ukraine,Explosions/Remote violence,2
Ukraine,Explosions/Remote violence,3
Ukraine,Explosions/Remote violence,1
Ukraine,Explosions/Remote violence,1
Ukraine,Explosions/Remote violence,1
Ukraine,Explosions/Remote violence,2
Ukraine,Explosions/Remote violence,1
Ukraine,Explosions/Remote violence,2
Ukraine,Explosions/Remote violence,1
Ukraine,Explosions/Remote violence,1
Ukraine,Explosions/Remote violence,1
Ukraine,Explosions/Remote violence,2
Ukraine,Explosions/Remote violence,1
Ukraine,Explosions/Remote violence,1
Ukraine,Explosions/Remote violence,2
Ukraine,Explosions/Remote violence,1
Ukraine,Explosions/Remote violence,1
Ukraine,Explosions/Remote violence,1
Ukraine,Explosions/Remote violence,1
Ukraine,Explosions/Remote violence,1
Ukraine,Explosions/Remote violence,1
Ukraine,Explosions/Remote violence,2
Ukraine,Explosions/Remote violence,1
Ukraine,Explosions/Remote violence,1
Ukraine,Explosions/Remote violence,1
Ukraine,Explosions/Remote violence,2
Ukraine,Explosions/Remote violence,3
Ukraine,Explosions/Remote violence,2
Ukraine,Explosions/Remote violence,1
Ukraine,Explosions/Remote violence,1
Ukraine,Explosions/Remote violence,1
Ukraine,Explosions/Remote violence,1
Ukraine,Explosions/Remote violence,1
Ukraine,Explosions/Remote violence,1
Ukraine,Explosions/Remote violence,4
Ukraine,Explosions/Remote violence,1
Ukraine,Explosions/Remote violence,2
Ukraine,Explosions/Remote violence,1
Ukraine,Explosions/Remote violence,3
Ukraine,Explosions/Remote violence,3
Ukraine,Explosions/Remote violence,4
Ukraine,Explosions/Remote violence,1
Ukraine,Explosions/Remote violence,1
Ukraine,Explosions/Remote violence,1
Ukraine,Explosions/Remote violence,1
Ukraine,Explosions/Remote violence,1
Ukraine,Explosions/Remote violence,1
Ukraine,Explosions/Remote violence,2
Ukraine,Explosions/Remote violence,1
Ukraine,Explosions/Remote violence,2
Ukraine,Explosions/Remote violence,3
Ukraine,Explosions/Remote violence,1
Ukraine,Explosions/Remote violence,2
Ukraine,Explosions/Remote violence,1
Ukraine,Explosions/Remote violence,1
Ukraine,Explosions/Remote violence,1
Ukraine,Explosions/Remote violence,1
Ukraine,Explosions/Remote violence,1
Ukraine,Explosions/Remote violence,1
Ukraine,Explosions/Remote violence,1
Ukraine,Explosions/Remote violence,1
Ukraine,Explosions/Remote violence,2
Ukraine,Explosions/Remote violence,1
Ukraine,Explosions/Remote violence,1
Ukraine,Explosions/Remote violence,1
Ukraine,Explosions/Remote violence,2
Ukraine,Explosions/Remote violence,1
Ukraine,Explosions/Remote violence,1
Ukraine,Explosions/Remote violence,1
Ukraine,Explosions/Remote violence,2
Ukraine,Explosions/Remote violence,1
Ukraine,Explosions/Remote violence,1
Ukraine,Explosions/Remote violence,2
Ukraine,Explosions/Remote violence,1
Ukraine,Explosions/Remote violence,1
Ukraine,Explosions/Remote violence,1
Ukraine,Explosions/Remote violence,1
Ukraine,Explosions/Remote violence,1
Ukraine,Explosions/Remote violence,1
Ukraine,Explosions/Remote violence,1
Ukraine,Explosions/Remote violence,1
Ukraine,Explosions/Remote violence,2
Ukraine,Riots,1
Ukraine,Riots,1
Ukraine,Riots,1
Ukraine,Violence against civilians,1
Ukraine,Violence against civilians,1
Ukraine,Violence against civilians,1
Ukraine,Violence against civilians,1
Ukraine,Violence against civilians,1
Ukraine,Violence against civilians,1
Ukraine,Violence against civilians,1
Ukraine,Violence against civilians,1
Ukraine,Explosions/Remote violence,2
Ukraine,Explosions/Remote violence,9
Ukraine,Explosions/Remote violence,5
Ukraine,Explosions/Remote violence,5
Ukraine,Explosions/Remote violence,1
Ukraine,Explosions/Remote violence,1
Ukraine,Explosions/Remote violence,1
Ukraine,Explosions/Remote violence,1
Ukraine,Explosions/Remote violence,1
Ukraine,Explosions/Remote violence,2
Ukraine,Explosions/Remote violence,3
Ukraine,Explosions/Remote violence,1
Ukraine,Explosions/Remote violence,4
Ukraine,Explosions/Remote violence,1
Ukraine,Explosions/Remote violence,1
Ukraine,Explosions/Remote violence,1
Ukraine,Explosions/Remote violence,1
Ukraine,Explosions/Remote violence,2
Ukraine,Explosions/Remote violence,1
Ukraine,Explosions/Remote violence,1
Ukraine,Explosions/Remote violence,1
Ukraine,Explosions/Remote violence,1
Ukraine,Explosions/Remote violence,1
Ukraine,Explosions/Remote violence,1
Ukraine,Explosions/Remote violence,3
Ukraine,Explosions/Remote violence,1
Ukraine,Explosions/Remote violence,1
Ukraine,Explosions/Remote violence,2
Ukraine,Explosions/Remote violence,1
Ukraine,Explosions/Remote violence,2
Ukraine,Explosions/Remote violence,8
Ukraine,Explosions/Remote violence,3
Ukraine,Explosions/Remote violence,6
Ukraine,Explosions/Remote violence,5
Ukraine,Explosions/Remote violence,5
Ukraine,Explosions/Remote violence,4
Ukraine,Explosions/Remote violence,3
Ukraine,Explosions/Remote violence,2
Ukraine,Explosions/Remote violence,3
Ukraine,Explosions/Remote violence,2
Ukraine,Explosions/Remote violence,4
Ukraine,Explosions/Remote violence,5
Ukraine,Explosions/Remote violence,1
Ukraine,Explosions/Remote violence,4
Ukraine,Explosions/Remote violence,5
Ukraine,Explosions/Remote violence,8
Ukraine,Explosions/Remote violence,3
Ukraine,Explosions/Remote violence,5
Ukraine,Explosions/Remote violence,5
Ukraine,Explosions/Remote violence,6
Ukraine,Explosions/Remote violence,2
Ukraine,Explosions/Remote violence,9
Ukraine,Explosions/Remote violence,2
Ukraine,Explosions/Remote violence,3
Ukraine,Explosions/Remote violence,2
Ukraine,Explosions/Remote violence,2
Ukraine,Explosions/Remote violence,1
Ukraine,Explosions/Remote violence,2
Ukraine,Explosions/Remote violence,7
Ukraine,Explosions/Remote violence,6
Ukraine,Explosions/Remote violence,6
Ukraine,Explosions/Remote violence,12
Ukraine,Explosions/Remote violence,11
Ukraine,Explosions/Remote violence,3
Ukraine,Explosions/Remote violence,1
Ukraine,Explosions/Remote violence,1
Ukraine,Explosions/Remote violence,1
Ukraine,Explosions/Remote violence,1
Ukraine,Explosions/Remote violence,1
Ukraine,Explosions/Remote violence,1
Ukraine,Explosions/Remote violence,1
Ukraine,Explosions/Remote violence,1
Ukraine,Explosions/Remote violence,1
Ukraine,Explosions/Remote violence,1
Ukraine,Explosions/Remote violence,1
Ukraine,Explosions/Remote violence,1
Ukraine,Explosions/Remote violence,4
Ukraine,Explosions/Remote violence,2
Ukraine,Explosions/Remote violence,2
Ukraine,Explosions/Remote violence,1
Ukraine,Explosions/Remote violence,3
Ukraine,Explosions/Remote violence,6
Ukraine,Explosions/Remote violence,3
Ukraine,Explosions/Remote violence,3
Ukraine,Explosions/Remote violence,1
Ukraine,Explosions/Remote violence,1
Ukraine,Explosions/Remote violence,2
Ukraine,Explosions/Remote violence,1
Ukraine,Explosions/Remote violence,1
Ukraine,Explosions/Remote violence,1
Ukraine,Explosions/Remote violence,1
Ukraine,Explosions/Remote violence,2
Ukraine,Explosions/Remote violence,1
Ukraine,Explosions/Remote violence,1
Ukraine,Explosions/Remote violence,1
Ukraine,Explosions/Remote violence,1
Ukraine,Explosions/Remote violence,1
Ukraine,Explosions/Remote violence,1
Ukraine,Explosions/Remote violence,1
Ukraine,Explosions/Remote violence,1
Ukraine,Explosions/Remote violence,1
Ukraine,Explosions/Remote violence,1
Ukraine,Explosions/Remote violence,1
Ukraine,Explosions/Remote violence,1
Ukraine,Explosions/Remote violence,2
Ukraine,Explosions/Remote violence,1
Ukraine,Explosions/Remote violence,1
Ukraine,Explosions/Remote violence,1
Ukraine,Explosions/Remote violence,1
Ukraine,Explosions/Remote violence,1
Ukraine,Explosions/Remote violence,1
Ukraine,Explosions/Remote violence,5
Ukraine,Explosions/Remote violence,36
Ukraine,Explosions/Remote violence,31
Ukraine,Explosions/Remote violence,32
Ukraine,Explosions/Remote violence,34
Ukraine,Explosions/Remote violence,26
Ukraine,Explosions/Remote violence,2
Ukraine,Explosions/Remote violence,2
Ukraine,Explosions/Remote violence,1
Ukraine,Explosions/Remote violence,2
Ukraine,Explosions/Remote violence,1
Ukraine,Explosions/Remote violence,1
Ukraine,Explosions/Remote violence,4
Ukraine,Explosions/Remote violence,1
Ukraine,Explosions/Remote violence,1
Ukraine,Explosions/Remote violence,1
Ukraine,Explosions/Remote violence,2
Ukraine,Explosions/Remote violence,1
Ukraine,Explosions/Remote violence,1
Ukraine,Explosions/Remote violence,1
Ukraine,Explosions/Remote violence,1
Ukraine,Explosions/Remote violence,1
Ukraine,Explosions/Remote violence,1
Ukraine,Explosions/Remote violence,1
Ukraine,Explosions/Remote violence,1
Ukraine,Riots,1
Ukraine,Riots,1
Ukraine,Riots,1
Ukraine,Riots,1
Ukraine,Riots,1
Ukraine,Riots,1
Ukraine,Riots,1
Ukraine,Riots,1
Ukraine,Riots,1
Ukraine,Riots,2
Ukraine,Riots,1
Ukraine,Riots,1
Ukraine,Riots,1
Ukraine,Violence against civilians,1
Ukraine,Violence against civilians,2
Ukraine,Violence against civilians,2
Ukraine,Violence against civilians,7
Ukraine,Violence against civilians,1
Ukraine,Violence against civilians,3
Ukraine,Violence against civilians,1
Ukraine,Violence against civilians,1
Ukraine,Violence against civilians,1
Ukraine,Violence against civilians,1
Ukraine,Violence against civilians,1
Ukraine,Violence against civilians,1
Ukraine,Violence against civilians,1
Ukraine,Violence against civilians,1
Ukraine,Violence against civilians,1
Ukraine,Violence against civilians,1
Ukraine,Violence against civilians,1
Ukraine,Violence against civilians,1
Ukraine,Violence against civilians,1
Ukraine,Violence against civilians,5
Ukraine,Violence against civilians,17
Ukraine,Violence against civilians,22
Ukraine,Violence against civilians,40
Ukraine,Violence against civilians,15
Ukraine,Violence against civilians,8
Ukraine,Violence against civilians,1
Ukraine,Violence against civilians,1
Ukraine,Violence against civilians,2
Ukraine,Violence against civilians,12
Ukraine,Violence against civilians,17
Ukraine,Violence against civilians,1
Ukraine,Violence against civilians,3
Ukraine,Violence against civilians,1
Ukraine,Violence against civilians,1
Ukraine,Violence against civilians,1
Ukraine,Explosions/Remote violence,1
Ukraine,Explosions/Remote violence,1
Ukraine,Explosions/Remote violence,2
Ukraine,Explosions/Remote violence,1
Ukraine,Explosions/Remote violence,1
Ukraine,Explosions/Remote violence,1
Ukraine,Explosions/Remote violence,2
Ukraine,Explosions/Remote violence,1
Ukraine,Explosions/Remote violence,1
Ukraine,Explosions/Remote violence,1
Ukraine,Explosions/Remote violence,2
Ukraine,Explosions/Remote violence,1
Ukraine,Explosions/Remote violence,2
Ukraine,Explosions/Remote violence,2
Ukraine,Explosions/Remote violence,4
Ukraine,Explosions/Remote violence,4
Ukraine,Explosions/Remote violence,7
Ukraine,Explosions/Remote violence,2
Ukraine,Explosions/Remote violence,1
Ukraine,Explosions/Remote violence,1
Ukraine,Explosions/Remote violence,1
Ukraine,Explosions/Remote violence,3
Ukraine,Explosions/Remote violence,1
Ukraine,Explosions/Remote violence,1
Ukraine,Explosions/Remote violence,2
Ukraine,Explosions/Remote violence,1
Ukraine,Explosions/Remote violence,5
Ukraine,Explosions/Remote violence,1
Ukraine,Explosions/Remote violence,3
Ukraine,Explosions/Remote violence,1
Ukraine,Explosions/Remote violence,4
Ukraine,Explosions/Remote violence,3
Ukraine,Explosions/Remote violence,1
Ukraine,Explosions/Remote violence,1
Ukraine,Explosions/Remote violence,1
Ukraine,Explosions/Remote violence,1
Ukraine,Explosions/Remote violence,1
Ukraine,Explosions/Remote violence,1
Ukraine,Explosions/Remote violence,1
Ukraine,Explosions/Remote violence,2
Ukraine,Explosions/Remote violence,2
Ukraine,Explosions/Remote violence,8
Ukraine,Explosions/Remote violence,1
Ukraine,Explosions/Remote violence,2
Ukraine,Explosions/Remote violence,2
Ukraine,Explosions/Remote violence,1
Ukraine,Explosions/Remote violence,1
Ukraine,Explosions/Remote violence,2
Ukraine,Explosions/Remote violence,5
Ukraine,Explosions/Remote violence,9
Ukraine,Explosions/Remote violence,2
Ukraine,Explosions/Remote violence,1
Ukraine,Explosions/Remote violence,5
Ukraine,Explosions/Remote violence,1
Ukraine,Explosions/Remote violence,4
Ukraine,Explosions/Remote violence,3
Ukraine,Explosions/Remote violence,4
Ukraine,Explosions/Remote violence,15
Ukraine,Explosions/Remote violence,1
Ukraine,Explosions/Remote violence,3
Ukraine,Explosions/Remote violence,8
Ukraine,Explosions/Remote violence,4
Ukraine,Explosions/Remote violence,2
Ukraine,Explosions/Remote violence,11
Ukraine,Explosions/Remote violence,2
Ukraine,Explosions/Remote violence,6
Ukraine,Explosions/Remote violence,2
Ukraine,Explosions/Remote violence,8
Ukraine,Explosions/Remote violence,2
Ukraine,Explosions/Remote violence,4
Ukraine,Explosions/Remote violence,3
Ukraine,Explosions/Remote violence,7
Ukraine,Explosions/Remote violence,2
Ukraine,Explosions/Remote violence,11
Ukraine,Explosions/Remote violence,2
Ukraine,Explosions/Remote violence,2
Ukraine,Explosions/Remote violence,4
Ukraine,Explosions/Remote violence,1
Ukraine,Explosions/Remote violence,3
Ukraine,Explosions/Remote violence,1
Ukraine,Explosions/Remote violence,8
Ukraine,Explosions/Remote violence,1
Ukraine,Explosions/Remote violence,5
Ukraine,Explosions/Remote violence,1
Ukraine,Explosions/Remote violence,4
Ukraine,Explosions/Remote violence,8
Ukraine,Explosions/Remote violence,6
Ukraine,Explosions/Remote violence,2
Ukraine,Explosions/Remote violence,8
Ukraine,Explosions/Remote violence,5
Ukraine,Explosions/Remote violence,9
Ukraine,Explosions/Remote violence,10
Ukraine,Explosions/Remote violence,3
Ukraine,Explosions/Remote violence,6
Ukraine,Explosions/Remote violence,5
Ukraine,Explosions/Remote violence,1
Ukraine,Explosions/Remote violence,10
Ukraine,Explosions/Remote violence,1
Ukraine,Explosions/Remote violence,5
Ukraine,Explosions/Remote violence,4
Ukraine,Explosions/Remote violence,7
Ukraine,Explosions/Remote violence,6
Ukraine,Explosions/Remote violence,1
Ukraine,Explosions/Remote violence,1
Ukraine,Explosions/Remote violence,1
Ukraine,Explosions/Remote violence,1
Ukraine,Explosions/Remote violence,1
Ukraine,Explosions/Remote violence,1
Ukraine,Explosions/Remote violence,1
Ukraine,Explosions/Remote violence,1
Ukraine,Explosions/Remote violence,1
Ukraine,Explosions/Remote violence,1
Ukraine,Explosions/Remote violence,1
Ukraine,Explosions/Remote violence,1
Ukraine,Explosions/Remote violence,1
Ukraine,Explosions/Remote violence,1
Ukraine,Explosions/Remote violence,1
Ukraine,Explosions/Remote violence,1
Ukraine,Explosions/Remote violence,1
Ukraine,Explosions/Remote violence,1
Ukraine,Explosions/Remote violence,1
Ukraine,Explosions/Remote violence,1
Ukraine,Explosions/Remote violence,1
Ukraine,Explosions/Remote violence,1
Ukraine,Explosions/Remote violence,1
Ukraine,Explosions/Remote violence,1
Ukraine,Explosions/Remote violence,1
Ukraine,Explosions/Remote violence,2
Ukraine,Explosions/Remote violence,1
Ukraine,Explosions/Remote violence,1
Ukraine,Explosions/Remote violence,1
Ukraine,Explosions/Remote violence,1
Ukraine,Explosions/Remote violence,1
Ukraine,Explosions/Remote violence,1
Ukraine,Explosions/Remote violence,4
Ukraine,Explosions/Remote violence,10
Ukraine,Explosions/Remote violence,4
Ukraine,Explosions/Remote violence,12
Ukraine,Explosions/Remote violence,10
Ukraine,Explosions/Remote violence,5
Ukraine,Explosions/Remote violence,2
Ukraine,Explosions/Remote violence,1
Ukraine,Explosions/Remote violence,4
Ukraine,Explosions/Remote violence,1
Ukraine,Explosions/Remote violence,1
Ukraine,Explosions/Remote violence,2
Ukraine,Explosions/Remote violence,1
Ukraine,Explosions/Remote violence,1
Ukraine,Explosions/Remote violence,3
Ukraine,Explosions/Remote violence,1
Ukraine,Explosions/Remote violence,1
Ukraine,Explosions/Remote violence,1
Ukraine,Explosions/Remote violence,1
Ukraine,Explosions/Remote violence,1
Ukraine,Explosions/Remote violence,1
Ukraine,Explosions/Remote violence,3
Ukraine,Explosions/Remote violence,1
Ukraine,Explosions/Remote violence,1
Ukraine,Explosions/Remote violence,5
Ukraine,Explosions/Remote violence,4
Ukraine,Explosions/Remote violence,2
Ukraine,Explosions/Remote violence,3
Ukraine,Explosions/Remote violence,4
Ukraine,Explosions/Remote violence,1
Ukraine,Explosions/Remote violence,1
Ukraine,Explosions/Remote violence,1
Ukraine,Explosions/Remote violence,2
Ukraine,Riots,1
Ukraine,Riots,2
Ukraine,Riots,1
Ukraine,Riots,1
Ukraine,Riots,1
Ukraine,Riots,1
Ukraine,Riots,1
Ukraine,Riots,1
Ukraine,Riots,1
Ukraine,Riots,1
Ukraine,Riots,1
Ukraine,Riots,1
Ukraine,Riots,1
Ukraine,Riots,1
Ukraine,Riots,1
Ukraine,Riots,1
Ukraine,Riots,2
Ukraine,Riots,1
Ukraine,Riots,1
Ukraine,Riots,1
Ukraine,Riots,1
Ukraine,Riots,1
Ukraine,Riots,2
Ukraine,Riots,2
Ukraine,Riots,1
Ukraine,Riots,1
Ukraine,Riots,1
Ukraine,Riots,1
Ukraine,Riots,1
Ukraine,Riots,1
Ukraine,Riots,1
Ukraine,Riots,1
Ukraine,Riots,2
Ukraine,Riots,1
Ukraine,Riots,1
Ukraine,Riots,2
Ukraine,Riots,1
Ukraine,Riots,1
Ukraine,Riots,1
Ukraine,Riots,1
Ukraine,Riots,1
Ukraine,Riots,1
Ukraine,Riots,2
Ukraine,Riots,1
Ukraine,Riots,1
Ukraine,Riots,1
Ukraine,Riots,1
Ukraine,Riots,1
Ukraine,Riots,1
Ukraine,Riots,1
Ukraine,Riots,1
Ukraine,Riots,1
Ukraine,Riots,2
Ukraine,Riots,1
Ukraine,Riots,1
Ukraine,Riots,1
Ukraine,Riots,1
Ukraine,Riots,1
Ukraine,Riots,1
Ukraine,Riots,1
Ukraine,Riots,2
Ukraine,Riots,1
Ukraine,Riots,1
Ukraine,Riots,2
Ukraine,Riots,2
Ukraine,Riots,2
Ukraine,Riots,3
Ukraine,Riots,1
Ukraine,Riots,1
Ukraine,Riots,3
Ukraine,Riots,1
Ukraine,Riots,1
Ukraine,Riots,7
Ukraine,Riots,1
Ukraine,Riots,2
Ukraine,Riots,1
Ukraine,Riots,1
Ukraine,Riots,1
Ukraine,Riots,1
Ukraine,Riots,3
Ukraine,Riots,1
Ukraine,Riots,1
Ukraine,Riots,2
Ukraine,Riots,1
Ukraine,Riots,1
Ukraine,Riots,1
Ukraine,Riots,1
Ukraine,Riots,1
Ukraine,Riots,1
Ukraine,Riots,1
Ukraine,Riots,1
Ukraine,Riots,1
Ukraine,Riots,1
Ukraine,Riots,2
Ukraine,Riots,1
Ukraine,Riots,1
Ukraine,Riots,1
Ukraine,Riots,1
Ukraine,Riots,1
Ukraine,Riots,1
Ukraine,Riots,4
Ukraine,Riots,1
Ukraine,Riots,1
Ukraine,Riots,1
Ukraine,Riots,1
Ukraine,Riots,1
Ukraine,Riots,1
Ukraine,Riots,1
Ukraine,Riots,1
Ukraine,Riots,1
Ukraine,Riots,1
Ukraine,Riots,2
Ukraine,Riots,1
Ukraine,Riots,1
Ukraine,Riots,1
Ukraine,Riots,1
Ukraine,Riots,1
Ukraine,Riots,1
Ukraine,Riots,1
Ukraine,Riots,1
Ukraine,Riots,1
Ukraine,Riots,1
Ukraine,Riots,1
Ukraine,Riots,1
Ukraine,Riots,1
Ukraine,Riots,1
Ukraine,Violence against civilians,2
Ukraine,Violence against civilians,1
Ukraine,Violence against civilians,3
Ukraine,Violence against civilians,1
Ukraine,Violence against civilians,1
Ukraine,Violence against civilians,1
Ukraine,Violence against civilians,1
Ukraine,Violence against civilians,1
Ukraine,Violence against civilians,1
Ukraine,Violence against civilians,1
Ukraine,Violence against civilians,2
Ukraine,Violence against civilians,1
Ukraine,Violence against civilians,1
Ukraine,Violence against civilians,1
Ukraine,Violence against civilians,2
Ukraine,Violence against civilians,1
Ukraine,Violence against civilians,1
Ukraine,Violence against civilians,1
Ukraine,Violence against civilians,1
Ukraine,Violence against civilians,1
Ukraine,Violence against civilians,1
Ukraine,Violence against civilians,1
Ukraine,Violence against civilians,1
Ukraine,Violence against civilians,1
Ukraine,Violence against civilians,1
Ukraine,Violence against civilians,2
Ukraine,Violence against civilians,1
Ukraine,Violence against civilians,2
Ukraine,Violence against civilians,2
Ukraine,Violence against civilians,1
Ukraine,Violence against civilians,1
Ukraine,Violence against civilians,1
Ukraine,Violence against civilians,1
Ukraine,Violence against civilians,1
Ukraine,Violence against civilians,1
Ukraine,Violence against civilians,2
Ukraine,Violence against civilians,1
Ukraine,Violence against civilians,1
Ukraine,Violence against civilians,1
Ukraine,Violence against civilians,1
Ukraine,Violence against civilians,2
Ukraine,Violence against civilians,1
Ukraine,Violence against civilians,1
Ukraine,Violence against civilians,1
Ukraine,Violence against civilians,1
Ukraine,Violence against civilians,1
Ukraine,Violence against civilians,1
Ukraine,Violence against civilians,1
Ukraine,Violence against civilians,3
Ukraine,Violence against civilians,1
Ukraine,Violence against civilians,4
Ukraine,Violence against civilians,1
Ukraine,Violence against civilians,1
Ukraine,Violence against civilians,1
Ukraine,Violence against civilians,1
Ukraine,Violence against civilians,1
Ukraine,Violence against civilians,1
Ukraine,Violence against civilians,1
Ukraine,Violence against civilians,1
Ukraine,Violence against civilians,2
Ukraine,Violence against civilians,1
Ukraine,Explosions/Remote violence,1
Ukraine,Explosions/Remote violence,1
Ukraine,Explosions/Remote violence,1
Ukraine,Explosions/Remote violence,1
Ukraine,Explosions/Remote violence,2
Ukraine,Explosions/Remote violence,1
Ukraine,Explosions/Remote violence,1
Ukraine,Explosions/Remote violence,1
Ukraine,Explosions/Remote violence,1
Ukraine,Explosions/Remote violence,1
Ukraine,Explosions/Remote violence,1
Ukraine,Explosions/Remote violence,3
Ukraine,Explosions/Remote violence,1
Ukraine,Explosions/Remote violence,1
Ukraine,Explosions/Remote violence,2
Ukraine,Explosions/Remote violence,11
Ukraine,Explosions/Remote violence,6
Ukraine,Explosions/Remote violence,4
Ukraine,Explosions/Remote violence,2
Ukraine,Explosions/Remote violence,3
Ukraine,Explosions/Remote violence,7
Ukraine,Explosions/Remote violence,8
Ukraine,Explosions/Remote violence,4
Ukraine,Explosions/Remote violence,10
Ukraine,Explosions/Remote violence,7
Ukraine,Explosions/Remote violence,9
Ukraine,Explosions/Remote violence,17
Ukraine,Explosions/Remote violence,8
Ukraine,Explosions/Remote violence,2
Ukraine,Explosions/Remote violence,1
Ukraine,Explosions/Remote violence,1
Ukraine,Explosions/Remote violence,1
Ukraine,Explosions/Remote violence,2
Ukraine,Explosions/Remote violence,1
Ukraine,Explosions/Remote violence,8
Ukraine,Explosions/Remote violence,1
Ukraine,Explosions/Remote violence,2
Ukraine,Explosions/Remote violence,4
Ukraine,Explosions/Remote violence,3
Ukraine,Explosions/Remote violence,1
Ukraine,Explosions/Remote violence,1
Ukraine,Explosions/Remote violence,7
Ukraine,Explosions/Remote violence,4
Ukraine,Explosions/Remote violence,3
Ukraine,Explosions/Remote violence,3
Ukraine,Explosions/Remote violence,7
Ukraine,Explosions/Remote violence,5
Ukraine,Explosions/Remote violence,9
Ukraine,Explosions/Remote violence,4
Ukraine,Explosions/Remote violence,1
Ukraine,Explosions/Remote violence,4
Ukraine,Explosions/Remote violence,6
Ukraine,Explosions/Remote violence,3
Ukraine,Explosions/Remote violence,6
Ukraine,Explosions/Remote violence,4
Ukraine,Explosions/Remote violence,9
Ukraine,Explosions/Remote violence,5
Ukraine,Explosions/Remote violence,14
Ukraine,Explosions/Remote violence,8
Ukraine,Explosions/Remote violence,7
Ukraine,Explosions/Remote violence,11
Ukraine,Explosions/Remote violence,13
Ukraine,Explosions/Remote violence,12
Ukraine,Explosions/Remote violence,13
Ukraine,Explosions/Remote violence,7
Ukraine,Explosions/Remote violence,6
Ukraine,Explosions/Remote violence,8
Ukraine,Explosions/Remote violence,10
Ukraine,Explosions/Remote violence,6
Ukraine,Explosions/Remote violence,4
Ukraine,Explosions/Remote violence,14
Ukraine,Explosions/Remote violence,9
Ukraine,Explosions/Remote violence,7
Ukraine,Explosions/Remote violence,13
Ukraine,Explosions/Remote violence,15
Ukraine,Explosions/Remote violence,21
Ukraine,Explosions/Remote violence,18
Ukraine,Explosions/Remote violence,24
Ukraine,Explosions/Remote violence,13
Ukraine,Explosions/Remote violence,14
Ukraine,Explosions/Remote violence,12
Ukraine,Explosions/Remote violence,7
Ukraine,Explosions/Remote violence,7
Ukraine,Explosions/Remote violence,6
Ukraine,Explosions/Remote violence,4
Ukraine,Explosions/Remote violence,5
Ukraine,Explosions/Remote violence,5
Ukraine,Explosions/Remote violence,9
Ukraine,Explosions/Remote violence,1
Ukraine,Explosions/Remote violence,4
Ukraine,Explosions/Remote violence,7
Ukraine,Explosions/Remote violence,11
Ukraine,Explosions/Remote violence,4
Ukraine,Explosions/Remote violence,4
Ukraine,Explosions/Remote violence,2
Ukraine,Explosions/Remote violence,6
Ukraine,Explosions/Remote violence,3
Ukraine,Explosions/Remote violence,6
Ukraine,Explosions/Remote violence,4
Ukraine,Explosions/Remote violence,8
Ukraine,Explosions/Remote violence,5
Ukraine,Explosions/Remote violence,2
Ukraine,Explosions/Remote violence,4
Ukraine,Explosions/Remote violence,5
Ukraine,Explosions/Remote violence,5
Ukraine,Explosions/Remote violence,2
Ukraine,Explosions/Remote violence,2
Ukraine,Explosions/Remote violence,2
Ukraine,Explosions/Remote violence,4
Ukraine,Explosions/Remote violence,5
Ukraine,Explosions/Remote violence,4
Ukraine,Explosions/Remote violence,2
Ukraine,Explosions/Remote violence,1
Ukraine,Explosions/Remote violence,1
Ukraine,Explosions/Remote violence,2
Ukraine,Explosions/Remote violence,3
Ukraine,Explosions/Remote violence,2
Ukraine,Explosions/Remote violence,3
Ukraine,Explosions/Remote violence,1
Ukraine,Explosions/Remote violence,1
Ukraine,Explosions/Remote violence,6
Ukraine,Explosions/Remote violence,1
Ukraine,Explosions/Remote violence,6
Ukraine,Explosions/Remote violence,2
Ukraine,Explosions/Remote violence,6
Ukraine,Explosions/Remote violence,3
Ukraine,Explosions/Remote violence,4
Ukraine,Explosions/Remote violence,4
Ukraine,Explosions/Remote violence,4
Ukraine,Explosions/Remote violence,5
Ukraine,Explosions/Remote violence,4
Ukraine,Explosions/Remote violence,6
Ukraine,Explosions/Remote violence,3
Ukraine,Explosions/Remote violence,4
Ukraine,Explosions/Remote violence,2
Ukraine,Explosions/Remote violence,6
Ukraine,Explosions/Remote violence,4
Ukraine,Explosions/Remote violence,2
Ukraine,Explosions/Remote violence,4
Ukraine,Explosions/Remote violence,1
Ukraine,Explosions/Remote violence,1
Ukraine,Explosions/Remote violence,1
Ukraine,Explosions/Remote violence,3
Ukraine,Explosions/Remote violence,4
Ukraine,Explosions/Remote violence,2
Ukraine,Explosions/Remote violence,8
Ukraine,Explosions/Remote violence,3
Ukraine,Explosions/Remote violence,4
Ukraine,Explosions/Remote violence,3
Ukraine,Explosions/Remote violence,3
Ukraine,Explosions/Remote violence,7
Ukraine,Explosions/Remote violence,3
Ukraine,Explosions/Remote violence,1
Ukraine,Explosions/Remote violence,1
Ukraine,Explosions/Remote violence,3
Ukraine,Explosions/Remote violence,5
Ukraine,Explosions/Remote violence,2
Ukraine,Explosions/Remote violence,4
Ukraine,Explosions/Remote violence,6
Ukraine,Explosions/Remote violence,5
Ukraine,Explosions/Remote violence,1
Ukraine,Explosions/Remote violence,3
Ukraine,Explosions/Remote violence,7
Ukraine,Explosions/Remote violence,5
Ukraine,Explosions/Remote violence,6
Ukraine,Explosions/Remote violence,1
Ukraine,Explosions/Remote violence,3
Ukraine,Explosions/Remote violence,6
Ukraine,Explosions/Remote violence,5
Ukraine,Explosions/Remote violence,5
Ukraine,Explosions/Remote violence,3
Ukraine,Explosions/Remote violence,5
Ukraine,Explosions/Remote violence,3
Ukraine,Explosions/Remote violence,5
Ukraine,Explosions/Remote violence,11
Ukraine,Explosions/Remote violence,3
Ukraine,Explosions/Remote violence,1
Ukraine,Explosions/Remote violence,1
Ukraine,Explosions/Remote violence,1
Ukraine,Explosions/Remote violence,1
Ukraine,Explosions/Remote violence,1
Ukraine,Explosions/Remote violence,1
Ukraine,Explosions/Remote violence,1
Ukraine,Explosions/Remote violence,1
Ukraine,Explosions/Remote violence,1
Ukraine,Explosions/Remote violence,1
Ukraine,Explosions/Remote violence,1
Ukraine,Explosions/Remote violence,1
Ukraine,Explosions/Remote violence,1
Ukraine,Explosions/Remote violence,2
Ukraine,Explosions/Remote violence,2
Ukraine,Explosions/Remote violence,3
Ukraine,Explosions/Remote violence,2
Ukraine,Explosions/Remote violence,3
Ukraine,Explosions/Remote violence,1
Ukraine,Explosions/Remote violence,2
Ukraine,Explosions/Remote violence,2
Ukraine,Explosions/Remote violence,1
Ukraine,Explosions/Remote violence,1
Ukraine,Explosions/Remote violence,1
Ukraine,Explosions/Remote violence,2
Ukraine,Explosions/Remote violence,2
Ukraine,Explosions/Remote violence,2
Ukraine,Explosions/Remote violence,1
Ukraine,Explosions/Remote violence,1
Ukraine,Explosions/Remote violence,1
Ukraine,Explosions/Remote violence,2
Ukraine,Explosions/Remote violence,1
Ukraine,Explosions/Remote violence,2
Ukraine,Explosions/Remote violence,2
Ukraine,Explosions/Remote violence,1
Ukraine,Explosions/Remote violence,1
Ukraine,Explosions/Remote violence,2
Ukraine,Explosions/Remote violence,2
Ukraine,Explosions/Remote violence,1
Ukraine,Explosions/Remote violence,1
Ukraine,Explosions/Remote violence,1
Ukraine,Explosions/Remote violence,1
Ukraine,Explosions/Remote violence,1
Ukraine,Explosions/Remote violence,1
Ukraine,Explosions/Remote violence,1
Ukraine,Explosions/Remote violence,1
Ukraine,Explosions/Remote violence,2
Ukraine,Explosions/Remote violence,1
Ukraine,Explosions/Remote violence,2
Ukraine,Explosions/Remote violence,1
Ukraine,Explosions/Remote violence,2
Ukraine,Explosions/Remote violence,1
Ukraine,Explosions/Remote violence,1
Ukraine,Explosions/Remote violence,1
Ukraine,Explosions/Remote violence,4
Ukraine,Explosions/Remote violence,1
Ukraine,Explosions/Remote violence,1
Ukraine,Explosions/Remote violence,1
Ukraine,Explosions/Remote violence,2
Ukraine,Explosions/Remote violence,2
Ukraine,Explosions/Remote violence,3
Ukraine,Explosions/Remote violence,2
Ukraine,Explosions/Remote violence,1
Ukraine,Explosions/Remote violence,1
Ukraine,Explosions/Remote violence,1
Ukraine,Explosions/Remote violence,1
Ukraine,Explosions/Remote violence,1
Ukraine,Explosions/Remote violence,2
Ukraine,Explosions/Remote violence,2
Ukraine,Explosions/Remote violence,1
Ukraine,Explosions/Remote violence,1
Ukraine,Explosions/Remote violence,1
Ukraine,Explosions/Remote violence,1
Ukraine,Explosions/Remote violence,4
Ukraine,Explosions/Remote violence,1
Ukraine,Explosions/Remote violence,3
Ukraine,Explosions/Remote violence,2
Ukraine,Explosions/Remote violence,2
Ukraine,Explosions/Remote violence,5
Ukraine,Explosions/Remote violence,2
Ukraine,Explosions/Remote violence,1
Ukraine,Explosions/Remote violence,2
Ukraine,Explosions/Remote violence,2
Ukraine,Explosions/Remote violence,1
Ukraine,Explosions/Remote violence,2
Ukraine,Explosions/Remote violence,1
Ukraine,Explosions/Remote violence,1
Ukraine,Explosions/Remote violence,1
Ukraine,Explosions/Remote violence,1
Ukraine,Explosions/Remote violence,1
Ukraine,Explosions/Remote violence,1
Ukraine,Explosions/Remote violence,5
Ukraine,Explosions/Remote violence,1
Ukraine,Explosions/Remote violence,1
Ukraine,Explosions/Remote violence,2
Ukraine,Explosions/Remote violence,1
Ukraine,Explosions/Remote violence,1
Ukraine,Explosions/Remote violence,1
Ukraine,Explosions/Remote violence,1
Ukraine,Explosions/Remote violence,2
Ukraine,Explosions/Remote violence,1
Ukraine,Explosions/Remote violence,1
Ukraine,Explosions/Remote violence,1
Ukraine,Explosions/Remote violence,1
Ukraine,Explosions/Remote violence,1
Ukraine,Explosions/Remote violence,1
Ukraine,Explosions/Remote violence,1
Ukraine,Explosions/Remote violence,1
Ukraine,Explosions/Remote violence,2
Ukraine,Explosions/Remote violence,2
Ukraine,Explosions/Remote violence,2
Ukraine,Explosions/Remote violence,1
Ukraine,Explosions/Remote violence,2
Ukraine,Explosions/Remote violence,1
Ukraine,Explosions/Remote violence,1
Ukraine,Explosions/Remote violence,2
Ukraine,Explosions/Remote violence,1
Ukraine,Explosions/Remote violence,2
Ukraine,Explosions/Remote violence,1
Ukraine,Explosions/Remote violence,1
Ukraine,Explosions/Remote violence,1
Ukraine,Explosions/Remote violence,1
Ukraine,Explosions/Remote violence,2
Ukraine,Explosions/Remote violence,1
Ukraine,Explosions/Remote violence,1
Ukraine,Explosions/Remote violence,1
Ukraine,Explosions/Remote violence,2
Ukraine,Explosions/Remote violence,2
Ukraine,Explosions/Remote violence,1
Ukraine,Explosions/Remote violence,1
Ukraine,Explosions/Remote violence,1
Ukraine,Explosions/Remote violence,1
Ukraine,Explosions/Remote violence,1
Ukraine,Explosions/Remote violence,1
Ukraine,Explosions/Remote violence,2
Ukraine,Explosions/Remote violence,2
Ukraine,Explosions/Remote violence,1
Ukraine,Explosions/Remote violence,1
Ukraine,Explosions/Remote violence,1
Ukraine,Explosions/Remote violence,1
Ukraine,Explosions/Remote violence,5
Ukraine,Explosions/Remote violence,18
Ukraine,Explosions/Remote violence,26
Ukraine,Explosions/Remote violence,21
Ukraine,Explosions/Remote violence,28
Ukraine,Explosions/Remote violence,40
Ukraine,Explosions/Remote violence,32
Ukraine,Explosions/Remote violence,60
Ukraine,Explosions/Remote violence,38
Ukraine,Explosions/Remote violence,19
Ukraine,Explosions/Remote violence,25
Ukraine,Explosions/Remote violence,6
Ukraine,Explosions/Remote violence,20
Ukraine,Explosions/Remote violence,17
Ukraine,Explosions/Remote violence,40
Ukraine,Explosions/Remote violence,42
Ukraine,Explosions/Remote violence,36
Ukraine,Explosions/Remote violence,31
Ukraine,Explosions/Remote violence,46
Ukraine,Explosions/Remote violence,47
Ukraine,Explosions/Remote violence,41
Ukraine,Explosions/Remote violence,31
Ukraine,Explosions/Remote violence,36
Ukraine,Explosions/Remote violence,36
Ukraine,Explosions/Remote violence,33
Ukraine,Explosions/Remote violence,55
Ukraine,Explosions/Remote violence,14
Ukraine,Explosions/Remote violence,21
Ukraine,Explosions/Remote violence,18
Ukraine,Explosions/Remote violence,17
Ukraine,Explosions/Remote violence,12
Ukraine,Explosions/Remote violence,16
Ukraine,Explosions/Remote violence,23
Ukraine,Explosions/Remote violence,34
Ukraine,Explosions/Remote violence,19
Ukraine,Explosions/Remote violence,11
Ukraine,Explosions/Remote violence,19
Ukraine,Explosions/Remote violence,21
Ukraine,Explosions/Remote violence,23
Ukraine,Explosions/Remote violence,36
Ukraine,Explosions/Remote violence,43
Ukraine,Explosions/Remote violence,42
Ukraine,Explosions/Remote violence,20
Ukraine,Explosions/Remote violence,36
Ukraine,Explosions/Remote violence,46
Ukraine,Explosions/Remote violence,32
Ukraine,Explosions/Remote violence,31
Ukraine,Explosions/Remote violence,39
Ukraine,Explosions/Remote violence,20
Ukraine,Explosions/Remote violence,43
Ukraine,Explosions/Remote violence,32
Ukraine,Explosions/Remote violence,42
Ukraine,Explosions/Remote violence,22
Ukraine,Explosions/Remote violence,23
Ukraine,Explosions/Remote violence,24
Ukraine,Explosions/Remote violence,26
Ukraine,Explosions/Remote violence,38
Ukraine,Explosions/Remote violence,48
Ukraine,Explosions/Remote violence,40
Ukraine,Explosions/Remote violence,58
Ukraine,Explosions/Remote violence,23
Ukraine,Explosions/Remote violence,63
Ukraine,Explosions/Remote violence,30
Ukraine,Explosions/Remote violence,72
Ukraine,Explosions/Remote violence,56
Ukraine,Explosions/Remote violence,66
Ukraine,Explosions/Remote violence,79
Ukraine,Explosions/Remote violence,38
Ukraine,Explosions/Remote violence,53
Ukraine,Explosions/Remote violence,34
Ukraine,Explosions/Remote violence,43
Ukraine,Explosions/Remote violence,53
Ukraine,Explosions/Remote violence,33
Ukraine,Explosions/Remote violence,41
Ukraine,Explosions/Remote violence,26
Ukraine,Explosions/Remote violence,47
Ukraine,Explosions/Remote violence,34
Ukraine,Explosions/Remote violence,25
Ukraine,Explosions/Remote violence,37
Ukraine,Explosions/Remote violence,49
Ukraine,Explosions/Remote violence,36
Ukraine,Explosions/Remote violence,27
Ukraine,Explosions/Remote violence,26
Ukraine,Explosions/Remote violence,13
Ukraine,Explosions/Remote violence,21
Ukraine,Explosions/Remote violence,18
Ukraine,Explosions/Remote violence,16
Ukraine,Explosions/Remote violence,27
Ukraine,Explosions/Remote violence,23
Ukraine,Explosions/Remote violence,20
Ukraine,Explosions/Remote violence,25
Ukraine,Explosions/Remote violence,46
Ukraine,Explosions/Remote violence,21
Ukraine,Explosions/Remote violence,34
Ukraine,Explosions/Remote violence,34
Ukraine,Explosions/Remote violence,20
Ukraine,Explosions/Remote violence,37
Ukraine,Explosions/Remote violence,33
Ukraine,Explosions/Remote violence,21
Ukraine,Explosions/Remote violence,19
Ukraine,Explosions/Remote violence,9
Ukraine,Explosions/Remote violence,13
Ukraine,Explosions/Remote violence,20
Ukraine,Explosions/Remote violence,33
Ukraine,Explosions/Remote violence,27
Ukraine,Explosions/Remote violence,19
Ukraine,Explosions/Remote violence,56
Ukraine,Explosions/Remote violence,33
Ukraine,Explosions/Remote violence,56
Ukraine,Explosions/Remote violence,51
Ukraine,Explosions/Remote violence,31
Ukraine,Explosions/Remote violence,62
Ukraine,Explosions/Remote violence,48
Ukraine,Explosions/Remote violence,57
Ukraine,Explosions/Remote violence,45
Ukraine,Explosions/Remote violence,59
Ukraine,Explosions/Remote violence,57
Ukraine,Explosions/Remote violence,43
Ukraine,Explosions/Remote violence,47
Ukraine,Explosions/Remote violence,17
Ukraine,Explosions/Remote violence,36
Ukraine,Explosions/Remote violence,49
Ukraine,Explosions/Remote violence,45
Ukraine,Explosions/Remote violence,44
Ukraine,Explosions/Remote violence,55
Ukraine,Explosions/Remote violence,33
Ukraine,Explosions/Remote violence,9
Ukraine,Explosions/Remote violence,28
Ukraine,Explosions/Remote violence,42
Ukraine,Explosions/Remote violence,33
Ukraine,Explosions/Remote violence,35
Ukraine,Explosions/Remote violence,31
Ukraine,Explosions/Remote violence,44
Ukraine,Explosions/Remote violence,44
Ukraine,Explosions/Remote violence,4
Ukraine,Explosions/Remote violence,3
Ukraine,Explosions/Remote violence,2
Ukraine,Explosions/Remote violence,2
Ukraine,Explosions/Remote violence,1
Ukraine,Explosions/Remote violence,6
Ukraine,Explosions/Remote violence,6
Ukraine,Explosions/Remote violence,7
Ukraine,Explosions/Remote violence,5
Ukraine,Explosions/Remote violence,14
Ukraine,Explosions/Remote violence,9
Ukraine,Explosions/Remote violence,6
Ukraine,Explosions/Remote violence,1
Ukraine,Explosions/Remote violence,3
Ukraine,Explosions/Remote violence,9
Ukraine,Explosions/Remote violence,9
Ukraine,Explosions/Remote violence,3
Ukraine,Explosions/Remote violence,12
Ukraine,Explosions/Remote violence,9
Ukraine,Explosions/Remote violence,8
Ukraine,Explosions/Remote violence,13
Ukraine,Explosions/Remote violence,6
Ukraine,Explosions/Remote violence,9
Ukraine,Explosions/Remote violence,6
Ukraine,Explosions/Remote violence,1
Ukraine,Explosions/Remote violence,9
Ukraine,Explosions/Remote violence,8
Ukraine,Explosions/Remote violence,9
Ukraine,Explosions/Remote violence,8
Ukraine,Explosions/Remote violence,9
Ukraine,Explosions/Remote violence,9
Ukraine,Explosions/Remote violence,23
Ukraine,Explosions/Remote violence,6
Ukraine,Explosions/Remote violence,3
Ukraine,Explosions/Remote violence,19
Ukraine,Explosions/Remote violence,16
Ukraine,Explosions/Remote violence,29
Ukraine,Explosions/Remote violence,16
Ukraine,Explosions/Remote violence,30
Ukraine,Explosions/Remote violence,25
Ukraine,Explosions/Remote violence,25
Ukraine,Explosions/Remote violence,32
Ukraine,Explosions/Remote violence,31
Ukraine,Explosions/Remote violence,11
Ukraine,Explosions/Remote violence,5
Ukraine,Explosions/Remote violence,18
Ukraine,Explosions/Remote violence,25
Ukraine,Explosions/Remote violence,12
Ukraine,Explosions/Remote violence,45
Ukraine,Explosions/Remote violence,33
Ukraine,Explosions/Remote violence,20
Ukraine,Explosions/Remote violence,30
Ukraine,Explosions/Remote violence,12
Ukraine,Explosions/Remote violence,11
Ukraine,Explosions/Remote violence,21
Ukraine,Explosions/Remote violence,11
Ukraine,Explosions/Remote violence,27
Ukraine,Explosions/Remote violence,24
Ukraine,Explosions/Remote violence,17
Ukraine,Explosions/Remote violence,35
Ukraine,Explosions/Remote violence,25
Ukraine,Explosions/Remote violence,27
Ukraine,Explosions/Remote violence,43
Ukraine,Explosions/Remote violence,32
Ukraine,Explosions/Remote violence,35
Ukraine,Explosions/Remote violence,38
Ukraine,Explosions/Remote violence,38
Ukraine,Explosions/Remote violence,84
Ukraine,Explosions/Remote violence,32
Ukraine,Explosions/Remote violence,14
Ukraine,Explosions/Remote violence,15
Ukraine,Explosions/Remote violence,35
Ukraine,Explosions/Remote violence,27
Ukraine,Explosions/Remote violence,10
Ukraine,Explosions/Remote violence,11
Ukraine,Explosions/Remote violence,29
Ukraine,Explosions/Remote violence,16
Ukraine,Explosions/Remote violence,20
Ukraine,Explosions/Remote violence,20
Ukraine,Explosions/Remote violence,13
Ukraine,Explosions/Remote violence,107
Ukraine,Explosions/Remote violence,218
Ukraine,Explosions/Remote violence,27
Ukraine,Explosions/Remote violence,52
Ukraine,Explosions/Remote violence,48
Ukraine,Explosions/Remote violence,36
Ukraine,Explosions/Remote violence,33
Ukraine,Explosions/Remote violence,54
Ukraine,Explosions/Remote violence,57
Ukraine,Explosions/Remote violence,43
Ukraine,Explosions/Remote violence,51
Ukraine,Explosions/Remote violence,44
Ukraine,Explosions/Remote violence,30
Ukraine,Explosions/Remote violence,58
Ukraine,Explosions/Remote violence,41
Ukraine,Explosions/Remote violence,40
Ukraine,Explosions/Remote violence,49
Ukraine,Explosions/Remote violence,52
Ukraine,Explosions/Remote violence,48
Ukraine,Explosions/Remote violence,29
Ukraine,Explosions/Remote violence,11
Ukraine,Explosions/Remote violence,14
Ukraine,Explosions/Remote violence,10
Ukraine,Explosions/Remote violence,15
Ukraine,Explosions/Remote violence,8
Ukraine,Explosions/Remote violence,2
Ukraine,Explosions/Remote violence,11
Ukraine,Explosions/Remote violence,8
Ukraine,Explosions/Remote violence,4
Ukraine,Explosions/Remote violence,1
Ukraine,Explosions/Remote violence,14
Ukraine,Explosions/Remote violence,23
Ukraine,Explosions/Remote violence,35
Ukraine,Explosions/Remote violence,15
Ukraine,Explosions/Remote violence,27
Ukraine,Explosions/Remote violence,36
Ukraine,Explosions/Remote violence,47
Ukraine,Explosions/Remote violence,36
Ukraine,Explosions/Remote violence,57
Ukraine,Explosions/Remote violence,47
Ukraine,Explosions/Remote violence,41
Ukraine,Explosions/Remote violence,38
Ukraine,Explosions/Remote violence,37
Ukraine,Explosions/Remote violence,38
Ukraine,Explosions/Remote violence,36
Ukraine,Explosions/Remote violence,36
Ukraine,Explosions/Remote violence,35
Ukraine,Explosions/Remote violence,44
Ukraine,Explosions/Remote violence,47
Ukraine,Explosions/Remote violence,46
Ukraine,Explosions/Remote violence,37
Ukraine,Explosions/Remote violence,43
Ukraine,Explosions/Remote violence,35
Ukraine,Explosions/Remote violence,30
Ukraine,Explosions/Remote violence,21
Ukraine,Explosions/Remote violence,29
Ukraine,Explosions/Remote violence,26
Ukraine,Explosions/Remote violence,22
Ukraine,Explosions/Remote violence,21
Ukraine,Explosions/Remote violence,31
Ukraine,Explosions/Remote violence,24
Ukraine,Explosions/Remote violence,21
Ukraine,Explosions/Remote violence,21
Ukraine,Explosions/Remote violence,28
Ukraine,Explosions/Remote violence,27
Ukraine,Explosions/Remote violence,26
Ukraine,Explosions/Remote violence,25
Ukraine,Explosions/Remote violence,16
Ukraine,Explosions/Remote violence,22
Ukraine,Explosions/Remote violence,15
Ukraine,Explosions/Remote violence,9
Ukraine,Explosions/Remote violence,11
Ukraine,Explosions/Remote violence,12
Ukraine,Explosions/Remote violence,8
Ukraine,Explosions/Remote violence,17
Ukraine,Explosions/Remote violence,15
Ukraine,Explosions/Remote violence,16
Ukraine,Explosions/Remote violence,9
Ukraine,Explosions/Remote violence,16
Ukraine,Explosions/Remote violence,15
Ukraine,Explosions/Remote violence,27
Ukraine,Explosions/Remote violence,17
Ukraine,Explosions/Remote violence,17
Ukraine,Explosions/Remote violence,10
Ukraine,Explosions/Remote violence,9
Ukraine,Explosions/Remote violence,14
Ukraine,Explosions/Remote violence,9
Ukraine,Explosions/Remote violence,11
Ukraine,Explosions/Remote violence,13
Ukraine,Explosions/Remote violence,11
Ukraine,Explosions/Remote violence,12
Ukraine,Explosions/Remote violence,12
Ukraine,Explosions/Remote violence,16
Ukraine,Explosions/Remote violence,12
Ukraine,Explosions/Remote violence,13
Ukraine,Explosions/Remote violence,13
Ukraine,Explosions/Remote violence,12
Ukraine,Explosions/Remote violence,9
Ukraine,Explosions/Remote violence,16
Ukraine,Explosions/Remote violence,13
Ukraine,Explosions/Remote violence,9
Ukraine,Explosions/Remote violence,9
Ukraine,Explosions/Remote violence,13
Ukraine,Explosions/Remote violence,8
Ukraine,Explosions/Remote violence,6
Ukraine,Explosions/Remote violence,13
Ukraine,Explosions/Remote violence,8
Ukraine,Explosions/Remote violence,18
Ukraine,Explosions/Remote violence,3
Ukraine,Explosions/Remote violence,7
Ukraine,Explosions/Remote violence,5
Ukraine,Explosions/Remote violence,9
Ukraine,Explosions/Remote violence,6
Ukraine,Explosions/Remote violence,11
Ukraine,Explosions/Remote violence,8
Ukraine,Explosions/Remote violence,7
Ukraine,Explosions/Remote violence,9
Ukraine,Explosions/Remote violence,7
Ukraine,Explosions/Remote violence,8
Ukraine,Explosions/Remote violence,1
Ukraine,Explosions/Remote violence,2
Ukraine,Explosions/Remote violence,2
Ukraine,Explosions/Remote violence,2
Ukraine,Explosions/Remote violence,4
Ukraine,Explosions/Remote violence,2
Ukraine,Explosions/Remote violence,3
Ukraine,Explosions/Remote violence,4
Ukraine,Explosions/Remote violence,1
Ukraine,Explosions/Remote violence,5
Ukraine,Explosions/Remote violence,5
Ukraine,Explosions/Remote violence,4
Ukraine,Explosions/Remote violence,2
Ukraine,Explosions/Remote violence,2
Ukraine,Explosions/Remote violence,5
Ukraine,Explosions/Remote violence,4
Ukraine,Explosions/Remote violence,3
Ukraine,Explosions/Remote violence,1
Ukraine,Explosions/Remote violence,4
Ukraine,Explosions/Remote violence,1
Ukraine,Explosions/Remote violence,6
Ukraine,Explosions/Remote violence,1
Ukraine,Explosions/Remote violence,1
Ukraine,Explosions/Remote violence,1
Ukraine,Explosions/Remote violence,2
Ukraine,Explosions/Remote violence,1
Ukraine,Explosions/Remote violence,1
Ukraine,Explosions/Remote violence,1
Ukraine,Explosions/Remote violence,2
Ukraine,Explosions/Remote violence,1
Ukraine,Explosions/Remote violence,2
Ukraine,Explosions/Remote violence,1
Ukraine,Explosions/Remote violence,2
Ukraine,Explosions/Remote violence,2
Ukraine,Explosions/Remote violence,1
Ukraine,Explosions/Remote violence,2
Ukraine,Explosions/Remote violence,1
Ukraine,Explosions/Remote violence,1
Ukraine,Explosions/Remote violence,2
Ukraine,Explosions/Remote violence,4
Ukraine,Explosions/Remote violence,5
Ukraine,Explosions/Remote violence,1
Ukraine,Explosions/Remote violence,1
Ukraine,Explosions/Remote violence,1
Ukraine,Explosions/Remote violence,2
Ukraine,Explosions/Remote violence,1
Ukraine,Explosions/Remote violence,2
Ukraine,Explosions/Remote violence,3
Ukraine,Explosions/Remote violence,1
Ukraine,Explosions/Remote violence,2
Ukraine,Explosions/Remote violence,1
Ukraine,Explosions/Remote violence,1
Ukraine,Explosions/Remote violence,1
Ukraine,Riots,1
Ukraine,Riots,1
Ukraine,Violence against civilians,1
Ukraine,Violence against civilians,1
Ukraine,Violence against civilians,1
Ukraine,Violence against civilians,1
Ukraine,Violence against civilians,1
Ukraine,Violence against civilians,1
Ukraine,Violence against civilians,2
Ukraine,Violence against civilians,1
Ukraine,Violence against civilians,1
Ukraine,Violence against civilians,2
Ukraine,Violence against civilians,1
Ukraine,Violence against civilians,3
Ukraine,Violence against civilians,1
Ukraine,Violence against civilians,1
Ukraine,Violence against civilians,2
Ukraine,Violence against civilians,1
Ukraine,Violence against civilians,1
Ukraine,Violence against civilians,1
Ukraine,Violence against civilians,1
Ukraine,Violence against civilians,1
Ukraine,Violence against civilians,1
Ukraine,Violence against civilians,1
Ukraine,Violence against civilians,1
Ukraine,Violence against civilians,1
Ukraine,Violence against civilians,1
Ukraine,Violence against civilians,1
Ukraine,Violence against civilians,1
Ukraine,Violence against civilians,1
Ukraine,Violence against civilians,2
Ukraine,Violence against civilians,1
Ukraine,Violence against civilians,1
Ukraine,Violence against civilians,1
Ukraine,Violence against civilians,1
Ukraine,Violence against civilians,1
Ukraine,Violence against civilians,1
Ukraine,Violence against civilians,1
Ukraine,Violence against civilians,1
Ukraine,Violence against civilians,5
Ukraine,Violence against civilians,1
Ukraine,Violence against civilians,3
Ukraine,Violence against civilians,1
Ukraine,Violence against civilians,1
Ukraine,Violence against civilians,1
Ukraine,Violence against civilians,1
Ukraine,Violence against civilians,1
Ukraine,Violence against civilians,1
Ukraine,Violence against civilians,1
Ukraine,Violence against civilians,1
Ukraine,Violence against civilians,2
Ukraine,Violence against civilians,1
Ukraine,Violence against civilians,1
Ukraine,Violence against civilians,1
Ukraine,Violence against civilians,1
Ukraine,Violence against civilians,1
Ukraine,Explosions/Remote violence,1
Ukraine,Explosions/Remote violence,1
Ukraine,Explosions/Remote violence,2
Ukraine,Explosions/Remote violence,1
Ukraine,Explosions/Remote violence,1
Ukraine,Explosions/Remote violence,1
Ukraine,Explosions/Remote violence,1
Ukraine,Explosions/Remote violence,2
Ukraine,Explosions/Remote violence,1
Ukraine,Explosions/Remote violence,1
Ukraine,Explosions/Remote violence,2
Ukraine,Explosions/Remote violence,2
Ukraine,Explosions/Remote violence,1
Ukraine,Explosions/Remote violence,1
Ukraine,Explosions/Remote violence,2
Ukraine,Explosions/Remote violence,2
Ukraine,Explosions/Remote violence,1
Ukraine,Explosions/Remote violence,3
Ukraine,Explosions/Remote violence,2
Ukraine,Explosions/Remote violence,2
Ukraine,Explosions/Remote violence,2
Ukraine,Explosions/Remote violence,1
Ukraine,Explosions/Remote violence,1
Ukraine,Explosions/Remote violence,2
Ukraine,Explosions/Remote violence,2
Ukraine,Explosions/Remote violence,2
Ukraine,Explosions/Remote violence,1
Ukraine,Explosions/Remote violence,2
Ukraine,Explosions/Remote violence,2
Ukraine,Explosions/Remote violence,2
Ukraine,Explosions/Remote violence,1
Ukraine,Explosions/Remote violence,1
Ukraine,Explosions/Remote violence,1
Ukraine,Explosions/Remote violence,1
Ukraine,Explosions/Remote violence,1
Ukraine,Explosions/Remote violence,1
Ukraine,Explosions/Remote violence,1
Ukraine,Explosions/Remote violence,1
Ukraine,Explosions/Remote violence,1
Ukraine,Explosions/Remote violence,2
Ukraine,Explosions/Remote violence,1
Ukraine,Explosions/Remote violence,1
Ukraine,Explosions/Remote violence,1
Ukraine,Explosions/Remote violence,1
Ukraine,Explosions/Remote violence,3
Ukraine,Explosions/Remote violence,2
Ukraine,Explosions/Remote violence,1
Ukraine,Explosions/Remote violence,1
Ukraine,Explosions/Remote violence,2
Ukraine,Explosions/Remote violence,1
Ukraine,Explosions/Remote violence,1
Ukraine,Explosions/Remote violence,3
Ukraine,Explosions/Remote violence,1
Ukraine,Explosions/Remote violence,1
Ukraine,Explosions/Remote violence,1
Ukraine,Explosions/Remote violence,3
Ukraine,Explosions/Remote violence,2
Ukraine,Explosions/Remote violence,1
Ukraine,Explosions/Remote violence,1
Ukraine,Explosions/Remote violence,1
Ukraine,Explosions/Remote violence,1
Ukraine,Explosions/Remote violence,1
Ukraine,Explosions/Remote violence,1
Ukraine,Explosions/Remote violence,1
Ukraine,Explosions/Remote violence,1
Ukraine,Explosions/Remote violence,1
Ukraine,Explosions/Remote violence,1
Ukraine,Explosions/Remote violence,1
Ukraine,Explosions/Remote violence,2
Ukraine,Riots,1
Ukraine,Riots,1
Ukraine,Riots,1
Ukraine,Riots,1
Ukraine,Riots,1
Ukraine,Riots,1
Ukraine,Riots,1
Ukraine,Riots,1
Ukraine,Riots,1
Ukraine,Riots,1
Ukraine,Riots,1
Ukraine,Riots,1
Ukraine,Riots,3
Ukraine,Riots,1
Ukraine,Riots,1
Ukraine,Riots,1
Ukraine,Riots,1
Ukraine,Riots,1
Ukraine,Riots,1
Ukraine,Riots,1
Ukraine,Violence against civilians,1
Ukraine,Violence against civilians,1
Ukraine,Violence against civilians,1
Ukraine,Violence against civilians,1
Ukraine,Violence against civilians,1
Ukraine,Violence against civilians,1
Ukraine,Violence against civilians,2
Ukraine,Violence against civilians,1
Ukraine,Violence against civilians,1
Ukraine,Violence against civilians,1
Ukraine,Violence against civilians,1
Ukraine,Violence against civilians,1
Ukraine,Violence against civilians,1
Ukraine,Violence against civilians,1
Ukraine,Explosions/Remote violence,2
Ukraine,Explosions/Remote violence,2
Ukraine,Explosions/Remote violence,1
Ukraine,Explosions/Remote violence,6
Ukraine,Explosions/Remote violence,1
Ukraine,Explosions/Remote violence,1
Ukraine,Explosions/Remote violence,3
Ukraine,Explosions/Remote violence,2
Ukraine,Explosions/Remote violence,1
Ukraine,Explosions/Remote violence,1
Ukraine,Explosions/Remote violence,4
Ukraine,Explosions/Remote violence,3
Ukraine,Explosions/Remote violence,1
Ukraine,Explosions/Remote violence,3
Ukraine,Explosions/Remote violence,7
Ukraine,Explosions/Remote violence,7
Ukraine,Explosions/Remote violence,24
Ukraine,Explosions/Remote violence,21
Ukraine,Explosions/Remote violence,10
Ukraine,Explosions/Remote violence,12
Ukraine,Explosions/Remote violence,7
Ukraine,Explosions/Remote violence,17
Ukraine,Explosions/Remote violence,12
Ukraine,Explosions/Remote violence,12
Ukraine,Explosions/Remote violence,11
Ukraine,Explosions/Remote violence,17
Ukraine,Explosions/Remote violence,19
Ukraine,Explosions/Remote violence,17
Ukraine,Explosions/Remote violence,17
Ukraine,Explosions/Remote violence,13
Ukraine,Explosions/Remote violence,12
Ukraine,Explosions/Remote violence,6
Ukraine,Explosions/Remote violence,7
Ukraine,Explosions/Remote violence,6
Ukraine,Explosions/Remote violence,7
Ukraine,Explosions/Remote violence,7
Ukraine,Explosions/Remote violence,1
Ukraine,Explosions/Remote violence,1
Ukraine,Explosions/Remote violence,1
Ukraine,Explosions/Remote violence,2
Ukraine,Explosions/Remote violence,1
Ukraine,Explosions/Remote violence,3
Ukraine,Explosions/Remote violence,2
Ukraine,Explosions/Remote violence,1
Ukraine,Explosions/Remote violence,2
Ukraine,Explosions/Remote violence,1
Ukraine,Explosions/Remote violence,1
Ukraine,Explosions/Remote violence,4
Ukraine,Explosions/Remote violence,1
Ukraine,Explosions/Remote violence,4
Ukraine,Explosions/Remote violence,3
Ukraine,Explosions/Remote violence,2
Ukraine,Explosions/Remote violence,1
Ukraine,Explosions/Remote violence,4
Ukraine,Explosions/Remote violence,2
Ukraine,Explosions/Remote violence,3
Ukraine,Explosions/Remote violence,5
Ukraine,Explosions/Remote violence,6
Ukraine,Explosions/Remote violence,10
Ukraine,Explosions/Remote violence,5
Ukraine,Explosions/Remote violence,11
Ukraine,Explosions/Remote violence,6
Ukraine,Explosions/Remote violence,11
Ukraine,Explosions/Remote violence,13
Ukraine,Explosions/Remote violence,5
Ukraine,Explosions/Remote violence,4
Ukraine,Explosions/Remote violence,2
Ukraine,Explosions/Remote violence,1
Ukraine,Explosions/Remote violence,3
Ukraine,Explosions/Remote violence,3
Ukraine,Explosions/Remote violence,3
Ukraine,Explosions/Remote violence,3
Ukraine,Explosions/Remote violence,2
Ukraine,Explosions/Remote violence,2
Ukraine,Explosions/Remote violence,1
Ukraine,Explosions/Remote violence,3
Ukraine,Explosions/Remote violence,3
Ukraine,Explosions/Remote violence,3
Ukraine,Explosions/Remote violence,2
Ukraine,Explosions/Remote violence,4
Ukraine,Explosions/Remote violence,1
Ukraine,Explosions/Remote violence,1
Ukraine,Explosions/Remote violence,1
Ukraine,Explosions/Remote violence,1
Ukraine,Explosions/Remote violence,1
Ukraine,Explosions/Remote violence,2
Ukraine,Explosions/Remote violence,3
Ukraine,Explosions/Remote violence,1
Ukraine,Explosions/Remote violence,1
Ukraine,Explosions/Remote violence,4
Ukraine,Explosions/Remote violence,3
Ukraine,Explosions/Remote violence,5
Ukraine,Explosions/Remote violence,5
Ukraine,Explosions/Remote violence,2
Ukraine,Explosions/Remote violence,6
Ukraine,Explosions/Remote violence,5
Ukraine,Explosions/Remote violence,6
Ukraine,Explosions/Remote violence,6
Ukraine,Explosions/Remote violence,4
Ukraine,Explosions/Remote violence,5
Ukraine,Explosions/Remote violence,3
Ukraine,Explosions/Remote violence,1
Ukraine,Explosions/Remote violence,3
Ukraine,Explosions/Remote violence,5
Ukraine,Explosions/Remote violence,1
Ukraine,Explosions/Remote violence,5
Ukraine,Explosions/Remote violence,1
Ukraine,Explosions/Remote violence,7
Ukraine,Explosions/Remote violence,8
Ukraine,Explosions/Remote violence,6
Ukraine,Explosions/Remote violence,3
Ukraine,Explosions/Remote violence,3
Ukraine,Explosions/Remote violence,3
Ukraine,Explosions/Remote violence,6
Ukraine,Explosions/Remote violence,8
Ukraine,Explosions/Remote violence,4
Ukraine,Explosions/Remote violence,7
Ukraine,Explosions/Remote violence,3
Ukraine,Explosions/Remote violence,6
Ukraine,Explosions/Remote violence,3
Ukraine,Explosions/Remote violence,4
Ukraine,Explosions/Remote violence,10
Ukraine,Explosions/Remote violence,3
Ukraine,Explosions/Remote violence,3
Ukraine,Explosions/Remote violence,2
Ukraine,Explosions/Remote violence,6
Ukraine,Explosions/Remote violence,5
Ukraine,Explosions/Remote violence,6
Ukraine,Explosions/Remote violence,4
Ukraine,Explosions/Remote violence,6
Ukraine,Explosions/Remote violence,6
Ukraine,Explosions/Remote violence,8
Ukraine,Explosions/Remote violence,7
Ukraine,Explosions/Remote violence,9
Ukraine,Explosions/Remote violence,9
Ukraine,Explosions/Remote violence,6
Ukraine,Explosions/Remote violence,4
Ukraine,Explosions/Remote violence,10
Ukraine,Explosions/Remote violence,10
Ukraine,Explosions/Remote violence,12
Ukraine,Explosions/Remote violence,14
Ukraine,Explosions/Remote violence,16
Ukraine,Explosions/Remote violence,11
Ukraine,Explosions/Remote violence,9
Ukraine,Explosions/Remote violence,21
Ukraine,Explosions/Remote violence,7
Ukraine,Explosions/Remote violence,3
Ukraine,Explosions/Remote violence,11
Ukraine,Explosions/Remote violence,1
Ukraine,Explosions/Remote violence,1
Ukraine,Explosions/Remote violence,2
Ukraine,Explosions/Remote violence,1
Ukraine,Explosions/Remote violence,1
Ukraine,Explosions/Remote violence,1
Ukraine,Explosions/Remote violence,1
Ukraine,Explosions/Remote violence,1
Ukraine,Explosions/Remote violence,1
Ukraine,Explosions/Remote violence,1
Ukraine,Explosions/Remote violence,1
Ukraine,Explosions/Remote violence,1
Ukraine,Explosions/Remote violence,2
Ukraine,Explosions/Remote violence,1
Ukraine,Explosions/Remote violence,1
Ukraine,Explosions/Remote violence,1
Ukraine,Explosions/Remote violence,5
Ukraine,Explosions/Remote violence,4
Ukraine,Explosions/Remote violence,3
Ukraine,Explosions/Remote violence,1
Ukraine,Explosions/Remote violence,1
Ukraine,Explosions/Remote violence,5
Ukraine,Explosions/Remote violence,3
Ukraine,Explosions/Remote violence,1
Ukraine,Explosions/Remote violence,1
Ukraine,Explosions/Remote violence,4
Ukraine,Explosions/Remote violence,1
Ukraine,Explosions/Remote violence,2
Ukraine,Explosions/Remote violence,1
Ukraine,Explosions/Remote violence,1
Ukraine,Explosions/Remote violence,1
Ukraine,Explosions/Remote violence,1
Ukraine,Explosions/Remote violence,1
Ukraine,Explosions/Remote violence,1
Ukraine,Explosions/Remote violence,1
Ukraine,Explosions/Remote violence,3
Ukraine,Explosions/Remote violence,1
Ukraine,Explosions/Remote violence,1
Ukraine,Explosions/Remote violence,2
Ukraine,Explosions/Remote violence,2
Ukraine,Explosions/Remote violence,1
Ukraine,Explosions/Remote violence,2
Ukraine,Explosions/Remote violence,1
Ukraine,Explosions/Remote violence,3
Ukraine,Explosions/Remote violence,1
Ukraine,Explosions/Remote violence,1
Ukraine,Explosions/Remote violence,1
Ukraine,Explosions/Remote violence,1
Ukraine,Explosions/Remote violence,1
Ukraine,Explosions/Remote violence,1
Ukraine,Explosions/Remote violence,5
Ukraine,Explosions/Remote violence,9
Ukraine,Explosions/Remote violence,9
Ukraine,Explosions/Remote violence,10
Ukraine,Explosions/Remote violence,1
Ukraine,Explosions/Remote violence,7
Ukraine,Explosions/Remote violence,12
Ukraine,Explosions/Remote violence,16
Ukraine,Explosions/Remote violence,6
Ukraine,Explosions/Remote violence,9
Ukraine,Explosions/Remote violence,9
Ukraine,Explosions/Remote violence,16
Ukraine,Explosions/Remote violence,28
Ukraine,Explosions/Remote violence,49
Ukraine,Explosions/Remote violence,47
Ukraine,Explosions/Remote violence,57
Ukraine,Explosions/Remote violence,54
Ukraine,Explosions/Remote violence,51
Ukraine,Explosions/Remote violence,39
Ukraine,Explosions/Remote violence,81
Ukraine,Explosions/Remote violence,77
Ukraine,Explosions/Remote violence,71
Ukraine,Explosions/Remote violence,65
Ukraine,Explosions/Remote violence,86
Ukraine,Explosions/Remote violence,64
Ukraine,Explosions/Remote violence,90
Ukraine,Explosions/Remote violence,108
Ukraine,Explosions/Remote violence,98
Ukraine,Explosions/Remote violence,76
Ukraine,Explosions/Remote violence,56
Ukraine,Explosions/Remote violence,60
Ukraine,Explosions/Remote violence,35
Ukraine,Explosions/Remote violence,41
Ukraine,Explosions/Remote violence,33
Ukraine,Explosions/Remote violence,38
Ukraine,Explosions/Remote violence,35
Ukraine,Explosions/Remote violence,19
Ukraine,Explosions/Remote violence,9
Ukraine,Explosions/Remote violence,5
Ukraine,Explosions/Remote violence,7
Ukraine,Explosions/Remote violence,11
Ukraine,Explosions/Remote violence,5
Ukraine,Explosions/Remote violence,5
Ukraine,Explosions/Remote violence,6
Ukraine,Explosions/Remote violence,8
Ukraine,Explosions/Remote violence,6
Ukraine,Explosions/Remote violence,8
Ukraine,Explosions/Remote violence,5
Ukraine,Explosions/Remote violence,11
Ukraine,Explosions/Remote violence,10
Ukraine,Explosions/Remote violence,8
Ukraine,Explosions/Remote violence,9
Ukraine,Explosions/Remote violence,13
Ukraine,Explosions/Remote violence,12
Ukraine,Explosions/Remote violence,8
Ukraine,Explosions/Remote violence,9
Ukraine,Explosions/Remote violence,2
Ukraine,Explosions/Remote violence,3
Ukraine,Explosions/Remote violence,5
Ukraine,Explosions/Remote violence,7
Ukraine,Explosions/Remote violence,3
Ukraine,Explosions/Remote violence,3
Ukraine,Explosions/Remote violence,9
Ukraine,Explosions/Remote violence,8
Ukraine,Explosions/Remote violence,8
Ukraine,Explosions/Remote violence,6
Ukraine,Explosions/Remote violence,7
Ukraine,Explosions/Remote violence,5
Ukraine,Explosions/Remote violence,9
Ukraine,Explosions/Remote violence,8
Ukraine,Explosions/Remote violence,5
Ukraine,Explosions/Remote violence,13
Ukraine,Explosions/Remote violence,13
Ukraine,Explosions/Remote violence,7
Ukraine,Explosions/Remote violence,8
Ukraine,Explosions/Remote violence,11
Ukraine,Explosions/Remote violence,10
Ukraine,Explosions/Remote violence,9
Ukraine,Explosions/Remote violence,3
Ukraine,Explosions/Remote violence,1
Ukraine,Explosions/Remote violence,3
Ukraine,Explosions/Remote violence,5
Ukraine,Explosions/Remote violence,10
Ukraine,Explosions/Remote violence,10
Ukraine,Explosions/Remote violence,12
Ukraine,Explosions/Remote violence,13
Ukraine,Explosions/Remote violence,8
Ukraine,Explosions/Remote violence,22
Ukraine,Explosions/Remote violence,8
Ukraine,Explosions/Remote violence,14
Ukraine,Explosions/Remote violence,12
Ukraine,Explosions/Remote violence,13
Ukraine,Explosions/Remote violence,13
Ukraine,Explosions/Remote violence,14
Ukraine,Explosions/Remote violence,9
Ukraine,Explosions/Remote violence,19
Ukraine,Explosions/Remote violence,16
Ukraine,Explosions/Remote violence,19
Ukraine,Explosions/Remote violence,13
Ukraine,Explosions/Remote violence,15
Ukraine,Explosions/Remote violence,13
Ukraine,Explosions/Remote violence,13
Ukraine,Explosions/Remote violence,12
Ukraine,Explosions/Remote violence,9
Ukraine,Explosions/Remote violence,13
Ukraine,Explosions/Remote violence,13
Ukraine,Explosions/Remote violence,12
Ukraine,Explosions/Remote violence,15
Ukraine,Explosions/Remote violence,14
Ukraine,Explosions/Remote violence,10
Ukraine,Explosions/Remote violence,15
Ukraine,Explosions/Remote violence,8
Ukraine,Explosions/Remote violence,8
Ukraine,Explosions/Remote violence,6
Ukraine,Explosions/Remote violence,8
Ukraine,Explosions/Remote violence,7
Ukraine,Explosions/Remote violence,9
Ukraine,Explosions/Remote violence,5
Ukraine,Explosions/Remote violence,3
Ukraine,Explosions/Remote violence,5
Ukraine,Explosions/Remote violence,4
Ukraine,Explosions/Remote violence,8
Ukraine,Explosions/Remote violence,2
Ukraine,Explosions/Remote violence,5
Ukraine,Explosions/Remote violence,5
Ukraine,Explosions/Remote violence,6
Ukraine,Explosions/Remote violence,5
Ukraine,Explosions/Remote violence,2
Ukraine,Explosions/Remote violence,4
Ukraine,Explosions/Remote violence,6
Ukraine,Explosions/Remote violence,7
Ukraine,Explosions/Remote violence,6
Ukraine,Explosions/Remote violence,5
Ukraine,Explosions/Remote violence,4
Ukraine,Explosions/Remote violence,4
Ukraine,Explosions/Remote violence,3
Ukraine,Explosions/Remote violence,1
Ukraine,Explosions/Remote violence,1
Ukraine,Explosions/Remote violence,3
Ukraine,Explosions/Remote violence,1
Ukraine,Explosions/Remote violence,3
Ukraine,Explosions/Remote violence,2
Ukraine,Explosions/Remote violence,3
Ukraine,Explosions/Remote violence,1
Ukraine,Explosions/Remote violence,3
Ukraine,Explosions/Remote violence,4
Ukraine,Explosions/Remote violence,1
Ukraine,Explosions/Remote violence,2
Ukraine,Explosions/Remote violence,2
Ukraine,Explosions/Remote violence,2
Ukraine,Explosions/Remote violence,4
Ukraine,Explosions/Remote violence,1
Ukraine,Explosions/Remote violence,1
Ukraine,Explosions/Remote violence,1
Ukraine,Explosions/Remote violence,1
Ukraine,Explosions/Remote violence,1
Ukraine,Explosions/Remote violence,1
Ukraine,Explosions/Remote violence,2
Ukraine,Explosions/Remote violence,2
Ukraine,Explosions/Remote violence,3
Ukraine,Explosions/Remote violence,4
Ukraine,Explosions/Remote violence,8
Ukraine,Explosions/Remote violence,3
Ukraine,Explosions/Remote violence,3
Ukraine,Explosions/Remote violence,3
Ukraine,Explosions/Remote violence,6
Ukraine,Explosions/Remote violence,1
Ukraine,Explosions/Remote violence,3
Ukraine,Explosions/Remote violence,1
Ukraine,Explosions/Remote violence,1
Ukraine,Explosions/Remote violence,1
Ukraine,Explosions/Remote violence,1
Ukraine,Riots,1
Ukraine,Riots,1
Ukraine,Riots,1
Ukraine,Riots,1
Ukraine,Violence against civilians,1
Ukraine,Violence against civilians,1
Ukraine,Violence against civilians,1
Ukraine,Violence against civilians,1
Ukraine,Violence against civilians,1
Ukraine,Violence against civilians,1
Ukraine,Violence against civilians,2
Ukraine,Violence against civilians,4
Ukraine,Violence against civilians,1
Ukraine,Violence against civilians,1
Ukraine,Violence against civilians,1
Ukraine,Violence against civilians,1
Ukraine,Violence against civilians,2
Ukraine,Violence against civilians,1
Ukraine,Violence against civilians,1
Ukraine,Violence against civilians,1
Ukraine,Explosions/Remote violence,1
Ukraine,Explosions/Remote violence,1
Ukraine,Explosions/Remote violence,1
Ukraine,Explosions/Remote violence,3
Ukraine,Explosions/Remote violence,1
Ukraine,Explosions/Remote violence,1
Ukraine,Explosions/Remote violence,1
Ukraine,Explosions/Remote violence,3
Ukraine,Explosions/Remote violence,7
Ukraine,Explosions/Remote violence,4
Ukraine,Explosions/Remote violence,1
Ukraine,Explosions/Remote violence,1
Ukraine,Explosions/Remote violence,1
Ukraine,Explosions/Remote violence,4
Ukraine,Explosions/Remote violence,8
Ukraine,Explosions/Remote violence,4
Ukraine,Explosions/Remote violence,2
Ukraine,Explosions/Remote violence,8
Ukraine,Explosions/Remote violence,1
Ukraine,Explosions/Remote violence,1
Ukraine,Explosions/Remote violence,2
Ukraine,Explosions/Remote violence,17
Ukraine,Explosions/Remote violence,1
Ukraine,Explosions/Remote violence,1
Ukraine,Explosions/Remote violence,3
Ukraine,Explosions/Remote violence,1
Ukraine,Explosions/Remote violence,1
Ukraine,Explosions/Remote violence,1
Ukraine,Explosions/Remote violence,2
Ukraine,Explosions/Remote violence,1
Ukraine,Explosions/Remote violence,1
Ukraine,Explosions/Remote violence,1
Ukraine,Explosions/Remote violence,1
Ukraine,Explosions/Remote violence,3
Ukraine,Explosions/Remote violence,1
Ukraine,Explosions/Remote violence,1
Ukraine,Explosions/Remote violence,1
Ukraine,Explosions/Remote violence,1
Ukraine,Explosions/Remote violence,2
Ukraine,Explosions/Remote violence,2
Ukraine,Explosions/Remote violence,3
Ukraine,Explosions/Remote violence,2
Ukraine,Explosions/Remote violence,2
Ukraine,Explosions/Remote violence,2
Ukraine,Explosions/Remote violence,1
Ukraine,Explosions/Remote violence,8
Ukraine,Explosions/Remote violence,5
Ukraine,Explosions/Remote violence,1
Ukraine,Explosions/Remote violence,5
Ukraine,Explosions/Remote violence,7
Ukraine,Explosions/Remote violence,7
Ukraine,Explosions/Remote violence,2
Ukraine,Explosions/Remote violence,3
Ukraine,Explosions/Remote violence,2
Ukraine,Explosions/Remote violence,3
Ukraine,Explosions/Remote violence,3
Ukraine,Explosions/Remote violence,4
Ukraine,Explosions/Remote violence,2
Ukraine,Explosions/Remote violence,2
Ukraine,Explosions/Remote violence,4
Ukraine,Explosions/Remote violence,4
Ukraine,Explosions/Remote violence,7
Ukraine,Explosions/Remote violence,5
Ukraine,Explosions/Remote violence,1
Ukraine,Explosions/Remote violence,1
Ukraine,Explosions/Remote violence,2
Ukraine,Explosions/Remote violence,2
Ukraine,Explosions/Remote violence,3
Ukraine,Explosions/Remote violence,2
Ukraine,Explosions/Remote violence,3
Ukraine,Explosions/Remote violence,6
Ukraine,Explosions/Remote violence,4
Ukraine,Explosions/Remote violence,2
Ukraine,Explosions/Remote violence,3
Ukraine,Explosions/Remote violence,2
Ukraine,Explosions/Remote violence,6
Ukraine,Explosions/Remote violence,1
Ukraine,Explosions/Remote violence,4
Ukraine,Explosions/Remote violence,1
Ukraine,Explosions/Remote violence,2
Ukraine,Explosions/Remote violence,1
Ukraine,Explosions/Remote violence,1
Ukraine,Explosions/Remote violence,1
Ukraine,Explosions/Remote violence,2
Ukraine,Explosions/Remote violence,1
Ukraine,Explosions/Remote violence,1
Ukraine,Explosions/Remote violence,2
Ukraine,Explosions/Remote violence,1
Ukraine,Explosions/Remote violence,2
Ukraine,Explosions/Remote violence,1
Ukraine,Explosions/Remote violence,4
Ukraine,Explosions/Remote violence,1
Ukraine,Explosions/Remote violence,5
Ukraine,Explosions/Remote violence,5
Ukraine,Explosions/Remote violence,4
Ukraine,Explosions/Remote violence,2
Ukraine,Explosions/Remote violence,3
Ukraine,Explosions/Remote violence,4
Ukraine,Explosions/Remote violence,2
Ukraine,Explosions/Remote violence,1
Ukraine,Explosions/Remote violence,1
Ukraine,Explosions/Remote violence,1
Ukraine,Explosions/Remote violence,1
Ukraine,Explosions/Remote violence,2
Ukraine,Explosions/Remote violence,5
Ukraine,Explosions/Remote violence,2
Ukraine,Explosions/Remote violence,4
Ukraine,Explosions/Remote violence,4
Ukraine,Explosions/Remote violence,6
Ukraine,Explosions/Remote violence,9
Ukraine,Explosions/Remote violence,5
Ukraine,Explosions/Remote violence,2
Ukraine,Explosions/Remote violence,2
Ukraine,Explosions/Remote violence,1
Ukraine,Explosions/Remote violence,4
Ukraine,Explosions/Remote violence,3
Ukraine,Explosions/Remote violence,3
Ukraine,Explosions/Remote violence,1
Ukraine,Explosions/Remote violence,4
Ukraine,Explosions/Remote violence,1
Ukraine,Explosions/Remote violence,8
Ukraine,Explosions/Remote violence,4
Ukraine,Explosions/Remote violence,6
Ukraine,Explosions/Remote violence,3
Ukraine,Explosions/Remote violence,4
Ukraine,Explosions/Remote violence,3
Ukraine,Explosions/Remote violence,2
Ukraine,Explosions/Remote violence,1
Ukraine,Explosions/Remote violence,4
Ukraine,Explosions/Remote violence,6
Ukraine,Explosions/Remote violence,2
Ukraine,Explosions/Remote violence,1
Ukraine,Explosions/Remote violence,5
Ukraine,Explosions/Remote violence,2
Ukraine,Explosions/Remote violence,1
Ukraine,Explosions/Remote violence,6
Ukraine,Explosions/Remote violence,5
Ukraine,Explosions/Remote violence,6
Ukraine,Explosions/Remote violence,3
Ukraine,Explosions/Remote violence,1
Ukraine,Explosions/Remote violence,1
Ukraine,Explosions/Remote violence,1
Ukraine,Explosions/Remote violence,1
Ukraine,Explosions/Remote violence,1
Ukraine,Explosions/Remote violence,1
Ukraine,Explosions/Remote violence,1
Ukraine,Explosions/Remote violence,1
Ukraine,Explosions/Remote violence,1
Ukraine,Explosions/Remote violence,1
Ukraine,Explosions/Remote violence,1
Ukraine,Explosions/Remote violence,2
Ukraine,Explosions/Remote violence,1
Ukraine,Explosions/Remote violence,1
Ukraine,Explosions/Remote violence,1
Ukraine,Explosions/Remote violence,2
Ukraine,Explosions/Remote violence,1
Ukraine,Explosions/Remote violence,1
Ukraine,Explosions/Remote violence,1
Ukraine,Explosions/Remote violence,1
Ukraine,Explosions/Remote violence,1
Ukraine,Explosions/Remote violence,1
Ukraine,Explosions/Remote violence,1
Ukraine,Explosions/Remote violence,1
Ukraine,Explosions/Remote violence,1
Ukraine,Explosions/Remote violence,1
Ukraine,Explosions/Remote violence,1
Ukraine,Explosions/Remote violence,1
Ukraine,Explosions/Remote violence,1
Ukraine,Explosions/Remote violence,1
Ukraine,Explosions/Remote violence,1
Ukraine,Explosions/Remote violence,1
Ukraine,Explosions/Remote violence,1
Ukraine,Explosions/Remote violence,1
Ukraine,Explosions/Remote violence,1
Ukraine,Explosions/Remote violence,1
Ukraine,Explosions/Remote violence,1
Ukraine,Explosions/Remote violence,1
Ukraine,Explosions/Remote violence,2
Ukraine,Explosions/Remote violence,1
Ukraine,Explosions/Remote violence,1
Ukraine,Explosions/Remote violence,1
Ukraine,Explosions/Remote violence,7
Ukraine,Explosions/Remote violence,8
Ukraine,Explosions/Remote violence,4
Ukraine,Explosions/Remote violence,10
Ukraine,Explosions/Remote violence,6
Ukraine,Explosions/Remote violence,2
Ukraine,Explosions/Remote violence,4
Ukraine,Explosions/Remote violence,4
Ukraine,Explosions/Remote violence,2
Ukraine,Explosions/Remote violence,6
Ukraine,Explosions/Remote violence,8
Ukraine,Explosions/Remote violence,6
Ukraine,Explosions/Remote violence,5
Ukraine,Explosions/Remote violence,3
Ukraine,Explosions/Remote violence,3
Ukraine,Explosions/Remote violence,1
Ukraine,Explosions/Remote violence,5
Ukraine,Explosions/Remote violence,6
Ukraine,Explosions/Remote violence,3
Ukraine,Explosions/Remote violence,3
Ukraine,Explosions/Remote violence,2
Ukraine,Explosions/Remote violence,2
Ukraine,Explosions/Remote violence,3
Ukraine,Explosions/Remote violence,3
Ukraine,Explosions/Remote violence,1
Ukraine,Explosions/Remote violence,1
Ukraine,Explosions/Remote violence,2
Ukraine,Explosions/Remote violence,1
Ukraine,Explosions/Remote violence,2
Ukraine,Explosions/Remote violence,1
Ukraine,Explosions/Remote violence,2
Ukraine,Explosions/Remote violence,1
Ukraine,Explosions/Remote violence,1
Ukraine,Explosions/Remote violence,1
Ukraine,Explosions/Remote violence,3
Ukraine,Explosions/Remote violence,2
Ukraine,Explosions/Remote violence,3
Ukraine,Explosions/Remote violence,2
Ukraine,Explosions/Remote violence,2
Ukraine,Explosions/Remote violence,5
Ukraine,Explosions/Remote violence,2
Ukraine,Explosions/Remote violence,1
Ukraine,Explosions/Remote violence,5
Ukraine,Explosions/Remote violence,1
Ukraine,Explosions/Remote violence,2
Ukraine,Explosions/Remote violence,1
Ukraine,Explosions/Remote violence,1
Ukraine,Explosions/Remote violence,1
Ukraine,Explosions/Remote violence,1
Ukraine,Explosions/Remote violence,1
Ukraine,Explosions/Remote violence,1
Ukraine,Explosions/Remote violence,1
Ukraine,Explosions/Remote violence,1
Ukraine,Explosions/Remote violence,1
Ukraine,Explosions/Remote violence,5
Ukraine,Explosions/Remote violence,4
Ukraine,Explosions/Remote violence,1
Ukraine,Explosions/Remote violence,2
Ukraine,Explosions/Remote violence,3
Ukraine,Explosions/Remote violence,1
Ukraine,Explosions/Remote violence,2
Ukraine,Explosions/Remote violence,2
Ukraine,Explosions/Remote violence,2
Ukraine,Explosions/Remote violence,2
Ukraine,Explosions/Remote violence,1
Ukraine,Explosions/Remote violence,2
Ukraine,Explosions/Remote violence,3
Ukraine,Explosions/Remote violence,2
Ukraine,Explosions/Remote violence,2
Ukraine,Explosions/Remote violence,2
Ukraine,Explosions/Remote violence,1
Ukraine,Explosions/Remote violence,1
Ukraine,Explosions/Remote violence,1
Ukraine,Explosions/Remote violence,1
Ukraine,Explosions/Remote violence,2
Ukraine,Explosions/Remote violence,1
Ukraine,Explosions/Remote violence,3
Ukraine,Explosions/Remote violence,1
Ukraine,Explosions/Remote violence,1
Ukraine,Explosions/Remote violence,2
Ukraine,Explosions/Remote violence,2
Ukraine,Explosions/Remote violence,1
Ukraine,Explosions/Remote violence,2
Ukraine,Explosions/Remote violence,1
Ukraine,Explosions/Remote violence,2
Ukraine,Explosions/Remote violence,1
Ukraine,Explosions/Remote violence,1
Ukraine,Explosions/Remote violence,1
Ukraine,Explosions/Remote violence,2
Ukraine,Explosions/Remote violence,5
Ukraine,Explosions/Remote violence,1
Ukraine,Explosions/Remote violence,1
Ukraine,Explosions/Remote violence,1
Ukraine,Explosions/Remote violence,1
Ukraine,Explosions/Remote violence,1
Ukraine,Explosions/Remote violence,1
Ukraine,Explosions/Remote violence,3
Ukraine,Explosions/Remote violence,1
Ukraine,Riots,1
Ukraine,Riots,1
Ukraine,Riots,1
Ukraine,Riots,1
Ukraine,Riots,1
Ukraine,Riots,1
Ukraine,Riots,1
Ukraine,Riots,1
Ukraine,Riots,1
Ukraine,Riots,2
Ukraine,Riots,1
Ukraine,Riots,1
Ukraine,Riots,1
Ukraine,Riots,1
Ukraine,Riots,2
Ukraine,Riots,1
Ukraine,Riots,1
Ukraine,Riots,1
Ukraine,Riots,3
Ukraine,Riots,1
Ukraine,Riots,1
Ukraine,Riots,1
Ukraine,Riots,1
Ukraine,Riots,1
Ukraine,Riots,1
Ukraine,Riots,1
Ukraine,Riots,1
Ukraine,Riots,1
Ukraine,Riots,1
Ukraine,Riots,1
Ukraine,Riots,1
Ukraine,Riots,1
Ukraine,Riots,1
Ukraine,Riots,1
Ukraine,Violence against civilians,1
Ukraine,Violence against civilians,1
Ukraine,Violence against civilians,1
Ukraine,Violence against civilians,1
Ukraine,Violence against civilians,2
Ukraine,Violence against civilians,1
Ukraine,Violence against civilians,1
Ukraine,Violence against civilians,3
Ukraine,Violence against civilians,1
Ukraine,Violence against civilians,1
Ukraine,Violence against civilians,1
Ukraine,Violence against civilians,1
Ukraine,Violence against civilians,1
Ukraine,Violence against civilians,1
Ukraine,Violence against civilians,1
Ukraine,Violence against civilians,1
Ukraine,Violence against civilians,1
Ukraine,Violence against civilians,1
Ukraine,Violence against civilians,1
Ukraine,Violence against civilians,1
Ukraine,Violence against civilians,1
Ukraine,Violence against civilians,1
Ukraine,Violence against civilians,1
Ukraine,Violence against civilians,1
Ukraine,Violence against civilians,1
Ukraine,Violence against civilians,1
Ukraine,Violence against civilians,1
Ukraine,Violence against civilians,1
Ukraine,Violence against civilians,1
Ukraine,Violence against civilians,1
Ukraine,Violence against civilians,1
Ukraine,Violence against civilians,1
Ukraine,Violence against civilians,1
Ukraine,Violence against civilians,1
Ukraine,Violence against civilians,1
Ukraine,Violence against civilians,1
Ukraine,Violence against civilians,1
Ukraine,Explosions/Remote violence,1
Ukraine,Explosions/Remote violence,1
Ukraine,Explosions/Remote violence,1
Ukraine,Explosions/Remote violence,2
Ukraine,Explosions/Remote violence,1
Ukraine,Explosions/Remote violence,1
Ukraine,Explosions/Remote violence,1
Ukraine,Explosions/Remote violence,1
Ukraine,Explosions/Remote violence,1
Ukraine,Explosions/Remote violence,1
Ukraine,Explosions/Remote violence,1
Ukraine,Explosions/Remote violence,2
Ukraine,Explosions/Remote violence,1
Ukraine,Explosions/Remote violence,3
Ukraine,Explosions/Remote violence,1
Ukraine,Explosions/Remote violence,1
Ukraine,Explosions/Remote violence,1
Ukraine,Explosions/Remote violence,1
Ukraine,Explosions/Remote violence,1
Ukraine,Explosions/Remote violence,1
Ukraine,Explosions/Remote violence,2
Ukraine,Explosions/Remote violence,1
Ukraine,Explosions/Remote violence,3
Ukraine,Explosions/Remote violence,1
Ukraine,Explosions/Remote violence,2
Ukraine,Explosions/Remote violence,2
Ukraine,Explosions/Remote violence,1
Ukraine,Explosions/Remote violence,3
Ukraine,Explosions/Remote violence,1
Ukraine,Explosions/Remote violence,1
Ukraine,Explosions/Remote violence,1
Ukraine,Explosions/Remote violence,1
Ukraine,Explosions/Remote violence,2
Ukraine,Explosions/Remote violence,1
Ukraine,Explosions/Remote violence,1
Ukraine,Explosions/Remote violence,2
Ukraine,Explosions/Remote violence,1
Ukraine,Explosions/Remote violence,2
Ukraine,Explosions/Remote violence,1
Ukraine,Explosions/Remote violence,3
Ukraine,Explosions/Remote violence,1
Ukraine,Explosions/Remote violence,1
Ukraine,Explosions/Remote violence,3
Ukraine,Explosions/Remote violence,1
Ukraine,Explosions/Remote violence,1
Ukraine,Explosions/Remote violence,1
Ukraine,Explosions/Remote violence,1
Ukraine,Explosions/Remote violence,1
Ukraine,Explosions/Remote violence,2
Ukraine,Explosions/Remote violence,1
Ukraine,Explosions/Remote violence,2
Ukraine,Explosions/Remote violence,3
Ukraine,Explosions/Remote violence,2
Ukraine,Explosions/Remote violence,4
Ukraine,Explosions/Remote violence,1
Ukraine,Explosions/Remote violence,9
Ukraine,Explosions/Remote violence,2
Ukraine,Explosions/Remote violence,1
Ukraine,Explosions/Remote violence,2
Ukraine,Explosions/Remote violence,1
Ukraine,Explosions/Remote violence,3
Ukraine,Explosions/Remote violence,2
Ukraine,Explosions/Remote violence,2
Ukraine,Explosions/Remote violence,2
Ukraine,Explosions/Remote violence,2
Ukraine,Explosions/Remote violence,2
Ukraine,Explosions/Remote violence,1
Ukraine,Explosions/Remote violence,5
Ukraine,Explosions/Remote violence,2
Ukraine,Explosions/Remote violence,3
Ukraine,Explosions/Remote violence,3
Ukraine,Explosions/Remote violence,1
Ukraine,Explosions/Remote violence,2
Ukraine,Explosions/Remote violence,2
Ukraine,Explosions/Remote violence,1
Ukraine,Explosions/Remote violence,2
Ukraine,Explosions/Remote violence,2
Ukraine,Explosions/Remote violence,5
Ukraine,Explosions/Remote violence,2
Ukraine,Explosions/Remote violence,5
Ukraine,Explosions/Remote violence,1
Ukraine,Explosions/Remote violence,1
Ukraine,Explosions/Remote violence,1
Ukraine,Explosions/Remote violence,1
Ukraine,Explosions/Remote violence,1
Ukraine,Explosions/Remote violence,1
Ukraine,Explosions/Remote violence,1
Ukraine,Explosions/Remote violence,2
Ukraine,Explosions/Remote violence,3
Ukraine,Explosions/Remote violence,1
Ukraine,Explosions/Remote violence,3
Ukraine,Explosions/Remote violence,2
Ukraine,Explosions/Remote violence,1
Ukraine,Explosions/Remote violence,2
Ukraine,Explosions/Remote violence,1
Ukraine,Explosions/Remote violence,1
Ukraine,Explosions/Remote violence,1
Ukraine,Explosions/Remote violence,1
Ukraine,Explosions/Remote violence,1
Ukraine,Explosions/Remote violence,1
Ukraine,Explosions/Remote violence,1
Ukraine,Explosions/Remote violence,1
Ukraine,Explosions/Remote violence,1
Ukraine,Explosions/Remote violence,1
Ukraine,Explosions/Remote violence,1
Ukraine,Explosions/Remote violence,1
Ukraine,Explosions/Remote violence,1
Ukraine,Explosions/Remote violence,1
Ukraine,Explosions/Remote violence,1
Ukraine,Explosions/Remote violence,1
Ukraine,Explosions/Remote violence,1
Ukraine,Explosions/Remote violence,3
Ukraine,Explosions/Remote violence,1
Ukraine,Explosions/Remote violence,1
Ukraine,Explosions/Remote violence,1
Ukraine,Explosions/Remote violence,2
Ukraine,Explosions/Remote violence,1
Ukraine,Explosions/Remote violence,1
Ukraine,Explosions/Remote violence,1
Ukraine,Explosions/Remote violence,1
Ukraine,Explosions/Remote violence,1
Ukraine,Explosions/Remote violence,1
Ukraine,Explosions/Remote violence,1
Ukraine,Explosions/Remote violence,2
Ukraine,Explosions/Remote violence,1
Ukraine,Riots,1
Ukraine,Riots,1
Ukraine,Riots,1
Ukraine,Riots,1
Ukraine,Riots,1
Ukraine,Riots,1
Ukraine,Violence against civilians,1
Ukraine,Violence against civilians,1
Ukraine,Violence against civilians,1
Ukraine,Violence against civilians,1
Ukraine,Violence against civilians,1
Ukraine,Explosions/Remote violence,2
Ukraine,Explosions/Remote violence,1
Ukraine,Explosions/Remote violence,1
Ukraine,Explosions/Remote violence,2
Ukraine,Explosions/Remote violence,3
Ukraine,Explosions/Remote violence,1
Ukraine,Explosions/Remote violence,1
Ukraine,Explosions/Remote violence,1
Ukraine,Explosions/Remote violence,1
Ukraine,Explosions/Remote violence,1
Ukraine,Explosions/Remote violence,1
Ukraine,Explosions/Remote violence,1
Ukraine,Explosions/Remote violence,1
Ukraine,Explosions/Remote violence,1
Ukraine,Explosions/Remote violence,1
Ukraine,Explosions/Remote violence,1
Ukraine,Explosions/Remote violence,1
Ukraine,Explosions/Remote violence,1
Ukraine,Explosions/Remote violence,1
Ukraine,Explosions/Remote violence,1
Ukraine,Explosions/Remote violence,1
Ukraine,Explosions/Remote violence,1
Ukraine,Explosions/Remote violence,1
Ukraine,Explosions/Remote violence,1
Ukraine,Explosions/Remote violence,1
Ukraine,Explosions/Remote violence,1
Ukraine,Explosions/Remote violence,1
Ukraine,Explosions/Remote violence,1
Ukraine,Explosions/Remote violence,1
Ukraine,Explosions/Remote violence,1
Ukraine,Explosions/Remote violence,1
Ukraine,Explosions/Remote violence,1
Ukraine,Explosions/Remote violence,1
Ukraine,Explosions/Remote violence,1
Ukraine,Explosions/Remote violence,1
Ukraine,Explosions/Remote violence,2
Ukraine,Explosions/Remote violence,2
Ukraine,Explosions/Remote violence,3
Ukraine,Explosions/Remote violence,1
Ukraine,Explosions/Remote violence,1
Ukraine,Explosions/Remote violence,1
Ukraine,Explosions/Remote violence,1
Ukraine,Explosions/Remote violence,1
Ukraine,Riots,1
Ukraine,Riots,1
Ukraine,Riots,1
Ukraine,Riots,1
Ukraine,Riots,1
Ukraine,Riots,1
Ukraine,Riots,1
Ukraine,Riots,2
Ukraine,Riots,1
Ukraine,Riots,1
Ukraine,Riots,1
Ukraine,Violence against civilians,1
Ukraine,Violence against civilians,1
Ukraine,Violence against civilians,1
Ukraine,Violence against civilians,1
Ukraine,Violence against civilians,1
Ukraine,Explosions/Remote violence,1
Ukraine,Explosions/Remote violence,1
Ukraine,Explosions/Remote violence,1
Ukraine,Explosions/Remote violence,1
Ukraine,Explosions/Remote violence,1
Ukraine,Explosions/Remote violence,7
Ukraine,Explosions/Remote violence,11
Ukraine,Explosions/Remote violence,3
Ukraine,Explosions/Remote violence,1
Ukraine,Explosions/Remote violence,6
Ukraine,Explosions/Remote violence,2
Ukraine,Explosions/Remote violence,2
Ukraine,Explosions/Remote violence,8
Ukraine,Explosions/Remote violence,6
Ukraine,Explosions/Remote violence,5
Ukraine,Explosions/Remote violence,3
Ukraine,Explosions/Remote violence,5
Ukraine,Explosions/Remote violence,7
Ukraine,Explosions/Remote violence,4
Ukraine,Explosions/Remote violence,3
Ukraine,Explosions/Remote violence,1
Ukraine,Explosions/Remote violence,4
Ukraine,Explosions/Remote violence,7
Ukraine,Explosions/Remote violence,4
Ukraine,Explosions/Remote violence,7
Ukraine,Explosions/Remote violence,1
Ukraine,Explosions/Remote violence,4
Ukraine,Explosions/Remote violence,1
Ukraine,Explosions/Remote violence,1
Ukraine,Explosions/Remote violence,1
Ukraine,Explosions/Remote violence,1
Ukraine,Explosions/Remote violence,1
Ukraine,Explosions/Remote violence,6
Ukraine,Explosions/Remote violence,4
Ukraine,Explosions/Remote violence,1
Ukraine,Explosions/Remote violence,2
Ukraine,Explosions/Remote violence,6
Ukraine,Explosions/Remote violence,1
Ukraine,Explosions/Remote violence,2
Ukraine,Explosions/Remote violence,1
Ukraine,Explosions/Remote violence,1
Ukraine,Explosions/Remote violence,4
Ukraine,Explosions/Remote violence,6
Ukraine,Explosions/Remote violence,6
Ukraine,Explosions/Remote violence,3
Ukraine,Explosions/Remote violence,2
Ukraine,Explosions/Remote violence,7
Ukraine,Explosions/Remote violence,6
Ukraine,Explosions/Remote violence,4
Ukraine,Explosions/Remote violence,2
Ukraine,Explosions/Remote violence,8
Ukraine,Explosions/Remote violence,5
Ukraine,Explosions/Remote violence,7
Ukraine,Explosions/Remote violence,9
Ukraine,Explosions/Remote violence,10
Ukraine,Explosions/Remote violence,5
Ukraine,Explosions/Remote violence,5
Ukraine,Explosions/Remote violence,12
Ukraine,Explosions/Remote violence,6
Ukraine,Explosions/Remote violence,6
Ukraine,Explosions/Remote violence,10
Ukraine,Explosions/Remote violence,13
Ukraine,Explosions/Remote violence,14
Ukraine,Explosions/Remote violence,6
Ukraine,Explosions/Remote violence,13
Ukraine,Explosions/Remote violence,3
Ukraine,Explosions/Remote violence,1
Ukraine,Explosions/Remote violence,6
Ukraine,Explosions/Remote violence,3
Ukraine,Explosions/Remote violence,5
Ukraine,Explosions/Remote violence,5
Ukraine,Explosions/Remote violence,5
Ukraine,Explosions/Remote violence,3
Ukraine,Explosions/Remote violence,3
Ukraine,Explosions/Remote violence,1
Ukraine,Explosions/Remote violence,4
Ukraine,Explosions/Remote violence,7
Ukraine,Explosions/Remote violence,6
Ukraine,Explosions/Remote violence,10
Ukraine,Explosions/Remote violence,19
Ukraine,Explosions/Remote violence,22
Ukraine,Explosions/Remote violence,27
Ukraine,Explosions/Remote violence,13
Ukraine,Explosions/Remote violence,11
Ukraine,Explosions/Remote violence,36
Ukraine,Explosions/Remote violence,59
Ukraine,Explosions/Remote violence,89
Ukraine,Explosions/Remote violence,74
Ukraine,Explosions/Remote violence,57
Ukraine,Explosions/Remote violence,53
Ukraine,Explosions/Remote violence,43
Ukraine,Explosions/Remote violence,42
Ukraine,Explosions/Remote violence,47
Ukraine,Explosions/Remote violence,71
Ukraine,Explosions/Remote violence,53
Ukraine,Explosions/Remote violence,30
Ukraine,Explosions/Remote violence,64
Ukraine,Explosions/Remote violence,34
Ukraine,Explosions/Remote violence,50
Ukraine,Explosions/Remote violence,49
Ukraine,Explosions/Remote violence,58
Ukraine,Explosions/Remote violence,57
Ukraine,Explosions/Remote violence,60
Ukraine,Explosions/Remote violence,69
Ukraine,Explosions/Remote violence,78
Ukraine,Explosions/Remote violence,85
Ukraine,Explosions/Remote violence,69
Ukraine,Explosions/Remote violence,125
Ukraine,Explosions/Remote violence,182
Ukraine,Explosions/Remote violence,214
Ukraine,Explosions/Remote violence,230
Ukraine,Explosions/Remote violence,205
Ukraine,Explosions/Remote violence,236
Ukraine,Explosions/Remote violence,221
Ukraine,Explosions/Remote violence,255
Ukraine,Explosions/Remote violence,238
Ukraine,Explosions/Remote violence,235
Ukraine,Explosions/Remote violence,181
Ukraine,Explosions/Remote violence,180
Ukraine,Explosions/Remote violence,196
Ukraine,Explosions/Remote violence,131
Ukraine,Explosions/Remote violence,187
Ukraine,Explosions/Remote violence,113
Ukraine,Explosions/Remote violence,124
Ukraine,Explosions/Remote violence,85
Ukraine,Explosions/Remote violence,67
Ukraine,Explosions/Remote violence,105
Ukraine,Explosions/Remote violence,91
Ukraine,Explosions/Remote violence,97
Ukraine,Explosions/Remote violence,100
Ukraine,Explosions/Remote violence,156
Ukraine,Explosions/Remote violence,184
Ukraine,Explosions/Remote violence,149
Ukraine,Explosions/Remote violence,191
Ukraine,Explosions/Remote violence,171
Ukraine,Explosions/Remote violence,182
Ukraine,Explosions/Remote violence,198
Ukraine,Explosions/Remote violence,169
Ukraine,Explosions/Remote violence,210
Ukraine,Explosions/Remote violence,205
Ukraine,Explosions/Remote violence,242
Ukraine,Explosions/Remote violence,246
Ukraine,Explosions/Remote violence,210
Ukraine,Explosions/Remote violence,247
Ukraine,Explosions/Remote violence,243
Ukraine,Explosions/Remote violence,200
Ukraine,Explosions/Remote violence,196
Ukraine,Explosions/Remote violence,241
Ukraine,Explosions/Remote violence,242
Ukraine,Explosions/Remote violence,204
Ukraine,Explosions/Remote violence,248
Ukraine,Explosions/Remote violence,174
Ukraine,Explosions/Remote violence,170
Ukraine,Explosions/Remote violence,180
Ukraine,Explosions/Remote violence,152
Ukraine,Explosions/Remote violence,163
Ukraine,Explosions/Remote violence,166
Ukraine,Explosions/Remote violence,83
Ukraine,Explosions/Remote violence,19
Ukraine,Explosions/Remote violence,18
Ukraine,Explosions/Remote violence,27
Ukraine,Explosions/Remote violence,19
Ukraine,Explosions/Remote violence,25
Ukraine,Explosions/Remote violence,25
Ukraine,Explosions/Remote violence,41
Ukraine,Explosions/Remote violence,50
Ukraine,Explosions/Remote violence,39
Ukraine,Explosions/Remote violence,69
Ukraine,Explosions/Remote violence,43
Ukraine,Explosions/Remote violence,62
Ukraine,Explosions/Remote violence,1
Ukraine,Explosions/Remote violence,1
Ukraine,Explosions/Remote violence,1
Ukraine,Explosions/Remote violence,1
Ukraine,Explosions/Remote violence,1
Ukraine,Explosions/Remote violence,1
Ukraine,Explosions/Remote violence,1
Ukraine,Explosions/Remote violence,2
Ukraine,Explosions/Remote violence,2
Ukraine,Explosions/Remote violence,3
Ukraine,Explosions/Remote violence,1
Ukraine,Explosions/Remote violence,1
Ukraine,Explosions/Remote violence,1
Ukraine,Explosions/Remote violence,1
Ukraine,Explosions/Remote violence,1
Ukraine,Explosions/Remote violence,2
Ukraine,Explosions/Remote violence,1
Ukraine,Explosions/Remote violence,2
Ukraine,Explosions/Remote violence,2
Ukraine,Explosions/Remote violence,1
Ukraine,Explosions/Remote violence,2
Ukraine,Explosions/Remote violence,2
Ukraine,Explosions/Remote violence,1
Ukraine,Explosions/Remote violence,2
Ukraine,Explosions/Remote violence,2
Ukraine,Explosions/Remote violence,1
Ukraine,Explosions/Remote violence,1
Ukraine,Explosions/Remote violence,1
Ukraine,Explosions/Remote violence,2
Ukraine,Explosions/Remote violence,2
Ukraine,Explosions/Remote violence,1
Ukraine,Explosions/Remote violence,1
Ukraine,Explosions/Remote violence,1
Ukraine,Explosions/Remote violence,1
Ukraine,Explosions/Remote violence,1
Ukraine,Explosions/Remote violence,1
Ukraine,Explosions/Remote violence,1
Ukraine,Explosions/Remote violence,1
Ukraine,Explosions/Remote violence,2
Ukraine,Explosions/Remote violence,2
Ukraine,Explosions/Remote violence,1
Ukraine,Explosions/Remote violence,1
Ukraine,Explosions/Remote violence,1
Ukraine,Explosions/Remote violence,1
Ukraine,Explosions/Remote violence,4
Ukraine,Explosions/Remote violence,5
Ukraine,Explosions/Remote violence,16
Ukraine,Explosions/Remote violence,9
Ukraine,Explosions/Remote violence,8
Ukraine,Explosions/Remote violence,1
Ukraine,Explosions/Remote violence,2
Ukraine,Explosions/Remote violence,9
Ukraine,Explosions/Remote violence,11
Ukraine,Explosions/Remote violence,14
Ukraine,Explosions/Remote violence,16
Ukraine,Explosions/Remote violence,18
Ukraine,Explosions/Remote violence,31
Ukraine,Explosions/Remote violence,25
Ukraine,Explosions/Remote violence,28
Ukraine,Explosions/Remote violence,32
Ukraine,Explosions/Remote violence,28
Ukraine,Explosions/Remote violence,31
Ukraine,Explosions/Remote violence,29
Ukraine,Explosions/Remote violence,46
Ukraine,Explosions/Remote violence,33
Ukraine,Explosions/Remote violence,30
Ukraine,Explosions/Remote violence,53
Ukraine,Explosions/Remote violence,47
Ukraine,Explosions/Remote violence,33
Ukraine,Explosions/Remote violence,42
Ukraine,Explosions/Remote violence,51
Ukraine,Explosions/Remote violence,31
Ukraine,Explosions/Remote violence,52
Ukraine,Explosions/Remote violence,30
Ukraine,Explosions/Remote violence,40
Ukraine,Explosions/Remote violence,43
Ukraine,Explosions/Remote violence,23
Ukraine,Explosions/Remote violence,29
Ukraine,Explosions/Remote violence,44
Ukraine,Explosions/Remote violence,33
Ukraine,Explosions/Remote violence,36
Ukraine,Explosions/Remote violence,31
Ukraine,Explosions/Remote violence,48
Ukraine,Explosions/Remote violence,44
Ukraine,Explosions/Remote violence,26
Ukraine,Explosions/Remote violence,37
Ukraine,Explosions/Remote violence,44
Ukraine,Explosions/Remote violence,40
Ukraine,Explosions/Remote violence,33
Ukraine,Explosions/Remote violence,33
Ukraine,Explosions/Remote violence,74
Ukraine,Explosions/Remote violence,56
Ukraine,Explosions/Remote violence,60
Ukraine,Explosions/Remote violence,70
Ukraine,Explosions/Remote violence,65
Ukraine,Explosions/Remote violence,88
Ukraine,Explosions/Remote violence,60
Ukraine,Explosions/Remote violence,44
Ukraine,Explosions/Remote violence,67
Ukraine,Explosions/Remote violence,71
Ukraine,Explosions/Remote violence,47
Ukraine,Explosions/Remote violence,59
Ukraine,Explosions/Remote violence,50
Ukraine,Explosions/Remote violence,66
Ukraine,Explosions/Remote violence,85
Ukraine,Explosions/Remote violence,56
Ukraine,Explosions/Remote violence,62
Ukraine,Explosions/Remote violence,60
Ukraine,Explosions/Remote violence,69
Ukraine,Explosions/Remote violence,88
Ukraine,Explosions/Remote violence,89
Ukraine,Explosions/Remote violence,106
Ukraine,Explosions/Remote violence,67
Ukraine,Explosions/Remote violence,70
Ukraine,Explosions/Remote violence,77
Ukraine,Explosions/Remote violence,86
Ukraine,Explosions/Remote violence,76
Ukraine,Explosions/Remote violence,92
Ukraine,Explosions/Remote violence,83
Ukraine,Explosions/Remote violence,91
Ukraine,Explosions/Remote violence,94
Ukraine,Explosions/Remote violence,107
Ukraine,Explosions/Remote violence,84
Ukraine,Explosions/Remote violence,77
Ukraine,Explosions/Remote violence,84
Ukraine,Explosions/Remote violence,86
Ukraine,Explosions/Remote violence,94
Ukraine,Explosions/Remote violence,55
Ukraine,Explosions/Remote violence,50
Ukraine,Explosions/Remote violence,55
Ukraine,Explosions/Remote violence,83
Ukraine,Explosions/Remote violence,83
Ukraine,Explosions/Remote violence,73
Ukraine,Explosions/Remote violence,86
Ukraine,Explosions/Remote violence,71
Ukraine,Explosions/Remote violence,71
Ukraine,Explosions/Remote violence,86
Ukraine,Explosions/Remote violence,73
Ukraine,Explosions/Remote violence,75
Ukraine,Explosions/Remote violence,75
Ukraine,Explosions/Remote violence,111
Ukraine,Explosions/Remote violence,73
Ukraine,Explosions/Remote violence,78
Ukraine,Explosions/Remote violence,84
Ukraine,Explosions/Remote violence,94
Ukraine,Explosions/Remote violence,74
Ukraine,Explosions/Remote violence,76
Ukraine,Explosions/Remote violence,103
Ukraine,Explosions/Remote violence,137
Ukraine,Explosions/Remote violence,168
Ukraine,Explosions/Remote violence,159
Ukraine,Explosions/Remote violence,124
Ukraine,Explosions/Remote violence,117
Ukraine,Explosions/Remote violence,131
Ukraine,Explosions/Remote violence,88
Ukraine,Explosions/Remote violence,107
Ukraine,Explosions/Remote violence,142
Ukraine,Explosions/Remote violence,148
Ukraine,Explosions/Remote violence,183
Ukraine,Explosions/Remote violence,145
Ukraine,Explosions/Remote violence,123
Ukraine,Explosions/Remote violence,113
Ukraine,Explosions/Remote violence,103
Ukraine,Explosions/Remote violence,77
Ukraine,Explosions/Remote violence,107
Ukraine,Explosions/Remote violence,95
Ukraine,Explosions/Remote violence,101
Ukraine,Explosions/Remote violence,69
Ukraine,Explosions/Remote violence,99
Ukraine,Explosions/Remote violence,72
Ukraine,Explosions/Remote violence,94
Ukraine,Explosions/Remote violence,98
Ukraine,Explosions/Remote violence,115
Ukraine,Explosions/Remote violence,115
Ukraine,Explosions/Remote violence,82
Ukraine,Explosions/Remote violence,71
Ukraine,Explosions/Remote violence,88
Ukraine,Explosions/Remote violence,85
Ukraine,Explosions/Remote violence,94
Ukraine,Explosions/Remote violence,60
Ukraine,Explosions/Remote violence,55
Ukraine,Explosions/Remote violence,75
Ukraine,Explosions/Remote violence,75
Ukraine,Explosions/Remote violence,75
Ukraine,Explosions/Remote violence,79
Ukraine,Explosions/Remote violence,61
Ukraine,Explosions/Remote violence,56
Ukraine,Explosions/Remote violence,50
Ukraine,Explosions/Remote violence,60
Ukraine,Explosions/Remote violence,41
Ukraine,Explosions/Remote violence,61
Ukraine,Explosions/Remote violence,51
Ukraine,Explosions/Remote violence,78
Ukraine,Explosions/Remote violence,60
Ukraine,Explosions/Remote violence,51
Ukraine,Explosions/Remote violence,45
Ukraine,Explosions/Remote violence,44
Ukraine,Explosions/Remote violence,52
Ukraine,Explosions/Remote violence,59
Ukraine,Explosions/Remote violence,80
Ukraine,Explosions/Remote violence,25
Ukraine,Explosions/Remote violence,44
Ukraine,Explosions/Remote violence,49
Ukraine,Explosions/Remote violence,71
Ukraine,Explosions/Remote violence,60
Ukraine,Explosions/Remote violence,69
Ukraine,Explosions/Remote violence,79
Ukraine,Explosions/Remote violence,53
Ukraine,Explosions/Remote violence,78
Ukraine,Explosions/Remote violence,76
Ukraine,Explosions/Remote violence,76
Ukraine,Explosions/Remote violence,79
Ukraine,Explosions/Remote violence,93
Ukraine,Explosions/Remote violence,106
Ukraine,Explosions/Remote violence,100
Ukraine,Explosions/Remote violence,88
Ukraine,Explosions/Remote violence,81
Ukraine,Explosions/Remote violence,85
Ukraine,Explosions/Remote violence,87
Ukraine,Explosions/Remote violence,89
Ukraine,Explosions/Remote violence,74
Ukraine,Explosions/Remote violence,69
Ukraine,Explosions/Remote violence,71
Ukraine,Explosions/Remote violence,84
Ukraine,Explosions/Remote violence,80
Ukraine,Explosions/Remote violence,79
Ukraine,Explosions/Remote violence,85
Ukraine,Explosions/Remote violence,95
Ukraine,Explosions/Remote violence,90
Ukraine,Explosions/Remote violence,98
Ukraine,Explosions/Remote violence,84
Ukraine,Explosions/Remote violence,82
Ukraine,Explosions/Remote violence,72
Ukraine,Riots,1
Ukraine,Riots,1
Ukraine,Riots,1
Ukraine,Riots,1
Ukraine,Violence against civilians,1
Ukraine,Violence against civilians,1
Ukraine,Violence against civilians,1
Ukraine,Violence against civilians,1
Ukraine,Violence against civilians,1
Ukraine,Violence against civilians,1
Ukraine,Violence against civilians,1
Ukraine,Violence against civilians,1
Ukraine,Violence against civilians,7
Ukraine,Violence against civilians,4
Ukraine,Violence against civilians,4
Ukraine,Violence against civilians,3
Ukraine,Violence against civilians,3
Ukraine,Violence against civilians,1
Ukraine,Violence against civilians,1
Ukraine,Violence against civilians,1
Ukraine,Explosions/Remote violence,2
Ukraine,Explosions/Remote violence,1
Ukraine,Explosions/Remote violence,1
Ukraine,Explosions/Remote violence,2
Ukraine,Explosions/Remote violence,2
Ukraine,Explosions/Remote violence,1
Ukraine,Explosions/Remote violence,2
Ukraine,Explosions/Remote violence,1
Ukraine,Explosions/Remote violence,1
Ukraine,Explosions/Remote violence,1
Ukraine,Explosions/Remote violence,3
Ukraine,Explosions/Remote violence,3
Ukraine,Explosions/Remote violence,2
Ukraine,Explosions/Remote violence,1
Ukraine,Explosions/Remote violence,1
Ukraine,Explosions/Remote violence,2
Ukraine,Explosions/Remote violence,1
Ukraine,Explosions/Remote violence,1
Ukraine,Explosions/Remote violence,1
Ukraine,Explosions/Remote violence,1
Ukraine,Explosions/Remote violence,1
Ukraine,Explosions/Remote violence,1
Ukraine,Explosions/Remote violence,1
Ukraine,Riots,1
Ukraine,Riots,1
Ukraine,Riots,1
Ukraine,Riots,1
Ukraine,Riots,1
Ukraine,Violence against civilians,1
Ukraine,Violence against civilians,1
Ukraine,Violence against civilians,1
Ukraine,Explosions/Remote violence,1
Ukraine,Explosions/Remote violence,3
Ukraine,Explosions/Remote violence,1
Ukraine,Explosions/Remote violence,1
Ukraine,Explosions/Remote violence,1
Ukraine,Explosions/Remote violence,1
Ukraine,Explosions/Remote violence,1
Ukraine,Explosions/Remote violence,1
Ukraine,Explosions/Remote violence,1
Ukraine,Explosions/Remote violence,1
Ukraine,Explosions/Remote violence,1
Ukraine,Explosions/Remote violence,1
Ukraine,Explosions/Remote violence,3
Ukraine,Explosions/Remote violence,1
Ukraine,Explosions/Remote violence,1
Ukraine,Explosions/Remote violence,1
Ukraine,Explosions/Remote violence,1
Ukraine,Explosions/Remote violence,2
Ukraine,Explosions/Remote violence,1
Ukraine,Explosions/Remote violence,1
Ukraine,Explosions/Remote violence,1
Ukraine,Explosions/Remote violence,1
Ukraine,Explosions/Remote violence,3
Ukraine,Explosions/Remote violence,1
Ukraine,Explosions/Remote violence,1
Ukraine,Explosions/Remote violence,1
Ukraine,Explosions/Remote violence,1
Ukraine,Explosions/Remote violence,2
Ukraine,Explosions/Remote violence,1
Ukraine,Explosions/Remote violence,1
Ukraine,Explosions/Remote violence,2
Ukraine,Explosions/Remote violence,1
Ukraine,Explosions/Remote violence,1
Ukraine,Explosions/Remote violence,1
Ukraine,Explosions/Remote violence,1
Ukraine,Explosions/Remote violence,1
Ukraine,Explosions/Remote violence,1
Ukraine,Explosions/Remote violence,1
Ukraine,Explosions/Remote violence,1
Ukraine,Explosions/Remote violence,1
Ukraine,Explosions/Remote violence,1
Ukraine,Explosions/Remote violence,2
Ukraine,Explosions/Remote violence,1
Ukraine,Explosions/Remote violence,1
Ukraine,Explosions/Remote violence,1
Ukraine,Explosions/Remote violence,2
Ukraine,Explosions/Remote violence,2
Ukraine,Explosions/Remote violence,1
Ukraine,Explosions/Remote violence,1
Ukraine,Explosions/Remote violence,1
Ukraine,Explosions/Remote violence,1
Ukraine,Explosions/Remote violence,1
Ukraine,Explosions/Remote violence,1
Ukraine,Explosions/Remote violence,1
Ukraine,Explosions/Remote violence,1
Ukraine,Riots,1
Ukraine,Riots,1
Ukraine,Riots,1
Ukraine,Riots,1
Ukraine,Riots,1
Ukraine,Riots,1
Ukraine,Riots,1
Ukraine,Riots,1
Ukraine,Riots,1
Ukraine,Violence against civilians,1
Ukraine,Violence against civilians,1
Ukraine,Violence against civilians,1
Ukraine,Violence against civilians,1
Ukraine,Violence against civilians,1
Ukraine,Violence against civilians,1
Ukraine,Violence against civilians,1
Ukraine,Violence against civilians,1
Ukraine,Explosions/Remote violence,1
Ukraine,Explosions/Remote violence,1
Ukraine,Explosions/Remote violence,1
Ukraine,Explosions/Remote violence,1
Ukraine,Explosions/Remote violence,1
Ukraine,Explosions/Remote violence,1
Ukraine,Explosions/Remote violence,1
Ukraine,Explosions/Remote violence,1
Ukraine,Explosions/Remote violence,1
Ukraine,Explosions/Remote violence,1
Ukraine,Explosions/Remote violence,1
Ukraine,Explosions/Remote violence,1
Ukraine,Explosions/Remote violence,1
Ukraine,Explosions/Remote violence,1
Ukraine,Explosions/Remote violence,1
Ukraine,Explosions/Remote violence,1
Ukraine,Explosions/Remote violence,1
Ukraine,Explosions/Remote violence,1
Ukraine,Explosions/Remote violence,1
Ukraine,Explosions/Remote violence,2
Ukraine,Explosions/Remote violence,1
Ukraine,Explosions/Remote violence,1
Ukraine,Explosions/Remote violence,1
Ukraine,Explosions/Remote violence,1
Ukraine,Riots,1
Ukraine,Riots,1
Ukraine,Riots,1
Ukraine,Riots,3
Ukraine,Riots,1
Ukraine,Riots,1
Ukraine,Riots,1
Ukraine,Violence against civilians,1
Ukraine,Violence against civilians,1
Ukraine,Violence against civilians,1
Ukraine,Violence against civilians,1
Ukraine,Explosions/Remote violence,1
Ukraine,Explosions/Remote violence,1
Ukraine,Explosions/Remote violence,1
Ukraine,Explosions/Remote violence,1
Ukraine,Explosions/Remote violence,1
Ukraine,Explosions/Remote violence,1
Ukraine,Explosions/Remote violence,1
Ukraine,Explosions/Remote violence,4
Ukraine,Explosions/Remote violence,1
Ukraine,Explosions/Remote violence,1
Ukraine,Explosions/Remote violence,1
Ukraine,Explosions/Remote violence,1
Ukraine,Explosions/Remote violence,1
Ukraine,Explosions/Remote violence,1
Ukraine,Explosions/Remote violence,1
Ukraine,Explosions/Remote violence,1
Ukraine,Explosions/Remote violence,1
Ukraine,Explosions/Remote violence,1
Ukraine,Explosions/Remote violence,1
Ukraine,Explosions/Remote violence,1
Ukraine,Explosions/Remote violence,2
Ukraine,Explosions/Remote violence,1
Ukraine,Explosions/Remote violence,1
Ukraine,Explosions/Remote violence,1
Ukraine,Explosions/Remote violence,1
Ukraine,Explosions/Remote violence,1
Ukraine,Explosions/Remote violence,1
Ukraine,Explosions/Remote violence,1
Ukraine,Explosions/Remote violence,1
Ukraine,Explosions/Remote violence,1
Ukraine,Riots,1
Ukraine,Riots,1
Ukraine,Riots,1
Ukraine,Riots,1
Ukraine,Riots,1
Ukraine,Riots,3
Ukraine,Riots,1
Ukraine,Riots,1
Ukraine,Riots,1
Ukraine,Violence against civilians,1
Ukraine,Violence against civilians,1
Ukraine,Violence against civilians,1
Ukraine,Violence against civilians,1
Ukraine,Violence against civilians,1
Ukraine,Violence against civilians,1
Ukraine,Explosions/Remote violence,4
Ukraine,Explosions/Remote violence,1
Ukraine,Explosions/Remote violence,1
Ukraine,Explosions/Remote violence,2
Ukraine,Explosions/Remote violence,1
Ukraine,Explosions/Remote violence,13
Ukraine,Explosions/Remote violence,16
Ukraine,Explosions/Remote violence,2
Ukraine,Explosions/Remote violence,7
Ukraine,Explosions/Remote violence,4
Ukraine,Explosions/Remote violence,2
Ukraine,Explosions/Remote violence,2
Ukraine,Explosions/Remote violence,2
Ukraine,Explosions/Remote violence,3
Ukraine,Explosions/Remote violence,9
Ukraine,Explosions/Remote violence,17
Ukraine,Explosions/Remote violence,9
Ukraine,Explosions/Remote violence,8
Ukraine,Explosions/Remote violence,12
Ukraine,Explosions/Remote violence,13
Ukraine,Explosions/Remote violence,19
Ukraine,Explosions/Remote violence,9
Ukraine,Explosions/Remote violence,15
Ukraine,Explosions/Remote violence,14
Ukraine,Explosions/Remote violence,14
Ukraine,Explosions/Remote violence,13
Ukraine,Explosions/Remote violence,5
Ukraine,Explosions/Remote violence,5
Ukraine,Explosions/Remote violence,5
Ukraine,Explosions/Remote violence,2
Ukraine,Explosions/Remote violence,6
Ukraine,Explosions/Remote violence,4
Ukraine,Explosions/Remote violence,7
Ukraine,Explosions/Remote violence,4
Ukraine,Explosions/Remote violence,1
Ukraine,Explosions/Remote violence,5
Ukraine,Explosions/Remote violence,2
Ukraine,Explosions/Remote violence,1
Ukraine,Explosions/Remote violence,3
Ukraine,Explosions/Remote violence,1
Ukraine,Explosions/Remote violence,2
Ukraine,Explosions/Remote violence,9
Ukraine,Explosions/Remote violence,2
Ukraine,Explosions/Remote violence,4
Ukraine,Explosions/Remote violence,3
Ukraine,Explosions/Remote violence,3
Ukraine,Explosions/Remote violence,7
Ukraine,Explosions/Remote violence,4
Ukraine,Explosions/Remote violence,10
Ukraine,Explosions/Remote violence,23
Ukraine,Explosions/Remote violence,6
Ukraine,Explosions/Remote violence,3
Ukraine,Explosions/Remote violence,9
Ukraine,Explosions/Remote violence,17
Ukraine,Explosions/Remote violence,13
Ukraine,Explosions/Remote violence,27
Ukraine,Explosions/Remote violence,22
Ukraine,Explosions/Remote violence,21
Ukraine,Explosions/Remote violence,10
Ukraine,Explosions/Remote violence,19
Ukraine,Explosions/Remote violence,14
Ukraine,Explosions/Remote violence,11
Ukraine,Explosions/Remote violence,9
Ukraine,Explosions/Remote violence,22
Ukraine,Explosions/Remote violence,22
Ukraine,Explosions/Remote violence,28
Ukraine,Explosions/Remote violence,23
Ukraine,Explosions/Remote violence,26
Ukraine,Explosions/Remote violence,26
Ukraine,Explosions/Remote violence,22
Ukraine,Explosions/Remote violence,34
Ukraine,Explosions/Remote violence,32
Ukraine,Explosions/Remote violence,34
Ukraine,Explosions/Remote violence,23
Ukraine,Explosions/Remote violence,22
Ukraine,Explosions/Remote violence,25
Ukraine,Explosions/Remote violence,25
Ukraine,Explosions/Remote violence,26
Ukraine,Explosions/Remote violence,26
Ukraine,Explosions/Remote violence,21
Ukraine,Explosions/Remote violence,26
Ukraine,Explosions/Remote violence,30
Ukraine,Explosions/Remote violence,33
Ukraine,Explosions/Remote violence,27
Ukraine,Explosions/Remote violence,25
Ukraine,Explosions/Remote violence,39
Ukraine,Explosions/Remote violence,30
Ukraine,Explosions/Remote violence,32
Ukraine,Explosions/Remote violence,22
Ukraine,Explosions/Remote violence,39
Ukraine,Explosions/Remote violence,24
Ukraine,Explosions/Remote violence,41
Ukraine,Explosions/Remote violence,45
Ukraine,Explosions/Remote violence,37
Ukraine,Explosions/Remote violence,32
Ukraine,Explosions/Remote violence,33
Ukraine,Explosions/Remote violence,23
Ukraine,Explosions/Remote violence,22
Ukraine,Explosions/Remote violence,22
Ukraine,Explosions/Remote violence,32
Ukraine,Explosions/Remote violence,31
Ukraine,Explosions/Remote violence,33
Ukraine,Explosions/Remote violence,24
Ukraine,Explosions/Remote violence,20
Ukraine,Explosions/Remote violence,22
Ukraine,Explosions/Remote violence,24
Ukraine,Explosions/Remote violence,18
Ukraine,Explosions/Remote violence,19
Ukraine,Explosions/Remote violence,16
Ukraine,Explosions/Remote violence,27
Ukraine,Explosions/Remote violence,26
Ukraine,Explosions/Remote violence,26
Ukraine,Explosions/Remote violence,19
Ukraine,Explosions/Remote violence,23
Ukraine,Explosions/Remote violence,15
Ukraine,Explosions/Remote violence,37
Ukraine,Explosions/Remote violence,31
Ukraine,Explosions/Remote violence,40
Ukraine,Explosions/Remote violence,39
Ukraine,Explosions/Remote violence,44
Ukraine,Explosions/Remote violence,52
Ukraine,Explosions/Remote violence,32
Ukraine,Explosions/Remote violence,32
Ukraine,Explosions/Remote violence,43
Ukraine,Explosions/Remote violence,45
Ukraine,Explosions/Remote violence,49
Ukraine,Explosions/Remote violence,55
Ukraine,Explosions/Remote violence,49
Ukraine,Explosions/Remote violence,43
Ukraine,Explosions/Remote violence,53
Ukraine,Explosions/Remote violence,61
Ukraine,Explosions/Remote violence,60
Ukraine,Explosions/Remote violence,59
Ukraine,Explosions/Remote violence,51
Ukraine,Explosions/Remote violence,54
Ukraine,Explosions/Remote violence,53
Ukraine,Explosions/Remote violence,43
Ukraine,Explosions/Remote violence,54
Ukraine,Explosions/Remote violence,48
Ukraine,Explosions/Remote violence,42
Ukraine,Explosions/Remote violence,66
Ukraine,Explosions/Remote violence,53
Ukraine,Explosions/Remote violence,55
Ukraine,Explosions/Remote violence,60
Ukraine,Explosions/Remote violence,56
Ukraine,Explosions/Remote violence,79
Ukraine,Explosions/Remote violence,52
Ukraine,Explosions/Remote violence,66
Ukraine,Explosions/Remote violence,73
Ukraine,Explosions/Remote violence,63
Ukraine,Explosions/Remote violence,57
Ukraine,Explosions/Remote violence,66
Ukraine,Explosions/Remote violence,53
Ukraine,Explosions/Remote violence,50
Ukraine,Explosions/Remote violence,63
Ukraine,Explosions/Remote violence,56
Ukraine,Explosions/Remote violence,61
Ukraine,Explosions/Remote violence,54
Ukraine,Explosions/Remote violence,65
Ukraine,Explosions/Remote violence,66
Ukraine,Explosions/Remote violence,61
Ukraine,Explosions/Remote violence,81
Ukraine,Explosions/Remote violence,83
Ukraine,Explosions/Remote violence,61
Ukraine,Explosions/Remote violence,56
Ukraine,Explosions/Remote violence,54
Ukraine,Explosions/Remote violence,65
Ukraine,Explosions/Remote violence,65
Ukraine,Explosions/Remote violence,102
Ukraine,Explosions/Remote violence,72
Ukraine,Explosions/Remote violence,84
Ukraine,Explosions/Remote violence,82
Ukraine,Explosions/Remote violence,80
Ukraine,Explosions/Remote violence,80
Ukraine,Explosions/Remote violence,98
Ukraine,Explosions/Remote violence,96
Ukraine,Explosions/Remote violence,105
Ukraine,Explosions/Remote violence,84
Ukraine,Explosions/Remote violence,80
Ukraine,Explosions/Remote violence,86
Ukraine,Explosions/Remote violence,90
Ukraine,Explosions/Remote violence,1
Ukraine,Explosions/Remote violence,1
Ukraine,Explosions/Remote violence,1
Ukraine,Explosions/Remote violence,1
Ukraine,Explosions/Remote violence,1
Ukraine,Explosions/Remote violence,1
Ukraine,Explosions/Remote violence,1
Ukraine,Explosions/Remote violence,1
Ukraine,Explosions/Remote violence,5
Ukraine,Explosions/Remote violence,1
Ukraine,Explosions/Remote violence,1
Ukraine,Explosions/Remote violence,2
Ukraine,Explosions/Remote violence,3
Ukraine,Explosions/Remote violence,2
Ukraine,Explosions/Remote violence,2
Ukraine,Explosions/Remote violence,3
Ukraine,Explosions/Remote violence,2
Ukraine,Explosions/Remote violence,2
Ukraine,Explosions/Remote violence,5
Ukraine,Explosions/Remote violence,1
Ukraine,Explosions/Remote violence,2
Ukraine,Explosions/Remote violence,4
Ukraine,Explosions/Remote violence,8
Ukraine,Explosions/Remote violence,3
Ukraine,Explosions/Remote violence,3
Ukraine,Explosions/Remote violence,3
Ukraine,Explosions/Remote violence,4
Ukraine,Explosions/Remote violence,6
Ukraine,Explosions/Remote violence,3
Ukraine,Explosions/Remote violence,1
Ukraine,Explosions/Remote violence,2
Ukraine,Explosions/Remote violence,2
Ukraine,Explosions/Remote violence,4
Ukraine,Explosions/Remote violence,2
Ukraine,Explosions/Remote violence,2
Ukraine,Explosions/Remote violence,1
Ukraine,Explosions/Remote violence,1
Ukraine,Explosions/Remote violence,1
Ukraine,Explosions/Remote violence,1
Ukraine,Explosions/Remote violence,1
Ukraine,Explosions/Remote violence,1
Ukraine,Explosions/Remote violence,1
Ukraine,Explosions/Remote violence,1
Ukraine,Explosions/Remote violence,3
Ukraine,Explosions/Remote violence,2
Ukraine,Explosions/Remote violence,1
Ukraine,Explosions/Remote violence,1
Ukraine,Explosions/Remote violence,1
Ukraine,Explosions/Remote violence,1
Ukraine,Explosions/Remote violence,2
Ukraine,Explosions/Remote violence,3
Ukraine,Explosions/Remote violence,1
Ukraine,Explosions/Remote violence,2
Ukraine,Explosions/Remote violence,2
Ukraine,Explosions/Remote violence,3
Ukraine,Explosions/Remote violence,1
Ukraine,Explosions/Remote violence,2
Ukraine,Explosions/Remote violence,2
Ukraine,Explosions/Remote violence,1
Ukraine,Explosions/Remote violence,2
Ukraine,Explosions/Remote violence,1
Ukraine,Explosions/Remote violence,2
Ukraine,Explosions/Remote violence,1
Ukraine,Explosions/Remote violence,1
Ukraine,Explosions/Remote violence,1
Ukraine,Explosions/Remote violence,1
Ukraine,Explosions/Remote violence,2
Ukraine,Explosions/Remote violence,2
Ukraine,Explosions/Remote violence,2
Ukraine,Explosions/Remote violence,1
Ukraine,Explosions/Remote violence,1
Ukraine,Explosions/Remote violence,1
Ukraine,Explosions/Remote violence,1
Ukraine,Explosions/Remote violence,1
Ukraine,Explosions/Remote violence,1
Ukraine,Explosions/Remote violence,1
Ukraine,Explosions/Remote violence,2
Ukraine,Explosions/Remote violence,1
Ukraine,Explosions/Remote violence,1
Ukraine,Explosions/Remote violence,1
Ukraine,Explosions/Remote violence,1
Ukraine,Explosions/Remote violence,3
Ukraine,Explosions/Remote violence,2
Ukraine,Explosions/Remote violence,1
Ukraine,Explosions/Remote violence,1
Ukraine,Explosions/Remote violence,1
Ukraine,Explosions/Remote violence,1
Ukraine,Explosions/Remote violence,1
Ukraine,Explosions/Remote violence,1
Ukraine,Explosions/Remote violence,1
Ukraine,Explosions/Remote violence,1
Ukraine,Explosions/Remote violence,1
Ukraine,Explosions/Remote violence,1
Ukraine,Explosions/Remote violence,2
Ukraine,Explosions/Remote violence,2
Ukraine,Explosions/Remote violence,1
Ukraine,Explosions/Remote violence,1
Ukraine,Explosions/Remote violence,1
Ukraine,Explosions/Remote violence,1
Ukraine,Explosions/Remote violence,4
Ukraine,Explosions/Remote violence,9
Ukraine,Explosions/Remote violence,5
Ukraine,Explosions/Remote violence,12
Ukraine,Explosions/Remote violence,11
Ukraine,Explosions/Remote violence,7
Ukraine,Explosions/Remote violence,22
Ukraine,Explosions/Remote violence,30
Ukraine,Explosions/Remote violence,29
Ukraine,Explosions/Remote violence,20
Ukraine,Explosions/Remote violence,17
Ukraine,Explosions/Remote violence,19
Ukraine,Explosions/Remote violence,24
Ukraine,Explosions/Remote violence,26
Ukraine,Explosions/Remote violence,20
Ukraine,Explosions/Remote violence,25
Ukraine,Explosions/Remote violence,15
Ukraine,Explosions/Remote violence,29
Ukraine,Explosions/Remote violence,31
Ukraine,Explosions/Remote violence,26
Ukraine,Explosions/Remote violence,49
Ukraine,Explosions/Remote violence,57
Ukraine,Explosions/Remote violence,52
Ukraine,Explosions/Remote violence,82
Ukraine,Explosions/Remote violence,77
Ukraine,Explosions/Remote violence,74
Ukraine,Explosions/Remote violence,84
Ukraine,Explosions/Remote violence,128
Ukraine,Explosions/Remote violence,81
Ukraine,Explosions/Remote violence,95
Ukraine,Explosions/Remote violence,124
Ukraine,Explosions/Remote violence,81
Ukraine,Explosions/Remote violence,81
Ukraine,Explosions/Remote violence,89
Ukraine,Explosions/Remote violence,100
Ukraine,Explosions/Remote violence,74
Ukraine,Explosions/Remote violence,115
Ukraine,Explosions/Remote violence,133
Ukraine,Explosions/Remote violence,121
Ukraine,Explosions/Remote violence,112
Ukraine,Explosions/Remote violence,119
Ukraine,Explosions/Remote violence,91
Ukraine,Explosions/Remote violence,104
Ukraine,Explosions/Remote violence,84
Ukraine,Explosions/Remote violence,127
Ukraine,Explosions/Remote violence,127
Ukraine,Explosions/Remote violence,123
Ukraine,Explosions/Remote violence,131
Ukraine,Explosions/Remote violence,132
Ukraine,Explosions/Remote violence,114
Ukraine,Explosions/Remote violence,112
Ukraine,Explosions/Remote violence,105
Ukraine,Explosions/Remote violence,104
Ukraine,Explosions/Remote violence,93
Ukraine,Explosions/Remote violence,117
Ukraine,Explosions/Remote violence,112
Ukraine,Explosions/Remote violence,116
Ukraine,Explosions/Remote violence,96
Ukraine,Explosions/Remote violence,107
Ukraine,Explosions/Remote violence,90
Ukraine,Explosions/Remote violence,103
Ukraine,Explosions/Remote violence,121
Ukraine,Explosions/Remote violence,103
Ukraine,Explosions/Remote violence,106
Ukraine,Explosions/Remote violence,100
Ukraine,Explosions/Remote violence,89
Ukraine,Explosions/Remote violence,106
Ukraine,Explosions/Remote violence,137
Ukraine,Explosions/Remote violence,109
Ukraine,Explosions/Remote violence,101
Ukraine,Explosions/Remote violence,91
Ukraine,Explosions/Remote violence,91
Ukraine,Explosions/Remote violence,87
Ukraine,Explosions/Remote violence,99
Ukraine,Explosions/Remote violence,102
Ukraine,Explosions/Remote violence,121
Ukraine,Explosions/Remote violence,133
Ukraine,Explosions/Remote violence,157
Ukraine,Explosions/Remote violence,142
Ukraine,Explosions/Remote violence,144
Ukraine,Explosions/Remote violence,142
Ukraine,Explosions/Remote violence,118
Ukraine,Explosions/Remote violence,83
Ukraine,Explosions/Remote violence,81
Ukraine,Explosions/Remote violence,80
Ukraine,Explosions/Remote violence,120
Ukraine,Explosions/Remote violence,127
Ukraine,Explosions/Remote violence,96
Ukraine,Explosions/Remote violence,72
Ukraine,Explosions/Remote violence,82
Ukraine,Explosions/Remote violence,103
Ukraine,Explosions/Remote violence,88
Ukraine,Explosions/Remote violence,84
Ukraine,Explosions/Remote violence,80
Ukraine,Explosions/Remote violence,96
Ukraine,Explosions/Remote violence,68
Ukraine,Explosions/Remote violence,86
Ukraine,Explosions/Remote violence,56
Ukraine,Explosions/Remote violence,79
Ukraine,Explosions/Remote violence,50
Ukraine,Explosions/Remote violence,74
Ukraine,Explosions/Remote violence,66
Ukraine,Explosions/Remote violence,88
Ukraine,Explosions/Remote violence,73
Ukraine,Explosions/Remote violence,82
Ukraine,Explosions/Remote violence,54
Ukraine,Explosions/Remote violence,61
Ukraine,Explosions/Remote violence,39
Ukraine,Explosions/Remote violence,74
Ukraine,Explosions/Remote violence,51
Ukraine,Explosions/Remote violence,49
Ukraine,Explosions/Remote violence,59
Ukraine,Explosions/Remote violence,45
Ukraine,Explosions/Remote violence,31
Ukraine,Explosions/Remote violence,28
Ukraine,Explosions/Remote violence,25
Ukraine,Explosions/Remote violence,12
Ukraine,Explosions/Remote violence,10
Ukraine,Explosions/Remote violence,8
Ukraine,Explosions/Remote violence,8
Ukraine,Explosions/Remote violence,15
Ukraine,Explosions/Remote violence,16
Ukraine,Explosions/Remote violence,7
Ukraine,Explosions/Remote violence,18
Ukraine,Explosions/Remote violence,17
Ukraine,Explosions/Remote violence,12
Ukraine,Explosions/Remote violence,9
Ukraine,Explosions/Remote violence,26
Ukraine,Explosions/Remote violence,15
Ukraine,Explosions/Remote violence,16
Ukraine,Explosions/Remote violence,19
Ukraine,Explosions/Remote violence,23
Ukraine,Explosions/Remote violence,21
Ukraine,Explosions/Remote violence,14
Ukraine,Explosions/Remote violence,17
Ukraine,Explosions/Remote violence,8
Ukraine,Explosions/Remote violence,7
Ukraine,Explosions/Remote violence,17
Ukraine,Explosions/Remote violence,13
Ukraine,Explosions/Remote violence,20
Ukraine,Explosions/Remote violence,13
Ukraine,Explosions/Remote violence,6
Ukraine,Explosions/Remote violence,8
Ukraine,Explosions/Remote violence,21
Ukraine,Explosions/Remote violence,9
Ukraine,Explosions/Remote violence,6
Ukraine,Explosions/Remote violence,7
Ukraine,Explosions/Remote violence,9
Ukraine,Explosions/Remote violence,9
Ukraine,Explosions/Remote violence,7
Ukraine,Explosions/Remote violence,5
Ukraine,Explosions/Remote violence,25
Ukraine,Explosions/Remote violence,15
Ukraine,Explosions/Remote violence,17
Ukraine,Explosions/Remote violence,12
Ukraine,Explosions/Remote violence,13
Ukraine,Explosions/Remote violence,12
Ukraine,Explosions/Remote violence,8
Ukraine,Explosions/Remote violence,11
Ukraine,Explosions/Remote violence,18
Ukraine,Explosions/Remote violence,11
Ukraine,Explosions/Remote violence,15
Ukraine,Explosions/Remote violence,7
Ukraine,Explosions/Remote violence,7
Ukraine,Explosions/Remote violence,13
Ukraine,Explosions/Remote violence,8
Ukraine,Explosions/Remote violence,13
Ukraine,Explosions/Remote violence,10
Ukraine,Explosions/Remote violence,12
Ukraine,Explosions/Remote violence,13
Ukraine,Explosions/Remote violence,13
Ukraine,Explosions/Remote violence,13
Ukraine,Explosions/Remote violence,12
Ukraine,Explosions/Remote violence,11
Ukraine,Explosions/Remote violence,14
Ukraine,Explosions/Remote violence,20
Ukraine,Explosions/Remote violence,22
Ukraine,Explosions/Remote violence,15
Ukraine,Explosions/Remote violence,11
Ukraine,Explosions/Remote violence,27
Ukraine,Explosions/Remote violence,22
Ukraine,Explosions/Remote violence,18
Ukraine,Explosions/Remote violence,30
Ukraine,Explosions/Remote violence,23
Ukraine,Explosions/Remote violence,18
Ukraine,Explosions/Remote violence,15
Ukraine,Explosions/Remote violence,22
Ukraine,Explosions/Remote violence,11
Ukraine,Explosions/Remote violence,19
Ukraine,Explosions/Remote violence,19
Ukraine,Explosions/Remote violence,19
Ukraine,Explosions/Remote violence,1
Ukraine,Explosions/Remote violence,1
Ukraine,Riots,1
Ukraine,Riots,1
Ukraine,Riots,1
Ukraine,Riots,1
Ukraine,Riots,1
Ukraine,Riots,1
Ukraine,Riots,1
Ukraine,Riots,1
Ukraine,Riots,1
Ukraine,Riots,1
Ukraine,Riots,1
Ukraine,Riots,1
Ukraine,Riots,1
Ukraine,Riots,1
Ukraine,Riots,1
Ukraine,Riots,1
Ukraine,Riots,1
Ukraine,Riots,1
Ukraine,Riots,1
Ukraine,Violence against civilians,2
Ukraine,Violence against civilians,8
Ukraine,Violence against civilians,7
Ukraine,Violence against civilians,8
Ukraine,Violence against civilians,5
Ukraine,Violence against civilians,1
Ukraine,Violence against civilians,4
Ukraine,Violence against civilians,5
Ukraine,Violence against civilians,8
Ukraine,Violence against civilians,2
Ukraine,Violence against civilians,3
Ukraine,Violence against civilians,2
Ukraine,Violence against civilians,5
Ukraine,Violence against civilians,3
Ukraine,Violence against civilians,1
Ukraine,Violence against civilians,1
Ukraine,Violence against civilians,2
Ukraine,Violence against civilians,1
Ukraine,Violence against civilians,2
Ukraine,Violence against civilians,1
Ukraine,Violence against civilians,1
Ukraine,Violence against civilians,1
Ukraine,Violence against civilians,3
Ukraine,Violence against civilians,2
Ukraine,Violence against civilians,1
Ukraine,Violence against civilians,1
Ukraine,Violence against civilians,1
Ukraine,Violence against civilians,3
Ukraine,Violence against civilians,1
Ukraine,Violence against civilians,1
Ukraine,Violence against civilians,1
Ukraine,Violence against civilians,1
Ukraine,Violence against civilians,1
Ukraine,Violence against civilians,1
Ukraine,Violence against civilians,1
Ukraine,Violence against civilians,1
Ukraine,Violence against civilians,4
Ukraine,Violence against civilians,1
Ukraine,Violence against civilians,1
Ukraine,Violence against civilians,3
Ukraine,Violence against civilians,1
Ukraine,Violence against civilians,1
Ukraine,Violence against civilians,1
Ukraine,Violence against civilians,1
Ukraine,Violence against civilians,1
Ukraine,Violence against civilians,1
Ukraine,Violence against civilians,1
Ukraine,Violence against civilians,1
Ukraine,Violence against civilians,1
Ukraine,Violence against civilians,1
Ukraine,Violence against civilians,1
Ukraine,Violence against civilians,1
Ukraine,Violence against civilians,1
Ukraine,Violence against civilians,1
Ukraine,Violence against civilians,1
Ukraine,Violence against civilians,1
Ukraine,Violence against civilians,1
Ukraine,Violence against civilians,1
Ukraine,Violence against civilians,1
Ukraine,Violence against civilians,2
Ukraine,Violence against civilians,1
Ukraine,Violence against civilians,1
Ukraine,Violence against civilians,1
Ukraine,Violence against civilians,1
Ukraine,Violence against civilians,1
Ukraine,Violence against civilians,1
Ukraine,Violence against civilians,6
Ukraine,Violence against civilians,6
Ukraine,Violence against civilians,8
Ukraine,Violence against civilians,2
Ukraine,Violence against civilians,1
Ukraine,Violence against civilians,1
Ukraine,Violence against civilians,2
Ukraine,Violence against civilians,1
Ukraine,Violence against civilians,1
Ukraine,Violence against civilians,1
Ukraine,Violence against civilians,1
Ukraine,Violence against civilians,1
Ukraine,Violence against civilians,1
Ukraine,Violence against civilians,1
Ukraine,Violence against civilians,1
Ukraine,Violence against civilians,1
Ukraine,Violence against civilians,1
Ukraine,Violence against civilians,1
Ukraine,Violence against civilians,1
Ukraine,Violence against civilians,1
Ukraine,Violence against civilians,1
Ukraine,Violence against civilians,2
Ukraine,Violence against civilians,1
Ukraine,Violence against civilians,1
Ukraine,Violence against civilians,1
Ukraine,Violence against civilians,2
Ukraine,Violence against civilians,1
Ukraine,Violence against civilians,1
Ukraine,Violence against civilians,1
Ukraine,Violence against civilians,1
Ukraine,Violence against civilians,1
Ukraine,Violence against civilians,1
Ukraine,Violence against civilians,1
Ukraine,Violence against civilians,1
Ukraine,Violence against civilians,1
Ukraine,Violence against civilians,1
Ukraine,Violence against civilians,1
Ukraine,Violence against civilians,1
Ukraine,Violence against civilians,1
Ukraine,Violence against civilians,1
Ukraine,Violence against civilians,1
Ukraine,Violence against civilians,1
Ukraine,Violence against civilians,1
Ukraine,Violence against civilians,1
Ukraine,Violence against civilians,1
Ukraine,Violence against civilians,1
Ukraine,Violence against civilians,1
Ukraine,Violence against civilians,1
Ukraine,Violence against civilians,1
Ukraine,Violence against civilians,2
Ukraine,Violence against civilians,1
Ukraine,Explosions/Remote violence,2
Ukraine,Explosions/Remote violence,5
Ukraine,Explosions/Remote violence,2
Ukraine,Explosions/Remote violence,2
Ukraine,Explosions/Remote violence,3
Ukraine,Explosions/Remote violence,1
Ukraine,Explosions/Remote violence,1
Ukraine,Explosions/Remote violence,1
Ukraine,Explosions/Remote violence,1
Ukraine,Explosions/Remote violence,1
Ukraine,Explosions/Remote violence,2
Ukraine,Explosions/Remote violence,1
Ukraine,Explosions/Remote violence,1
Ukraine,Explosions/Remote violence,2
Ukraine,Explosions/Remote violence,1
Ukraine,Explosions/Remote violence,1
Ukraine,Explosions/Remote violence,1
Ukraine,Explosions/Remote violence,1
Ukraine,Explosions/Remote violence,1
Ukraine,Explosions/Remote violence,1
Ukraine,Explosions/Remote violence,1
Ukraine,Explosions/Remote violence,1
Ukraine,Explosions/Remote violence,2
Ukraine,Explosions/Remote violence,1
Ukraine,Explosions/Remote violence,1
Ukraine,Explosions/Remote violence,1
Ukraine,Explosions/Remote violence,2
Ukraine,Explosions/Remote violence,3
Ukraine,Explosions/Remote violence,1
Ukraine,Explosions/Remote violence,2
Ukraine,Explosions/Remote violence,1
Ukraine,Explosions/Remote violence,1
Ukraine,Explosions/Remote violence,1
Ukraine,Explosions/Remote violence,1
Ukraine,Explosions/Remote violence,1
Ukraine,Explosions/Remote violence,2
Ukraine,Explosions/Remote violence,2
Ukraine,Explosions/Remote violence,1
Ukraine,Explosions/Remote violence,2
Ukraine,Explosions/Remote violence,2
Ukraine,Explosions/Remote violence,2
Ukraine,Explosions/Remote violence,1
Ukraine,Explosions/Remote violence,1
Ukraine,Explosions/Remote violence,1
Ukraine,Explosions/Remote violence,1
Ukraine,Explosions/Remote violence,3
Ukraine,Explosions/Remote violence,1
Ukraine,Explosions/Remote violence,1
Ukraine,Explosions/Remote violence,1
Ukraine,Explosions/Remote violence,1
Ukraine,Explosions/Remote violence,1
Ukraine,Explosions/Remote violence,1
Ukraine,Explosions/Remote violence,1
Ukraine,Explosions/Remote violence,1
Ukraine,Explosions/Remote violence,2
Ukraine,Explosions/Remote violence,1
Ukraine,Explosions/Remote violence,1
Ukraine,Explosions/Remote violence,1
Ukraine,Explosions/Remote violence,1
Ukraine,Explosions/Remote violence,1
Ukraine,Explosions/Remote violence,1
Ukraine,Explosions/Remote violence,5
Ukraine,Explosions/Remote violence,11
Ukraine,Explosions/Remote violence,8
Ukraine,Explosions/Remote violence,13
Ukraine,Explosions/Remote violence,6
Ukraine,Explosions/Remote violence,5
Ukraine,Explosions/Remote violence,2
Ukraine,Explosions/Remote violence,1
Ukraine,Explosions/Remote violence,1
Ukraine,Explosions/Remote violence,2
Ukraine,Explosions/Remote violence,2
Ukraine,Explosions/Remote violence,1
Ukraine,Explosions/Remote violence,1
Ukraine,Explosions/Remote violence,1
Ukraine,Explosions/Remote violence,1
Ukraine,Explosions/Remote violence,1
Ukraine,Explosions/Remote violence,1
Ukraine,Explosions/Remote violence,1
Ukraine,Explosions/Remote violence,1
Ukraine,Explosions/Remote violence,1
Ukraine,Explosions/Remote violence,1
Ukraine,Riots,1
Ukraine,Riots,1
Ukraine,Riots,1
Ukraine,Violence against civilians,1
Ukraine,Violence against civilians,1
Ukraine,Violence against civilians,1
Ukraine,Violence against civilians,1
Ukraine,Violence against civilians,1
Ukraine,Violence against civilians,1
Ukraine,Violence against civilians,1
United Kingdom,Explosions/Remote violence,1
United Kingdom,Riots,1
United Kingdom,Riots,3
United Kingdom,Riots,3
United Kingdom,Riots,2
United Kingdom,Riots,1
United Kingdom,Riots,2
United Kingdom,Riots,1
United Kingdom,Riots,1
United Kingdom,Riots,1
United Kingdom,Riots,2
United Kingdom,Riots,2
United Kingdom,Riots,2
United Kingdom,Riots,1
United Kingdom,Riots,1
United Kingdom,Riots,1
United Kingdom,Riots,1
United Kingdom,Riots,1
United Kingdom,Riots,1
United Kingdom,Riots,1
United Kingdom,Riots,2
United Kingdom,Riots,2
United Kingdom,Riots,1
United Kingdom,Riots,1
United Kingdom,Riots,1
United Kingdom,Riots,1
United Kingdom,Riots,2
United Kingdom,Riots,1
United Kingdom,Riots,3
United Kingdom,Riots,1
United Kingdom,Riots,1
United Kingdom,Riots,1
United Kingdom,Riots,1
United Kingdom,Riots,2
United Kingdom,Riots,2
United Kingdom,Riots,1
United Kingdom,Riots,1
United Kingdom,Riots,1
United Kingdom,Riots,2
United Kingdom,Riots,1
United Kingdom,Riots,2
United Kingdom,Riots,1
United Kingdom,Riots,1
United Kingdom,Riots,2
United Kingdom,Riots,1
United Kingdom,Riots,1
United Kingdom,Riots,1
United Kingdom,Riots,5
United Kingdom,Riots,1
United Kingdom,Riots,1
United Kingdom,Riots,1
United Kingdom,Riots,1
United Kingdom,Riots,4
United Kingdom,Riots,3
United Kingdom,Riots,1
United Kingdom,Riots,1
United Kingdom,Riots,1
United Kingdom,Riots,1
United Kingdom,Riots,2
United Kingdom,Riots,2
United Kingdom,Riots,3
United Kingdom,Riots,1
United Kingdom,Riots,4
United Kingdom,Riots,2
United Kingdom,Riots,1
United Kingdom,Riots,2
United Kingdom,Riots,2
United Kingdom,Riots,1
United Kingdom,Riots,1
United Kingdom,Riots,1
United Kingdom,Riots,3
United Kingdom,Riots,1
United Kingdom,Riots,2
United Kingdom,Riots,1
United Kingdom,Riots,1
United Kingdom,Riots,1
United Kingdom,Riots,2
United Kingdom,Riots,2
United Kingdom,Riots,1
United Kingdom,Riots,1
United Kingdom,Riots,1
United Kingdom,Riots,2
United Kingdom,Riots,1
United Kingdom,Riots,1
United Kingdom,Riots,1
United Kingdom,Riots,3
United Kingdom,Riots,1
United Kingdom,Riots,1
United Kingdom,Riots,1
United Kingdom,Riots,1
United Kingdom,Riots,1
United Kingdom,Riots,3
United Kingdom,Riots,1
United Kingdom,Riots,2
United Kingdom,Riots,2
United Kingdom,Riots,1
United Kingdom,Riots,1
United Kingdom,Riots,1
United Kingdom,Riots,3
United Kingdom,Riots,2
United Kingdom,Riots,1
United Kingdom,Riots,1
United Kingdom,Riots,1
United Kingdom,Riots,1
United Kingdom,Riots,1
United Kingdom,Riots,1
United Kingdom,Riots,1
United Kingdom,Riots,1
United Kingdom,Riots,1
United Kingdom,Riots,1
United Kingdom,Riots,1
United Kingdom,Riots,1
United Kingdom,Riots,17
United Kingdom,Riots,1
United Kingdom,Riots,1
United Kingdom,Riots,1
United Kingdom,Riots,6
United Kingdom,Riots,15
United Kingdom,Riots,1
United Kingdom,Riots,1
United Kingdom,Riots,1
United Kingdom,Riots,1
United Kingdom,Riots,2
United Kingdom,Riots,1
United Kingdom,Riots,1
United Kingdom,Riots,1
United Kingdom,Riots,2
United Kingdom,Riots,1
United Kingdom,Riots,1
United Kingdom,Riots,2
United Kingdom,Riots,2
United Kingdom,Riots,2
United Kingdom,Riots,1
United Kingdom,Riots,1
United Kingdom,Violence against civilians,1
United Kingdom,Violence against civilians,1
United Kingdom,Violence against civilians,1
United Kingdom,Violence against civilians,1
United Kingdom,Violence against civilians,1
United Kingdom,Violence against civilians,1
United Kingdom,Violence against civilians,1
United Kingdom,Violence against civilians,2
United Kingdom,Violence against civilians,1
United Kingdom,Violence against civilians,1
United Kingdom,Violence against civilians,1
United Kingdom,Violence against civilians,1
United Kingdom,Violence against civilians,1
United Kingdom,Violence against civilians,1
United Kingdom,Violence against civilians,1
United Kingdom,Violence against civilians,1
United Kingdom,Explosions/Remote violence,1
United Kingdom,Riots,1
United Kingdom,Riots,1
United Kingdom,Riots,1
United Kingdom,Riots,1
United Kingdom,Riots,1
United Kingdom,Riots,1
United Kingdom,Riots,1
United Kingdom,Riots,2
United Kingdom,Riots,5
United Kingdom,Riots,2
United Kingdom,Riots,3
United Kingdom,Riots,3
United Kingdom,Riots,2
United Kingdom,Riots,1
United Kingdom,Riots,1
United Kingdom,Riots,1
United Kingdom,Riots,1
United Kingdom,Riots,1
United Kingdom,Riots,2
United Kingdom,Riots,1
United Kingdom,Riots,1
United Kingdom,Riots,1
United Kingdom,Riots,3
United Kingdom,Riots,1
United Kingdom,Riots,1
United Kingdom,Riots,1
United Kingdom,Riots,5
United Kingdom,Riots,9
United Kingdom,Riots,1
United Kingdom,Riots,1
United Kingdom,Riots,1
United Kingdom,Riots,1
United Kingdom,Riots,1
United Kingdom,Riots,1
United Kingdom,Riots,2
United Kingdom,Riots,1
United Kingdom,Riots,1
United Kingdom,Riots,1
United Kingdom,Riots,2
United Kingdom,Riots,1
United Kingdom,Riots,1
United Kingdom,Riots,1
United Kingdom,Riots,1
United Kingdom,Riots,2
United Kingdom,Riots,3
United Kingdom,Riots,2
United Kingdom,Riots,3
United Kingdom,Riots,1
United Kingdom,Riots,1
United Kingdom,Riots,1
United Kingdom,Riots,1
United Kingdom,Riots,1
United Kingdom,Riots,1
United Kingdom,Riots,1
United Kingdom,Riots,1
United Kingdom,Riots,1
United Kingdom,Riots,1
United Kingdom,Riots,1
United Kingdom,Riots,1
United Kingdom,Riots,1
United Kingdom,Riots,1
United Kingdom,Riots,1
United Kingdom,Riots,1
United Kingdom,Riots,1
United Kingdom,Riots,1
United Kingdom,Riots,2
United Kingdom,Riots,1
United Kingdom,Riots,1
United Kingdom,Riots,1
United Kingdom,Riots,1
United Kingdom,Riots,1
United Kingdom,Riots,1
United Kingdom,Riots,1
United Kingdom,Riots,2
United Kingdom,Riots,1
United Kingdom,Riots,1
United Kingdom,Riots,1
United Kingdom,Riots,3
United Kingdom,Riots,1
United Kingdom,Riots,1
United Kingdom,Riots,1
United Kingdom,Riots,1
United Kingdom,Riots,1
United Kingdom,Riots,1
United Kingdom,Riots,1
United Kingdom,Riots,1
United Kingdom,Riots,1
United Kingdom,Riots,1
United Kingdom,Riots,1
United Kingdom,Riots,2
United Kingdom,Riots,3
United Kingdom,Riots,1
United Kingdom,Riots,2
United Kingdom,Riots,10
United Kingdom,Violence against civilians,1
United Kingdom,Violence against civilians,1
United Kingdom,Violence against civilians,1
United Kingdom,Violence against civilians,1
United Kingdom,Violence against civilians,1
United Kingdom,Violence against civilians,1
United Kingdom,Violence against civilians,1
United Kingdom,Violence against civilians,1
United Kingdom,Violence against civilians,1
United Kingdom,Violence against civilians,1
United Kingdom,Violence against civilians,1
United Kingdom,Violence against civilians,1
United Kingdom,Violence against civilians,1
United Kingdom,Violence against civilians,1
United Kingdom,Violence against civilians,1
United Kingdom,Violence against civilians,1
United Kingdom,Violence against civilians,1
United Kingdom,Violence against civilians,1
United Kingdom,Violence against civilians,1
United Kingdom,Violence against civilians,1
United Kingdom,Violence against civilians,1
United Kingdom,Violence against civilians,1
United Kingdom,Violence against civilians,1
United Kingdom,Violence against civilians,1
United Kingdom,Violence against civilians,1
United Kingdom,Violence against civilians,2
United Kingdom,Violence against civilians,1
United Kingdom,Violence against civilians,1
United Kingdom,Violence against civilians,1
United Kingdom,Violence against civilians,1
United Kingdom,Violence against civilians,1
United Kingdom,Violence against civilians,1
United Kingdom,Violence against civilians,1
United Kingdom,Violence against civilians,1
United Kingdom,Riots,1
United Kingdom,Riots,1
United Kingdom,Riots,1
United Kingdom,Riots,1
United Kingdom,Riots,1
United Kingdom,Riots,2
United Kingdom,Riots,1
United Kingdom,Riots,1
United Kingdom,Riots,1
United Kingdom,Riots,2
United Kingdom,Riots,1
United Kingdom,Riots,1
United Kingdom,Riots,1
United Kingdom,Riots,1
United Kingdom,Riots,1
United Kingdom,Riots,2
United Kingdom,Riots,1
United Kingdom,Riots,1
United Kingdom,Riots,2
United Kingdom,Riots,1
United Kingdom,Riots,1
United Kingdom,Riots,1
United Kingdom,Riots,1
United Kingdom,Riots,1
United Kingdom,Riots,1
United Kingdom,Riots,1
Uzbekistan,Riots,1
Uzbekistan,Riots,1
Uzbekistan,Riots,1
Uzbekistan,Riots,1
Uzbekistan,Riots,1
Uzbekistan,Violence against civilians,1
Uzbekistan,Violence against civilians,1
Uzbekistan,Violence against civilians,1
Uzbekistan,Violence against civilians,1
Uzbekistan,Violence against civilians,1
Uzbekistan,Violence against civilians,1
Uzbekistan,Violence against civilians,1
Uzbekistan,Violence against civilians,2
Uzbekistan,Violence against civilians,1
Uzbekistan,Riots,1
Uzbekistan,Violence against civilians,1
Uzbekistan,Violence against civilians,1
Uzbekistan,Violence against civilians,1
Uzbekistan,Violence against civilians,1
Uzbekistan,Violence against civilians,1
Uzbekistan,Riots,1
Uzbekistan,Violence against civilians,1
Uzbekistan,Violence against civilians,1
Uzbekistan,Violence against civilians,1
Uzbekistan,Violence against civilians,1
Uzbekistan,Violence against civilians,1
Uzbekistan,Violence against civilians,1
Uzbekistan,Violence against civilians,1
Uzbekistan,Riots,2
Uzbekistan,Riots,1
Uzbekistan,Riots,1
Uzbekistan,Riots,1
Uzbekistan,Riots,1
Uzbekistan,Violence against civilians,1
Uzbekistan,Violence against civilians,1
Uzbekistan,Violence against civilians,1
Uzbekistan,Violence against civilians,1
Uzbekistan,Violence against civilians,1
Uzbekistan,Violence against civilians,1
Uzbekistan,Violence against civilians,1
Uzbekistan,Violence against civilians,1
Uzbekistan,Violence against civilians,1
Uzbekistan,Violence against civilians,1
Uzbekistan,Violence against civilians,1
Uzbekistan,Violence against civilians,1
Uzbekistan,Violence against civilians,1
Uzbekistan,Violence against civilians,1
Uzbekistan,Violence against civilians,1
Uzbekistan,Violence against civilians,1
Uzbekistan,Riots,1
Uzbekistan,Riots,1
Uzbekistan,Riots,1
Uzbekistan,Riots,1
Uzbekistan,Riots,1
Uzbekistan,Riots,1
Uzbekistan,Riots,1
Uzbekistan,Riots,1
Uzbekistan,Riots,1
Uzbekistan,Riots,1
Uzbekistan,Riots,1
Uzbekistan,Riots,1
Uzbekistan,Violence against civilians,1
Uzbekistan,Violence against civilians,1
Uzbekistan,Violence against civilians,1
Uzbekistan,Violence against civilians,1
Uzbekistan,Violence against civilians,1
Uzbekistan,Violence against civilians,1
Uzbekistan,Violence against civilians,1
Uzbekistan,Violence against civilians,1
Uzbekistan,Violence against civilians,1
Uzbekistan,Violence against civilians,1
Uzbekistan,Violence against civilians,1
Uzbekistan,Violence against civilians,1
Uzbekistan,Violence against civilians,1
Uzbekistan,Violence against civilians,1
Uzbekistan,Violence against civilians,1
Uzbekistan,Violence against civilians,1
Uzbekistan,Riots,1
Uzbekistan,Riots,1
Uzbekistan,Violence against civilians,1
Uzbekistan,Violence against civilians,1
Uzbekistan,Violence against civilians,1
Uzbekistan,Riots,1
Uzbekistan,Riots,1
Uzbekistan,Violence against civilians,1
Uzbekistan,Violence against civilians,1
Uzbekistan,Violence against civilians,1
Uzbekistan,Violence against civilians,1
Uzbekistan,Violence against civilians,1
Uzbekistan,Violence against civilians,1
Uzbekistan,Violence against civilians,1
Uzbekistan,Violence against civilians,1
Uzbekistan,Violence against civilians,1
Uzbekistan,Violence against civilians,1
Uzbekistan,Violence against civilians,1
Uzbekistan,Riots,1
Uzbekistan,Violence against civilians,1
Uzbekistan,Violence against civilians,1
Uzbekistan,Violence against civilians,1
Uzbekistan,Violence against civilians,1
Uzbekistan,Violence against civilians,2
Uzbekistan,Riots,1
Uzbekistan,Riots,1
Uzbekistan,Violence against civilians,1
Uzbekistan,Violence against civilians,1
Uzbekistan,Violence against civilians,1
Uzbekistan,Violence against civilians,1
Uzbekistan,Violence against civilians,1
Uzbekistan,Violence against civilians,1
Uzbekistan,Violence against civilians,2
Uzbekistan,Violence against civilians,6
Uzbekistan,Riots,1
Uzbekistan,Riots,1
Uzbekistan,Riots,1
Uzbekistan,Riots,1
Uzbekistan,Riots,2
Uzbekistan,Riots,1
Uzbekistan,Riots,1
Uzbekistan,Riots,1
Uzbekistan,Riots,1
Uzbekistan,Violence against civilians,1
Uzbekistan,Violence against civilians,2
Uzbekistan,Violence against civilians,1
Uzbekistan,Violence against civilians,1
Uzbekistan,Violence against civilians,1
Uzbekistan,Violence against civilians,1
Uzbekistan,Violence against civilians,1
Uzbekistan,Violence against civilians,1
Uzbekistan,Violence against civilians,1
Uzbekistan,Violence against civilians,1
Uzbekistan,Violence against civilians,1
Uzbekistan,Violence against civilians,1
Uzbekistan,Explosions/Remote violence,1
Uzbekistan,Explosions/Remote violence,1
Uzbekistan,Riots,1
Uzbekistan,Riots,1
Uzbekistan,Riots,1
Uzbekistan,Riots,1
Uzbekistan,Riots,1
Uzbekistan,Riots,1
Uzbekistan,Riots,1
Uzbekistan,Riots,1
Uzbekistan,Violence against civilians,1
Uzbekistan,Violence against civilians,1
Uzbekistan,Violence against civilians,1
Uzbekistan,Violence against civilians,1
Uzbekistan,Violence against civilians,1
Uzbekistan,Violence against civilians,1
Uzbekistan,Violence against civilians,1
Uzbekistan,Violence against civilians,1
Uzbekistan,Violence against civilians,1
Uzbekistan,Violence against civilians,1
Uzbekistan,Riots,1
Uzbekistan,Riots,1
Uzbekistan,Riots,1
Uzbekistan,Riots,1
Uzbekistan,Riots,1
Uzbekistan,Violence against civilians,1
Uzbekistan,Violence against civilians,1
Uzbekistan,Violence against civilians,1
Uzbekistan,Violence against civilians,1
Uzbekistan,Violence against civilians,1
Uzbekistan,Violence against civilians,1
Uzbekistan,Violence against civilians,1
Uzbekistan,Violence against civilians,1
Uzbekistan,Violence against civilians,1
Uzbekistan,Riots,1
Uzbekistan,Riots,1
Uzbekistan,Riots,1
Uzbekistan,Riots,1
Uzbekistan,Riots,1
Uzbekistan,Riots,1
Uzbekistan,Riots,1
Uzbekistan,Riots,1
Uzbekistan,Riots,1
Uzbekistan,Riots,1
Uzbekistan,Riots,1
Uzbekistan,Riots,1
Uzbekistan,Riots,1
Uzbekistan,Riots,1
Uzbekistan,Riots,1
Uzbekistan,Riots,1
Uzbekistan,Riots,1
Uzbekistan,Riots,1
Uzbekistan,Riots,1
Uzbekistan,Riots,2
Uzbekistan,Riots,1
Uzbekistan,Riots,1
Uzbekistan,Riots,1
Uzbekistan,Riots,1
Uzbekistan,Violence against civilians,1
Uzbekistan,Violence against civilians,1
Uzbekistan,Violence against civilians,1
Uzbekistan,Violence against civilians,1
Uzbekistan,Violence against civilians,1
Uzbekistan,Violence against civilians,2
Uzbekistan,Violence against civilians,1
Uzbekistan,Violence against civilians,1
Uzbekistan,Violence against civilians,1
Uzbekistan,Violence against civilians,2
Uzbekistan,Violence against civilians,2
Uzbekistan,Violence against civilians,2
Uzbekistan,Violence against civilians,1
Uzbekistan,Violence against civilians,1
Uzbekistan,Violence against civilians,1
Uzbekistan,Violence against civilians,1
Uzbekistan,Violence against civilians,1
Uzbekistan,Violence against civilians,1
Uzbekistan,Violence against civilians,1
Uzbekistan,Violence against civilians,2
Uzbekistan,Violence against civilians,1
Uzbekistan,Violence against civilians,2
Uzbekistan,Violence against civilians,1
Uzbekistan,Violence against civilians,2
Uzbekistan,Violence against civilians,1
Uzbekistan,Violence against civilians,1
Uzbekistan,Violence against civilians,1
Uzbekistan,Violence against civilians,1
Uzbekistan,Violence against civilians,1
Uzbekistan,Violence against civilians,1
Uzbekistan,Violence against civilians,1
Uzbekistan,Violence against civilians,1
Uzbekistan,Violence against civilians,1
Uzbekistan,Violence against civilians,1
Uzbekistan,Violence against civilians,1
Uzbekistan,Violence against civilians,1
Uzbekistan,Violence against civilians,1
Uzbekistan,Violence against civilians,1
Uzbekistan,Violence against civilians,1
Uzbekistan,Violence against civilians,1
