,COUNTRY,EVENT_TYPE,CENTROID_LATITUDE,CENTROID_LONGITUDE
12,Akrotiri and Dhekelia,Riots,35.0206,33.758
38,Albania,Riots,40.6567,20.088
39,Albania,Riots,40.6567,20.088
40,Albania,Riots,40.6567,20.088
60,Albania,Riots,41.6084,20.186
61,Albania,Riots,41.6084,20.186
62,Albania,Riots,41.6084,20.186
63,Albania,Riots,41.6084,20.186
66,Albania,Violence against civilians,41.6084,20.186
67,Albania,Explosions/Remote violence,41.4352,19.6217
121,Albania,Riots,41.4352,19.6217
122,Albania,Riots,41.4352,19.6217
123,Albania,Riots,41.4352,19.6217
124,Albania,Riots,41.4352,19.6217
126,Albania,Violence against civilians,41.4352,19.6217
127,Albania,Violence against civilians,41.4352,19.6217
165,Albania,Riots,41.0618,20.1215
166,Albania,Riots,41.0618,20.1215
167,Albania,Riots,41.0618,20.1215
168,Albania,Riots,41.0618,20.1215
169,Albania,Riots,41.0618,20.1215
170,Albania,Riots,41.0618,20.1215
171,Albania,Riots,41.0618,20.1215
172,Albania,Riots,41.0618,20.1215
173,Albania,Violence against civilians,41.0618,20.1215
253,Albania,Riots,40.7396,19.5686
254,Albania,Riots,40.7396,19.5686
255,Albania,Riots,40.7396,19.5686
256,Albania,Riots,40.7396,19.5686
257,Albania,Riots,40.7396,19.5686
259,Albania,Violence against civilians,40.7396,19.5686
260,Albania,Violence against civilians,40.7396,19.5686
282,Albania,Riots,40.1758,20.2249
283,Albania,Riots,40.1758,20.2249
284,Albania,Riots,40.1758,20.2249
285,Albania,Riots,40.1758,20.2249
286,Albania,Riots,40.1758,20.2249
287,Albania,Violence against civilians,40.1758,20.2249
334,Albania,Riots,40.5899,20.7267
335,Albania,Riots,40.5899,20.7267
336,Albania,Riots,40.5899,20.7267
337,Albania,Riots,40.5899,20.7267
338,Albania,Riots,40.5899,20.7267
340,Albania,Violence against civilians,40.5899,20.7267
354,Albania,Riots,42.1892,20.3556
355,Albania,Riots,42.1892,20.3556
356,Albania,Riots,42.1892,20.3556
357,Albania,Riots,42.1892,20.3556
358,Albania,Explosions/Remote violence,41.7908,19.8765
403,Albania,Riots,41.7908,19.8765
404,Albania,Riots,41.7908,19.8765
405,Albania,Riots,41.7908,19.8765
407,Albania,Violence against civilians,41.7908,19.8765
408,Albania,Violence against civilians,41.7908,19.8765
409,Albania,Violence against civilians,41.7908,19.8765
410,Albania,Explosions/Remote violence,42.2464,19.7066
447,Albania,Riots,42.2464,19.7066
448,Albania,Riots,42.2464,19.7066
449,Albania,Riots,42.2464,19.7066
450,Albania,Riots,42.2464,19.7066
451,Albania,Riots,42.2464,19.7066
452,Albania,Riots,42.2464,19.7066
453,Albania,Riots,42.2464,19.7066
454,Albania,Riots,42.2464,19.7066
455,Albania,Riots,42.2464,19.7066
456,Albania,Riots,42.2464,19.7066
457,Albania,Riots,42.2464,19.7066
458,Albania,Riots,42.2464,19.7066
461,Albania,Violence against civilians,42.2464,19.7066
462,Albania,Explosions/Remote violence,41.2532,19.8102
463,Albania,Explosions/Remote violence,41.2532,19.8102
464,Albania,Explosions/Remote violence,41.2532,19.8102
726,Albania,Riots,41.2532,19.8102
727,Albania,Riots,41.2532,19.8102
728,Albania,Riots,41.2532,19.8102
729,Albania,Riots,41.2532,19.8102
730,Albania,Riots,41.2532,19.8102
731,Albania,Riots,41.2532,19.8102
732,Albania,Riots,41.2532,19.8102
733,Albania,Riots,41.2532,19.8102
734,Albania,Riots,41.2532,19.8102
735,Albania,Riots,41.2532,19.8102
736,Albania,Riots,41.2532,19.8102
737,Albania,Riots,41.2532,19.8102
738,Albania,Riots,41.2532,19.8102
739,Albania,Riots,41.2532,19.8102
740,Albania,Riots,41.2532,19.8102
741,Albania,Riots,41.2532,19.8102
742,Albania,Riots,41.2532,19.8102
743,Albania,Riots,41.2532,19.8102
744,Albania,Riots,41.2532,19.8102
745,Albania,Riots,41.2532,19.8102
746,Albania,Riots,41.2532,19.8102
747,Albania,Riots,41.2532,19.8102
748,Albania,Riots,41.2532,19.8102
749,Albania,Riots,41.2532,19.8102
750,Albania,Riots,41.2532,19.8102
751,Albania,Riots,41.2532,19.8102
752,Albania,Riots,41.2532,19.8102
753,Albania,Riots,41.2532,19.8102
754,Albania,Riots,41.2532,19.8102
755,Albania,Riots,41.2532,19.8102
756,Albania,Riots,41.2532,19.8102
757,Albania,Riots,41.2532,19.8102
758,Albania,Riots,41.2532,19.8102
759,Albania,Riots,41.2532,19.8102
760,Albania,Riots,41.2532,19.8102
761,Albania,Riots,41.2532,19.8102
762,Albania,Riots,41.2532,19.8102
763,Albania,Riots,41.2532,19.8102
764,Albania,Riots,41.2532,19.8102
765,Albania,Riots,41.2532,19.8102
766,Albania,Riots,41.2532,19.8102
767,Albania,Riots,41.2532,19.8102
768,Albania,Riots,41.2532,19.8102
769,Albania,Riots,41.2532,19.8102
770,Albania,Riots,41.2532,19.8102
771,Albania,Riots,41.2532,19.8102
772,Albania,Riots,41.2532,19.8102
773,Albania,Riots,41.2532,19.8102
774,Albania,Riots,41.2532,19.8102
775,Albania,Riots,41.2532,19.8102
776,Albania,Riots,41.2532,19.8102
777,Albania,Riots,41.2532,19.8102
778,Albania,Riots,41.2532,19.8102
779,Albania,Riots,41.2532,19.8102
780,Albania,Riots,41.2532,19.8102
781,Albania,Riots,41.2532,19.8102
782,Albania,Riots,41.2532,19.8102
783,Albania,Riots,41.2532,19.8102
784,Albania,Riots,41.2532,19.8102
785,Albania,Riots,41.2532,19.8102
786,Albania,Riots,41.2532,19.8102
787,Albania,Riots,41.2532,19.8102
788,Albania,Riots,41.2532,19.8102
789,Albania,Riots,41.2532,19.8102
790,Albania,Riots,41.2532,19.8102
791,Albania,Riots,41.2532,19.8102
792,Albania,Riots,41.2532,19.8102
793,Albania,Riots,41.2532,19.8102
794,Albania,Riots,41.2532,19.8102
795,Albania,Riots,41.2532,19.8102
812,Albania,Violence against civilians,41.2532,19.8102
813,Albania,Violence against civilians,41.2532,19.8102
814,Albania,Violence against civilians,41.2532,19.8102
815,Albania,Violence against civilians,41.2532,19.8102
816,Albania,Violence against civilians,41.2532,19.8102
817,Albania,Violence against civilians,41.2532,19.8102
818,Albania,Violence against civilians,41.2532,19.8102
819,Albania,Violence against civilians,41.2532,19.8102
820,Albania,Violence against civilians,41.2532,19.8102
821,Albania,Violence against civilians,41.2532,19.8102
822,Albania,Violence against civilians,41.2532,19.8102
823,Albania,Violence against civilians,41.2532,19.8102
824,Albania,Violence against civilians,41.2532,19.8102
825,Albania,Explosions/Remote violence,40.1474,19.7619
877,Albania,Riots,40.1474,19.7619
878,Albania,Riots,40.1474,19.7619
879,Albania,Riots,40.1474,19.7619
880,Albania,Riots,40.1474,19.7619
885,Albania,Violence against civilians,40.1474,19.7619
886,Albania,Violence against civilians,40.1474,19.7619
887,Albania,Violence against civilians,40.1474,19.7619
914,Andorra,Violence against civilians,42.4941,1.5082
1120,Armenia,Explosions/Remote violence,39.9541,44.8018
1121,Armenia,Explosions/Remote violence,39.9541,44.8018
1122,Armenia,Explosions/Remote violence,39.9541,44.8018
1123,Armenia,Explosions/Remote violence,39.9541,44.8018
1124,Armenia,Explosions/Remote violence,39.9541,44.8018
1125,Armenia,Explosions/Remote violence,39.9541,44.8018
1126,Armenia,Explosions/Remote violence,39.9541,44.8018
1127,Armenia,Explosions/Remote violence,39.9541,44.8018
1128,Armenia,Explosions/Remote violence,39.9541,44.8018
1129,Armenia,Explosions/Remote violence,39.9541,44.8018
1130,Armenia,Explosions/Remote violence,39.9541,44.8018
1131,Armenia,Explosions/Remote violence,39.9541,44.8018
1132,Armenia,Explosions/Remote violence,39.9541,44.8018
1133,Armenia,Explosions/Remote violence,39.9541,44.8018
1134,Armenia,Explosions/Remote violence,39.9541,44.8018
1135,Armenia,Explosions/Remote violence,39.9541,44.8018
1136,Armenia,Explosions/Remote violence,39.9541,44.8018
1137,Armenia,Explosions/Remote violence,39.9541,44.8018
1138,Armenia,Explosions/Remote violence,39.9541,44.8018
1139,Armenia,Explosions/Remote violence,39.9541,44.8018
1140,Armenia,Explosions/Remote violence,39.9541,44.8018
1193,Armenia,Riots,39.9541,44.8018
1194,Armenia,Riots,39.9541,44.8018
1196,Armenia,Violence against civilians,39.9541,44.8018
1197,Armenia,Violence against civilians,39.9541,44.8018
1198,Armenia,Violence against civilians,39.9541,44.8018
1199,Armenia,Violence against civilians,39.9541,44.8018
1200,Armenia,Violence against civilians,39.9541,44.8018
1201,Armenia,Violence against civilians,39.9541,44.8018
1202,Armenia,Violence against civilians,39.9541,44.8018
1281,Armenia,Riots,40.1503,44.0446
1282,Armenia,Riots,40.1503,44.0446
1283,Armenia,Riots,40.1503,44.0446
1284,Armenia,Riots,40.1503,44.0446
1285,Armenia,Riots,40.1503,44.0446
1286,Armenia,Riots,40.1503,44.0446
1287,Armenia,Riots,40.1503,44.0446
1288,Armenia,Riots,40.1503,44.0446
1289,Armenia,Riots,40.1503,44.0446
1481,Armenia,Explosions/Remote violence,40.307,45.408
1482,Armenia,Explosions/Remote violence,40.307,45.408
1483,Armenia,Explosions/Remote violence,40.307,45.408
1484,Armenia,Explosions/Remote violence,40.307,45.408
1485,Armenia,Explosions/Remote violence,40.307,45.408
1486,Armenia,Explosions/Remote violence,40.307,45.408
1487,Armenia,Explosions/Remote violence,40.307,45.408
1488,Armenia,Explosions/Remote violence,40.307,45.408
1489,Armenia,Explosions/Remote violence,40.307,45.408
1490,Armenia,Explosions/Remote violence,40.307,45.408
1491,Armenia,Explosions/Remote violence,40.307,45.408
1492,Armenia,Explosions/Remote violence,40.307,45.408
1493,Armenia,Explosions/Remote violence,40.307,45.408
1494,Armenia,Explosions/Remote violence,40.307,45.408
1495,Armenia,Explosions/Remote violence,40.307,45.408
1496,Armenia,Explosions/Remote violence,40.307,45.408
1497,Armenia,Explosions/Remote violence,40.307,45.408
1498,Armenia,Explosions/Remote violence,40.307,45.408
1499,Armenia,Explosions/Remote violence,40.307,45.408
1500,Armenia,Explosions/Remote violence,40.307,45.408
1501,Armenia,Explosions/Remote violence,40.307,45.408
1502,Armenia,Explosions/Remote violence,40.307,45.408
1503,Armenia,Explosions/Remote violence,40.307,45.408
1504,Armenia,Explosions/Remote violence,40.307,45.408
1505,Armenia,Explosions/Remote violence,40.307,45.408
1506,Armenia,Explosions/Remote violence,40.307,45.408
1574,Armenia,Violence against civilians,40.307,45.408
1575,Armenia,Violence against civilians,40.307,45.408
1576,Armenia,Violence against civilians,40.307,45.408
1577,Armenia,Explosions/Remote violence,40.4056,44.7202
1625,Armenia,Riots,40.4056,44.7202
1627,Armenia,Violence against civilians,40.4056,44.7202
1689,Armenia,Riots,40.959,44.5461
1690,Armenia,Riots,40.959,44.5461
1691,Armenia,Explosions/Remote violence,40.8115,43.8826
1790,Armenia,Riots,40.8115,43.8826
1791,Armenia,Riots,40.8115,43.8826
1794,Armenia,Violence against civilians,40.8115,43.8826
1795,Armenia,Violence against civilians,40.8115,43.8826
1897,Armenia,Explosions/Remote violence,39.3523,46.1498
1898,Armenia,Explosions/Remote violence,39.3523,46.1498
1899,Armenia,Explosions/Remote violence,39.3523,46.1498
1900,Armenia,Explosions/Remote violence,39.3523,46.1498
1901,Armenia,Explosions/Remote violence,39.3523,46.1498
1902,Armenia,Explosions/Remote violence,39.3523,46.1498
1903,Armenia,Explosions/Remote violence,39.3523,46.1498
1904,Armenia,Explosions/Remote violence,39.3523,46.1498
1905,Armenia,Explosions/Remote violence,39.3523,46.1498
1906,Armenia,Explosions/Remote violence,39.3523,46.1498
1907,Armenia,Explosions/Remote violence,39.3523,46.1498
1956,Armenia,Riots,39.3523,46.1498
1957,Armenia,Riots,39.3523,46.1498
1958,Armenia,Riots,39.3523,46.1498
1973,Armenia,Violence against civilians,39.3523,46.1498
1974,Armenia,Violence against civilians,39.3523,46.1498
1975,Armenia,Violence against civilians,39.3523,46.1498
1976,Armenia,Violence against civilians,39.3523,46.1498
1977,Armenia,Violence against civilians,39.3523,46.1498
1978,Armenia,Violence against civilians,39.3523,46.1498
1979,Armenia,Violence against civilians,39.3523,46.1498
1980,Armenia,Violence against civilians,39.3523,46.1498
1981,Armenia,Violence against civilians,39.3523,46.1498
1982,Armenia,Violence against civilians,39.3523,46.1498
1983,Armenia,Violence against civilians,39.3523,46.1498
2130,Armenia,Explosions/Remote violence,40.9719,45.155
2131,Armenia,Explosions/Remote violence,40.9719,45.155
2132,Armenia,Explosions/Remote violence,40.9719,45.155
2133,Armenia,Explosions/Remote violence,40.9719,45.155
2134,Armenia,Explosions/Remote violence,40.9719,45.155
2135,Armenia,Explosions/Remote violence,40.9719,45.155
2136,Armenia,Explosions/Remote violence,40.9719,45.155
2137,Armenia,Explosions/Remote violence,40.9719,45.155
2138,Armenia,Explosions/Remote violence,40.9719,45.155
2139,Armenia,Explosions/Remote violence,40.9719,45.155
2140,Armenia,Explosions/Remote violence,40.9719,45.155
2141,Armenia,Explosions/Remote violence,40.9719,45.155
2142,Armenia,Explosions/Remote violence,40.9719,45.155
2143,Armenia,Explosions/Remote violence,40.9719,45.155
2144,Armenia,Explosions/Remote violence,40.9719,45.155
2145,Armenia,Explosions/Remote violence,40.9719,45.155
2146,Armenia,Explosions/Remote violence,40.9719,45.155
2147,Armenia,Explosions/Remote violence,40.9719,45.155
2148,Armenia,Explosions/Remote violence,40.9719,45.155
2149,Armenia,Explosions/Remote violence,40.9719,45.155
2150,Armenia,Explosions/Remote violence,40.9719,45.155
2151,Armenia,Explosions/Remote violence,40.9719,45.155
2152,Armenia,Explosions/Remote violence,40.9719,45.155
2153,Armenia,Explosions/Remote violence,40.9719,45.155
2154,Armenia,Explosions/Remote violence,40.9719,45.155
2155,Armenia,Explosions/Remote violence,40.9719,45.155
2156,Armenia,Explosions/Remote violence,40.9719,45.155
2157,Armenia,Explosions/Remote violence,40.9719,45.155
2158,Armenia,Explosions/Remote violence,40.9719,45.155
2159,Armenia,Explosions/Remote violence,40.9719,45.155
2160,Armenia,Explosions/Remote violence,40.9719,45.155
2161,Armenia,Explosions/Remote violence,40.9719,45.155
2162,Armenia,Explosions/Remote violence,40.9719,45.155
2163,Armenia,Explosions/Remote violence,40.9719,45.155
2164,Armenia,Explosions/Remote violence,40.9719,45.155
2165,Armenia,Explosions/Remote violence,40.9719,45.155
2166,Armenia,Explosions/Remote violence,40.9719,45.155
2167,Armenia,Explosions/Remote violence,40.9719,45.155
2168,Armenia,Explosions/Remote violence,40.9719,45.155
2169,Armenia,Explosions/Remote violence,40.9719,45.155
2170,Armenia,Explosions/Remote violence,40.9719,45.155
2171,Armenia,Explosions/Remote violence,40.9719,45.155
2172,Armenia,Explosions/Remote violence,40.9719,45.155
2173,Armenia,Explosions/Remote violence,40.9719,45.155
2174,Armenia,Explosions/Remote violence,40.9719,45.155
2175,Armenia,Explosions/Remote violence,40.9719,45.155
2176,Armenia,Explosions/Remote violence,40.9719,45.155
2177,Armenia,Explosions/Remote violence,40.9719,45.155
2178,Armenia,Explosions/Remote violence,40.9719,45.155
2179,Armenia,Explosions/Remote violence,40.9719,45.155
2180,Armenia,Explosions/Remote violence,40.9719,45.155
2181,Armenia,Explosions/Remote violence,40.9719,45.155
2223,Armenia,Riots,40.9719,45.155
2224,Armenia,Riots,40.9719,45.155
2225,Armenia,Riots,40.9719,45.155
2230,Armenia,Violence against civilians,40.9719,45.155
2231,Armenia,Violence against civilians,40.9719,45.155
2232,Armenia,Violence against civilians,40.9719,45.155
2233,Armenia,Violence against civilians,40.9719,45.155
2362,Armenia,Explosions/Remote violence,39.7515,45.4249
2363,Armenia,Explosions/Remote violence,39.7515,45.4249
2364,Armenia,Explosions/Remote violence,39.7515,45.4249
2365,Armenia,Explosions/Remote violence,39.7515,45.4249
2366,Armenia,Explosions/Remote violence,39.7515,45.4249
2367,Armenia,Explosions/Remote violence,39.7515,45.4249
2368,Armenia,Explosions/Remote violence,39.7515,45.4249
2369,Armenia,Explosions/Remote violence,39.7515,45.4249
2370,Armenia,Explosions/Remote violence,39.7515,45.4249
2371,Armenia,Explosions/Remote violence,39.7515,45.4249
2372,Armenia,Explosions/Remote violence,39.7515,45.4249
2373,Armenia,Explosions/Remote violence,39.7515,45.4249
2374,Armenia,Explosions/Remote violence,39.7515,45.4249
2375,Armenia,Explosions/Remote violence,39.7515,45.4249
2376,Armenia,Explosions/Remote violence,39.7515,45.4249
2377,Armenia,Explosions/Remote violence,39.7515,45.4249
2378,Armenia,Explosions/Remote violence,39.7515,45.4249
2379,Armenia,Explosions/Remote violence,39.7515,45.4249
2380,Armenia,Explosions/Remote violence,39.7515,45.4249
2381,Armenia,Explosions/Remote violence,39.7515,45.4249
2382,Armenia,Explosions/Remote violence,39.7515,45.4249
2383,Armenia,Explosions/Remote violence,39.7515,45.4249
2384,Armenia,Explosions/Remote violence,39.7515,45.4249
2385,Armenia,Explosions/Remote violence,39.7515,45.4249
2386,Armenia,Explosions/Remote violence,39.7515,45.4249
2387,Armenia,Explosions/Remote violence,39.7515,45.4249
2388,Armenia,Explosions/Remote violence,39.7515,45.4249
2389,Armenia,Explosions/Remote violence,39.7515,45.4249
2413,Armenia,Riots,39.7515,45.4249
2414,Armenia,Riots,39.7515,45.4249
2415,Armenia,Riots,39.7515,45.4249
2416,Armenia,Riots,39.7515,45.4249
2417,Armenia,Riots,39.7515,45.4249
2418,Armenia,Riots,39.7515,45.4249
2421,Armenia,Violence against civilians,39.7515,45.4249
2422,Armenia,Violence against civilians,39.7515,45.4249
2906,Armenia,Riots,40.167,44.5319
2907,Armenia,Riots,40.167,44.5319
2908,Armenia,Riots,40.167,44.5319
2909,Armenia,Riots,40.167,44.5319
2910,Armenia,Riots,40.167,44.5319
2911,Armenia,Riots,40.167,44.5319
2912,Armenia,Riots,40.167,44.5319
2913,Armenia,Riots,40.167,44.5319
2914,Armenia,Riots,40.167,44.5319
2915,Armenia,Riots,40.167,44.5319
2916,Armenia,Riots,40.167,44.5319
2917,Armenia,Riots,40.167,44.5319
2918,Armenia,Riots,40.167,44.5319
2919,Armenia,Riots,40.167,44.5319
2920,Armenia,Riots,40.167,44.5319
2921,Armenia,Riots,40.167,44.5319
2922,Armenia,Riots,40.167,44.5319
2923,Armenia,Riots,40.167,44.5319
2924,Armenia,Riots,40.167,44.5319
2925,Armenia,Riots,40.167,44.5319
2926,Armenia,Riots,40.167,44.5319
2927,Armenia,Riots,40.167,44.5319
2928,Armenia,Riots,40.167,44.5319
2929,Armenia,Riots,40.167,44.5319
2930,Armenia,Riots,40.167,44.5319
2931,Armenia,Riots,40.167,44.5319
2932,Armenia,Riots,40.167,44.5319
2933,Armenia,Riots,40.167,44.5319
2934,Armenia,Riots,40.167,44.5319
2935,Armenia,Riots,40.167,44.5319
2936,Armenia,Riots,40.167,44.5319
2937,Armenia,Riots,40.167,44.5319
2938,Armenia,Riots,40.167,44.5319
2939,Armenia,Riots,40.167,44.5319
2940,Armenia,Riots,40.167,44.5319
2941,Armenia,Riots,40.167,44.5319
2942,Armenia,Riots,40.167,44.5319
2943,Armenia,Riots,40.167,44.5319
2944,Armenia,Riots,40.167,44.5319
2945,Armenia,Riots,40.167,44.5319
2946,Armenia,Riots,40.167,44.5319
2947,Armenia,Riots,40.167,44.5319
2972,Armenia,Violence against civilians,40.167,44.5319
2973,Armenia,Violence against civilians,40.167,44.5319
2974,Armenia,Violence against civilians,40.167,44.5319
2975,Armenia,Violence against civilians,40.167,44.5319
2976,Armenia,Violence against civilians,40.167,44.5319
2977,Armenia,Violence against civilians,40.167,44.5319
2978,Armenia,Violence against civilians,40.167,44.5319
3083,Austria,Violence against civilians,46.752,13.9392
3211,Austria,Riots,48.2216,15.5766
3212,Austria,Riots,48.2216,15.5766
3213,Austria,Riots,48.2216,15.5766
3216,Austria,Violence against civilians,48.2216,15.5766
3365,Austria,Riots,48.1173,13.6236
3366,Austria,Riots,48.1173,13.6236
3367,Austria,Riots,48.1173,13.6236
3368,Austria,Riots,48.1173,13.6236
3489,Austria,Riots,47.4927,13.2929
3613,Austria,Riots,47.22,14.9755
3614,Austria,Riots,47.22,14.9755
3617,Austria,Violence against civilians,47.22,14.9755
3618,Austria,Violence against civilians,47.22,14.9755
3749,Austria,Riots,47.2529,11.1632
3750,Austria,Riots,47.2529,11.1632
3751,Austria,Riots,47.2529,11.1632
3840,Austria,Riots,47.2187,9.8914
3841,Austria,Riots,47.2187,9.8914
4158,Austria,Riots,48.2209,16.3725
4159,Austria,Riots,48.2209,16.3725
4160,Austria,Riots,48.2209,16.3725
4161,Austria,Riots,48.2209,16.3725
4162,Austria,Riots,48.2209,16.3725
4163,Austria,Riots,48.2209,16.3725
4164,Austria,Riots,48.2209,16.3725
4165,Austria,Riots,48.2209,16.3725
4166,Austria,Riots,48.2209,16.3725
4167,Austria,Riots,48.2209,16.3725
4168,Austria,Riots,48.2209,16.3725
4169,Austria,Riots,48.2209,16.3725
4170,Austria,Riots,48.2209,16.3725
4171,Austria,Riots,48.2209,16.3725
4172,Austria,Riots,48.2209,16.3725
4173,Austria,Riots,48.2209,16.3725
4174,Austria,Riots,48.2209,16.3725
4175,Austria,Riots,48.2209,16.3725
4176,Austria,Riots,48.2209,16.3725
4177,Austria,Riots,48.2209,16.3725
4178,Austria,Riots,48.2209,16.3725
4179,Austria,Riots,48.2209,16.3725
4180,Austria,Riots,48.2209,16.3725
4181,Austria,Riots,48.2209,16.3725
4182,Austria,Riots,48.2209,16.3725
4183,Austria,Riots,48.2209,16.3725
4184,Austria,Riots,48.2209,16.3725
4185,Austria,Riots,48.2209,16.3725
4186,Austria,Riots,48.2209,16.3725
4187,Austria,Riots,48.2209,16.3725
4188,Austria,Riots,48.2209,16.3725
4189,Austria,Riots,48.2209,16.3725
4190,Austria,Riots,48.2209,16.3725
4191,Austria,Riots,48.2209,16.3725
4192,Austria,Riots,48.2209,16.3725
4215,Austria,Violence against civilians,48.2209,16.3725
4216,Austria,Violence against civilians,48.2209,16.3725
4217,Austria,Violence against civilians,48.2209,16.3725
4218,Austria,Violence against civilians,48.2209,16.3725
4219,Austria,Violence against civilians,48.2209,16.3725
4220,Austria,Violence against civilians,48.2209,16.3725
4221,Azerbaijan,Explosions/Remote violence,40.3229,49.2148
4226,Azerbaijan,Riots,40.3229,49.2148
4402,Azerbaijan,Explosions/Remote violence,40.0304,46.9274
4403,Azerbaijan,Explosions/Remote violence,40.0304,46.9274
4404,Azerbaijan,Explosions/Remote violence,40.0304,46.9274
4405,Azerbaijan,Explosions/Remote violence,40.0304,46.9274
4406,Azerbaijan,Explosions/Remote violence,40.0304,46.9274
4407,Azerbaijan,Explosions/Remote violence,40.0304,46.9274
4408,Azerbaijan,Explosions/Remote violence,40.0304,46.9274
4409,Azerbaijan,Explosions/Remote violence,40.0304,46.9274
4410,Azerbaijan,Explosions/Remote violence,40.0304,46.9274
4411,Azerbaijan,Explosions/Remote violence,40.0304,46.9274
4412,Azerbaijan,Explosions/Remote violence,40.0304,46.9274
4413,Azerbaijan,Explosions/Remote violence,40.0304,46.9274
4414,Azerbaijan,Explosions/Remote violence,40.0304,46.9274
4415,Azerbaijan,Explosions/Remote violence,40.0304,46.9274
4416,Azerbaijan,Explosions/Remote violence,40.0304,46.9274
4417,Azerbaijan,Explosions/Remote violence,40.0304,46.9274
4418,Azerbaijan,Explosions/Remote violence,40.0304,46.9274
4419,Azerbaijan,Explosions/Remote violence,40.0304,46.9274
4420,Azerbaijan,Explosions/Remote violence,40.0304,46.9274
4421,Azerbaijan,Explosions/Remote violence,40.0304,46.9274
4422,Azerbaijan,Explosions/Remote violence,40.0304,46.9274
4423,Azerbaijan,Explosions/Remote violence,40.0304,46.9274
4424,Azerbaijan,Explosions/Remote violence,40.0304,46.9274
4425,Azerbaijan,Explosions/Remote violence,40.0304,46.9274
4426,Azerbaijan,Explosions/Remote violence,40.0304,46.9274
4427,Azerbaijan,Explosions/Remote violence,40.0304,46.9274
4428,Azerbaijan,Explosions/Remote violence,40.0304,46.9274
4429,Azerbaijan,Explosions/Remote violence,40.0304,46.9274
4430,Azerbaijan,Explosions/Remote violence,40.0304,46.9274
4431,Azerbaijan,Explosions/Remote violence,40.0304,46.9274
4432,Azerbaijan,Explosions/Remote violence,40.0304,46.9274
4433,Azerbaijan,Explosions/Remote violence,40.0304,46.9274
4434,Azerbaijan,Explosions/Remote violence,40.0304,46.9274
4435,Azerbaijan,Explosions/Remote violence,40.0304,46.9274
4436,Azerbaijan,Explosions/Remote violence,40.0304,46.9274
4437,Azerbaijan,Explosions/Remote violence,40.0304,46.9274
4438,Azerbaijan,Explosions/Remote violence,40.0304,46.9274
4439,Azerbaijan,Explosions/Remote violence,40.0304,46.9274
4440,Azerbaijan,Explosions/Remote violence,40.0304,46.9274
4441,Azerbaijan,Explosions/Remote violence,40.0304,46.9274
4442,Azerbaijan,Explosions/Remote violence,40.0304,46.9274
4443,Azerbaijan,Explosions/Remote violence,40.0304,46.9274
4444,Azerbaijan,Explosions/Remote violence,40.0304,46.9274
4455,Azerbaijan,Violence against civilians,40.0304,46.9274
4456,Azerbaijan,Violence against civilians,40.0304,46.9274
4457,Azerbaijan,Violence against civilians,40.0304,46.9274
4458,Azerbaijan,Violence against civilians,40.0304,46.9274
4599,Azerbaijan,Explosions/Remote violence,39.999,47.4139
4600,Azerbaijan,Explosions/Remote violence,39.999,47.4139
4601,Azerbaijan,Explosions/Remote violence,39.999,47.4139
4602,Azerbaijan,Explosions/Remote violence,39.999,47.4139
4603,Azerbaijan,Explosions/Remote violence,39.999,47.4139
4604,Azerbaijan,Explosions/Remote violence,39.999,47.4139
4605,Azerbaijan,Explosions/Remote violence,39.999,47.4139
4608,Azerbaijan,Violence against civilians,39.999,47.4139
4653,Azerbaijan,Explosions/Remote violence,41.2129,45.5619
4654,Azerbaijan,Explosions/Remote violence,41.2129,45.5619
4657,Azerbaijan,Violence against civilians,41.2129,45.5619
4658,Azerbaijan,Violence against civilians,41.2129,45.5619
4659,Azerbaijan,Violence against civilians,38.5148,48.7024
4893,Azerbaijan,Riots,40.137,49.4229
4894,Azerbaijan,Riots,40.137,49.4229
4895,Azerbaijan,Riots,40.137,49.4229
4896,Azerbaijan,Riots,40.137,49.4229
4913,Azerbaijan,Violence against civilians,40.137,49.4229
4914,Azerbaijan,Violence against civilians,40.137,49.4229
4915,Azerbaijan,Violence against civilians,40.137,49.4229
4916,Azerbaijan,Violence against civilians,40.137,49.4229
4917,Azerbaijan,Violence against civilians,40.137,49.4229
4918,Azerbaijan,Violence against civilians,40.137,49.4229
4919,Azerbaijan,Violence against civilians,40.137,49.4229
4920,Azerbaijan,Violence against civilians,40.137,49.4229
4921,Azerbaijan,Violence against civilians,40.137,49.4229
4922,Azerbaijan,Violence against civilians,40.137,49.4229
4923,Azerbaijan,Violence against civilians,40.137,49.4229
4924,Azerbaijan,Violence against civilians,40.137,49.4229
4925,Azerbaijan,Violence against civilians,40.137,49.4229
4927,Azerbaijan,Explosions/Remote violence,40.3644,47.2092
4928,Azerbaijan,Explosions/Remote violence,40.3644,47.2092
4929,Azerbaijan,Explosions/Remote violence,40.3644,47.2092
4930,Azerbaijan,Explosions/Remote violence,40.3644,47.2092
4931,Azerbaijan,Explosions/Remote violence,40.3644,47.2092
4936,Azerbaijan,Explosions/Remote violence,39.8539,47.6519
4938,Azerbaijan,Riots,39.5451,48.469
4957,Azerbaijan,Explosions/Remote violence,40.4817,46.0089
4958,Azerbaijan,Explosions/Remote violence,40.4817,46.0089
4959,Azerbaijan,Explosions/Remote violence,40.4817,46.0089
4960,Azerbaijan,Explosions/Remote violence,40.4817,46.0089
4961,Azerbaijan,Explosions/Remote violence,40.4817,46.0089
4962,Azerbaijan,Explosions/Remote violence,40.4817,46.0089
5125,Azerbaijan,Explosions/Remote violence,39.5669,47.3784
5126,Azerbaijan,Explosions/Remote violence,39.5669,47.3784
5127,Azerbaijan,Explosions/Remote violence,39.5669,47.3784
5128,Azerbaijan,Explosions/Remote violence,39.5669,47.3784
5129,Azerbaijan,Explosions/Remote violence,39.5669,47.3784
5130,Azerbaijan,Explosions/Remote violence,39.5669,47.3784
5131,Azerbaijan,Explosions/Remote violence,39.5669,47.3784
5132,Azerbaijan,Explosions/Remote violence,39.5669,47.3784
5133,Azerbaijan,Explosions/Remote violence,39.5669,47.3784
5134,Azerbaijan,Explosions/Remote violence,39.5669,47.3784
5135,Azerbaijan,Explosions/Remote violence,39.5669,47.3784
5136,Azerbaijan,Explosions/Remote violence,39.5669,47.3784
5137,Azerbaijan,Explosions/Remote violence,39.5669,47.3784
5138,Azerbaijan,Explosions/Remote violence,39.5669,47.3784
5139,Azerbaijan,Explosions/Remote violence,39.5669,47.3784
5140,Azerbaijan,Explosions/Remote violence,39.5669,47.3784
5141,Azerbaijan,Explosions/Remote violence,39.5669,47.3784
5142,Azerbaijan,Explosions/Remote violence,39.5669,47.3784
5143,Azerbaijan,Explosions/Remote violence,39.5669,47.3784
5144,Azerbaijan,Explosions/Remote violence,39.5669,47.3784
5145,Azerbaijan,Explosions/Remote violence,39.5669,47.3784
5146,Azerbaijan,Explosions/Remote violence,39.5669,47.3784
5147,Azerbaijan,Explosions/Remote violence,39.5669,47.3784
5148,Azerbaijan,Explosions/Remote violence,39.5669,47.3784
5149,Azerbaijan,Explosions/Remote violence,39.5669,47.3784
5150,Azerbaijan,Explosions/Remote violence,39.5669,47.3784
5321,Azerbaijan,Explosions/Remote violence,40.5565,45.6854
5322,Azerbaijan,Explosions/Remote violence,40.5565,45.6854
5323,Azerbaijan,Explosions/Remote violence,40.5565,45.6854
5324,Azerbaijan,Explosions/Remote violence,40.5565,45.6854
5329,Azerbaijan,Explosions/Remote violence,40.692,46.3539
5330,Azerbaijan,Explosions/Remote violence,40.692,46.3539
5331,Azerbaijan,Explosions/Remote violence,40.692,46.3539
5338,Azerbaijan,Riots,40.692,46.3539
5340,Azerbaijan,Violence against civilians,40.692,46.3539
5341,Azerbaijan,Violence against civilians,40.692,46.3539
5485,Azerbaijan,Explosions/Remote violence,40.5726,46.7158
5486,Azerbaijan,Explosions/Remote violence,40.5726,46.7158
5487,Azerbaijan,Explosions/Remote violence,40.5726,46.7158
5488,Azerbaijan,Explosions/Remote violence,40.5726,46.7158
5489,Azerbaijan,Explosions/Remote violence,40.5726,46.7158
5490,Azerbaijan,Explosions/Remote violence,40.5726,46.7158
5491,Azerbaijan,Explosions/Remote violence,40.5726,46.7158
5492,Azerbaijan,Explosions/Remote violence,40.5726,46.7158
5493,Azerbaijan,Explosions/Remote violence,40.5726,46.7158
5494,Azerbaijan,Explosions/Remote violence,40.5726,46.7158
5531,Azerbaijan,Explosions/Remote violence,40.5538,46.364
5532,Azerbaijan,Explosions/Remote violence,40.5538,46.364
5533,Azerbaijan,Explosions/Remote violence,40.5538,46.364
5571,Azerbaijan,Explosions/Remote violence,39.3474,46.9337
5572,Azerbaijan,Explosions/Remote violence,39.3474,46.9337
5573,Azerbaijan,Explosions/Remote violence,39.3474,46.9337
5574,Azerbaijan,Explosions/Remote violence,39.3474,46.9337
5575,Azerbaijan,Explosions/Remote violence,39.3474,46.9337
5576,Azerbaijan,Explosions/Remote violence,39.3474,46.9337
5577,Azerbaijan,Explosions/Remote violence,39.3474,46.9337
5578,Azerbaijan,Explosions/Remote violence,39.3474,46.9337
5579,Azerbaijan,Explosions/Remote violence,39.3474,46.9337
5580,Azerbaijan,Explosions/Remote violence,39.3474,46.9337
5581,Azerbaijan,Explosions/Remote violence,39.3474,46.9337
5582,Azerbaijan,Explosions/Remote violence,39.3474,46.9337
5583,Azerbaijan,Explosions/Remote violence,39.3474,46.9337
5584,Azerbaijan,Explosions/Remote violence,39.3474,46.9337
5698,Azerbaijan,Explosions/Remote violence,40.0625,46.3451
5699,Azerbaijan,Explosions/Remote violence,40.0625,46.3451
5700,Azerbaijan,Explosions/Remote violence,40.0625,46.3451
5701,Azerbaijan,Explosions/Remote violence,40.0625,46.3451
5702,Azerbaijan,Explosions/Remote violence,40.0625,46.3451
5703,Azerbaijan,Explosions/Remote violence,40.0625,46.3451
5704,Azerbaijan,Explosions/Remote violence,40.0625,46.3451
5705,Azerbaijan,Explosions/Remote violence,40.0625,46.3451
5706,Azerbaijan,Explosions/Remote violence,40.0625,46.3451
5707,Azerbaijan,Explosions/Remote violence,40.0625,46.3451
5708,Azerbaijan,Explosions/Remote violence,40.0625,46.3451
5709,Azerbaijan,Explosions/Remote violence,40.0625,46.3451
5710,Azerbaijan,Explosions/Remote violence,40.0625,46.3451
5711,Azerbaijan,Explosions/Remote violence,40.0625,46.3451
5712,Azerbaijan,Explosions/Remote violence,40.0625,46.3451
5713,Azerbaijan,Explosions/Remote violence,40.0625,46.3451
5714,Azerbaijan,Explosions/Remote violence,40.0625,46.3451
5715,Azerbaijan,Explosions/Remote violence,40.0625,46.3451
5716,Azerbaijan,Explosions/Remote violence,40.0625,46.3451
5717,Azerbaijan,Explosions/Remote violence,40.0625,46.3451
5718,Azerbaijan,Explosions/Remote violence,40.0625,46.3451
5719,Azerbaijan,Explosions/Remote violence,40.0625,46.3451
5720,Azerbaijan,Explosions/Remote violence,40.0625,46.3451
5721,Azerbaijan,Explosions/Remote violence,40.0625,46.3451
5722,Azerbaijan,Explosions/Remote violence,40.0625,46.3451
5723,Azerbaijan,Explosions/Remote violence,40.0625,46.3451
5724,Azerbaijan,Explosions/Remote violence,40.0625,46.3451
5725,Azerbaijan,Explosions/Remote violence,40.0625,46.3451
5747,Azerbaijan,Violence against civilians,40.0625,46.3451
5748,Azerbaijan,Violence against civilians,40.0625,46.3451
5749,Azerbaijan,Violence against civilians,40.0625,46.3451
5750,Azerbaijan,Violence against civilians,40.0625,46.3451
5757,Azerbaijan,Explosions/Remote violence,40.7471,49.2196
5758,Azerbaijan,Explosions/Remote violence,40.7471,49.2196
5966,Azerbaijan,Explosions/Remote violence,39.6525,46.9576
5967,Azerbaijan,Explosions/Remote violence,39.6525,46.9576
5968,Azerbaijan,Explosions/Remote violence,39.6525,46.9576
5969,Azerbaijan,Explosions/Remote violence,39.6525,46.9576
5970,Azerbaijan,Explosions/Remote violence,39.6525,46.9576
5971,Azerbaijan,Explosions/Remote violence,39.6525,46.9576
5972,Azerbaijan,Explosions/Remote violence,39.6525,46.9576
5973,Azerbaijan,Explosions/Remote violence,39.6525,46.9576
5974,Azerbaijan,Explosions/Remote violence,39.6525,46.9576
5975,Azerbaijan,Explosions/Remote violence,39.6525,46.9576
5976,Azerbaijan,Explosions/Remote violence,39.6525,46.9576
5977,Azerbaijan,Explosions/Remote violence,39.6525,46.9576
5978,Azerbaijan,Explosions/Remote violence,39.6525,46.9576
5979,Azerbaijan,Explosions/Remote violence,39.6525,46.9576
5980,Azerbaijan,Explosions/Remote violence,39.6525,46.9576
5981,Azerbaijan,Explosions/Remote violence,39.6525,46.9576
5982,Azerbaijan,Explosions/Remote violence,39.6525,46.9576
5983,Azerbaijan,Explosions/Remote violence,39.6525,46.9576
5984,Azerbaijan,Explosions/Remote violence,39.6525,46.9576
5985,Azerbaijan,Explosions/Remote violence,39.6525,46.9576
5986,Azerbaijan,Explosions/Remote violence,39.6525,46.9576
5987,Azerbaijan,Explosions/Remote violence,39.6525,46.9576
5988,Azerbaijan,Explosions/Remote violence,39.6525,46.9576
5989,Azerbaijan,Explosions/Remote violence,39.6525,46.9576
5990,Azerbaijan,Explosions/Remote violence,39.6525,46.9576
5991,Azerbaijan,Explosions/Remote violence,39.6525,46.9576
5992,Azerbaijan,Explosions/Remote violence,39.6525,46.9576
5993,Azerbaijan,Explosions/Remote violence,39.6525,46.9576
5994,Azerbaijan,Explosions/Remote violence,39.6525,46.9576
6028,Azerbaijan,Violence against civilians,39.6525,46.9576
6029,Azerbaijan,Violence against civilians,39.6525,46.9576
6030,Azerbaijan,Violence against civilians,39.6525,46.9576
6031,Azerbaijan,Violence against civilians,39.6525,46.9576
6032,Azerbaijan,Violence against civilians,39.6525,46.9576
6033,Azerbaijan,Violence against civilians,39.6525,46.9576
6034,Azerbaijan,Violence against civilians,39.6525,46.9576
6035,Azerbaijan,Violence against civilians,39.6525,46.9576
6036,Azerbaijan,Violence against civilians,39.6525,46.9576
6037,Azerbaijan,Violence against civilians,39.6525,46.9576
6038,Azerbaijan,Violence against civilians,39.6525,46.9576
6039,Azerbaijan,Violence against civilians,39.6525,46.9576
6040,Azerbaijan,Violence against civilians,39.6525,46.9576
6041,Azerbaijan,Violence against civilians,39.6525,46.9576
6042,Azerbaijan,Violence against civilians,39.6525,46.9576
6043,Azerbaijan,Violence against civilians,39.6525,46.9576
6044,Azerbaijan,Violence against civilians,39.6525,46.9576
6045,Azerbaijan,Violence against civilians,39.6525,46.9576
6046,Azerbaijan,Violence against civilians,39.6525,46.9576
6047,Azerbaijan,Violence against civilians,39.6525,46.9576
6048,Azerbaijan,Violence against civilians,39.6525,46.9576
6049,Azerbaijan,Violence against civilians,39.6525,46.9576
6050,Azerbaijan,Violence against civilians,39.6525,46.9576
6051,Azerbaijan,Explosions/Remote violence,40.2869,48.2211
6054,Azerbaijan,Violence against civilians,40.2869,48.2211
6095,Azerbaijan,Explosions/Remote violence,39.71,46.3226
6096,Azerbaijan,Explosions/Remote violence,39.71,46.3226
6097,Azerbaijan,Explosions/Remote violence,39.71,46.3226
6098,Azerbaijan,Explosions/Remote violence,39.71,46.3226
6099,Azerbaijan,Explosions/Remote violence,39.71,46.3226
6100,Azerbaijan,Explosions/Remote violence,39.71,46.3226
6101,Azerbaijan,Explosions/Remote violence,39.71,46.3226
6102,Azerbaijan,Explosions/Remote violence,39.71,46.3226
6103,Azerbaijan,Explosions/Remote violence,39.71,46.3226
6104,Azerbaijan,Explosions/Remote violence,39.71,46.3226
6105,Azerbaijan,Explosions/Remote violence,39.71,46.3226
6106,Azerbaijan,Explosions/Remote violence,39.71,46.3226
6125,Azerbaijan,Violence against civilians,39.71,46.3226
6128,Azerbaijan,Explosions/Remote violence,40.7712,47.0241
6129,Azerbaijan,Explosions/Remote violence,40.7712,47.0241
6132,Azerbaijan,Explosions/Remote violence,40.506,46.8227
6148,Azerbaijan,Riots,39.3531,49.0601
6157,Azerbaijan,Explosions/Remote violence,39.0758,45.918
6158,Azerbaijan,Explosions/Remote violence,40.937,47.8424
6273,Azerbaijan,Explosions/Remote violence,41.1712,45.273
6274,Azerbaijan,Explosions/Remote violence,41.1712,45.273
6275,Azerbaijan,Explosions/Remote violence,41.1712,45.273
6276,Azerbaijan,Explosions/Remote violence,41.1712,45.273
6277,Azerbaijan,Explosions/Remote violence,41.1712,45.273
6278,Azerbaijan,Explosions/Remote violence,41.1712,45.273
6279,Azerbaijan,Violence against civilians,41.1712,45.273
6280,Azerbaijan,Violence against civilians,41.1712,45.273
6292,Azerbaijan,Explosions/Remote violence,39.3014,46.6456
6293,Azerbaijan,Explosions/Remote violence,39.3014,46.6456
6294,Azerbaijan,Explosions/Remote violence,39.3014,46.6456
6295,Azerbaijan,Explosions/Remote violence,39.3014,46.6456
6296,Azerbaijan,Explosions/Remote violence,39.3014,46.6456
6297,Azerbaijan,Explosions/Remote violence,39.3014,46.6456
6298,Azerbaijan,Explosions/Remote violence,39.3014,46.6456
6299,Azerbaijan,Explosions/Remote violence,39.3014,46.6456
6300,Azerbaijan,Explosions/Remote violence,39.3014,46.6456
6328,Azerbaijan,Explosions/Remote violence,39.6713,44.87
6340,Azerbaijan,Explosions/Remote violence,39.4406,45.6057
6343,Azerbaijan,Riots,41.1093,47.1346
6395,Azerbaijan,Explosions/Remote violence,39.6935,46.682
6396,Azerbaijan,Explosions/Remote violence,39.6935,46.682
6397,Azerbaijan,Explosions/Remote violence,39.6935,46.682
6398,Azerbaijan,Explosions/Remote violence,39.6935,46.682
6399,Azerbaijan,Explosions/Remote violence,39.6935,46.682
6400,Azerbaijan,Explosions/Remote violence,39.6935,46.682
6401,Azerbaijan,Explosions/Remote violence,39.6935,46.682
6402,Azerbaijan,Explosions/Remote violence,39.6935,46.682
6403,Azerbaijan,Explosions/Remote violence,39.6935,46.682
6404,Azerbaijan,Explosions/Remote violence,39.6935,46.682
6405,Azerbaijan,Explosions/Remote violence,39.6935,46.682
6406,Azerbaijan,Explosions/Remote violence,39.6935,46.682
6407,Azerbaijan,Explosions/Remote violence,39.6935,46.682
6408,Azerbaijan,Explosions/Remote violence,39.6935,46.682
6409,Azerbaijan,Explosions/Remote violence,39.6935,46.682
6432,Azerbaijan,Riots,39.6935,46.682
6433,Azerbaijan,Riots,39.6935,46.682
6452,Azerbaijan,Violence against civilians,39.6935,46.682
6453,Azerbaijan,Violence against civilians,39.6935,46.682
6454,Azerbaijan,Violence against civilians,39.6935,46.682
6455,Azerbaijan,Explosions/Remote violence,41.0278,49.0752
6475,Azerbaijan,Explosions/Remote violence,39.8417,46.7972
6476,Azerbaijan,Explosions/Remote violence,39.8417,46.7972
6477,Azerbaijan,Explosions/Remote violence,39.8417,46.7972
6478,Azerbaijan,Explosions/Remote violence,39.8417,46.7972
6479,Azerbaijan,Explosions/Remote violence,39.8417,46.7972
6480,Azerbaijan,Explosions/Remote violence,39.8417,46.7972
6481,Azerbaijan,Explosions/Remote violence,39.8417,46.7972
6482,Azerbaijan,Explosions/Remote violence,39.8417,46.7972
6483,Azerbaijan,Explosions/Remote violence,39.8417,46.7972
6484,Azerbaijan,Explosions/Remote violence,39.8417,46.7972
6485,Azerbaijan,Explosions/Remote violence,39.8417,46.7972
6486,Azerbaijan,Explosions/Remote violence,39.8417,46.7972
6487,Azerbaijan,Explosions/Remote violence,39.8417,46.7972
6488,Azerbaijan,Explosions/Remote violence,39.8417,46.7972
6609,Azerbaijan,Violence against civilians,39.8417,46.7972
6610,Azerbaijan,Violence against civilians,39.8417,46.7972
6611,Azerbaijan,Violence against civilians,39.8417,46.7972
6801,Azerbaijan,Explosions/Remote violence,40.2781,46.816
6802,Azerbaijan,Explosions/Remote violence,40.2781,46.816
6803,Azerbaijan,Explosions/Remote violence,40.2781,46.816
6804,Azerbaijan,Explosions/Remote violence,40.2781,46.816
6805,Azerbaijan,Explosions/Remote violence,40.2781,46.816
6806,Azerbaijan,Explosions/Remote violence,40.2781,46.816
6807,Azerbaijan,Explosions/Remote violence,40.2781,46.816
6808,Azerbaijan,Explosions/Remote violence,40.2781,46.816
6809,Azerbaijan,Explosions/Remote violence,40.2781,46.816
6810,Azerbaijan,Explosions/Remote violence,40.2781,46.816
6811,Azerbaijan,Explosions/Remote violence,40.2781,46.816
6812,Azerbaijan,Explosions/Remote violence,40.2781,46.816
6813,Azerbaijan,Explosions/Remote violence,40.2781,46.816
6814,Azerbaijan,Explosions/Remote violence,40.2781,46.816
6815,Azerbaijan,Explosions/Remote violence,40.2781,46.816
6816,Azerbaijan,Explosions/Remote violence,40.2781,46.816
6817,Azerbaijan,Explosions/Remote violence,40.2781,46.816
6818,Azerbaijan,Explosions/Remote violence,40.2781,46.816
6819,Azerbaijan,Explosions/Remote violence,40.2781,46.816
6820,Azerbaijan,Explosions/Remote violence,40.2781,46.816
6821,Azerbaijan,Explosions/Remote violence,40.2781,46.816
6822,Azerbaijan,Explosions/Remote violence,40.2781,46.816
6823,Azerbaijan,Explosions/Remote violence,40.2781,46.816
6824,Azerbaijan,Explosions/Remote violence,40.2781,46.816
6825,Azerbaijan,Explosions/Remote violence,40.2781,46.816
6826,Azerbaijan,Explosions/Remote violence,40.2781,46.816
6827,Azerbaijan,Explosions/Remote violence,40.2781,46.816
6828,Azerbaijan,Explosions/Remote violence,40.2781,46.816
6829,Azerbaijan,Explosions/Remote violence,40.2781,46.816
6830,Azerbaijan,Explosions/Remote violence,40.2781,46.816
6831,Azerbaijan,Explosions/Remote violence,40.2781,46.816
6832,Azerbaijan,Explosions/Remote violence,40.2781,46.816
6833,Azerbaijan,Explosions/Remote violence,40.2781,46.816
6834,Azerbaijan,Explosions/Remote violence,40.2781,46.816
6835,Azerbaijan,Explosions/Remote violence,40.2781,46.816
6836,Azerbaijan,Explosions/Remote violence,40.2781,46.816
6837,Azerbaijan,Explosions/Remote violence,40.2781,46.816
6838,Azerbaijan,Explosions/Remote violence,40.2781,46.816
6839,Azerbaijan,Explosions/Remote violence,40.2781,46.816
6840,Azerbaijan,Explosions/Remote violence,40.2781,46.816
6841,Azerbaijan,Explosions/Remote violence,40.2781,46.816
6842,Azerbaijan,Explosions/Remote violence,40.2781,46.816
6843,Azerbaijan,Explosions/Remote violence,40.2781,46.816
6844,Azerbaijan,Explosions/Remote violence,40.2781,46.816
6845,Azerbaijan,Explosions/Remote violence,40.2781,46.816
6862,Azerbaijan,Violence against civilians,40.2781,46.816
6863,Azerbaijan,Violence against civilians,40.2781,46.816
6864,Azerbaijan,Violence against civilians,40.2781,46.816
6865,Azerbaijan,Violence against civilians,40.2781,46.816
6866,Azerbaijan,Violence against civilians,40.2781,46.816
6867,Azerbaijan,Violence against civilians,40.2781,46.816
7031,Azerbaijan,Explosions/Remote violence,40.9062,45.6773
7032,Azerbaijan,Explosions/Remote violence,40.9062,45.6773
7033,Azerbaijan,Explosions/Remote violence,40.9062,45.6773
7034,Azerbaijan,Explosions/Remote violence,40.9062,45.6773
7035,Azerbaijan,Explosions/Remote violence,40.9062,45.6773
7089,Azerbaijan,Explosions/Remote violence,39.8395,46.657
7090,Azerbaijan,Explosions/Remote violence,39.8395,46.657
7091,Azerbaijan,Explosions/Remote violence,39.8395,46.657
7092,Azerbaijan,Explosions/Remote violence,39.8395,46.657
7093,Azerbaijan,Explosions/Remote violence,39.8395,46.657
7094,Azerbaijan,Explosions/Remote violence,39.8395,46.657
7095,Azerbaijan,Explosions/Remote violence,39.8395,46.657
7096,Azerbaijan,Explosions/Remote violence,39.8395,46.657
7097,Azerbaijan,Explosions/Remote violence,39.8395,46.657
7098,Azerbaijan,Explosions/Remote violence,39.8395,46.657
7099,Azerbaijan,Explosions/Remote violence,39.8395,46.657
7100,Azerbaijan,Explosions/Remote violence,39.8395,46.657
7101,Azerbaijan,Explosions/Remote violence,39.8395,46.657
7102,Azerbaijan,Explosions/Remote violence,39.8395,46.657
7103,Azerbaijan,Explosions/Remote violence,39.8395,46.657
7104,Azerbaijan,Explosions/Remote violence,39.8395,46.657
7124,Azerbaijan,Violence against civilians,39.8395,46.657
7125,Azerbaijan,Violence against civilians,39.8395,46.657
7126,Azerbaijan,Violence against civilians,39.8395,46.657
7127,Azerbaijan,Violence against civilians,39.8395,46.657
7128,Azerbaijan,Violence against civilians,39.8395,46.657
7129,Azerbaijan,Violence against civilians,39.8395,46.657
7130,Azerbaijan,Violence against civilians,39.8395,46.657
7131,Azerbaijan,Violence against civilians,39.8395,46.657
7132,Azerbaijan,Violence against civilians,39.8395,46.657
7133,Azerbaijan,Violence against civilians,39.8395,46.657
7134,Azerbaijan,Violence against civilians,39.8395,46.657
7135,Azerbaijan,Violence against civilians,39.8395,46.657
7136,Azerbaijan,Violence against civilians,39.8395,46.657
7137,Azerbaijan,Violence against civilians,39.8395,46.657
7138,Azerbaijan,Violence against civilians,39.8395,46.657
7139,Azerbaijan,Violence against civilians,39.8395,46.657
7140,Azerbaijan,Violence against civilians,39.8395,46.657
7141,Azerbaijan,Violence against civilians,39.8395,46.657
7142,Azerbaijan,Violence against civilians,39.8395,46.657
7143,Azerbaijan,Violence against civilians,39.8395,46.657
7145,Azerbaijan,Explosions/Remote violence,40.7045,47.061
7146,Azerbaijan,Explosions/Remote violence,40.7045,47.061
7147,Azerbaijan,Riots,40.7045,47.061
7148,Azerbaijan,Explosions/Remote violence,41.6183,46.7656
7163,Azerbaijan,Explosions/Remote violence,39.0846,46.6524
7164,Azerbaijan,Explosions/Remote violence,39.0846,46.6524
7165,Azerbaijan,Explosions/Remote violence,39.0846,46.6524
7166,Azerbaijan,Explosions/Remote violence,39.0846,46.6524
7167,Azerbaijan,Explosions/Remote violence,39.0846,46.6524
7168,Azerbaijan,Riots,39.0846,46.6524
7199,Belarus,Explosions/Remote violence,52.4512,25.2526
7397,Belarus,Riots,52.4512,25.2526
7398,Belarus,Riots,52.4512,25.2526
7399,Belarus,Riots,52.4512,25.2526
7446,Belarus,Violence against civilians,52.4512,25.2526
7447,Belarus,Violence against civilians,52.4512,25.2526
7448,Belarus,Violence against civilians,52.4512,25.2526
7449,Belarus,Violence against civilians,52.4512,25.2526
7450,Belarus,Violence against civilians,52.4512,25.2526
7451,Belarus,Violence against civilians,52.4512,25.2526
7452,Belarus,Violence against civilians,52.4512,25.2526
7453,Belarus,Violence against civilians,52.4512,25.2526
7454,Belarus,Violence against civilians,52.4512,25.2526
7455,Belarus,Violence against civilians,52.4512,25.2526
7456,Belarus,Violence against civilians,52.4512,25.2526
7457,Belarus,Explosions/Remote violence,52.2929,29.5463
7458,Belarus,Explosions/Remote violence,52.2929,29.5463
7459,Belarus,Explosions/Remote violence,52.2929,29.5463
7460,Belarus,Explosions/Remote violence,52.2929,29.5463
7461,Belarus,Explosions/Remote violence,52.2929,29.5463
7462,Belarus,Explosions/Remote violence,52.2929,29.5463
7463,Belarus,Explosions/Remote violence,52.2929,29.5463
7464,Belarus,Explosions/Remote violence,52.2929,29.5463
7568,Belarus,Riots,52.2929,29.5463
7635,Belarus,Violence against civilians,52.2929,29.5463
7636,Belarus,Violence against civilians,52.2929,29.5463
7637,Belarus,Violence against civilians,52.2929,29.5463
7638,Belarus,Violence against civilians,52.2929,29.5463
7639,Belarus,Violence against civilians,52.2929,29.5463
7640,Belarus,Violence against civilians,52.2929,29.5463
7641,Belarus,Violence against civilians,52.2929,29.5463
7642,Belarus,Violence against civilians,52.2929,29.5463
7643,Belarus,Violence against civilians,52.2929,29.5463
7644,Belarus,Violence against civilians,52.2929,29.5463
7645,Belarus,Violence against civilians,52.2929,29.5463
7646,Belarus,Violence against civilians,52.2929,29.5463
7647,Belarus,Violence against civilians,52.2929,29.5463
7648,Belarus,Violence against civilians,52.2929,29.5463
7649,Belarus,Violence against civilians,52.2929,29.5463
7650,Belarus,Violence against civilians,52.2929,29.5463
7769,Belarus,Riots,53.8741,24.9266
7770,Belarus,Riots,53.8741,24.9266
7771,Belarus,Riots,53.8741,24.9266
7772,Belarus,Riots,53.8741,24.9266
7773,Belarus,Riots,53.8741,24.9266
7801,Belarus,Violence against civilians,53.8741,24.9266
7802,Belarus,Violence against civilians,53.8741,24.9266
7803,Belarus,Violence against civilians,53.8741,24.9266
7804,Belarus,Violence against civilians,53.8741,24.9266
7805,Belarus,Violence against civilians,53.8741,24.9266
7806,Belarus,Violence against civilians,53.8741,24.9266
7807,Belarus,Violence against civilians,53.8741,24.9266
7808,Belarus,Violence against civilians,53.8741,24.9266
7809,Belarus,Violence against civilians,53.8741,24.9266
7810,Belarus,Violence against civilians,53.8741,24.9266
7811,Belarus,Violence against civilians,53.8741,24.9266
7812,Belarus,Violence against civilians,53.8741,24.9266
7813,Belarus,Violence against civilians,53.8741,24.9266
7814,Belarus,Violence against civilians,53.8741,24.9266
7815,Belarus,Explosions/Remote violence,53.7134,27.832
7816,Belarus,Explosions/Remote violence,53.7134,27.832
7817,Belarus,Explosions/Remote violence,53.7134,27.832
7964,Belarus,Riots,53.7134,27.832
7983,Belarus,Violence against civilians,53.7134,27.832
7984,Belarus,Violence against civilians,53.7134,27.832
7985,Belarus,Violence against civilians,53.7134,27.832
7986,Belarus,Violence against civilians,53.7134,27.832
7987,Belarus,Violence against civilians,53.7134,27.832
7988,Belarus,Violence against civilians,53.7134,27.832
7989,Belarus,Violence against civilians,53.7134,27.832
7990,Belarus,Violence against civilians,53.7134,27.832
7991,Belarus,Violence against civilians,53.7134,27.832
7992,Belarus,Violence against civilians,53.7134,27.832
7993,Belarus,Violence against civilians,53.7134,27.832
7994,Belarus,Violence against civilians,53.7134,27.832
7995,Belarus,Violence against civilians,53.7134,27.832
7996,Belarus,Violence against civilians,53.7134,27.832
7997,Belarus,Violence against civilians,53.7134,27.832
7998,Belarus,Violence against civilians,53.7134,27.832
8000,Belarus,Explosions/Remote violence,53.8709,27.6066
8001,Belarus,Explosions/Remote violence,53.8709,27.6066
8002,Belarus,Explosions/Remote violence,53.8709,27.6066
8003,Belarus,Explosions/Remote violence,53.8709,27.6066
8216,Belarus,Riots,53.8709,27.6066
8217,Belarus,Riots,53.8709,27.6066
8218,Belarus,Riots,53.8709,27.6066
8219,Belarus,Riots,53.8709,27.6066
8220,Belarus,Riots,53.8709,27.6066
8221,Belarus,Riots,53.8709,27.6066
8339,Belarus,Violence against civilians,53.8709,27.6066
8340,Belarus,Violence against civilians,53.8709,27.6066
8341,Belarus,Violence against civilians,53.8709,27.6066
8342,Belarus,Violence against civilians,53.8709,27.6066
8343,Belarus,Violence against civilians,53.8709,27.6066
8344,Belarus,Violence against civilians,53.8709,27.6066
8345,Belarus,Violence against civilians,53.8709,27.6066
8346,Belarus,Violence against civilians,53.8709,27.6066
8347,Belarus,Violence against civilians,53.8709,27.6066
8348,Belarus,Violence against civilians,53.8709,27.6066
8349,Belarus,Violence against civilians,53.8709,27.6066
8350,Belarus,Violence against civilians,53.8709,27.6066
8351,Belarus,Violence against civilians,53.8709,27.6066
8352,Belarus,Violence against civilians,53.8709,27.6066
8353,Belarus,Violence against civilians,53.8709,27.6066
8354,Belarus,Violence against civilians,53.8709,27.6066
8355,Belarus,Violence against civilians,53.8709,27.6066
8356,Belarus,Violence against civilians,53.8709,27.6066
8357,Belarus,Violence against civilians,53.8709,27.6066
8358,Belarus,Violence against civilians,53.8709,27.6066
8359,Belarus,Violence against civilians,53.8709,27.6066
8360,Belarus,Violence against civilians,53.8709,27.6066
8361,Belarus,Violence against civilians,53.8709,27.6066
8362,Belarus,Violence against civilians,53.8709,27.6066
8363,Belarus,Violence against civilians,53.8709,27.6066
8364,Belarus,Violence against civilians,53.8709,27.6066
8365,Belarus,Violence against civilians,53.8709,27.6066
8366,Belarus,Violence against civilians,53.8709,27.6066
8367,Belarus,Violence against civilians,53.8709,27.6066
8368,Belarus,Violence against civilians,53.8709,27.6066
8369,Belarus,Violence against civilians,53.8709,27.6066
8370,Belarus,Violence against civilians,53.8709,27.6066
8371,Belarus,Violence against civilians,53.8709,27.6066
8372,Belarus,Violence against civilians,53.8709,27.6066
8373,Belarus,Violence against civilians,53.8709,27.6066
8374,Belarus,Violence against civilians,53.8709,27.6066
8375,Belarus,Violence against civilians,53.8709,27.6066
8376,Belarus,Violence against civilians,53.8709,27.6066
8377,Belarus,Violence against civilians,53.8709,27.6066
8378,Belarus,Violence against civilians,53.8709,27.6066
8379,Belarus,Violence against civilians,53.8709,27.6066
8380,Belarus,Violence against civilians,53.8709,27.6066
8381,Belarus,Violence against civilians,53.8709,27.6066
8382,Belarus,Violence against civilians,53.8709,27.6066
8383,Belarus,Violence against civilians,53.8709,27.6066
8384,Belarus,Violence against civilians,53.8709,27.6066
8385,Belarus,Violence against civilians,53.8709,27.6066
8386,Belarus,Violence against civilians,53.8709,27.6066
8387,Belarus,Violence against civilians,53.8709,27.6066
8388,Belarus,Violence against civilians,53.8709,27.6066
8389,Belarus,Violence against civilians,53.8709,27.6066
8390,Belarus,Violence against civilians,53.8709,27.6066
8391,Belarus,Violence against civilians,53.8709,27.6066
8392,Belarus,Violence against civilians,53.8709,27.6066
8393,Belarus,Violence against civilians,53.8709,27.6066
8394,Belarus,Violence against civilians,53.8709,27.6066
8395,Belarus,Violence against civilians,53.8709,27.6066
8396,Belarus,Violence against civilians,53.8709,27.6066
8397,Belarus,Violence against civilians,53.8709,27.6066
8494,Belarus,Violence against civilians,53.581,30.7647
8495,Belarus,Violence against civilians,53.581,30.7647
8496,Belarus,Violence against civilians,53.581,30.7647
8497,Belarus,Violence against civilians,53.581,30.7647
8498,Belarus,Violence against civilians,53.581,30.7647
8499,Belarus,Violence against civilians,53.581,30.7647
8500,Belarus,Violence against civilians,53.581,30.7647
8501,Belarus,Violence against civilians,53.581,30.7647
8502,Belarus,Violence against civilians,53.581,30.7647
8503,Belarus,Violence against civilians,53.581,30.7647
8504,Belarus,Violence against civilians,53.581,30.7647
8505,Belarus,Violence against civilians,53.581,30.7647
8506,Belarus,Violence against civilians,53.581,30.7647
8507,Belarus,Violence against civilians,53.581,30.7647
8611,Belarus,Riots,55.2031,28.8137
8612,Belarus,Riots,55.2031,28.8137
8632,Belarus,Violence against civilians,55.2031,28.8137
8633,Belarus,Violence against civilians,55.2031,28.8137
8634,Belarus,Violence against civilians,55.2031,28.8137
8635,Belarus,Violence against civilians,55.2031,28.8137
8636,Belarus,Violence against civilians,55.2031,28.8137
8637,Belarus,Violence against civilians,55.2031,28.8137
8638,Belarus,Violence against civilians,55.2031,28.8137
8639,Belarus,Violence against civilians,55.2031,28.8137
8640,Belarus,Violence against civilians,55.2031,28.8137
8641,Belarus,Violence against civilians,55.2031,28.8137
8997,Belgium,Riots,50.8388,4.3755
8998,Belgium,Riots,50.8388,4.3755
8999,Belgium,Riots,50.8388,4.3755
9000,Belgium,Riots,50.8388,4.3755
9001,Belgium,Riots,50.8388,4.3755
9002,Belgium,Riots,50.8388,4.3755
9003,Belgium,Riots,50.8388,4.3755
9004,Belgium,Riots,50.8388,4.3755
9005,Belgium,Riots,50.8388,4.3755
9006,Belgium,Riots,50.8388,4.3755
9007,Belgium,Riots,50.8388,4.3755
9008,Belgium,Riots,50.8388,4.3755
9009,Belgium,Riots,50.8388,4.3755
9010,Belgium,Riots,50.8388,4.3755
9011,Belgium,Riots,50.8388,4.3755
9012,Belgium,Riots,50.8388,4.3755
9013,Belgium,Riots,50.8388,4.3755
9014,Belgium,Riots,50.8388,4.3755
9015,Belgium,Riots,50.8388,4.3755
9016,Belgium,Riots,50.8388,4.3755
9017,Belgium,Riots,50.8388,4.3755
9018,Belgium,Riots,50.8388,4.3755
9019,Belgium,Riots,50.8388,4.3755
9020,Belgium,Riots,50.8388,4.3755
9021,Belgium,Riots,50.8388,4.3755
9022,Belgium,Riots,50.8388,4.3755
9023,Belgium,Riots,50.8388,4.3755
9024,Belgium,Riots,50.8388,4.3755
9025,Belgium,Riots,50.8388,4.3755
9026,Belgium,Riots,50.8388,4.3755
9027,Belgium,Riots,50.8388,4.3755
9028,Belgium,Riots,50.8388,4.3755
9029,Belgium,Riots,50.8388,4.3755
9030,Belgium,Riots,50.8388,4.3755
9031,Belgium,Riots,50.8388,4.3755
9032,Belgium,Riots,50.8388,4.3755
9033,Belgium,Riots,50.8388,4.3755
9034,Belgium,Riots,50.8388,4.3755
9035,Belgium,Riots,50.8388,4.3755
9036,Belgium,Riots,50.8388,4.3755
9037,Belgium,Riots,50.8388,4.3755
9038,Belgium,Riots,50.8388,4.3755
9039,Belgium,Riots,50.8388,4.3755
9040,Belgium,Riots,50.8388,4.3755
9041,Belgium,Riots,50.8388,4.3755
9042,Belgium,Riots,50.8388,4.3755
9043,Belgium,Riots,50.8388,4.3755
9044,Belgium,Riots,50.8388,4.3755
9045,Belgium,Riots,50.8388,4.3755
9046,Belgium,Riots,50.8388,4.3755
9047,Belgium,Riots,50.8388,4.3755
9048,Belgium,Riots,50.8388,4.3755
9049,Belgium,Riots,50.8388,4.3755
9050,Belgium,Riots,50.8388,4.3755
9051,Belgium,Riots,50.8388,4.3755
9052,Belgium,Riots,50.8388,4.3755
9053,Belgium,Riots,50.8388,4.3755
9054,Belgium,Riots,50.8388,4.3755
9055,Belgium,Riots,50.8388,4.3755
9077,Belgium,Violence against civilians,50.8388,4.3755
9405,Belgium,Riots,51.0964,4.1983
9406,Belgium,Riots,51.0964,4.1983
9407,Belgium,Riots,51.0964,4.1983
9408,Belgium,Riots,51.0964,4.1983
9409,Belgium,Riots,51.0964,4.1983
9410,Belgium,Riots,51.0964,4.1983
9411,Belgium,Riots,51.0964,4.1983
9412,Belgium,Riots,51.0964,4.1983
9413,Belgium,Riots,51.0964,4.1983
9414,Belgium,Riots,51.0964,4.1983
9415,Belgium,Riots,51.0964,4.1983
9416,Belgium,Riots,51.0964,4.1983
9417,Belgium,Riots,51.0964,4.1983
9418,Belgium,Riots,51.0964,4.1983
9419,Belgium,Riots,51.0964,4.1983
9420,Belgium,Riots,51.0964,4.1983
9421,Belgium,Riots,51.0964,4.1983
9422,Belgium,Riots,51.0964,4.1983
9423,Belgium,Riots,51.0964,4.1983
9424,Belgium,Riots,51.0964,4.1983
9425,Belgium,Riots,51.0964,4.1983
9426,Belgium,Riots,51.0964,4.1983
9427,Belgium,Riots,51.0964,4.1983
9428,Belgium,Riots,51.0964,4.1983
9429,Belgium,Riots,51.0964,4.1983
9430,Belgium,Riots,51.0964,4.1983
9431,Belgium,Riots,51.0964,4.1983
9432,Belgium,Riots,51.0964,4.1983
9433,Belgium,Riots,51.0964,4.1983
9448,Belgium,Violence against civilians,51.0964,4.1983
9449,Belgium,Violence against civilians,51.0964,4.1983
9450,Belgium,Violence against civilians,51.0964,4.1983
9451,Belgium,Violence against civilians,51.0964,4.1983
9452,Belgium,Violence against civilians,51.0964,4.1983
9698,Belgium,Riots,50.1545,5.3991
9699,Belgium,Riots,50.1545,5.3991
9700,Belgium,Riots,50.1545,5.3991
9701,Belgium,Riots,50.1545,5.3991
9702,Belgium,Riots,50.1545,5.3991
9703,Belgium,Riots,50.1545,5.3991
9704,Belgium,Riots,50.1545,5.3991
9705,Belgium,Riots,50.1545,5.3991
9706,Belgium,Riots,50.1545,5.3991
9707,Belgium,Riots,50.1545,5.3991
9708,Belgium,Riots,50.1545,5.3991
9709,Belgium,Riots,50.1545,5.3991
9710,Belgium,Riots,50.1545,5.3991
9711,Belgium,Riots,50.1545,5.3991
9712,Belgium,Riots,50.1545,5.3991
9713,Belgium,Riots,50.1545,5.3991
9714,Belgium,Riots,50.1545,5.3991
9717,Belgium,Violence against civilians,50.1545,5.3991
9718,Belgium,Violence against civilians,50.1545,5.3991
9729,Bosnia and Herzegovina,Riots,44.8439,18.7944
9730,Bosnia and Herzegovina,Riots,44.8439,18.7944
9731,Bosnia and Herzegovina,Riots,44.8439,18.7944
9732,Bosnia and Herzegovina,Violence against civilians,44.8439,18.7944
9733,Bosnia and Herzegovina,Violence against civilians,44.8439,18.7944
9736,Bosnia and Herzegovina,Explosions/Remote violence,43.9146,17.549
9737,Bosnia and Herzegovina,Explosions/Remote violence,43.9146,17.549
9738,Bosnia and Herzegovina,Explosions/Remote violence,43.9146,17.549
9739,Bosnia and Herzegovina,Explosions/Remote violence,43.9146,17.549
9740,Bosnia and Herzegovina,Explosions/Remote violence,43.9146,17.549
9741,Bosnia and Herzegovina,Explosions/Remote violence,43.9146,17.549
9742,Bosnia and Herzegovina,Explosions/Remote violence,43.9146,17.549
9743,Bosnia and Herzegovina,Explosions/Remote violence,43.9146,17.549
9744,Bosnia and Herzegovina,Explosions/Remote violence,43.9146,17.549
9745,Bosnia and Herzegovina,Explosions/Remote violence,43.9146,17.549
9746,Bosnia and Herzegovina,Explosions/Remote violence,43.9146,17.549
9747,Bosnia and Herzegovina,Explosions/Remote violence,43.9146,17.549
9748,Bosnia and Herzegovina,Explosions/Remote violence,43.9146,17.549
9749,Bosnia and Herzegovina,Explosions/Remote violence,43.9146,17.549
9750,Bosnia and Herzegovina,Explosions/Remote violence,43.9146,17.549
9751,Bosnia and Herzegovina,Explosions/Remote violence,43.9146,17.549
9752,Bosnia and Herzegovina,Explosions/Remote violence,43.9146,17.549
9753,Bosnia and Herzegovina,Explosions/Remote violence,43.9146,17.549
9754,Bosnia and Herzegovina,Explosions/Remote violence,43.9146,17.549
9755,Bosnia and Herzegovina,Explosions/Remote violence,43.9146,17.549
10084,Bosnia and Herzegovina,Riots,43.9146,17.549
10085,Bosnia and Herzegovina,Riots,43.9146,17.549
10086,Bosnia and Herzegovina,Riots,43.9146,17.549
10087,Bosnia and Herzegovina,Riots,43.9146,17.549
10088,Bosnia and Herzegovina,Riots,43.9146,17.549
10089,Bosnia and Herzegovina,Riots,43.9146,17.549
10090,Bosnia and Herzegovina,Riots,43.9146,17.549
10091,Bosnia and Herzegovina,Riots,43.9146,17.549
10092,Bosnia and Herzegovina,Riots,43.9146,17.549
10093,Bosnia and Herzegovina,Riots,43.9146,17.549
10094,Bosnia and Herzegovina,Riots,43.9146,17.549
10095,Bosnia and Herzegovina,Riots,43.9146,17.549
10096,Bosnia and Herzegovina,Riots,43.9146,17.549
10097,Bosnia and Herzegovina,Riots,43.9146,17.549
10098,Bosnia and Herzegovina,Riots,43.9146,17.549
10099,Bosnia and Herzegovina,Riots,43.9146,17.549
10100,Bosnia and Herzegovina,Riots,43.9146,17.549
10101,Bosnia and Herzegovina,Riots,43.9146,17.549
10102,Bosnia and Herzegovina,Riots,43.9146,17.549
10103,Bosnia and Herzegovina,Riots,43.9146,17.549
10104,Bosnia and Herzegovina,Riots,43.9146,17.549
10105,Bosnia and Herzegovina,Riots,43.9146,17.549
10106,Bosnia and Herzegovina,Riots,43.9146,17.549
10107,Bosnia and Herzegovina,Riots,43.9146,17.549
10108,Bosnia and Herzegovina,Riots,43.9146,17.549
10149,Bosnia and Herzegovina,Violence against civilians,43.9146,17.549
10150,Bosnia and Herzegovina,Violence against civilians,43.9146,17.549
10151,Bosnia and Herzegovina,Violence against civilians,43.9146,17.549
10152,Bosnia and Herzegovina,Violence against civilians,43.9146,17.549
10153,Bosnia and Herzegovina,Violence against civilians,43.9146,17.549
10154,Bosnia and Herzegovina,Violence against civilians,43.9146,17.549
10155,Bosnia and Herzegovina,Violence against civilians,43.9146,17.549
10156,Bosnia and Herzegovina,Violence against civilians,43.9146,17.549
10157,Bosnia and Herzegovina,Violence against civilians,43.9146,17.549
10158,Bosnia and Herzegovina,Violence against civilians,43.9146,17.549
10159,Bosnia and Herzegovina,Violence against civilians,43.9146,17.549
10160,Bosnia and Herzegovina,Violence against civilians,43.9146,17.549
10161,Bosnia and Herzegovina,Violence against civilians,43.9146,17.549
10162,Bosnia and Herzegovina,Violence against civilians,43.9146,17.549
10163,Bosnia and Herzegovina,Violence against civilians,43.9146,17.549
10164,Bosnia and Herzegovina,Violence against civilians,43.9146,17.549
10165,Bosnia and Herzegovina,Violence against civilians,43.9146,17.549
10166,Bosnia and Herzegovina,Violence against civilians,43.9146,17.549
10167,Bosnia and Herzegovina,Violence against civilians,43.9146,17.549
10168,Bosnia and Herzegovina,Violence against civilians,43.9146,17.549
10169,Bosnia and Herzegovina,Violence against civilians,43.9146,17.549
10170,Bosnia and Herzegovina,Violence against civilians,43.9146,17.549
10171,Bosnia and Herzegovina,Violence against civilians,43.9146,17.549
10172,Bosnia and Herzegovina,Violence against civilians,43.9146,17.549
10173,Bosnia and Herzegovina,Violence against civilians,43.9146,17.549
10174,Bosnia and Herzegovina,Violence against civilians,43.9146,17.549
10175,Bosnia and Herzegovina,Violence against civilians,43.9146,17.549
10176,Bosnia and Herzegovina,Violence against civilians,43.9146,17.549
10177,Bosnia and Herzegovina,Violence against civilians,43.9146,17.549
10178,Bosnia and Herzegovina,Violence against civilians,43.9146,17.549
10179,Bosnia and Herzegovina,Violence against civilians,43.9146,17.549
10180,Bosnia and Herzegovina,Violence against civilians,43.9146,17.549
10181,Bosnia and Herzegovina,Violence against civilians,43.9146,17.549
10183,Bosnia and Herzegovina,Explosions/Remote violence,44.67,17.3655
10184,Bosnia and Herzegovina,Explosions/Remote violence,44.67,17.3655
10185,Bosnia and Herzegovina,Explosions/Remote violence,44.67,17.3655
10186,Bosnia and Herzegovina,Explosions/Remote violence,44.67,17.3655
10187,Bosnia and Herzegovina,Explosions/Remote violence,44.67,17.3655
10188,Bosnia and Herzegovina,Explosions/Remote violence,44.67,17.3655
10189,Bosnia and Herzegovina,Explosions/Remote violence,44.67,17.3655
10386,Bosnia and Herzegovina,Riots,44.67,17.3655
10387,Bosnia and Herzegovina,Riots,44.67,17.3655
10388,Bosnia and Herzegovina,Riots,44.67,17.3655
10389,Bosnia and Herzegovina,Riots,44.67,17.3655
10390,Bosnia and Herzegovina,Riots,44.67,17.3655
10391,Bosnia and Herzegovina,Riots,44.67,17.3655
10437,Bosnia and Herzegovina,Violence against civilians,44.67,17.3655
10438,Bosnia and Herzegovina,Violence against civilians,44.67,17.3655
10439,Bosnia and Herzegovina,Violence against civilians,44.67,17.3655
10440,Bosnia and Herzegovina,Violence against civilians,44.67,17.3655
10441,Bosnia and Herzegovina,Violence against civilians,44.67,17.3655
10442,Bosnia and Herzegovina,Violence against civilians,44.67,17.3655
10443,Bosnia and Herzegovina,Violence against civilians,44.67,17.3655
10444,Bosnia and Herzegovina,Violence against civilians,44.67,17.3655
10445,Bosnia and Herzegovina,Violence against civilians,44.67,17.3655
10446,Bosnia and Herzegovina,Violence against civilians,44.67,17.3655
10447,Bosnia and Herzegovina,Violence against civilians,44.67,17.3655
10448,Bosnia and Herzegovina,Violence against civilians,44.67,17.3655
10449,Bosnia and Herzegovina,Violence against civilians,44.67,17.3655
10450,Bosnia and Herzegovina,Violence against civilians,44.67,17.3655
10451,Bosnia and Herzegovina,Violence against civilians,44.67,17.3655
10452,Bosnia and Herzegovina,Violence against civilians,44.67,17.3655
10453,Bosnia and Herzegovina,Violence against civilians,44.67,17.3655
10454,Bosnia and Herzegovina,Violence against civilians,44.67,17.3655
10455,Bosnia and Herzegovina,Violence against civilians,44.67,17.3655
10456,Bosnia and Herzegovina,Violence against civilians,44.67,17.3655
10457,Bosnia and Herzegovina,Violence against civilians,44.67,17.3655
10458,Bosnia and Herzegovina,Violence against civilians,44.67,17.3655
10459,Bosnia and Herzegovina,Violence against civilians,44.67,17.3655
10460,Bosnia and Herzegovina,Violence against civilians,44.67,17.3655
10461,Bosnia and Herzegovina,Violence against civilians,44.67,17.3655
10586,Bulgaria,Riots,41.75,23.488
10587,Bulgaria,Riots,41.75,23.488
10588,Bulgaria,Riots,41.75,23.488
10589,Bulgaria,Riots,41.75,23.488
10590,Bulgaria,Riots,41.75,23.488
10743,Bulgaria,Riots,42.4466,27.2043
10744,Bulgaria,Riots,42.4466,27.2043
10745,Bulgaria,Riots,42.4466,27.2043
10746,Bulgaria,Riots,42.4466,27.2043
10753,Bulgaria,Violence against civilians,42.4466,27.2043
10754,Bulgaria,Violence against civilians,42.4466,27.2043
10755,Bulgaria,Violence against civilians,42.4466,27.2043
10828,Bulgaria,Riots,43.664,27.9001
10856,Bulgaria,Riots,42.9665,25.2128
10938,Bulgaria,Riots,41.7639,25.9254
10941,Bulgaria,Violence against civilians,41.7639,25.9254
10970,Bulgaria,Riots,41.5738,25.4003
11123,Bulgaria,Violence against civilians,43.4808,23.1153
11315,Bulgaria,Violence against civilians,43.4815,24.6062
11506,Bulgaria,Riots,42.2391,24.7889
11507,Bulgaria,Riots,42.2391,24.7889
11508,Bulgaria,Riots,42.2391,24.7889
11509,Bulgaria,Riots,42.2391,24.7889
11510,Bulgaria,Riots,42.2391,24.7889
11511,Bulgaria,Riots,42.2391,24.7889
11512,Bulgaria,Riots,42.2391,24.7889
11517,Bulgaria,Violence against civilians,42.2391,24.7889
11518,Bulgaria,Violence against civilians,42.2391,24.7889
11813,Bulgaria,Riots,42.6475,26.2653
11893,Bulgaria,Riots,42.6415,23.9744
12291,Bulgaria,Riots,42.6514,23.3331
12292,Bulgaria,Riots,42.6514,23.3331
12293,Bulgaria,Riots,42.6514,23.3331
12294,Bulgaria,Riots,42.6514,23.3331
12295,Bulgaria,Riots,42.6514,23.3331
12296,Bulgaria,Riots,42.6514,23.3331
12297,Bulgaria,Riots,42.6514,23.3331
12298,Bulgaria,Riots,42.6514,23.3331
12299,Bulgaria,Riots,42.6514,23.3331
12300,Bulgaria,Riots,42.6514,23.3331
12301,Bulgaria,Riots,42.6514,23.3331
12302,Bulgaria,Riots,42.6514,23.3331
12303,Bulgaria,Riots,42.6514,23.3331
12304,Bulgaria,Riots,42.6514,23.3331
12305,Bulgaria,Riots,42.6514,23.3331
12306,Bulgaria,Riots,42.6514,23.3331
12307,Bulgaria,Riots,42.6514,23.3331
12308,Bulgaria,Riots,42.6514,23.3331
12309,Bulgaria,Riots,42.6514,23.3331
12310,Bulgaria,Riots,42.6514,23.3331
12311,Bulgaria,Riots,42.6514,23.3331
12312,Bulgaria,Riots,42.6514,23.3331
12313,Bulgaria,Riots,42.6514,23.3331
12314,Bulgaria,Riots,42.6514,23.3331
12315,Bulgaria,Riots,42.6514,23.3331
12316,Bulgaria,Riots,42.6514,23.3331
12317,Bulgaria,Riots,42.6514,23.3331
12318,Bulgaria,Riots,42.6514,23.3331
12319,Bulgaria,Riots,42.6514,23.3331
12320,Bulgaria,Riots,42.6514,23.3331
12321,Bulgaria,Riots,42.6514,23.3331
12335,Bulgaria,Violence against civilians,42.6514,23.3331
12336,Bulgaria,Violence against civilians,42.6514,23.3331
12337,Bulgaria,Violence against civilians,42.6514,23.3331
12437,Bulgaria,Riots,42.4124,25.5511
12438,Bulgaria,Riots,42.4124,25.5511
12441,Bulgaria,Violence against civilians,42.4124,25.5511
12640,Bulgaria,Riots,43.2141,27.6201
12641,Bulgaria,Riots,43.2141,27.6201
12642,Bulgaria,Riots,43.2141,27.6201
12820,Bulgaria,Riots,43.3988,23.7159
12875,Croatia,Explosions/Remote violence,45.7807,16.8969
12884,Croatia,Violence against civilians,45.7807,16.8969
12885,Croatia,Explosions/Remote violence,45.2185,17.3973
12896,Croatia,Riots,45.2185,17.3973
12898,Croatia,Violence against civilians,45.2185,17.3973
12899,Croatia,Explosions/Remote violence,45.7918,15.9821
12900,Croatia,Explosions/Remote violence,45.7918,15.9821
12901,Croatia,Explosions/Remote violence,45.7918,15.9821
12902,Croatia,Explosions/Remote violence,45.7918,15.9821
12903,Croatia,Explosions/Remote violence,45.7918,15.9821
12904,Croatia,Explosions/Remote violence,45.7918,15.9821
12905,Croatia,Explosions/Remote violence,45.7918,15.9821
12906,Croatia,Explosions/Remote violence,45.7918,15.9821
13177,Croatia,Riots,45.7918,15.9821
13178,Croatia,Riots,45.7918,15.9821
13179,Croatia,Riots,45.7918,15.9821
13180,Croatia,Riots,45.7918,15.9821
13181,Croatia,Riots,45.7918,15.9821
13182,Croatia,Riots,45.7918,15.9821
13183,Croatia,Riots,45.7918,15.9821
13195,Croatia,Violence against civilians,45.7918,15.9821
13196,Croatia,Violence against civilians,45.7918,15.9821
13197,Croatia,Violence against civilians,45.7918,15.9821
13198,Croatia,Violence against civilians,45.7918,15.9821
13199,Croatia,Violence against civilians,45.7918,15.9821
13200,Croatia,Violence against civilians,45.7918,15.9821
13201,Croatia,Violence against civilians,45.7918,15.9821
13202,Croatia,Explosions/Remote violence,42.9436,16.9128
13245,Croatia,Violence against civilians,42.9436,16.9128
13302,Croatia,Riots,45.1435,13.9123
13303,Croatia,Riots,45.1435,13.9123
13306,Croatia,Violence against civilians,45.1435,13.9123
13308,Croatia,Explosions/Remote violence,45.3244,15.4874
13329,Croatia,Violence against civilians,45.3244,15.4874
13330,Croatia,Violence against civilians,45.3244,15.4874
13331,Croatia,Violence against civilians,45.3244,15.4874
13332,Croatia,Violence against civilians,45.3244,15.4874
13333,Croatia,Violence against civilians,45.3244,15.4874
13341,Croatia,Violence against civilians,46.1197,16.7782
13350,Croatia,Riots,46.0916,15.9287
13351,Croatia,Riots,46.0916,15.9287
13357,Croatia,Violence against civilians,44.6975,15.4255
13358,Croatia,Violence against civilians,44.6975,15.4255
13427,Croatia,Violence against civilians,45.5643,18.4369
13428,Croatia,Violence against civilians,45.5643,18.4369
13498,Croatia,Riots,45.3531,14.7601
13499,Croatia,Riots,45.3531,14.7601
13500,Croatia,Riots,45.3531,14.7601
13501,Croatia,Riots,45.3531,14.7601
13502,Croatia,Violence against civilians,45.3531,14.7601
13503,Croatia,Explosions/Remote violence,43.8538,16.0139
13504,Croatia,Explosions/Remote violence,43.8538,16.0139
13549,Croatia,Violence against civilians,43.8538,16.0139
13550,Croatia,Explosions/Remote violence,45.3337,16.4917
13731,Croatia,Riots,43.5319,16.7809
13732,Croatia,Riots,43.5319,16.7809
13733,Croatia,Riots,43.5319,16.7809
13734,Croatia,Riots,43.5319,16.7809
13735,Croatia,Riots,43.5319,16.7809
13736,Croatia,Riots,43.5319,16.7809
13739,Croatia,Violence against civilians,43.5319,16.7809
13740,Croatia,Violence against civilians,43.5319,16.7809
13741,Croatia,Violence against civilians,43.5319,16.7809
13742,Croatia,Violence against civilians,43.5319,16.7809
13743,Croatia,Violence against civilians,43.5319,16.7809
13744,Croatia,Violence against civilians,43.5319,16.7809
13745,Croatia,Violence against civilians,43.5319,16.7809
13787,Croatia,Riots,45.1694,18.857
13788,Croatia,Riots,45.1694,18.857
13793,Croatia,Violence against civilians,45.1694,18.857
13794,Croatia,Explosions/Remote violence,44.1765,15.3439
13795,Croatia,Explosions/Remote violence,44.1765,15.3439
13867,Croatia,Riots,44.1765,15.3439
13868,Croatia,Riots,44.1765,15.3439
13870,Croatia,Violence against civilians,44.1765,15.3439
13871,Croatia,Violence against civilians,44.1765,15.3439
13872,Croatia,Violence against civilians,44.1765,15.3439
13873,Croatia,Violence against civilians,44.1765,15.3439
13874,Croatia,Violence against civilians,44.1765,15.3439
13875,Croatia,Violence against civilians,44.1765,15.3439
13876,Croatia,Violence against civilians,44.1765,15.3439
13887,Croatia,Riots,45.7675,15.5943
14004,Cyprus,Riots,35.326,33.8245
14005,Cyprus,Riots,35.326,33.8245
14006,Cyprus,Riots,35.326,33.8245
14007,Cyprus,Riots,35.326,33.8245
14008,Cyprus,Riots,35.326,33.8245
14009,Cyprus,Riots,35.326,33.8245
14010,Cyprus,Riots,35.326,33.8245
14011,Cyprus,Riots,35.326,33.8245
14067,Cyprus,Violence against civilians,35.326,33.8245
14068,Cyprus,Violence against civilians,35.326,33.8245
14069,Cyprus,Explosions/Remote violence,35.3157,33.2782
14103,Cyprus,Riots,35.3157,33.2782
14108,Cyprus,Violence against civilians,35.3157,33.2782
14109,Cyprus,Violence against civilians,35.3157,33.2782
14111,Cyprus,Explosions/Remote violence,34.9115,33.4695
14112,Cyprus,Explosions/Remote violence,34.9115,33.4695
14113,Cyprus,Explosions/Remote violence,34.9115,33.4695
14114,Cyprus,Explosions/Remote violence,34.9115,33.4695
14115,Cyprus,Explosions/Remote violence,34.9115,33.4695
14116,Cyprus,Explosions/Remote violence,34.9115,33.4695
14230,Cyprus,Riots,34.9115,33.4695
14231,Cyprus,Riots,34.9115,33.4695
14232,Cyprus,Riots,34.9115,33.4695
14233,Cyprus,Riots,34.9115,33.4695
14234,Cyprus,Riots,34.9115,33.4695
14235,Cyprus,Riots,34.9115,33.4695
14236,Cyprus,Riots,34.9115,33.4695
14237,Cyprus,Riots,34.9115,33.4695
14238,Cyprus,Riots,34.9115,33.4695
14239,Cyprus,Riots,34.9115,33.4695
14240,Cyprus,Riots,34.9115,33.4695
14241,Cyprus,Riots,34.9115,33.4695
14242,Cyprus,Riots,34.9115,33.4695
14243,Cyprus,Riots,34.9115,33.4695
14244,Cyprus,Riots,34.9115,33.4695
14245,Cyprus,Riots,34.9115,33.4695
14246,Cyprus,Riots,34.9115,33.4695
14267,Cyprus,Violence against civilians,34.9115,33.4695
14268,Cyprus,Violence against civilians,34.9115,33.4695
14269,Cyprus,Violence against civilians,34.9115,33.4695
14270,Cyprus,Violence against civilians,34.9115,33.4695
14271,Cyprus,Explosions/Remote violence,34.7949,32.9856
14272,Cyprus,Explosions/Remote violence,34.7949,32.9856
14273,Cyprus,Explosions/Remote violence,34.7949,32.9856
14274,Cyprus,Explosions/Remote violence,34.7949,32.9856
14275,Cyprus,Explosions/Remote violence,34.7949,32.9856
14276,Cyprus,Explosions/Remote violence,34.7949,32.9856
14277,Cyprus,Explosions/Remote violence,34.7949,32.9856
14278,Cyprus,Explosions/Remote violence,34.7949,32.9856
14279,Cyprus,Explosions/Remote violence,34.7949,32.9856
14449,Cyprus,Riots,34.7949,32.9856
14450,Cyprus,Riots,34.7949,32.9856
14451,Cyprus,Riots,34.7949,32.9856
14452,Cyprus,Riots,34.7949,32.9856
14453,Cyprus,Riots,34.7949,32.9856
14454,Cyprus,Riots,34.7949,32.9856
14455,Cyprus,Riots,34.7949,32.9856
14456,Cyprus,Riots,34.7949,32.9856
14457,Cyprus,Riots,34.7949,32.9856
14458,Cyprus,Riots,34.7949,32.9856
14459,Cyprus,Riots,34.7949,32.9856
14460,Cyprus,Riots,34.7949,32.9856
14461,Cyprus,Riots,34.7949,32.9856
14462,Cyprus,Riots,34.7949,32.9856
14463,Cyprus,Riots,34.7949,32.9856
14464,Cyprus,Riots,34.7949,32.9856
14465,Cyprus,Riots,34.7949,32.9856
14466,Cyprus,Riots,34.7949,32.9856
14467,Cyprus,Riots,34.7949,32.9856
14468,Cyprus,Riots,34.7949,32.9856
14469,Cyprus,Riots,34.7949,32.9856
14470,Cyprus,Riots,34.7949,32.9856
14471,Cyprus,Riots,34.7949,32.9856
14472,Cyprus,Riots,34.7949,32.9856
14473,Cyprus,Riots,34.7949,32.9856
14474,Cyprus,Riots,34.7949,32.9856
14475,Cyprus,Riots,34.7949,32.9856
14476,Cyprus,Riots,34.7949,32.9856
14477,Cyprus,Riots,34.7949,32.9856
14478,Cyprus,Riots,34.7949,32.9856
14479,Cyprus,Riots,34.7949,32.9856
14480,Cyprus,Riots,34.7949,32.9856
14481,Cyprus,Riots,34.7949,32.9856
14482,Cyprus,Riots,34.7949,32.9856
14483,Cyprus,Riots,34.7949,32.9856
14484,Cyprus,Riots,34.7949,32.9856
14485,Cyprus,Riots,34.7949,32.9856
14486,Cyprus,Riots,34.7949,32.9856
14512,Cyprus,Violence against civilians,34.7949,32.9856
14513,Cyprus,Violence against civilians,34.7949,32.9856
14514,Cyprus,Violence against civilians,34.7949,32.9856
14515,Cyprus,Violence against civilians,34.7949,32.9856
14516,Cyprus,Violence against civilians,34.7949,32.9856
14517,Cyprus,Violence against civilians,34.7949,32.9856
14518,Cyprus,Violence against civilians,34.7949,32.9856
14519,Cyprus,Violence against civilians,34.7949,32.9856
14520,Cyprus,Violence against civilians,34.7949,32.9856
14521,Cyprus,Violence against civilians,34.7949,32.9856
14522,Cyprus,Violence against civilians,34.7949,32.9856
14523,Cyprus,Violence against civilians,34.7949,32.9856
14524,Cyprus,Violence against civilians,34.7949,32.9856
14525,Cyprus,Violence against civilians,34.7949,32.9856
14526,Cyprus,Violence against civilians,34.7949,32.9856
14530,Cyprus,Explosions/Remote violence,35.0821,33.0732
14531,Cyprus,Explosions/Remote violence,35.0821,33.0732
14532,Cyprus,Explosions/Remote violence,35.0821,33.0732
14533,Cyprus,Explosions/Remote violence,35.0821,33.0732
14534,Cyprus,Explosions/Remote violence,35.0821,33.0732
14535,Cyprus,Explosions/Remote violence,35.0821,33.0732
14536,Cyprus,Explosions/Remote violence,35.0821,33.0732
14537,Cyprus,Explosions/Remote violence,35.0821,33.0732
14898,Cyprus,Riots,35.0821,33.0732
14899,Cyprus,Riots,35.0821,33.0732
14900,Cyprus,Riots,35.0821,33.0732
14901,Cyprus,Riots,35.0821,33.0732
14902,Cyprus,Riots,35.0821,33.0732
14903,Cyprus,Riots,35.0821,33.0732
14904,Cyprus,Riots,35.0821,33.0732
14905,Cyprus,Riots,35.0821,33.0732
14906,Cyprus,Riots,35.0821,33.0732
14907,Cyprus,Riots,35.0821,33.0732
14908,Cyprus,Riots,35.0821,33.0732
14909,Cyprus,Riots,35.0821,33.0732
14910,Cyprus,Riots,35.0821,33.0732
14911,Cyprus,Riots,35.0821,33.0732
14912,Cyprus,Riots,35.0821,33.0732
14913,Cyprus,Riots,35.0821,33.0732
14914,Cyprus,Riots,35.0821,33.0732
14915,Cyprus,Riots,35.0821,33.0732
14916,Cyprus,Riots,35.0821,33.0732
14917,Cyprus,Riots,35.0821,33.0732
14918,Cyprus,Riots,35.0821,33.0732
14919,Cyprus,Riots,35.0821,33.0732
14920,Cyprus,Riots,35.0821,33.0732
14921,Cyprus,Riots,35.0821,33.0732
14922,Cyprus,Riots,35.0821,33.0732
14923,Cyprus,Riots,35.0821,33.0732
14924,Cyprus,Riots,35.0821,33.0732
14925,Cyprus,Riots,35.0821,33.0732
14926,Cyprus,Riots,35.0821,33.0732
14927,Cyprus,Riots,35.0821,33.0732
14928,Cyprus,Riots,35.0821,33.0732
14929,Cyprus,Riots,35.0821,33.0732
14930,Cyprus,Riots,35.0821,33.0732
14931,Cyprus,Riots,35.0821,33.0732
14932,Cyprus,Riots,35.0821,33.0732
14933,Cyprus,Riots,35.0821,33.0732
14934,Cyprus,Riots,35.0821,33.0732
14935,Cyprus,Riots,35.0821,33.0732
14936,Cyprus,Riots,35.0821,33.0732
14937,Cyprus,Riots,35.0821,33.0732
14938,Cyprus,Riots,35.0821,33.0732
14939,Cyprus,Riots,35.0821,33.0732
14940,Cyprus,Riots,35.0821,33.0732
14941,Cyprus,Riots,35.0821,33.0732
14942,Cyprus,Riots,35.0821,33.0732
14943,Cyprus,Riots,35.0821,33.0732
14944,Cyprus,Riots,35.0821,33.0732
14945,Cyprus,Riots,35.0821,33.0732
14946,Cyprus,Riots,35.0821,33.0732
14947,Cyprus,Riots,35.0821,33.0732
14948,Cyprus,Riots,35.0821,33.0732
14949,Cyprus,Riots,35.0821,33.0732
14950,Cyprus,Riots,35.0821,33.0732
14951,Cyprus,Riots,35.0821,33.0732
14952,Cyprus,Riots,35.0821,33.0732
14953,Cyprus,Riots,35.0821,33.0732
14954,Cyprus,Riots,35.0821,33.0732
14955,Cyprus,Riots,35.0821,33.0732
14956,Cyprus,Riots,35.0821,33.0732
14957,Cyprus,Riots,35.0821,33.0732
14958,Cyprus,Riots,35.0821,33.0732
15077,Cyprus,Violence against civilians,35.0821,33.0732
15078,Cyprus,Violence against civilians,35.0821,33.0732
15079,Cyprus,Violence against civilians,35.0821,33.0732
15080,Cyprus,Violence against civilians,35.0821,33.0732
15081,Cyprus,Violence against civilians,35.0821,33.0732
15082,Cyprus,Violence against civilians,35.0821,33.0732
15083,Cyprus,Violence against civilians,35.0821,33.0732
15084,Cyprus,Violence against civilians,35.0821,33.0732
15085,Cyprus,Violence against civilians,35.0821,33.0732
15086,Cyprus,Violence against civilians,35.0821,33.0732
15087,Cyprus,Violence against civilians,35.0821,33.0732
15088,Cyprus,Violence against civilians,35.0821,33.0732
15089,Cyprus,Violence against civilians,35.0821,33.0732
15090,Cyprus,Violence against civilians,35.0821,33.0732
15091,Cyprus,Explosions/Remote violence,34.917,32.4982
15222,Cyprus,Riots,34.917,32.4982
15223,Cyprus,Riots,34.917,32.4982
15224,Cyprus,Riots,34.917,32.4982
15225,Cyprus,Riots,34.917,32.4982
15226,Cyprus,Riots,34.917,32.4982
15227,Cyprus,Riots,34.917,32.4982
15228,Cyprus,Riots,34.917,32.4982
15229,Cyprus,Riots,34.917,32.4982
15230,Cyprus,Riots,34.917,32.4982
15231,Cyprus,Riots,34.917,32.4982
15232,Cyprus,Riots,34.917,32.4982
15233,Cyprus,Riots,34.917,32.4982
15234,Cyprus,Riots,34.917,32.4982
15235,Cyprus,Riots,34.917,32.4982
15236,Cyprus,Riots,34.917,32.4982
15257,Cyprus,Violence against civilians,34.917,32.4982
15258,Cyprus,Violence against civilians,34.917,32.4982
15259,Cyprus,Violence against civilians,34.917,32.4982
15260,Cyprus,Violence against civilians,34.917,32.4982
15261,Cyprus,Violence against civilians,34.917,32.4982
15262,Cyprus,Violence against civilians,34.917,32.4982
15263,Cyprus,Violence against civilians,34.917,32.4982
15264,Cyprus,Violence against civilians,34.917,32.4982
15265,Cyprus,Violence against civilians,34.917,32.4982
15304,Czech Republic,Riots,50.0602,13.8307
15305,Czech Republic,Riots,50.0602,13.8307
15332,Czech Republic,Riots,50.4093,15.6855
15333,Czech Republic,Violence against civilians,50.4093,15.6855
15371,Czech Republic,Riots,50.1748,12.8045
15373,Czech Republic,Violence against civilians,50.1748,12.8045
15399,Czech Republic,Riots,50.7479,14.9898
15400,Czech Republic,Riots,50.7479,14.9898
15453,Czech Republic,Riots,49.8602,18.0387
15454,Czech Republic,Riots,49.8602,18.0387
15455,Czech Republic,Riots,49.8602,18.0387
15458,Czech Republic,Violence against civilians,49.8602,18.0387
15459,Czech Republic,Violence against civilians,49.8602,18.0387
15485,Czech Republic,Violence against civilians,49.8591,16.9561
15504,Czech Republic,Riots,49.8898,16.1283
15544,Czech Republic,Riots,49.5231,13.2062
15834,Czech Republic,Riots,50.0596,14.4465
15835,Czech Republic,Riots,50.0596,14.4465
15836,Czech Republic,Riots,50.0596,14.4465
15837,Czech Republic,Riots,50.0596,14.4465
15838,Czech Republic,Riots,50.0596,14.4465
15839,Czech Republic,Riots,50.0596,14.4465
15840,Czech Republic,Riots,50.0596,14.4465
15841,Czech Republic,Riots,50.0596,14.4465
15842,Czech Republic,Riots,50.0596,14.4465
15843,Czech Republic,Riots,50.0596,14.4465
15844,Czech Republic,Riots,50.0596,14.4465
15882,Czech Republic,Violence against civilians,50.0596,14.4465
15883,Czech Republic,Violence against civilians,50.0596,14.4465
15884,Czech Republic,Violence against civilians,50.0596,14.4465
15885,Czech Republic,Violence against civilians,50.0596,14.4465
15919,Czech Republic,Riots,49.0865,14.6002
16007,Czech Republic,Riots,49.1243,16.683
16015,Czech Republic,Violence against civilians,49.1243,16.683
16068,Czech Republic,Riots,50.566,13.8205
16069,Czech Republic,Riots,50.566,13.8205
16074,Czech Republic,Violence against civilians,50.566,13.8205
16075,Czech Republic,Violence against civilians,50.566,13.8205
16130,Denmark,Explosions/Remote violence,55.8687,12.3079
16131,Denmark,Explosions/Remote violence,55.8687,12.3079
16490,Denmark,Riots,55.8687,12.3079
16491,Denmark,Riots,55.8687,12.3079
16492,Denmark,Riots,55.8687,12.3079
16493,Denmark,Riots,55.8687,12.3079
16494,Denmark,Riots,55.8687,12.3079
16495,Denmark,Riots,55.8687,12.3079
16496,Denmark,Riots,55.8687,12.3079
16497,Denmark,Riots,55.8687,12.3079
16498,Denmark,Riots,55.8687,12.3079
16499,Denmark,Riots,55.8687,12.3079
16500,Denmark,Riots,55.8687,12.3079
16501,Denmark,Riots,55.8687,12.3079
16502,Denmark,Riots,55.8687,12.3079
16503,Denmark,Riots,55.8687,12.3079
16504,Denmark,Riots,55.8687,12.3079
16529,Denmark,Violence against civilians,55.8687,12.3079
16530,Denmark,Violence against civilians,55.8687,12.3079
16531,Denmark,Violence against civilians,55.8687,12.3079
16750,Denmark,Riots,56.2223,9.22
16751,Denmark,Riots,56.2223,9.22
16752,Denmark,Riots,56.2223,9.22
16753,Denmark,Riots,56.2223,9.22
16754,Denmark,Riots,56.2223,9.22
16755,Denmark,Riots,56.2223,9.22
16756,Denmark,Riots,56.2223,9.22
16767,Denmark,Violence against civilians,56.2223,9.22
16768,Denmark,Violence against civilians,56.2223,9.22
16769,Denmark,Violence against civilians,56.2223,9.22
16770,Denmark,Violence against civilians,56.2223,9.22
17022,Denmark,Riots,55.487,11.6901
17023,Denmark,Riots,55.487,11.6901
17024,Denmark,Riots,55.487,11.6901
17025,Denmark,Riots,55.487,11.6901
17026,Denmark,Riots,55.487,11.6901
17027,Denmark,Riots,55.487,11.6901
17028,Denmark,Riots,55.487,11.6901
17222,Denmark,Riots,55.3564,9.1337
17223,Denmark,Riots,55.3564,9.1337
17224,Denmark,Riots,55.3564,9.1337
17225,Denmark,Riots,55.3564,9.1337
17226,Denmark,Riots,55.3564,9.1337
17420,Estonia,Violence against civilians,58.891,23.7944
17503,Estonia,Riots,58.3978,26.7071
17521,Faroe Islands,Riots,62.1277,-6.9812
17566,Finland,Explosions/Remote violence,62.7302,23.1173
17582,Finland,Riots,62.7302,23.1173
17583,Finland,Explosions/Remote violence,61.9017,27.9882
17720,Finland,Violence against civilians,62.531,25.5057
17721,Finland,Violence against civilians,62.531,25.5057
17744,Finland,Explosions/Remote violence,67.8427,26.5441
17930,Finland,Riots,61.7109,23.7157
17931,Finland,Riots,61.7109,23.7157
18089,Finland,Riots,64.9581,26.4362
18091,Finland,Violence against civilians,64.9581,26.4362
18092,Finland,Violence against civilians,64.9581,26.4362
18141,Finland,Riots,61.592,22.158
18470,Finland,Riots,60.3244,24.6292
18471,Finland,Riots,60.3244,24.6292
18472,Finland,Riots,60.3244,24.6292
18473,Finland,Riots,60.3244,24.6292
18474,Finland,Riots,60.3244,24.6292
18475,Finland,Riots,60.3244,24.6292
18476,Finland,Riots,60.3244,24.6292
18503,Finland,Violence against civilians,60.3244,24.6292
18597,Finland,Riots,60.5946,22.8678
18598,Finland,Riots,60.5946,22.8678
18603,Finland,Violence against civilians,60.5946,22.8678
18968,France,Riots,45.4595,4.7994
18969,France,Riots,45.4595,4.7994
18970,France,Riots,45.4595,4.7994
18971,France,Riots,45.4595,4.7994
18972,France,Riots,45.4595,4.7994
18973,France,Riots,45.4595,4.7994
18974,France,Riots,45.4595,4.7994
18975,France,Riots,45.4595,4.7994
18976,France,Riots,45.4595,4.7994
18977,France,Riots,45.4595,4.7994
18978,France,Riots,45.4595,4.7994
18979,France,Riots,45.4595,4.7994
18980,France,Riots,45.4595,4.7994
18981,France,Riots,45.4595,4.7994
18982,France,Riots,45.4595,4.7994
18983,France,Riots,45.4595,4.7994
18984,France,Riots,45.4595,4.7994
18985,France,Riots,45.4595,4.7994
18986,France,Riots,45.4595,4.7994
18987,France,Riots,45.4595,4.7994
18988,France,Riots,45.4595,4.7994
18989,France,Riots,45.4595,4.7994
18990,France,Riots,45.4595,4.7994
18991,France,Riots,45.4595,4.7994
18992,France,Riots,45.4595,4.7994
18993,France,Riots,45.4595,4.7994
18994,France,Riots,45.4595,4.7994
18995,France,Riots,45.4595,4.7994
18996,France,Riots,45.4595,4.7994
18997,France,Riots,45.4595,4.7994
18998,France,Riots,45.4595,4.7994
18999,France,Riots,45.4595,4.7994
19000,France,Riots,45.4595,4.7994
19001,France,Riots,45.4595,4.7994
19002,France,Riots,45.4595,4.7994
19003,France,Riots,45.4595,4.7994
19004,France,Riots,45.4595,4.7994
19005,France,Riots,45.4595,4.7994
19006,France,Riots,45.4595,4.7994
19007,France,Riots,45.4595,4.7994
19008,France,Riots,45.4595,4.7994
19009,France,Riots,45.4595,4.7994
19010,France,Riots,45.4595,4.7994
19011,France,Riots,45.4595,4.7994
19012,France,Riots,45.4595,4.7994
19013,France,Riots,45.4595,4.7994
19014,France,Riots,45.4595,4.7994
19015,France,Riots,45.4595,4.7994
19016,France,Riots,45.4595,4.7994
19017,France,Riots,45.4595,4.7994
19018,France,Riots,45.4595,4.7994
19019,France,Riots,45.4595,4.7994
19020,France,Riots,45.4595,4.7994
19021,France,Riots,45.4595,4.7994
19022,France,Riots,45.4595,4.7994
19023,France,Riots,45.4595,4.7994
19024,France,Riots,45.4595,4.7994
19025,France,Riots,45.4595,4.7994
19026,France,Riots,45.4595,4.7994
19027,France,Riots,45.4595,4.7994
19028,France,Riots,45.4595,4.7994
19029,France,Riots,45.4595,4.7994
19030,France,Riots,45.4595,4.7994
19031,France,Riots,45.4595,4.7994
19032,France,Riots,45.4595,4.7994
19033,France,Riots,45.4595,4.7994
19034,France,Riots,45.4595,4.7994
19035,France,Riots,45.4595,4.7994
19036,France,Riots,45.4595,4.7994
19037,France,Riots,45.4595,4.7994
19038,France,Riots,45.4595,4.7994
19039,France,Riots,45.4595,4.7994
19040,France,Riots,45.4595,4.7994
19041,France,Riots,45.4595,4.7994
19042,France,Riots,45.4595,4.7994
19043,France,Riots,45.4595,4.7994
19044,France,Riots,45.4595,4.7994
19045,France,Riots,45.4595,4.7994
19046,France,Riots,45.4595,4.7994
19047,France,Riots,45.4595,4.7994
19048,France,Riots,45.4595,4.7994
19049,France,Riots,45.4595,4.7994
19050,France,Riots,45.4595,4.7994
19051,France,Riots,45.4595,4.7994
19052,France,Riots,45.4595,4.7994
19053,France,Riots,45.4595,4.7994
19054,France,Riots,45.4595,4.7994
19055,France,Riots,45.4595,4.7994
19056,France,Riots,45.4595,4.7994
19057,France,Riots,45.4595,4.7994
19058,France,Riots,45.4595,4.7994
19059,France,Riots,45.4595,4.7994
19060,France,Riots,45.4595,4.7994
19061,France,Riots,45.4595,4.7994
19062,France,Riots,45.4595,4.7994
19063,France,Riots,45.4595,4.7994
19064,France,Riots,45.4595,4.7994
19065,France,Riots,45.4595,4.7994
19066,France,Riots,45.4595,4.7994
19067,France,Riots,45.4595,4.7994
19068,France,Riots,45.4595,4.7994
19069,France,Riots,45.4595,4.7994
19070,France,Riots,45.4595,4.7994
19071,France,Riots,45.4595,4.7994
19072,France,Riots,45.4595,4.7994
19073,France,Riots,45.4595,4.7994
19074,France,Riots,45.4595,4.7994
19075,France,Riots,45.4595,4.7994
19076,France,Riots,45.4595,4.7994
19077,France,Riots,45.4595,4.7994
19078,France,Riots,45.4595,4.7994
19079,France,Riots,45.4595,4.7994
19080,France,Riots,45.4595,4.7994
19081,France,Riots,45.4595,4.7994
19082,France,Riots,45.4595,4.7994
19083,France,Riots,45.4595,4.7994
19084,France,Riots,45.4595,4.7994
19085,France,Riots,45.4595,4.7994
19086,France,Riots,45.4595,4.7994
19087,France,Riots,45.4595,4.7994
19088,France,Riots,45.4595,4.7994
19089,France,Riots,45.4595,4.7994
19090,France,Riots,45.4595,4.7994
19091,France,Riots,45.4595,4.7994
19092,France,Riots,45.4595,4.7994
19093,France,Riots,45.4595,4.7994
19094,France,Riots,45.4595,4.7994
19095,France,Riots,45.4595,4.7994
19096,France,Riots,45.4595,4.7994
19097,France,Riots,45.4595,4.7994
19098,France,Riots,45.4595,4.7994
19099,France,Riots,45.4595,4.7994
19100,France,Riots,45.4595,4.7994
19101,France,Riots,45.4595,4.7994
19102,France,Riots,45.4595,4.7994
19103,France,Riots,45.4595,4.7994
19104,France,Riots,45.4595,4.7994
19168,France,Violence against civilians,45.4595,4.7994
19169,France,Violence against civilians,45.4595,4.7994
19170,France,Violence against civilians,45.4595,4.7994
19171,France,Violence against civilians,45.4595,4.7994
19172,France,Violence against civilians,45.4595,4.7994
19173,France,Violence against civilians,45.4595,4.7994
19174,France,Violence against civilians,45.4595,4.7994
19175,France,Violence against civilians,45.4595,4.7994
19176,France,Violence against civilians,45.4595,4.7994
19177,France,Violence against civilians,45.4595,4.7994
19178,France,Violence against civilians,45.4595,4.7994
19179,France,Violence against civilians,45.4595,4.7994
19180,France,Violence against civilians,45.4595,4.7994
19181,France,Violence against civilians,45.4595,4.7994
19182,France,Violence against civilians,45.4595,4.7994
19183,France,Violence against civilians,45.4595,4.7994
19184,France,Violence against civilians,45.4595,4.7994
19479,France,Riots,47.2781,4.9512
19480,France,Riots,47.2781,4.9512
19481,France,Riots,47.2781,4.9512
19482,France,Riots,47.2781,4.9512
19483,France,Riots,47.2781,4.9512
19484,France,Riots,47.2781,4.9512
19485,France,Riots,47.2781,4.9512
19486,France,Riots,47.2781,4.9512
19487,France,Riots,47.2781,4.9512
19488,France,Riots,47.2781,4.9512
19489,France,Riots,47.2781,4.9512
19490,France,Riots,47.2781,4.9512
19491,France,Riots,47.2781,4.9512
19492,France,Riots,47.2781,4.9512
19493,France,Riots,47.2781,4.9512
19494,France,Riots,47.2781,4.9512
19495,France,Riots,47.2781,4.9512
19496,France,Riots,47.2781,4.9512
19497,France,Riots,47.2781,4.9512
19498,France,Riots,47.2781,4.9512
19499,France,Riots,47.2781,4.9512
19500,France,Riots,47.2781,4.9512
19501,France,Riots,47.2781,4.9512
19502,France,Riots,47.2781,4.9512
19503,France,Riots,47.2781,4.9512
19504,France,Riots,47.2781,4.9512
19505,France,Riots,47.2781,4.9512
19506,France,Riots,47.2781,4.9512
19507,France,Riots,47.2781,4.9512
19508,France,Riots,47.2781,4.9512
19509,France,Riots,47.2781,4.9512
19510,France,Riots,47.2781,4.9512
19511,France,Riots,47.2781,4.9512
19512,France,Riots,47.2781,4.9512
19513,France,Riots,47.2781,4.9512
19514,France,Riots,47.2781,4.9512
19515,France,Riots,47.2781,4.9512
19516,France,Riots,47.2781,4.9512
19517,France,Riots,47.2781,4.9512
19518,France,Riots,47.2781,4.9512
19519,France,Riots,47.2781,4.9512
19520,France,Riots,47.2781,4.9512
19521,France,Riots,47.2781,4.9512
19522,France,Riots,47.2781,4.9512
19523,France,Riots,47.2781,4.9512
19524,France,Riots,47.2781,4.9512
19525,France,Riots,47.2781,4.9512
19526,France,Riots,47.2781,4.9512
19527,France,Riots,47.2781,4.9512
19528,France,Riots,47.2781,4.9512
19529,France,Riots,47.2781,4.9512
19530,France,Riots,47.2781,4.9512
19531,France,Riots,47.2781,4.9512
19532,France,Riots,47.2781,4.9512
19533,France,Riots,47.2781,4.9512
19534,France,Riots,47.2781,4.9512
19535,France,Riots,47.2781,4.9512
19536,France,Riots,47.2781,4.9512
19537,France,Riots,47.2781,4.9512
19538,France,Riots,47.2781,4.9512
19539,France,Riots,47.2781,4.9512
19553,France,Violence against civilians,47.2781,4.9512
19554,France,Violence against civilians,47.2781,4.9512
19555,France,Violence against civilians,47.2781,4.9512
19887,France,Riots,48.1625,-2.6839
19888,France,Riots,48.1625,-2.6839
19889,France,Riots,48.1625,-2.6839
19890,France,Riots,48.1625,-2.6839
19891,France,Riots,48.1625,-2.6839
19892,France,Riots,48.1625,-2.6839
19893,France,Riots,48.1625,-2.6839
19894,France,Riots,48.1625,-2.6839
19895,France,Riots,48.1625,-2.6839
19896,France,Riots,48.1625,-2.6839
19897,France,Riots,48.1625,-2.6839
19898,France,Riots,48.1625,-2.6839
19899,France,Riots,48.1625,-2.6839
19900,France,Riots,48.1625,-2.6839
19901,France,Riots,48.1625,-2.6839
19902,France,Riots,48.1625,-2.6839
19903,France,Riots,48.1625,-2.6839
19904,France,Riots,48.1625,-2.6839
19905,France,Riots,48.1625,-2.6839
19906,France,Riots,48.1625,-2.6839
19907,France,Riots,48.1625,-2.6839
19908,France,Riots,48.1625,-2.6839
19909,France,Riots,48.1625,-2.6839
19910,France,Riots,48.1625,-2.6839
19911,France,Riots,48.1625,-2.6839
19912,France,Riots,48.1625,-2.6839
19913,France,Riots,48.1625,-2.6839
19914,France,Riots,48.1625,-2.6839
19915,France,Riots,48.1625,-2.6839
19916,France,Riots,48.1625,-2.6839
19917,France,Riots,48.1625,-2.6839
19918,France,Riots,48.1625,-2.6839
19919,France,Riots,48.1625,-2.6839
19920,France,Riots,48.1625,-2.6839
19921,France,Riots,48.1625,-2.6839
19922,France,Riots,48.1625,-2.6839
19923,France,Riots,48.1625,-2.6839
19924,France,Riots,48.1625,-2.6839
19925,France,Riots,48.1625,-2.6839
19926,France,Riots,48.1625,-2.6839
19927,France,Riots,48.1625,-2.6839
19928,France,Riots,48.1625,-2.6839
19929,France,Riots,48.1625,-2.6839
19930,France,Riots,48.1625,-2.6839
19931,France,Riots,48.1625,-2.6839
19932,France,Riots,48.1625,-2.6839
19933,France,Riots,48.1625,-2.6839
19934,France,Riots,48.1625,-2.6839
19935,France,Riots,48.1625,-2.6839
19936,France,Riots,48.1625,-2.6839
19937,France,Riots,48.1625,-2.6839
19938,France,Riots,48.1625,-2.6839
19939,France,Riots,48.1625,-2.6839
19940,France,Riots,48.1625,-2.6839
19941,France,Riots,48.1625,-2.6839
19942,France,Riots,48.1625,-2.6839
19943,France,Riots,48.1625,-2.6839
19944,France,Riots,48.1625,-2.6839
19945,France,Riots,48.1625,-2.6839
19946,France,Riots,48.1625,-2.6839
19947,France,Riots,48.1625,-2.6839
19948,France,Riots,48.1625,-2.6839
19949,France,Riots,48.1625,-2.6839
19950,France,Riots,48.1625,-2.6839
19951,France,Riots,48.1625,-2.6839
19952,France,Riots,48.1625,-2.6839
19953,France,Riots,48.1625,-2.6839
19954,France,Riots,48.1625,-2.6839
19955,France,Riots,48.1625,-2.6839
19956,France,Riots,48.1625,-2.6839
19957,France,Riots,48.1625,-2.6839
19958,France,Riots,48.1625,-2.6839
19959,France,Riots,48.1625,-2.6839
19960,France,Riots,48.1625,-2.6839
19961,France,Riots,48.1625,-2.6839
19962,France,Riots,48.1625,-2.6839
19963,France,Riots,48.1625,-2.6839
19964,France,Riots,48.1625,-2.6839
19965,France,Riots,48.1625,-2.6839
19966,France,Riots,48.1625,-2.6839
19990,France,Violence against civilians,48.1625,-2.6839
19991,France,Violence against civilians,48.1625,-2.6839
19992,France,Violence against civilians,48.1625,-2.6839
19993,France,Violence against civilians,48.1625,-2.6839
20251,France,Riots,47.6439,1.7161
20252,France,Riots,47.6439,1.7161
20253,France,Riots,47.6439,1.7161
20254,France,Riots,47.6439,1.7161
20255,France,Riots,47.6439,1.7161
20256,France,Riots,47.6439,1.7161
20257,France,Riots,47.6439,1.7161
20258,France,Riots,47.6439,1.7161
20259,France,Riots,47.6439,1.7161
20260,France,Riots,47.6439,1.7161
20261,France,Riots,47.6439,1.7161
20262,France,Riots,47.6439,1.7161
20263,France,Riots,47.6439,1.7161
20264,France,Riots,47.6439,1.7161
20265,France,Riots,47.6439,1.7161
20266,France,Riots,47.6439,1.7161
20267,France,Riots,47.6439,1.7161
20268,France,Riots,47.6439,1.7161
20269,France,Riots,47.6439,1.7161
20270,France,Riots,47.6439,1.7161
20527,France,Riots,42.1881,9.0685
20528,France,Riots,42.1881,9.0685
20529,France,Riots,42.1881,9.0685
20530,France,Riots,42.1881,9.0685
20531,France,Riots,42.1881,9.0685
20532,France,Riots,42.1881,9.0685
20533,France,Riots,42.1881,9.0685
20534,France,Riots,42.1881,9.0685
20535,France,Riots,42.1881,9.0685
20536,France,Riots,42.1881,9.0685
20537,France,Riots,42.1881,9.0685
20538,France,Riots,42.1881,9.0685
20539,France,Riots,42.1881,9.0685
20540,France,Riots,42.1881,9.0685
20541,France,Riots,42.1881,9.0685
20542,France,Riots,42.1881,9.0685
20543,France,Riots,42.1881,9.0685
20544,France,Riots,42.1881,9.0685
20545,France,Riots,42.1881,9.0685
20546,France,Riots,42.1881,9.0685
20547,France,Riots,42.1881,9.0685
20548,France,Riots,42.1881,9.0685
20549,France,Riots,42.1881,9.0685
20550,France,Riots,42.1881,9.0685
20629,France,Violence against civilians,42.1881,9.0685
20630,France,Violence against civilians,42.1881,9.0685
20631,France,Violence against civilians,42.1881,9.0685
20934,France,Riots,48.7948,5.7593
20935,France,Riots,48.7948,5.7593
20936,France,Riots,48.7948,5.7593
20937,France,Riots,48.7948,5.7593
20938,France,Riots,48.7948,5.7593
20939,France,Riots,48.7948,5.7593
20940,France,Riots,48.7948,5.7593
20941,France,Riots,48.7948,5.7593
20942,France,Riots,48.7948,5.7593
20943,France,Riots,48.7948,5.7593
20944,France,Riots,48.7948,5.7593
20945,France,Riots,48.7948,5.7593
20946,France,Riots,48.7948,5.7593
20947,France,Riots,48.7948,5.7593
20948,France,Riots,48.7948,5.7593
20949,France,Riots,48.7948,5.7593
20950,France,Riots,48.7948,5.7593
20951,France,Riots,48.7948,5.7593
20952,France,Riots,48.7948,5.7593
20953,France,Riots,48.7948,5.7593
20954,France,Riots,48.7948,5.7593
20955,France,Riots,48.7948,5.7593
20956,France,Riots,48.7948,5.7593
20957,France,Riots,48.7948,5.7593
20958,France,Riots,48.7948,5.7593
20959,France,Riots,48.7948,5.7593
20960,France,Riots,48.7948,5.7593
20961,France,Riots,48.7948,5.7593
20962,France,Riots,48.7948,5.7593
20963,France,Riots,48.7948,5.7593
20964,France,Riots,48.7948,5.7593
20965,France,Riots,48.7948,5.7593
20966,France,Riots,48.7948,5.7593
20967,France,Riots,48.7948,5.7593
20968,France,Riots,48.7948,5.7593
20969,France,Riots,48.7948,5.7593
20970,France,Riots,48.7948,5.7593
20971,France,Riots,48.7948,5.7593
20972,France,Riots,48.7948,5.7593
20973,France,Riots,48.7948,5.7593
20974,France,Riots,48.7948,5.7593
20975,France,Riots,48.7948,5.7593
20976,France,Riots,48.7948,5.7593
20977,France,Riots,48.7948,5.7593
20978,France,Riots,48.7948,5.7593
20979,France,Riots,48.7948,5.7593
20980,France,Riots,48.7948,5.7593
20981,France,Riots,48.7948,5.7593
20982,France,Riots,48.7948,5.7593
20983,France,Riots,48.7948,5.7593
20984,France,Riots,48.7948,5.7593
20985,France,Riots,48.7948,5.7593
20986,France,Riots,48.7948,5.7593
20987,France,Riots,48.7948,5.7593
20988,France,Riots,48.7948,5.7593
20989,France,Riots,48.7948,5.7593
20990,France,Riots,48.7948,5.7593
20991,France,Riots,48.7948,5.7593
20992,France,Riots,48.7948,5.7593
20993,France,Riots,48.7948,5.7593
20994,France,Riots,48.7948,5.7593
20995,France,Riots,48.7948,5.7593
20996,France,Riots,48.7948,5.7593
21031,France,Violence against civilians,48.7948,5.7593
21032,France,Violence against civilians,48.7948,5.7593
21033,France,Violence against civilians,48.7948,5.7593
21348,France,Riots,49.9631,2.889
21349,France,Riots,49.9631,2.889
21350,France,Riots,49.9631,2.889
21351,France,Riots,49.9631,2.889
21352,France,Riots,49.9631,2.889
21353,France,Riots,49.9631,2.889
21354,France,Riots,49.9631,2.889
21355,France,Riots,49.9631,2.889
21356,France,Riots,49.9631,2.889
21357,France,Riots,49.9631,2.889
21358,France,Riots,49.9631,2.889
21359,France,Riots,49.9631,2.889
21360,France,Riots,49.9631,2.889
21361,France,Riots,49.9631,2.889
21362,France,Riots,49.9631,2.889
21363,France,Riots,49.9631,2.889
21364,France,Riots,49.9631,2.889
21365,France,Riots,49.9631,2.889
21366,France,Riots,49.9631,2.889
21367,France,Riots,49.9631,2.889
21368,France,Riots,49.9631,2.889
21369,France,Riots,49.9631,2.889
21370,France,Riots,49.9631,2.889
21371,France,Riots,49.9631,2.889
21372,France,Riots,49.9631,2.889
21373,France,Riots,49.9631,2.889
21374,France,Riots,49.9631,2.889
21375,France,Riots,49.9631,2.889
21376,France,Riots,49.9631,2.889
21377,France,Riots,49.9631,2.889
21378,France,Riots,49.9631,2.889
21379,France,Riots,49.9631,2.889
21380,France,Riots,49.9631,2.889
21381,France,Riots,49.9631,2.889
21382,France,Riots,49.9631,2.889
21383,France,Riots,49.9631,2.889
21384,France,Riots,49.9631,2.889
21385,France,Riots,49.9631,2.889
21386,France,Riots,49.9631,2.889
21387,France,Riots,49.9631,2.889
21388,France,Riots,49.9631,2.889
21389,France,Riots,49.9631,2.889
21390,France,Riots,49.9631,2.889
21391,France,Riots,49.9631,2.889
21392,France,Riots,49.9631,2.889
21393,France,Riots,49.9631,2.889
21394,France,Riots,49.9631,2.889
21395,France,Riots,49.9631,2.889
21396,France,Riots,49.9631,2.889
21397,France,Riots,49.9631,2.889
21398,France,Riots,49.9631,2.889
21399,France,Riots,49.9631,2.889
21400,France,Riots,49.9631,2.889
21401,France,Riots,49.9631,2.889
21402,France,Riots,49.9631,2.889
21403,France,Riots,49.9631,2.889
21404,France,Riots,49.9631,2.889
21405,France,Riots,49.9631,2.889
21406,France,Riots,49.9631,2.889
21407,France,Riots,49.9631,2.889
21408,France,Riots,49.9631,2.889
21409,France,Riots,49.9631,2.889
21410,France,Riots,49.9631,2.889
21411,France,Riots,49.9631,2.889
21412,France,Riots,49.9631,2.889
21413,France,Riots,49.9631,2.889
21427,France,Violence against civilians,49.9631,2.889
21428,France,Violence against civilians,49.9631,2.889
21429,France,Violence against civilians,49.9631,2.889
21430,France,Violence against civilians,49.9631,2.889
21431,France,Violence against civilians,49.9631,2.889
21432,France,Violence against civilians,49.9631,2.889
21433,France,Violence against civilians,49.9631,2.889
21434,France,Violence against civilians,49.9631,2.889
21867,France,Riots,48.6808,2.5299
21868,France,Riots,48.6808,2.5299
21869,France,Riots,48.6808,2.5299
21870,France,Riots,48.6808,2.5299
21871,France,Riots,48.6808,2.5299
21872,France,Riots,48.6808,2.5299
21873,France,Riots,48.6808,2.5299
21874,France,Riots,48.6808,2.5299
21875,France,Riots,48.6808,2.5299
21876,France,Riots,48.6808,2.5299
21877,France,Riots,48.6808,2.5299
21878,France,Riots,48.6808,2.5299
21879,France,Riots,48.6808,2.5299
21880,France,Riots,48.6808,2.5299
21881,France,Riots,48.6808,2.5299
21882,France,Riots,48.6808,2.5299
21883,France,Riots,48.6808,2.5299
21884,France,Riots,48.6808,2.5299
21885,France,Riots,48.6808,2.5299
21886,France,Riots,48.6808,2.5299
21887,France,Riots,48.6808,2.5299
21888,France,Riots,48.6808,2.5299
21889,France,Riots,48.6808,2.5299
21890,France,Riots,48.6808,2.5299
21891,France,Riots,48.6808,2.5299
21892,France,Riots,48.6808,2.5299
21893,France,Riots,48.6808,2.5299
21894,France,Riots,48.6808,2.5299
21895,France,Riots,48.6808,2.5299
21896,France,Riots,48.6808,2.5299
21897,France,Riots,48.6808,2.5299
21898,France,Riots,48.6808,2.5299
21899,France,Riots,48.6808,2.5299
21900,France,Riots,48.6808,2.5299
21901,France,Riots,48.6808,2.5299
21902,France,Riots,48.6808,2.5299
21903,France,Riots,48.6808,2.5299
21904,France,Riots,48.6808,2.5299
21905,France,Riots,48.6808,2.5299
21906,France,Riots,48.6808,2.5299
21907,France,Riots,48.6808,2.5299
21908,France,Riots,48.6808,2.5299
21909,France,Riots,48.6808,2.5299
21910,France,Riots,48.6808,2.5299
21911,France,Riots,48.6808,2.5299
21912,France,Riots,48.6808,2.5299
21913,France,Riots,48.6808,2.5299
21914,France,Riots,48.6808,2.5299
21915,France,Riots,48.6808,2.5299
21916,France,Riots,48.6808,2.5299
21917,France,Riots,48.6808,2.5299
21918,France,Riots,48.6808,2.5299
21919,France,Riots,48.6808,2.5299
21920,France,Riots,48.6808,2.5299
21921,France,Riots,48.6808,2.5299
21922,France,Riots,48.6808,2.5299
21923,France,Riots,48.6808,2.5299
21924,France,Riots,48.6808,2.5299
21925,France,Riots,48.6808,2.5299
21926,France,Riots,48.6808,2.5299
21927,France,Riots,48.6808,2.5299
21928,France,Riots,48.6808,2.5299
21929,France,Riots,48.6808,2.5299
21930,France,Riots,48.6808,2.5299
21931,France,Riots,48.6808,2.5299
21932,France,Riots,48.6808,2.5299
21933,France,Riots,48.6808,2.5299
21934,France,Riots,48.6808,2.5299
21935,France,Riots,48.6808,2.5299
21936,France,Riots,48.6808,2.5299
21937,France,Riots,48.6808,2.5299
21938,France,Riots,48.6808,2.5299
21939,France,Riots,48.6808,2.5299
21940,France,Riots,48.6808,2.5299
21941,France,Riots,48.6808,2.5299
21942,France,Riots,48.6808,2.5299
21943,France,Riots,48.6808,2.5299
21944,France,Riots,48.6808,2.5299
21945,France,Riots,48.6808,2.5299
21946,France,Riots,48.6808,2.5299
21947,France,Riots,48.6808,2.5299
21948,France,Riots,48.6808,2.5299
21949,France,Riots,48.6808,2.5299
21950,France,Riots,48.6808,2.5299
21951,France,Riots,48.6808,2.5299
21952,France,Riots,48.6808,2.5299
21953,France,Riots,48.6808,2.5299
21954,France,Riots,48.6808,2.5299
21955,France,Riots,48.6808,2.5299
21956,France,Riots,48.6808,2.5299
21957,France,Riots,48.6808,2.5299
21958,France,Riots,48.6808,2.5299
21959,France,Riots,48.6808,2.5299
21960,France,Riots,48.6808,2.5299
21961,France,Riots,48.6808,2.5299
21962,France,Riots,48.6808,2.5299
21963,France,Riots,48.6808,2.5299
21964,France,Riots,48.6808,2.5299
21965,France,Riots,48.6808,2.5299
21966,France,Riots,48.6808,2.5299
21967,France,Riots,48.6808,2.5299
21968,France,Riots,48.6808,2.5299
21969,France,Riots,48.6808,2.5299
21970,France,Riots,48.6808,2.5299
21971,France,Riots,48.6808,2.5299
21972,France,Riots,48.6808,2.5299
21973,France,Riots,48.6808,2.5299
21974,France,Riots,48.6808,2.5299
21975,France,Riots,48.6808,2.5299
21976,France,Riots,48.6808,2.5299
21977,France,Riots,48.6808,2.5299
21978,France,Riots,48.6808,2.5299
21979,France,Riots,48.6808,2.5299
21980,France,Riots,48.6808,2.5299
21981,France,Riots,48.6808,2.5299
21982,France,Riots,48.6808,2.5299
21983,France,Riots,48.6808,2.5299
21984,France,Riots,48.6808,2.5299
21985,France,Riots,48.6808,2.5299
21986,France,Riots,48.6808,2.5299
21987,France,Riots,48.6808,2.5299
21988,France,Riots,48.6808,2.5299
21989,France,Riots,48.6808,2.5299
21990,France,Riots,48.6808,2.5299
21991,France,Riots,48.6808,2.5299
21992,France,Riots,48.6808,2.5299
21993,France,Riots,48.6808,2.5299
21994,France,Riots,48.6808,2.5299
21995,France,Riots,48.6808,2.5299
21996,France,Riots,48.6808,2.5299
21997,France,Riots,48.6808,2.5299
21998,France,Riots,48.6808,2.5299
21999,France,Riots,48.6808,2.5299
22000,France,Riots,48.6808,2.5299
22001,France,Riots,48.6808,2.5299
22002,France,Riots,48.6808,2.5299
22003,France,Riots,48.6808,2.5299
22004,France,Riots,48.6808,2.5299
22005,France,Riots,48.6808,2.5299
22006,France,Riots,48.6808,2.5299
22007,France,Riots,48.6808,2.5299
22008,France,Riots,48.6808,2.5299
22009,France,Riots,48.6808,2.5299
22010,France,Riots,48.6808,2.5299
22011,France,Riots,48.6808,2.5299
22012,France,Riots,48.6808,2.5299
22013,France,Riots,48.6808,2.5299
22014,France,Riots,48.6808,2.5299
22015,France,Riots,48.6808,2.5299
22016,France,Riots,48.6808,2.5299
22017,France,Riots,48.6808,2.5299
22018,France,Riots,48.6808,2.5299
22019,France,Riots,48.6808,2.5299
22020,France,Riots,48.6808,2.5299
22021,France,Riots,48.6808,2.5299
22022,France,Riots,48.6808,2.5299
22023,France,Riots,48.6808,2.5299
22024,France,Riots,48.6808,2.5299
22025,France,Riots,48.6808,2.5299
22026,France,Riots,48.6808,2.5299
22027,France,Riots,48.6808,2.5299
22028,France,Riots,48.6808,2.5299
22029,France,Riots,48.6808,2.5299
22030,France,Riots,48.6808,2.5299
22031,France,Riots,48.6808,2.5299
22032,France,Riots,48.6808,2.5299
22033,France,Riots,48.6808,2.5299
22034,France,Riots,48.6808,2.5299
22035,France,Riots,48.6808,2.5299
22036,France,Riots,48.6808,2.5299
22037,France,Riots,48.6808,2.5299
22038,France,Riots,48.6808,2.5299
22039,France,Riots,48.6808,2.5299
22040,France,Riots,48.6808,2.5299
22041,France,Riots,48.6808,2.5299
22042,France,Riots,48.6808,2.5299
22119,France,Violence against civilians,48.6808,2.5299
22120,France,Violence against civilians,48.6808,2.5299
22121,France,Violence against civilians,48.6808,2.5299
22122,France,Violence against civilians,48.6808,2.5299
22123,France,Violence against civilians,48.6808,2.5299
22124,France,Violence against civilians,48.6808,2.5299
22125,France,Violence against civilians,48.6808,2.5299
22126,France,Violence against civilians,48.6808,2.5299
22127,France,Violence against civilians,48.6808,2.5299
22128,France,Violence against civilians,48.6808,2.5299
22129,France,Violence against civilians,48.6808,2.5299
22130,France,Violence against civilians,48.6808,2.5299
22131,France,Violence against civilians,48.6808,2.5299
22132,France,Violence against civilians,48.6808,2.5299
22133,France,Violence against civilians,48.6808,2.5299
22134,France,Violence against civilians,48.6808,2.5299
22135,France,Violence against civilians,48.6808,2.5299
22136,France,Violence against civilians,48.6808,2.5299
22137,France,Violence against civilians,48.6808,2.5299
22138,France,Violence against civilians,48.6808,2.5299
22139,France,Violence against civilians,48.6808,2.5299
22140,France,Violence against civilians,48.6808,2.5299
22141,France,Violence against civilians,48.6808,2.5299
22142,France,Violence against civilians,48.6808,2.5299
22143,France,Violence against civilians,48.6808,2.5299
22144,France,Violence against civilians,48.6808,2.5299
22145,France,Violence against civilians,48.6808,2.5299
22146,France,Violence against civilians,48.6808,2.5299
22147,France,Violence against civilians,48.6808,2.5299
22148,France,Violence against civilians,48.6808,2.5299
22149,France,Violence against civilians,48.6808,2.5299
22150,France,Violence against civilians,48.6808,2.5299
22456,France,Riots,49.126,0.0264
22457,France,Riots,49.126,0.0264
22458,France,Riots,49.126,0.0264
22459,France,Riots,49.126,0.0264
22460,France,Riots,49.126,0.0264
22461,France,Riots,49.126,0.0264
22462,France,Riots,49.126,0.0264
22463,France,Riots,49.126,0.0264
22464,France,Riots,49.126,0.0264
22465,France,Riots,49.126,0.0264
22466,France,Riots,49.126,0.0264
22467,France,Riots,49.126,0.0264
22468,France,Riots,49.126,0.0264
22469,France,Riots,49.126,0.0264
22470,France,Riots,49.126,0.0264
22471,France,Riots,49.126,0.0264
22472,France,Riots,49.126,0.0264
22473,France,Riots,49.126,0.0264
22474,France,Riots,49.126,0.0264
22475,France,Riots,49.126,0.0264
22476,France,Riots,49.126,0.0264
22477,France,Riots,49.126,0.0264
22478,France,Riots,49.126,0.0264
22479,France,Riots,49.126,0.0264
22480,France,Riots,49.126,0.0264
22481,France,Riots,49.126,0.0264
22482,France,Riots,49.126,0.0264
22483,France,Riots,49.126,0.0264
22484,France,Riots,49.126,0.0264
22485,France,Riots,49.126,0.0264
22486,France,Riots,49.126,0.0264
22487,France,Riots,49.126,0.0264
22488,France,Riots,49.126,0.0264
22489,France,Riots,49.126,0.0264
22490,France,Riots,49.126,0.0264
22491,France,Riots,49.126,0.0264
22492,France,Riots,49.126,0.0264
22493,France,Riots,49.126,0.0264
22494,France,Riots,49.126,0.0264
22495,France,Riots,49.126,0.0264
22496,France,Riots,49.126,0.0264
22497,France,Riots,49.126,0.0264
22498,France,Riots,49.126,0.0264
22499,France,Riots,49.126,0.0264
22500,France,Riots,49.126,0.0264
22501,France,Riots,49.126,0.0264
22502,France,Riots,49.126,0.0264
22503,France,Riots,49.126,0.0264
22504,France,Riots,49.126,0.0264
22505,France,Riots,49.126,0.0264
22506,France,Riots,49.126,0.0264
22507,France,Riots,49.126,0.0264
22508,France,Riots,49.126,0.0264
22509,France,Riots,49.126,0.0264
22510,France,Riots,49.126,0.0264
22511,France,Riots,49.126,0.0264
22524,France,Violence against civilians,49.126,0.0264
22525,France,Violence against civilians,49.126,0.0264
22526,France,Violence against civilians,49.126,0.0264
22855,France,Riots,44.9769,0.1049
22856,France,Riots,44.9769,0.1049
22857,France,Riots,44.9769,0.1049
22858,France,Riots,44.9769,0.1049
22859,France,Riots,44.9769,0.1049
22860,France,Riots,44.9769,0.1049
22861,France,Riots,44.9769,0.1049
22862,France,Riots,44.9769,0.1049
22863,France,Riots,44.9769,0.1049
22864,France,Riots,44.9769,0.1049
22865,France,Riots,44.9769,0.1049
22866,France,Riots,44.9769,0.1049
22867,France,Riots,44.9769,0.1049
22868,France,Riots,44.9769,0.1049
22869,France,Riots,44.9769,0.1049
22870,France,Riots,44.9769,0.1049
22871,France,Riots,44.9769,0.1049
22872,France,Riots,44.9769,0.1049
22873,France,Riots,44.9769,0.1049
22874,France,Riots,44.9769,0.1049
22875,France,Riots,44.9769,0.1049
22876,France,Riots,44.9769,0.1049
22877,France,Riots,44.9769,0.1049
22878,France,Riots,44.9769,0.1049
22879,France,Riots,44.9769,0.1049
22880,France,Riots,44.9769,0.1049
22881,France,Riots,44.9769,0.1049
22882,France,Riots,44.9769,0.1049
22883,France,Riots,44.9769,0.1049
22884,France,Riots,44.9769,0.1049
22885,France,Riots,44.9769,0.1049
22886,France,Riots,44.9769,0.1049
22887,France,Riots,44.9769,0.1049
22888,France,Riots,44.9769,0.1049
22889,France,Riots,44.9769,0.1049
22890,France,Riots,44.9769,0.1049
22891,France,Riots,44.9769,0.1049
22892,France,Riots,44.9769,0.1049
22893,France,Riots,44.9769,0.1049
22894,France,Riots,44.9769,0.1049
22895,France,Riots,44.9769,0.1049
22896,France,Riots,44.9769,0.1049
22897,France,Riots,44.9769,0.1049
22898,France,Riots,44.9769,0.1049
22899,France,Riots,44.9769,0.1049
22900,France,Riots,44.9769,0.1049
22901,France,Riots,44.9769,0.1049
22902,France,Riots,44.9769,0.1049
22903,France,Riots,44.9769,0.1049
22904,France,Riots,44.9769,0.1049
22905,France,Riots,44.9769,0.1049
22906,France,Riots,44.9769,0.1049
22907,France,Riots,44.9769,0.1049
22908,France,Riots,44.9769,0.1049
22909,France,Riots,44.9769,0.1049
22910,France,Riots,44.9769,0.1049
22911,France,Riots,44.9769,0.1049
22912,France,Riots,44.9769,0.1049
22913,France,Riots,44.9769,0.1049
22914,France,Riots,44.9769,0.1049
22915,France,Riots,44.9769,0.1049
22916,France,Riots,44.9769,0.1049
22917,France,Riots,44.9769,0.1049
22918,France,Riots,44.9769,0.1049
22919,France,Riots,44.9769,0.1049
22920,France,Riots,44.9769,0.1049
22921,France,Riots,44.9769,0.1049
22922,France,Riots,44.9769,0.1049
22923,France,Riots,44.9769,0.1049
22924,France,Riots,44.9769,0.1049
22925,France,Riots,44.9769,0.1049
22926,France,Riots,44.9769,0.1049
22927,France,Riots,44.9769,0.1049
22928,France,Riots,44.9769,0.1049
22929,France,Riots,44.9769,0.1049
22930,France,Riots,44.9769,0.1049
22931,France,Riots,44.9769,0.1049
22932,France,Riots,44.9769,0.1049
22933,France,Riots,44.9769,0.1049
22934,France,Riots,44.9769,0.1049
22935,France,Riots,44.9769,0.1049
22936,France,Riots,44.9769,0.1049
22937,France,Riots,44.9769,0.1049
22938,France,Riots,44.9769,0.1049
22939,France,Riots,44.9769,0.1049
22940,France,Riots,44.9769,0.1049
22941,France,Riots,44.9769,0.1049
22980,France,Violence against civilians,44.9769,0.1049
22981,France,Violence against civilians,44.9769,0.1049
22982,France,Violence against civilians,44.9769,0.1049
23345,France,Riots,43.6899,2.1175
23346,France,Riots,43.6899,2.1175
23347,France,Riots,43.6899,2.1175
23348,France,Riots,43.6899,2.1175
23349,France,Riots,43.6899,2.1175
23350,France,Riots,43.6899,2.1175
23351,France,Riots,43.6899,2.1175
23352,France,Riots,43.6899,2.1175
23353,France,Riots,43.6899,2.1175
23354,France,Riots,43.6899,2.1175
23355,France,Riots,43.6899,2.1175
23356,France,Riots,43.6899,2.1175
23357,France,Riots,43.6899,2.1175
23358,France,Riots,43.6899,2.1175
23359,France,Riots,43.6899,2.1175
23360,France,Riots,43.6899,2.1175
23361,France,Riots,43.6899,2.1175
23362,France,Riots,43.6899,2.1175
23363,France,Riots,43.6899,2.1175
23364,France,Riots,43.6899,2.1175
23365,France,Riots,43.6899,2.1175
23366,France,Riots,43.6899,2.1175
23367,France,Riots,43.6899,2.1175
23368,France,Riots,43.6899,2.1175
23369,France,Riots,43.6899,2.1175
23370,France,Riots,43.6899,2.1175
23371,France,Riots,43.6899,2.1175
23372,France,Riots,43.6899,2.1175
23373,France,Riots,43.6899,2.1175
23374,France,Riots,43.6899,2.1175
23375,France,Riots,43.6899,2.1175
23376,France,Riots,43.6899,2.1175
23377,France,Riots,43.6899,2.1175
23378,France,Riots,43.6899,2.1175
23379,France,Riots,43.6899,2.1175
23380,France,Riots,43.6899,2.1175
23381,France,Riots,43.6899,2.1175
23382,France,Riots,43.6899,2.1175
23383,France,Riots,43.6899,2.1175
23384,France,Riots,43.6899,2.1175
23385,France,Riots,43.6899,2.1175
23386,France,Riots,43.6899,2.1175
23387,France,Riots,43.6899,2.1175
23388,France,Riots,43.6899,2.1175
23389,France,Riots,43.6899,2.1175
23390,France,Riots,43.6899,2.1175
23391,France,Riots,43.6899,2.1175
23392,France,Riots,43.6899,2.1175
23393,France,Riots,43.6899,2.1175
23394,France,Riots,43.6899,2.1175
23395,France,Riots,43.6899,2.1175
23396,France,Riots,43.6899,2.1175
23397,France,Riots,43.6899,2.1175
23398,France,Riots,43.6899,2.1175
23399,France,Riots,43.6899,2.1175
23400,France,Riots,43.6899,2.1175
23401,France,Riots,43.6899,2.1175
23402,France,Riots,43.6899,2.1175
23403,France,Riots,43.6899,2.1175
23404,France,Riots,43.6899,2.1175
23405,France,Riots,43.6899,2.1175
23406,France,Riots,43.6899,2.1175
23407,France,Riots,43.6899,2.1175
23408,France,Riots,43.6899,2.1175
23409,France,Riots,43.6899,2.1175
23410,France,Riots,43.6899,2.1175
23411,France,Riots,43.6899,2.1175
23412,France,Riots,43.6899,2.1175
23413,France,Riots,43.6899,2.1175
23414,France,Riots,43.6899,2.1175
23415,France,Riots,43.6899,2.1175
23416,France,Riots,43.6899,2.1175
23417,France,Riots,43.6899,2.1175
23418,France,Riots,43.6899,2.1175
23419,France,Riots,43.6899,2.1175
23420,France,Riots,43.6899,2.1175
23421,France,Riots,43.6899,2.1175
23422,France,Riots,43.6899,2.1175
23423,France,Riots,43.6899,2.1175
23424,France,Riots,43.6899,2.1175
23425,France,Riots,43.6899,2.1175
23426,France,Riots,43.6899,2.1175
23427,France,Riots,43.6899,2.1175
23428,France,Riots,43.6899,2.1175
23429,France,Riots,43.6899,2.1175
23430,France,Riots,43.6899,2.1175
23431,France,Riots,43.6899,2.1175
23432,France,Riots,43.6899,2.1175
23433,France,Riots,43.6899,2.1175
23434,France,Riots,43.6899,2.1175
23435,France,Riots,43.6899,2.1175
23436,France,Riots,43.6899,2.1175
23437,France,Riots,43.6899,2.1175
23438,France,Riots,43.6899,2.1175
23439,France,Riots,43.6899,2.1175
23440,France,Riots,43.6899,2.1175
23441,France,Riots,43.6899,2.1175
23442,France,Riots,43.6899,2.1175
23443,France,Riots,43.6899,2.1175
23444,France,Riots,43.6899,2.1175
23445,France,Riots,43.6899,2.1175
23446,France,Riots,43.6899,2.1175
23447,France,Riots,43.6899,2.1175
23509,France,Violence against civilians,43.6899,2.1175
23510,France,Violence against civilians,43.6899,2.1175
23511,France,Violence against civilians,43.6899,2.1175
23512,France,Violence against civilians,43.6899,2.1175
23513,France,Violence against civilians,43.6899,2.1175
23514,France,Violence against civilians,43.6899,2.1175
23515,France,Violence against civilians,43.6899,2.1175
23516,France,Violence against civilians,43.6899,2.1175
23517,France,Violence against civilians,43.6899,2.1175
23518,France,Violence against civilians,43.6899,2.1175
23519,France,Violence against civilians,43.6899,2.1175
23846,France,Riots,47.4173,-1.1268
23847,France,Riots,47.4173,-1.1268
23848,France,Riots,47.4173,-1.1268
23849,France,Riots,47.4173,-1.1268
23850,France,Riots,47.4173,-1.1268
23851,France,Riots,47.4173,-1.1268
23852,France,Riots,47.4173,-1.1268
23853,France,Riots,47.4173,-1.1268
23854,France,Riots,47.4173,-1.1268
23855,France,Riots,47.4173,-1.1268
23856,France,Riots,47.4173,-1.1268
23857,France,Riots,47.4173,-1.1268
23858,France,Riots,47.4173,-1.1268
23859,France,Riots,47.4173,-1.1268
23860,France,Riots,47.4173,-1.1268
23861,France,Riots,47.4173,-1.1268
23862,France,Riots,47.4173,-1.1268
23863,France,Riots,47.4173,-1.1268
23864,France,Riots,47.4173,-1.1268
23865,France,Riots,47.4173,-1.1268
23866,France,Riots,47.4173,-1.1268
23867,France,Riots,47.4173,-1.1268
23868,France,Riots,47.4173,-1.1268
23869,France,Riots,47.4173,-1.1268
23870,France,Riots,47.4173,-1.1268
23871,France,Riots,47.4173,-1.1268
23872,France,Riots,47.4173,-1.1268
23873,France,Riots,47.4173,-1.1268
23874,France,Riots,47.4173,-1.1268
23875,France,Riots,47.4173,-1.1268
23876,France,Riots,47.4173,-1.1268
23877,France,Riots,47.4173,-1.1268
23878,France,Riots,47.4173,-1.1268
23879,France,Riots,47.4173,-1.1268
23880,France,Riots,47.4173,-1.1268
23881,France,Riots,47.4173,-1.1268
23882,France,Riots,47.4173,-1.1268
23883,France,Riots,47.4173,-1.1268
23884,France,Riots,47.4173,-1.1268
23885,France,Riots,47.4173,-1.1268
23886,France,Riots,47.4173,-1.1268
23887,France,Riots,47.4173,-1.1268
23888,France,Riots,47.4173,-1.1268
23889,France,Riots,47.4173,-1.1268
23890,France,Riots,47.4173,-1.1268
23891,France,Riots,47.4173,-1.1268
23892,France,Riots,47.4173,-1.1268
23893,France,Riots,47.4173,-1.1268
23894,France,Riots,47.4173,-1.1268
23895,France,Riots,47.4173,-1.1268
23896,France,Riots,47.4173,-1.1268
23897,France,Riots,47.4173,-1.1268
23898,France,Riots,47.4173,-1.1268
23899,France,Riots,47.4173,-1.1268
23900,France,Riots,47.4173,-1.1268
23901,France,Riots,47.4173,-1.1268
23902,France,Riots,47.4173,-1.1268
23903,France,Riots,47.4173,-1.1268
23904,France,Riots,47.4173,-1.1268
23905,France,Riots,47.4173,-1.1268
23906,France,Riots,47.4173,-1.1268
23907,France,Riots,47.4173,-1.1268
23908,France,Riots,47.4173,-1.1268
23909,France,Riots,47.4173,-1.1268
23910,France,Riots,47.4173,-1.1268
23911,France,Riots,47.4173,-1.1268
23912,France,Riots,47.4173,-1.1268
23913,France,Riots,47.4173,-1.1268
23914,France,Riots,47.4173,-1.1268
23915,France,Riots,47.4173,-1.1268
23916,France,Riots,47.4173,-1.1268
23917,France,Riots,47.4173,-1.1268
23918,France,Riots,47.4173,-1.1268
23919,France,Riots,47.4173,-1.1268
23939,France,Violence against civilians,47.4173,-1.1268
23940,France,Violence against civilians,47.4173,-1.1268
23941,France,Violence against civilians,47.4173,-1.1268
23942,France,Violence against civilians,47.4173,-1.1268
24277,France,Riots,44.0762,6.2367
24278,France,Riots,44.0762,6.2367
24279,France,Riots,44.0762,6.2367
24280,France,Riots,44.0762,6.2367
24281,France,Riots,44.0762,6.2367
24282,France,Riots,44.0762,6.2367
24283,France,Riots,44.0762,6.2367
24284,France,Riots,44.0762,6.2367
24285,France,Riots,44.0762,6.2367
24286,France,Riots,44.0762,6.2367
24287,France,Riots,44.0762,6.2367
24288,France,Riots,44.0762,6.2367
24289,France,Riots,44.0762,6.2367
24290,France,Riots,44.0762,6.2367
24291,France,Riots,44.0762,6.2367
24292,France,Riots,44.0762,6.2367
24293,France,Riots,44.0762,6.2367
24294,France,Riots,44.0762,6.2367
24295,France,Riots,44.0762,6.2367
24296,France,Riots,44.0762,6.2367
24297,France,Riots,44.0762,6.2367
24298,France,Riots,44.0762,6.2367
24299,France,Riots,44.0762,6.2367
24300,France,Riots,44.0762,6.2367
24301,France,Riots,44.0762,6.2367
24302,France,Riots,44.0762,6.2367
24303,France,Riots,44.0762,6.2367
24304,France,Riots,44.0762,6.2367
24305,France,Riots,44.0762,6.2367
24306,France,Riots,44.0762,6.2367
24307,France,Riots,44.0762,6.2367
24308,France,Riots,44.0762,6.2367
24309,France,Riots,44.0762,6.2367
24310,France,Riots,44.0762,6.2367
24311,France,Riots,44.0762,6.2367
24312,France,Riots,44.0762,6.2367
24313,France,Riots,44.0762,6.2367
24314,France,Riots,44.0762,6.2367
24315,France,Riots,44.0762,6.2367
24316,France,Riots,44.0762,6.2367
24317,France,Riots,44.0762,6.2367
24318,France,Riots,44.0762,6.2367
24319,France,Riots,44.0762,6.2367
24320,France,Riots,44.0762,6.2367
24321,France,Riots,44.0762,6.2367
24322,France,Riots,44.0762,6.2367
24323,France,Riots,44.0762,6.2367
24324,France,Riots,44.0762,6.2367
24325,France,Riots,44.0762,6.2367
24326,France,Riots,44.0762,6.2367
24327,France,Riots,44.0762,6.2367
24328,France,Riots,44.0762,6.2367
24329,France,Riots,44.0762,6.2367
24330,France,Riots,44.0762,6.2367
24331,France,Riots,44.0762,6.2367
24332,France,Riots,44.0762,6.2367
24333,France,Riots,44.0762,6.2367
24334,France,Riots,44.0762,6.2367
24335,France,Riots,44.0762,6.2367
24336,France,Riots,44.0762,6.2367
24337,France,Riots,44.0762,6.2367
24338,France,Riots,44.0762,6.2367
24339,France,Riots,44.0762,6.2367
24340,France,Riots,44.0762,6.2367
24341,France,Riots,44.0762,6.2367
24342,France,Riots,44.0762,6.2367
24343,France,Riots,44.0762,6.2367
24344,France,Riots,44.0762,6.2367
24345,France,Riots,44.0762,6.2367
24346,France,Riots,44.0762,6.2367
24347,France,Riots,44.0762,6.2367
24348,France,Riots,44.0762,6.2367
24349,France,Riots,44.0762,6.2367
24375,France,Violence against civilians,44.0762,6.2367
24376,France,Violence against civilians,44.0762,6.2367
24377,France,Violence against civilians,44.0762,6.2367
24378,France,Violence against civilians,44.0762,6.2367
24379,France,Violence against civilians,44.0762,6.2367
24431,Georgia,Riots,42.9989,41.45
24432,Georgia,Riots,42.9989,41.45
24433,Georgia,Riots,42.9989,41.45
24434,Georgia,Riots,42.9989,41.45
24435,Georgia,Riots,42.9989,41.45
24436,Georgia,Riots,42.9989,41.45
24437,Georgia,Riots,42.9989,41.45
24438,Georgia,Riots,42.9989,41.45
24446,Georgia,Violence against civilians,42.9989,41.45
24447,Georgia,Violence against civilians,42.9989,41.45
24448,Georgia,Violence against civilians,42.9989,41.45
24449,Georgia,Violence against civilians,42.9989,41.45
24450,Georgia,Violence against civilians,42.9989,41.45
24451,Georgia,Violence against civilians,42.9989,41.45
24452,Georgia,Violence against civilians,42.9989,41.45
24453,Georgia,Violence against civilians,42.9989,41.45
24454,Georgia,Violence against civilians,42.9989,41.45
24455,Georgia,Violence against civilians,42.9989,41.45
24456,Georgia,Violence against civilians,42.9989,41.45
24775,Georgia,Riots,41.6718,42.1025
24776,Georgia,Riots,41.6718,42.1025
24777,Georgia,Riots,41.6718,42.1025
24778,Georgia,Riots,41.6718,42.1025
24779,Georgia,Riots,41.6718,42.1025
24780,Georgia,Riots,41.6718,42.1025
24781,Georgia,Riots,41.6718,42.1025
24782,Georgia,Riots,41.6718,42.1025
24783,Georgia,Riots,41.6718,42.1025
24784,Georgia,Riots,41.6718,42.1025
24785,Georgia,Riots,41.6718,42.1025
24786,Georgia,Riots,41.6718,42.1025
24787,Georgia,Riots,41.6718,42.1025
24788,Georgia,Riots,41.6718,42.1025
24789,Georgia,Riots,41.6718,42.1025
24790,Georgia,Riots,41.6718,42.1025
24791,Georgia,Riots,41.6718,42.1025
24792,Georgia,Riots,41.6718,42.1025
24793,Georgia,Riots,41.6718,42.1025
24794,Georgia,Riots,41.6718,42.1025
24795,Georgia,Riots,41.6718,42.1025
24796,Georgia,Riots,41.6718,42.1025
24797,Georgia,Riots,41.6718,42.1025
24798,Georgia,Riots,41.6718,42.1025
24799,Georgia,Riots,41.6718,42.1025
24800,Georgia,Riots,41.6718,42.1025
24801,Georgia,Riots,41.6718,42.1025
24802,Georgia,Riots,41.6718,42.1025
24803,Georgia,Riots,41.6718,42.1025
24805,Georgia,Violence against civilians,41.6718,42.1025
24806,Georgia,Violence against civilians,41.6718,42.1025
24893,Georgia,Riots,41.9766,42.1264
24894,Georgia,Riots,41.9766,42.1264
24895,Georgia,Riots,41.9766,42.1264
24896,Georgia,Riots,41.9766,42.1264
24897,Georgia,Riots,41.9766,42.1264
24898,Georgia,Riots,41.9766,42.1264
24899,Georgia,Riots,41.9766,42.1264
24900,Georgia,Violence against civilians,41.9766,42.1264
24901,Georgia,Violence against civilians,41.9766,42.1264
25139,Georgia,Riots,42.1876,42.9522
25140,Georgia,Riots,42.1876,42.9522
25141,Georgia,Riots,42.1876,42.9522
25142,Georgia,Riots,42.1876,42.9522
25143,Georgia,Riots,42.1876,42.9522
25144,Georgia,Riots,42.1876,42.9522
25145,Georgia,Riots,42.1876,42.9522
25146,Georgia,Riots,42.1876,42.9522
25147,Georgia,Riots,42.1876,42.9522
25148,Georgia,Riots,42.1876,42.9522
25149,Georgia,Riots,42.1876,42.9522
25150,Georgia,Riots,42.1876,42.9522
25151,Georgia,Riots,42.1876,42.9522
25152,Georgia,Riots,42.1876,42.9522
25153,Georgia,Riots,42.1876,42.9522
25154,Georgia,Riots,42.1876,42.9522
25155,Georgia,Riots,42.1876,42.9522
25156,Georgia,Riots,42.1876,42.9522
25157,Georgia,Riots,42.1876,42.9522
25159,Georgia,Violence against civilians,42.1876,42.9522
25160,Georgia,Violence against civilians,42.1876,42.9522
25161,Georgia,Violence against civilians,42.1876,42.9522
25307,Georgia,Riots,41.815,45.7178
25308,Georgia,Riots,41.815,45.7178
25309,Georgia,Riots,41.815,45.7178
25310,Georgia,Riots,41.815,45.7178
25311,Georgia,Riots,41.815,45.7178
25312,Georgia,Riots,41.815,45.7178
25313,Georgia,Riots,41.815,45.7178
25314,Georgia,Riots,41.815,45.7178
25315,Georgia,Riots,41.815,45.7178
25319,Georgia,Violence against civilians,41.815,45.7178
25320,Georgia,Violence against civilians,41.815,45.7178
25321,Georgia,Violence against civilians,41.815,45.7178
25443,Georgia,Riots,41.5113,44.5886
25444,Georgia,Riots,41.5113,44.5886
25445,Georgia,Riots,41.5113,44.5886
25446,Georgia,Riots,41.5113,44.5886
25447,Georgia,Riots,41.5113,44.5886
25448,Georgia,Riots,41.5113,44.5886
25449,Georgia,Riots,41.5113,44.5886
25450,Georgia,Riots,41.5113,44.5886
25451,Georgia,Riots,41.5113,44.5886
25452,Georgia,Riots,41.5113,44.5886
25453,Georgia,Riots,41.5113,44.5886
25454,Georgia,Riots,41.5113,44.5886
25455,Georgia,Riots,41.5113,44.5886
25456,Georgia,Riots,41.5113,44.5886
25457,Georgia,Riots,41.5113,44.5886
25458,Georgia,Riots,41.5113,44.5886
25459,Georgia,Riots,41.5113,44.5886
25460,Georgia,Riots,41.5113,44.5886
25461,Georgia,Riots,41.5113,44.5886
25462,Georgia,Violence against civilians,41.5113,44.5886
25463,Georgia,Violence against civilians,41.5113,44.5886
25464,Georgia,Violence against civilians,41.5113,44.5886
25465,Georgia,Violence against civilians,41.5113,44.5886
25466,Georgia,Violence against civilians,41.5113,44.5886
25467,Georgia,Violence against civilians,41.5113,44.5886
25468,Georgia,Violence against civilians,41.5113,44.5886
25469,Georgia,Violence against civilians,41.5113,44.5886
25470,Georgia,Violence against civilians,41.5113,44.5886
25471,Georgia,Violence against civilians,41.5113,44.5886
25472,Georgia,Violence against civilians,41.5113,44.5886
25473,Georgia,Violence against civilians,41.5113,44.5886
25474,Georgia,Violence against civilians,41.5113,44.5886
25475,Georgia,Violence against civilians,41.5113,44.5886
25476,Georgia,Violence against civilians,41.5113,44.5886
25508,Georgia,Riots,42.2276,44.8569
25509,Georgia,Riots,42.2276,44.8569
25510,Georgia,Riots,42.2276,44.8569
25511,Georgia,Riots,42.2276,44.8569
25512,Georgia,Violence against civilians,42.2276,44.8569
25513,Georgia,Violence against civilians,42.2276,44.8569
25534,Georgia,Riots,42.6687,43.1253
25535,Georgia,Violence against civilians,42.6687,43.1253
25536,Georgia,Violence against civilians,42.6687,43.1253
25537,Georgia,Explosions/Remote violence,42.6628,42.2329
25752,Georgia,Riots,42.6628,42.2329
25753,Georgia,Riots,42.6628,42.2329
25754,Georgia,Riots,42.6628,42.2329
25755,Georgia,Riots,42.6628,42.2329
25756,Georgia,Riots,42.6628,42.2329
25757,Georgia,Riots,42.6628,42.2329
25758,Georgia,Riots,42.6628,42.2329
25759,Georgia,Riots,42.6628,42.2329
25760,Georgia,Riots,42.6628,42.2329
25761,Georgia,Riots,42.6628,42.2329
25762,Georgia,Riots,42.6628,42.2329
25763,Georgia,Riots,42.6628,42.2329
25764,Georgia,Riots,42.6628,42.2329
25765,Georgia,Riots,42.6628,42.2329
25766,Georgia,Riots,42.6628,42.2329
25767,Georgia,Riots,42.6628,42.2329
25768,Georgia,Riots,42.6628,42.2329
25769,Georgia,Riots,42.6628,42.2329
25770,Georgia,Riots,42.6628,42.2329
25771,Georgia,Riots,42.6628,42.2329
25772,Georgia,Riots,42.6628,42.2329
25773,Georgia,Riots,42.6628,42.2329
25779,Georgia,Violence against civilians,42.6628,42.2329
25780,Georgia,Violence against civilians,42.6628,42.2329
25781,Georgia,Violence against civilians,42.6628,42.2329
25782,Georgia,Violence against civilians,42.6628,42.2329
25783,Georgia,Violence against civilians,42.6628,42.2329
25784,Georgia,Violence against civilians,42.6628,42.2329
25785,Georgia,Violence against civilians,42.6628,42.2329
25787,Georgia,Explosions/Remote violence,41.5265,43.2466
25823,Georgia,Riots,41.5265,43.2466
25824,Georgia,Riots,41.5265,43.2466
25825,Georgia,Riots,41.5265,43.2466
25826,Georgia,Riots,41.5265,43.2466
25827,Georgia,Riots,41.5265,43.2466
25829,Georgia,Violence against civilians,41.5265,43.2466
25830,Georgia,Violence against civilians,41.5265,43.2466
25831,Georgia,Violence against civilians,41.5265,43.2466
25961,Georgia,Riots,41.9887,43.9811
25962,Georgia,Riots,41.9887,43.9811
25963,Georgia,Riots,41.9887,43.9811
25964,Georgia,Riots,41.9887,43.9811
25965,Georgia,Riots,41.9887,43.9811
25966,Georgia,Riots,41.9887,43.9811
25967,Georgia,Riots,41.9887,43.9811
25968,Georgia,Riots,41.9887,43.9811
25969,Georgia,Riots,41.9887,43.9811
25995,Georgia,Violence against civilians,41.9887,43.9811
25996,Georgia,Violence against civilians,41.9887,43.9811
25997,Georgia,Violence against civilians,41.9887,43.9811
25998,Georgia,Violence against civilians,41.9887,43.9811
25999,Georgia,Violence against civilians,41.9887,43.9811
26000,Georgia,Violence against civilians,41.9887,43.9811
26001,Georgia,Violence against civilians,41.9887,43.9811
26488,Georgia,Riots,41.7319,44.8369
26489,Georgia,Riots,41.7319,44.8369
26490,Georgia,Riots,41.7319,44.8369
26491,Georgia,Riots,41.7319,44.8369
26492,Georgia,Riots,41.7319,44.8369
26493,Georgia,Riots,41.7319,44.8369
26494,Georgia,Riots,41.7319,44.8369
26495,Georgia,Riots,41.7319,44.8369
26496,Georgia,Riots,41.7319,44.8369
26497,Georgia,Riots,41.7319,44.8369
26498,Georgia,Riots,41.7319,44.8369
26499,Georgia,Riots,41.7319,44.8369
26500,Georgia,Riots,41.7319,44.8369
26501,Georgia,Riots,41.7319,44.8369
26502,Georgia,Riots,41.7319,44.8369
26503,Georgia,Riots,41.7319,44.8369
26504,Georgia,Riots,41.7319,44.8369
26505,Georgia,Riots,41.7319,44.8369
26506,Georgia,Riots,41.7319,44.8369
26507,Georgia,Riots,41.7319,44.8369
26508,Georgia,Riots,41.7319,44.8369
26509,Georgia,Riots,41.7319,44.8369
26510,Georgia,Riots,41.7319,44.8369
26511,Georgia,Riots,41.7319,44.8369
26512,Georgia,Riots,41.7319,44.8369
26513,Georgia,Riots,41.7319,44.8369
26514,Georgia,Riots,41.7319,44.8369
26515,Georgia,Riots,41.7319,44.8369
26516,Georgia,Riots,41.7319,44.8369
26517,Georgia,Riots,41.7319,44.8369
26518,Georgia,Riots,41.7319,44.8369
26519,Georgia,Riots,41.7319,44.8369
26520,Georgia,Riots,41.7319,44.8369
26521,Georgia,Riots,41.7319,44.8369
26522,Georgia,Riots,41.7319,44.8369
26523,Georgia,Riots,41.7319,44.8369
26524,Georgia,Riots,41.7319,44.8369
26525,Georgia,Riots,41.7319,44.8369
26526,Georgia,Riots,41.7319,44.8369
26527,Georgia,Riots,41.7319,44.8369
26528,Georgia,Riots,41.7319,44.8369
26529,Georgia,Riots,41.7319,44.8369
26530,Georgia,Riots,41.7319,44.8369
26531,Georgia,Riots,41.7319,44.8369
26532,Georgia,Riots,41.7319,44.8369
26533,Georgia,Riots,41.7319,44.8369
26534,Georgia,Riots,41.7319,44.8369
26535,Georgia,Riots,41.7319,44.8369
26536,Georgia,Riots,41.7319,44.8369
26537,Georgia,Riots,41.7319,44.8369
26538,Georgia,Riots,41.7319,44.8369
26539,Georgia,Riots,41.7319,44.8369
26540,Georgia,Riots,41.7319,44.8369
26541,Georgia,Riots,41.7319,44.8369
26542,Georgia,Riots,41.7319,44.8369
26543,Georgia,Riots,41.7319,44.8369
26544,Georgia,Riots,41.7319,44.8369
26545,Georgia,Riots,41.7319,44.8369
26546,Georgia,Riots,41.7319,44.8369
26547,Georgia,Riots,41.7319,44.8369
26548,Georgia,Riots,41.7319,44.8369
26549,Georgia,Riots,41.7319,44.8369
26550,Georgia,Riots,41.7319,44.8369
26551,Georgia,Riots,41.7319,44.8369
26552,Georgia,Riots,41.7319,44.8369
26553,Georgia,Riots,41.7319,44.8369
26554,Georgia,Riots,41.7319,44.8369
26555,Georgia,Riots,41.7319,44.8369
26556,Georgia,Riots,41.7319,44.8369
26557,Georgia,Riots,41.7319,44.8369
26558,Georgia,Riots,41.7319,44.8369
26559,Georgia,Riots,41.7319,44.8369
26560,Georgia,Riots,41.7319,44.8369
26561,Georgia,Riots,41.7319,44.8369
26562,Georgia,Riots,41.7319,44.8369
26563,Georgia,Riots,41.7319,44.8369
26564,Georgia,Riots,41.7319,44.8369
26565,Georgia,Riots,41.7319,44.8369
26566,Georgia,Riots,41.7319,44.8369
26567,Georgia,Riots,41.7319,44.8369
26568,Georgia,Riots,41.7319,44.8369
26569,Georgia,Riots,41.7319,44.8369
26570,Georgia,Riots,41.7319,44.8369
26571,Georgia,Riots,41.7319,44.8369
26572,Georgia,Riots,41.7319,44.8369
26594,Georgia,Violence against civilians,41.7319,44.8369
26595,Georgia,Violence against civilians,41.7319,44.8369
26596,Georgia,Violence against civilians,41.7319,44.8369
26597,Georgia,Violence against civilians,41.7319,44.8369
26598,Georgia,Violence against civilians,41.7319,44.8369
26599,Georgia,Violence against civilians,41.7319,44.8369
26600,Georgia,Violence against civilians,41.7319,44.8369
26601,Georgia,Violence against civilians,41.7319,44.8369
26602,Georgia,Violence against civilians,41.7319,44.8369
26603,Georgia,Violence against civilians,41.7319,44.8369
26604,Georgia,Violence against civilians,41.7319,44.8369
26605,Georgia,Violence against civilians,41.7319,44.8369
26606,Georgia,Violence against civilians,41.7319,44.8369
26607,Georgia,Violence against civilians,41.7319,44.8369
26608,Georgia,Violence against civilians,41.7319,44.8369
26609,Georgia,Violence against civilians,41.7319,44.8369
26610,Georgia,Violence against civilians,41.7319,44.8369
26611,Georgia,Violence against civilians,41.7319,44.8369
26612,Georgia,Violence against civilians,41.7319,44.8369
26613,Georgia,Violence against civilians,41.7319,44.8369
26614,Georgia,Violence against civilians,41.7319,44.8369
26615,Georgia,Violence against civilians,41.7319,44.8369
26616,Georgia,Violence against civilians,41.7319,44.8369
26617,Georgia,Violence against civilians,41.7319,44.8369
26618,Georgia,Violence against civilians,41.7319,44.8369
26619,Georgia,Violence against civilians,41.7319,44.8369
26620,Georgia,Violence against civilians,41.7319,44.8369
26621,Georgia,Violence against civilians,41.7319,44.8369
26622,Georgia,Violence against civilians,41.7319,44.8369
26623,Georgia,Violence against civilians,41.7319,44.8369
26624,Georgia,Violence against civilians,41.7319,44.8369
26627,Georgia,Explosions/Remote violence,42.2984,44.0998
26657,Georgia,Riots,42.2984,44.0998
26658,Georgia,Riots,42.2984,44.0998
26667,Georgia,Violence against civilians,42.2984,44.0998
26668,Georgia,Violence against civilians,42.2984,44.0998
26669,Georgia,Violence against civilians,42.2984,44.0998
26670,Georgia,Violence against civilians,42.2984,44.0998
26671,Georgia,Violence against civilians,42.2984,44.0998
26672,Georgia,Violence against civilians,42.2984,44.0998
27032,Germany,Riots,48.6264,9.0657
27033,Germany,Riots,48.6264,9.0657
27034,Germany,Riots,48.6264,9.0657
27035,Germany,Riots,48.6264,9.0657
27036,Germany,Riots,48.6264,9.0657
27037,Germany,Riots,48.6264,9.0657
27038,Germany,Riots,48.6264,9.0657
27039,Germany,Riots,48.6264,9.0657
27040,Germany,Riots,48.6264,9.0657
27041,Germany,Riots,48.6264,9.0657
27042,Germany,Riots,48.6264,9.0657
27043,Germany,Riots,48.6264,9.0657
27044,Germany,Riots,48.6264,9.0657
27045,Germany,Riots,48.6264,9.0657
27046,Germany,Riots,48.6264,9.0657
27047,Germany,Riots,48.6264,9.0657
27048,Germany,Riots,48.6264,9.0657
27049,Germany,Riots,48.6264,9.0657
27050,Germany,Riots,48.6264,9.0657
27051,Germany,Riots,48.6264,9.0657
27052,Germany,Riots,48.6264,9.0657
27053,Germany,Riots,48.6264,9.0657
27054,Germany,Riots,48.6264,9.0657
27055,Germany,Riots,48.6264,9.0657
27056,Germany,Riots,48.6264,9.0657
27057,Germany,Riots,48.6264,9.0657
27058,Germany,Riots,48.6264,9.0657
27059,Germany,Riots,48.6264,9.0657
27060,Germany,Riots,48.6264,9.0657
27061,Germany,Riots,48.6264,9.0657
27062,Germany,Riots,48.6264,9.0657
27063,Germany,Riots,48.6264,9.0657
27064,Germany,Riots,48.6264,9.0657
27065,Germany,Riots,48.6264,9.0657
27066,Germany,Riots,48.6264,9.0657
27067,Germany,Riots,48.6264,9.0657
27068,Germany,Riots,48.6264,9.0657
27069,Germany,Riots,48.6264,9.0657
27070,Germany,Riots,48.6264,9.0657
27071,Germany,Riots,48.6264,9.0657
27072,Germany,Riots,48.6264,9.0657
27073,Germany,Riots,48.6264,9.0657
27074,Germany,Riots,48.6264,9.0657
27075,Germany,Riots,48.6264,9.0657
27076,Germany,Riots,48.6264,9.0657
27077,Germany,Riots,48.6264,9.0657
27078,Germany,Riots,48.6264,9.0657
27079,Germany,Riots,48.6264,9.0657
27080,Germany,Riots,48.6264,9.0657
27081,Germany,Riots,48.6264,9.0657
27082,Germany,Riots,48.6264,9.0657
27119,Germany,Violence against civilians,48.6264,9.0657
27120,Germany,Violence against civilians,48.6264,9.0657
27121,Germany,Violence against civilians,48.6264,9.0657
27122,Germany,Violence against civilians,48.6264,9.0657
27123,Germany,Violence against civilians,48.6264,9.0657
27124,Germany,Violence against civilians,48.6264,9.0657
27125,Germany,Violence against civilians,48.6264,9.0657
27126,Germany,Violence against civilians,48.6264,9.0657
27127,Germany,Violence against civilians,48.6264,9.0657
27498,Germany,Riots,48.9173,12.0483
27499,Germany,Riots,48.9173,12.0483
27500,Germany,Riots,48.9173,12.0483
27501,Germany,Riots,48.9173,12.0483
27502,Germany,Riots,48.9173,12.0483
27503,Germany,Riots,48.9173,12.0483
27504,Germany,Riots,48.9173,12.0483
27505,Germany,Riots,48.9173,12.0483
27506,Germany,Riots,48.9173,12.0483
27507,Germany,Riots,48.9173,12.0483
27508,Germany,Riots,48.9173,12.0483
27509,Germany,Riots,48.9173,12.0483
27510,Germany,Riots,48.9173,12.0483
27511,Germany,Riots,48.9173,12.0483
27512,Germany,Riots,48.9173,12.0483
27513,Germany,Riots,48.9173,12.0483
27514,Germany,Riots,48.9173,12.0483
27515,Germany,Riots,48.9173,12.0483
27516,Germany,Riots,48.9173,12.0483
27517,Germany,Riots,48.9173,12.0483
27518,Germany,Riots,48.9173,12.0483
27519,Germany,Riots,48.9173,12.0483
27520,Germany,Riots,48.9173,12.0483
27521,Germany,Riots,48.9173,12.0483
27522,Germany,Riots,48.9173,12.0483
27523,Germany,Riots,48.9173,12.0483
27524,Germany,Riots,48.9173,12.0483
27525,Germany,Riots,48.9173,12.0483
27526,Germany,Riots,48.9173,12.0483
27527,Germany,Riots,48.9173,12.0483
27528,Germany,Riots,48.9173,12.0483
27529,Germany,Riots,48.9173,12.0483
27530,Germany,Riots,48.9173,12.0483
27531,Germany,Riots,48.9173,12.0483
27532,Germany,Riots,48.9173,12.0483
27533,Germany,Riots,48.9173,12.0483
27534,Germany,Riots,48.9173,12.0483
27535,Germany,Riots,48.9173,12.0483
27536,Germany,Riots,48.9173,12.0483
27537,Germany,Riots,48.9173,12.0483
27538,Germany,Riots,48.9173,12.0483
27539,Germany,Riots,48.9173,12.0483
27597,Germany,Violence against civilians,48.9173,12.0483
27598,Germany,Violence against civilians,48.9173,12.0483
27599,Germany,Violence against civilians,48.9173,12.0483
27600,Germany,Violence against civilians,48.9173,12.0483
27601,Germany,Violence against civilians,48.9173,12.0483
27602,Germany,Violence against civilians,48.9173,12.0483
27603,Germany,Violence against civilians,48.9173,12.0483
27604,Germany,Explosions/Remote violence,52.5074,13.398
27605,Germany,Explosions/Remote violence,52.5074,13.398
28037,Germany,Riots,52.5074,13.398
28038,Germany,Riots,52.5074,13.398
28039,Germany,Riots,52.5074,13.398
28040,Germany,Riots,52.5074,13.398
28041,Germany,Riots,52.5074,13.398
28042,Germany,Riots,52.5074,13.398
28043,Germany,Riots,52.5074,13.398
28044,Germany,Riots,52.5074,13.398
28045,Germany,Riots,52.5074,13.398
28046,Germany,Riots,52.5074,13.398
28047,Germany,Riots,52.5074,13.398
28048,Germany,Riots,52.5074,13.398
28049,Germany,Riots,52.5074,13.398
28050,Germany,Riots,52.5074,13.398
28051,Germany,Riots,52.5074,13.398
28052,Germany,Riots,52.5074,13.398
28053,Germany,Riots,52.5074,13.398
28054,Germany,Riots,52.5074,13.398
28055,Germany,Riots,52.5074,13.398
28056,Germany,Riots,52.5074,13.398
28057,Germany,Riots,52.5074,13.398
28058,Germany,Riots,52.5074,13.398
28059,Germany,Riots,52.5074,13.398
28060,Germany,Riots,52.5074,13.398
28061,Germany,Riots,52.5074,13.398
28062,Germany,Riots,52.5074,13.398
28063,Germany,Riots,52.5074,13.398
28064,Germany,Riots,52.5074,13.398
28065,Germany,Riots,52.5074,13.398
28066,Germany,Riots,52.5074,13.398
28067,Germany,Riots,52.5074,13.398
28068,Germany,Riots,52.5074,13.398
28069,Germany,Riots,52.5074,13.398
28070,Germany,Riots,52.5074,13.398
28071,Germany,Riots,52.5074,13.398
28072,Germany,Riots,52.5074,13.398
28073,Germany,Riots,52.5074,13.398
28074,Germany,Riots,52.5074,13.398
28075,Germany,Riots,52.5074,13.398
28076,Germany,Riots,52.5074,13.398
28077,Germany,Riots,52.5074,13.398
28078,Germany,Riots,52.5074,13.398
28079,Germany,Riots,52.5074,13.398
28080,Germany,Riots,52.5074,13.398
28081,Germany,Riots,52.5074,13.398
28082,Germany,Riots,52.5074,13.398
28083,Germany,Riots,52.5074,13.398
28084,Germany,Riots,52.5074,13.398
28085,Germany,Riots,52.5074,13.398
28086,Germany,Riots,52.5074,13.398
28087,Germany,Riots,52.5074,13.398
28088,Germany,Riots,52.5074,13.398
28089,Germany,Riots,52.5074,13.398
28090,Germany,Riots,52.5074,13.398
28091,Germany,Riots,52.5074,13.398
28092,Germany,Riots,52.5074,13.398
28093,Germany,Riots,52.5074,13.398
28094,Germany,Riots,52.5074,13.398
28095,Germany,Riots,52.5074,13.398
28096,Germany,Riots,52.5074,13.398
28097,Germany,Riots,52.5074,13.398
28098,Germany,Riots,52.5074,13.398
28099,Germany,Riots,52.5074,13.398
28100,Germany,Riots,52.5074,13.398
28101,Germany,Riots,52.5074,13.398
28102,Germany,Riots,52.5074,13.398
28103,Germany,Riots,52.5074,13.398
28104,Germany,Riots,52.5074,13.398
28105,Germany,Riots,52.5074,13.398
28106,Germany,Riots,52.5074,13.398
28107,Germany,Riots,52.5074,13.398
28108,Germany,Riots,52.5074,13.398
28109,Germany,Riots,52.5074,13.398
28110,Germany,Riots,52.5074,13.398
28111,Germany,Riots,52.5074,13.398
28112,Germany,Riots,52.5074,13.398
28113,Germany,Riots,52.5074,13.398
28114,Germany,Riots,52.5074,13.398
28115,Germany,Riots,52.5074,13.398
28116,Germany,Riots,52.5074,13.398
28117,Germany,Riots,52.5074,13.398
28118,Germany,Riots,52.5074,13.398
28119,Germany,Riots,52.5074,13.398
28120,Germany,Riots,52.5074,13.398
28121,Germany,Riots,52.5074,13.398
28122,Germany,Riots,52.5074,13.398
28123,Germany,Riots,52.5074,13.398
28124,Germany,Riots,52.5074,13.398
28125,Germany,Riots,52.5074,13.398
28126,Germany,Riots,52.5074,13.398
28127,Germany,Riots,52.5074,13.398
28128,Germany,Riots,52.5074,13.398
28129,Germany,Riots,52.5074,13.398
28130,Germany,Riots,52.5074,13.398
28131,Germany,Riots,52.5074,13.398
28132,Germany,Riots,52.5074,13.398
28133,Germany,Riots,52.5074,13.398
28134,Germany,Riots,52.5074,13.398
28135,Germany,Riots,52.5074,13.398
28136,Germany,Riots,52.5074,13.398
28137,Germany,Riots,52.5074,13.398
28138,Germany,Riots,52.5074,13.398
28139,Germany,Riots,52.5074,13.398
28140,Germany,Riots,52.5074,13.398
28141,Germany,Riots,52.5074,13.398
28142,Germany,Riots,52.5074,13.398
28143,Germany,Riots,52.5074,13.398
28144,Germany,Riots,52.5074,13.398
28145,Germany,Riots,52.5074,13.398
28146,Germany,Riots,52.5074,13.398
28147,Germany,Riots,52.5074,13.398
28148,Germany,Riots,52.5074,13.398
28149,Germany,Riots,52.5074,13.398
28150,Germany,Riots,52.5074,13.398
28151,Germany,Riots,52.5074,13.398
28152,Germany,Riots,52.5074,13.398
28153,Germany,Riots,52.5074,13.398
28154,Germany,Riots,52.5074,13.398
28155,Germany,Riots,52.5074,13.398
28156,Germany,Riots,52.5074,13.398
28157,Germany,Riots,52.5074,13.398
28158,Germany,Riots,52.5074,13.398
28159,Germany,Riots,52.5074,13.398
28160,Germany,Riots,52.5074,13.398
28161,Germany,Riots,52.5074,13.398
28162,Germany,Riots,52.5074,13.398
28163,Germany,Riots,52.5074,13.398
28164,Germany,Riots,52.5074,13.398
28165,Germany,Riots,52.5074,13.398
28166,Germany,Riots,52.5074,13.398
28167,Germany,Riots,52.5074,13.398
28168,Germany,Riots,52.5074,13.398
28169,Germany,Riots,52.5074,13.398
28170,Germany,Riots,52.5074,13.398
28171,Germany,Riots,52.5074,13.398
28172,Germany,Riots,52.5074,13.398
28173,Germany,Riots,52.5074,13.398
28174,Germany,Riots,52.5074,13.398
28175,Germany,Riots,52.5074,13.398
28176,Germany,Riots,52.5074,13.398
28177,Germany,Riots,52.5074,13.398
28178,Germany,Riots,52.5074,13.398
28179,Germany,Riots,52.5074,13.398
28180,Germany,Riots,52.5074,13.398
28181,Germany,Riots,52.5074,13.398
28182,Germany,Riots,52.5074,13.398
28183,Germany,Riots,52.5074,13.398
28184,Germany,Riots,52.5074,13.398
28185,Germany,Riots,52.5074,13.398
28186,Germany,Riots,52.5074,13.398
28187,Germany,Riots,52.5074,13.398
28188,Germany,Riots,52.5074,13.398
28189,Germany,Riots,52.5074,13.398
28190,Germany,Riots,52.5074,13.398
28191,Germany,Riots,52.5074,13.398
28192,Germany,Riots,52.5074,13.398
28193,Germany,Riots,52.5074,13.398
28194,Germany,Riots,52.5074,13.398
28195,Germany,Riots,52.5074,13.398
28196,Germany,Riots,52.5074,13.398
28197,Germany,Riots,52.5074,13.398
28198,Germany,Riots,52.5074,13.398
28199,Germany,Riots,52.5074,13.398
28200,Germany,Riots,52.5074,13.398
28201,Germany,Riots,52.5074,13.398
28202,Germany,Riots,52.5074,13.398
28203,Germany,Riots,52.5074,13.398
28204,Germany,Riots,52.5074,13.398
28205,Germany,Riots,52.5074,13.398
28206,Germany,Riots,52.5074,13.398
28207,Germany,Riots,52.5074,13.398
28208,Germany,Riots,52.5074,13.398
28209,Germany,Riots,52.5074,13.398
28210,Germany,Riots,52.5074,13.398
28211,Germany,Riots,52.5074,13.398
28212,Germany,Riots,52.5074,13.398
28213,Germany,Riots,52.5074,13.398
28214,Germany,Riots,52.5074,13.398
28215,Germany,Riots,52.5074,13.398
28216,Germany,Riots,52.5074,13.398
28217,Germany,Riots,52.5074,13.398
28218,Germany,Riots,52.5074,13.398
28219,Germany,Riots,52.5074,13.398
28370,Germany,Violence against civilians,52.5074,13.398
28371,Germany,Violence against civilians,52.5074,13.398
28372,Germany,Violence against civilians,52.5074,13.398
28373,Germany,Violence against civilians,52.5074,13.398
28374,Germany,Violence against civilians,52.5074,13.398
28375,Germany,Violence against civilians,52.5074,13.398
28376,Germany,Violence against civilians,52.5074,13.398
28377,Germany,Violence against civilians,52.5074,13.398
28378,Germany,Violence against civilians,52.5074,13.398
28638,Germany,Riots,52.4587,14.1594
28639,Germany,Riots,52.4587,14.1594
28640,Germany,Riots,52.4587,14.1594
28641,Germany,Riots,52.4587,14.1594
28642,Germany,Riots,52.4587,14.1594
28643,Germany,Riots,52.4587,14.1594
28644,Germany,Riots,52.4587,14.1594
28645,Germany,Riots,52.4587,14.1594
28646,Germany,Riots,52.4587,14.1594
28647,Germany,Riots,52.4587,14.1594
28648,Germany,Riots,52.4587,14.1594
28649,Germany,Riots,52.4587,14.1594
28650,Germany,Riots,52.4587,14.1594
28651,Germany,Riots,52.4587,14.1594
28652,Germany,Riots,52.4587,14.1594
28653,Germany,Riots,52.4587,14.1594
28654,Germany,Riots,52.4587,14.1594
28655,Germany,Riots,52.4587,14.1594
28656,Germany,Riots,52.4587,14.1594
28657,Germany,Riots,52.4587,14.1594
28658,Germany,Riots,52.4587,14.1594
28659,Germany,Riots,52.4587,14.1594
28677,Germany,Violence against civilians,52.4587,14.1594
28678,Germany,Violence against civilians,52.4587,14.1594
28679,Germany,Violence against civilians,52.4587,14.1594
28680,Germany,Violence against civilians,52.4587,14.1594
28865,Germany,Riots,53.1202,8.8364
28866,Germany,Riots,53.1202,8.8364
28867,Germany,Riots,53.1202,8.8364
28868,Germany,Riots,53.1202,8.8364
28869,Germany,Riots,53.1202,8.8364
28870,Germany,Riots,53.1202,8.8364
28871,Germany,Riots,53.1202,8.8364
28872,Germany,Riots,53.1202,8.8364
28873,Germany,Riots,53.1202,8.8364
28874,Germany,Riots,53.1202,8.8364
28875,Germany,Riots,53.1202,8.8364
28913,Germany,Explosions/Remote violence,53.5675,9.9418
29222,Germany,Riots,53.5675,9.9418
29223,Germany,Riots,53.5675,9.9418
29224,Germany,Riots,53.5675,9.9418
29225,Germany,Riots,53.5675,9.9418
29226,Germany,Riots,53.5675,9.9418
29227,Germany,Riots,53.5675,9.9418
29228,Germany,Riots,53.5675,9.9418
29229,Germany,Riots,53.5675,9.9418
29230,Germany,Riots,53.5675,9.9418
29231,Germany,Riots,53.5675,9.9418
29232,Germany,Riots,53.5675,9.9418
29233,Germany,Riots,53.5675,9.9418
29234,Germany,Riots,53.5675,9.9418
29235,Germany,Riots,53.5675,9.9418
29236,Germany,Riots,53.5675,9.9418
29237,Germany,Riots,53.5675,9.9418
29238,Germany,Riots,53.5675,9.9418
29239,Germany,Riots,53.5675,9.9418
29240,Germany,Riots,53.5675,9.9418
29241,Germany,Riots,53.5675,9.9418
29242,Germany,Riots,53.5675,9.9418
29243,Germany,Riots,53.5675,9.9418
29244,Germany,Riots,53.5675,9.9418
29245,Germany,Riots,53.5675,9.9418
29246,Germany,Riots,53.5675,9.9418
29247,Germany,Riots,53.5675,9.9418
29248,Germany,Riots,53.5675,9.9418
29249,Germany,Riots,53.5675,9.9418
29250,Germany,Riots,53.5675,9.9418
29251,Germany,Riots,53.5675,9.9418
29252,Germany,Riots,53.5675,9.9418
29253,Germany,Riots,53.5675,9.9418
29254,Germany,Riots,53.5675,9.9418
29255,Germany,Riots,53.5675,9.9418
29256,Germany,Riots,53.5675,9.9418
29257,Germany,Riots,53.5675,9.9418
29258,Germany,Riots,53.5675,9.9418
29259,Germany,Riots,53.5675,9.9418
29260,Germany,Riots,53.5675,9.9418
29261,Germany,Riots,53.5675,9.9418
29262,Germany,Riots,53.5675,9.9418
29263,Germany,Riots,53.5675,9.9418
29264,Germany,Riots,53.5675,9.9418
29265,Germany,Riots,53.5675,9.9418
29299,Germany,Violence against civilians,53.5675,9.9418
29300,Germany,Violence against civilians,53.5675,9.9418
29301,Germany,Violence against civilians,53.5675,9.9418
29302,Germany,Violence against civilians,53.5675,9.9418
29303,Germany,Violence against civilians,53.5675,9.9418
29619,Germany,Riots,50.5255,9.0181
29620,Germany,Riots,50.5255,9.0181
29621,Germany,Riots,50.5255,9.0181
29622,Germany,Riots,50.5255,9.0181
29623,Germany,Riots,50.5255,9.0181
29624,Germany,Riots,50.5255,9.0181
29625,Germany,Riots,50.5255,9.0181
29626,Germany,Riots,50.5255,9.0181
29627,Germany,Riots,50.5255,9.0181
29628,Germany,Riots,50.5255,9.0181
29629,Germany,Riots,50.5255,9.0181
29630,Germany,Riots,50.5255,9.0181
29631,Germany,Riots,50.5255,9.0181
29632,Germany,Riots,50.5255,9.0181
29633,Germany,Riots,50.5255,9.0181
29634,Germany,Riots,50.5255,9.0181
29635,Germany,Riots,50.5255,9.0181
29636,Germany,Riots,50.5255,9.0181
29637,Germany,Riots,50.5255,9.0181
29638,Germany,Riots,50.5255,9.0181
29639,Germany,Riots,50.5255,9.0181
29640,Germany,Riots,50.5255,9.0181
29641,Germany,Riots,50.5255,9.0181
29642,Germany,Riots,50.5255,9.0181
29643,Germany,Riots,50.5255,9.0181
29644,Germany,Riots,50.5255,9.0181
29645,Germany,Riots,50.5255,9.0181
29646,Germany,Riots,50.5255,9.0181
29647,Germany,Riots,50.5255,9.0181
29648,Germany,Riots,50.5255,9.0181
29649,Germany,Riots,50.5255,9.0181
29650,Germany,Riots,50.5255,9.0181
29651,Germany,Riots,50.5255,9.0181
29652,Germany,Riots,50.5255,9.0181
29653,Germany,Riots,50.5255,9.0181
29654,Germany,Riots,50.5255,9.0181
29655,Germany,Riots,50.5255,9.0181
29656,Germany,Riots,50.5255,9.0181
29657,Germany,Riots,50.5255,9.0181
29658,Germany,Riots,50.5255,9.0181
29702,Germany,Violence against civilians,50.5255,9.0181
29703,Germany,Violence against civilians,50.5255,9.0181
29704,Germany,Violence against civilians,50.5255,9.0181
29705,Germany,Violence against civilians,50.5255,9.0181
29706,Germany,Violence against civilians,50.5255,9.0181
29977,Germany,Riots,53.7964,12.3528
29978,Germany,Riots,53.7964,12.3528
29979,Germany,Riots,53.7964,12.3528
29980,Germany,Riots,53.7964,12.3528
29981,Germany,Riots,53.7964,12.3528
29982,Germany,Riots,53.7964,12.3528
29983,Germany,Riots,53.7964,12.3528
29984,Germany,Riots,53.7964,12.3528
29985,Germany,Riots,53.7964,12.3528
29986,Germany,Riots,53.7964,12.3528
29987,Germany,Riots,53.7964,12.3528
29988,Germany,Riots,53.7964,12.3528
29989,Germany,Riots,53.7964,12.3528
29990,Germany,Riots,53.7964,12.3528
29991,Germany,Riots,53.7964,12.3528
29992,Germany,Riots,53.7964,12.3528
29993,Germany,Riots,53.7964,12.3528
29994,Germany,Riots,53.7964,12.3528
29995,Germany,Riots,53.7964,12.3528
29996,Germany,Riots,53.7964,12.3528
29997,Germany,Riots,53.7964,12.3528
30020,Germany,Violence against civilians,53.7964,12.3528
30021,Germany,Explosions/Remote violence,52.5923,8.835
30022,Germany,Explosions/Remote violence,52.5923,8.835
30354,Germany,Riots,52.5923,8.835
30355,Germany,Riots,52.5923,8.835
30356,Germany,Riots,52.5923,8.835
30357,Germany,Riots,52.5923,8.835
30358,Germany,Riots,52.5923,8.835
30359,Germany,Riots,52.5923,8.835
30360,Germany,Riots,52.5923,8.835
30361,Germany,Riots,52.5923,8.835
30362,Germany,Riots,52.5923,8.835
30363,Germany,Riots,52.5923,8.835
30364,Germany,Riots,52.5923,8.835
30365,Germany,Riots,52.5923,8.835
30366,Germany,Riots,52.5923,8.835
30367,Germany,Riots,52.5923,8.835
30368,Germany,Riots,52.5923,8.835
30369,Germany,Riots,52.5923,8.835
30370,Germany,Riots,52.5923,8.835
30371,Germany,Riots,52.5923,8.835
30372,Germany,Riots,52.5923,8.835
30373,Germany,Riots,52.5923,8.835
30374,Germany,Riots,52.5923,8.835
30375,Germany,Riots,52.5923,8.835
30376,Germany,Riots,52.5923,8.835
30377,Germany,Riots,52.5923,8.835
30378,Germany,Riots,52.5923,8.835
30379,Germany,Riots,52.5923,8.835
30380,Germany,Riots,52.5923,8.835
30381,Germany,Riots,52.5923,8.835
30382,Germany,Riots,52.5923,8.835
30383,Germany,Riots,52.5923,8.835
30384,Germany,Riots,52.5923,8.835
30385,Germany,Riots,52.5923,8.835
30386,Germany,Riots,52.5923,8.835
30387,Germany,Riots,52.5923,8.835
30388,Germany,Riots,52.5923,8.835
30389,Germany,Riots,52.5923,8.835
30390,Germany,Riots,52.5923,8.835
30391,Germany,Riots,52.5923,8.835
30392,Germany,Riots,52.5923,8.835
30393,Germany,Riots,52.5923,8.835
30394,Germany,Riots,52.5923,8.835
30395,Germany,Riots,52.5923,8.835
30396,Germany,Riots,52.5923,8.835
30397,Germany,Riots,52.5923,8.835
30398,Germany,Riots,52.5923,8.835
30399,Germany,Riots,52.5923,8.835
30400,Germany,Riots,52.5923,8.835
30401,Germany,Riots,52.5923,8.835
30402,Germany,Riots,52.5923,8.835
30403,Germany,Riots,52.5923,8.835
30450,Germany,Violence against civilians,52.5923,8.835
30451,Germany,Violence against civilians,52.5923,8.835
30452,Germany,Violence against civilians,52.5923,8.835
30453,Germany,Violence against civilians,52.5923,8.835
30454,Germany,Violence against civilians,52.5923,8.835
30455,Germany,Violence against civilians,52.5923,8.835
30457,Germany,Explosions/Remote violence,51.4271,7.5809
30458,Germany,Explosions/Remote violence,51.4271,7.5809
30845,Germany,Riots,51.4271,7.5809
30846,Germany,Riots,51.4271,7.5809
30847,Germany,Riots,51.4271,7.5809
30848,Germany,Riots,51.4271,7.5809
30849,Germany,Riots,51.4271,7.5809
30850,Germany,Riots,51.4271,7.5809
30851,Germany,Riots,51.4271,7.5809
30852,Germany,Riots,51.4271,7.5809
30853,Germany,Riots,51.4271,7.5809
30854,Germany,Riots,51.4271,7.5809
30855,Germany,Riots,51.4271,7.5809
30856,Germany,Riots,51.4271,7.5809
30857,Germany,Riots,51.4271,7.5809
30858,Germany,Riots,51.4271,7.5809
30859,Germany,Riots,51.4271,7.5809
30860,Germany,Riots,51.4271,7.5809
30861,Germany,Riots,51.4271,7.5809
30862,Germany,Riots,51.4271,7.5809
30863,Germany,Riots,51.4271,7.5809
30864,Germany,Riots,51.4271,7.5809
30865,Germany,Riots,51.4271,7.5809
30866,Germany,Riots,51.4271,7.5809
30867,Germany,Riots,51.4271,7.5809
30868,Germany,Riots,51.4271,7.5809
30869,Germany,Riots,51.4271,7.5809
30870,Germany,Riots,51.4271,7.5809
30871,Germany,Riots,51.4271,7.5809
30872,Germany,Riots,51.4271,7.5809
30873,Germany,Riots,51.4271,7.5809
30874,Germany,Riots,51.4271,7.5809
30875,Germany,Riots,51.4271,7.5809
30876,Germany,Riots,51.4271,7.5809
30877,Germany,Riots,51.4271,7.5809
30878,Germany,Riots,51.4271,7.5809
30879,Germany,Riots,51.4271,7.5809
30880,Germany,Riots,51.4271,7.5809
30881,Germany,Riots,51.4271,7.5809
30882,Germany,Riots,51.4271,7.5809
30883,Germany,Riots,51.4271,7.5809
30884,Germany,Riots,51.4271,7.5809
30885,Germany,Riots,51.4271,7.5809
30886,Germany,Riots,51.4271,7.5809
30887,Germany,Riots,51.4271,7.5809
30888,Germany,Riots,51.4271,7.5809
30889,Germany,Riots,51.4271,7.5809
30890,Germany,Riots,51.4271,7.5809
30891,Germany,Riots,51.4271,7.5809
30892,Germany,Riots,51.4271,7.5809
30893,Germany,Riots,51.4271,7.5809
30894,Germany,Riots,51.4271,7.5809
30895,Germany,Riots,51.4271,7.5809
30896,Germany,Riots,51.4271,7.5809
30897,Germany,Riots,51.4271,7.5809
30898,Germany,Riots,51.4271,7.5809
30899,Germany,Riots,51.4271,7.5809
30900,Germany,Riots,51.4271,7.5809
30901,Germany,Riots,51.4271,7.5809
30902,Germany,Riots,51.4271,7.5809
30903,Germany,Riots,51.4271,7.5809
30904,Germany,Riots,51.4271,7.5809
30905,Germany,Riots,51.4271,7.5809
30906,Germany,Riots,51.4271,7.5809
30907,Germany,Riots,51.4271,7.5809
30908,Germany,Riots,51.4271,7.5809
30909,Germany,Riots,51.4271,7.5809
30910,Germany,Riots,51.4271,7.5809
30911,Germany,Riots,51.4271,7.5809
30912,Germany,Riots,51.4271,7.5809
30991,Germany,Violence against civilians,51.4271,7.5809
30992,Germany,Violence against civilians,51.4271,7.5809
30993,Germany,Violence against civilians,51.4271,7.5809
30994,Germany,Violence against civilians,51.4271,7.5809
30995,Germany,Violence against civilians,51.4271,7.5809
30996,Germany,Violence against civilians,51.4271,7.5809
30997,Germany,Violence against civilians,51.4271,7.5809
30998,Germany,Violence against civilians,51.4271,7.5809
31248,Germany,Riots,49.9542,7.2745
31249,Germany,Riots,49.9542,7.2745
31250,Germany,Riots,49.9542,7.2745
31251,Germany,Riots,49.9542,7.2745
31252,Germany,Riots,49.9542,7.2745
31253,Germany,Riots,49.9542,7.2745
31254,Germany,Riots,49.9542,7.2745
31255,Germany,Riots,49.9542,7.2745
31256,Germany,Riots,49.9542,7.2745
31257,Germany,Riots,49.9542,7.2745
31258,Germany,Riots,49.9542,7.2745
31259,Germany,Riots,49.9542,7.2745
31260,Germany,Riots,49.9542,7.2745
31261,Germany,Riots,49.9542,7.2745
31281,Germany,Violence against civilians,49.9542,7.2745
31501,Germany,Riots,49.3769,6.9704
31505,Germany,Violence against civilians,49.3769,6.9704
31506,Germany,Violence against civilians,49.3769,6.9704
31507,Germany,Explosions/Remote violence,50.9282,13.5213
31836,Germany,Riots,50.9282,13.5213
31837,Germany,Riots,50.9282,13.5213
31838,Germany,Riots,50.9282,13.5213
31839,Germany,Riots,50.9282,13.5213
31840,Germany,Riots,50.9282,13.5213
31841,Germany,Riots,50.9282,13.5213
31842,Germany,Riots,50.9282,13.5213
31843,Germany,Riots,50.9282,13.5213
31844,Germany,Riots,50.9282,13.5213
31845,Germany,Riots,50.9282,13.5213
31846,Germany,Riots,50.9282,13.5213
31847,Germany,Riots,50.9282,13.5213
31848,Germany,Riots,50.9282,13.5213
31849,Germany,Riots,50.9282,13.5213
31850,Germany,Riots,50.9282,13.5213
31851,Germany,Riots,50.9282,13.5213
31852,Germany,Riots,50.9282,13.5213
31853,Germany,Riots,50.9282,13.5213
31854,Germany,Riots,50.9282,13.5213
31855,Germany,Riots,50.9282,13.5213
31856,Germany,Riots,50.9282,13.5213
31857,Germany,Riots,50.9282,13.5213
31858,Germany,Riots,50.9282,13.5213
31859,Germany,Riots,50.9282,13.5213
31860,Germany,Riots,50.9282,13.5213
31861,Germany,Riots,50.9282,13.5213
31862,Germany,Riots,50.9282,13.5213
31863,Germany,Riots,50.9282,13.5213
31864,Germany,Riots,50.9282,13.5213
31865,Germany,Riots,50.9282,13.5213
31866,Germany,Riots,50.9282,13.5213
31867,Germany,Riots,50.9282,13.5213
31868,Germany,Riots,50.9282,13.5213
31869,Germany,Riots,50.9282,13.5213
31870,Germany,Riots,50.9282,13.5213
31871,Germany,Riots,50.9282,13.5213
31872,Germany,Riots,50.9282,13.5213
31873,Germany,Riots,50.9282,13.5213
31874,Germany,Riots,50.9282,13.5213
31875,Germany,Riots,50.9282,13.5213
31876,Germany,Riots,50.9282,13.5213
31877,Germany,Riots,50.9282,13.5213
31878,Germany,Riots,50.9282,13.5213
31879,Germany,Riots,50.9282,13.5213
31880,Germany,Riots,50.9282,13.5213
31881,Germany,Riots,50.9282,13.5213
31882,Germany,Riots,50.9282,13.5213
31883,Germany,Riots,50.9282,13.5213
31884,Germany,Riots,50.9282,13.5213
31885,Germany,Riots,50.9282,13.5213
31886,Germany,Riots,50.9282,13.5213
31887,Germany,Riots,50.9282,13.5213
31888,Germany,Riots,50.9282,13.5213
31889,Germany,Riots,50.9282,13.5213
31890,Germany,Riots,50.9282,13.5213
31891,Germany,Riots,50.9282,13.5213
31892,Germany,Riots,50.9282,13.5213
31893,Germany,Riots,50.9282,13.5213
31894,Germany,Riots,50.9282,13.5213
31895,Germany,Riots,50.9282,13.5213
31896,Germany,Riots,50.9282,13.5213
31897,Germany,Riots,50.9282,13.5213
31898,Germany,Riots,50.9282,13.5213
31899,Germany,Riots,50.9282,13.5213
31900,Germany,Riots,50.9282,13.5213
31901,Germany,Riots,50.9282,13.5213
31902,Germany,Riots,50.9282,13.5213
31903,Germany,Riots,50.9282,13.5213
31904,Germany,Riots,50.9282,13.5213
31905,Germany,Riots,50.9282,13.5213
31906,Germany,Riots,50.9282,13.5213
31907,Germany,Riots,50.9282,13.5213
31908,Germany,Riots,50.9282,13.5213
31909,Germany,Riots,50.9282,13.5213
31910,Germany,Riots,50.9282,13.5213
31911,Germany,Riots,50.9282,13.5213
31912,Germany,Riots,50.9282,13.5213
31913,Germany,Riots,50.9282,13.5213
31914,Germany,Riots,50.9282,13.5213
31915,Germany,Riots,50.9282,13.5213
31916,Germany,Riots,50.9282,13.5213
31917,Germany,Riots,50.9282,13.5213
31918,Germany,Riots,50.9282,13.5213
31919,Germany,Riots,50.9282,13.5213
31920,Germany,Riots,50.9282,13.5213
31921,Germany,Riots,50.9282,13.5213
31922,Germany,Riots,50.9282,13.5213
31923,Germany,Riots,50.9282,13.5213
31924,Germany,Riots,50.9282,13.5213
31925,Germany,Riots,50.9282,13.5213
31926,Germany,Riots,50.9282,13.5213
31927,Germany,Riots,50.9282,13.5213
31928,Germany,Riots,50.9282,13.5213
31929,Germany,Riots,50.9282,13.5213
31930,Germany,Riots,50.9282,13.5213
31931,Germany,Riots,50.9282,13.5213
31932,Germany,Riots,50.9282,13.5213
31933,Germany,Riots,50.9282,13.5213
31934,Germany,Riots,50.9282,13.5213
31935,Germany,Riots,50.9282,13.5213
31936,Germany,Riots,50.9282,13.5213
31937,Germany,Riots,50.9282,13.5213
31938,Germany,Riots,50.9282,13.5213
31939,Germany,Riots,50.9282,13.5213
31940,Germany,Riots,50.9282,13.5213
31941,Germany,Riots,50.9282,13.5213
31942,Germany,Riots,50.9282,13.5213
32036,Germany,Violence against civilians,50.9282,13.5213
32037,Germany,Violence against civilians,50.9282,13.5213
32038,Germany,Violence against civilians,50.9282,13.5213
32039,Germany,Violence against civilians,50.9282,13.5213
32040,Germany,Violence against civilians,50.9282,13.5213
32041,Germany,Violence against civilians,50.9282,13.5213
32042,Germany,Violence against civilians,50.9282,13.5213
32043,Germany,Violence against civilians,50.9282,13.5213
32044,Germany,Explosions/Remote violence,51.9908,11.5586
32292,Germany,Riots,51.9908,11.5586
32293,Germany,Riots,51.9908,11.5586
32294,Germany,Riots,51.9908,11.5586
32295,Germany,Riots,51.9908,11.5586
32296,Germany,Riots,51.9908,11.5586
32297,Germany,Riots,51.9908,11.5586
32298,Germany,Riots,51.9908,11.5586
32299,Germany,Riots,51.9908,11.5586
32300,Germany,Riots,51.9908,11.5586
32301,Germany,Riots,51.9908,11.5586
32302,Germany,Riots,51.9908,11.5586
32303,Germany,Riots,51.9908,11.5586
32304,Germany,Riots,51.9908,11.5586
32305,Germany,Riots,51.9908,11.5586
32306,Germany,Riots,51.9908,11.5586
32307,Germany,Riots,51.9908,11.5586
32308,Germany,Riots,51.9908,11.5586
32309,Germany,Riots,51.9908,11.5586
32310,Germany,Riots,51.9908,11.5586
32311,Germany,Riots,51.9908,11.5586
32312,Germany,Riots,51.9908,11.5586
32313,Germany,Riots,51.9908,11.5586
32314,Germany,Riots,51.9908,11.5586
32336,Germany,Violence against civilians,51.9908,11.5586
32337,Germany,Violence against civilians,51.9908,11.5586
32338,Germany,Violence against civilians,51.9908,11.5586
32339,Germany,Violence against civilians,51.9908,11.5586
32340,Germany,Violence against civilians,51.9908,11.5586
32619,Germany,Riots,54.2079,9.9574
32620,Germany,Riots,54.2079,9.9574
32621,Germany,Riots,54.2079,9.9574
32622,Germany,Riots,54.2079,9.9574
32623,Germany,Riots,54.2079,9.9574
32624,Germany,Riots,54.2079,9.9574
32625,Germany,Riots,54.2079,9.9574
32626,Germany,Riots,54.2079,9.9574
32627,Germany,Riots,54.2079,9.9574
32628,Germany,Riots,54.2079,9.9574
32629,Germany,Riots,54.2079,9.9574
32630,Germany,Riots,54.2079,9.9574
32631,Germany,Riots,54.2079,9.9574
32632,Germany,Riots,54.2079,9.9574
32633,Germany,Riots,54.2079,9.9574
32634,Germany,Riots,54.2079,9.9574
32635,Germany,Riots,54.2079,9.9574
32664,Germany,Violence against civilians,54.2079,9.9574
32898,Germany,Riots,50.9267,11.3149
32899,Germany,Riots,50.9267,11.3149
32900,Germany,Riots,50.9267,11.3149
32901,Germany,Riots,50.9267,11.3149
32902,Germany,Riots,50.9267,11.3149
32903,Germany,Riots,50.9267,11.3149
32904,Germany,Riots,50.9267,11.3149
32905,Germany,Riots,50.9267,11.3149
32906,Germany,Riots,50.9267,11.3149
32907,Germany,Riots,50.9267,11.3149
32908,Germany,Riots,50.9267,11.3149
32909,Germany,Riots,50.9267,11.3149
32910,Germany,Riots,50.9267,11.3149
32911,Germany,Riots,50.9267,11.3149
32912,Germany,Riots,50.9267,11.3149
32913,Germany,Riots,50.9267,11.3149
32914,Germany,Riots,50.9267,11.3149
32915,Germany,Riots,50.9267,11.3149
32916,Germany,Riots,50.9267,11.3149
32917,Germany,Riots,50.9267,11.3149
32918,Germany,Riots,50.9267,11.3149
32919,Germany,Riots,50.9267,11.3149
32920,Germany,Riots,50.9267,11.3149
32949,Germany,Violence against civilians,50.9267,11.3149
32950,Germany,Violence against civilians,50.9267,11.3149
32951,Germany,Violence against civilians,50.9267,11.3149
33070,Greece,Riots,37.7203,26.8212
33071,Greece,Riots,37.7203,26.8212
33072,Greece,Riots,37.7203,26.8212
33073,Greece,Riots,37.7203,26.8212
33074,Greece,Riots,37.7203,26.8212
33075,Greece,Riots,37.7203,26.8212
33076,Greece,Riots,37.7203,26.8212
33077,Greece,Riots,37.7203,26.8212
33078,Greece,Riots,37.7203,26.8212
33079,Greece,Riots,37.7203,26.8212
33080,Greece,Riots,37.7203,26.8212
33081,Greece,Riots,37.7203,26.8212
33082,Greece,Riots,37.7203,26.8212
33083,Greece,Riots,37.7203,26.8212
33084,Greece,Riots,37.7203,26.8212
33085,Greece,Riots,37.7203,26.8212
33086,Greece,Riots,37.7203,26.8212
33087,Greece,Riots,37.7203,26.8212
33088,Greece,Riots,37.7203,26.8212
33089,Greece,Riots,37.7203,26.8212
33090,Greece,Riots,37.7203,26.8212
33091,Greece,Riots,37.7203,26.8212
33092,Greece,Riots,37.7203,26.8212
33093,Greece,Riots,37.7203,26.8212
33094,Greece,Riots,37.7203,26.8212
33095,Greece,Riots,37.7203,26.8212
33096,Greece,Riots,37.7203,26.8212
33097,Greece,Riots,37.7203,26.8212
33098,Greece,Riots,37.7203,26.8212
33099,Greece,Riots,37.7203,26.8212
33100,Greece,Riots,37.7203,26.8212
33101,Greece,Riots,37.7203,26.8212
33102,Greece,Riots,37.7203,26.8212
33103,Greece,Riots,37.7203,26.8212
33104,Greece,Riots,37.7203,26.8212
33105,Greece,Riots,37.7203,26.8212
33106,Greece,Riots,37.7203,26.8212
33107,Greece,Riots,37.7203,26.8212
33108,Greece,Riots,37.7203,26.8212
33109,Greece,Riots,37.7203,26.8212
33110,Greece,Riots,37.7203,26.8212
33111,Greece,Riots,37.7203,26.8212
33112,Greece,Riots,37.7203,26.8212
33113,Greece,Riots,37.7203,26.8212
33238,Greece,Violence against civilians,37.7203,26.8212
33239,Greece,Violence against civilians,37.7203,26.8212
33240,Greece,Violence against civilians,37.7203,26.8212
33241,Greece,Violence against civilians,37.7203,26.8212
33242,Greece,Violence against civilians,37.7203,26.8212
33243,Greece,Violence against civilians,37.7203,26.8212
33244,Greece,Violence against civilians,37.7203,26.8212
33245,Greece,Violence against civilians,37.7203,26.8212
33246,Greece,Violence against civilians,37.7203,26.8212
33247,Greece,Violence against civilians,37.7203,26.8212
33248,Greece,Violence against civilians,37.7203,26.8212
33249,Greece,Violence against civilians,37.7203,26.8212
33250,Greece,Violence against civilians,37.7203,26.8212
33251,Greece,Violence against civilians,37.7203,26.8212
33252,Greece,Violence against civilians,37.7203,26.8212
33253,Greece,Violence against civilians,37.7203,26.8212
33254,Greece,Violence against civilians,37.7203,26.8212
33255,Greece,Violence against civilians,37.7203,26.8212
33256,Greece,Violence against civilians,37.7203,26.8212
33257,Greece,Violence against civilians,37.7203,26.8212
33258,Greece,Violence against civilians,37.7203,26.8212
33259,Greece,Violence against civilians,37.7203,26.8212
33260,Greece,Violence against civilians,37.7203,26.8212
33261,Greece,Violence against civilians,37.7203,26.8212
33262,Greece,Violence against civilians,37.7203,26.8212
33263,Greece,Violence against civilians,37.7203,26.8212
33264,Greece,Violence against civilians,37.7203,26.8212
33265,Greece,Violence against civilians,37.7203,26.8212
33291,Greece,Violence against civilians,38.9244,25.2103
33292,Greece,Explosions/Remote violence,40.2746,24.2194
33293,Greece,Violence against civilians,40.2746,24.2194
33299,Greece,Explosions/Remote violence,37.9941,23.8012
33300,Greece,Explosions/Remote violence,37.9941,23.8012
33301,Greece,Explosions/Remote violence,37.9941,23.8012
33302,Greece,Explosions/Remote violence,37.9941,23.8012
33303,Greece,Explosions/Remote violence,37.9941,23.8012
33304,Greece,Explosions/Remote violence,37.9941,23.8012
33305,Greece,Explosions/Remote violence,37.9941,23.8012
33306,Greece,Explosions/Remote violence,37.9941,23.8012
33307,Greece,Explosions/Remote violence,37.9941,23.8012
33308,Greece,Explosions/Remote violence,37.9941,23.8012
33309,Greece,Explosions/Remote violence,37.9941,23.8012
33310,Greece,Explosions/Remote violence,37.9941,23.8012
33311,Greece,Explosions/Remote violence,37.9941,23.8012
33312,Greece,Explosions/Remote violence,37.9941,23.8012
33313,Greece,Explosions/Remote violence,37.9941,23.8012
33314,Greece,Explosions/Remote violence,37.9941,23.8012
33315,Greece,Explosions/Remote violence,37.9941,23.8012
33316,Greece,Explosions/Remote violence,37.9941,23.8012
33317,Greece,Explosions/Remote violence,37.9941,23.8012
33318,Greece,Explosions/Remote violence,37.9941,23.8012
33319,Greece,Explosions/Remote violence,37.9941,23.8012
33320,Greece,Explosions/Remote violence,37.9941,23.8012
33321,Greece,Explosions/Remote violence,37.9941,23.8012
33322,Greece,Explosions/Remote violence,37.9941,23.8012
33323,Greece,Explosions/Remote violence,37.9941,23.8012
33324,Greece,Explosions/Remote violence,37.9941,23.8012
33325,Greece,Explosions/Remote violence,37.9941,23.8012
33326,Greece,Explosions/Remote violence,37.9941,23.8012
33327,Greece,Explosions/Remote violence,37.9941,23.8012
33328,Greece,Explosions/Remote violence,37.9941,23.8012
33329,Greece,Explosions/Remote violence,37.9941,23.8012
33330,Greece,Explosions/Remote violence,37.9941,23.8012
33331,Greece,Explosions/Remote violence,37.9941,23.8012
33332,Greece,Explosions/Remote violence,37.9941,23.8012
33333,Greece,Explosions/Remote violence,37.9941,23.8012
33334,Greece,Explosions/Remote violence,37.9941,23.8012
33335,Greece,Explosions/Remote violence,37.9941,23.8012
33336,Greece,Explosions/Remote violence,37.9941,23.8012
33337,Greece,Explosions/Remote violence,37.9941,23.8012
33338,Greece,Explosions/Remote violence,37.9941,23.8012
33339,Greece,Explosions/Remote violence,37.9941,23.8012
33340,Greece,Explosions/Remote violence,37.9941,23.8012
33341,Greece,Explosions/Remote violence,37.9941,23.8012
33342,Greece,Explosions/Remote violence,37.9941,23.8012
33343,Greece,Explosions/Remote violence,37.9941,23.8012
33344,Greece,Explosions/Remote violence,37.9941,23.8012
33345,Greece,Explosions/Remote violence,37.9941,23.8012
33346,Greece,Explosions/Remote violence,37.9941,23.8012
33347,Greece,Explosions/Remote violence,37.9941,23.8012
33348,Greece,Explosions/Remote violence,37.9941,23.8012
33349,Greece,Explosions/Remote violence,37.9941,23.8012
33350,Greece,Explosions/Remote violence,37.9941,23.8012
33351,Greece,Explosions/Remote violence,37.9941,23.8012
33352,Greece,Explosions/Remote violence,37.9941,23.8012
33353,Greece,Explosions/Remote violence,37.9941,23.8012
33354,Greece,Explosions/Remote violence,37.9941,23.8012
33355,Greece,Explosions/Remote violence,37.9941,23.8012
33356,Greece,Explosions/Remote violence,37.9941,23.8012
33357,Greece,Explosions/Remote violence,37.9941,23.8012
33358,Greece,Explosions/Remote violence,37.9941,23.8012
33359,Greece,Explosions/Remote violence,37.9941,23.8012
33360,Greece,Explosions/Remote violence,37.9941,23.8012
33361,Greece,Explosions/Remote violence,37.9941,23.8012
33362,Greece,Explosions/Remote violence,37.9941,23.8012
33363,Greece,Explosions/Remote violence,37.9941,23.8012
33364,Greece,Explosions/Remote violence,37.9941,23.8012
33365,Greece,Explosions/Remote violence,37.9941,23.8012
33366,Greece,Explosions/Remote violence,37.9941,23.8012
33367,Greece,Explosions/Remote violence,37.9941,23.8012
33368,Greece,Explosions/Remote violence,37.9941,23.8012
33369,Greece,Explosions/Remote violence,37.9941,23.8012
33370,Greece,Explosions/Remote violence,37.9941,23.8012
33371,Greece,Explosions/Remote violence,37.9941,23.8012
33372,Greece,Explosions/Remote violence,37.9941,23.8012
33373,Greece,Explosions/Remote violence,37.9941,23.8012
33374,Greece,Explosions/Remote violence,37.9941,23.8012
33375,Greece,Explosions/Remote violence,37.9941,23.8012
33376,Greece,Explosions/Remote violence,37.9941,23.8012
33377,Greece,Explosions/Remote violence,37.9941,23.8012
33378,Greece,Explosions/Remote violence,37.9941,23.8012
33379,Greece,Explosions/Remote violence,37.9941,23.8012
33838,Greece,Riots,37.9941,23.8012
33839,Greece,Riots,37.9941,23.8012
33840,Greece,Riots,37.9941,23.8012
33841,Greece,Riots,37.9941,23.8012
33842,Greece,Riots,37.9941,23.8012
33843,Greece,Riots,37.9941,23.8012
33844,Greece,Riots,37.9941,23.8012
33845,Greece,Riots,37.9941,23.8012
33846,Greece,Riots,37.9941,23.8012
33847,Greece,Riots,37.9941,23.8012
33848,Greece,Riots,37.9941,23.8012
33849,Greece,Riots,37.9941,23.8012
33850,Greece,Riots,37.9941,23.8012
33851,Greece,Riots,37.9941,23.8012
33852,Greece,Riots,37.9941,23.8012
33853,Greece,Riots,37.9941,23.8012
33854,Greece,Riots,37.9941,23.8012
33855,Greece,Riots,37.9941,23.8012
33856,Greece,Riots,37.9941,23.8012
33857,Greece,Riots,37.9941,23.8012
33858,Greece,Riots,37.9941,23.8012
33859,Greece,Riots,37.9941,23.8012
33860,Greece,Riots,37.9941,23.8012
33861,Greece,Riots,37.9941,23.8012
33862,Greece,Riots,37.9941,23.8012
33863,Greece,Riots,37.9941,23.8012
33864,Greece,Riots,37.9941,23.8012
33865,Greece,Riots,37.9941,23.8012
33866,Greece,Riots,37.9941,23.8012
33867,Greece,Riots,37.9941,23.8012
33868,Greece,Riots,37.9941,23.8012
33869,Greece,Riots,37.9941,23.8012
33870,Greece,Riots,37.9941,23.8012
33871,Greece,Riots,37.9941,23.8012
33872,Greece,Riots,37.9941,23.8012
33873,Greece,Riots,37.9941,23.8012
33874,Greece,Riots,37.9941,23.8012
33875,Greece,Riots,37.9941,23.8012
33876,Greece,Riots,37.9941,23.8012
33877,Greece,Riots,37.9941,23.8012
33878,Greece,Riots,37.9941,23.8012
33879,Greece,Riots,37.9941,23.8012
33880,Greece,Riots,37.9941,23.8012
33881,Greece,Riots,37.9941,23.8012
33882,Greece,Riots,37.9941,23.8012
33883,Greece,Riots,37.9941,23.8012
33884,Greece,Riots,37.9941,23.8012
33885,Greece,Riots,37.9941,23.8012
33886,Greece,Riots,37.9941,23.8012
33887,Greece,Riots,37.9941,23.8012
33888,Greece,Riots,37.9941,23.8012
33889,Greece,Riots,37.9941,23.8012
33890,Greece,Riots,37.9941,23.8012
33891,Greece,Riots,37.9941,23.8012
33892,Greece,Riots,37.9941,23.8012
33893,Greece,Riots,37.9941,23.8012
33894,Greece,Riots,37.9941,23.8012
33895,Greece,Riots,37.9941,23.8012
33896,Greece,Riots,37.9941,23.8012
33897,Greece,Riots,37.9941,23.8012
33898,Greece,Riots,37.9941,23.8012
33899,Greece,Riots,37.9941,23.8012
33900,Greece,Riots,37.9941,23.8012
33901,Greece,Riots,37.9941,23.8012
33902,Greece,Riots,37.9941,23.8012
33903,Greece,Riots,37.9941,23.8012
33904,Greece,Riots,37.9941,23.8012
33905,Greece,Riots,37.9941,23.8012
33906,Greece,Riots,37.9941,23.8012
33907,Greece,Riots,37.9941,23.8012
33908,Greece,Riots,37.9941,23.8012
33909,Greece,Riots,37.9941,23.8012
33910,Greece,Riots,37.9941,23.8012
33911,Greece,Riots,37.9941,23.8012
33912,Greece,Riots,37.9941,23.8012
33913,Greece,Riots,37.9941,23.8012
33914,Greece,Riots,37.9941,23.8012
33915,Greece,Riots,37.9941,23.8012
33916,Greece,Riots,37.9941,23.8012
33917,Greece,Riots,37.9941,23.8012
33918,Greece,Riots,37.9941,23.8012
33919,Greece,Riots,37.9941,23.8012
33920,Greece,Riots,37.9941,23.8012
33921,Greece,Riots,37.9941,23.8012
33922,Greece,Riots,37.9941,23.8012
33923,Greece,Riots,37.9941,23.8012
33924,Greece,Riots,37.9941,23.8012
33925,Greece,Riots,37.9941,23.8012
33926,Greece,Riots,37.9941,23.8012
33927,Greece,Riots,37.9941,23.8012
33928,Greece,Riots,37.9941,23.8012
33929,Greece,Riots,37.9941,23.8012
33930,Greece,Riots,37.9941,23.8012
33931,Greece,Riots,37.9941,23.8012
33932,Greece,Riots,37.9941,23.8012
33933,Greece,Riots,37.9941,23.8012
33934,Greece,Riots,37.9941,23.8012
33935,Greece,Riots,37.9941,23.8012
33936,Greece,Riots,37.9941,23.8012
33937,Greece,Riots,37.9941,23.8012
33938,Greece,Riots,37.9941,23.8012
33939,Greece,Riots,37.9941,23.8012
33940,Greece,Riots,37.9941,23.8012
33941,Greece,Riots,37.9941,23.8012
33942,Greece,Riots,37.9941,23.8012
33943,Greece,Riots,37.9941,23.8012
33944,Greece,Riots,37.9941,23.8012
33945,Greece,Riots,37.9941,23.8012
33946,Greece,Riots,37.9941,23.8012
33947,Greece,Riots,37.9941,23.8012
33948,Greece,Riots,37.9941,23.8012
33949,Greece,Riots,37.9941,23.8012
33950,Greece,Riots,37.9941,23.8012
33951,Greece,Riots,37.9941,23.8012
33952,Greece,Riots,37.9941,23.8012
33953,Greece,Riots,37.9941,23.8012
33954,Greece,Riots,37.9941,23.8012
33955,Greece,Riots,37.9941,23.8012
33956,Greece,Riots,37.9941,23.8012
33957,Greece,Riots,37.9941,23.8012
33958,Greece,Riots,37.9941,23.8012
33959,Greece,Riots,37.9941,23.8012
33960,Greece,Riots,37.9941,23.8012
33961,Greece,Riots,37.9941,23.8012
33962,Greece,Riots,37.9941,23.8012
33963,Greece,Riots,37.9941,23.8012
33964,Greece,Riots,37.9941,23.8012
33965,Greece,Riots,37.9941,23.8012
33966,Greece,Riots,37.9941,23.8012
33967,Greece,Riots,37.9941,23.8012
33968,Greece,Riots,37.9941,23.8012
33969,Greece,Riots,37.9941,23.8012
33970,Greece,Riots,37.9941,23.8012
33971,Greece,Riots,37.9941,23.8012
33972,Greece,Riots,37.9941,23.8012
33973,Greece,Riots,37.9941,23.8012
33974,Greece,Riots,37.9941,23.8012
33975,Greece,Riots,37.9941,23.8012
33976,Greece,Riots,37.9941,23.8012
33977,Greece,Riots,37.9941,23.8012
33978,Greece,Riots,37.9941,23.8012
33979,Greece,Riots,37.9941,23.8012
33980,Greece,Riots,37.9941,23.8012
33981,Greece,Riots,37.9941,23.8012
33982,Greece,Riots,37.9941,23.8012
33983,Greece,Riots,37.9941,23.8012
33984,Greece,Riots,37.9941,23.8012
33985,Greece,Riots,37.9941,23.8012
33986,Greece,Riots,37.9941,23.8012
33987,Greece,Riots,37.9941,23.8012
33988,Greece,Riots,37.9941,23.8012
33989,Greece,Riots,37.9941,23.8012
33990,Greece,Riots,37.9941,23.8012
33991,Greece,Riots,37.9941,23.8012
33992,Greece,Riots,37.9941,23.8012
33993,Greece,Riots,37.9941,23.8012
33994,Greece,Riots,37.9941,23.8012
33995,Greece,Riots,37.9941,23.8012
33996,Greece,Riots,37.9941,23.8012
33997,Greece,Riots,37.9941,23.8012
33998,Greece,Riots,37.9941,23.8012
33999,Greece,Riots,37.9941,23.8012
34000,Greece,Riots,37.9941,23.8012
34001,Greece,Riots,37.9941,23.8012
34002,Greece,Riots,37.9941,23.8012
34003,Greece,Riots,37.9941,23.8012
34004,Greece,Riots,37.9941,23.8012
34005,Greece,Riots,37.9941,23.8012
34006,Greece,Riots,37.9941,23.8012
34007,Greece,Riots,37.9941,23.8012
34008,Greece,Riots,37.9941,23.8012
34009,Greece,Riots,37.9941,23.8012
34010,Greece,Riots,37.9941,23.8012
34011,Greece,Riots,37.9941,23.8012
34012,Greece,Riots,37.9941,23.8012
34013,Greece,Riots,37.9941,23.8012
34014,Greece,Riots,37.9941,23.8012
34015,Greece,Riots,37.9941,23.8012
34016,Greece,Riots,37.9941,23.8012
34017,Greece,Riots,37.9941,23.8012
34018,Greece,Riots,37.9941,23.8012
34019,Greece,Riots,37.9941,23.8012
34020,Greece,Riots,37.9941,23.8012
34021,Greece,Riots,37.9941,23.8012
34022,Greece,Riots,37.9941,23.8012
34023,Greece,Riots,37.9941,23.8012
34024,Greece,Riots,37.9941,23.8012
34025,Greece,Riots,37.9941,23.8012
34026,Greece,Riots,37.9941,23.8012
34027,Greece,Riots,37.9941,23.8012
34028,Greece,Riots,37.9941,23.8012
34029,Greece,Riots,37.9941,23.8012
34030,Greece,Riots,37.9941,23.8012
34031,Greece,Riots,37.9941,23.8012
34032,Greece,Riots,37.9941,23.8012
34033,Greece,Riots,37.9941,23.8012
34034,Greece,Riots,37.9941,23.8012
34035,Greece,Riots,37.9941,23.8012
34036,Greece,Riots,37.9941,23.8012
34037,Greece,Riots,37.9941,23.8012
34038,Greece,Riots,37.9941,23.8012
34039,Greece,Riots,37.9941,23.8012
34040,Greece,Riots,37.9941,23.8012
34041,Greece,Riots,37.9941,23.8012
34042,Greece,Riots,37.9941,23.8012
34043,Greece,Riots,37.9941,23.8012
34044,Greece,Riots,37.9941,23.8012
34045,Greece,Riots,37.9941,23.8012
34046,Greece,Riots,37.9941,23.8012
34047,Greece,Riots,37.9941,23.8012
34048,Greece,Riots,37.9941,23.8012
34049,Greece,Riots,37.9941,23.8012
34050,Greece,Riots,37.9941,23.8012
34051,Greece,Riots,37.9941,23.8012
34052,Greece,Riots,37.9941,23.8012
34053,Greece,Riots,37.9941,23.8012
34054,Greece,Riots,37.9941,23.8012
34055,Greece,Riots,37.9941,23.8012
34056,Greece,Riots,37.9941,23.8012
34057,Greece,Riots,37.9941,23.8012
34058,Greece,Riots,37.9941,23.8012
34059,Greece,Riots,37.9941,23.8012
34060,Greece,Riots,37.9941,23.8012
34061,Greece,Riots,37.9941,23.8012
34062,Greece,Riots,37.9941,23.8012
34063,Greece,Riots,37.9941,23.8012
34064,Greece,Riots,37.9941,23.8012
34065,Greece,Riots,37.9941,23.8012
34066,Greece,Riots,37.9941,23.8012
34067,Greece,Riots,37.9941,23.8012
34068,Greece,Riots,37.9941,23.8012
34069,Greece,Riots,37.9941,23.8012
34070,Greece,Riots,37.9941,23.8012
34071,Greece,Riots,37.9941,23.8012
34072,Greece,Riots,37.9941,23.8012
34073,Greece,Riots,37.9941,23.8012
34074,Greece,Riots,37.9941,23.8012
34075,Greece,Riots,37.9941,23.8012
34076,Greece,Riots,37.9941,23.8012
34077,Greece,Riots,37.9941,23.8012
34078,Greece,Riots,37.9941,23.8012
34079,Greece,Riots,37.9941,23.8012
34080,Greece,Riots,37.9941,23.8012
34081,Greece,Riots,37.9941,23.8012
34082,Greece,Riots,37.9941,23.8012
34083,Greece,Riots,37.9941,23.8012
34084,Greece,Riots,37.9941,23.8012
34085,Greece,Riots,37.9941,23.8012
34086,Greece,Riots,37.9941,23.8012
34087,Greece,Riots,37.9941,23.8012
34088,Greece,Riots,37.9941,23.8012
34089,Greece,Riots,37.9941,23.8012
34090,Greece,Riots,37.9941,23.8012
34091,Greece,Riots,37.9941,23.8012
34092,Greece,Riots,37.9941,23.8012
34093,Greece,Riots,37.9941,23.8012
34094,Greece,Riots,37.9941,23.8012
34095,Greece,Riots,37.9941,23.8012
34096,Greece,Riots,37.9941,23.8012
34097,Greece,Riots,37.9941,23.8012
34098,Greece,Riots,37.9941,23.8012
34099,Greece,Riots,37.9941,23.8012
34100,Greece,Riots,37.9941,23.8012
34101,Greece,Riots,37.9941,23.8012
34102,Greece,Riots,37.9941,23.8012
34103,Greece,Riots,37.9941,23.8012
34104,Greece,Riots,37.9941,23.8012
34105,Greece,Riots,37.9941,23.8012
34106,Greece,Riots,37.9941,23.8012
34107,Greece,Riots,37.9941,23.8012
34108,Greece,Riots,37.9941,23.8012
34109,Greece,Riots,37.9941,23.8012
34110,Greece,Riots,37.9941,23.8012
34111,Greece,Riots,37.9941,23.8012
34112,Greece,Riots,37.9941,23.8012
34113,Greece,Riots,37.9941,23.8012
34114,Greece,Riots,37.9941,23.8012
34115,Greece,Riots,37.9941,23.8012
34116,Greece,Riots,37.9941,23.8012
34117,Greece,Riots,37.9941,23.8012
34118,Greece,Riots,37.9941,23.8012
34119,Greece,Riots,37.9941,23.8012
34120,Greece,Riots,37.9941,23.8012
34121,Greece,Riots,37.9941,23.8012
34122,Greece,Riots,37.9941,23.8012
34123,Greece,Riots,37.9941,23.8012
34124,Greece,Riots,37.9941,23.8012
34125,Greece,Riots,37.9941,23.8012
34126,Greece,Riots,37.9941,23.8012
34127,Greece,Riots,37.9941,23.8012
34128,Greece,Riots,37.9941,23.8012
34129,Greece,Riots,37.9941,23.8012
34130,Greece,Riots,37.9941,23.8012
34131,Greece,Riots,37.9941,23.8012
34132,Greece,Riots,37.9941,23.8012
34133,Greece,Riots,37.9941,23.8012
34134,Greece,Riots,37.9941,23.8012
34135,Greece,Riots,37.9941,23.8012
34136,Greece,Riots,37.9941,23.8012
34137,Greece,Riots,37.9941,23.8012
34138,Greece,Riots,37.9941,23.8012
34139,Greece,Riots,37.9941,23.8012
34140,Greece,Riots,37.9941,23.8012
34141,Greece,Riots,37.9941,23.8012
34142,Greece,Riots,37.9941,23.8012
34143,Greece,Riots,37.9941,23.8012
34144,Greece,Riots,37.9941,23.8012
34145,Greece,Riots,37.9941,23.8012
34146,Greece,Riots,37.9941,23.8012
34147,Greece,Riots,37.9941,23.8012
34148,Greece,Riots,37.9941,23.8012
34149,Greece,Riots,37.9941,23.8012
34150,Greece,Riots,37.9941,23.8012
34151,Greece,Riots,37.9941,23.8012
34152,Greece,Riots,37.9941,23.8012
34153,Greece,Riots,37.9941,23.8012
34154,Greece,Riots,37.9941,23.8012
34155,Greece,Riots,37.9941,23.8012
34156,Greece,Riots,37.9941,23.8012
34157,Greece,Riots,37.9941,23.8012
34158,Greece,Riots,37.9941,23.8012
34159,Greece,Riots,37.9941,23.8012
34160,Greece,Riots,37.9941,23.8012
34161,Greece,Riots,37.9941,23.8012
34162,Greece,Riots,37.9941,23.8012
34163,Greece,Riots,37.9941,23.8012
34164,Greece,Riots,37.9941,23.8012
34165,Greece,Riots,37.9941,23.8012
34166,Greece,Riots,37.9941,23.8012
34167,Greece,Riots,37.9941,23.8012
34168,Greece,Riots,37.9941,23.8012
34169,Greece,Riots,37.9941,23.8012
34170,Greece,Riots,37.9941,23.8012
34171,Greece,Riots,37.9941,23.8012
34172,Greece,Riots,37.9941,23.8012
34173,Greece,Riots,37.9941,23.8012
34174,Greece,Riots,37.9941,23.8012
34175,Greece,Riots,37.9941,23.8012
34176,Greece,Riots,37.9941,23.8012
34177,Greece,Riots,37.9941,23.8012
34178,Greece,Riots,37.9941,23.8012
34179,Greece,Riots,37.9941,23.8012
34180,Greece,Riots,37.9941,23.8012
34181,Greece,Riots,37.9941,23.8012
34182,Greece,Riots,37.9941,23.8012
34183,Greece,Riots,37.9941,23.8012
34184,Greece,Riots,37.9941,23.8012
34185,Greece,Riots,37.9941,23.8012
34186,Greece,Riots,37.9941,23.8012
34187,Greece,Riots,37.9941,23.8012
34188,Greece,Riots,37.9941,23.8012
34189,Greece,Riots,37.9941,23.8012
34190,Greece,Riots,37.9941,23.8012
34191,Greece,Riots,37.9941,23.8012
34192,Greece,Riots,37.9941,23.8012
34193,Greece,Riots,37.9941,23.8012
34194,Greece,Riots,37.9941,23.8012
34195,Greece,Riots,37.9941,23.8012
34196,Greece,Riots,37.9941,23.8012
34197,Greece,Riots,37.9941,23.8012
34198,Greece,Riots,37.9941,23.8012
34199,Greece,Riots,37.9941,23.8012
34200,Greece,Riots,37.9941,23.8012
34201,Greece,Riots,37.9941,23.8012
34202,Greece,Riots,37.9941,23.8012
34203,Greece,Riots,37.9941,23.8012
34204,Greece,Riots,37.9941,23.8012
34205,Greece,Riots,37.9941,23.8012
34206,Greece,Riots,37.9941,23.8012
34207,Greece,Riots,37.9941,23.8012
34208,Greece,Riots,37.9941,23.8012
34209,Greece,Riots,37.9941,23.8012
34210,Greece,Riots,37.9941,23.8012
34211,Greece,Riots,37.9941,23.8012
34212,Greece,Riots,37.9941,23.8012
34213,Greece,Riots,37.9941,23.8012
34214,Greece,Riots,37.9941,23.8012
34215,Greece,Riots,37.9941,23.8012
34216,Greece,Riots,37.9941,23.8012
34448,Greece,Violence against civilians,37.9941,23.8012
34449,Greece,Violence against civilians,37.9941,23.8012
34450,Greece,Violence against civilians,37.9941,23.8012
34451,Greece,Violence against civilians,37.9941,23.8012
34452,Greece,Violence against civilians,37.9941,23.8012
34453,Greece,Violence against civilians,37.9941,23.8012
34454,Greece,Violence against civilians,37.9941,23.8012
34455,Greece,Violence against civilians,37.9941,23.8012
34456,Greece,Violence against civilians,37.9941,23.8012
34457,Greece,Violence against civilians,37.9941,23.8012
34458,Greece,Violence against civilians,37.9941,23.8012
34459,Greece,Violence against civilians,37.9941,23.8012
34460,Greece,Violence against civilians,37.9941,23.8012
34461,Greece,Violence against civilians,37.9941,23.8012
34462,Greece,Violence against civilians,37.9941,23.8012
34463,Greece,Violence against civilians,37.9941,23.8012
34464,Greece,Violence against civilians,37.9941,23.8012
34465,Greece,Violence against civilians,37.9941,23.8012
34466,Greece,Violence against civilians,37.9941,23.8012
34467,Greece,Violence against civilians,37.9941,23.8012
34468,Greece,Violence against civilians,37.9941,23.8012
34469,Greece,Violence against civilians,37.9941,23.8012
34470,Greece,Violence against civilians,37.9941,23.8012
34471,Greece,Violence against civilians,37.9941,23.8012
34472,Greece,Violence against civilians,37.9941,23.8012
34473,Greece,Violence against civilians,37.9941,23.8012
34474,Greece,Violence against civilians,37.9941,23.8012
34475,Greece,Violence against civilians,37.9941,23.8012
34476,Greece,Violence against civilians,37.9941,23.8012
34477,Greece,Violence against civilians,37.9941,23.8012
34478,Greece,Violence against civilians,37.9941,23.8012
34479,Greece,Violence against civilians,37.9941,23.8012
34480,Greece,Violence against civilians,37.9941,23.8012
34481,Greece,Violence against civilians,37.9941,23.8012
34482,Greece,Violence against civilians,37.9941,23.8012
34483,Greece,Violence against civilians,37.9941,23.8012
34484,Greece,Violence against civilians,37.9941,23.8012
34485,Greece,Violence against civilians,37.9941,23.8012
34486,Greece,Violence against civilians,37.9941,23.8012
34487,Greece,Violence against civilians,37.9941,23.8012
34488,Greece,Violence against civilians,37.9941,23.8012
34489,Greece,Violence against civilians,37.9941,23.8012
34490,Greece,Violence against civilians,37.9941,23.8012
34491,Greece,Violence against civilians,37.9941,23.8012
34492,Greece,Violence against civilians,37.9941,23.8012
34493,Greece,Violence against civilians,37.9941,23.8012
34494,Greece,Violence against civilians,37.9941,23.8012
34495,Greece,Violence against civilians,37.9941,23.8012
34496,Greece,Violence against civilians,37.9941,23.8012
34497,Greece,Violence against civilians,37.9941,23.8012
34498,Greece,Violence against civilians,37.9941,23.8012
34499,Greece,Violence against civilians,37.9941,23.8012
34500,Greece,Violence against civilians,37.9941,23.8012
34501,Greece,Violence against civilians,37.9941,23.8012
34502,Greece,Violence against civilians,37.9941,23.8012
34503,Greece,Violence against civilians,37.9941,23.8012
34504,Greece,Violence against civilians,37.9941,23.8012
34505,Greece,Violence against civilians,37.9941,23.8012
34506,Greece,Violence against civilians,37.9941,23.8012
34507,Greece,Violence against civilians,37.9941,23.8012
34508,Greece,Violence against civilians,37.9941,23.8012
34509,Greece,Violence against civilians,37.9941,23.8012
34510,Greece,Violence against civilians,37.9941,23.8012
34511,Greece,Violence against civilians,37.9941,23.8012
34512,Greece,Violence against civilians,37.9941,23.8012
34513,Greece,Violence against civilians,37.9941,23.8012
34514,Greece,Violence against civilians,37.9941,23.8012
34515,Greece,Violence against civilians,37.9941,23.8012
34516,Greece,Violence against civilians,37.9941,23.8012
34517,Greece,Violence against civilians,37.9941,23.8012
34518,Greece,Violence against civilians,37.9941,23.8012
34519,Greece,Violence against civilians,37.9941,23.8012
34520,Greece,Violence against civilians,37.9941,23.8012
34521,Greece,Violence against civilians,37.9941,23.8012
34522,Greece,Violence against civilians,37.9941,23.8012
34523,Greece,Violence against civilians,37.9941,23.8012
34524,Greece,Explosions/Remote violence,35.3087,24.469
34646,Greece,Riots,35.3087,24.469
34647,Greece,Riots,35.3087,24.469
34648,Greece,Riots,35.3087,24.469
34649,Greece,Riots,35.3087,24.469
34650,Greece,Riots,35.3087,24.469
34651,Greece,Riots,35.3087,24.469
34652,Greece,Riots,35.3087,24.469
34653,Greece,Riots,35.3087,24.469
34654,Greece,Riots,35.3087,24.469
34655,Greece,Riots,35.3087,24.469
34656,Greece,Riots,35.3087,24.469
34657,Greece,Riots,35.3087,24.469
34658,Greece,Riots,35.3087,24.469
34659,Greece,Riots,35.3087,24.469
34660,Greece,Riots,35.3087,24.469
34661,Greece,Riots,35.3087,24.469
34662,Greece,Riots,35.3087,24.469
34663,Greece,Riots,35.3087,24.469
34664,Greece,Riots,35.3087,24.469
34665,Greece,Riots,35.3087,24.469
34666,Greece,Riots,35.3087,24.469
34667,Greece,Riots,35.3087,24.469
34668,Greece,Riots,35.3087,24.469
34669,Greece,Riots,35.3087,24.469
34670,Greece,Riots,35.3087,24.469
34671,Greece,Riots,35.3087,24.469
34672,Greece,Riots,35.3087,24.469
34673,Greece,Riots,35.3087,24.469
34674,Greece,Riots,35.3087,24.469
34675,Greece,Riots,35.3087,24.469
34676,Greece,Riots,35.3087,24.469
34677,Greece,Riots,35.3087,24.469
34678,Greece,Riots,35.3087,24.469
34679,Greece,Riots,35.3087,24.469
34680,Greece,Riots,35.3087,24.469
34681,Greece,Riots,35.3087,24.469
34738,Greece,Violence against civilians,35.3087,24.469
34739,Greece,Violence against civilians,35.3087,24.469
34740,Greece,Violence against civilians,35.3087,24.469
34741,Greece,Violence against civilians,35.3087,24.469
34742,Greece,Violence against civilians,35.3087,24.469
34743,Greece,Violence against civilians,35.3087,24.469
34744,Greece,Violence against civilians,35.3087,24.469
34745,Greece,Violence against civilians,35.3087,24.469
34746,Greece,Violence against civilians,35.3087,24.469
34747,Greece,Violence against civilians,35.3087,24.469
34748,Greece,Violence against civilians,35.3087,24.469
34828,Greece,Riots,39.9468,21.1177
34829,Greece,Riots,39.9468,21.1177
34830,Greece,Riots,39.9468,21.1177
34831,Greece,Riots,39.9468,21.1177
34832,Greece,Riots,39.9468,21.1177
34833,Greece,Riots,39.9468,21.1177
34834,Greece,Riots,39.9468,21.1177
34835,Greece,Riots,39.9468,21.1177
34836,Greece,Riots,39.9468,21.1177
34837,Greece,Riots,39.9468,21.1177
34838,Greece,Riots,39.9468,21.1177
34849,Greece,Violence against civilians,39.9468,21.1177
34850,Greece,Violence against civilians,39.9468,21.1177
34851,Greece,Violence against civilians,39.9468,21.1177
34856,Greece,Explosions/Remote violence,33.56,24.785
34861,Greece,Explosions/Remote violence,40.8445,23.0136
34862,Greece,Explosions/Remote violence,40.8445,23.0136
34863,Greece,Explosions/Remote violence,40.8445,23.0136
34864,Greece,Explosions/Remote violence,40.8445,23.0136
34865,Greece,Explosions/Remote violence,40.8445,23.0136
34866,Greece,Explosions/Remote violence,40.8445,23.0136
34867,Greece,Explosions/Remote violence,40.8445,23.0136
34868,Greece,Explosions/Remote violence,40.8445,23.0136
34869,Greece,Explosions/Remote violence,40.8445,23.0136
34870,Greece,Explosions/Remote violence,40.8445,23.0136
34871,Greece,Explosions/Remote violence,40.8445,23.0136
34872,Greece,Explosions/Remote violence,40.8445,23.0136
34873,Greece,Explosions/Remote violence,40.8445,23.0136
34874,Greece,Explosions/Remote violence,40.8445,23.0136
34875,Greece,Explosions/Remote violence,40.8445,23.0136
34876,Greece,Explosions/Remote violence,40.8445,23.0136
34877,Greece,Explosions/Remote violence,40.8445,23.0136
34878,Greece,Explosions/Remote violence,40.8445,23.0136
35244,Greece,Riots,40.8445,23.0136
35245,Greece,Riots,40.8445,23.0136
35246,Greece,Riots,40.8445,23.0136
35247,Greece,Riots,40.8445,23.0136
35248,Greece,Riots,40.8445,23.0136
35249,Greece,Riots,40.8445,23.0136
35250,Greece,Riots,40.8445,23.0136
35251,Greece,Riots,40.8445,23.0136
35252,Greece,Riots,40.8445,23.0136
35253,Greece,Riots,40.8445,23.0136
35254,Greece,Riots,40.8445,23.0136
35255,Greece,Riots,40.8445,23.0136
35256,Greece,Riots,40.8445,23.0136
35257,Greece,Riots,40.8445,23.0136
35258,Greece,Riots,40.8445,23.0136
35259,Greece,Riots,40.8445,23.0136
35260,Greece,Riots,40.8445,23.0136
35261,Greece,Riots,40.8445,23.0136
35262,Greece,Riots,40.8445,23.0136
35263,Greece,Riots,40.8445,23.0136
35264,Greece,Riots,40.8445,23.0136
35265,Greece,Riots,40.8445,23.0136
35266,Greece,Riots,40.8445,23.0136
35267,Greece,Riots,40.8445,23.0136
35268,Greece,Riots,40.8445,23.0136
35269,Greece,Riots,40.8445,23.0136
35270,Greece,Riots,40.8445,23.0136
35271,Greece,Riots,40.8445,23.0136
35272,Greece,Riots,40.8445,23.0136
35273,Greece,Riots,40.8445,23.0136
35274,Greece,Riots,40.8445,23.0136
35275,Greece,Riots,40.8445,23.0136
35276,Greece,Riots,40.8445,23.0136
35277,Greece,Riots,40.8445,23.0136
35278,Greece,Riots,40.8445,23.0136
35279,Greece,Riots,40.8445,23.0136
35280,Greece,Riots,40.8445,23.0136
35281,Greece,Riots,40.8445,23.0136
35282,Greece,Riots,40.8445,23.0136
35283,Greece,Riots,40.8445,23.0136
35284,Greece,Riots,40.8445,23.0136
35285,Greece,Riots,40.8445,23.0136
35286,Greece,Riots,40.8445,23.0136
35287,Greece,Riots,40.8445,23.0136
35288,Greece,Riots,40.8445,23.0136
35289,Greece,Riots,40.8445,23.0136
35290,Greece,Riots,40.8445,23.0136
35291,Greece,Riots,40.8445,23.0136
35292,Greece,Riots,40.8445,23.0136
35293,Greece,Riots,40.8445,23.0136
35294,Greece,Riots,40.8445,23.0136
35295,Greece,Riots,40.8445,23.0136
35296,Greece,Riots,40.8445,23.0136
35297,Greece,Riots,40.8445,23.0136
35298,Greece,Riots,40.8445,23.0136
35299,Greece,Riots,40.8445,23.0136
35300,Greece,Riots,40.8445,23.0136
35301,Greece,Riots,40.8445,23.0136
35302,Greece,Riots,40.8445,23.0136
35303,Greece,Riots,40.8445,23.0136
35304,Greece,Riots,40.8445,23.0136
35305,Greece,Riots,40.8445,23.0136
35306,Greece,Riots,40.8445,23.0136
35307,Greece,Riots,40.8445,23.0136
35308,Greece,Riots,40.8445,23.0136
35309,Greece,Riots,40.8445,23.0136
35310,Greece,Riots,40.8445,23.0136
35311,Greece,Riots,40.8445,23.0136
35312,Greece,Riots,40.8445,23.0136
35313,Greece,Riots,40.8445,23.0136
35314,Greece,Riots,40.8445,23.0136
35315,Greece,Riots,40.8445,23.0136
35316,Greece,Riots,40.8445,23.0136
35317,Greece,Riots,40.8445,23.0136
35318,Greece,Riots,40.8445,23.0136
35319,Greece,Riots,40.8445,23.0136
35320,Greece,Riots,40.8445,23.0136
35321,Greece,Riots,40.8445,23.0136
35322,Greece,Riots,40.8445,23.0136
35323,Greece,Riots,40.8445,23.0136
35324,Greece,Riots,40.8445,23.0136
35325,Greece,Riots,40.8445,23.0136
35326,Greece,Riots,40.8445,23.0136
35327,Greece,Riots,40.8445,23.0136
35328,Greece,Riots,40.8445,23.0136
35329,Greece,Riots,40.8445,23.0136
35330,Greece,Riots,40.8445,23.0136
35331,Greece,Riots,40.8445,23.0136
35332,Greece,Riots,40.8445,23.0136
35333,Greece,Riots,40.8445,23.0136
35334,Greece,Riots,40.8445,23.0136
35335,Greece,Riots,40.8445,23.0136
35336,Greece,Riots,40.8445,23.0136
35337,Greece,Riots,40.8445,23.0136
35338,Greece,Riots,40.8445,23.0136
35339,Greece,Riots,40.8445,23.0136
35340,Greece,Riots,40.8445,23.0136
35341,Greece,Riots,40.8445,23.0136
35342,Greece,Riots,40.8445,23.0136
35343,Greece,Riots,40.8445,23.0136
35344,Greece,Riots,40.8445,23.0136
35345,Greece,Riots,40.8445,23.0136
35346,Greece,Riots,40.8445,23.0136
35347,Greece,Riots,40.8445,23.0136
35348,Greece,Riots,40.8445,23.0136
35349,Greece,Riots,40.8445,23.0136
35350,Greece,Riots,40.8445,23.0136
35351,Greece,Riots,40.8445,23.0136
35352,Greece,Riots,40.8445,23.0136
35353,Greece,Riots,40.8445,23.0136
35354,Greece,Riots,40.8445,23.0136
35355,Greece,Riots,40.8445,23.0136
35356,Greece,Riots,40.8445,23.0136
35357,Greece,Riots,40.8445,23.0136
35358,Greece,Riots,40.8445,23.0136
35359,Greece,Riots,40.8445,23.0136
35360,Greece,Riots,40.8445,23.0136
35361,Greece,Riots,40.8445,23.0136
35362,Greece,Riots,40.8445,23.0136
35363,Greece,Riots,40.8445,23.0136
35364,Greece,Riots,40.8445,23.0136
35365,Greece,Riots,40.8445,23.0136
35366,Greece,Riots,40.8445,23.0136
35367,Greece,Riots,40.8445,23.0136
35368,Greece,Riots,40.8445,23.0136
35369,Greece,Riots,40.8445,23.0136
35370,Greece,Riots,40.8445,23.0136
35371,Greece,Riots,40.8445,23.0136
35372,Greece,Riots,40.8445,23.0136
35373,Greece,Riots,40.8445,23.0136
35374,Greece,Riots,40.8445,23.0136
35375,Greece,Riots,40.8445,23.0136
35376,Greece,Riots,40.8445,23.0136
35377,Greece,Riots,40.8445,23.0136
35378,Greece,Riots,40.8445,23.0136
35379,Greece,Riots,40.8445,23.0136
35380,Greece,Riots,40.8445,23.0136
35381,Greece,Riots,40.8445,23.0136
35382,Greece,Riots,40.8445,23.0136
35383,Greece,Riots,40.8445,23.0136
35384,Greece,Riots,40.8445,23.0136
35385,Greece,Riots,40.8445,23.0136
35386,Greece,Riots,40.8445,23.0136
35387,Greece,Riots,40.8445,23.0136
35388,Greece,Riots,40.8445,23.0136
35389,Greece,Riots,40.8445,23.0136
35390,Greece,Riots,40.8445,23.0136
35391,Greece,Riots,40.8445,23.0136
35392,Greece,Riots,40.8445,23.0136
35393,Greece,Riots,40.8445,23.0136
35394,Greece,Riots,40.8445,23.0136
35395,Greece,Riots,40.8445,23.0136
35396,Greece,Riots,40.8445,23.0136
35397,Greece,Riots,40.8445,23.0136
35398,Greece,Riots,40.8445,23.0136
35399,Greece,Riots,40.8445,23.0136
35400,Greece,Riots,40.8445,23.0136
35401,Greece,Riots,40.8445,23.0136
35402,Greece,Riots,40.8445,23.0136
35403,Greece,Riots,40.8445,23.0136
35404,Greece,Riots,40.8445,23.0136
35405,Greece,Riots,40.8445,23.0136
35406,Greece,Riots,40.8445,23.0136
35407,Greece,Riots,40.8445,23.0136
35408,Greece,Riots,40.8445,23.0136
35409,Greece,Riots,40.8445,23.0136
35410,Greece,Riots,40.8445,23.0136
35411,Greece,Riots,40.8445,23.0136
35412,Greece,Riots,40.8445,23.0136
35413,Greece,Riots,40.8445,23.0136
35414,Greece,Riots,40.8445,23.0136
35415,Greece,Riots,40.8445,23.0136
35416,Greece,Riots,40.8445,23.0136
35417,Greece,Riots,40.8445,23.0136
35418,Greece,Riots,40.8445,23.0136
35419,Greece,Riots,40.8445,23.0136
35420,Greece,Riots,40.8445,23.0136
35421,Greece,Riots,40.8445,23.0136
35422,Greece,Riots,40.8445,23.0136
35423,Greece,Riots,40.8445,23.0136
35424,Greece,Riots,40.8445,23.0136
35425,Greece,Riots,40.8445,23.0136
35426,Greece,Riots,40.8445,23.0136
35427,Greece,Riots,40.8445,23.0136
35428,Greece,Riots,40.8445,23.0136
35429,Greece,Riots,40.8445,23.0136
35430,Greece,Riots,40.8445,23.0136
35431,Greece,Riots,40.8445,23.0136
35432,Greece,Riots,40.8445,23.0136
35433,Greece,Riots,40.8445,23.0136
35434,Greece,Riots,40.8445,23.0136
35435,Greece,Riots,40.8445,23.0136
35436,Greece,Riots,40.8445,23.0136
35437,Greece,Riots,40.8445,23.0136
35438,Greece,Riots,40.8445,23.0136
35439,Greece,Riots,40.8445,23.0136
35440,Greece,Riots,40.8445,23.0136
35441,Greece,Riots,40.8445,23.0136
35569,Greece,Violence against civilians,40.8445,23.0136
35570,Greece,Violence against civilians,40.8445,23.0136
35571,Greece,Violence against civilians,40.8445,23.0136
35572,Greece,Violence against civilians,40.8445,23.0136
35573,Greece,Violence against civilians,40.8445,23.0136
35574,Greece,Violence against civilians,40.8445,23.0136
35575,Greece,Violence against civilians,40.8445,23.0136
35576,Greece,Violence against civilians,40.8445,23.0136
35577,Greece,Violence against civilians,40.8445,23.0136
35578,Greece,Violence against civilians,40.8445,23.0136
35579,Greece,Violence against civilians,40.8445,23.0136
35580,Greece,Violence against civilians,40.8445,23.0136
35581,Greece,Violence against civilians,40.8445,23.0136
35582,Greece,Violence against civilians,40.8445,23.0136
35583,Greece,Violence against civilians,40.8445,23.0136
35584,Greece,Violence against civilians,40.8445,23.0136
35585,Greece,Violence against civilians,40.8445,23.0136
35586,Greece,Violence against civilians,40.8445,23.0136
35587,Greece,Violence against civilians,40.8445,23.0136
35588,Greece,Violence against civilians,40.8445,23.0136
35589,Greece,Violence against civilians,40.8445,23.0136
35590,Greece,Violence against civilians,40.8445,23.0136
35591,Greece,Violence against civilians,40.8445,23.0136
35592,Greece,Violence against civilians,40.8445,23.0136
35593,Greece,Violence against civilians,40.8445,23.0136
35594,Greece,Violence against civilians,40.8445,23.0136
35595,Greece,Violence against civilians,40.8445,23.0136
35596,Greece,Violence against civilians,40.8445,23.0136
35597,Greece,Violence against civilians,40.8445,23.0136
35598,Greece,Violence against civilians,40.8445,23.0136
35599,Greece,Violence against civilians,40.8445,23.0136
35600,Greece,Violence against civilians,40.8445,23.0136
35601,Greece,Violence against civilians,40.8445,23.0136
35602,Greece,Violence against civilians,40.8445,23.0136
35603,Greece,Violence against civilians,40.8445,23.0136
35604,Greece,Violence against civilians,40.8445,23.0136
35605,Greece,Violence against civilians,40.8445,23.0136
35606,Greece,Violence against civilians,40.8445,23.0136
35607,Greece,Violence against civilians,40.8445,23.0136
35608,Greece,Violence against civilians,40.8445,23.0136
35609,Greece,Violence against civilians,40.8445,23.0136
35610,Greece,Violence against civilians,40.8445,23.0136
35611,Greece,Violence against civilians,40.8445,23.0136
35612,Greece,Violence against civilians,40.8445,23.0136
35613,Greece,Violence against civilians,40.8445,23.0136
35614,Greece,Violence against civilians,40.8445,23.0136
35615,Greece,Violence against civilians,40.8445,23.0136
35616,Greece,Violence against civilians,40.8445,23.0136
35617,Greece,Explosions/Remote violence,37.3702,22.2354
35618,Greece,Explosions/Remote violence,37.3702,22.2354
35619,Greece,Explosions/Remote violence,37.3702,22.2354
35620,Greece,Explosions/Remote violence,37.3702,22.2354
35621,Greece,Explosions/Remote violence,37.3702,22.2354
35622,Greece,Explosions/Remote violence,37.3702,22.2354
35623,Greece,Explosions/Remote violence,37.3702,22.2354
35771,Greece,Riots,37.3702,22.2354
35772,Greece,Riots,37.3702,22.2354
35773,Greece,Riots,37.3702,22.2354
35774,Greece,Riots,37.3702,22.2354
35775,Greece,Riots,37.3702,22.2354
35776,Greece,Riots,37.3702,22.2354
35777,Greece,Riots,37.3702,22.2354
35778,Greece,Riots,37.3702,22.2354
35779,Greece,Riots,37.3702,22.2354
35780,Greece,Riots,37.3702,22.2354
35781,Greece,Riots,37.3702,22.2354
35782,Greece,Riots,37.3702,22.2354
35783,Greece,Riots,37.3702,22.2354
35784,Greece,Riots,37.3702,22.2354
35785,Greece,Riots,37.3702,22.2354
35786,Greece,Riots,37.3702,22.2354
35787,Greece,Riots,37.3702,22.2354
35788,Greece,Riots,37.3702,22.2354
35789,Greece,Riots,37.3702,22.2354
35790,Greece,Riots,37.3702,22.2354
35791,Greece,Riots,37.3702,22.2354
35792,Greece,Riots,37.3702,22.2354
35793,Greece,Riots,37.3702,22.2354
35794,Greece,Riots,37.3702,22.2354
35795,Greece,Riots,37.3702,22.2354
35796,Greece,Riots,37.3702,22.2354
35797,Greece,Riots,37.3702,22.2354
35798,Greece,Riots,37.3702,22.2354
35799,Greece,Riots,37.3702,22.2354
35800,Greece,Riots,37.3702,22.2354
35801,Greece,Riots,37.3702,22.2354
35802,Greece,Riots,37.3702,22.2354
35803,Greece,Riots,37.3702,22.2354
35804,Greece,Riots,37.3702,22.2354
35805,Greece,Riots,37.3702,22.2354
35806,Greece,Riots,37.3702,22.2354
35807,Greece,Riots,37.3702,22.2354
35808,Greece,Riots,37.3702,22.2354
35809,Greece,Riots,37.3702,22.2354
35810,Greece,Riots,37.3702,22.2354
35811,Greece,Riots,37.3702,22.2354
35812,Greece,Riots,37.3702,22.2354
35813,Greece,Riots,37.3702,22.2354
35814,Greece,Riots,37.3702,22.2354
35815,Greece,Riots,37.3702,22.2354
35816,Greece,Riots,37.3702,22.2354
35817,Greece,Riots,37.3702,22.2354
35818,Greece,Riots,37.3702,22.2354
35819,Greece,Riots,37.3702,22.2354
35820,Greece,Riots,37.3702,22.2354
35821,Greece,Riots,37.3702,22.2354
35822,Greece,Riots,37.3702,22.2354
35823,Greece,Riots,37.3702,22.2354
35824,Greece,Riots,37.3702,22.2354
35825,Greece,Riots,37.3702,22.2354
35826,Greece,Riots,37.3702,22.2354
35827,Greece,Riots,37.3702,22.2354
35828,Greece,Riots,37.3702,22.2354
35829,Greece,Riots,37.3702,22.2354
35830,Greece,Riots,37.3702,22.2354
35831,Greece,Riots,37.3702,22.2354
35832,Greece,Riots,37.3702,22.2354
35833,Greece,Riots,37.3702,22.2354
35834,Greece,Riots,37.3702,22.2354
35835,Greece,Riots,37.3702,22.2354
35836,Greece,Riots,37.3702,22.2354
35837,Greece,Riots,37.3702,22.2354
35838,Greece,Riots,37.3702,22.2354
35878,Greece,Violence against civilians,37.3702,22.2354
35879,Greece,Violence against civilians,37.3702,22.2354
35880,Greece,Violence against civilians,37.3702,22.2354
35881,Greece,Violence against civilians,37.3702,22.2354
35882,Greece,Violence against civilians,37.3702,22.2354
35883,Greece,Violence against civilians,37.3702,22.2354
35884,Greece,Violence against civilians,37.3702,22.2354
35885,Greece,Violence against civilians,37.3702,22.2354
36038,Greece,Riots,39.1663,22.1208
36039,Greece,Riots,39.1663,22.1208
36040,Greece,Riots,39.1663,22.1208
36041,Greece,Riots,39.1663,22.1208
36042,Greece,Riots,39.1663,22.1208
36043,Greece,Riots,39.1663,22.1208
36044,Greece,Riots,39.1663,22.1208
36045,Greece,Riots,39.1663,22.1208
36046,Greece,Riots,39.1663,22.1208
36047,Greece,Riots,39.1663,22.1208
36048,Greece,Riots,39.1663,22.1208
36049,Greece,Riots,39.1663,22.1208
36050,Greece,Riots,39.1663,22.1208
36051,Greece,Riots,39.1663,22.1208
36052,Greece,Riots,39.1663,22.1208
36053,Greece,Riots,39.1663,22.1208
36054,Greece,Riots,39.1663,22.1208
36055,Greece,Riots,39.1663,22.1208
36056,Greece,Riots,39.1663,22.1208
36057,Greece,Riots,39.1663,22.1208
36058,Greece,Riots,39.1663,22.1208
36059,Greece,Riots,39.1663,22.1208
36060,Greece,Riots,39.1663,22.1208
36061,Greece,Riots,39.1663,22.1208
36062,Greece,Riots,39.1663,22.1208
36063,Greece,Riots,39.1663,22.1208
36064,Greece,Riots,39.1663,22.1208
36065,Greece,Riots,39.1663,22.1208
36066,Greece,Riots,39.1663,22.1208
36067,Greece,Riots,39.1663,22.1208
36068,Greece,Riots,39.1663,22.1208
36069,Greece,Riots,39.1663,22.1208
36070,Greece,Riots,39.1663,22.1208
36071,Greece,Riots,39.1663,22.1208
36072,Greece,Riots,39.1663,22.1208
36073,Greece,Riots,39.1663,22.1208
36074,Greece,Riots,39.1663,22.1208
36096,Greece,Violence against civilians,39.1663,22.1208
36097,Greece,Violence against civilians,39.1663,22.1208
36098,Greece,Violence against civilians,39.1663,22.1208
36099,Greece,Violence against civilians,39.1663,22.1208
36100,Greece,Violence against civilians,39.1663,22.1208
36101,Greece,Violence against civilians,39.1663,22.1208
36102,Greece,Violence against civilians,39.1663,22.1208
36103,Greece,Violence against civilians,39.1663,22.1208
36104,Greece,Violence against civilians,39.1663,22.1208
36105,Greece,Violence against civilians,39.1663,22.1208
36106,Greece,Violence against civilians,39.1663,22.1208
36107,Greece,Violence against civilians,39.1663,22.1208
36108,Greece,Violence against civilians,39.1663,22.1208
36109,Greece,Violence against civilians,39.1663,22.1208
36110,Greece,Violence against civilians,39.1663,22.1208
36215,Hungary,Riots,46.0821,18.2204
36216,Hungary,Riots,46.0821,18.2204
36514,Hungary,Riots,47.4799,19.1474
36515,Hungary,Riots,47.4799,19.1474
36516,Hungary,Riots,47.4799,19.1474
36517,Hungary,Riots,47.4799,19.1474
36518,Hungary,Riots,47.4799,19.1474
36553,Hungary,Violence against civilians,47.4799,19.1474
36554,Hungary,Violence against civilians,47.4799,19.1474
36555,Hungary,Violence against civilians,47.4799,19.1474
36556,Hungary,Violence against civilians,47.4799,19.1474
36557,Hungary,Violence against civilians,47.4799,19.1474
36558,Hungary,Violence against civilians,47.4799,19.1474
36559,Hungary,Violence against civilians,47.4799,19.1474
36560,Hungary,Violence against civilians,47.4799,19.1474
36561,Hungary,Violence against civilians,47.4799,19.1474
36605,Hungary,Riots,46.464,20.2522
36610,Hungary,Violence against civilians,46.464,20.2522
36744,Hungary,Riots,47.4527,21.5123
36745,Hungary,Riots,47.4527,21.5123
36747,Hungary,Violence against civilians,47.4527,21.5123
36748,Hungary,Violence against civilians,47.4527,21.5123
36749,Hungary,Violence against civilians,47.4527,21.5123
36763,Hungary,Violence against civilians,47.7889,20.0808
36764,Hungary,Violence against civilians,47.7889,20.0808
36794,Hungary,Violence against civilians,47.5792,18.3063
36834,Hungary,Violence against civilians,47.5019,19.5388
36835,Hungary,Violence against civilians,47.5019,19.5388
36851,Hungary,Riots,46.4226,17.5992
36903,Hungary,Riots,47.089,16.8423
37110,Iceland,Riots,64.2444,-21.7685
37111,Iceland,Riots,64.2444,-21.7685
37112,Iceland,Riots,64.2444,-21.7685
37123,Iceland,Violence against civilians,64.2444,-21.7685
37124,Iceland,Violence against civilians,64.2444,-21.7685
37154,Ireland,Riots,52.6909,-6.8253
37383,Ireland,Riots,51.9179,-8.6039
37384,Ireland,Riots,51.9179,-8.6039
37421,Ireland,Violence against civilians,54.9198,-7.9525
37693,Ireland,Riots,53.4065,-6.2876
37694,Ireland,Riots,53.4065,-6.2876
37695,Ireland,Riots,53.4065,-6.2876
37696,Ireland,Riots,53.4065,-6.2876
37697,Ireland,Riots,53.4065,-6.2876
37698,Ireland,Riots,53.4065,-6.2876
37699,Ireland,Riots,53.4065,-6.2876
37700,Ireland,Riots,53.4065,-6.2876
37701,Ireland,Riots,53.4065,-6.2876
37702,Ireland,Riots,53.4065,-6.2876
37703,Ireland,Riots,53.4065,-6.2876
37704,Ireland,Riots,53.4065,-6.2876
37705,Ireland,Riots,53.4065,-6.2876
37706,Ireland,Riots,53.4065,-6.2876
37707,Ireland,Riots,53.4065,-6.2876
37708,Ireland,Riots,53.4065,-6.2876
37709,Ireland,Riots,53.4065,-6.2876
37710,Ireland,Riots,53.4065,-6.2876
37711,Ireland,Riots,53.4065,-6.2876
37712,Ireland,Riots,53.4065,-6.2876
37813,Ireland,Riots,53.3434,-8.8737
37877,Ireland,Riots,53.1545,-6.8181
38010,Ireland,Violence against civilians,52.5186,-8.7959
38065,Ireland,Riots,53.9132,-6.5191
38068,Ireland,Violence against civilians,53.9132,-6.5191
38110,Ireland,Riots,53.907,-9.2968
38134,Ireland,Riots,53.6496,-6.5893
38256,Ireland,Riots,52.6849,-7.8977
38257,Ireland,Riots,52.6849,-7.8977
38300,Ireland,Riots,53.5606,-7.3446
38301,Ireland,Riots,53.5606,-7.3446
38361,Ireland,Riots,52.9577,-6.3821
38362,Ireland,Violence against civilians,52.9577,-6.3821
38376,Italy,Explosions/Remote violence,42.2897,13.8526
38600,Italy,Riots,42.2897,13.8526
38601,Italy,Riots,42.2897,13.8526
38602,Italy,Riots,42.2897,13.8526
38603,Italy,Riots,42.2897,13.8526
38604,Italy,Riots,42.2897,13.8526
38605,Italy,Riots,42.2897,13.8526
38606,Italy,Riots,42.2897,13.8526
38607,Italy,Riots,42.2897,13.8526
38608,Italy,Riots,42.2897,13.8526
38794,Italy,Riots,40.5168,16.1313
38795,Italy,Riots,40.5168,16.1313
38796,Italy,Riots,40.5168,16.1313
38797,Italy,Riots,40.5168,16.1313
38798,Italy,Riots,40.5168,16.1313
38799,Italy,Riots,40.5168,16.1313
38809,Italy,Explosions/Remote violence,39.0302,16.6449
39030,Italy,Riots,39.0302,16.6449
39031,Italy,Riots,39.0302,16.6449
39032,Italy,Riots,39.0302,16.6449
39033,Italy,Riots,39.0302,16.6449
39034,Italy,Riots,39.0302,16.6449
39035,Italy,Riots,39.0302,16.6449
39036,Italy,Riots,39.0302,16.6449
39037,Italy,Riots,39.0302,16.6449
39038,Italy,Riots,39.0302,16.6449
39039,Italy,Riots,39.0302,16.6449
39119,Italy,Violence against civilians,39.0302,16.6449
39120,Italy,Violence against civilians,39.0302,16.6449
39121,Italy,Violence against civilians,39.0302,16.6449
39122,Italy,Violence against civilians,39.0302,16.6449
39123,Italy,Explosions/Remote violence,40.7501,14.9148
39124,Italy,Explosions/Remote violence,40.7501,14.9148
39125,Italy,Explosions/Remote violence,40.7501,14.9148
39126,Italy,Explosions/Remote violence,40.7501,14.9148
39433,Italy,Riots,40.7501,14.9148
39434,Italy,Riots,40.7501,14.9148
39435,Italy,Riots,40.7501,14.9148
39436,Italy,Riots,40.7501,14.9148
39437,Italy,Riots,40.7501,14.9148
39438,Italy,Riots,40.7501,14.9148
39439,Italy,Riots,40.7501,14.9148
39440,Italy,Riots,40.7501,14.9148
39441,Italy,Riots,40.7501,14.9148
39442,Italy,Riots,40.7501,14.9148
39443,Italy,Riots,40.7501,14.9148
39444,Italy,Riots,40.7501,14.9148
39445,Italy,Riots,40.7501,14.9148
39446,Italy,Riots,40.7501,14.9148
39447,Italy,Riots,40.7501,14.9148
39448,Italy,Riots,40.7501,14.9148
39449,Italy,Riots,40.7501,14.9148
39450,Italy,Riots,40.7501,14.9148
39451,Italy,Riots,40.7501,14.9148
39452,Italy,Riots,40.7501,14.9148
39453,Italy,Riots,40.7501,14.9148
39454,Italy,Riots,40.7501,14.9148
39455,Italy,Riots,40.7501,14.9148
39456,Italy,Riots,40.7501,14.9148
39457,Italy,Riots,40.7501,14.9148
39458,Italy,Riots,40.7501,14.9148
39459,Italy,Riots,40.7501,14.9148
39460,Italy,Riots,40.7501,14.9148
39461,Italy,Riots,40.7501,14.9148
39462,Italy,Riots,40.7501,14.9148
39463,Italy,Riots,40.7501,14.9148
39464,Italy,Riots,40.7501,14.9148
39465,Italy,Riots,40.7501,14.9148
39466,Italy,Riots,40.7501,14.9148
39467,Italy,Riots,40.7501,14.9148
39468,Italy,Riots,40.7501,14.9148
39469,Italy,Riots,40.7501,14.9148
39470,Italy,Riots,40.7501,14.9148
39471,Italy,Riots,40.7501,14.9148
39472,Italy,Riots,40.7501,14.9148
39473,Italy,Riots,40.7501,14.9148
39474,Italy,Riots,40.7501,14.9148
39475,Italy,Riots,40.7501,14.9148
39476,Italy,Riots,40.7501,14.9148
39477,Italy,Riots,40.7501,14.9148
39478,Italy,Riots,40.7501,14.9148
39479,Italy,Riots,40.7501,14.9148
39480,Italy,Riots,40.7501,14.9148
39481,Italy,Riots,40.7501,14.9148
39482,Italy,Riots,40.7501,14.9148
39483,Italy,Riots,40.7501,14.9148
39484,Italy,Riots,40.7501,14.9148
39485,Italy,Riots,40.7501,14.9148
39486,Italy,Riots,40.7501,14.9148
39550,Italy,Violence against civilians,40.7501,14.9148
39551,Italy,Violence against civilians,40.7501,14.9148
39552,Italy,Violence against civilians,40.7501,14.9148
39553,Italy,Violence against civilians,40.7501,14.9148
39554,Italy,Violence against civilians,40.7501,14.9148
39555,Italy,Violence against civilians,40.7501,14.9148
39871,Italy,Riots,44.4354,11.1525
39872,Italy,Riots,44.4354,11.1525
39873,Italy,Riots,44.4354,11.1525
39874,Italy,Riots,44.4354,11.1525
39875,Italy,Riots,44.4354,11.1525
39876,Italy,Riots,44.4354,11.1525
39877,Italy,Riots,44.4354,11.1525
39878,Italy,Riots,44.4354,11.1525
39879,Italy,Riots,44.4354,11.1525
39880,Italy,Riots,44.4354,11.1525
39881,Italy,Riots,44.4354,11.1525
39882,Italy,Riots,44.4354,11.1525
39883,Italy,Riots,44.4354,11.1525
39884,Italy,Riots,44.4354,11.1525
39885,Italy,Riots,44.4354,11.1525
39886,Italy,Riots,44.4354,11.1525
39887,Italy,Riots,44.4354,11.1525
39888,Italy,Riots,44.4354,11.1525
39889,Italy,Riots,44.4354,11.1525
39890,Italy,Riots,44.4354,11.1525
39891,Italy,Riots,44.4354,11.1525
39892,Italy,Riots,44.4354,11.1525
39893,Italy,Riots,44.4354,11.1525
39894,Italy,Riots,44.4354,11.1525
39895,Italy,Riots,44.4354,11.1525
39896,Italy,Riots,44.4354,11.1525
39897,Italy,Riots,44.4354,11.1525
39898,Italy,Riots,44.4354,11.1525
39899,Italy,Riots,44.4354,11.1525
39900,Italy,Riots,44.4354,11.1525
39901,Italy,Riots,44.4354,11.1525
39902,Italy,Riots,44.4354,11.1525
39903,Italy,Riots,44.4354,11.1525
39904,Italy,Riots,44.4354,11.1525
39905,Italy,Riots,44.4354,11.1525
39906,Italy,Riots,44.4354,11.1525
39907,Italy,Riots,44.4354,11.1525
39908,Italy,Riots,44.4354,11.1525
39909,Italy,Riots,44.4354,11.1525
39910,Italy,Riots,44.4354,11.1525
39911,Italy,Riots,44.4354,11.1525
39912,Italy,Riots,44.4354,11.1525
39913,Italy,Riots,44.4354,11.1525
39914,Italy,Riots,44.4354,11.1525
39928,Italy,Violence against civilians,44.4354,11.1525
39929,Italy,Violence against civilians,44.4354,11.1525
39930,Italy,Violence against civilians,44.4354,11.1525
39931,Italy,Violence against civilians,44.4354,11.1525
40168,Italy,Riots,46.1152,13.0482
40169,Italy,Riots,46.1152,13.0482
40170,Italy,Riots,46.1152,13.0482
40171,Italy,Riots,46.1152,13.0482
40172,Italy,Riots,46.1152,13.0482
40173,Italy,Riots,46.1152,13.0482
40174,Italy,Riots,46.1152,13.0482
40175,Italy,Riots,46.1152,13.0482
40176,Italy,Riots,46.1152,13.0482
40177,Italy,Riots,46.1152,13.0482
40178,Italy,Riots,46.1152,13.0482
40179,Italy,Riots,46.1152,13.0482
40180,Italy,Riots,46.1152,13.0482
40181,Italy,Riots,46.1152,13.0482
40182,Italy,Riots,46.1152,13.0482
40183,Italy,Riots,46.1152,13.0482
40184,Italy,Riots,46.1152,13.0482
40185,Italy,Riots,46.1152,13.0482
40186,Italy,Riots,46.1152,13.0482
40187,Italy,Riots,46.1152,13.0482
40188,Italy,Riots,46.1152,13.0482
40189,Italy,Riots,46.1152,13.0482
40190,Italy,Riots,46.1152,13.0482
40191,Italy,Riots,46.1152,13.0482
40192,Italy,Riots,46.1152,13.0482
40193,Italy,Riots,46.1152,13.0482
40194,Italy,Riots,46.1152,13.0482
40195,Italy,Riots,46.1152,13.0482
40196,Italy,Riots,46.1152,13.0482
40197,Italy,Riots,46.1152,13.0482
40198,Italy,Riots,46.1152,13.0482
40199,Italy,Riots,46.1152,13.0482
40200,Italy,Riots,46.1152,13.0482
40201,Italy,Riots,46.1152,13.0482
40202,Italy,Riots,46.1152,13.0482
40203,Italy,Riots,46.1152,13.0482
40210,Italy,Explosions/Remote violence,42.0211,12.4995
40553,Italy,Riots,42.0211,12.4995
40554,Italy,Riots,42.0211,12.4995
40555,Italy,Riots,42.0211,12.4995
40556,Italy,Riots,42.0211,12.4995
40557,Italy,Riots,42.0211,12.4995
40558,Italy,Riots,42.0211,12.4995
40559,Italy,Riots,42.0211,12.4995
40560,Italy,Riots,42.0211,12.4995
40561,Italy,Riots,42.0211,12.4995
40562,Italy,Riots,42.0211,12.4995
40563,Italy,Riots,42.0211,12.4995
40564,Italy,Riots,42.0211,12.4995
40565,Italy,Riots,42.0211,12.4995
40566,Italy,Riots,42.0211,12.4995
40567,Italy,Riots,42.0211,12.4995
40568,Italy,Riots,42.0211,12.4995
40569,Italy,Riots,42.0211,12.4995
40570,Italy,Riots,42.0211,12.4995
40571,Italy,Riots,42.0211,12.4995
40572,Italy,Riots,42.0211,12.4995
40573,Italy,Riots,42.0211,12.4995
40574,Italy,Riots,42.0211,12.4995
40575,Italy,Riots,42.0211,12.4995
40576,Italy,Riots,42.0211,12.4995
40577,Italy,Riots,42.0211,12.4995
40578,Italy,Riots,42.0211,12.4995
40579,Italy,Riots,42.0211,12.4995
40580,Italy,Riots,42.0211,12.4995
40581,Italy,Riots,42.0211,12.4995
40582,Italy,Riots,42.0211,12.4995
40583,Italy,Riots,42.0211,12.4995
40584,Italy,Riots,42.0211,12.4995
40585,Italy,Riots,42.0211,12.4995
40586,Italy,Riots,42.0211,12.4995
40587,Italy,Riots,42.0211,12.4995
40588,Italy,Riots,42.0211,12.4995
40589,Italy,Riots,42.0211,12.4995
40590,Italy,Riots,42.0211,12.4995
40591,Italy,Riots,42.0211,12.4995
40592,Italy,Riots,42.0211,12.4995
40593,Italy,Riots,42.0211,12.4995
40594,Italy,Riots,42.0211,12.4995
40595,Italy,Riots,42.0211,12.4995
40596,Italy,Riots,42.0211,12.4995
40597,Italy,Riots,42.0211,12.4995
40598,Italy,Riots,42.0211,12.4995
40599,Italy,Riots,42.0211,12.4995
40600,Italy,Riots,42.0211,12.4995
40601,Italy,Riots,42.0211,12.4995
40602,Italy,Riots,42.0211,12.4995
40603,Italy,Riots,42.0211,12.4995
40604,Italy,Riots,42.0211,12.4995
40605,Italy,Riots,42.0211,12.4995
40606,Italy,Riots,42.0211,12.4995
40607,Italy,Riots,42.0211,12.4995
40608,Italy,Riots,42.0211,12.4995
40609,Italy,Riots,42.0211,12.4995
40610,Italy,Riots,42.0211,12.4995
40611,Italy,Riots,42.0211,12.4995
40612,Italy,Riots,42.0211,12.4995
40613,Italy,Riots,42.0211,12.4995
40614,Italy,Riots,42.0211,12.4995
40615,Italy,Riots,42.0211,12.4995
40616,Italy,Riots,42.0211,12.4995
40617,Italy,Riots,42.0211,12.4995
40618,Italy,Riots,42.0211,12.4995
40619,Italy,Riots,42.0211,12.4995
40620,Italy,Riots,42.0211,12.4995
40621,Italy,Riots,42.0211,12.4995
40622,Italy,Riots,42.0211,12.4995
40623,Italy,Riots,42.0211,12.4995
40624,Italy,Riots,42.0211,12.4995
40625,Italy,Riots,42.0211,12.4995
40626,Italy,Riots,42.0211,12.4995
40627,Italy,Riots,42.0211,12.4995
40628,Italy,Riots,42.0211,12.4995
40629,Italy,Riots,42.0211,12.4995
40630,Italy,Riots,42.0211,12.4995
40631,Italy,Riots,42.0211,12.4995
40632,Italy,Riots,42.0211,12.4995
40633,Italy,Riots,42.0211,12.4995
40634,Italy,Riots,42.0211,12.4995
40635,Italy,Riots,42.0211,12.4995
40636,Italy,Riots,42.0211,12.4995
40637,Italy,Riots,42.0211,12.4995
40638,Italy,Riots,42.0211,12.4995
40639,Italy,Riots,42.0211,12.4995
40640,Italy,Riots,42.0211,12.4995
40641,Italy,Riots,42.0211,12.4995
40642,Italy,Riots,42.0211,12.4995
40643,Italy,Riots,42.0211,12.4995
40644,Italy,Riots,42.0211,12.4995
40645,Italy,Riots,42.0211,12.4995
40646,Italy,Riots,42.0211,12.4995
40647,Italy,Riots,42.0211,12.4995
40648,Italy,Riots,42.0211,12.4995
40697,Italy,Violence against civilians,42.0211,12.4995
40698,Italy,Violence against civilians,42.0211,12.4995
40699,Italy,Explosions/Remote violence,44.2274,9.6832
40970,Italy,Riots,44.2274,9.6832
40971,Italy,Riots,44.2274,9.6832
40972,Italy,Riots,44.2274,9.6832
40973,Italy,Riots,44.2274,9.6832
40974,Italy,Riots,44.2274,9.6832
40975,Italy,Riots,44.2274,9.6832
40976,Italy,Riots,44.2274,9.6832
40977,Italy,Riots,44.2274,9.6832
40978,Italy,Riots,44.2274,9.6832
40979,Italy,Riots,44.2274,9.6832
40980,Italy,Riots,44.2274,9.6832
40981,Italy,Riots,44.2274,9.6832
40982,Italy,Riots,44.2274,9.6832
40983,Italy,Riots,44.2274,9.6832
40984,Italy,Riots,44.2274,9.6832
40985,Italy,Riots,44.2274,9.6832
40986,Italy,Riots,44.2274,9.6832
40987,Italy,Riots,44.2274,9.6832
40988,Italy,Riots,44.2274,9.6832
40989,Italy,Riots,44.2274,9.6832
40990,Italy,Riots,44.2274,9.6832
40991,Italy,Riots,44.2274,9.6832
40992,Italy,Riots,44.2274,9.6832
40993,Italy,Riots,44.2274,9.6832
41005,Italy,Violence against civilians,44.2274,9.6832
41363,Italy,Riots,45.6567,9.6787
41364,Italy,Riots,45.6567,9.6787
41365,Italy,Riots,45.6567,9.6787
41366,Italy,Riots,45.6567,9.6787
41367,Italy,Riots,45.6567,9.6787
41368,Italy,Riots,45.6567,9.6787
41369,Italy,Riots,45.6567,9.6787
41370,Italy,Riots,45.6567,9.6787
41371,Italy,Riots,45.6567,9.6787
41372,Italy,Riots,45.6567,9.6787
41373,Italy,Riots,45.6567,9.6787
41374,Italy,Riots,45.6567,9.6787
41375,Italy,Riots,45.6567,9.6787
41376,Italy,Riots,45.6567,9.6787
41377,Italy,Riots,45.6567,9.6787
41378,Italy,Riots,45.6567,9.6787
41379,Italy,Riots,45.6567,9.6787
41380,Italy,Riots,45.6567,9.6787
41381,Italy,Riots,45.6567,9.6787
41382,Italy,Riots,45.6567,9.6787
41383,Italy,Riots,45.6567,9.6787
41384,Italy,Riots,45.6567,9.6787
41385,Italy,Riots,45.6567,9.6787
41386,Italy,Riots,45.6567,9.6787
41387,Italy,Riots,45.6567,9.6787
41388,Italy,Riots,45.6567,9.6787
41389,Italy,Riots,45.6567,9.6787
41390,Italy,Riots,45.6567,9.6787
41391,Italy,Riots,45.6567,9.6787
41392,Italy,Riots,45.6567,9.6787
41393,Italy,Riots,45.6567,9.6787
41394,Italy,Riots,45.6567,9.6787
41395,Italy,Riots,45.6567,9.6787
41396,Italy,Riots,45.6567,9.6787
41397,Italy,Riots,45.6567,9.6787
41398,Italy,Riots,45.6567,9.6787
41399,Italy,Riots,45.6567,9.6787
41400,Italy,Riots,45.6567,9.6787
41401,Italy,Riots,45.6567,9.6787
41402,Italy,Riots,45.6567,9.6787
41403,Italy,Riots,45.6567,9.6787
41404,Italy,Riots,45.6567,9.6787
41405,Italy,Riots,45.6567,9.6787
41406,Italy,Riots,45.6567,9.6787
41407,Italy,Riots,45.6567,9.6787
41408,Italy,Riots,45.6567,9.6787
41409,Italy,Riots,45.6567,9.6787
41410,Italy,Riots,45.6567,9.6787
41411,Italy,Riots,45.6567,9.6787
41412,Italy,Riots,45.6567,9.6787
41413,Italy,Riots,45.6567,9.6787
41414,Italy,Riots,45.6567,9.6787
41415,Italy,Riots,45.6567,9.6787
41416,Italy,Riots,45.6567,9.6787
41417,Italy,Riots,45.6567,9.6787
41418,Italy,Riots,45.6567,9.6787
41419,Italy,Riots,45.6567,9.6787
41420,Italy,Riots,45.6567,9.6787
41421,Italy,Riots,45.6567,9.6787
41422,Italy,Riots,45.6567,9.6787
41423,Italy,Riots,45.6567,9.6787
41424,Italy,Riots,45.6567,9.6787
41425,Italy,Riots,45.6567,9.6787
41426,Italy,Riots,45.6567,9.6787
41427,Italy,Riots,45.6567,9.6787
41428,Italy,Riots,45.6567,9.6787
41429,Italy,Riots,45.6567,9.6787
41430,Italy,Riots,45.6567,9.6787
41431,Italy,Riots,45.6567,9.6787
41432,Italy,Riots,45.6567,9.6787
41433,Italy,Riots,45.6567,9.6787
41434,Italy,Riots,45.6567,9.6787
41435,Italy,Riots,45.6567,9.6787
41436,Italy,Riots,45.6567,9.6787
41437,Italy,Riots,45.6567,9.6787
41438,Italy,Riots,45.6567,9.6787
41439,Italy,Riots,45.6567,9.6787
41440,Italy,Riots,45.6567,9.6787
41441,Italy,Riots,45.6567,9.6787
41442,Italy,Riots,45.6567,9.6787
41443,Italy,Riots,45.6567,9.6787
41492,Italy,Violence against civilians,45.6567,9.6787
41493,Italy,Violence against civilians,45.6567,9.6787
41494,Italy,Violence against civilians,45.6567,9.6787
41495,Italy,Violence against civilians,45.6567,9.6787
41496,Italy,Violence against civilians,45.6567,9.6787
41734,Italy,Riots,43.3282,13.255
41735,Italy,Riots,43.3282,13.255
41736,Italy,Riots,43.3282,13.255
41737,Italy,Riots,43.3282,13.255
41872,Italy,Riots,41.7176,14.6255
41873,Italy,Riots,41.7176,14.6255
41874,Italy,Riots,41.7176,14.6255
42211,Italy,Riots,45.2618,7.8349
42212,Italy,Riots,45.2618,7.8349
42213,Italy,Riots,45.2618,7.8349
42214,Italy,Riots,45.2618,7.8349
42215,Italy,Riots,45.2618,7.8349
42216,Italy,Riots,45.2618,7.8349
42217,Italy,Riots,45.2618,7.8349
42218,Italy,Riots,45.2618,7.8349
42219,Italy,Riots,45.2618,7.8349
42220,Italy,Riots,45.2618,7.8349
42221,Italy,Riots,45.2618,7.8349
42222,Italy,Riots,45.2618,7.8349
42223,Italy,Riots,45.2618,7.8349
42224,Italy,Riots,45.2618,7.8349
42225,Italy,Riots,45.2618,7.8349
42226,Italy,Riots,45.2618,7.8349
42227,Italy,Riots,45.2618,7.8349
42228,Italy,Riots,45.2618,7.8349
42229,Italy,Riots,45.2618,7.8349
42230,Italy,Riots,45.2618,7.8349
42231,Italy,Riots,45.2618,7.8349
42232,Italy,Riots,45.2618,7.8349
42233,Italy,Riots,45.2618,7.8349
42234,Italy,Riots,45.2618,7.8349
42235,Italy,Riots,45.2618,7.8349
42236,Italy,Riots,45.2618,7.8349
42237,Italy,Riots,45.2618,7.8349
42238,Italy,Riots,45.2618,7.8349
42239,Italy,Riots,45.2618,7.8349
42240,Italy,Riots,45.2618,7.8349
42241,Italy,Riots,45.2618,7.8349
42242,Italy,Riots,45.2618,7.8349
42243,Italy,Riots,45.2618,7.8349
42244,Italy,Riots,45.2618,7.8349
42245,Italy,Riots,45.2618,7.8349
42246,Italy,Riots,45.2618,7.8349
42247,Italy,Riots,45.2618,7.8349
42248,Italy,Riots,45.2618,7.8349
42249,Italy,Riots,45.2618,7.8349
42250,Italy,Riots,45.2618,7.8349
42251,Italy,Riots,45.2618,7.8349
42252,Italy,Riots,45.2618,7.8349
42253,Italy,Riots,45.2618,7.8349
42254,Italy,Riots,45.2618,7.8349
42255,Italy,Riots,45.2618,7.8349
42256,Italy,Riots,45.2618,7.8349
42257,Italy,Riots,45.2618,7.8349
42258,Italy,Riots,45.2618,7.8349
42259,Italy,Riots,45.2618,7.8349
42260,Italy,Riots,45.2618,7.8349
42261,Italy,Riots,45.2618,7.8349
42262,Italy,Riots,45.2618,7.8349
42263,Italy,Riots,45.2618,7.8349
42264,Italy,Riots,45.2618,7.8349
42265,Italy,Riots,45.2618,7.8349
42266,Italy,Riots,45.2618,7.8349
42267,Italy,Riots,45.2618,7.8349
42268,Italy,Riots,45.2618,7.8349
42269,Italy,Riots,45.2618,7.8349
42270,Italy,Riots,45.2618,7.8349
42271,Italy,Riots,45.2618,7.8349
42272,Italy,Riots,45.2618,7.8349
42273,Italy,Riots,45.2618,7.8349
42274,Italy,Riots,45.2618,7.8349
42275,Italy,Riots,45.2618,7.8349
42276,Italy,Riots,45.2618,7.8349
42277,Italy,Riots,45.2618,7.8349
42278,Italy,Riots,45.2618,7.8349
42279,Italy,Riots,45.2618,7.8349
42280,Italy,Riots,45.2618,7.8349
42281,Italy,Riots,45.2618,7.8349
42282,Italy,Riots,45.2618,7.8349
42283,Italy,Riots,45.2618,7.8349
42284,Italy,Riots,45.2618,7.8349
42285,Italy,Riots,45.2618,7.8349
42286,Italy,Riots,45.2618,7.8349
42287,Italy,Riots,45.2618,7.8349
42288,Italy,Riots,45.2618,7.8349
42289,Italy,Riots,45.2618,7.8349
42290,Italy,Riots,45.2618,7.8349
42291,Italy,Riots,45.2618,7.8349
42292,Italy,Riots,45.2618,7.8349
42293,Italy,Riots,45.2618,7.8349
42294,Italy,Riots,45.2618,7.8349
42295,Italy,Riots,45.2618,7.8349
42296,Italy,Riots,45.2618,7.8349
42297,Italy,Riots,45.2618,7.8349
42298,Italy,Riots,45.2618,7.8349
42299,Italy,Riots,45.2618,7.8349
42300,Italy,Riots,45.2618,7.8349
42301,Italy,Riots,45.2618,7.8349
42302,Italy,Riots,45.2618,7.8349
42303,Italy,Riots,45.2618,7.8349
42304,Italy,Riots,45.2618,7.8349
42305,Italy,Riots,45.2618,7.8349
42306,Italy,Riots,45.2618,7.8349
42307,Italy,Riots,45.2618,7.8349
42308,Italy,Riots,45.2618,7.8349
42309,Italy,Riots,45.2618,7.8349
42310,Italy,Riots,45.2618,7.8349
42311,Italy,Riots,45.2618,7.8349
42312,Italy,Riots,45.2618,7.8349
42313,Italy,Riots,45.2618,7.8349
42314,Italy,Riots,45.2618,7.8349
42315,Italy,Riots,45.2618,7.8349
42316,Italy,Riots,45.2618,7.8349
42317,Italy,Riots,45.2618,7.8349
42318,Italy,Riots,45.2618,7.8349
42319,Italy,Riots,45.2618,7.8349
42320,Italy,Riots,45.2618,7.8349
42321,Italy,Riots,45.2618,7.8349
42322,Italy,Riots,45.2618,7.8349
42323,Italy,Riots,45.2618,7.8349
42324,Italy,Riots,45.2618,7.8349
42325,Italy,Riots,45.2618,7.8349
42326,Italy,Riots,45.2618,7.8349
42327,Italy,Riots,45.2618,7.8349
42328,Italy,Riots,45.2618,7.8349
42329,Italy,Riots,45.2618,7.8349
42354,Italy,Violence against civilians,45.2618,7.8349
42355,Italy,Violence against civilians,45.2618,7.8349
42356,Italy,Explosions/Remote violence,40.8708,16.8208
42648,Italy,Riots,40.8708,16.8208
42649,Italy,Riots,40.8708,16.8208
42650,Italy,Riots,40.8708,16.8208
42651,Italy,Riots,40.8708,16.8208
42652,Italy,Riots,40.8708,16.8208
42653,Italy,Riots,40.8708,16.8208
42654,Italy,Riots,40.8708,16.8208
42655,Italy,Riots,40.8708,16.8208
42656,Italy,Riots,40.8708,16.8208
42657,Italy,Riots,40.8708,16.8208
42658,Italy,Riots,40.8708,16.8208
42659,Italy,Riots,40.8708,16.8208
42660,Italy,Riots,40.8708,16.8208
42661,Italy,Riots,40.8708,16.8208
42662,Italy,Riots,40.8708,16.8208
42663,Italy,Riots,40.8708,16.8208
42664,Italy,Riots,40.8708,16.8208
42665,Italy,Riots,40.8708,16.8208
42666,Italy,Riots,40.8708,16.8208
42667,Italy,Riots,40.8708,16.8208
42668,Italy,Riots,40.8708,16.8208
42669,Italy,Riots,40.8708,16.8208
42670,Italy,Riots,40.8708,16.8208
42671,Italy,Riots,40.8708,16.8208
42672,Italy,Riots,40.8708,16.8208
42673,Italy,Riots,40.8708,16.8208
42674,Italy,Riots,40.8708,16.8208
42675,Italy,Riots,40.8708,16.8208
42676,Italy,Riots,40.8708,16.8208
42769,Italy,Violence against civilians,40.8708,16.8208
42770,Italy,Violence against civilians,40.8708,16.8208
42771,Italy,Violence against civilians,40.8708,16.8208
42772,Italy,Violence against civilians,40.8708,16.8208
42773,Italy,Violence against civilians,40.8708,16.8208
42774,Italy,Violence against civilians,40.8708,16.8208
42775,Italy,Violence against civilians,40.8708,16.8208
42776,Italy,Explosions/Remote violence,40.0615,9.0976
42777,Italy,Explosions/Remote violence,40.0615,9.0976
42778,Italy,Explosions/Remote violence,40.0615,9.0976
43031,Italy,Riots,40.0615,9.0976
43032,Italy,Riots,40.0615,9.0976
43033,Italy,Riots,40.0615,9.0976
43034,Italy,Riots,40.0615,9.0976
43035,Italy,Riots,40.0615,9.0976
43036,Italy,Riots,40.0615,9.0976
43037,Italy,Riots,40.0615,9.0976
43038,Italy,Riots,40.0615,9.0976
43039,Italy,Riots,40.0615,9.0976
43040,Italy,Riots,40.0615,9.0976
43041,Italy,Riots,40.0615,9.0976
43042,Italy,Riots,40.0615,9.0976
43043,Italy,Riots,40.0615,9.0976
43044,Italy,Riots,40.0615,9.0976
43045,Italy,Riots,40.0615,9.0976
43046,Italy,Riots,40.0615,9.0976
43088,Italy,Violence against civilians,40.0615,9.0976
43089,Italy,Explosions/Remote violence,37.4746,14.1382
43395,Italy,Riots,37.4746,14.1382
43396,Italy,Riots,37.4746,14.1382
43397,Italy,Riots,37.4746,14.1382
43398,Italy,Riots,37.4746,14.1382
43399,Italy,Riots,37.4746,14.1382
43400,Italy,Riots,37.4746,14.1382
43401,Italy,Riots,37.4746,14.1382
43402,Italy,Riots,37.4746,14.1382
43403,Italy,Riots,37.4746,14.1382
43404,Italy,Riots,37.4746,14.1382
43405,Italy,Riots,37.4746,14.1382
43406,Italy,Riots,37.4746,14.1382
43407,Italy,Riots,37.4746,14.1382
43408,Italy,Riots,37.4746,14.1382
43409,Italy,Riots,37.4746,14.1382
43410,Italy,Riots,37.4746,14.1382
43411,Italy,Riots,37.4746,14.1382
43412,Italy,Riots,37.4746,14.1382
43413,Italy,Riots,37.4746,14.1382
43414,Italy,Riots,37.4746,14.1382
43415,Italy,Riots,37.4746,14.1382
43416,Italy,Riots,37.4746,14.1382
43417,Italy,Riots,37.4746,14.1382
43418,Italy,Riots,37.4746,14.1382
43419,Italy,Riots,37.4746,14.1382
43420,Italy,Riots,37.4746,14.1382
43421,Italy,Riots,37.4746,14.1382
43422,Italy,Riots,37.4746,14.1382
43423,Italy,Riots,37.4746,14.1382
43424,Italy,Riots,37.4746,14.1382
43425,Italy,Riots,37.4746,14.1382
43426,Italy,Riots,37.4746,14.1382
43427,Italy,Riots,37.4746,14.1382
43428,Italy,Riots,37.4746,14.1382
43429,Italy,Riots,37.4746,14.1382
43430,Italy,Riots,37.4746,14.1382
43431,Italy,Riots,37.4746,14.1382
43432,Italy,Riots,37.4746,14.1382
43433,Italy,Riots,37.4746,14.1382
43434,Italy,Riots,37.4746,14.1382
43435,Italy,Riots,37.4746,14.1382
43436,Italy,Riots,37.4746,14.1382
43437,Italy,Riots,37.4746,14.1382
43438,Italy,Riots,37.4746,14.1382
43439,Italy,Riots,37.4746,14.1382
43440,Italy,Riots,37.4746,14.1382
43441,Italy,Riots,37.4746,14.1382
43442,Italy,Riots,37.4746,14.1382
43443,Italy,Riots,37.4746,14.1382
43444,Italy,Riots,37.4746,14.1382
43445,Italy,Riots,37.4746,14.1382
43446,Italy,Riots,37.4746,14.1382
43447,Italy,Riots,37.4746,14.1382
43448,Italy,Riots,37.4746,14.1382
43449,Italy,Riots,37.4746,14.1382
43450,Italy,Riots,37.4746,14.1382
43451,Italy,Riots,37.4746,14.1382
43452,Italy,Riots,37.4746,14.1382
43453,Italy,Riots,37.4746,14.1382
43454,Italy,Riots,37.4746,14.1382
43455,Italy,Riots,37.4746,14.1382
43456,Italy,Riots,37.4746,14.1382
43457,Italy,Riots,37.4746,14.1382
43458,Italy,Riots,37.4746,14.1382
43459,Italy,Riots,37.4746,14.1382
43460,Italy,Riots,37.4746,14.1382
43461,Italy,Riots,37.4746,14.1382
43534,Italy,Violence against civilians,37.4746,14.1382
43535,Italy,Violence against civilians,37.4746,14.1382
43536,Italy,Violence against civilians,37.4746,14.1382
43537,Italy,Violence against civilians,37.4746,14.1382
43849,Italy,Riots,43.4174,11.2181
43850,Italy,Riots,43.4174,11.2181
43851,Italy,Riots,43.4174,11.2181
43852,Italy,Riots,43.4174,11.2181
43853,Italy,Riots,43.4174,11.2181
43854,Italy,Riots,43.4174,11.2181
43855,Italy,Riots,43.4174,11.2181
43856,Italy,Riots,43.4174,11.2181
43857,Italy,Riots,43.4174,11.2181
43858,Italy,Riots,43.4174,11.2181
43859,Italy,Riots,43.4174,11.2181
43860,Italy,Riots,43.4174,11.2181
43861,Italy,Riots,43.4174,11.2181
43862,Italy,Riots,43.4174,11.2181
43863,Italy,Riots,43.4174,11.2181
43864,Italy,Riots,43.4174,11.2181
43865,Italy,Riots,43.4174,11.2181
43866,Italy,Riots,43.4174,11.2181
43867,Italy,Riots,43.4174,11.2181
43868,Italy,Riots,43.4174,11.2181
43869,Italy,Riots,43.4174,11.2181
43870,Italy,Riots,43.4174,11.2181
43871,Italy,Riots,43.4174,11.2181
43872,Italy,Riots,43.4174,11.2181
43873,Italy,Riots,43.4174,11.2181
43874,Italy,Riots,43.4174,11.2181
43875,Italy,Riots,43.4174,11.2181
43876,Italy,Riots,43.4174,11.2181
43877,Italy,Riots,43.4174,11.2181
43878,Italy,Riots,43.4174,11.2181
43879,Italy,Riots,43.4174,11.2181
43880,Italy,Riots,43.4174,11.2181
43881,Italy,Riots,43.4174,11.2181
43882,Italy,Riots,43.4174,11.2181
43883,Italy,Riots,43.4174,11.2181
43884,Italy,Riots,43.4174,11.2181
43885,Italy,Riots,43.4174,11.2181
43886,Italy,Riots,43.4174,11.2181
43900,Italy,Violence against civilians,43.4174,11.2181
43901,Italy,Violence against civilians,43.4174,11.2181
43902,Italy,Violence against civilians,43.4174,11.2181
43903,Italy,Violence against civilians,43.4174,11.2181
43904,Italy,Violence against civilians,43.4174,11.2181
44122,Italy,Riots,46.3828,11.2221
44123,Italy,Riots,46.3828,11.2221
44124,Italy,Riots,46.3828,11.2221
44125,Italy,Riots,46.3828,11.2221
44332,Italy,Riots,42.9909,12.4306
44333,Italy,Riots,42.9909,12.4306
44334,Italy,Riots,42.9909,12.4306
44335,Italy,Riots,42.9909,12.4306
44414,Italy,Riots,45.7274,7.3719
44740,Italy,Riots,45.7382,12.0971
44741,Italy,Riots,45.7382,12.0971
44742,Italy,Riots,45.7382,12.0971
44743,Italy,Riots,45.7382,12.0971
44744,Italy,Riots,45.7382,12.0971
44745,Italy,Riots,45.7382,12.0971
44746,Italy,Riots,45.7382,12.0971
44747,Italy,Riots,45.7382,12.0971
44748,Italy,Riots,45.7382,12.0971
44749,Italy,Riots,45.7382,12.0971
44750,Italy,Riots,45.7382,12.0971
44751,Italy,Riots,45.7382,12.0971
44752,Italy,Riots,45.7382,12.0971
44753,Italy,Riots,45.7382,12.0971
44754,Italy,Riots,45.7382,12.0971
44755,Italy,Riots,45.7382,12.0971
44756,Italy,Riots,45.7382,12.0971
44757,Italy,Riots,45.7382,12.0971
44758,Italy,Riots,45.7382,12.0971
44759,Italy,Riots,45.7382,12.0971
44760,Italy,Riots,45.7382,12.0971
44761,Italy,Riots,45.7382,12.0971
44762,Italy,Riots,45.7382,12.0971
44763,Italy,Riots,45.7382,12.0971
44764,Italy,Riots,45.7382,12.0971
44765,Italy,Riots,45.7382,12.0971
44766,Italy,Riots,45.7382,12.0971
44767,Italy,Riots,45.7382,12.0971
44768,Italy,Riots,45.7382,12.0971
44769,Italy,Riots,45.7382,12.0971
44770,Italy,Riots,45.7382,12.0971
44771,Italy,Riots,45.7382,12.0971
44772,Italy,Riots,45.7382,12.0971
44773,Italy,Riots,45.7382,12.0971
44774,Italy,Riots,45.7382,12.0971
44775,Italy,Riots,45.7382,12.0971
44776,Italy,Riots,45.7382,12.0971
44796,Italy,Violence against civilians,45.7382,12.0971
44797,Italy,Violence against civilians,45.7382,12.0971
44798,Italy,Violence against civilians,45.7382,12.0971
44800,Kazakhstan,Explosions/Remote violence,44.7707,77.3136
45045,Kazakhstan,Riots,44.7707,77.3136
45046,Kazakhstan,Riots,44.7707,77.3136
45047,Kazakhstan,Riots,44.7707,77.3136
45048,Kazakhstan,Riots,44.7707,77.3136
45049,Kazakhstan,Riots,44.7707,77.3136
45050,Kazakhstan,Riots,44.7707,77.3136
45051,Kazakhstan,Riots,44.7707,77.3136
45052,Kazakhstan,Riots,44.7707,77.3136
45053,Kazakhstan,Riots,44.7707,77.3136
45054,Kazakhstan,Riots,44.7707,77.3136
45059,Kazakhstan,Violence against civilians,44.7707,77.3136
45060,Kazakhstan,Violence against civilians,44.7707,77.3136
45061,Kazakhstan,Violence against civilians,44.7707,77.3136
45062,Kazakhstan,Violence against civilians,44.7707,77.3136
45063,Kazakhstan,Violence against civilians,44.7707,77.3136
45064,Kazakhstan,Violence against civilians,44.7707,77.3136
45065,Kazakhstan,Violence against civilians,44.7707,77.3136
45066,Kazakhstan,Violence against civilians,44.7707,77.3136
45067,Kazakhstan,Violence against civilians,44.7707,77.3136
45068,Kazakhstan,Violence against civilians,44.7707,77.3136
45069,Kazakhstan,Violence against civilians,44.7707,77.3136
45070,Kazakhstan,Violence against civilians,44.7707,77.3136
45071,Kazakhstan,Violence against civilians,44.7707,77.3136
45072,Kazakhstan,Violence against civilians,44.7707,77.3136
45073,Kazakhstan,Violence against civilians,44.7707,77.3136
45074,Kazakhstan,Violence against civilians,44.7707,77.3136
45075,Kazakhstan,Violence against civilians,44.7707,77.3136
45076,Kazakhstan,Violence against civilians,44.7707,77.3136
45077,Kazakhstan,Violence against civilians,44.7707,77.3136
45078,Kazakhstan,Violence against civilians,44.7707,77.3136
45079,Kazakhstan,Violence against civilians,44.7707,77.3136
45080,Kazakhstan,Violence against civilians,44.7707,77.3136
45081,Kazakhstan,Violence against civilians,44.7707,77.3136
45082,Kazakhstan,Violence against civilians,44.7707,77.3136
45083,Kazakhstan,Violence against civilians,44.7707,77.3136
45084,Kazakhstan,Violence against civilians,44.7707,77.3136
45085,Kazakhstan,Violence against civilians,44.7707,77.3136
45086,Kazakhstan,Violence against civilians,44.7707,77.3136
45087,Kazakhstan,Violence against civilians,44.7707,77.3136
45088,Kazakhstan,Violence against civilians,44.7707,77.3136
45089,Kazakhstan,Violence against civilians,44.7707,77.3136
45090,Kazakhstan,Violence against civilians,44.7707,77.3136
45091,Kazakhstan,Violence against civilians,44.7707,77.3136
45092,Kazakhstan,Violence against civilians,44.7707,77.3136
45460,Kazakhstan,Riots,43.2183,76.9193
45461,Kazakhstan,Riots,43.2183,76.9193
45462,Kazakhstan,Riots,43.2183,76.9193
45463,Kazakhstan,Riots,43.2183,76.9193
45464,Kazakhstan,Riots,43.2183,76.9193
45465,Kazakhstan,Riots,43.2183,76.9193
45466,Kazakhstan,Riots,43.2183,76.9193
45467,Kazakhstan,Riots,43.2183,76.9193
45468,Kazakhstan,Riots,43.2183,76.9193
45469,Kazakhstan,Riots,43.2183,76.9193
45470,Kazakhstan,Riots,43.2183,76.9193
45496,Kazakhstan,Violence against civilians,43.2183,76.9193
45497,Kazakhstan,Violence against civilians,43.2183,76.9193
45498,Kazakhstan,Violence against civilians,43.2183,76.9193
45499,Kazakhstan,Violence against civilians,43.2183,76.9193
45500,Kazakhstan,Violence against civilians,43.2183,76.9193
45501,Kazakhstan,Violence against civilians,43.2183,76.9193
45502,Kazakhstan,Violence against civilians,43.2183,76.9193
45503,Kazakhstan,Violence against civilians,43.2183,76.9193
45504,Kazakhstan,Violence against civilians,43.2183,76.9193
45505,Kazakhstan,Violence against civilians,43.2183,76.9193
45506,Kazakhstan,Violence against civilians,43.2183,76.9193
45507,Kazakhstan,Violence against civilians,43.2183,76.9193
45508,Kazakhstan,Violence against civilians,43.2183,76.9193
45509,Kazakhstan,Violence against civilians,43.2183,76.9193
45510,Kazakhstan,Violence against civilians,43.2183,76.9193
45511,Kazakhstan,Violence against civilians,43.2183,76.9193
45512,Kazakhstan,Violence against civilians,43.2183,76.9193
45513,Kazakhstan,Violence against civilians,43.2183,76.9193
45514,Kazakhstan,Violence against civilians,43.2183,76.9193
45515,Kazakhstan,Violence against civilians,43.2183,76.9193
45516,Kazakhstan,Violence against civilians,43.2183,76.9193
45517,Kazakhstan,Violence against civilians,43.2183,76.9193
45518,Kazakhstan,Violence against civilians,43.2183,76.9193
45519,Kazakhstan,Violence against civilians,43.2183,76.9193
45520,Kazakhstan,Violence against civilians,43.2183,76.9193
45521,Kazakhstan,Violence against civilians,43.2183,76.9193
45522,Kazakhstan,Violence against civilians,43.2183,76.9193
45523,Kazakhstan,Violence against civilians,43.2183,76.9193
45524,Kazakhstan,Violence against civilians,43.2183,76.9193
45525,Kazakhstan,Violence against civilians,43.2183,76.9193
45526,Kazakhstan,Violence against civilians,43.2183,76.9193
45527,Kazakhstan,Violence against civilians,43.2183,76.9193
45528,Kazakhstan,Violence against civilians,43.2183,76.9193
45529,Kazakhstan,Violence against civilians,43.2183,76.9193
45530,Kazakhstan,Violence against civilians,43.2183,76.9193
45531,Kazakhstan,Violence against civilians,43.2183,76.9193
45532,Kazakhstan,Violence against civilians,43.2183,76.9193
45533,Kazakhstan,Violence against civilians,43.2183,76.9193
45534,Kazakhstan,Violence against civilians,43.2183,76.9193
45535,Kazakhstan,Violence against civilians,43.2183,76.9193
45536,Kazakhstan,Violence against civilians,43.2183,76.9193
45537,Kazakhstan,Violence against civilians,43.2183,76.9193
45617,Kazakhstan,Riots,51.861,69.8196
45619,Kazakhstan,Violence against civilians,51.861,69.8196
45620,Kazakhstan,Violence against civilians,51.861,69.8196
45621,Kazakhstan,Violence against civilians,51.861,69.8196
45622,Kazakhstan,Violence against civilians,51.861,69.8196
45623,Kazakhstan,Violence against civilians,51.861,69.8196
45624,Kazakhstan,Violence against civilians,51.861,69.8196
45625,Kazakhstan,Violence against civilians,51.861,69.8196
45626,Kazakhstan,Violence against civilians,51.861,69.8196
45627,Kazakhstan,Violence against civilians,51.861,69.8196
45628,Kazakhstan,Violence against civilians,51.861,69.8196
45861,Kazakhstan,Riots,48.2452,59.4557
45862,Kazakhstan,Violence against civilians,48.2452,59.4557
45863,Kazakhstan,Violence against civilians,48.2452,59.4557
45864,Kazakhstan,Violence against civilians,48.2452,59.4557
45865,Kazakhstan,Violence against civilians,48.2452,59.4557
45866,Kazakhstan,Violence against civilians,48.2452,59.4557
45867,Kazakhstan,Violence against civilians,48.2452,59.4557
45868,Kazakhstan,Violence against civilians,48.2452,59.4557
45869,Kazakhstan,Violence against civilians,48.2452,59.4557
45870,Kazakhstan,Violence against civilians,48.2452,59.4557
45871,Kazakhstan,Violence against civilians,48.2452,59.4557
45872,Kazakhstan,Violence against civilians,48.2452,59.4557
45873,Kazakhstan,Violence against civilians,48.2452,59.4557
45874,Kazakhstan,Violence against civilians,48.2452,59.4557
46164,Kazakhstan,Riots,51.1153,71.4664
46165,Kazakhstan,Riots,51.1153,71.4664
46166,Kazakhstan,Riots,51.1153,71.4664
46167,Kazakhstan,Riots,51.1153,71.4664
46168,Kazakhstan,Riots,51.1153,71.4664
46169,Kazakhstan,Riots,51.1153,71.4664
46189,Kazakhstan,Violence against civilians,51.1153,71.4664
46190,Kazakhstan,Violence against civilians,51.1153,71.4664
46191,Kazakhstan,Violence against civilians,51.1153,71.4664
46192,Kazakhstan,Violence against civilians,51.1153,71.4664
46193,Kazakhstan,Violence against civilians,51.1153,71.4664
46194,Kazakhstan,Violence against civilians,51.1153,71.4664
46195,Kazakhstan,Violence against civilians,51.1153,71.4664
46196,Kazakhstan,Violence against civilians,51.1153,71.4664
46197,Kazakhstan,Violence against civilians,51.1153,71.4664
46198,Kazakhstan,Violence against civilians,51.1153,71.4664
46199,Kazakhstan,Violence against civilians,51.1153,71.4664
46200,Kazakhstan,Violence against civilians,51.1153,71.4664
46201,Kazakhstan,Violence against civilians,51.1153,71.4664
46202,Kazakhstan,Violence against civilians,51.1153,71.4664
46203,Kazakhstan,Violence against civilians,51.1153,71.4664
46204,Kazakhstan,Violence against civilians,51.1153,71.4664
46205,Kazakhstan,Violence against civilians,51.1153,71.4664
46206,Kazakhstan,Violence against civilians,51.1153,71.4664
46207,Kazakhstan,Violence against civilians,51.1153,71.4664
46208,Kazakhstan,Violence against civilians,51.1153,71.4664
46209,Kazakhstan,Violence against civilians,51.1153,71.4664
46210,Kazakhstan,Violence against civilians,51.1153,71.4664
46211,Kazakhstan,Violence against civilians,51.1153,71.4664
46212,Kazakhstan,Violence against civilians,51.1153,71.4664
46213,Kazakhstan,Violence against civilians,51.1153,71.4664
46214,Kazakhstan,Violence against civilians,51.1153,71.4664
46215,Kazakhstan,Violence against civilians,51.1153,71.4664
46216,Kazakhstan,Violence against civilians,51.1153,71.4664
46217,Kazakhstan,Violence against civilians,51.1153,71.4664
46415,Kazakhstan,Riots,47.5089,51.716
46416,Kazakhstan,Riots,47.5089,51.716
46417,Kazakhstan,Riots,47.5089,51.716
46418,Kazakhstan,Riots,47.5089,51.716
46424,Kazakhstan,Violence against civilians,47.5089,51.716
46425,Kazakhstan,Violence against civilians,47.5089,51.716
46426,Kazakhstan,Violence against civilians,47.5089,51.716
46427,Kazakhstan,Violence against civilians,47.5089,51.716
46428,Kazakhstan,Violence against civilians,47.5089,51.716
46429,Kazakhstan,Violence against civilians,47.5089,51.716
46430,Kazakhstan,Violence against civilians,47.5089,51.716
46431,Kazakhstan,Violence against civilians,47.5089,51.716
46432,Kazakhstan,Violence against civilians,47.5089,51.716
46596,Kazakhstan,Riots,48.6224,81.9706
46597,Kazakhstan,Riots,48.6224,81.9706
46598,Kazakhstan,Riots,48.6224,81.9706
46599,Kazakhstan,Violence against civilians,48.6224,81.9706
46600,Kazakhstan,Violence against civilians,48.6224,81.9706
46601,Kazakhstan,Violence against civilians,48.6224,81.9706
46602,Kazakhstan,Violence against civilians,48.6224,81.9706
46603,Kazakhstan,Violence against civilians,48.6224,81.9706
46604,Kazakhstan,Violence against civilians,48.6224,81.9706
46605,Kazakhstan,Violence against civilians,48.6224,81.9706
46606,Kazakhstan,Violence against civilians,48.6224,81.9706
46607,Kazakhstan,Violence against civilians,48.6224,81.9706
46608,Kazakhstan,Violence against civilians,48.6224,81.9706
46609,Kazakhstan,Violence against civilians,48.6224,81.9706
46610,Kazakhstan,Violence against civilians,48.6224,81.9706
46611,Kazakhstan,Violence against civilians,48.6224,81.9706
46612,Kazakhstan,Violence against civilians,48.6224,81.9706
46613,Kazakhstan,Violence against civilians,48.6224,81.9706
46614,Kazakhstan,Violence against civilians,48.6224,81.9706
46615,Kazakhstan,Violence against civilians,48.6224,81.9706
46616,Kazakhstan,Violence against civilians,48.6224,81.9706
46617,Kazakhstan,Violence against civilians,48.6224,81.9706
46618,Kazakhstan,Violence against civilians,48.6224,81.9706
46619,Kazakhstan,Violence against civilians,48.6224,81.9706
46620,Kazakhstan,Violence against civilians,48.6224,81.9706
46621,Kazakhstan,Violence against civilians,48.6224,81.9706
46646,Kazakhstan,Violence against civilians,51.4437,63.3923
46647,Kazakhstan,Violence against civilians,51.4437,63.3923
46648,Kazakhstan,Violence against civilians,51.4437,63.3923
46649,Kazakhstan,Violence against civilians,51.4437,63.3923
46650,Kazakhstan,Violence against civilians,51.4437,63.3923
46651,Kazakhstan,Violence against civilians,51.4437,63.3923
46652,Kazakhstan,Violence against civilians,51.4437,63.3923
46653,Kazakhstan,Violence against civilians,51.4437,63.3923
46654,Kazakhstan,Violence against civilians,51.4437,63.3923
46655,Kazakhstan,Violence against civilians,51.4437,63.3923
46656,Kazakhstan,Violence against civilians,51.4437,63.3923
46657,Kazakhstan,Violence against civilians,51.4437,63.3923
46658,Kazakhstan,Violence against civilians,51.4437,63.3923
46659,Kazakhstan,Violence against civilians,51.4437,63.3923
46778,Kazakhstan,Riots,45.1091,63.5406
46779,Kazakhstan,Riots,45.1091,63.5406
46781,Kazakhstan,Violence against civilians,45.1091,63.5406
46782,Kazakhstan,Violence against civilians,45.1091,63.5406
46783,Kazakhstan,Violence against civilians,45.1091,63.5406
46784,Kazakhstan,Violence against civilians,45.1091,63.5406
46785,Kazakhstan,Violence against civilians,45.1091,63.5406
46786,Kazakhstan,Violence against civilians,45.1091,63.5406
46787,Kazakhstan,Violence against civilians,45.1091,63.5406
46788,Kazakhstan,Violence against civilians,45.1091,63.5406
46789,Kazakhstan,Violence against civilians,45.1091,63.5406
46790,Kazakhstan,Violence against civilians,45.1091,63.5406
47068,Kazakhstan,Riots,43.8846,53.502
47069,Kazakhstan,Riots,43.8846,53.502
47076,Kazakhstan,Violence against civilians,43.8846,53.502
47077,Kazakhstan,Violence against civilians,43.8846,53.502
47078,Kazakhstan,Violence against civilians,43.8846,53.502
47079,Kazakhstan,Violence against civilians,43.8846,53.502
47080,Kazakhstan,Violence against civilians,43.8846,53.502
47081,Kazakhstan,Violence against civilians,43.8846,53.502
47082,Kazakhstan,Violence against civilians,43.8846,53.502
47083,Kazakhstan,Violence against civilians,43.8846,53.502
47084,Kazakhstan,Violence against civilians,43.8846,53.502
47085,Kazakhstan,Violence against civilians,43.8846,53.502
47086,Kazakhstan,Violence against civilians,43.8846,53.502
47087,Kazakhstan,Violence against civilians,43.8846,53.502
47088,Kazakhstan,Violence against civilians,43.8846,53.502
47089,Kazakhstan,Violence against civilians,43.8846,53.502
47090,Kazakhstan,Violence against civilians,43.8846,53.502
47091,Kazakhstan,Violence against civilians,43.8846,53.502
47092,Kazakhstan,Violence against civilians,43.8846,53.502
47160,Kazakhstan,Violence against civilians,53.8272,69.7362
47161,Kazakhstan,Violence against civilians,53.8272,69.7362
47162,Kazakhstan,Violence against civilians,53.8272,69.7362
47197,Kazakhstan,Riots,52.2384,76.4467
47198,Kazakhstan,Riots,52.2384,76.4467
47199,Kazakhstan,Riots,52.2384,76.4467
47200,Kazakhstan,Riots,52.2384,76.4467
47201,Kazakhstan,Riots,52.2384,76.4467
47202,Kazakhstan,Violence against civilians,52.2384,76.4467
47203,Kazakhstan,Violence against civilians,52.2384,76.4467
47204,Kazakhstan,Violence against civilians,52.2384,76.4467
47205,Kazakhstan,Violence against civilians,52.2384,76.4467
47206,Kazakhstan,Violence against civilians,52.2384,76.4467
47207,Kazakhstan,Violence against civilians,52.2384,76.4467
47208,Kazakhstan,Violence against civilians,52.2384,76.4467
47342,Kazakhstan,Riots,48.6549,70.8936
47343,Kazakhstan,Riots,48.6549,70.8936
47344,Kazakhstan,Riots,48.6549,70.8936
47345,Kazakhstan,Riots,48.6549,70.8936
47346,Kazakhstan,Riots,48.6549,70.8936
47347,Kazakhstan,Riots,48.6549,70.8936
47348,Kazakhstan,Riots,48.6549,70.8936
47349,Kazakhstan,Violence against civilians,48.6549,70.8936
47350,Kazakhstan,Violence against civilians,48.6549,70.8936
47351,Kazakhstan,Violence against civilians,48.6549,70.8936
47352,Kazakhstan,Violence against civilians,48.6549,70.8936
47353,Kazakhstan,Violence against civilians,48.6549,70.8936
47354,Kazakhstan,Violence against civilians,48.6549,70.8936
47355,Kazakhstan,Violence against civilians,48.6549,70.8936
47356,Kazakhstan,Violence against civilians,48.6549,70.8936
47357,Kazakhstan,Violence against civilians,48.6549,70.8936
47358,Kazakhstan,Violence against civilians,48.6549,70.8936
47359,Kazakhstan,Violence against civilians,48.6549,70.8936
47360,Kazakhstan,Violence against civilians,48.6549,70.8936
47361,Kazakhstan,Violence against civilians,48.6549,70.8936
47362,Kazakhstan,Violence against civilians,48.6549,70.8936
47363,Kazakhstan,Violence against civilians,48.6549,70.8936
47364,Kazakhstan,Violence against civilians,48.6549,70.8936
47365,Kazakhstan,Violence against civilians,48.6549,70.8936
47366,Kazakhstan,Violence against civilians,48.6549,70.8936
47367,Kazakhstan,Violence against civilians,48.6549,70.8936
47368,Kazakhstan,Violence against civilians,48.6549,70.8936
47369,Kazakhstan,Violence against civilians,48.6549,70.8936
47370,Kazakhstan,Violence against civilians,48.6549,70.8936
47371,Kazakhstan,Violence against civilians,48.6549,70.8936
47372,Kazakhstan,Violence against civilians,48.6549,70.8936
47373,Kazakhstan,Violence against civilians,48.6549,70.8936
47374,Kazakhstan,Violence against civilians,48.6549,70.8936
47375,Kazakhstan,Violence against civilians,48.6549,70.8936
47376,Kazakhstan,Violence against civilians,48.6549,70.8936
47377,Kazakhstan,Violence against civilians,48.6549,70.8936
47378,Kazakhstan,Violence against civilians,48.6549,70.8936
47379,Kazakhstan,Violence against civilians,48.6549,70.8936
47576,Kazakhstan,Riots,42.2939,69.6387
47577,Kazakhstan,Riots,42.2939,69.6387
47578,Kazakhstan,Riots,42.2939,69.6387
47581,Kazakhstan,Violence against civilians,42.2939,69.6387
47582,Kazakhstan,Violence against civilians,42.2939,69.6387
47583,Kazakhstan,Violence against civilians,42.2939,69.6387
47584,Kazakhstan,Violence against civilians,42.2939,69.6387
47585,Kazakhstan,Violence against civilians,42.2939,69.6387
47586,Kazakhstan,Violence against civilians,42.2939,69.6387
47587,Kazakhstan,Violence against civilians,42.2939,69.6387
47588,Kazakhstan,Violence against civilians,42.2939,69.6387
47589,Kazakhstan,Violence against civilians,42.2939,69.6387
47590,Kazakhstan,Violence against civilians,42.2939,69.6387
47591,Kazakhstan,Violence against civilians,42.2939,69.6387
47592,Kazakhstan,Violence against civilians,42.2939,69.6387
47593,Kazakhstan,Violence against civilians,42.2939,69.6387
47594,Kazakhstan,Violence against civilians,42.2939,69.6387
47595,Kazakhstan,Violence against civilians,42.2939,69.6387
47596,Kazakhstan,Violence against civilians,42.2939,69.6387
47597,Kazakhstan,Violence against civilians,42.2939,69.6387
47598,Kazakhstan,Violence against civilians,42.2939,69.6387
47599,Kazakhstan,Violence against civilians,42.2939,69.6387
47600,Kazakhstan,Violence against civilians,42.2939,69.6387
47601,Kazakhstan,Violence against civilians,42.2939,69.6387
47602,Kazakhstan,Violence against civilians,42.2939,69.6387
47603,Kazakhstan,Violence against civilians,42.2939,69.6387
47604,Kazakhstan,Violence against civilians,42.2939,69.6387
47774,Kazakhstan,Riots,43.2858,68.7208
47775,Kazakhstan,Riots,43.2858,68.7208
47776,Kazakhstan,Riots,43.2858,68.7208
47777,Kazakhstan,Riots,43.2858,68.7208
47778,Kazakhstan,Riots,43.2858,68.7208
47779,Kazakhstan,Riots,43.2858,68.7208
47780,Kazakhstan,Riots,43.2858,68.7208
47781,Kazakhstan,Riots,43.2858,68.7208
47782,Kazakhstan,Riots,43.2858,68.7208
47783,Kazakhstan,Riots,43.2858,68.7208
47784,Kazakhstan,Riots,43.2858,68.7208
47785,Kazakhstan,Riots,43.2858,68.7208
47786,Kazakhstan,Riots,43.2858,68.7208
47787,Kazakhstan,Riots,43.2858,68.7208
47788,Kazakhstan,Violence against civilians,43.2858,68.7208
47789,Kazakhstan,Violence against civilians,43.2858,68.7208
47790,Kazakhstan,Violence against civilians,43.2858,68.7208
47791,Kazakhstan,Violence against civilians,43.2858,68.7208
47792,Kazakhstan,Violence against civilians,43.2858,68.7208
47793,Kazakhstan,Violence against civilians,43.2858,68.7208
47794,Kazakhstan,Violence against civilians,43.2858,68.7208
47795,Kazakhstan,Violence against civilians,43.2858,68.7208
47796,Kazakhstan,Violence against civilians,43.2858,68.7208
47797,Kazakhstan,Violence against civilians,43.2858,68.7208
47798,Kazakhstan,Violence against civilians,43.2858,68.7208
47799,Kazakhstan,Violence against civilians,43.2858,68.7208
47800,Kazakhstan,Violence against civilians,43.2858,68.7208
47801,Kazakhstan,Violence against civilians,43.2858,68.7208
47802,Kazakhstan,Violence against civilians,43.2858,68.7208
47803,Kazakhstan,Violence against civilians,43.2858,68.7208
47804,Kazakhstan,Violence against civilians,43.2858,68.7208
47805,Kazakhstan,Violence against civilians,43.2858,68.7208
47948,Kazakhstan,Riots,49.8643,51.5073
47949,Kazakhstan,Riots,49.8643,51.5073
47950,Kazakhstan,Riots,49.8643,51.5073
47951,Kazakhstan,Riots,49.8643,51.5073
47959,Kazakhstan,Violence against civilians,49.8643,51.5073
47960,Kazakhstan,Violence against civilians,49.8643,51.5073
47961,Kazakhstan,Violence against civilians,49.8643,51.5073
47962,Kazakhstan,Violence against civilians,49.8643,51.5073
47963,Kazakhstan,Violence against civilians,49.8643,51.5073
47964,Kazakhstan,Violence against civilians,49.8643,51.5073
47965,Kazakhstan,Violence against civilians,49.8643,51.5073
47966,Kazakhstan,Violence against civilians,49.8643,51.5073
47967,Kazakhstan,Violence against civilians,49.8643,51.5073
47968,Kazakhstan,Violence against civilians,49.8643,51.5073
47969,Kazakhstan,Violence against civilians,49.8643,51.5073
47970,Kazakhstan,Violence against civilians,49.8643,51.5073
47971,Kazakhstan,Violence against civilians,49.8643,51.5073
47972,Kazakhstan,Violence against civilians,49.8643,51.5073
48107,Kazakhstan,Riots,44.1646,72.5474
48108,Kazakhstan,Riots,44.1646,72.5474
48109,Kazakhstan,Riots,44.1646,72.5474
48110,Kazakhstan,Riots,44.1646,72.5474
48111,Kazakhstan,Riots,44.1646,72.5474
48113,Kazakhstan,Violence against civilians,44.1646,72.5474
48114,Kazakhstan,Violence against civilians,44.1646,72.5474
48115,Kazakhstan,Violence against civilians,44.1646,72.5474
48116,Kazakhstan,Violence against civilians,44.1646,72.5474
48117,Kazakhstan,Violence against civilians,44.1646,72.5474
48118,Kazakhstan,Violence against civilians,44.1646,72.5474
48119,Kazakhstan,Violence against civilians,44.1646,72.5474
48120,Kazakhstan,Violence against civilians,44.1646,72.5474
48121,Kazakhstan,Violence against civilians,44.1646,72.5474
48122,Kazakhstan,Violence against civilians,44.1646,72.5474
48123,Kazakhstan,Violence against civilians,44.1646,72.5474
48124,Kazakhstan,Violence against civilians,44.1646,72.5474
48125,Kazakhstan,Violence against civilians,44.1646,72.5474
48126,Kazakhstan,Violence against civilians,44.1646,72.5474
48127,Kazakhstan,Violence against civilians,44.1646,72.5474
48128,Kazakhstan,Violence against civilians,44.1646,72.5474
48129,Kazakhstan,Violence against civilians,44.1646,72.5474
48130,Kazakhstan,Violence against civilians,44.1646,72.5474
48131,Kazakhstan,Violence against civilians,44.1646,72.5474
48132,Kazakhstan,Violence against civilians,44.1646,72.5474
48133,Kazakhstan,Violence against civilians,44.1646,72.5474
48134,Kazakhstan,Violence against civilians,44.1646,72.5474
48135,Kazakhstan,Violence against civilians,44.1646,72.5474
48136,Kazakhstan,Violence against civilians,44.1646,72.5474
48137,Kazakhstan,Violence against civilians,44.1646,72.5474
48191,Kosovo,Riots,42.2936,21.1198
48192,Kosovo,Riots,42.2936,21.1198
48193,Kosovo,Riots,42.2936,21.1198
48195,Kosovo,Violence against civilians,42.2936,21.1198
48196,Kosovo,Violence against civilians,42.2936,21.1198
48197,Kosovo,Violence against civilians,42.2936,21.1198
48198,Kosovo,Explosions/Remote violence,42.4551,20.4303
48212,Kosovo,Riots,42.4551,20.4303
48222,Kosovo,Violence against civilians,42.4551,20.4303
48223,Kosovo,Explosions/Remote violence,42.4846,21.5764
48247,Kosovo,Riots,42.4846,21.5764
48248,Kosovo,Riots,42.4846,21.5764
48255,Kosovo,Violence against civilians,42.4846,21.5764
48256,Kosovo,Violence against civilians,42.4846,21.5764
48257,Kosovo,Violence against civilians,42.4846,21.5764
48258,Kosovo,Violence against civilians,42.4846,21.5764
48259,Kosovo,Violence against civilians,42.4846,21.5764
48260,Kosovo,Violence against civilians,42.4846,21.5764
48266,Kosovo,Explosions/Remote violence,42.9352,20.7816
48267,Kosovo,Explosions/Remote violence,42.9352,20.7816
48268,Kosovo,Explosions/Remote violence,42.9352,20.7816
48269,Kosovo,Explosions/Remote violence,42.9352,20.7816
48270,Kosovo,Explosions/Remote violence,42.9352,20.7816
48271,Kosovo,Explosions/Remote violence,42.9352,20.7816
48272,Kosovo,Explosions/Remote violence,42.9352,20.7816
48273,Kosovo,Explosions/Remote violence,42.9352,20.7816
48274,Kosovo,Explosions/Remote violence,42.9352,20.7816
48275,Kosovo,Explosions/Remote violence,42.9352,20.7816
48276,Kosovo,Explosions/Remote violence,42.9352,20.7816
48277,Kosovo,Explosions/Remote violence,42.9352,20.7816
48278,Kosovo,Explosions/Remote violence,42.9352,20.7816
48279,Kosovo,Explosions/Remote violence,42.9352,20.7816
48280,Kosovo,Explosions/Remote violence,42.9352,20.7816
48281,Kosovo,Explosions/Remote violence,42.9352,20.7816
48396,Kosovo,Riots,42.9352,20.7816
48397,Kosovo,Riots,42.9352,20.7816
48398,Kosovo,Riots,42.9352,20.7816
48399,Kosovo,Riots,42.9352,20.7816
48400,Kosovo,Riots,42.9352,20.7816
48401,Kosovo,Riots,42.9352,20.7816
48402,Kosovo,Riots,42.9352,20.7816
48403,Kosovo,Riots,42.9352,20.7816
48404,Kosovo,Riots,42.9352,20.7816
48405,Kosovo,Riots,42.9352,20.7816
48406,Kosovo,Riots,42.9352,20.7816
48407,Kosovo,Riots,42.9352,20.7816
48408,Kosovo,Riots,42.9352,20.7816
48409,Kosovo,Riots,42.9352,20.7816
48410,Kosovo,Riots,42.9352,20.7816
48411,Kosovo,Riots,42.9352,20.7816
48412,Kosovo,Riots,42.9352,20.7816
48413,Kosovo,Riots,42.9352,20.7816
48414,Kosovo,Riots,42.9352,20.7816
48415,Kosovo,Riots,42.9352,20.7816
48416,Kosovo,Riots,42.9352,20.7816
48417,Kosovo,Riots,42.9352,20.7816
48418,Kosovo,Riots,42.9352,20.7816
48485,Kosovo,Violence against civilians,42.9352,20.7816
48486,Kosovo,Violence against civilians,42.9352,20.7816
48487,Kosovo,Violence against civilians,42.9352,20.7816
48488,Kosovo,Violence against civilians,42.9352,20.7816
48489,Kosovo,Violence against civilians,42.9352,20.7816
48490,Kosovo,Violence against civilians,42.9352,20.7816
48491,Kosovo,Violence against civilians,42.9352,20.7816
48492,Kosovo,Violence against civilians,42.9352,20.7816
48493,Kosovo,Violence against civilians,42.9352,20.7816
48494,Kosovo,Violence against civilians,42.9352,20.7816
48495,Kosovo,Violence against civilians,42.9352,20.7816
48496,Kosovo,Violence against civilians,42.9352,20.7816
48497,Kosovo,Violence against civilians,42.9352,20.7816
48498,Kosovo,Violence against civilians,42.9352,20.7816
48499,Kosovo,Violence against civilians,42.9352,20.7816
48500,Kosovo,Violence against civilians,42.9352,20.7816
48501,Kosovo,Violence against civilians,42.9352,20.7816
48502,Kosovo,Violence against civilians,42.9352,20.7816
48503,Kosovo,Violence against civilians,42.9352,20.7816
48504,Kosovo,Violence against civilians,42.9352,20.7816
48505,Kosovo,Violence against civilians,42.9352,20.7816
48506,Kosovo,Violence against civilians,42.9352,20.7816
48507,Kosovo,Violence against civilians,42.9352,20.7816
48508,Kosovo,Violence against civilians,42.9352,20.7816
48509,Kosovo,Violence against civilians,42.9352,20.7816
48510,Kosovo,Violence against civilians,42.9352,20.7816
48511,Kosovo,Violence against civilians,42.9352,20.7816
48512,Kosovo,Violence against civilians,42.9352,20.7816
48513,Kosovo,Violence against civilians,42.9352,20.7816
48514,Kosovo,Violence against civilians,42.9352,20.7816
48515,Kosovo,Violence against civilians,42.9352,20.7816
48516,Kosovo,Violence against civilians,42.9352,20.7816
48517,Kosovo,Violence against civilians,42.9352,20.7816
48518,Kosovo,Violence against civilians,42.9352,20.7816
48519,Kosovo,Violence against civilians,42.9352,20.7816
48521,Kosovo,Explosions/Remote violence,42.7035,20.3306
48545,Kosovo,Riots,42.7035,20.3306
48546,Kosovo,Riots,42.7035,20.3306
48557,Kosovo,Violence against civilians,42.7035,20.3306
48558,Kosovo,Violence against civilians,42.7035,20.3306
48559,Kosovo,Violence against civilians,42.7035,20.3306
48560,Kosovo,Violence against civilians,42.7035,20.3306
48561,Kosovo,Violence against civilians,42.7035,20.3306
48562,Kosovo,Violence against civilians,42.7035,20.3306
48563,Kosovo,Violence against civilians,42.7035,20.3306
48564,Kosovo,Violence against civilians,42.7035,20.3306
48566,Kosovo,Explosions/Remote violence,42.7916,21.2465
48567,Kosovo,Explosions/Remote violence,42.7916,21.2465
48832,Kosovo,Riots,42.7916,21.2465
48833,Kosovo,Riots,42.7916,21.2465
48834,Kosovo,Riots,42.7916,21.2465
48835,Kosovo,Riots,42.7916,21.2465
48836,Kosovo,Riots,42.7916,21.2465
48837,Kosovo,Riots,42.7916,21.2465
48838,Kosovo,Riots,42.7916,21.2465
48839,Kosovo,Riots,42.7916,21.2465
48840,Kosovo,Riots,42.7916,21.2465
48841,Kosovo,Riots,42.7916,21.2465
48842,Kosovo,Riots,42.7916,21.2465
48875,Kosovo,Violence against civilians,42.7916,21.2465
48876,Kosovo,Violence against civilians,42.7916,21.2465
48877,Kosovo,Violence against civilians,42.7916,21.2465
48878,Kosovo,Violence against civilians,42.7916,21.2465
48879,Kosovo,Violence against civilians,42.7916,21.2465
48880,Kosovo,Violence against civilians,42.7916,21.2465
48881,Kosovo,Violence against civilians,42.7916,21.2465
48882,Kosovo,Violence against civilians,42.7916,21.2465
48883,Kosovo,Violence against civilians,42.7916,21.2465
48884,Kosovo,Violence against civilians,42.7916,21.2465
48885,Kosovo,Violence against civilians,42.7916,21.2465
48886,Kosovo,Violence against civilians,42.7916,21.2465
48887,Kosovo,Violence against civilians,42.7916,21.2465
48888,Kosovo,Violence against civilians,42.7916,21.2465
48889,Kosovo,Violence against civilians,42.7916,21.2465
48890,Kosovo,Violence against civilians,42.7916,21.2465
48891,Kosovo,Violence against civilians,42.7916,21.2465
48892,Kosovo,Violence against civilians,42.7916,21.2465
48893,Kosovo,Violence against civilians,42.7916,21.2465
48906,Kosovo,Riots,42.2328,20.6873
48907,Kosovo,Riots,42.2328,20.6873
48908,Kosovo,Riots,42.2328,20.6873
48916,Kosovo,Violence against civilians,42.2328,20.6873
48917,Kosovo,Violence against civilians,42.2328,20.6873
48918,Kosovo,Violence against civilians,42.2328,20.6873
48919,Kosovo,Violence against civilians,42.2328,20.6873
48936,Kyrgyzstan,Explosions/Remote violence,39.8683,71.5736
48937,Kyrgyzstan,Explosions/Remote violence,39.8683,71.5736
48938,Kyrgyzstan,Explosions/Remote violence,39.8683,71.5736
49046,Kyrgyzstan,Riots,39.8683,71.5736
49047,Kyrgyzstan,Riots,39.8683,71.5736
49048,Kyrgyzstan,Riots,39.8683,71.5736
49049,Kyrgyzstan,Riots,39.8683,71.5736
49050,Kyrgyzstan,Riots,39.8683,71.5736
49051,Kyrgyzstan,Riots,39.8683,71.5736
49052,Kyrgyzstan,Riots,39.8683,71.5736
49053,Kyrgyzstan,Riots,39.8683,71.5736
49054,Kyrgyzstan,Riots,39.8683,71.5736
49055,Kyrgyzstan,Riots,39.8683,71.5736
49056,Kyrgyzstan,Riots,39.8683,71.5736
49057,Kyrgyzstan,Riots,39.8683,71.5736
49058,Kyrgyzstan,Riots,39.8683,71.5736
49059,Kyrgyzstan,Riots,39.8683,71.5736
49060,Kyrgyzstan,Riots,39.8683,71.5736
49061,Kyrgyzstan,Riots,39.8683,71.5736
49062,Kyrgyzstan,Riots,39.8683,71.5736
49063,Kyrgyzstan,Riots,39.8683,71.5736
49064,Kyrgyzstan,Riots,39.8683,71.5736
49065,Kyrgyzstan,Riots,39.8683,71.5736
49066,Kyrgyzstan,Riots,39.8683,71.5736
49067,Kyrgyzstan,Riots,39.8683,71.5736
49068,Kyrgyzstan,Riots,39.8683,71.5736
49069,Kyrgyzstan,Riots,39.8683,71.5736
49070,Kyrgyzstan,Riots,39.8683,71.5736
49071,Kyrgyzstan,Riots,39.8683,71.5736
49072,Kyrgyzstan,Riots,39.8683,71.5736
49073,Kyrgyzstan,Riots,39.8683,71.5736
49074,Kyrgyzstan,Riots,39.8683,71.5736
49075,Kyrgyzstan,Riots,39.8683,71.5736
49076,Kyrgyzstan,Riots,39.8683,71.5736
49077,Kyrgyzstan,Riots,39.8683,71.5736
49078,Kyrgyzstan,Riots,39.8683,71.5736
49093,Kyrgyzstan,Violence against civilians,39.8683,71.5736
49094,Kyrgyzstan,Violence against civilians,39.8683,71.5736
49095,Kyrgyzstan,Violence against civilians,39.8683,71.5736
49096,Kyrgyzstan,Violence against civilians,39.8683,71.5736
49097,Kyrgyzstan,Violence against civilians,39.8683,71.5736
49098,Kyrgyzstan,Violence against civilians,39.8683,71.5736
49099,Kyrgyzstan,Violence against civilians,39.8683,71.5736
49100,Kyrgyzstan,Violence against civilians,39.8683,71.5736
49101,Kyrgyzstan,Violence against civilians,39.8683,71.5736
49102,Kyrgyzstan,Violence against civilians,39.8683,71.5736
49103,Kyrgyzstan,Violence against civilians,39.8683,71.5736
49104,Kyrgyzstan,Violence against civilians,39.8683,71.5736
49105,Kyrgyzstan,Violence against civilians,39.8683,71.5736
49106,Kyrgyzstan,Violence against civilians,39.8683,71.5736
49107,Kyrgyzstan,Violence against civilians,39.8683,71.5736
49108,Kyrgyzstan,Violence against civilians,39.8683,71.5736
49112,Kyrgyzstan,Explosions/Remote violence,42.8723,4.5847
49457,Kyrgyzstan,Riots,42.8723,4.5847
49458,Kyrgyzstan,Riots,42.8723,4.5847
49459,Kyrgyzstan,Riots,42.8723,4.5847
49460,Kyrgyzstan,Riots,42.8723,4.5847
49461,Kyrgyzstan,Riots,42.8723,4.5847
49462,Kyrgyzstan,Riots,42.8723,4.5847
49463,Kyrgyzstan,Riots,42.8723,4.5847
49464,Kyrgyzstan,Riots,42.8723,4.5847
49465,Kyrgyzstan,Riots,42.8723,4.5847
49466,Kyrgyzstan,Riots,42.8723,4.5847
49467,Kyrgyzstan,Riots,42.8723,4.5847
49468,Kyrgyzstan,Riots,42.8723,4.5847
49469,Kyrgyzstan,Riots,42.8723,4.5847
49470,Kyrgyzstan,Riots,42.8723,4.5847
49471,Kyrgyzstan,Riots,42.8723,4.5847
49472,Kyrgyzstan,Riots,42.8723,4.5847
49473,Kyrgyzstan,Riots,42.8723,4.5847
49474,Kyrgyzstan,Riots,42.8723,4.5847
49475,Kyrgyzstan,Riots,42.8723,4.5847
49476,Kyrgyzstan,Riots,42.8723,4.5847
49477,Kyrgyzstan,Riots,42.8723,4.5847
49478,Kyrgyzstan,Riots,42.8723,4.5847
49479,Kyrgyzstan,Riots,42.8723,4.5847
49480,Kyrgyzstan,Riots,42.8723,4.5847
49481,Kyrgyzstan,Riots,42.8723,4.5847
49482,Kyrgyzstan,Riots,42.8723,4.5847
49483,Kyrgyzstan,Riots,42.8723,4.5847
49484,Kyrgyzstan,Riots,42.8723,4.5847
49485,Kyrgyzstan,Riots,42.8723,4.5847
49507,Kyrgyzstan,Violence against civilians,42.8723,4.5847
49508,Kyrgyzstan,Violence against civilians,42.8723,4.5847
49509,Kyrgyzstan,Violence against civilians,42.8723,4.5847
49510,Kyrgyzstan,Violence against civilians,42.8723,4.5847
49511,Kyrgyzstan,Violence against civilians,42.8723,4.5847
49512,Kyrgyzstan,Violence against civilians,42.8723,4.5847
49513,Kyrgyzstan,Violence against civilians,42.8723,4.5847
49514,Kyrgyzstan,Violence against civilians,42.8723,4.5847
49515,Kyrgyzstan,Violence against civilians,42.8723,4.5847
49516,Kyrgyzstan,Violence against civilians,42.8723,4.5847
49517,Kyrgyzstan,Violence against civilians,42.8723,4.5847
49518,Kyrgyzstan,Violence against civilians,42.8723,4.5847
49519,Kyrgyzstan,Violence against civilians,42.8723,4.5847
49520,Kyrgyzstan,Violence against civilians,42.8723,4.5847
49521,Kyrgyzstan,Violence against civilians,42.8723,4.5847
49522,Kyrgyzstan,Violence against civilians,42.8723,4.5847
49523,Kyrgyzstan,Violence against civilians,42.8723,4.5847
49524,Kyrgyzstan,Violence against civilians,42.8723,4.5847
49525,Kyrgyzstan,Violence against civilians,42.8723,4.5847
49526,Kyrgyzstan,Violence against civilians,42.8723,4.5847
49527,Kyrgyzstan,Violence against civilians,42.8723,4.5847
49528,Kyrgyzstan,Violence against civilians,42.8723,4.5847
49529,Kyrgyzstan,Violence against civilians,42.8723,4.5847
49530,Kyrgyzstan,Violence against civilians,42.8723,4.5847
49531,Kyrgyzstan,Violence against civilians,42.8723,4.5847
49532,Kyrgyzstan,Violence against civilians,42.8723,4.5847
49533,Kyrgyzstan,Violence against civilians,42.8723,4.5847
49534,Kyrgyzstan,Violence against civilians,42.8723,4.5847
49535,Kyrgyzstan,Violence against civilians,42.8723,4.5847
49536,Kyrgyzstan,Violence against civilians,42.8723,4.5847
49537,Kyrgyzstan,Violence against civilians,42.8723,4.5847
49538,Kyrgyzstan,Violence against civilians,42.8723,4.5847
49539,Kyrgyzstan,Violence against civilians,42.8723,4.5847
49540,Kyrgyzstan,Violence against civilians,42.8723,4.5847
49541,Kyrgyzstan,Violence against civilians,42.8723,4.5847
49542,Kyrgyzstan,Violence against civilians,42.8723,4.5847
49543,Kyrgyzstan,Violence against civilians,42.8723,4.5847
49544,Kyrgyzstan,Violence against civilians,42.8723,4.5847
49545,Kyrgyzstan,Violence against civilians,42.8723,4.5847
49546,Kyrgyzstan,Violence against civilians,42.8723,4.5847
49547,Kyrgyzstan,Violence against civilians,42.8723,4.5847
49548,Kyrgyzstan,Violence against civilians,42.8723,4.5847
49549,Kyrgyzstan,Violence against civilians,42.8723,4.5847
49550,Kyrgyzstan,Violence against civilians,42.8723,4.5847
49551,Kyrgyzstan,Violence against civilians,42.8723,4.5847
49552,Kyrgyzstan,Violence against civilians,42.8723,4.5847
49553,Kyrgyzstan,Violence against civilians,42.8723,4.5847
49554,Kyrgyzstan,Violence against civilians,42.8723,4.5847
49555,Kyrgyzstan,Violence against civilians,42.8723,4.5847
49556,Kyrgyzstan,Violence against civilians,42.8723,4.5847
49557,Kyrgyzstan,Violence against civilians,42.8723,4.5847
49558,Kyrgyzstan,Violence against civilians,42.8723,4.5847
49559,Kyrgyzstan,Violence against civilians,42.8723,4.5847
49560,Kyrgyzstan,Violence against civilians,42.8723,4.5847
49561,Kyrgyzstan,Violence against civilians,42.8723,4.5847
49562,Kyrgyzstan,Violence against civilians,42.8723,4.5847
49563,Kyrgyzstan,Violence against civilians,42.8723,4.5847
49564,Kyrgyzstan,Violence against civilians,42.8723,4.5847
49565,Kyrgyzstan,Violence against civilians,42.8723,4.5847
49566,Kyrgyzstan,Violence against civilians,42.8723,4.5847
49567,Kyrgyzstan,Violence against civilians,42.8723,4.5847
49568,Kyrgyzstan,Violence against civilians,42.8723,4.5847
49569,Kyrgyzstan,Violence against civilians,42.8723,4.5847
49570,Kyrgyzstan,Violence against civilians,42.8723,4.5847
49571,Kyrgyzstan,Violence against civilians,42.8723,4.5847
49572,Kyrgyzstan,Violence against civilians,42.8723,4.5847
49573,Kyrgyzstan,Violence against civilians,42.8723,4.5847
49574,Kyrgyzstan,Violence against civilians,42.8723,4.5847
49575,Kyrgyzstan,Violence against civilians,42.8723,4.5847
49576,Kyrgyzstan,Violence against civilians,42.8723,4.5847
49577,Kyrgyzstan,Violence against civilians,42.8723,4.5847
49578,Kyrgyzstan,Violence against civilians,42.8723,4.5847
49579,Kyrgyzstan,Violence against civilians,42.8723,4.5847
49580,Kyrgyzstan,Violence against civilians,42.8723,4.5847
49581,Kyrgyzstan,Violence against civilians,42.8723,4.5847
49582,Kyrgyzstan,Violence against civilians,42.8723,4.5847
49583,Kyrgyzstan,Violence against civilians,42.8723,4.5847
49584,Kyrgyzstan,Violence against civilians,42.8723,4.5847
49585,Kyrgyzstan,Violence against civilians,42.8723,4.5847
49586,Kyrgyzstan,Violence against civilians,42.8723,4.5847
49587,Kyrgyzstan,Violence against civilians,42.8723,4.5847
49588,Kyrgyzstan,Violence against civilians,42.8723,4.5847
49704,Kyrgyzstan,Riots,42.5551,74.6253
49705,Kyrgyzstan,Riots,42.5551,74.6253
49706,Kyrgyzstan,Riots,42.5551,74.6253
49707,Kyrgyzstan,Riots,42.5551,74.6253
49708,Kyrgyzstan,Riots,42.5551,74.6253
49709,Kyrgyzstan,Riots,42.5551,74.6253
49710,Kyrgyzstan,Riots,42.5551,74.6253
49711,Kyrgyzstan,Riots,42.5551,74.6253
49712,Kyrgyzstan,Riots,42.5551,74.6253
49713,Kyrgyzstan,Riots,42.5551,74.6253
49714,Kyrgyzstan,Riots,42.5551,74.6253
49715,Kyrgyzstan,Riots,42.5551,74.6253
49716,Kyrgyzstan,Riots,42.5551,74.6253
49717,Kyrgyzstan,Riots,42.5551,74.6253
49718,Kyrgyzstan,Riots,42.5551,74.6253
49719,Kyrgyzstan,Riots,42.5551,74.6253
49720,Kyrgyzstan,Riots,42.5551,74.6253
49721,Kyrgyzstan,Riots,42.5551,74.6253
49722,Kyrgyzstan,Riots,42.5551,74.6253
49729,Kyrgyzstan,Violence against civilians,42.5551,74.6253
49730,Kyrgyzstan,Violence against civilians,42.5551,74.6253
49731,Kyrgyzstan,Violence against civilians,42.5551,74.6253
49732,Kyrgyzstan,Violence against civilians,42.5551,74.6253
49733,Kyrgyzstan,Violence against civilians,42.5551,74.6253
49734,Kyrgyzstan,Violence against civilians,42.5551,74.6253
49735,Kyrgyzstan,Violence against civilians,42.5551,74.6253
49736,Kyrgyzstan,Violence against civilians,42.5551,74.6253
49737,Kyrgyzstan,Violence against civilians,42.5551,74.6253
49738,Kyrgyzstan,Violence against civilians,42.5551,74.6253
49739,Kyrgyzstan,Violence against civilians,42.5551,74.6253
49740,Kyrgyzstan,Violence against civilians,42.5551,74.6253
49741,Kyrgyzstan,Violence against civilians,42.5551,74.6253
49742,Kyrgyzstan,Violence against civilians,42.5551,74.6253
49743,Kyrgyzstan,Violence against civilians,42.5551,74.6253
49744,Kyrgyzstan,Violence against civilians,42.5551,74.6253
49745,Kyrgyzstan,Violence against civilians,42.5551,74.6253
49746,Kyrgyzstan,Violence against civilians,42.5551,74.6253
49747,Kyrgyzstan,Violence against civilians,42.5551,74.6253
49748,Kyrgyzstan,Violence against civilians,42.5551,74.6253
49749,Kyrgyzstan,Violence against civilians,42.5551,74.6253
49750,Kyrgyzstan,Violence against civilians,42.5551,74.6253
49751,Kyrgyzstan,Violence against civilians,42.5551,74.6253
49752,Kyrgyzstan,Violence against civilians,42.5551,74.6253
49753,Kyrgyzstan,Violence against civilians,42.5551,74.6253
49754,Kyrgyzstan,Violence against civilians,42.5551,74.6253
49755,Kyrgyzstan,Violence against civilians,42.5551,74.6253
49756,Kyrgyzstan,Violence against civilians,42.5551,74.6253
49757,Kyrgyzstan,Violence against civilians,42.5551,74.6253
49758,Kyrgyzstan,Violence against civilians,42.5551,74.6253
49759,Kyrgyzstan,Violence against civilians,42.5551,74.6253
49760,Kyrgyzstan,Violence against civilians,42.5551,74.6253
49761,Kyrgyzstan,Violence against civilians,42.5551,74.6253
49844,Kyrgyzstan,Riots,42.0618,78.1593
49845,Kyrgyzstan,Riots,42.0618,78.1593
49846,Kyrgyzstan,Riots,42.0618,78.1593
49847,Kyrgyzstan,Riots,42.0618,78.1593
49848,Kyrgyzstan,Riots,42.0618,78.1593
49855,Kyrgyzstan,Violence against civilians,42.0618,78.1593
49856,Kyrgyzstan,Violence against civilians,42.0618,78.1593
49857,Kyrgyzstan,Violence against civilians,42.0618,78.1593
49858,Kyrgyzstan,Violence against civilians,42.0618,78.1593
49859,Kyrgyzstan,Violence against civilians,42.0618,78.1593
49860,Kyrgyzstan,Violence against civilians,42.0618,78.1593
49861,Kyrgyzstan,Violence against civilians,42.0618,78.1593
49862,Kyrgyzstan,Violence against civilians,42.0618,78.1593
49863,Kyrgyzstan,Violence against civilians,42.0618,78.1593
49864,Kyrgyzstan,Violence against civilians,42.0618,78.1593
49972,Kyrgyzstan,Riots,41.5126,73.2176
49973,Kyrgyzstan,Riots,41.5126,73.2176
49974,Kyrgyzstan,Riots,41.5126,73.2176
49975,Kyrgyzstan,Riots,41.5126,73.2176
49976,Kyrgyzstan,Riots,41.5126,73.2176
49977,Kyrgyzstan,Riots,41.5126,73.2176
49978,Kyrgyzstan,Riots,41.5126,73.2176
49979,Kyrgyzstan,Riots,41.5126,73.2176
49980,Kyrgyzstan,Riots,41.5126,73.2176
49981,Kyrgyzstan,Riots,41.5126,73.2176
49982,Kyrgyzstan,Riots,41.5126,73.2176
49983,Kyrgyzstan,Riots,41.5126,73.2176
49985,Kyrgyzstan,Violence against civilians,41.5126,73.2176
49986,Kyrgyzstan,Violence against civilians,41.5126,73.2176
49987,Kyrgyzstan,Violence against civilians,41.5126,73.2176
49988,Kyrgyzstan,Violence against civilians,41.5126,73.2176
49989,Kyrgyzstan,Violence against civilians,41.5126,73.2176
49990,Kyrgyzstan,Violence against civilians,41.5126,73.2176
49991,Kyrgyzstan,Violence against civilians,41.5126,73.2176
49992,Kyrgyzstan,Violence against civilians,41.5126,73.2176
49993,Kyrgyzstan,Violence against civilians,41.5126,73.2176
49994,Kyrgyzstan,Violence against civilians,41.5126,73.2176
49995,Kyrgyzstan,Violence against civilians,41.5126,73.2176
49996,Kyrgyzstan,Violence against civilians,41.5126,73.2176
49997,Kyrgyzstan,Violence against civilians,41.5126,73.2176
49998,Kyrgyzstan,Violence against civilians,41.5126,73.2176
49999,Kyrgyzstan,Violence against civilians,41.5126,73.2176
50000,Kyrgyzstan,Violence against civilians,41.5126,73.2176
50001,Kyrgyzstan,Violence against civilians,41.5126,73.2176
50002,Kyrgyzstan,Violence against civilians,41.5126,73.2176
50076,Kyrgyzstan,Riots,41.3659,75.9935
50077,Kyrgyzstan,Riots,41.3659,75.9935
50078,Kyrgyzstan,Riots,41.3659,75.9935
50079,Kyrgyzstan,Riots,41.3659,75.9935
50080,Kyrgyzstan,Riots,41.3659,75.9935
50081,Kyrgyzstan,Riots,41.3659,75.9935
50082,Kyrgyzstan,Riots,41.3659,75.9935
50083,Kyrgyzstan,Riots,41.3659,75.9935
50084,Kyrgyzstan,Violence against civilians,41.3659,75.9935
50085,Kyrgyzstan,Violence against civilians,41.3659,75.9935
50167,Kyrgyzstan,Riots,40.1638,73.3612
50168,Kyrgyzstan,Riots,40.1638,73.3612
50169,Kyrgyzstan,Riots,40.1638,73.3612
50170,Kyrgyzstan,Riots,40.1638,73.3612
50171,Kyrgyzstan,Riots,40.1638,73.3612
50172,Kyrgyzstan,Riots,40.1638,73.3612
50173,Kyrgyzstan,Riots,40.1638,73.3612
50174,Kyrgyzstan,Riots,40.1638,73.3612
50175,Kyrgyzstan,Riots,40.1638,73.3612
50176,Kyrgyzstan,Riots,40.1638,73.3612
50177,Kyrgyzstan,Riots,40.1638,73.3612
50178,Kyrgyzstan,Riots,40.1638,73.3612
50179,Kyrgyzstan,Riots,40.1638,73.3612
50180,Kyrgyzstan,Riots,40.1638,73.3612
50181,Kyrgyzstan,Riots,40.1638,73.3612
50188,Kyrgyzstan,Violence against civilians,40.1638,73.3612
50189,Kyrgyzstan,Violence against civilians,40.1638,73.3612
50190,Kyrgyzstan,Violence against civilians,40.1638,73.3612
50191,Kyrgyzstan,Violence against civilians,40.1638,73.3612
50192,Kyrgyzstan,Violence against civilians,40.1638,73.3612
50193,Kyrgyzstan,Violence against civilians,40.1638,73.3612
50194,Kyrgyzstan,Violence against civilians,40.1638,73.3612
50195,Kyrgyzstan,Violence against civilians,40.1638,73.3612
50196,Kyrgyzstan,Violence against civilians,40.1638,73.3612
50197,Kyrgyzstan,Violence against civilians,40.1638,73.3612
50300,Kyrgyzstan,Riots,40.5307,72.7964
50301,Kyrgyzstan,Riots,40.5307,72.7964
50302,Kyrgyzstan,Riots,40.5307,72.7964
50303,Kyrgyzstan,Riots,40.5307,72.7964
50304,Kyrgyzstan,Riots,40.5307,72.7964
50305,Kyrgyzstan,Riots,40.5307,72.7964
50306,Kyrgyzstan,Riots,40.5307,72.7964
50307,Kyrgyzstan,Riots,40.5307,72.7964
50308,Kyrgyzstan,Riots,40.5307,72.7964
50309,Kyrgyzstan,Riots,40.5307,72.7964
50310,Kyrgyzstan,Riots,40.5307,72.7964
50311,Kyrgyzstan,Riots,40.5307,72.7964
50312,Kyrgyzstan,Violence against civilians,40.5307,72.7964
50313,Kyrgyzstan,Violence against civilians,40.5307,72.7964
50314,Kyrgyzstan,Violence against civilians,40.5307,72.7964
50315,Kyrgyzstan,Violence against civilians,40.5307,72.7964
50316,Kyrgyzstan,Violence against civilians,40.5307,72.7964
50317,Kyrgyzstan,Violence against civilians,40.5307,72.7964
50318,Kyrgyzstan,Violence against civilians,40.5307,72.7964
50319,Kyrgyzstan,Violence against civilians,40.5307,72.7964
50320,Kyrgyzstan,Violence against civilians,40.5307,72.7964
50321,Kyrgyzstan,Violence against civilians,40.5307,72.7964
50322,Kyrgyzstan,Violence against civilians,40.5307,72.7964
50323,Kyrgyzstan,Violence against civilians,40.5307,72.7964
50324,Kyrgyzstan,Violence against civilians,40.5307,72.7964
50325,Kyrgyzstan,Violence against civilians,40.5307,72.7964
50326,Kyrgyzstan,Violence against civilians,40.5307,72.7964
50327,Kyrgyzstan,Violence against civilians,40.5307,72.7964
50328,Kyrgyzstan,Violence against civilians,40.5307,72.7964
50329,Kyrgyzstan,Violence against civilians,40.5307,72.7964
50330,Kyrgyzstan,Violence against civilians,40.5307,72.7964
50331,Kyrgyzstan,Violence against civilians,40.5307,72.7964
50332,Kyrgyzstan,Violence against civilians,40.5307,72.7964
50333,Kyrgyzstan,Violence against civilians,40.5307,72.7964
50334,Kyrgyzstan,Violence against civilians,40.5307,72.7964
50335,Kyrgyzstan,Violence against civilians,40.5307,72.7964
50392,Kyrgyzstan,Riots,42.4409,72.1411
50393,Kyrgyzstan,Riots,42.4409,72.1411
50394,Kyrgyzstan,Riots,42.4409,72.1411
50396,Kyrgyzstan,Violence against civilians,42.4409,72.1411
50397,Kyrgyzstan,Violence against civilians,42.4409,72.1411
50398,Kyrgyzstan,Violence against civilians,42.4409,72.1411
50399,Kyrgyzstan,Violence against civilians,42.4409,72.1411
50400,Kyrgyzstan,Violence against civilians,42.4409,72.1411
50401,Kyrgyzstan,Violence against civilians,42.4409,72.1411
50415,Latvia,Violence against civilians,55.9416,26.7697
50431,Latvia,Violence against civilians,55.9373,27.302
50595,Latvia,Riots,56.9724,24.1648
50596,Latvia,Riots,56.9724,24.1648
50748,Lithuania,Violence against civilians,55.4879,25.6383
50960,Lithuania,Riots,54.8223,25.2495
50961,Lithuania,Riots,54.8223,25.2495
50962,Lithuania,Riots,54.8223,25.2495
50984,Lithuania,Violence against civilians,54.8223,25.2495
50985,Lithuania,Violence against civilians,54.8223,25.2495
51143,Luxembourg,Riots,49.6047,6.1426
51144,Luxembourg,Riots,49.6047,6.1426
51145,Luxembourg,Riots,49.6047,6.1426
51195,Malta,Riots,35.904,14.4672
51196,Malta,Riots,35.904,14.4672
51198,Malta,Violence against civilians,35.904,14.4672
51199,Malta,Violence against civilians,35.904,14.4672
51200,Malta,Explosions/Remote violence,36.059,15.1831
51201,Malta,Violence against civilians,36.059,15.1831
51223,Malta,Riots,36.047,14.2584
51224,Malta,Riots,36.047,14.2584
51423,Malta,Riots,35.8613,14.536
51424,Malta,Riots,35.8613,14.536
51425,Malta,Riots,35.8613,14.536
51426,Malta,Riots,35.8613,14.536
51452,Malta,Riots,35.8493,14.4575
51453,Malta,Riots,35.8493,14.4575
51454,Malta,Riots,35.8493,14.4575
51474,Moldova,Riots,46.9239,29.2496
51475,Moldova,Riots,46.9239,29.2496
51484,Moldova,Violence against civilians,46.9239,29.2496
51549,Moldova,Riots,47.7766,27.925
51551,Moldova,Violence against civilians,47.7766,27.925
51589,Moldova,Violence against civilians,46.8198,29.4503
51603,Moldova,Riots,48.2822,26.9435
51641,Moldova,Riots,45.8127,28.292
51654,Moldova,Violence against civilians,47.3027,28.306
51655,Moldova,Violence against civilians,47.3027,28.306
51665,Moldova,Explosions/Remote violence,46.6045,29.2602
51680,Moldova,Riots,46.6045,29.2602
51692,Moldova,Violence against civilians,46.6045,29.2602
51693,Moldova,Explosions/Remote violence,47.0073,28.844
52077,Moldova,Riots,47.0073,28.844
52078,Moldova,Riots,47.0073,28.844
52079,Moldova,Riots,47.0073,28.844
52080,Moldova,Riots,47.0073,28.844
52081,Moldova,Riots,47.0073,28.844
52082,Moldova,Riots,47.0073,28.844
52083,Moldova,Riots,47.0073,28.844
52084,Moldova,Riots,47.0073,28.844
52085,Moldova,Riots,47.0073,28.844
52086,Moldova,Riots,47.0073,28.844
52087,Moldova,Riots,47.0073,28.844
52088,Moldova,Riots,47.0073,28.844
52089,Moldova,Riots,47.0073,28.844
52090,Moldova,Riots,47.0073,28.844
52091,Moldova,Riots,47.0073,28.844
52092,Moldova,Riots,47.0073,28.844
52093,Moldova,Riots,47.0073,28.844
52094,Moldova,Riots,47.0073,28.844
52095,Moldova,Riots,47.0073,28.844
52096,Moldova,Riots,47.0073,28.844
52097,Moldova,Riots,47.0073,28.844
52098,Moldova,Riots,47.0073,28.844
52099,Moldova,Riots,47.0073,28.844
52100,Moldova,Riots,47.0073,28.844
52101,Moldova,Riots,47.0073,28.844
52102,Moldova,Riots,47.0073,28.844
52182,Moldova,Violence against civilians,47.0073,28.844
52183,Moldova,Violence against civilians,47.0073,28.844
52184,Moldova,Violence against civilians,47.0073,28.844
52185,Moldova,Violence against civilians,47.0073,28.844
52186,Moldova,Violence against civilians,47.0073,28.844
52187,Moldova,Violence against civilians,47.0073,28.844
52188,Moldova,Violence against civilians,47.0073,28.844
52189,Moldova,Violence against civilians,47.0073,28.844
52190,Moldova,Violence against civilians,47.0073,28.844
52191,Moldova,Violence against civilians,47.0073,28.844
52241,Moldova,Violence against civilians,48.0338,27.829
52255,Moldova,Violence against civilians,47.291,29.2616
52269,Moldova,Violence against civilians,48.1483,27.2729
52270,Moldova,Violence against civilians,48.1483,27.2729
52291,Moldova,Violence against civilians,47.5768,27.684
52397,Moldova,Riots,46.215,28.7682
52398,Moldova,Riots,46.215,28.7682
52399,Moldova,Riots,46.215,28.7682
52414,Moldova,Violence against civilians,46.215,28.7682
52415,Moldova,Violence against civilians,46.215,28.7682
52416,Moldova,Violence against civilians,46.215,28.7682
52424,Moldova,Explosions/Remote violence,47.1436,29.4328
52451,Moldova,Violence against civilians,46.8471,28.4181
52452,Moldova,Violence against civilians,46.8471,28.4181
52472,Moldova,Riots,46.867,28.8136
52473,Moldova,Riots,46.867,28.8136
52475,Moldova,Violence against civilians,46.867,28.8136
52495,Moldova,Riots,47.082,28.1634
52512,Moldova,Riots,48.3548,27.4415
52547,Moldova,Riots,47.4014,28.761
52548,Moldova,Riots,47.4014,28.761
52551,Moldova,Violence against civilians,47.4014,28.761
52552,Moldova,Violence against civilians,47.4014,28.761
52564,Moldova,Violence against civilians,47.7069,28.7997
52565,Moldova,Explosions/Remote violence,47.7319,29.0924
52566,Moldova,Explosions/Remote violence,47.7319,29.0924
52567,Moldova,Explosions/Remote violence,47.7319,29.0924
52571,Moldova,Violence against civilians,47.7319,29.0924
52581,Moldova,Riots,47.9237,27.4528
52594,Moldova,Violence against civilians,47.6714,28.1803
52596,Moldova,Explosions/Remote violence,46.716,29.8295
52597,Moldova,Explosions/Remote violence,46.716,29.8295
52604,Moldova,Violence against civilians,46.716,29.8295
52624,Moldova,Violence against civilians,48.1643,28.1613
52640,Moldova,Violence against civilians,46.5158,29.6603
52650,Moldova,Violence against civilians,47.1616,28.5424
52651,Moldova,Violence against civilians,47.1616,28.5424
52675,Moldova,Explosions/Remote violence,46.8547,29.668
52676,Moldova,Explosions/Remote violence,46.8547,29.668
52677,Moldova,Explosions/Remote violence,46.8547,29.668
52706,Moldova,Violence against civilians,46.8547,29.668
52707,Moldova,Violence against civilians,46.8547,29.668
52772,Montenegro,Riots,42.722,19.7546
52843,Montenegro,Violence against civilians,42.1305,19.2113
52844,Montenegro,Explosions/Remote violence,42.8304,19.8331
52887,Montenegro,Riots,42.8304,19.8331
52889,Montenegro,Violence against civilians,42.8304,19.8331
52890,Montenegro,Violence against civilians,42.8304,19.8331
52891,Montenegro,Explosions/Remote violence,43.0766,19.6945
52892,Montenegro,Explosions/Remote violence,43.0766,19.6945
52960,Montenegro,Riots,43.0766,19.6945
52961,Montenegro,Violence against civilians,43.0766,19.6945
52962,Montenegro,Violence against civilians,43.0766,19.6945
52963,Montenegro,Explosions/Remote violence,42.2598,18.919
53021,Montenegro,Riots,42.2598,18.919
53022,Montenegro,Riots,42.2598,18.919
53024,Montenegro,Violence against civilians,42.2598,18.919
53025,Montenegro,Explosions/Remote violence,42.4687,18.8975
53026,Montenegro,Explosions/Remote violence,42.4687,18.8975
53129,Montenegro,Riots,42.4687,18.8975
53130,Montenegro,Riots,42.4687,18.8975
53132,Montenegro,Violence against civilians,42.4687,18.8975
53133,Montenegro,Explosions/Remote violence,42.6121,19.1008
53158,Montenegro,Riots,42.6121,19.1008
53162,Montenegro,Riots,42.5482,19.8241
53264,Montenegro,Riots,42.7893,19.4247
53306,Montenegro,Explosions/Remote violence,42.8378,18.8503
53307,Montenegro,Explosions/Remote violence,42.8378,18.8503
53399,Montenegro,Riots,42.8378,18.8503
53400,Montenegro,Riots,42.8378,18.8503
53401,Montenegro,Riots,42.8378,18.8503
53404,Montenegro,Violence against civilians,42.8378,18.8503
53405,Montenegro,Violence against civilians,42.8378,18.8503
53407,Montenegro,Violence against civilians,42.93,19.9795
53417,Montenegro,Explosions/Remote violence,43.3132,19.3055
53466,Montenegro,Riots,43.3132,19.3055
53467,Montenegro,Riots,43.3132,19.3055
53468,Montenegro,Violence against civilians,43.3132,19.3055
53488,Montenegro,Explosions/Remote violence,42.4637,19.2729
53489,Montenegro,Explosions/Remote violence,42.4637,19.2729
53490,Montenegro,Explosions/Remote violence,42.4637,19.2729
53491,Montenegro,Explosions/Remote violence,42.4637,19.2729
53492,Montenegro,Explosions/Remote violence,42.4637,19.2729
53493,Montenegro,Explosions/Remote violence,42.4637,19.2729
53494,Montenegro,Explosions/Remote violence,42.4637,19.2729
53495,Montenegro,Explosions/Remote violence,42.4637,19.2729
53496,Montenegro,Explosions/Remote violence,42.4637,19.2729
53497,Montenegro,Explosions/Remote violence,42.4637,19.2729
53498,Montenegro,Explosions/Remote violence,42.4637,19.2729
53499,Montenegro,Explosions/Remote violence,42.4637,19.2729
53500,Montenegro,Explosions/Remote violence,42.4637,19.2729
53501,Montenegro,Explosions/Remote violence,42.4637,19.2729
53742,Montenegro,Riots,42.4637,19.2729
53743,Montenegro,Riots,42.4637,19.2729
53744,Montenegro,Riots,42.4637,19.2729
53745,Montenegro,Riots,42.4637,19.2729
53746,Montenegro,Riots,42.4637,19.2729
53753,Montenegro,Violence against civilians,42.4637,19.2729
53754,Montenegro,Violence against civilians,42.4637,19.2729
53755,Montenegro,Violence against civilians,42.4637,19.2729
53756,Montenegro,Violence against civilians,42.4637,19.2729
53757,Montenegro,Violence against civilians,42.4637,19.2729
53758,Montenegro,Violence against civilians,42.4637,19.2729
53770,Montenegro,Violence against civilians,42.8686,20.1908
53800,Montenegro,Explosions/Remote violence,42.3043,19.3355
53809,Montenegro,Violence against civilians,42.3043,19.3355
53851,Montenegro,Riots,43.1293,19.1532
53852,Montenegro,Violence against civilians,43.1293,19.1532
53923,Netherlands,Riots,52.9073,6.6878
53924,Netherlands,Riots,52.9073,6.6878
53925,Netherlands,Riots,52.9073,6.6878
53958,Netherlands,Riots,52.4305,5.5181
53959,Netherlands,Riots,52.4305,5.5181
53960,Netherlands,Riots,52.4305,5.5181
53961,Netherlands,Riots,52.4305,5.5181
53962,Netherlands,Riots,52.4305,5.5181
54096,Netherlands,Riots,53.1079,5.8298
54097,Netherlands,Riots,53.1079,5.8298
54098,Netherlands,Riots,53.1079,5.8298
54099,Netherlands,Riots,53.1079,5.8298
54100,Netherlands,Riots,53.1079,5.8298
54101,Netherlands,Riots,53.1079,5.8298
54102,Netherlands,Riots,53.1079,5.8298
54104,Netherlands,Violence against civilians,53.1079,5.8298
54352,Netherlands,Riots,52.127,6.0855
54353,Netherlands,Riots,52.127,6.0855
54354,Netherlands,Riots,52.127,6.0855
54355,Netherlands,Riots,52.127,6.0855
54356,Netherlands,Riots,52.127,6.0855
54357,Netherlands,Riots,52.127,6.0855
54358,Netherlands,Riots,52.127,6.0855
54359,Netherlands,Riots,52.127,6.0855
54360,Netherlands,Riots,52.127,6.0855
54361,Netherlands,Riots,52.127,6.0855
54362,Netherlands,Riots,52.127,6.0855
54363,Netherlands,Riots,52.127,6.0855
54364,Netherlands,Riots,52.127,6.0855
54365,Netherlands,Riots,52.127,6.0855
54366,Netherlands,Riots,52.127,6.0855
54367,Netherlands,Riots,52.127,6.0855
54368,Netherlands,Riots,52.127,6.0855
54369,Netherlands,Riots,52.127,6.0855
54370,Netherlands,Riots,52.127,6.0855
54371,Netherlands,Riots,52.127,6.0855
54372,Netherlands,Riots,52.127,6.0855
54373,Netherlands,Riots,52.127,6.0855
54374,Netherlands,Riots,52.127,6.0855
54375,Netherlands,Riots,52.127,6.0855
54376,Netherlands,Riots,52.127,6.0855
54377,Netherlands,Riots,52.127,6.0855
54378,Netherlands,Riots,52.127,6.0855
54379,Netherlands,Riots,52.127,6.0855
54380,Netherlands,Riots,52.127,6.0855
54381,Netherlands,Riots,52.127,6.0855
54382,Netherlands,Riots,52.127,6.0855
54562,Netherlands,Riots,53.1528,6.8874
54563,Netherlands,Riots,53.1528,6.8874
54564,Netherlands,Riots,53.1528,6.8874
54565,Netherlands,Riots,53.1528,6.8874
54566,Netherlands,Riots,53.1528,6.8874
54567,Netherlands,Riots,53.1528,6.8874
54572,Netherlands,Violence against civilians,53.1528,6.8874
54573,Netherlands,Violence against civilians,53.1528,6.8874
54574,Netherlands,Violence against civilians,53.1528,6.8874
54695,Netherlands,Riots,51.2613,5.8644
54696,Netherlands,Riots,51.2613,5.8644
54697,Netherlands,Riots,51.2613,5.8644
54698,Netherlands,Riots,51.2613,5.8644
54699,Netherlands,Riots,51.2613,5.8644
54704,Netherlands,Explosions/Remote violence,51.5273,5.0382
54705,Netherlands,Explosions/Remote violence,51.5273,5.0382
54949,Netherlands,Riots,51.5273,5.0382
54950,Netherlands,Riots,51.5273,5.0382
54951,Netherlands,Riots,51.5273,5.0382
54952,Netherlands,Riots,51.5273,5.0382
54953,Netherlands,Riots,51.5273,5.0382
54954,Netherlands,Riots,51.5273,5.0382
54955,Netherlands,Riots,51.5273,5.0382
54956,Netherlands,Riots,51.5273,5.0382
54957,Netherlands,Riots,51.5273,5.0382
54958,Netherlands,Riots,51.5273,5.0382
54959,Netherlands,Riots,51.5273,5.0382
54960,Netherlands,Riots,51.5273,5.0382
54961,Netherlands,Riots,51.5273,5.0382
54962,Netherlands,Riots,51.5273,5.0382
54963,Netherlands,Riots,51.5273,5.0382
54975,Netherlands,Violence against civilians,51.5273,5.0382
54976,Netherlands,Violence against civilians,51.5273,5.0382
54977,Netherlands,Explosions/Remote violence,52.567,4.8251
55337,Netherlands,Riots,52.567,4.8251
55338,Netherlands,Riots,52.567,4.8251
55339,Netherlands,Riots,52.567,4.8251
55340,Netherlands,Riots,52.567,4.8251
55341,Netherlands,Riots,52.567,4.8251
55342,Netherlands,Riots,52.567,4.8251
55343,Netherlands,Riots,52.567,4.8251
55344,Netherlands,Riots,52.567,4.8251
55345,Netherlands,Riots,52.567,4.8251
55346,Netherlands,Riots,52.567,4.8251
55347,Netherlands,Riots,52.567,4.8251
55348,Netherlands,Riots,52.567,4.8251
55349,Netherlands,Riots,52.567,4.8251
55350,Netherlands,Riots,52.567,4.8251
55351,Netherlands,Riots,52.567,4.8251
55352,Netherlands,Riots,52.567,4.8251
55353,Netherlands,Riots,52.567,4.8251
55354,Netherlands,Riots,52.567,4.8251
55355,Netherlands,Riots,52.567,4.8251
55356,Netherlands,Riots,52.567,4.8251
55357,Netherlands,Riots,52.567,4.8251
55358,Netherlands,Riots,52.567,4.8251
55359,Netherlands,Riots,52.567,4.8251
55360,Netherlands,Riots,52.567,4.8251
55361,Netherlands,Riots,52.567,4.8251
55362,Netherlands,Riots,52.567,4.8251
55363,Netherlands,Riots,52.567,4.8251
55364,Netherlands,Riots,52.567,4.8251
55365,Netherlands,Riots,52.567,4.8251
55366,Netherlands,Riots,52.567,4.8251
55367,Netherlands,Riots,52.567,4.8251
55368,Netherlands,Riots,52.567,4.8251
55369,Netherlands,Riots,52.567,4.8251
55370,Netherlands,Riots,52.567,4.8251
55371,Netherlands,Riots,52.567,4.8251
55372,Netherlands,Riots,52.567,4.8251
55373,Netherlands,Riots,52.567,4.8251
55374,Netherlands,Riots,52.567,4.8251
55375,Netherlands,Riots,52.567,4.8251
55376,Netherlands,Riots,52.567,4.8251
55377,Netherlands,Riots,52.567,4.8251
55378,Netherlands,Riots,52.567,4.8251
55400,Netherlands,Violence against civilians,52.567,4.8251
55401,Netherlands,Violence against civilians,52.567,4.8251
55402,Netherlands,Violence against civilians,52.567,4.8251
55403,Netherlands,Violence against civilians,52.567,4.8251
55404,Netherlands,Violence against civilians,52.567,4.8251
55562,Netherlands,Riots,52.4867,6.3817
55563,Netherlands,Riots,52.4867,6.3817
55564,Netherlands,Riots,52.4867,6.3817
55565,Netherlands,Riots,52.4867,6.3817
55566,Netherlands,Riots,52.4867,6.3817
55567,Netherlands,Riots,52.4867,6.3817
55568,Netherlands,Riots,52.4867,6.3817
55569,Netherlands,Riots,52.4867,6.3817
55570,Netherlands,Riots,52.4867,6.3817
55809,Netherlands,Riots,52.1187,5.1525
55810,Netherlands,Riots,52.1187,5.1525
55811,Netherlands,Riots,52.1187,5.1525
55812,Netherlands,Riots,52.1187,5.1525
55813,Netherlands,Riots,52.1187,5.1525
55814,Netherlands,Riots,52.1187,5.1525
55815,Netherlands,Riots,52.1187,5.1525
55816,Netherlands,Riots,52.1187,5.1525
55817,Netherlands,Riots,52.1187,5.1525
55818,Netherlands,Riots,52.1187,5.1525
55819,Netherlands,Riots,52.1187,5.1525
55820,Netherlands,Riots,52.1187,5.1525
55821,Netherlands,Riots,52.1187,5.1525
55901,Netherlands,Riots,51.3048,3.8866
55902,Netherlands,Riots,51.3048,3.8866
56300,Netherlands,Riots,52.0147,4.4753
56301,Netherlands,Riots,52.0147,4.4753
56302,Netherlands,Riots,52.0147,4.4753
56303,Netherlands,Riots,52.0147,4.4753
56304,Netherlands,Riots,52.0147,4.4753
56305,Netherlands,Riots,52.0147,4.4753
56306,Netherlands,Riots,52.0147,4.4753
56307,Netherlands,Riots,52.0147,4.4753
56308,Netherlands,Riots,52.0147,4.4753
56309,Netherlands,Riots,52.0147,4.4753
56310,Netherlands,Riots,52.0147,4.4753
56311,Netherlands,Riots,52.0147,4.4753
56312,Netherlands,Riots,52.0147,4.4753
56313,Netherlands,Riots,52.0147,4.4753
56314,Netherlands,Riots,52.0147,4.4753
56315,Netherlands,Riots,52.0147,4.4753
56316,Netherlands,Riots,52.0147,4.4753
56317,Netherlands,Riots,52.0147,4.4753
56318,Netherlands,Riots,52.0147,4.4753
56319,Netherlands,Riots,52.0147,4.4753
56320,Netherlands,Riots,52.0147,4.4753
56321,Netherlands,Riots,52.0147,4.4753
56322,Netherlands,Riots,52.0147,4.4753
56323,Netherlands,Riots,52.0147,4.4753
56324,Netherlands,Riots,52.0147,4.4753
56325,Netherlands,Riots,52.0147,4.4753
56326,Netherlands,Riots,52.0147,4.4753
56327,Netherlands,Riots,52.0147,4.4753
56328,Netherlands,Riots,52.0147,4.4753
56329,Netherlands,Riots,52.0147,4.4753
56330,Netherlands,Riots,52.0147,4.4753
56331,Netherlands,Riots,52.0147,4.4753
56332,Netherlands,Riots,52.0147,4.4753
56333,Netherlands,Riots,52.0147,4.4753
56334,Netherlands,Riots,52.0147,4.4753
56354,Netherlands,Violence against civilians,52.0147,4.4753
56355,Netherlands,Violence against civilians,52.0147,4.4753
56416,North Macedonia,Violence against civilians,41.0455,21.2694
56429,North Macedonia,Explosions/Remote violence,41.9967,21.4316
56718,North Macedonia,Riots,41.9967,21.4316
56719,North Macedonia,Riots,41.9967,21.4316
56720,North Macedonia,Riots,41.9967,21.4316
56721,North Macedonia,Riots,41.9967,21.4316
56722,North Macedonia,Riots,41.9967,21.4316
56723,North Macedonia,Riots,41.9967,21.4316
56724,North Macedonia,Riots,41.9967,21.4316
56725,North Macedonia,Riots,41.9967,21.4316
56749,North Macedonia,Violence against civilians,41.9967,21.4316
56750,North Macedonia,Violence against civilians,41.9967,21.4316
56751,North Macedonia,Violence against civilians,41.9967,21.4316
56752,North Macedonia,Violence against civilians,41.9967,21.4316
56753,North Macedonia,Violence against civilians,41.9967,21.4316
56754,North Macedonia,Violence against civilians,41.9967,21.4316
56755,North Macedonia,Violence against civilians,41.9967,21.4316
56756,North Macedonia,Violence against civilians,41.9967,21.4316
56772,North Macedonia,Violence against civilians,42.1454,21.3854
56813,North Macedonia,Violence against civilians,41.2533,22.3919
56814,North Macedonia,Violence against civilians,41.2533,22.3919
56840,North Macedonia,Violence against civilians,41.7594,20.9142
56888,North Macedonia,Violence against civilians,41.4996,20.9324
56889,North Macedonia,Violence against civilians,41.4996,20.9324
56935,North Macedonia,Riots,41.9924,22.4233
56991,North Macedonia,Violence against civilians,42.1106,21.7924
56992,North Macedonia,Violence against civilians,42.1106,21.7924
56993,North Macedonia,Violence against civilians,42.1669,21.5844
57048,North Macedonia,Violence against civilians,41.0805,20.8458
57049,North Macedonia,Violence against civilians,41.0805,20.8458
57109,North Macedonia,Riots,41.2833,21.6289
57117,North Macedonia,Violence against civilians,41.4998,21.9042
57155,North Macedonia,Riots,41.7173,22.1853
57282,North Macedonia,Riots,42.0453,20.8837
57284,North Macedonia,Violence against civilians,42.0453,20.8837
57285,North Macedonia,Violence against civilians,42.0453,20.8837
57286,North Macedonia,Violence against civilians,42.0453,20.8837
57464,Norway,Riots,58.7194,8.0351
57467,Norway,Violence against civilians,58.7194,8.0351
57951,Norway,Riots,59.9724,10.7757
57952,Norway,Riots,59.9724,10.7757
57953,Norway,Riots,59.9724,10.7757
57954,Norway,Riots,59.9724,10.7757
57955,Norway,Riots,59.9724,10.7757
57956,Norway,Riots,59.9724,10.7757
57957,Norway,Riots,59.9724,10.7757
57958,Norway,Riots,59.9724,10.7757
57959,Norway,Riots,59.9724,10.7757
57977,Norway,Violence against civilians,59.9724,10.7757
57978,Norway,Violence against civilians,59.9724,10.7757
57979,Norway,Violence against civilians,59.9724,10.7757
57980,Norway,Violence against civilians,59.9724,10.7757
57981,Norway,Violence against civilians,59.9724,10.7757
57982,Norway,Violence against civilians,59.9724,10.7757
58330,Norway,Riots,63.8782,10.1962
58331,Norway,Riots,63.8782,10.1962
58414,Norway,Riots,59.3956,9.0635
58415,Norway,Riots,59.3956,9.0635
58416,Norway,Riots,59.3956,9.0635
58573,Norway,Riots,60.9291,6.1079
58574,Norway,Riots,60.9291,6.1079
58575,Norway,Riots,60.9291,6.1079
58679,Norway,Riots,59.9263,9.9042
58684,Norway,Violence against civilians,59.9263,9.9042
58685,Norway,Violence against civilians,59.9263,9.9042
58909,Poland,Riots,50.9506,16.3618
58910,Poland,Riots,50.9506,16.3618
58911,Poland,Riots,50.9506,16.3618
58912,Poland,Riots,50.9506,16.3618
58913,Poland,Riots,50.9506,16.3618
58914,Poland,Riots,50.9506,16.3618
58915,Poland,Riots,50.9506,16.3618
58920,Poland,Violence against civilians,50.9506,16.3618
58921,Poland,Violence against civilians,50.9506,16.3618
59110,Poland,Riots,53.0571,18.4879
59113,Poland,Violence against civilians,53.0571,18.4879
59114,Poland,Explosions/Remote violence,51.6187,19.3934
59258,Poland,Riots,51.6187,19.3934
59261,Poland,Explosions/Remote violence,51.27,22.7794
59431,Poland,Riots,51.27,22.7794
59432,Poland,Riots,51.27,22.7794
59539,Poland,Riots,52.2451,15.2811
59540,Poland,Riots,52.2451,15.2811
59541,Poland,Riots,52.2451,15.2811
59763,Poland,Riots,49.8485,20.2656
59764,Poland,Riots,49.8485,20.2656
59765,Poland,Riots,49.8485,20.2656
59770,Poland,Explosions/Remote violence,52.2473,21.5627
59771,Poland,Explosions/Remote violence,52.2473,21.5627
59772,Poland,Explosions/Remote violence,52.2473,21.5627
60129,Poland,Riots,52.2473,21.5627
60130,Poland,Riots,52.2473,21.5627
60131,Poland,Riots,52.2473,21.5627
60132,Poland,Riots,52.2473,21.5627
60133,Poland,Riots,52.2473,21.5627
60134,Poland,Riots,52.2473,21.5627
60135,Poland,Riots,52.2473,21.5627
60136,Poland,Riots,52.2473,21.5627
60137,Poland,Riots,52.2473,21.5627
60138,Poland,Riots,52.2473,21.5627
60139,Poland,Riots,52.2473,21.5627
60140,Poland,Riots,52.2473,21.5627
60141,Poland,Riots,52.2473,21.5627
60142,Poland,Riots,52.2473,21.5627
60143,Poland,Riots,52.2473,21.5627
60144,Poland,Riots,52.2473,21.5627
60145,Poland,Riots,52.2473,21.5627
60146,Poland,Riots,52.2473,21.5627
60147,Poland,Riots,52.2473,21.5627
60148,Poland,Riots,52.2473,21.5627
60229,Poland,Violence against civilians,52.2473,21.5627
60230,Poland,Violence against civilians,52.2473,21.5627
60231,Poland,Violence against civilians,52.2473,21.5627
60232,Poland,Violence against civilians,52.2473,21.5627
60233,Poland,Violence against civilians,52.2473,21.5627
60234,Poland,Violence against civilians,52.2473,21.5627
60479,Poland,Riots,49.911,22.1785
60480,Poland,Riots,49.911,22.1785
60607,Poland,Riots,53.3456,22.709
60608,Poland,Riots,53.3456,22.709
60609,Poland,Riots,53.3456,22.709
60610,Poland,Riots,53.3456,22.709
60611,Poland,Riots,53.3456,22.709
60612,Poland,Riots,53.3456,22.709
60613,Poland,Riots,53.3456,22.709
60614,Poland,Riots,53.3456,22.709
60615,Poland,Riots,53.3456,22.709
60616,Poland,Riots,53.3456,22.709
60617,Poland,Riots,53.3456,22.709
60618,Poland,Riots,53.3456,22.709
60619,Poland,Riots,53.3456,22.709
60620,Poland,Riots,53.3456,22.709
60621,Poland,Riots,53.3456,22.709
60622,Poland,Riots,53.3456,22.709
60623,Poland,Riots,53.3456,22.709
60624,Poland,Riots,53.3456,22.709
60625,Poland,Riots,53.3456,22.709
60626,Poland,Riots,53.3456,22.709
60627,Poland,Riots,53.3456,22.709
60628,Poland,Riots,53.3456,22.709
60629,Poland,Riots,53.3456,22.709
60630,Poland,Riots,53.3456,22.709
60631,Poland,Riots,53.3456,22.709
60632,Poland,Riots,53.3456,22.709
60633,Poland,Riots,53.3456,22.709
60634,Poland,Riots,53.3456,22.709
60635,Poland,Riots,53.3456,22.709
60636,Poland,Riots,53.3456,22.709
60637,Poland,Riots,53.3456,22.709
60638,Poland,Riots,53.3456,22.709
60639,Poland,Riots,53.3456,22.709
60640,Poland,Riots,53.3456,22.709
60641,Poland,Riots,53.3456,22.709
60642,Poland,Riots,53.3456,22.709
60643,Poland,Riots,53.3456,22.709
60644,Poland,Riots,53.3456,22.709
60645,Poland,Riots,53.3456,22.709
60646,Poland,Riots,53.3456,22.709
60647,Poland,Riots,53.3456,22.709
60648,Poland,Riots,53.3456,22.709
60649,Poland,Riots,53.3456,22.709
60650,Poland,Riots,53.3456,22.709
60651,Poland,Riots,53.3456,22.709
60652,Poland,Riots,53.3456,22.709
60653,Poland,Riots,53.3456,22.709
60654,Poland,Riots,53.3456,22.709
60655,Poland,Riots,53.3456,22.709
60656,Poland,Riots,53.3456,22.709
60657,Poland,Riots,53.3456,22.709
60658,Poland,Riots,53.3456,22.709
60659,Poland,Riots,53.3456,22.709
60660,Poland,Riots,53.3456,22.709
60661,Poland,Riots,53.3456,22.709
60662,Poland,Riots,53.3456,22.709
60663,Poland,Riots,53.3456,22.709
60664,Poland,Riots,53.3456,22.709
60665,Poland,Riots,53.3456,22.709
60666,Poland,Riots,53.3456,22.709
60667,Poland,Riots,53.3456,22.709
60668,Poland,Riots,53.3456,22.709
60669,Poland,Riots,53.3456,22.709
60670,Poland,Riots,53.3456,22.709
60671,Poland,Riots,53.3456,22.709
60672,Poland,Riots,53.3456,22.709
60673,Poland,Riots,53.3456,22.709
60674,Poland,Riots,53.3456,22.709
60675,Poland,Riots,53.3456,22.709
60676,Poland,Riots,53.3456,22.709
60677,Poland,Riots,53.3456,22.709
60678,Poland,Riots,53.3456,22.709
60679,Poland,Riots,53.3456,22.709
60680,Poland,Riots,53.3456,22.709
60681,Poland,Riots,53.3456,22.709
60682,Poland,Riots,53.3456,22.709
60683,Poland,Riots,53.3456,22.709
60684,Poland,Riots,53.3456,22.709
60685,Poland,Riots,53.3456,22.709
60686,Poland,Riots,53.3456,22.709
60687,Poland,Riots,53.3456,22.709
60688,Poland,Riots,53.3456,22.709
60689,Poland,Riots,53.3456,22.709
60690,Poland,Riots,53.3456,22.709
60691,Poland,Riots,53.3456,22.709
60692,Poland,Riots,53.3456,22.709
60693,Poland,Riots,53.3456,22.709
60694,Poland,Riots,53.3456,22.709
60695,Poland,Riots,53.3456,22.709
60696,Poland,Riots,53.3456,22.709
60697,Poland,Riots,53.3456,22.709
60698,Poland,Riots,53.3456,22.709
60699,Poland,Riots,53.3456,22.709
60700,Poland,Riots,53.3456,22.709
60701,Poland,Riots,53.3456,22.709
60702,Poland,Riots,53.3456,22.709
60703,Poland,Riots,53.3456,22.709
60704,Poland,Riots,53.3456,22.709
60705,Poland,Riots,53.3456,22.709
60756,Poland,Violence against civilians,53.3456,22.709
60757,Poland,Violence against civilians,53.3456,22.709
60758,Poland,Violence against civilians,53.3456,22.709
60759,Poland,Violence against civilians,53.3456,22.709
60983,Poland,Riots,54.1651,18.0006
60984,Poland,Riots,54.1651,18.0006
60992,Poland,Violence against civilians,54.1651,18.0006
60993,Poland,Violence against civilians,54.1651,18.0006
61202,Poland,Riots,50.2465,18.8469
61203,Poland,Riots,50.2465,18.8469
61204,Poland,Riots,50.2465,18.8469
61205,Poland,Riots,50.2465,18.8469
61209,Poland,Violence against civilians,50.2465,18.8469
61210,Poland,Explosions/Remote violence,50.764,20.7989
61311,Poland,Explosions/Remote violence,53.7906,21.0987
61413,Poland,Riots,53.7906,21.0987
61421,Poland,Violence against civilians,53.7906,21.0987
61638,Poland,Riots,52.3797,17.3138
61639,Poland,Riots,52.3797,17.3138
61644,Poland,Violence against civilians,52.3797,17.3138
61645,Poland,Violence against civilians,52.3797,17.3138
61831,Poland,Riots,53.597,15.6705
61832,Poland,Riots,53.597,15.6705
61833,Poland,Riots,53.597,15.6705
61839,Poland,Violence against civilians,53.597,15.6705
61840,Poland,Violence against civilians,53.597,15.6705
61900,Portugal,Riots,40.6785,-8.52
61901,Portugal,Violence against civilians,40.6785,-8.52
62067,Portugal,Violence against civilians,41.5696,-8.306
62250,Portugal,Riots,40.2214,-8.338
62770,Portugal,Riots,38.9953,-9.187
62771,Portugal,Riots,38.9953,-9.187
62772,Portugal,Riots,38.9953,-9.187
62773,Portugal,Riots,38.9953,-9.187
62774,Portugal,Riots,38.9953,-9.187
62775,Portugal,Riots,38.9953,-9.187
62776,Portugal,Riots,38.9953,-9.187
62777,Portugal,Riots,38.9953,-9.187
62778,Portugal,Riots,38.9953,-9.187
62779,Portugal,Riots,38.9953,-9.187
62780,Portugal,Riots,38.9953,-9.187
62781,Portugal,Riots,38.9953,-9.187
62782,Portugal,Riots,38.9953,-9.187
62783,Portugal,Riots,38.9953,-9.187
62784,Portugal,Riots,38.9953,-9.187
62785,Portugal,Riots,38.9953,-9.187
62786,Portugal,Riots,38.9953,-9.187
62787,Portugal,Riots,38.9953,-9.187
62788,Portugal,Riots,38.9953,-9.187
62789,Portugal,Riots,38.9953,-9.187
62790,Portugal,Riots,38.9953,-9.187
62791,Portugal,Riots,38.9953,-9.187
62792,Portugal,Riots,38.9953,-9.187
62805,Portugal,Violence against civilians,38.9953,-9.187
62806,Portugal,Violence against civilians,38.9953,-9.187
62807,Portugal,Violence against civilians,38.9953,-9.187
62808,Portugal,Violence against civilians,38.9953,-9.187
62809,Portugal,Violence against civilians,38.9953,-9.187
62810,Portugal,Violence against civilians,38.9953,-9.187
62869,Portugal,Riots,39.208,-7.721
63076,Portugal,Riots,41.2369,-8.302
63077,Portugal,Riots,41.2369,-8.302
63078,Portugal,Riots,41.2369,-8.302
63079,Portugal,Riots,41.2369,-8.302
63080,Portugal,Violence against civilians,41.2369,-8.302
63081,Portugal,Violence against civilians,41.2369,-8.302
63209,Portugal,Riots,38.2966,-8.4614
63210,Portugal,Riots,38.2966,-8.4614
63351,Romania,Riots,46.0123,23.5454
63405,Romania,Violence against civilians,46.2917,21.8927
63424,Romania,Violence against civilians,44.9949,24.8495
63447,Romania,Riots,46.423,26.7164
63448,Romania,Violence against civilians,46.423,26.7164
63576,Romania,Riots,47.852,26.7615
63592,Romania,Riots,45.1209,27.6663
63594,Romania,Violence against civilians,45.1209,27.6663
63595,Romania,Violence against civilians,45.1209,27.6663
63648,Romania,Riots,45.7856,25.1548
63649,Romania,Riots,45.7856,25.1548
63650,Romania,Riots,45.7856,25.1548
63984,Romania,Riots,44.4455,26.0962
63985,Romania,Riots,44.4455,26.0962
63986,Romania,Riots,44.4455,26.0962
63987,Romania,Riots,44.4455,26.0962
63988,Romania,Riots,44.4455,26.0962
63989,Romania,Riots,44.4455,26.0962
63990,Romania,Riots,44.4455,26.0962
63991,Romania,Riots,44.4455,26.0962
63992,Romania,Riots,44.4455,26.0962
63993,Romania,Riots,44.4455,26.0962
63994,Romania,Riots,44.4455,26.0962
63995,Romania,Riots,44.4455,26.0962
63996,Romania,Riots,44.4455,26.0962
63997,Romania,Riots,44.4455,26.0962
63998,Romania,Riots,44.4455,26.0962
63999,Romania,Riots,44.4455,26.0962
64000,Romania,Riots,44.4455,26.0962
64001,Romania,Riots,44.4455,26.0962
64002,Romania,Riots,44.4455,26.0962
64003,Romania,Riots,44.4455,26.0962
64004,Romania,Riots,44.4455,26.0962
64005,Romania,Riots,44.4455,26.0962
64006,Romania,Riots,44.4455,26.0962
64007,Romania,Riots,44.4455,26.0962
64052,Romania,Violence against civilians,44.4455,26.0962
64053,Romania,Violence against civilians,44.4455,26.0962
64054,Romania,Violence against civilians,44.4455,26.0962
64093,Romania,Riots,45.2685,26.7747
64095,Romania,Violence against civilians,45.2685,26.7747
64101,Romania,Riots,44.3145,27.1383
64209,Romania,Riots,46.8883,23.7174
64211,Romania,Violence against civilians,46.8883,23.7174
64212,Romania,Explosions/Remote violence,44.2685,28.2918
64213,Romania,Explosions/Remote violence,44.2685,28.2918
64296,Romania,Violence against civilians,44.2685,28.2918
64297,Romania,Violence against civilians,44.2685,28.2918
64308,Romania,Riots,45.8965,26.0099
64324,Romania,Violence against civilians,44.9219,25.485
64371,Romania,Riots,44.207,23.6643
64372,Romania,Violence against civilians,44.207,23.6643
64422,Romania,Riots,45.7764,27.7498
64426,Romania,Violence against civilians,45.7764,27.7498
64450,Romania,Violence against civilians,44.1219,26.0461
64476,Romania,Violence against civilians,44.9606,23.325
64499,Romania,Violence against civilians,46.6427,25.6217
64547,Romania,Riots,45.8033,22.9062
64712,Romania,Riots,44.4919,26.2404
64714,Romania,Violence against civilians,44.4919,26.2404
64740,Romania,Riots,44.6031,23.0576
64878,Romania,Violence against civilians,45.1284,26.0296
64913,Romania,Riots,47.7265,22.7527
65068,Romania,Riots,45.8894,24.2371
65070,Romania,Violence against civilians,45.8894,24.2371
65071,Romania,Violence against civilians,45.8894,24.2371
65100,Romania,Riots,47.5325,25.8348
65101,Romania,Riots,47.5325,25.8348
65102,Romania,Riots,47.5325,25.8348
65106,Romania,Violence against civilians,47.5325,25.8348
65107,Romania,Violence against civilians,47.5325,25.8348
65108,Romania,Violence against civilians,47.5325,25.8348
65117,Romania,Violence against civilians,44.0685,25.1911
65195,Romania,Riots,45.6915,21.6321
65196,Romania,Riots,45.6915,21.6321
65198,Romania,Violence against civilians,45.6915,21.6321
65199,Romania,Explosions/Remote violence,45.0389,28.8982
65230,Romania,Violence against civilians,45.0389,28.8982
65231,Romania,Violence against civilians,45.0389,28.8982
65275,Romania,Riots,46.4968,27.8049
65276,Romania,Violence against civilians,46.4968,27.8049
65293,Romania,Riots,45.7883,26.8842
65294,Romania,Violence against civilians,45.7883,26.8842
65437,Russia,Riots,52.5418,82.7009
65446,Russia,Violence against civilians,52.5418,82.7009
65447,Russia,Violence against civilians,52.5418,82.7009
65448,Russia,Violence against civilians,52.5418,82.7009
65449,Russia,Violence against civilians,52.5418,82.7009
65450,Russia,Violence against civilians,52.5418,82.7009
65451,Russia,Violence against civilians,52.5418,82.7009
65452,Russia,Violence against civilians,52.5418,82.7009
65453,Russia,Violence against civilians,52.5418,82.7009
65454,Russia,Violence against civilians,52.5418,82.7009
65455,Russia,Violence against civilians,52.5418,82.7009
65456,Russia,Violence against civilians,52.5418,82.7009
65457,Russia,Violence against civilians,52.5418,82.7009
65458,Russia,Explosions/Remote violence,52.9573,130.1919
65484,Russia,Riots,52.9573,130.1919
65493,Russia,Violence against civilians,52.9573,130.1919
65494,Russia,Violence against civilians,52.9573,130.1919
65496,Russia,Explosions/Remote violence,63.5471,41.4717
65591,Russia,Riots,63.5471,41.4717
65592,Russia,Riots,63.5471,41.4717
65603,Russia,Violence against civilians,63.5471,41.4717
65604,Russia,Violence against civilians,63.5471,41.4717
65605,Russia,Violence against civilians,63.5471,41.4717
65606,Russia,Explosions/Remote violence,47.1094,47.7101
65607,Russia,Explosions/Remote violence,47.1094,47.7101
65608,Russia,Explosions/Remote violence,47.1094,47.7101
65609,Russia,Explosions/Remote violence,47.1094,47.7101
65610,Russia,Explosions/Remote violence,47.1094,47.7101
65611,Russia,Explosions/Remote violence,47.1094,47.7101
65612,Russia,Explosions/Remote violence,47.1094,47.7101
65613,Russia,Explosions/Remote violence,47.1094,47.7101
65614,Russia,Explosions/Remote violence,47.1094,47.7101
65615,Russia,Explosions/Remote violence,47.1094,47.7101
65722,Russia,Violence against civilians,47.1094,47.7101
65723,Russia,Violence against civilians,47.1094,47.7101
65724,Russia,Violence against civilians,47.1094,47.7101
65725,Russia,Violence against civilians,47.1094,47.7101
65746,Russia,Explosions/Remote violence,50.6124,37.2397
65747,Russia,Explosions/Remote violence,50.6124,37.2397
65748,Russia,Explosions/Remote violence,50.6124,37.2397
65749,Russia,Explosions/Remote violence,50.6124,37.2397
65750,Russia,Explosions/Remote violence,50.6124,37.2397
65751,Russia,Explosions/Remote violence,50.6124,37.2397
65752,Russia,Explosions/Remote violence,50.6124,37.2397
65753,Russia,Explosions/Remote violence,50.6124,37.2397
65754,Russia,Explosions/Remote violence,50.6124,37.2397
65755,Russia,Explosions/Remote violence,50.6124,37.2397
65756,Russia,Explosions/Remote violence,50.6124,37.2397
65757,Russia,Explosions/Remote violence,50.6124,37.2397
65758,Russia,Explosions/Remote violence,50.6124,37.2397
65759,Russia,Explosions/Remote violence,50.6124,37.2397
65760,Russia,Explosions/Remote violence,50.6124,37.2397
65761,Russia,Explosions/Remote violence,50.6124,37.2397
65762,Russia,Explosions/Remote violence,50.6124,37.2397
65763,Russia,Explosions/Remote violence,50.6124,37.2397
65764,Russia,Explosions/Remote violence,50.6124,37.2397
65765,Russia,Explosions/Remote violence,50.6124,37.2397
65766,Russia,Explosions/Remote violence,50.6124,37.2397
65767,Russia,Explosions/Remote violence,50.6124,37.2397
65768,Russia,Explosions/Remote violence,50.6124,37.2397
65769,Russia,Explosions/Remote violence,50.6124,37.2397
65770,Russia,Explosions/Remote violence,50.6124,37.2397
65771,Russia,Explosions/Remote violence,50.6124,37.2397
65772,Russia,Explosions/Remote violence,50.6124,37.2397
65773,Russia,Explosions/Remote violence,50.6124,37.2397
65774,Russia,Explosions/Remote violence,50.6124,37.2397
65775,Russia,Explosions/Remote violence,50.6124,37.2397
65776,Russia,Explosions/Remote violence,50.6124,37.2397
65777,Russia,Explosions/Remote violence,50.6124,37.2397
65778,Russia,Explosions/Remote violence,50.6124,37.2397
65779,Russia,Explosions/Remote violence,50.6124,37.2397
65780,Russia,Explosions/Remote violence,50.6124,37.2397
65781,Russia,Explosions/Remote violence,50.6124,37.2397
65782,Russia,Explosions/Remote violence,50.6124,37.2397
65783,Russia,Explosions/Remote violence,50.6124,37.2397
65784,Russia,Explosions/Remote violence,50.6124,37.2397
65785,Russia,Explosions/Remote violence,50.6124,37.2397
65786,Russia,Explosions/Remote violence,50.6124,37.2397
65787,Russia,Explosions/Remote violence,50.6124,37.2397
65788,Russia,Explosions/Remote violence,50.6124,37.2397
65789,Russia,Explosions/Remote violence,50.6124,37.2397
65790,Russia,Explosions/Remote violence,50.6124,37.2397
65791,Russia,Explosions/Remote violence,50.6124,37.2397
65792,Russia,Explosions/Remote violence,50.6124,37.2397
65793,Russia,Explosions/Remote violence,50.6124,37.2397
65794,Russia,Explosions/Remote violence,50.6124,37.2397
65795,Russia,Explosions/Remote violence,50.6124,37.2397
65796,Russia,Explosions/Remote violence,50.6124,37.2397
65797,Russia,Explosions/Remote violence,50.6124,37.2397
65798,Russia,Explosions/Remote violence,50.6124,37.2397
65799,Russia,Explosions/Remote violence,50.6124,37.2397
65800,Russia,Explosions/Remote violence,50.6124,37.2397
65801,Russia,Explosions/Remote violence,50.6124,37.2397
65802,Russia,Explosions/Remote violence,50.6124,37.2397
65803,Russia,Explosions/Remote violence,50.6124,37.2397
65804,Russia,Explosions/Remote violence,50.6124,37.2397
65805,Russia,Explosions/Remote violence,50.6124,37.2397
65806,Russia,Explosions/Remote violence,50.6124,37.2397
65807,Russia,Explosions/Remote violence,50.6124,37.2397
65808,Russia,Explosions/Remote violence,50.6124,37.2397
65809,Russia,Explosions/Remote violence,50.6124,37.2397
65810,Russia,Explosions/Remote violence,50.6124,37.2397
65811,Russia,Explosions/Remote violence,50.6124,37.2397
65812,Russia,Explosions/Remote violence,50.6124,37.2397
65813,Russia,Explosions/Remote violence,50.6124,37.2397
65814,Russia,Explosions/Remote violence,50.6124,37.2397
65815,Russia,Explosions/Remote violence,50.6124,37.2397
65816,Russia,Explosions/Remote violence,50.6124,37.2397
65817,Russia,Explosions/Remote violence,50.6124,37.2397
65818,Russia,Explosions/Remote violence,50.6124,37.2397
65819,Russia,Explosions/Remote violence,50.6124,37.2397
65820,Russia,Explosions/Remote violence,50.6124,37.2397
65821,Russia,Explosions/Remote violence,50.6124,37.2397
65822,Russia,Explosions/Remote violence,50.6124,37.2397
65823,Russia,Explosions/Remote violence,50.6124,37.2397
65824,Russia,Explosions/Remote violence,50.6124,37.2397
65825,Russia,Explosions/Remote violence,50.6124,37.2397
65826,Russia,Explosions/Remote violence,50.6124,37.2397
65827,Russia,Explosions/Remote violence,50.6124,37.2397
65828,Russia,Explosions/Remote violence,50.6124,37.2397
65829,Russia,Explosions/Remote violence,50.6124,37.2397
65830,Russia,Explosions/Remote violence,50.6124,37.2397
65831,Russia,Explosions/Remote violence,50.6124,37.2397
65832,Russia,Explosions/Remote violence,50.6124,37.2397
65833,Russia,Explosions/Remote violence,50.6124,37.2397
65834,Russia,Explosions/Remote violence,50.6124,37.2397
65835,Russia,Explosions/Remote violence,50.6124,37.2397
65836,Russia,Explosions/Remote violence,50.6124,37.2397
65837,Russia,Explosions/Remote violence,50.6124,37.2397
65838,Russia,Explosions/Remote violence,50.6124,37.2397
65839,Russia,Explosions/Remote violence,50.6124,37.2397
65840,Russia,Explosions/Remote violence,50.6124,37.2397
65841,Russia,Explosions/Remote violence,50.6124,37.2397
65842,Russia,Explosions/Remote violence,50.6124,37.2397
65843,Russia,Explosions/Remote violence,50.6124,37.2397
65844,Russia,Explosions/Remote violence,50.6124,37.2397
65845,Russia,Explosions/Remote violence,50.6124,37.2397
65846,Russia,Explosions/Remote violence,50.6124,37.2397
65847,Russia,Explosions/Remote violence,50.6124,37.2397
65848,Russia,Explosions/Remote violence,50.6124,37.2397
65849,Russia,Explosions/Remote violence,50.6124,37.2397
65850,Russia,Explosions/Remote violence,50.6124,37.2397
65851,Russia,Explosions/Remote violence,50.6124,37.2397
65852,Russia,Explosions/Remote violence,50.6124,37.2397
65853,Russia,Explosions/Remote violence,50.6124,37.2397
65854,Russia,Explosions/Remote violence,50.6124,37.2397
65855,Russia,Explosions/Remote violence,50.6124,37.2397
65856,Russia,Explosions/Remote violence,50.6124,37.2397
65857,Russia,Explosions/Remote violence,50.6124,37.2397
65858,Russia,Explosions/Remote violence,50.6124,37.2397
65859,Russia,Explosions/Remote violence,50.6124,37.2397
65860,Russia,Explosions/Remote violence,50.6124,37.2397
65861,Russia,Explosions/Remote violence,50.6124,37.2397
65862,Russia,Explosions/Remote violence,50.6124,37.2397
65863,Russia,Explosions/Remote violence,50.6124,37.2397
65864,Russia,Explosions/Remote violence,50.6124,37.2397
65865,Russia,Explosions/Remote violence,50.6124,37.2397
65866,Russia,Explosions/Remote violence,50.6124,37.2397
65867,Russia,Explosions/Remote violence,50.6124,37.2397
65868,Russia,Explosions/Remote violence,50.6124,37.2397
65869,Russia,Explosions/Remote violence,50.6124,37.2397
65870,Russia,Explosions/Remote violence,50.6124,37.2397
65871,Russia,Explosions/Remote violence,50.6124,37.2397
65872,Russia,Explosions/Remote violence,50.6124,37.2397
65873,Russia,Explosions/Remote violence,50.6124,37.2397
65874,Russia,Explosions/Remote violence,50.6124,37.2397
65875,Russia,Explosions/Remote violence,50.6124,37.2397
65876,Russia,Explosions/Remote violence,50.6124,37.2397
65877,Russia,Explosions/Remote violence,50.6124,37.2397
65878,Russia,Explosions/Remote violence,50.6124,37.2397
65879,Russia,Explosions/Remote violence,50.6124,37.2397
65880,Russia,Explosions/Remote violence,50.6124,37.2397
65881,Russia,Explosions/Remote violence,50.6124,37.2397
65882,Russia,Explosions/Remote violence,50.6124,37.2397
65883,Russia,Explosions/Remote violence,50.6124,37.2397
65884,Russia,Explosions/Remote violence,50.6124,37.2397
65885,Russia,Explosions/Remote violence,50.6124,37.2397
65886,Russia,Explosions/Remote violence,50.6124,37.2397
65887,Russia,Explosions/Remote violence,50.6124,37.2397
65888,Russia,Explosions/Remote violence,50.6124,37.2397
65889,Russia,Explosions/Remote violence,50.6124,37.2397
65890,Russia,Explosions/Remote violence,50.6124,37.2397
65891,Russia,Explosions/Remote violence,50.6124,37.2397
65892,Russia,Explosions/Remote violence,50.6124,37.2397
65893,Russia,Explosions/Remote violence,50.6124,37.2397
65894,Russia,Explosions/Remote violence,50.6124,37.2397
65895,Russia,Explosions/Remote violence,50.6124,37.2397
65896,Russia,Explosions/Remote violence,50.6124,37.2397
65897,Russia,Explosions/Remote violence,50.6124,37.2397
65898,Russia,Explosions/Remote violence,50.6124,37.2397
65899,Russia,Explosions/Remote violence,50.6124,37.2397
65900,Russia,Explosions/Remote violence,50.6124,37.2397
65901,Russia,Explosions/Remote violence,50.6124,37.2397
65902,Russia,Explosions/Remote violence,50.6124,37.2397
65903,Russia,Explosions/Remote violence,50.6124,37.2397
65904,Russia,Explosions/Remote violence,50.6124,37.2397
65905,Russia,Explosions/Remote violence,50.6124,37.2397
65906,Russia,Explosions/Remote violence,50.6124,37.2397
65907,Russia,Explosions/Remote violence,50.6124,37.2397
65908,Russia,Explosions/Remote violence,50.6124,37.2397
65909,Russia,Explosions/Remote violence,50.6124,37.2397
65910,Russia,Explosions/Remote violence,50.6124,37.2397
65911,Russia,Explosions/Remote violence,50.6124,37.2397
65912,Russia,Explosions/Remote violence,50.6124,37.2397
65913,Russia,Explosions/Remote violence,50.6124,37.2397
65914,Russia,Explosions/Remote violence,50.6124,37.2397
65915,Russia,Explosions/Remote violence,50.6124,37.2397
65916,Russia,Explosions/Remote violence,50.6124,37.2397
65917,Russia,Explosions/Remote violence,50.6124,37.2397
65918,Russia,Explosions/Remote violence,50.6124,37.2397
65919,Russia,Explosions/Remote violence,50.6124,37.2397
65920,Russia,Explosions/Remote violence,50.6124,37.2397
65921,Russia,Explosions/Remote violence,50.6124,37.2397
65922,Russia,Explosions/Remote violence,50.6124,37.2397
65923,Russia,Explosions/Remote violence,50.6124,37.2397
65924,Russia,Explosions/Remote violence,50.6124,37.2397
65925,Russia,Explosions/Remote violence,50.6124,37.2397
65926,Russia,Explosions/Remote violence,50.6124,37.2397
65927,Russia,Explosions/Remote violence,50.6124,37.2397
65928,Russia,Explosions/Remote violence,50.6124,37.2397
65929,Russia,Explosions/Remote violence,50.6124,37.2397
65930,Russia,Explosions/Remote violence,50.6124,37.2397
65931,Russia,Explosions/Remote violence,50.6124,37.2397
65932,Russia,Explosions/Remote violence,50.6124,37.2397
65933,Russia,Explosions/Remote violence,50.6124,37.2397
65934,Russia,Explosions/Remote violence,50.6124,37.2397
65935,Russia,Explosions/Remote violence,50.6124,37.2397
65936,Russia,Explosions/Remote violence,50.6124,37.2397
65937,Russia,Explosions/Remote violence,50.6124,37.2397
65938,Russia,Explosions/Remote violence,50.6124,37.2397
65939,Russia,Explosions/Remote violence,50.6124,37.2397
65940,Russia,Explosions/Remote violence,50.6124,37.2397
65941,Russia,Explosions/Remote violence,50.6124,37.2397
65942,Russia,Explosions/Remote violence,50.6124,37.2397
65943,Russia,Explosions/Remote violence,50.6124,37.2397
65944,Russia,Explosions/Remote violence,50.6124,37.2397
65945,Russia,Explosions/Remote violence,50.6124,37.2397
65946,Russia,Explosions/Remote violence,50.6124,37.2397
65947,Russia,Explosions/Remote violence,50.6124,37.2397
65948,Russia,Explosions/Remote violence,50.6124,37.2397
65949,Russia,Explosions/Remote violence,50.6124,37.2397
65950,Russia,Explosions/Remote violence,50.6124,37.2397
65951,Russia,Explosions/Remote violence,50.6124,37.2397
65952,Russia,Explosions/Remote violence,50.6124,37.2397
65953,Russia,Explosions/Remote violence,50.6124,37.2397
65954,Russia,Explosions/Remote violence,50.6124,37.2397
65955,Russia,Explosions/Remote violence,50.6124,37.2397
65956,Russia,Explosions/Remote violence,50.6124,37.2397
65957,Russia,Explosions/Remote violence,50.6124,37.2397
65958,Russia,Explosions/Remote violence,50.6124,37.2397
65959,Russia,Explosions/Remote violence,50.6124,37.2397
65960,Russia,Explosions/Remote violence,50.6124,37.2397
65961,Russia,Explosions/Remote violence,50.6124,37.2397
65962,Russia,Explosions/Remote violence,50.6124,37.2397
65963,Russia,Explosions/Remote violence,50.6124,37.2397
65964,Russia,Explosions/Remote violence,50.6124,37.2397
65965,Russia,Explosions/Remote violence,50.6124,37.2397
65966,Russia,Explosions/Remote violence,50.6124,37.2397
65967,Russia,Explosions/Remote violence,50.6124,37.2397
65968,Russia,Explosions/Remote violence,50.6124,37.2397
65969,Russia,Explosions/Remote violence,50.6124,37.2397
65970,Russia,Explosions/Remote violence,50.6124,37.2397
65971,Russia,Explosions/Remote violence,50.6124,37.2397
65972,Russia,Explosions/Remote violence,50.6124,37.2397
65973,Russia,Explosions/Remote violence,50.6124,37.2397
65974,Russia,Explosions/Remote violence,50.6124,37.2397
65975,Russia,Explosions/Remote violence,50.6124,37.2397
65976,Russia,Explosions/Remote violence,50.6124,37.2397
65977,Russia,Explosions/Remote violence,50.6124,37.2397
65978,Russia,Explosions/Remote violence,50.6124,37.2397
65979,Russia,Explosions/Remote violence,50.6124,37.2397
65980,Russia,Explosions/Remote violence,50.6124,37.2397
65981,Russia,Explosions/Remote violence,50.6124,37.2397
65982,Russia,Explosions/Remote violence,50.6124,37.2397
65983,Russia,Explosions/Remote violence,50.6124,37.2397
65984,Russia,Explosions/Remote violence,50.6124,37.2397
65985,Russia,Explosions/Remote violence,50.6124,37.2397
65986,Russia,Explosions/Remote violence,50.6124,37.2397
65987,Russia,Explosions/Remote violence,50.6124,37.2397
65988,Russia,Explosions/Remote violence,50.6124,37.2397
65989,Russia,Explosions/Remote violence,50.6124,37.2397
65990,Russia,Explosions/Remote violence,50.6124,37.2397
65991,Russia,Explosions/Remote violence,50.6124,37.2397
65992,Russia,Explosions/Remote violence,50.6124,37.2397
65993,Russia,Explosions/Remote violence,50.6124,37.2397
65994,Russia,Explosions/Remote violence,50.6124,37.2397
65995,Russia,Explosions/Remote violence,50.6124,37.2397
65996,Russia,Explosions/Remote violence,50.6124,37.2397
65997,Russia,Explosions/Remote violence,50.6124,37.2397
65998,Russia,Explosions/Remote violence,50.6124,37.2397
65999,Russia,Explosions/Remote violence,50.6124,37.2397
66000,Russia,Explosions/Remote violence,50.6124,37.2397
66001,Russia,Explosions/Remote violence,50.6124,37.2397
66002,Russia,Explosions/Remote violence,50.6124,37.2397
66003,Russia,Explosions/Remote violence,50.6124,37.2397
66004,Russia,Explosions/Remote violence,50.6124,37.2397
66005,Russia,Explosions/Remote violence,50.6124,37.2397
66006,Russia,Explosions/Remote violence,50.6124,37.2397
66007,Russia,Explosions/Remote violence,50.6124,37.2397
66008,Russia,Explosions/Remote violence,50.6124,37.2397
66009,Russia,Explosions/Remote violence,50.6124,37.2397
66010,Russia,Explosions/Remote violence,50.6124,37.2397
66011,Russia,Explosions/Remote violence,50.6124,37.2397
66012,Russia,Explosions/Remote violence,50.6124,37.2397
66013,Russia,Explosions/Remote violence,50.6124,37.2397
66014,Russia,Explosions/Remote violence,50.6124,37.2397
66015,Russia,Explosions/Remote violence,50.6124,37.2397
66016,Russia,Explosions/Remote violence,50.6124,37.2397
66017,Russia,Explosions/Remote violence,50.6124,37.2397
66018,Russia,Explosions/Remote violence,50.6124,37.2397
66019,Russia,Explosions/Remote violence,50.6124,37.2397
66020,Russia,Explosions/Remote violence,50.6124,37.2397
66021,Russia,Explosions/Remote violence,50.6124,37.2397
66022,Russia,Explosions/Remote violence,50.6124,37.2397
66023,Russia,Explosions/Remote violence,50.6124,37.2397
66024,Russia,Explosions/Remote violence,50.6124,37.2397
66025,Russia,Explosions/Remote violence,50.6124,37.2397
66026,Russia,Explosions/Remote violence,50.6124,37.2397
66027,Russia,Explosions/Remote violence,50.6124,37.2397
66028,Russia,Explosions/Remote violence,50.6124,37.2397
66029,Russia,Explosions/Remote violence,50.6124,37.2397
66030,Russia,Explosions/Remote violence,50.6124,37.2397
66031,Russia,Explosions/Remote violence,50.6124,37.2397
66032,Russia,Explosions/Remote violence,50.6124,37.2397
66033,Russia,Explosions/Remote violence,50.6124,37.2397
66034,Russia,Explosions/Remote violence,50.6124,37.2397
66035,Russia,Explosions/Remote violence,50.6124,37.2397
66036,Russia,Explosions/Remote violence,50.6124,37.2397
66037,Russia,Explosions/Remote violence,50.6124,37.2397
66038,Russia,Explosions/Remote violence,50.6124,37.2397
66039,Russia,Explosions/Remote violence,50.6124,37.2397
66040,Russia,Explosions/Remote violence,50.6124,37.2397
66041,Russia,Explosions/Remote violence,50.6124,37.2397
66042,Russia,Explosions/Remote violence,50.6124,37.2397
66043,Russia,Explosions/Remote violence,50.6124,37.2397
66044,Russia,Explosions/Remote violence,50.6124,37.2397
66045,Russia,Explosions/Remote violence,50.6124,37.2397
66046,Russia,Explosions/Remote violence,50.6124,37.2397
66047,Russia,Explosions/Remote violence,50.6124,37.2397
66048,Russia,Explosions/Remote violence,50.6124,37.2397
66049,Russia,Explosions/Remote violence,50.6124,37.2397
66050,Russia,Explosions/Remote violence,50.6124,37.2397
66051,Russia,Explosions/Remote violence,50.6124,37.2397
66052,Russia,Explosions/Remote violence,50.6124,37.2397
66053,Russia,Explosions/Remote violence,50.6124,37.2397
66054,Russia,Explosions/Remote violence,50.6124,37.2397
66055,Russia,Explosions/Remote violence,50.6124,37.2397
66056,Russia,Explosions/Remote violence,50.6124,37.2397
66057,Russia,Explosions/Remote violence,50.6124,37.2397
66058,Russia,Explosions/Remote violence,50.6124,37.2397
66059,Russia,Explosions/Remote violence,50.6124,37.2397
66060,Russia,Explosions/Remote violence,50.6124,37.2397
66061,Russia,Explosions/Remote violence,50.6124,37.2397
66062,Russia,Explosions/Remote violence,50.6124,37.2397
66063,Russia,Explosions/Remote violence,50.6124,37.2397
66064,Russia,Explosions/Remote violence,50.6124,37.2397
66065,Russia,Explosions/Remote violence,50.6124,37.2397
66066,Russia,Explosions/Remote violence,50.6124,37.2397
66067,Russia,Explosions/Remote violence,50.6124,37.2397
66068,Russia,Explosions/Remote violence,50.6124,37.2397
66069,Russia,Explosions/Remote violence,50.6124,37.2397
66070,Russia,Explosions/Remote violence,50.6124,37.2397
66071,Russia,Explosions/Remote violence,50.6124,37.2397
66072,Russia,Explosions/Remote violence,50.6124,37.2397
66073,Russia,Explosions/Remote violence,50.6124,37.2397
66074,Russia,Explosions/Remote violence,50.6124,37.2397
66075,Russia,Explosions/Remote violence,50.6124,37.2397
66076,Russia,Explosions/Remote violence,50.6124,37.2397
66077,Russia,Explosions/Remote violence,50.6124,37.2397
66078,Russia,Explosions/Remote violence,50.6124,37.2397
66079,Russia,Explosions/Remote violence,50.6124,37.2397
66080,Russia,Explosions/Remote violence,50.6124,37.2397
66081,Russia,Explosions/Remote violence,50.6124,37.2397
66082,Russia,Explosions/Remote violence,50.6124,37.2397
66083,Russia,Explosions/Remote violence,50.6124,37.2397
66084,Russia,Explosions/Remote violence,50.6124,37.2397
66085,Russia,Explosions/Remote violence,50.6124,37.2397
66086,Russia,Explosions/Remote violence,50.6124,37.2397
66087,Russia,Explosions/Remote violence,50.6124,37.2397
66088,Russia,Explosions/Remote violence,50.6124,37.2397
66089,Russia,Explosions/Remote violence,50.6124,37.2397
66090,Russia,Explosions/Remote violence,50.6124,37.2397
66091,Russia,Explosions/Remote violence,50.6124,37.2397
66092,Russia,Explosions/Remote violence,50.6124,37.2397
66093,Russia,Explosions/Remote violence,50.6124,37.2397
66094,Russia,Explosions/Remote violence,50.6124,37.2397
66095,Russia,Explosions/Remote violence,50.6124,37.2397
66096,Russia,Explosions/Remote violence,50.6124,37.2397
66097,Russia,Explosions/Remote violence,50.6124,37.2397
66098,Russia,Explosions/Remote violence,50.6124,37.2397
66099,Russia,Explosions/Remote violence,50.6124,37.2397
66100,Russia,Explosions/Remote violence,50.6124,37.2397
66101,Russia,Explosions/Remote violence,50.6124,37.2397
66143,Russia,Riots,50.6124,37.2397
66327,Russia,Violence against civilians,50.6124,37.2397
66328,Russia,Violence against civilians,50.6124,37.2397
66329,Russia,Violence against civilians,50.6124,37.2397
66330,Russia,Violence against civilians,50.6124,37.2397
66331,Russia,Violence against civilians,50.6124,37.2397
66332,Russia,Violence against civilians,50.6124,37.2397
66333,Russia,Violence against civilians,50.6124,37.2397
66334,Russia,Violence against civilians,50.6124,37.2397
66335,Russia,Violence against civilians,50.6124,37.2397
66336,Russia,Violence against civilians,50.6124,37.2397
66337,Russia,Violence against civilians,50.6124,37.2397
66338,Russia,Violence against civilians,50.6124,37.2397
66339,Russia,Violence against civilians,50.6124,37.2397
66340,Russia,Violence against civilians,50.6124,37.2397
66341,Russia,Violence against civilians,50.6124,37.2397
66342,Russia,Violence against civilians,50.6124,37.2397
66343,Russia,Violence against civilians,50.6124,37.2397
66344,Russia,Violence against civilians,50.6124,37.2397
66345,Russia,Violence against civilians,50.6124,37.2397
66346,Russia,Violence against civilians,50.6124,37.2397
66347,Russia,Violence against civilians,50.6124,37.2397
66361,Russia,Explosions/Remote violence,52.939,33.1688
66362,Russia,Explosions/Remote violence,52.939,33.1688
66363,Russia,Explosions/Remote violence,52.939,33.1688
66364,Russia,Explosions/Remote violence,52.939,33.1688
66365,Russia,Explosions/Remote violence,52.939,33.1688
66366,Russia,Explosions/Remote violence,52.939,33.1688
66367,Russia,Explosions/Remote violence,52.939,33.1688
66368,Russia,Explosions/Remote violence,52.939,33.1688
66369,Russia,Explosions/Remote violence,52.939,33.1688
66370,Russia,Explosions/Remote violence,52.939,33.1688
66371,Russia,Explosions/Remote violence,52.939,33.1688
66372,Russia,Explosions/Remote violence,52.939,33.1688
66373,Russia,Explosions/Remote violence,52.939,33.1688
66374,Russia,Explosions/Remote violence,52.939,33.1688
66375,Russia,Explosions/Remote violence,52.939,33.1688
66376,Russia,Explosions/Remote violence,52.939,33.1688
66377,Russia,Explosions/Remote violence,52.939,33.1688
66378,Russia,Explosions/Remote violence,52.939,33.1688
66379,Russia,Explosions/Remote violence,52.939,33.1688
66380,Russia,Explosions/Remote violence,52.939,33.1688
66381,Russia,Explosions/Remote violence,52.939,33.1688
66382,Russia,Explosions/Remote violence,52.939,33.1688
66383,Russia,Explosions/Remote violence,52.939,33.1688
66384,Russia,Explosions/Remote violence,52.939,33.1688
66385,Russia,Explosions/Remote violence,52.939,33.1688
66386,Russia,Explosions/Remote violence,52.939,33.1688
66387,Russia,Explosions/Remote violence,52.939,33.1688
66388,Russia,Explosions/Remote violence,52.939,33.1688
66389,Russia,Explosions/Remote violence,52.939,33.1688
66390,Russia,Explosions/Remote violence,52.939,33.1688
66391,Russia,Explosions/Remote violence,52.939,33.1688
66392,Russia,Explosions/Remote violence,52.939,33.1688
66393,Russia,Explosions/Remote violence,52.939,33.1688
66394,Russia,Explosions/Remote violence,52.939,33.1688
66395,Russia,Explosions/Remote violence,52.939,33.1688
66396,Russia,Explosions/Remote violence,52.939,33.1688
66397,Russia,Explosions/Remote violence,52.939,33.1688
66398,Russia,Explosions/Remote violence,52.939,33.1688
66399,Russia,Explosions/Remote violence,52.939,33.1688
66400,Russia,Explosions/Remote violence,52.939,33.1688
66401,Russia,Explosions/Remote violence,52.939,33.1688
66402,Russia,Explosions/Remote violence,52.939,33.1688
66403,Russia,Explosions/Remote violence,52.939,33.1688
66404,Russia,Explosions/Remote violence,52.939,33.1688
66405,Russia,Explosions/Remote violence,52.939,33.1688
66406,Russia,Explosions/Remote violence,52.939,33.1688
66407,Russia,Explosions/Remote violence,52.939,33.1688
66408,Russia,Explosions/Remote violence,52.939,33.1688
66409,Russia,Explosions/Remote violence,52.939,33.1688
66410,Russia,Explosions/Remote violence,52.939,33.1688
66411,Russia,Explosions/Remote violence,52.939,33.1688
66412,Russia,Explosions/Remote violence,52.939,33.1688
66413,Russia,Explosions/Remote violence,52.939,33.1688
66414,Russia,Explosions/Remote violence,52.939,33.1688
66415,Russia,Explosions/Remote violence,52.939,33.1688
66416,Russia,Explosions/Remote violence,52.939,33.1688
66417,Russia,Explosions/Remote violence,52.939,33.1688
66418,Russia,Explosions/Remote violence,52.939,33.1688
66419,Russia,Explosions/Remote violence,52.939,33.1688
66420,Russia,Explosions/Remote violence,52.939,33.1688
66421,Russia,Explosions/Remote violence,52.939,33.1688
66422,Russia,Explosions/Remote violence,52.939,33.1688
66423,Russia,Explosions/Remote violence,52.939,33.1688
66424,Russia,Explosions/Remote violence,52.939,33.1688
66425,Russia,Explosions/Remote violence,52.939,33.1688
66426,Russia,Explosions/Remote violence,52.939,33.1688
66427,Russia,Explosions/Remote violence,52.939,33.1688
66428,Russia,Explosions/Remote violence,52.939,33.1688
66429,Russia,Explosions/Remote violence,52.939,33.1688
66430,Russia,Explosions/Remote violence,52.939,33.1688
66431,Russia,Explosions/Remote violence,52.939,33.1688
66432,Russia,Explosions/Remote violence,52.939,33.1688
66433,Russia,Explosions/Remote violence,52.939,33.1688
66434,Russia,Explosions/Remote violence,52.939,33.1688
66435,Russia,Explosions/Remote violence,52.939,33.1688
66436,Russia,Explosions/Remote violence,52.939,33.1688
66437,Russia,Explosions/Remote violence,52.939,33.1688
66438,Russia,Explosions/Remote violence,52.939,33.1688
66439,Russia,Explosions/Remote violence,52.939,33.1688
66440,Russia,Explosions/Remote violence,52.939,33.1688
66441,Russia,Explosions/Remote violence,52.939,33.1688
66442,Russia,Explosions/Remote violence,52.939,33.1688
66443,Russia,Explosions/Remote violence,52.939,33.1688
66444,Russia,Explosions/Remote violence,52.939,33.1688
66445,Russia,Explosions/Remote violence,52.939,33.1688
66446,Russia,Explosions/Remote violence,52.939,33.1688
66447,Russia,Explosions/Remote violence,52.939,33.1688
66448,Russia,Explosions/Remote violence,52.939,33.1688
66449,Russia,Explosions/Remote violence,52.939,33.1688
66450,Russia,Explosions/Remote violence,52.939,33.1688
66451,Russia,Explosions/Remote violence,52.939,33.1688
66452,Russia,Explosions/Remote violence,52.939,33.1688
66453,Russia,Explosions/Remote violence,52.939,33.1688
66454,Russia,Explosions/Remote violence,52.939,33.1688
66455,Russia,Explosions/Remote violence,52.939,33.1688
66456,Russia,Explosions/Remote violence,52.939,33.1688
66457,Russia,Explosions/Remote violence,52.939,33.1688
66458,Russia,Explosions/Remote violence,52.939,33.1688
66459,Russia,Explosions/Remote violence,52.939,33.1688
66460,Russia,Explosions/Remote violence,52.939,33.1688
66461,Russia,Explosions/Remote violence,52.939,33.1688
66462,Russia,Explosions/Remote violence,52.939,33.1688
66463,Russia,Explosions/Remote violence,52.939,33.1688
66464,Russia,Explosions/Remote violence,52.939,33.1688
66465,Russia,Explosions/Remote violence,52.939,33.1688
66466,Russia,Explosions/Remote violence,52.939,33.1688
66467,Russia,Explosions/Remote violence,52.939,33.1688
66468,Russia,Explosions/Remote violence,52.939,33.1688
66469,Russia,Explosions/Remote violence,52.939,33.1688
66470,Russia,Explosions/Remote violence,52.939,33.1688
66471,Russia,Explosions/Remote violence,52.939,33.1688
66472,Russia,Explosions/Remote violence,52.939,33.1688
66473,Russia,Explosions/Remote violence,52.939,33.1688
66474,Russia,Explosions/Remote violence,52.939,33.1688
66475,Russia,Explosions/Remote violence,52.939,33.1688
66476,Russia,Explosions/Remote violence,52.939,33.1688
66477,Russia,Explosions/Remote violence,52.939,33.1688
66478,Russia,Explosions/Remote violence,52.939,33.1688
66479,Russia,Explosions/Remote violence,52.939,33.1688
66480,Russia,Explosions/Remote violence,52.939,33.1688
66481,Russia,Explosions/Remote violence,52.939,33.1688
66482,Russia,Explosions/Remote violence,52.939,33.1688
66483,Russia,Explosions/Remote violence,52.939,33.1688
66484,Russia,Explosions/Remote violence,52.939,33.1688
66485,Russia,Explosions/Remote violence,52.939,33.1688
66486,Russia,Explosions/Remote violence,52.939,33.1688
66487,Russia,Explosions/Remote violence,52.939,33.1688
66488,Russia,Explosions/Remote violence,52.939,33.1688
66489,Russia,Explosions/Remote violence,52.939,33.1688
66490,Russia,Explosions/Remote violence,52.939,33.1688
66491,Russia,Explosions/Remote violence,52.939,33.1688
66492,Russia,Explosions/Remote violence,52.939,33.1688
66493,Russia,Explosions/Remote violence,52.939,33.1688
66494,Russia,Explosions/Remote violence,52.939,33.1688
66495,Russia,Explosions/Remote violence,52.939,33.1688
66496,Russia,Explosions/Remote violence,52.939,33.1688
66497,Russia,Explosions/Remote violence,52.939,33.1688
66498,Russia,Explosions/Remote violence,52.939,33.1688
66499,Russia,Explosions/Remote violence,52.939,33.1688
66500,Russia,Explosions/Remote violence,52.939,33.1688
66501,Russia,Explosions/Remote violence,52.939,33.1688
66502,Russia,Explosions/Remote violence,52.939,33.1688
66503,Russia,Explosions/Remote violence,52.939,33.1688
66504,Russia,Explosions/Remote violence,52.939,33.1688
66505,Russia,Explosions/Remote violence,52.939,33.1688
66506,Russia,Explosions/Remote violence,52.939,33.1688
66507,Russia,Explosions/Remote violence,52.939,33.1688
66508,Russia,Explosions/Remote violence,52.939,33.1688
66509,Russia,Explosions/Remote violence,52.939,33.1688
66510,Russia,Explosions/Remote violence,52.939,33.1688
66511,Russia,Explosions/Remote violence,52.939,33.1688
66512,Russia,Explosions/Remote violence,52.939,33.1688
66513,Russia,Explosions/Remote violence,52.939,33.1688
66514,Russia,Explosions/Remote violence,52.939,33.1688
66515,Russia,Explosions/Remote violence,52.939,33.1688
66516,Russia,Explosions/Remote violence,52.939,33.1688
66517,Russia,Explosions/Remote violence,52.939,33.1688
66518,Russia,Explosions/Remote violence,52.939,33.1688
66519,Russia,Explosions/Remote violence,52.939,33.1688
66520,Russia,Explosions/Remote violence,52.939,33.1688
66521,Russia,Explosions/Remote violence,52.939,33.1688
66522,Russia,Explosions/Remote violence,52.939,33.1688
66523,Russia,Explosions/Remote violence,52.939,33.1688
66524,Russia,Explosions/Remote violence,52.939,33.1688
66525,Russia,Explosions/Remote violence,52.939,33.1688
66526,Russia,Explosions/Remote violence,52.939,33.1688
66527,Russia,Explosions/Remote violence,52.939,33.1688
66528,Russia,Explosions/Remote violence,52.939,33.1688
66529,Russia,Explosions/Remote violence,52.939,33.1688
66530,Russia,Explosions/Remote violence,52.939,33.1688
66531,Russia,Explosions/Remote violence,52.939,33.1688
66532,Russia,Explosions/Remote violence,52.939,33.1688
66533,Russia,Explosions/Remote violence,52.939,33.1688
66534,Russia,Explosions/Remote violence,52.939,33.1688
66691,Russia,Violence against civilians,52.939,33.1688
66692,Russia,Violence against civilians,52.939,33.1688
66693,Russia,Violence against civilians,52.939,33.1688
66694,Russia,Violence against civilians,52.939,33.1688
66695,Russia,Violence against civilians,52.939,33.1688
66696,Russia,Violence against civilians,52.939,33.1688
66697,Russia,Violence against civilians,52.939,33.1688
66698,Russia,Violence against civilians,52.939,33.1688
66699,Russia,Violence against civilians,52.939,33.1688
66700,Russia,Violence against civilians,52.939,33.1688
66826,Russia,Riots,54.1781,61.4301
66827,Russia,Riots,54.1781,61.4301
66828,Russia,Riots,54.1781,61.4301
66829,Russia,Riots,54.1781,61.4301
66830,Russia,Riots,54.1781,61.4301
66856,Russia,Violence against civilians,54.1781,61.4301
66857,Russia,Violence against civilians,54.1781,61.4301
66858,Russia,Violence against civilians,54.1781,61.4301
66859,Russia,Violence against civilians,54.1781,61.4301
66860,Russia,Violence against civilians,54.1781,61.4301
66861,Russia,Violence against civilians,54.1781,61.4301
66862,Russia,Violence against civilians,54.1781,61.4301
66863,Russia,Violence against civilians,54.1781,61.4301
66864,Russia,Violence against civilians,54.1781,61.4301
66865,Russia,Violence against civilians,54.1781,61.4301
66866,Russia,Violence against civilians,54.1781,61.4301
66867,Russia,Violence against civilians,54.1781,61.4301
66868,Russia,Violence against civilians,54.1781,61.4301
66869,Russia,Violence against civilians,54.1781,61.4301
66870,Russia,Violence against civilians,54.1781,61.4301
66871,Russia,Violence against civilians,54.1781,61.4301
66872,Russia,Violence against civilians,54.1781,61.4301
66873,Russia,Violence against civilians,54.1781,61.4301
66874,Russia,Violence against civilians,54.1781,61.4301
66875,Russia,Violence against civilians,54.1781,61.4301
66876,Russia,Violence against civilians,54.1781,61.4301
66883,Russia,Explosions/Remote violence,57.7256,109.0151
67002,Russia,Riots,57.7256,109.0151
67014,Russia,Violence against civilians,57.7256,109.0151
67015,Russia,Violence against civilians,57.7256,109.0151
67016,Russia,Violence against civilians,57.7256,109.0151
67017,Russia,Violence against civilians,57.7256,109.0151
67018,Russia,Violence against civilians,57.7256,109.0151
67019,Russia,Violence against civilians,57.7256,109.0151
67020,Russia,Violence against civilians,57.7256,109.0151
67021,Russia,Violence against civilians,57.7256,109.0151
67022,Russia,Violence against civilians,57.7256,109.0151
67023,Russia,Violence against civilians,57.7256,109.0151
67024,Russia,Violence against civilians,57.7256,109.0151
67025,Russia,Violence against civilians,57.7256,109.0151
67026,Russia,Violence against civilians,57.7256,109.0151
67027,Russia,Violence against civilians,57.7256,109.0151
67028,Russia,Violence against civilians,57.7256,109.0151
67029,Russia,Violence against civilians,57.7256,109.0151
67030,Russia,Violence against civilians,57.7256,109.0151
67031,Russia,Violence against civilians,57.7256,109.0151
67032,Russia,Violence against civilians,57.7256,109.0151
67033,Russia,Violence against civilians,57.7256,109.0151
67034,Russia,Violence against civilians,57.7256,109.0151
67035,Russia,Violence against civilians,57.7256,109.0151
67036,Russia,Explosions/Remote violence,57.0453,41.378
67037,Russia,Explosions/Remote violence,57.0453,41.378
67038,Russia,Explosions/Remote violence,57.0453,41.378
67039,Russia,Explosions/Remote violence,57.0453,41.378
67106,Russia,Violence against civilians,57.0453,41.378
67107,Russia,Violence against civilians,57.0453,41.378
67108,Russia,Violence against civilians,57.0453,41.378
67109,Russia,Violence against civilians,57.0453,41.378
67135,Russia,Explosions/Remote violence,54.8058,21.417
67136,Russia,Explosions/Remote violence,54.8058,21.417
67236,Russia,Violence against civilians,54.8058,21.417
67237,Russia,Violence against civilians,54.8058,21.417
67238,Russia,Violence against civilians,54.8058,21.417
67239,Russia,Violence against civilians,54.8058,21.417
67240,Russia,Violence against civilians,54.8058,21.417
67241,Russia,Violence against civilians,54.8058,21.417
67242,Russia,Violence against civilians,54.8058,21.417
67245,Russia,Explosions/Remote violence,54.3141,35.3241
67246,Russia,Explosions/Remote violence,54.3141,35.3241
67247,Russia,Explosions/Remote violence,54.3141,35.3241
67248,Russia,Explosions/Remote violence,54.3141,35.3241
67249,Russia,Explosions/Remote violence,54.3141,35.3241
67250,Russia,Explosions/Remote violence,54.3141,35.3241
67251,Russia,Explosions/Remote violence,54.3141,35.3241
67252,Russia,Explosions/Remote violence,54.3141,35.3241
67253,Russia,Explosions/Remote violence,54.3141,35.3241
67254,Russia,Explosions/Remote violence,54.3141,35.3241
67255,Russia,Explosions/Remote violence,54.3141,35.3241
67256,Russia,Explosions/Remote violence,54.3141,35.3241
67257,Russia,Explosions/Remote violence,54.3141,35.3241
67258,Russia,Explosions/Remote violence,54.3141,35.3241
67259,Russia,Explosions/Remote violence,54.3141,35.3241
67260,Russia,Explosions/Remote violence,54.3141,35.3241
67261,Russia,Explosions/Remote violence,54.3141,35.3241
67262,Russia,Explosions/Remote violence,54.3141,35.3241
67263,Russia,Explosions/Remote violence,54.3141,35.3241
67264,Russia,Explosions/Remote violence,54.3141,35.3241
67265,Russia,Explosions/Remote violence,54.3141,35.3241
67266,Russia,Explosions/Remote violence,54.3141,35.3241
67267,Russia,Explosions/Remote violence,54.3141,35.3241
67268,Russia,Explosions/Remote violence,54.3141,35.3241
67269,Russia,Explosions/Remote violence,54.3141,35.3241
67270,Russia,Explosions/Remote violence,54.3141,35.3241
67271,Russia,Explosions/Remote violence,54.3141,35.3241
67397,Russia,Violence against civilians,54.3141,35.3241
67398,Russia,Violence against civilians,54.3141,35.3241
67399,Russia,Violence against civilians,54.3141,35.3241
67400,Russia,Violence against civilians,54.3141,35.3241
67401,Russia,Violence against civilians,54.3141,35.3241
67402,Russia,Violence against civilians,54.3141,35.3241
67403,Russia,Violence against civilians,54.3141,35.3241
67429,Russia,Violence against civilians,57.9014,159.8265
67475,Russia,Riots,54.4979,86.8115
67476,Russia,Riots,54.4979,86.8115
67486,Russia,Violence against civilians,54.4979,86.8115
67487,Russia,Violence against civilians,54.4979,86.8115
67488,Russia,Violence against civilians,54.4979,86.8115
67489,Russia,Violence against civilians,54.4979,86.8115
67490,Russia,Violence against civilians,54.4979,86.8115
67491,Russia,Violence against civilians,54.4979,86.8115
67492,Russia,Violence against civilians,54.4979,86.8115
67493,Russia,Violence against civilians,54.4979,86.8115
67494,Russia,Violence against civilians,54.4979,86.8115
67495,Russia,Violence against civilians,54.4979,86.8115
67496,Russia,Violence against civilians,54.4979,86.8115
67497,Russia,Violence against civilians,54.4979,86.8115
67498,Russia,Explosions/Remote violence,54.5833,133.4478
67645,Russia,Riots,54.5833,133.4478
67646,Russia,Riots,54.5833,133.4478
67659,Russia,Violence against civilians,54.5833,133.4478
67660,Russia,Violence against civilians,54.5833,133.4478
67661,Russia,Violence against civilians,54.5833,133.4478
67662,Russia,Violence against civilians,54.5833,133.4478
67663,Russia,Violence against civilians,54.5833,133.4478
67664,Russia,Violence against civilians,54.5833,133.4478
67665,Russia,Violence against civilians,54.5833,133.4478
67666,Russia,Violence against civilians,54.5833,133.4478
67667,Russia,Violence against civilians,54.5833,133.4478
67668,Russia,Violence against civilians,54.5833,133.4478
67669,Russia,Explosions/Remote violence,62.1496,71.9298
67670,Russia,Explosions/Remote violence,62.1496,71.9298
67710,Russia,Riots,62.1496,71.9298
67719,Russia,Violence against civilians,62.1496,71.9298
67720,Russia,Violence against civilians,62.1496,71.9298
67721,Russia,Violence against civilians,62.1496,71.9298
67722,Russia,Violence against civilians,62.1496,71.9298
67723,Russia,Violence against civilians,62.1496,71.9298
67724,Russia,Violence against civilians,62.1496,71.9298
67725,Russia,Violence against civilians,62.1496,71.9298
67726,Russia,Violence against civilians,62.1496,71.9298
67727,Russia,Explosions/Remote violence,58.5638,50.1832
67850,Russia,Violence against civilians,58.5638,50.1832
67851,Russia,Violence against civilians,58.5638,50.1832
67852,Russia,Violence against civilians,58.5638,50.1832
67853,Russia,Violence against civilians,58.5638,50.1832
67854,Russia,Violence against civilians,58.5638,50.1832
67855,Russia,Violence against civilians,58.5638,50.1832
67856,Russia,Explosions/Remote violence,58.4462,43.8231
67902,Russia,Riots,58.4462,43.8231
67906,Russia,Violence against civilians,58.4462,43.8231
67907,Russia,Violence against civilians,58.4462,43.8231
67909,Russia,Explosions/Remote violence,45.1326,38.0694
67910,Russia,Explosions/Remote violence,45.1326,38.0694
67911,Russia,Explosions/Remote violence,45.1326,38.0694
67912,Russia,Explosions/Remote violence,45.1326,38.0694
67913,Russia,Explosions/Remote violence,45.1326,38.0694
67914,Russia,Explosions/Remote violence,45.1326,38.0694
67915,Russia,Explosions/Remote violence,45.1326,38.0694
67916,Russia,Explosions/Remote violence,45.1326,38.0694
67917,Russia,Explosions/Remote violence,45.1326,38.0694
67918,Russia,Explosions/Remote violence,45.1326,38.0694
67919,Russia,Explosions/Remote violence,45.1326,38.0694
67920,Russia,Explosions/Remote violence,45.1326,38.0694
67921,Russia,Explosions/Remote violence,45.1326,38.0694
67922,Russia,Explosions/Remote violence,45.1326,38.0694
67923,Russia,Explosions/Remote violence,45.1326,38.0694
67924,Russia,Explosions/Remote violence,45.1326,38.0694
67925,Russia,Explosions/Remote violence,45.1326,38.0694
67926,Russia,Explosions/Remote violence,45.1326,38.0694
67927,Russia,Explosions/Remote violence,45.1326,38.0694
67928,Russia,Explosions/Remote violence,45.1326,38.0694
67929,Russia,Explosions/Remote violence,45.1326,38.0694
67930,Russia,Explosions/Remote violence,45.1326,38.0694
67931,Russia,Explosions/Remote violence,45.1326,38.0694
67932,Russia,Explosions/Remote violence,45.1326,38.0694
67933,Russia,Explosions/Remote violence,45.1326,38.0694
67934,Russia,Explosions/Remote violence,45.1326,38.0694
67935,Russia,Explosions/Remote violence,45.1326,38.0694
67936,Russia,Explosions/Remote violence,45.1326,38.0694
67937,Russia,Explosions/Remote violence,45.1326,38.0694
67938,Russia,Explosions/Remote violence,45.1326,38.0694
67939,Russia,Explosions/Remote violence,45.1326,38.0694
67940,Russia,Explosions/Remote violence,45.1326,38.0694
67941,Russia,Explosions/Remote violence,45.1326,38.0694
67942,Russia,Explosions/Remote violence,45.1326,38.0694
67943,Russia,Explosions/Remote violence,45.1326,38.0694
67944,Russia,Explosions/Remote violence,45.1326,38.0694
67945,Russia,Explosions/Remote violence,45.1326,38.0694
67946,Russia,Explosions/Remote violence,45.1326,38.0694
67947,Russia,Explosions/Remote violence,45.1326,38.0694
67948,Russia,Explosions/Remote violence,45.1326,38.0694
67949,Russia,Explosions/Remote violence,45.1326,38.0694
67950,Russia,Explosions/Remote violence,45.1326,38.0694
67951,Russia,Explosions/Remote violence,45.1326,38.0694
67952,Russia,Explosions/Remote violence,45.1326,38.0694
67953,Russia,Explosions/Remote violence,45.1326,38.0694
67954,Russia,Explosions/Remote violence,45.1326,38.0694
67955,Russia,Explosions/Remote violence,45.1326,38.0694
67956,Russia,Explosions/Remote violence,45.1326,38.0694
67957,Russia,Explosions/Remote violence,45.1326,38.0694
67958,Russia,Explosions/Remote violence,45.1326,38.0694
67959,Russia,Explosions/Remote violence,45.1326,38.0694
67960,Russia,Explosions/Remote violence,45.1326,38.0694
67961,Russia,Explosions/Remote violence,45.1326,38.0694
67962,Russia,Explosions/Remote violence,45.1326,38.0694
67963,Russia,Explosions/Remote violence,45.1326,38.0694
67964,Russia,Explosions/Remote violence,45.1326,38.0694
67965,Russia,Explosions/Remote violence,45.1326,38.0694
67966,Russia,Explosions/Remote violence,45.1326,38.0694
67967,Russia,Explosions/Remote violence,45.1326,38.0694
67968,Russia,Explosions/Remote violence,45.1326,38.0694
67969,Russia,Explosions/Remote violence,45.1326,38.0694
67970,Russia,Explosions/Remote violence,45.1326,38.0694
67971,Russia,Explosions/Remote violence,45.1326,38.0694
67972,Russia,Explosions/Remote violence,45.1326,38.0694
67973,Russia,Explosions/Remote violence,45.1326,38.0694
67974,Russia,Explosions/Remote violence,45.1326,38.0694
67975,Russia,Explosions/Remote violence,45.1326,38.0694
68159,Russia,Riots,45.1326,38.0694
68160,Russia,Riots,45.1326,38.0694
68161,Russia,Riots,45.1326,38.0694
68162,Russia,Riots,45.1326,38.0694
68275,Russia,Violence against civilians,45.1326,38.0694
68276,Russia,Violence against civilians,45.1326,38.0694
68277,Russia,Violence against civilians,45.1326,38.0694
68278,Russia,Violence against civilians,45.1326,38.0694
68279,Russia,Violence against civilians,45.1326,38.0694
68280,Russia,Violence against civilians,45.1326,38.0694
68281,Russia,Violence against civilians,45.1326,38.0694
68282,Russia,Violence against civilians,45.1326,38.0694
68283,Russia,Violence against civilians,45.1326,38.0694
68284,Russia,Violence against civilians,45.1326,38.0694
68285,Russia,Violence against civilians,45.1326,38.0694
68286,Russia,Violence against civilians,45.1326,38.0694
68287,Russia,Violence against civilians,45.1326,38.0694
68288,Russia,Violence against civilians,45.1326,38.0694
68289,Russia,Violence against civilians,45.1326,38.0694
68290,Russia,Violence against civilians,45.1326,38.0694
68291,Russia,Violence against civilians,45.1326,38.0694
68292,Russia,Violence against civilians,45.1326,38.0694
68293,Russia,Violence against civilians,45.1326,38.0694
68294,Russia,Violence against civilians,45.1326,38.0694
68295,Russia,Violence against civilians,45.1326,38.0694
68296,Russia,Violence against civilians,45.1326,38.0694
68297,Russia,Violence against civilians,45.1326,38.0694
68298,Russia,Violence against civilians,45.1326,38.0694
68299,Russia,Violence against civilians,45.1326,38.0694
68300,Russia,Violence against civilians,45.1326,38.0694
68301,Russia,Violence against civilians,45.1326,38.0694
68302,Russia,Violence against civilians,45.1326,38.0694
68303,Russia,Violence against civilians,45.1326,38.0694
68304,Russia,Violence against civilians,45.1326,38.0694
68305,Russia,Violence against civilians,45.1326,38.0694
68306,Russia,Violence against civilians,45.1326,38.0694
68307,Russia,Violence against civilians,45.1326,38.0694
68308,Russia,Violence against civilians,45.1326,38.0694
68309,Russia,Violence against civilians,45.1326,38.0694
68310,Russia,Violence against civilians,45.1326,38.0694
68311,Russia,Violence against civilians,45.1326,38.0694
68312,Russia,Violence against civilians,45.1326,38.0694
68313,Russia,Violence against civilians,45.1326,38.0694
68314,Russia,Violence against civilians,45.1326,38.0694
68315,Russia,Violence against civilians,45.1326,38.0694
68316,Russia,Violence against civilians,45.1326,38.0694
68317,Russia,Violence against civilians,45.1326,38.0694
68318,Russia,Violence against civilians,45.1326,38.0694
68319,Russia,Violence against civilians,45.1326,38.0694
68320,Russia,Violence against civilians,45.1326,38.0694
68321,Russia,Violence against civilians,45.1326,38.0694
68322,Russia,Violence against civilians,45.1326,38.0694
68323,Russia,Violence against civilians,45.1326,38.0694
68324,Russia,Violence against civilians,45.1326,38.0694
68325,Russia,Violence against civilians,45.1326,38.0694
68326,Russia,Violence against civilians,45.1326,38.0694
68327,Russia,Violence against civilians,45.1326,38.0694
68328,Russia,Violence against civilians,45.1326,38.0694
68329,Russia,Violence against civilians,45.1326,38.0694
68330,Russia,Violence against civilians,45.1326,38.0694
68331,Russia,Violence against civilians,45.1326,38.0694
68332,Russia,Violence against civilians,45.1326,38.0694
68426,Russia,Riots,64.7479,95.8342
68448,Russia,Violence against civilians,64.7479,95.8342
68449,Russia,Violence against civilians,64.7479,95.8342
68450,Russia,Violence against civilians,64.7479,95.8342
68451,Russia,Violence against civilians,64.7479,95.8342
68452,Russia,Violence against civilians,64.7479,95.8342
68453,Russia,Violence against civilians,64.7479,95.8342
68454,Russia,Violence against civilians,64.7479,95.8342
68455,Russia,Violence against civilians,64.7479,95.8342
68456,Russia,Violence against civilians,64.7479,95.8342
68457,Russia,Violence against civilians,64.7479,95.8342
68458,Russia,Violence against civilians,64.7479,95.8342
68459,Russia,Violence against civilians,64.7479,95.8342
68460,Russia,Violence against civilians,64.7479,95.8342
68461,Russia,Violence against civilians,64.7479,95.8342
68462,Russia,Violence against civilians,64.7479,95.8342
68463,Russia,Violence against civilians,64.7479,95.8342
68464,Russia,Violence against civilians,64.7479,95.8342
68465,Russia,Violence against civilians,64.7479,95.8342
68466,Russia,Violence against civilians,64.7479,95.8342
68467,Russia,Violence against civilians,64.7479,95.8342
68468,Russia,Violence against civilians,64.7479,95.8342
68469,Russia,Violence against civilians,64.7479,95.8342
68470,Russia,Violence against civilians,64.7479,95.8342
68471,Russia,Violence against civilians,64.7479,95.8342
68472,Russia,Violence against civilians,64.7479,95.8342
68473,Russia,Violence against civilians,64.7479,95.8342
68474,Russia,Violence against civilians,64.7479,95.8342
68475,Russia,Violence against civilians,64.7479,95.8342
68515,Russia,Violence against civilians,55.5171,65.4591
68622,Russia,Explosions/Remote violence,51.6735,36.1629
68623,Russia,Explosions/Remote violence,51.6735,36.1629
68624,Russia,Explosions/Remote violence,51.6735,36.1629
68625,Russia,Explosions/Remote violence,51.6735,36.1629
68626,Russia,Explosions/Remote violence,51.6735,36.1629
68627,Russia,Explosions/Remote violence,51.6735,36.1629
68628,Russia,Explosions/Remote violence,51.6735,36.1629
68629,Russia,Explosions/Remote violence,51.6735,36.1629
68630,Russia,Explosions/Remote violence,51.6735,36.1629
68631,Russia,Explosions/Remote violence,51.6735,36.1629
68632,Russia,Explosions/Remote violence,51.6735,36.1629
68633,Russia,Explosions/Remote violence,51.6735,36.1629
68634,Russia,Explosions/Remote violence,51.6735,36.1629
68635,Russia,Explosions/Remote violence,51.6735,36.1629
68636,Russia,Explosions/Remote violence,51.6735,36.1629
68637,Russia,Explosions/Remote violence,51.6735,36.1629
68638,Russia,Explosions/Remote violence,51.6735,36.1629
68639,Russia,Explosions/Remote violence,51.6735,36.1629
68640,Russia,Explosions/Remote violence,51.6735,36.1629
68641,Russia,Explosions/Remote violence,51.6735,36.1629
68642,Russia,Explosions/Remote violence,51.6735,36.1629
68643,Russia,Explosions/Remote violence,51.6735,36.1629
68644,Russia,Explosions/Remote violence,51.6735,36.1629
68645,Russia,Explosions/Remote violence,51.6735,36.1629
68646,Russia,Explosions/Remote violence,51.6735,36.1629
68647,Russia,Explosions/Remote violence,51.6735,36.1629
68648,Russia,Explosions/Remote violence,51.6735,36.1629
68649,Russia,Explosions/Remote violence,51.6735,36.1629
68650,Russia,Explosions/Remote violence,51.6735,36.1629
68651,Russia,Explosions/Remote violence,51.6735,36.1629
68652,Russia,Explosions/Remote violence,51.6735,36.1629
68653,Russia,Explosions/Remote violence,51.6735,36.1629
68654,Russia,Explosions/Remote violence,51.6735,36.1629
68655,Russia,Explosions/Remote violence,51.6735,36.1629
68656,Russia,Explosions/Remote violence,51.6735,36.1629
68657,Russia,Explosions/Remote violence,51.6735,36.1629
68658,Russia,Explosions/Remote violence,51.6735,36.1629
68659,Russia,Explosions/Remote violence,51.6735,36.1629
68660,Russia,Explosions/Remote violence,51.6735,36.1629
68661,Russia,Explosions/Remote violence,51.6735,36.1629
68662,Russia,Explosions/Remote violence,51.6735,36.1629
68663,Russia,Explosions/Remote violence,51.6735,36.1629
68664,Russia,Explosions/Remote violence,51.6735,36.1629
68665,Russia,Explosions/Remote violence,51.6735,36.1629
68666,Russia,Explosions/Remote violence,51.6735,36.1629
68667,Russia,Explosions/Remote violence,51.6735,36.1629
68668,Russia,Explosions/Remote violence,51.6735,36.1629
68669,Russia,Explosions/Remote violence,51.6735,36.1629
68670,Russia,Explosions/Remote violence,51.6735,36.1629
68671,Russia,Explosions/Remote violence,51.6735,36.1629
68672,Russia,Explosions/Remote violence,51.6735,36.1629
68673,Russia,Explosions/Remote violence,51.6735,36.1629
68674,Russia,Explosions/Remote violence,51.6735,36.1629
68675,Russia,Explosions/Remote violence,51.6735,36.1629
68676,Russia,Explosions/Remote violence,51.6735,36.1629
68677,Russia,Explosions/Remote violence,51.6735,36.1629
68678,Russia,Explosions/Remote violence,51.6735,36.1629
68679,Russia,Explosions/Remote violence,51.6735,36.1629
68680,Russia,Explosions/Remote violence,51.6735,36.1629
68681,Russia,Explosions/Remote violence,51.6735,36.1629
68682,Russia,Explosions/Remote violence,51.6735,36.1629
68683,Russia,Explosions/Remote violence,51.6735,36.1629
68684,Russia,Explosions/Remote violence,51.6735,36.1629
68685,Russia,Explosions/Remote violence,51.6735,36.1629
68686,Russia,Explosions/Remote violence,51.6735,36.1629
68687,Russia,Explosions/Remote violence,51.6735,36.1629
68688,Russia,Explosions/Remote violence,51.6735,36.1629
68689,Russia,Explosions/Remote violence,51.6735,36.1629
68690,Russia,Explosions/Remote violence,51.6735,36.1629
68691,Russia,Explosions/Remote violence,51.6735,36.1629
68692,Russia,Explosions/Remote violence,51.6735,36.1629
68693,Russia,Explosions/Remote violence,51.6735,36.1629
68694,Russia,Explosions/Remote violence,51.6735,36.1629
68695,Russia,Explosions/Remote violence,51.6735,36.1629
68696,Russia,Explosions/Remote violence,51.6735,36.1629
68697,Russia,Explosions/Remote violence,51.6735,36.1629
68698,Russia,Explosions/Remote violence,51.6735,36.1629
68699,Russia,Explosions/Remote violence,51.6735,36.1629
68700,Russia,Explosions/Remote violence,51.6735,36.1629
68701,Russia,Explosions/Remote violence,51.6735,36.1629
68702,Russia,Explosions/Remote violence,51.6735,36.1629
68703,Russia,Explosions/Remote violence,51.6735,36.1629
68704,Russia,Explosions/Remote violence,51.6735,36.1629
68705,Russia,Explosions/Remote violence,51.6735,36.1629
68706,Russia,Explosions/Remote violence,51.6735,36.1629
68707,Russia,Explosions/Remote violence,51.6735,36.1629
68708,Russia,Explosions/Remote violence,51.6735,36.1629
68709,Russia,Explosions/Remote violence,51.6735,36.1629
68710,Russia,Explosions/Remote violence,51.6735,36.1629
68711,Russia,Explosions/Remote violence,51.6735,36.1629
68712,Russia,Explosions/Remote violence,51.6735,36.1629
68713,Russia,Explosions/Remote violence,51.6735,36.1629
68714,Russia,Explosions/Remote violence,51.6735,36.1629
68715,Russia,Explosions/Remote violence,51.6735,36.1629
68716,Russia,Explosions/Remote violence,51.6735,36.1629
68717,Russia,Explosions/Remote violence,51.6735,36.1629
68718,Russia,Explosions/Remote violence,51.6735,36.1629
68719,Russia,Explosions/Remote violence,51.6735,36.1629
68720,Russia,Explosions/Remote violence,51.6735,36.1629
68721,Russia,Explosions/Remote violence,51.6735,36.1629
68722,Russia,Explosions/Remote violence,51.6735,36.1629
68723,Russia,Explosions/Remote violence,51.6735,36.1629
68724,Russia,Explosions/Remote violence,51.6735,36.1629
68725,Russia,Explosions/Remote violence,51.6735,36.1629
68726,Russia,Explosions/Remote violence,51.6735,36.1629
68727,Russia,Explosions/Remote violence,51.6735,36.1629
68728,Russia,Explosions/Remote violence,51.6735,36.1629
68729,Russia,Explosions/Remote violence,51.6735,36.1629
68730,Russia,Explosions/Remote violence,51.6735,36.1629
68731,Russia,Explosions/Remote violence,51.6735,36.1629
68732,Russia,Explosions/Remote violence,51.6735,36.1629
68733,Russia,Explosions/Remote violence,51.6735,36.1629
68734,Russia,Explosions/Remote violence,51.6735,36.1629
68735,Russia,Explosions/Remote violence,51.6735,36.1629
68736,Russia,Explosions/Remote violence,51.6735,36.1629
68737,Russia,Explosions/Remote violence,51.6735,36.1629
68738,Russia,Explosions/Remote violence,51.6735,36.1629
68739,Russia,Explosions/Remote violence,51.6735,36.1629
68740,Russia,Explosions/Remote violence,51.6735,36.1629
68741,Russia,Explosions/Remote violence,51.6735,36.1629
68742,Russia,Explosions/Remote violence,51.6735,36.1629
68743,Russia,Explosions/Remote violence,51.6735,36.1629
68744,Russia,Explosions/Remote violence,51.6735,36.1629
68745,Russia,Explosions/Remote violence,51.6735,36.1629
68746,Russia,Explosions/Remote violence,51.6735,36.1629
68747,Russia,Explosions/Remote violence,51.6735,36.1629
68748,Russia,Explosions/Remote violence,51.6735,36.1629
68749,Russia,Explosions/Remote violence,51.6735,36.1629
68750,Russia,Explosions/Remote violence,51.6735,36.1629
68751,Russia,Explosions/Remote violence,51.6735,36.1629
68752,Russia,Explosions/Remote violence,51.6735,36.1629
68753,Russia,Explosions/Remote violence,51.6735,36.1629
68754,Russia,Explosions/Remote violence,51.6735,36.1629
68755,Russia,Explosions/Remote violence,51.6735,36.1629
68756,Russia,Explosions/Remote violence,51.6735,36.1629
68757,Russia,Explosions/Remote violence,51.6735,36.1629
68758,Russia,Explosions/Remote violence,51.6735,36.1629
68759,Russia,Explosions/Remote violence,51.6735,36.1629
68760,Russia,Explosions/Remote violence,51.6735,36.1629
68761,Russia,Explosions/Remote violence,51.6735,36.1629
68762,Russia,Explosions/Remote violence,51.6735,36.1629
68763,Russia,Explosions/Remote violence,51.6735,36.1629
68764,Russia,Explosions/Remote violence,51.6735,36.1629
68765,Russia,Explosions/Remote violence,51.6735,36.1629
68766,Russia,Explosions/Remote violence,51.6735,36.1629
68767,Russia,Explosions/Remote violence,51.6735,36.1629
68768,Russia,Explosions/Remote violence,51.6735,36.1629
68769,Russia,Explosions/Remote violence,51.6735,36.1629
68770,Russia,Explosions/Remote violence,51.6735,36.1629
68771,Russia,Explosions/Remote violence,51.6735,36.1629
68772,Russia,Explosions/Remote violence,51.6735,36.1629
68773,Russia,Explosions/Remote violence,51.6735,36.1629
68774,Russia,Explosions/Remote violence,51.6735,36.1629
68775,Russia,Explosions/Remote violence,51.6735,36.1629
68776,Russia,Explosions/Remote violence,51.6735,36.1629
68777,Russia,Explosions/Remote violence,51.6735,36.1629
68778,Russia,Explosions/Remote violence,51.6735,36.1629
68779,Russia,Explosions/Remote violence,51.6735,36.1629
68780,Russia,Explosions/Remote violence,51.6735,36.1629
68781,Russia,Explosions/Remote violence,51.6735,36.1629
68782,Russia,Explosions/Remote violence,51.6735,36.1629
68783,Russia,Explosions/Remote violence,51.6735,36.1629
68784,Russia,Explosions/Remote violence,51.6735,36.1629
68785,Russia,Explosions/Remote violence,51.6735,36.1629
68786,Russia,Explosions/Remote violence,51.6735,36.1629
68787,Russia,Explosions/Remote violence,51.6735,36.1629
68788,Russia,Explosions/Remote violence,51.6735,36.1629
68789,Russia,Explosions/Remote violence,51.6735,36.1629
68790,Russia,Explosions/Remote violence,51.6735,36.1629
68791,Russia,Explosions/Remote violence,51.6735,36.1629
68792,Russia,Explosions/Remote violence,51.6735,36.1629
68793,Russia,Explosions/Remote violence,51.6735,36.1629
68794,Russia,Explosions/Remote violence,51.6735,36.1629
68795,Russia,Explosions/Remote violence,51.6735,36.1629
68796,Russia,Explosions/Remote violence,51.6735,36.1629
68797,Russia,Explosions/Remote violence,51.6735,36.1629
68798,Russia,Explosions/Remote violence,51.6735,36.1629
68799,Russia,Explosions/Remote violence,51.6735,36.1629
68800,Russia,Explosions/Remote violence,51.6735,36.1629
68801,Russia,Explosions/Remote violence,51.6735,36.1629
68802,Russia,Explosions/Remote violence,51.6735,36.1629
68803,Russia,Explosions/Remote violence,51.6735,36.1629
68804,Russia,Explosions/Remote violence,51.6735,36.1629
68805,Russia,Explosions/Remote violence,51.6735,36.1629
68806,Russia,Explosions/Remote violence,51.6735,36.1629
68807,Russia,Explosions/Remote violence,51.6735,36.1629
68808,Russia,Explosions/Remote violence,51.6735,36.1629
68809,Russia,Explosions/Remote violence,51.6735,36.1629
68810,Russia,Explosions/Remote violence,51.6735,36.1629
68811,Russia,Explosions/Remote violence,51.6735,36.1629
68812,Russia,Explosions/Remote violence,51.6735,36.1629
68813,Russia,Explosions/Remote violence,51.6735,36.1629
68814,Russia,Explosions/Remote violence,51.6735,36.1629
68815,Russia,Explosions/Remote violence,51.6735,36.1629
68816,Russia,Explosions/Remote violence,51.6735,36.1629
68817,Russia,Explosions/Remote violence,51.6735,36.1629
68818,Russia,Explosions/Remote violence,51.6735,36.1629
68819,Russia,Explosions/Remote violence,51.6735,36.1629
68820,Russia,Explosions/Remote violence,51.6735,36.1629
68821,Russia,Explosions/Remote violence,51.6735,36.1629
68822,Russia,Explosions/Remote violence,51.6735,36.1629
68823,Russia,Explosions/Remote violence,51.6735,36.1629
68824,Russia,Explosions/Remote violence,51.6735,36.1629
68825,Russia,Explosions/Remote violence,51.6735,36.1629
68826,Russia,Explosions/Remote violence,51.6735,36.1629
68827,Russia,Explosions/Remote violence,51.6735,36.1629
68828,Russia,Explosions/Remote violence,51.6735,36.1629
68829,Russia,Explosions/Remote violence,51.6735,36.1629
68830,Russia,Explosions/Remote violence,51.6735,36.1629
68831,Russia,Explosions/Remote violence,51.6735,36.1629
68832,Russia,Explosions/Remote violence,51.6735,36.1629
68833,Russia,Explosions/Remote violence,51.6735,36.1629
68834,Russia,Explosions/Remote violence,51.6735,36.1629
68835,Russia,Explosions/Remote violence,51.6735,36.1629
68836,Russia,Explosions/Remote violence,51.6735,36.1629
68837,Russia,Explosions/Remote violence,51.6735,36.1629
68838,Russia,Explosions/Remote violence,51.6735,36.1629
68839,Russia,Explosions/Remote violence,51.6735,36.1629
68840,Russia,Explosions/Remote violence,51.6735,36.1629
68841,Russia,Explosions/Remote violence,51.6735,36.1629
68842,Russia,Explosions/Remote violence,51.6735,36.1629
68843,Russia,Explosions/Remote violence,51.6735,36.1629
68844,Russia,Explosions/Remote violence,51.6735,36.1629
68845,Russia,Explosions/Remote violence,51.6735,36.1629
68846,Russia,Explosions/Remote violence,51.6735,36.1629
68847,Russia,Explosions/Remote violence,51.6735,36.1629
68848,Russia,Explosions/Remote violence,51.6735,36.1629
68849,Russia,Explosions/Remote violence,51.6735,36.1629
68850,Russia,Explosions/Remote violence,51.6735,36.1629
68851,Russia,Explosions/Remote violence,51.6735,36.1629
68852,Russia,Explosions/Remote violence,51.6735,36.1629
68853,Russia,Explosions/Remote violence,51.6735,36.1629
68854,Russia,Explosions/Remote violence,51.6735,36.1629
68855,Russia,Explosions/Remote violence,51.6735,36.1629
68856,Russia,Explosions/Remote violence,51.6735,36.1629
68857,Russia,Explosions/Remote violence,51.6735,36.1629
68858,Russia,Explosions/Remote violence,51.6735,36.1629
68859,Russia,Explosions/Remote violence,51.6735,36.1629
68860,Russia,Explosions/Remote violence,51.6735,36.1629
68861,Russia,Explosions/Remote violence,51.6735,36.1629
68862,Russia,Explosions/Remote violence,51.6735,36.1629
68863,Russia,Explosions/Remote violence,51.6735,36.1629
68864,Russia,Explosions/Remote violence,51.6735,36.1629
68865,Russia,Explosions/Remote violence,51.6735,36.1629
68866,Russia,Explosions/Remote violence,51.6735,36.1629
68867,Russia,Explosions/Remote violence,51.6735,36.1629
68868,Russia,Explosions/Remote violence,51.6735,36.1629
68869,Russia,Explosions/Remote violence,51.6735,36.1629
68870,Russia,Explosions/Remote violence,51.6735,36.1629
68871,Russia,Explosions/Remote violence,51.6735,36.1629
68872,Russia,Explosions/Remote violence,51.6735,36.1629
68873,Russia,Explosions/Remote violence,51.6735,36.1629
68874,Russia,Explosions/Remote violence,51.6735,36.1629
68875,Russia,Explosions/Remote violence,51.6735,36.1629
68876,Russia,Explosions/Remote violence,51.6735,36.1629
68877,Russia,Explosions/Remote violence,51.6735,36.1629
68878,Russia,Explosions/Remote violence,51.6735,36.1629
68879,Russia,Explosions/Remote violence,51.6735,36.1629
68880,Russia,Explosions/Remote violence,51.6735,36.1629
68881,Russia,Explosions/Remote violence,51.6735,36.1629
68882,Russia,Explosions/Remote violence,51.6735,36.1629
68883,Russia,Explosions/Remote violence,51.6735,36.1629
68884,Russia,Explosions/Remote violence,51.6735,36.1629
68885,Russia,Explosions/Remote violence,51.6735,36.1629
68886,Russia,Explosions/Remote violence,51.6735,36.1629
68887,Russia,Explosions/Remote violence,51.6735,36.1629
68888,Russia,Explosions/Remote violence,51.6735,36.1629
68889,Russia,Explosions/Remote violence,51.6735,36.1629
68890,Russia,Explosions/Remote violence,51.6735,36.1629
68891,Russia,Explosions/Remote violence,51.6735,36.1629
68892,Russia,Explosions/Remote violence,51.6735,36.1629
68893,Russia,Explosions/Remote violence,51.6735,36.1629
68894,Russia,Explosions/Remote violence,51.6735,36.1629
68895,Russia,Explosions/Remote violence,51.6735,36.1629
68896,Russia,Explosions/Remote violence,51.6735,36.1629
68897,Russia,Explosions/Remote violence,51.6735,36.1629
68898,Russia,Explosions/Remote violence,51.6735,36.1629
68899,Russia,Explosions/Remote violence,51.6735,36.1629
68900,Russia,Explosions/Remote violence,51.6735,36.1629
68901,Russia,Explosions/Remote violence,51.6735,36.1629
68902,Russia,Explosions/Remote violence,51.6735,36.1629
68903,Russia,Explosions/Remote violence,51.6735,36.1629
68904,Russia,Explosions/Remote violence,51.6735,36.1629
68905,Russia,Explosions/Remote violence,51.6735,36.1629
68906,Russia,Explosions/Remote violence,51.6735,36.1629
68907,Russia,Explosions/Remote violence,51.6735,36.1629
68908,Russia,Explosions/Remote violence,51.6735,36.1629
68909,Russia,Explosions/Remote violence,51.6735,36.1629
68910,Russia,Explosions/Remote violence,51.6735,36.1629
68911,Russia,Explosions/Remote violence,51.6735,36.1629
68912,Russia,Explosions/Remote violence,51.6735,36.1629
68913,Russia,Explosions/Remote violence,51.6735,36.1629
68914,Russia,Explosions/Remote violence,51.6735,36.1629
68915,Russia,Explosions/Remote violence,51.6735,36.1629
68916,Russia,Explosions/Remote violence,51.6735,36.1629
68917,Russia,Explosions/Remote violence,51.6735,36.1629
68918,Russia,Explosions/Remote violence,51.6735,36.1629
68919,Russia,Explosions/Remote violence,51.6735,36.1629
68920,Russia,Explosions/Remote violence,51.6735,36.1629
68921,Russia,Explosions/Remote violence,51.6735,36.1629
68922,Russia,Explosions/Remote violence,51.6735,36.1629
68923,Russia,Explosions/Remote violence,51.6735,36.1629
68924,Russia,Explosions/Remote violence,51.6735,36.1629
68925,Russia,Explosions/Remote violence,51.6735,36.1629
68926,Russia,Explosions/Remote violence,51.6735,36.1629
68927,Russia,Explosions/Remote violence,51.6735,36.1629
68928,Russia,Explosions/Remote violence,51.6735,36.1629
68929,Russia,Explosions/Remote violence,51.6735,36.1629
68930,Russia,Explosions/Remote violence,51.6735,36.1629
69162,Russia,Violence against civilians,51.6735,36.1629
69163,Russia,Violence against civilians,51.6735,36.1629
69164,Russia,Violence against civilians,51.6735,36.1629
69165,Russia,Violence against civilians,51.6735,36.1629
69166,Russia,Violence against civilians,51.6735,36.1629
69167,Russia,Violence against civilians,51.6735,36.1629
69168,Russia,Violence against civilians,51.6735,36.1629
69169,Russia,Violence against civilians,51.6735,36.1629
69170,Russia,Violence against civilians,51.6735,36.1629
69171,Russia,Violence against civilians,51.6735,36.1629
69172,Russia,Violence against civilians,51.6735,36.1629
69173,Russia,Violence against civilians,51.6735,36.1629
69174,Russia,Violence against civilians,51.6735,36.1629
69175,Russia,Violence against civilians,51.6735,36.1629
69176,Russia,Violence against civilians,51.6735,36.1629
69177,Russia,Violence against civilians,51.6735,36.1629
69178,Russia,Violence against civilians,51.6735,36.1629
69179,Russia,Violence against civilians,51.6735,36.1629
69180,Russia,Violence against civilians,51.6735,36.1629
69181,Russia,Violence against civilians,51.6735,36.1629
69182,Russia,Violence against civilians,51.6735,36.1629
69183,Russia,Violence against civilians,51.6735,36.1629
69184,Russia,Violence against civilians,51.6735,36.1629
69185,Russia,Violence against civilians,51.6735,36.1629
69186,Russia,Violence against civilians,51.6735,36.1629
69187,Russia,Violence against civilians,51.6735,36.1629
69188,Russia,Violence against civilians,51.6735,36.1629
69189,Russia,Violence against civilians,51.6735,36.1629
69190,Russia,Violence against civilians,51.6735,36.1629
69191,Russia,Violence against civilians,51.6735,36.1629
69192,Russia,Violence against civilians,51.6735,36.1629
69193,Russia,Violence against civilians,51.6735,36.1629
69194,Russia,Violence against civilians,51.6735,36.1629
69195,Russia,Explosions/Remote violence,59.8736,32.9508
69196,Russia,Explosions/Remote violence,59.8736,32.9508
69197,Russia,Explosions/Remote violence,59.8736,32.9508
69198,Russia,Explosions/Remote violence,59.8736,32.9508
69199,Russia,Explosions/Remote violence,59.8736,32.9508
69200,Russia,Explosions/Remote violence,59.8736,32.9508
69201,Russia,Explosions/Remote violence,59.8736,32.9508
69202,Russia,Explosions/Remote violence,59.8736,32.9508
69203,Russia,Explosions/Remote violence,59.8736,32.9508
69204,Russia,Explosions/Remote violence,59.8736,32.9508
69205,Russia,Explosions/Remote violence,59.8736,32.9508
69206,Russia,Explosions/Remote violence,59.8736,32.9508
69207,Russia,Explosions/Remote violence,59.8736,32.9508
69208,Russia,Explosions/Remote violence,59.8736,32.9508
69265,Russia,Riots,59.8736,32.9508
69308,Russia,Violence against civilians,59.8736,32.9508
69309,Russia,Violence against civilians,59.8736,32.9508
69310,Russia,Violence against civilians,59.8736,32.9508
69311,Russia,Violence against civilians,59.8736,32.9508
69312,Russia,Violence against civilians,59.8736,32.9508
69313,Russia,Violence against civilians,59.8736,32.9508
69314,Russia,Violence against civilians,59.8736,32.9508
69315,Russia,Violence against civilians,59.8736,32.9508
69316,Russia,Violence against civilians,59.8736,32.9508
69317,Russia,Violence against civilians,59.8736,32.9508
69318,Russia,Violence against civilians,59.8736,32.9508
69319,Russia,Violence against civilians,59.8736,32.9508
69320,Russia,Violence against civilians,59.8736,32.9508
69322,Russia,Explosions/Remote violence,52.7372,38.9229
69323,Russia,Explosions/Remote violence,52.7372,38.9229
69324,Russia,Explosions/Remote violence,52.7372,38.9229
69325,Russia,Explosions/Remote violence,52.7372,38.9229
69326,Russia,Explosions/Remote violence,52.7372,38.9229
69327,Russia,Explosions/Remote violence,52.7372,38.9229
69328,Russia,Explosions/Remote violence,52.7372,38.9229
69329,Russia,Explosions/Remote violence,52.7372,38.9229
69330,Russia,Explosions/Remote violence,52.7372,38.9229
69331,Russia,Explosions/Remote violence,52.7372,38.9229
69332,Russia,Explosions/Remote violence,52.7372,38.9229
69333,Russia,Explosions/Remote violence,52.7372,38.9229
69334,Russia,Explosions/Remote violence,52.7372,38.9229
69335,Russia,Explosions/Remote violence,52.7372,38.9229
69336,Russia,Explosions/Remote violence,52.7372,38.9229
69337,Russia,Explosions/Remote violence,52.7372,38.9229
69338,Russia,Explosions/Remote violence,52.7372,38.9229
69339,Russia,Explosions/Remote violence,52.7372,38.9229
69340,Russia,Explosions/Remote violence,52.7372,38.9229
69415,Russia,Violence against civilians,52.7372,38.9229
69416,Russia,Violence against civilians,52.7372,38.9229
69443,Russia,Violence against civilians,62.5878,154.066
69455,Russia,Explosions/Remote violence,55.5499,37.3561
69456,Russia,Explosions/Remote violence,55.5499,37.3561
69457,Russia,Explosions/Remote violence,55.5499,37.3561
69458,Russia,Explosions/Remote violence,55.5499,37.3561
69459,Russia,Explosions/Remote violence,55.5499,37.3561
69460,Russia,Explosions/Remote violence,55.5499,37.3561
69461,Russia,Explosions/Remote violence,55.5499,37.3561
69462,Russia,Explosions/Remote violence,55.5499,37.3561
69463,Russia,Explosions/Remote violence,55.5499,37.3561
69464,Russia,Explosions/Remote violence,55.5499,37.3561
69465,Russia,Explosions/Remote violence,55.5499,37.3561
69466,Russia,Explosions/Remote violence,55.5499,37.3561
69467,Russia,Explosions/Remote violence,55.5499,37.3561
69468,Russia,Explosions/Remote violence,55.5499,37.3561
69469,Russia,Explosions/Remote violence,55.5499,37.3561
69470,Russia,Explosions/Remote violence,55.5499,37.3561
69471,Russia,Explosions/Remote violence,55.5499,37.3561
69472,Russia,Explosions/Remote violence,55.5499,37.3561
69473,Russia,Explosions/Remote violence,55.5499,37.3561
69474,Russia,Explosions/Remote violence,55.5499,37.3561
69475,Russia,Explosions/Remote violence,55.5499,37.3561
69930,Russia,Riots,55.5499,37.3561
69931,Russia,Riots,55.5499,37.3561
69932,Russia,Riots,55.5499,37.3561
69933,Russia,Riots,55.5499,37.3561
69934,Russia,Riots,55.5499,37.3561
69935,Russia,Riots,55.5499,37.3561
69936,Russia,Riots,55.5499,37.3561
69937,Russia,Riots,55.5499,37.3561
69938,Russia,Riots,55.5499,37.3561
69939,Russia,Riots,55.5499,37.3561
69940,Russia,Riots,55.5499,37.3561
69941,Russia,Riots,55.5499,37.3561
69942,Russia,Riots,55.5499,37.3561
69943,Russia,Riots,55.5499,37.3561
69944,Russia,Riots,55.5499,37.3561
69945,Russia,Riots,55.5499,37.3561
69946,Russia,Riots,55.5499,37.3561
70203,Russia,Violence against civilians,55.5499,37.3561
70204,Russia,Violence against civilians,55.5499,37.3561
70205,Russia,Violence against civilians,55.5499,37.3561
70206,Russia,Violence against civilians,55.5499,37.3561
70207,Russia,Violence against civilians,55.5499,37.3561
70208,Russia,Violence against civilians,55.5499,37.3561
70209,Russia,Violence against civilians,55.5499,37.3561
70210,Russia,Violence against civilians,55.5499,37.3561
70211,Russia,Violence against civilians,55.5499,37.3561
70212,Russia,Violence against civilians,55.5499,37.3561
70213,Russia,Violence against civilians,55.5499,37.3561
70214,Russia,Violence against civilians,55.5499,37.3561
70215,Russia,Violence against civilians,55.5499,37.3561
70216,Russia,Violence against civilians,55.5499,37.3561
70217,Russia,Violence against civilians,55.5499,37.3561
70218,Russia,Violence against civilians,55.5499,37.3561
70219,Russia,Violence against civilians,55.5499,37.3561
70220,Russia,Violence against civilians,55.5499,37.3561
70221,Russia,Violence against civilians,55.5499,37.3561
70222,Russia,Violence against civilians,55.5499,37.3561
70223,Russia,Violence against civilians,55.5499,37.3561
70224,Russia,Violence against civilians,55.5499,37.3561
70225,Russia,Violence against civilians,55.5499,37.3561
70226,Russia,Violence against civilians,55.5499,37.3561
70227,Russia,Violence against civilians,55.5499,37.3561
70228,Russia,Violence against civilians,55.5499,37.3561
70229,Russia,Violence against civilians,55.5499,37.3561
70230,Russia,Violence against civilians,55.5499,37.3561
70231,Russia,Violence against civilians,55.5499,37.3561
70232,Russia,Violence against civilians,55.5499,37.3561
70233,Russia,Violence against civilians,55.5499,37.3561
70234,Russia,Violence against civilians,55.5499,37.3561
70235,Russia,Violence against civilians,55.5499,37.3561
70236,Russia,Violence against civilians,55.5499,37.3561
70237,Russia,Violence against civilians,55.5499,37.3561
70238,Russia,Violence against civilians,55.5499,37.3561
70239,Russia,Violence against civilians,55.5499,37.3561
70240,Russia,Violence against civilians,55.5499,37.3561
70241,Russia,Violence against civilians,55.5499,37.3561
70242,Russia,Violence against civilians,55.5499,37.3561
70243,Russia,Violence against civilians,55.5499,37.3561
70244,Russia,Violence against civilians,55.5499,37.3561
70245,Russia,Violence against civilians,55.5499,37.3561
70246,Russia,Violence against civilians,55.5499,37.3561
70247,Russia,Violence against civilians,55.5499,37.3561
70248,Russia,Violence against civilians,55.5499,37.3561
70249,Russia,Violence against civilians,55.5499,37.3561
70250,Russia,Violence against civilians,55.5499,37.3561
70251,Russia,Violence against civilians,55.5499,37.3561
70252,Russia,Violence against civilians,55.5499,37.3561
70253,Russia,Violence against civilians,55.5499,37.3561
70254,Russia,Violence against civilians,55.5499,37.3561
70255,Russia,Violence against civilians,55.5499,37.3561
70256,Russia,Violence against civilians,55.5499,37.3561
70257,Russia,Violence against civilians,55.5499,37.3561
70258,Russia,Violence against civilians,55.5499,37.3561
70259,Russia,Violence against civilians,55.5499,37.3561
70260,Russia,Violence against civilians,55.5499,37.3561
70261,Russia,Violence against civilians,55.5499,37.3561
70262,Russia,Violence against civilians,55.5499,37.3561
70263,Russia,Violence against civilians,55.5499,37.3561
70264,Russia,Violence against civilians,55.5499,37.3561
70265,Russia,Violence against civilians,55.5499,37.3561
70266,Russia,Violence against civilians,55.5499,37.3561
70267,Russia,Violence against civilians,55.5499,37.3561
70268,Russia,Violence against civilians,55.5499,37.3561
70269,Russia,Violence against civilians,55.5499,37.3561
70270,Russia,Violence against civilians,55.5499,37.3561
70271,Russia,Violence against civilians,55.5499,37.3561
70272,Russia,Violence against civilians,55.5499,37.3561
70273,Russia,Violence against civilians,55.5499,37.3561
70274,Russia,Violence against civilians,55.5499,37.3561
70275,Russia,Violence against civilians,55.5499,37.3561
70276,Russia,Violence against civilians,55.5499,37.3561
70277,Russia,Violence against civilians,55.5499,37.3561
70278,Russia,Violence against civilians,55.5499,37.3561
70279,Russia,Violence against civilians,55.5499,37.3561
70280,Russia,Violence against civilians,55.5499,37.3561
70281,Russia,Violence against civilians,55.5499,37.3561
70282,Russia,Violence against civilians,55.5499,37.3561
70283,Russia,Violence against civilians,55.5499,37.3561
70284,Russia,Violence against civilians,55.5499,37.3561
70285,Russia,Violence against civilians,55.5499,37.3561
70286,Russia,Violence against civilians,55.5499,37.3561
70287,Russia,Violence against civilians,55.5499,37.3561
70288,Russia,Violence against civilians,55.5499,37.3561
70289,Russia,Violence against civilians,55.5499,37.3561
70290,Russia,Violence against civilians,55.5499,37.3561
70291,Russia,Violence against civilians,55.5499,37.3561
70292,Russia,Violence against civilians,55.5499,37.3561
70293,Russia,Violence against civilians,55.5499,37.3561
70294,Russia,Violence against civilians,55.5499,37.3561
70295,Russia,Violence against civilians,55.5499,37.3561
70296,Russia,Violence against civilians,55.5499,37.3561
70297,Russia,Violence against civilians,55.5499,37.3561
70298,Russia,Violence against civilians,55.5499,37.3561
70299,Russia,Violence against civilians,55.5499,37.3561
70300,Russia,Violence against civilians,55.5499,37.3561
70301,Russia,Violence against civilians,55.5499,37.3561
70302,Russia,Violence against civilians,55.5499,37.3561
70303,Russia,Violence against civilians,55.5499,37.3561
70304,Russia,Violence against civilians,55.5499,37.3561
70305,Russia,Violence against civilians,55.5499,37.3561
70306,Russia,Violence against civilians,55.5499,37.3561
70307,Russia,Violence against civilians,55.5499,37.3561
70308,Russia,Violence against civilians,55.5499,37.3561
70309,Russia,Violence against civilians,55.5499,37.3561
70310,Russia,Violence against civilians,55.5499,37.3561
70311,Russia,Violence against civilians,55.5499,37.3561
70312,Russia,Violence against civilians,55.5499,37.3561
70313,Russia,Violence against civilians,55.5499,37.3561
70314,Russia,Violence against civilians,55.5499,37.3561
70315,Russia,Violence against civilians,55.5499,37.3561
70316,Russia,Violence against civilians,55.5499,37.3561
70317,Russia,Violence against civilians,55.5499,37.3561
70318,Russia,Violence against civilians,55.5499,37.3561
70319,Russia,Violence against civilians,55.5499,37.3561
70320,Russia,Violence against civilians,55.5499,37.3561
70321,Russia,Violence against civilians,55.5499,37.3561
70322,Russia,Violence against civilians,55.5499,37.3561
70323,Russia,Violence against civilians,55.5499,37.3561
70324,Russia,Violence against civilians,55.5499,37.3561
70326,Russia,Explosions/Remote violence,55.6071,38.9283
70327,Russia,Explosions/Remote violence,55.6071,38.9283
70328,Russia,Explosions/Remote violence,55.6071,38.9283
70329,Russia,Explosions/Remote violence,55.6071,38.9283
70330,Russia,Explosions/Remote violence,55.6071,38.9283
70331,Russia,Explosions/Remote violence,55.6071,38.9283
70332,Russia,Explosions/Remote violence,55.6071,38.9283
70333,Russia,Explosions/Remote violence,55.6071,38.9283
70334,Russia,Explosions/Remote violence,55.6071,38.9283
70335,Russia,Explosions/Remote violence,55.6071,38.9283
70336,Russia,Explosions/Remote violence,55.6071,38.9283
70337,Russia,Explosions/Remote violence,55.6071,38.9283
70338,Russia,Explosions/Remote violence,55.6071,38.9283
70339,Russia,Explosions/Remote violence,55.6071,38.9283
70340,Russia,Explosions/Remote violence,55.6071,38.9283
70341,Russia,Explosions/Remote violence,55.6071,38.9283
70342,Russia,Explosions/Remote violence,55.6071,38.9283
70343,Russia,Explosions/Remote violence,55.6071,38.9283
70344,Russia,Explosions/Remote violence,55.6071,38.9283
70345,Russia,Explosions/Remote violence,55.6071,38.9283
70346,Russia,Explosions/Remote violence,55.6071,38.9283
70347,Russia,Explosions/Remote violence,55.6071,38.9283
70348,Russia,Explosions/Remote violence,55.6071,38.9283
70349,Russia,Explosions/Remote violence,55.6071,38.9283
70350,Russia,Explosions/Remote violence,55.6071,38.9283
70351,Russia,Explosions/Remote violence,55.6071,38.9283
70352,Russia,Explosions/Remote violence,55.6071,38.9283
70353,Russia,Explosions/Remote violence,55.6071,38.9283
70354,Russia,Explosions/Remote violence,55.6071,38.9283
70355,Russia,Explosions/Remote violence,55.6071,38.9283
70356,Russia,Explosions/Remote violence,55.6071,38.9283
70487,Russia,Riots,55.6071,38.9283
70488,Russia,Riots,55.6071,38.9283
70489,Russia,Riots,55.6071,38.9283
70490,Russia,Riots,55.6071,38.9283
70568,Russia,Violence against civilians,55.6071,38.9283
70569,Russia,Violence against civilians,55.6071,38.9283
70570,Russia,Violence against civilians,55.6071,38.9283
70571,Russia,Violence against civilians,55.6071,38.9283
70572,Russia,Violence against civilians,55.6071,38.9283
70573,Russia,Violence against civilians,55.6071,38.9283
70574,Russia,Violence against civilians,55.6071,38.9283
70575,Russia,Violence against civilians,55.6071,38.9283
70576,Russia,Violence against civilians,55.6071,38.9283
70577,Russia,Violence against civilians,55.6071,38.9283
70578,Russia,Violence against civilians,55.6071,38.9283
70579,Russia,Violence against civilians,55.6071,38.9283
70580,Russia,Violence against civilians,55.6071,38.9283
70581,Russia,Violence against civilians,55.6071,38.9283
70582,Russia,Violence against civilians,55.6071,38.9283
70583,Russia,Violence against civilians,55.6071,38.9283
70584,Russia,Violence against civilians,55.6071,38.9283
70585,Russia,Violence against civilians,55.6071,38.9283
70586,Russia,Violence against civilians,55.6071,38.9283
70587,Russia,Violence against civilians,55.6071,38.9283
70588,Russia,Violence against civilians,55.6071,38.9283
70589,Russia,Violence against civilians,55.6071,38.9283
70590,Russia,Violence against civilians,55.6071,38.9283
70591,Russia,Violence against civilians,55.6071,38.9283
70592,Russia,Violence against civilians,55.6071,38.9283
70593,Russia,Violence against civilians,55.6071,38.9283
70594,Russia,Violence against civilians,55.6071,38.9283
70595,Russia,Violence against civilians,55.6071,38.9283
70596,Russia,Violence against civilians,55.6071,38.9283
70597,Russia,Violence against civilians,55.6071,38.9283
70598,Russia,Violence against civilians,55.6071,38.9283
70599,Russia,Violence against civilians,55.6071,38.9283
70600,Russia,Violence against civilians,55.6071,38.9283
70601,Russia,Violence against civilians,55.6071,38.9283
70602,Russia,Violence against civilians,55.6071,38.9283
70603,Russia,Violence against civilians,55.6071,38.9283
70605,Russia,Explosions/Remote violence,68.0046,34.5567
70606,Russia,Explosions/Remote violence,68.0046,34.5567
70607,Russia,Explosions/Remote violence,68.0046,34.5567
70650,Russia,Violence against civilians,68.0046,34.5567
70651,Russia,Violence against civilians,68.0046,34.5567
70652,Russia,Violence against civilians,68.0046,34.5567
70653,Russia,Violence against civilians,68.0046,34.5567
70670,Russia,Explosions/Remote violence,56.2766,44.3524
70671,Russia,Explosions/Remote violence,56.2766,44.3524
70672,Russia,Explosions/Remote violence,56.2766,44.3524
70673,Russia,Explosions/Remote violence,56.2766,44.3524
70674,Russia,Explosions/Remote violence,56.2766,44.3524
70675,Russia,Explosions/Remote violence,56.2766,44.3524
70676,Russia,Explosions/Remote violence,56.2766,44.3524
70677,Russia,Explosions/Remote violence,56.2766,44.3524
70678,Russia,Explosions/Remote violence,56.2766,44.3524
70679,Russia,Explosions/Remote violence,56.2766,44.3524
70680,Russia,Explosions/Remote violence,56.2766,44.3524
70681,Russia,Explosions/Remote violence,56.2766,44.3524
70682,Russia,Explosions/Remote violence,56.2766,44.3524
70683,Russia,Explosions/Remote violence,56.2766,44.3524
70684,Russia,Explosions/Remote violence,56.2766,44.3524
70685,Russia,Explosions/Remote violence,56.2766,44.3524
70759,Russia,Riots,56.2766,44.3524
70760,Russia,Riots,56.2766,44.3524
70804,Russia,Violence against civilians,56.2766,44.3524
70805,Russia,Violence against civilians,56.2766,44.3524
70806,Russia,Violence against civilians,56.2766,44.3524
70807,Russia,Violence against civilians,56.2766,44.3524
70808,Russia,Violence against civilians,56.2766,44.3524
70809,Russia,Violence against civilians,56.2766,44.3524
70810,Russia,Violence against civilians,56.2766,44.3524
70811,Russia,Violence against civilians,56.2766,44.3524
70812,Russia,Violence against civilians,56.2766,44.3524
70813,Russia,Violence against civilians,56.2766,44.3524
70814,Russia,Violence against civilians,56.2766,44.3524
70815,Russia,Explosions/Remote violence,58.1711,31.8241
70816,Russia,Explosions/Remote violence,58.1711,31.8241
71119,Russia,Riots,55.2643,80.0638
71120,Russia,Riots,55.2643,80.0638
71121,Russia,Riots,55.2643,80.0638
71122,Russia,Riots,55.2643,80.0638
71161,Russia,Violence against civilians,55.2643,80.0638
71162,Russia,Violence against civilians,55.2643,80.0638
71163,Russia,Violence against civilians,55.2643,80.0638
71164,Russia,Violence against civilians,55.2643,80.0638
71165,Russia,Violence against civilians,55.2643,80.0638
71166,Russia,Violence against civilians,55.2643,80.0638
71167,Russia,Violence against civilians,55.2643,80.0638
71168,Russia,Violence against civilians,55.2643,80.0638
71169,Russia,Violence against civilians,55.2643,80.0638
71170,Russia,Violence against civilians,55.2643,80.0638
71171,Russia,Violence against civilians,55.2643,80.0638
71172,Russia,Violence against civilians,55.2643,80.0638
71173,Russia,Violence against civilians,55.2643,80.0638
71174,Russia,Violence against civilians,55.2643,80.0638
71175,Russia,Violence against civilians,55.2643,80.0638
71176,Russia,Violence against civilians,55.2643,80.0638
71177,Russia,Violence against civilians,55.2643,80.0638
71178,Russia,Violence against civilians,55.2643,80.0638
71179,Russia,Violence against civilians,55.2643,80.0638
71180,Russia,Violence against civilians,55.2643,80.0638
71181,Russia,Explosions/Remote violence,56.0069,73.2047
71267,Russia,Riots,56.0069,73.2047
71268,Russia,Riots,56.0069,73.2047
71269,Russia,Riots,56.0069,73.2047
71285,Russia,Violence against civilians,56.0069,73.2047
71286,Russia,Violence against civilians,56.0069,73.2047
71287,Russia,Violence against civilians,56.0069,73.2047
71288,Russia,Violence against civilians,56.0069,73.2047
71289,Russia,Violence against civilians,56.0069,73.2047
71290,Russia,Violence against civilians,56.0069,73.2047
71291,Russia,Violence against civilians,56.0069,73.2047
71292,Russia,Violence against civilians,56.0069,73.2047
71293,Russia,Violence against civilians,56.0069,73.2047
71294,Russia,Explosions/Remote violence,52.4308,53.538
71295,Russia,Explosions/Remote violence,52.4308,53.538
71296,Russia,Explosions/Remote violence,52.4308,53.538
71297,Russia,Explosions/Remote violence,52.4308,53.538
71298,Russia,Explosions/Remote violence,52.4308,53.538
71299,Russia,Explosions/Remote violence,52.4308,53.538
71376,Russia,Violence against civilians,52.4308,53.538
71377,Russia,Violence against civilians,52.4308,53.538
71378,Russia,Violence against civilians,52.4308,53.538
71379,Russia,Violence against civilians,52.4308,53.538
71380,Russia,Violence against civilians,52.4308,53.538
71381,Russia,Violence against civilians,52.4308,53.538
71382,Russia,Violence against civilians,52.4308,53.538
71383,Russia,Violence against civilians,52.4308,53.538
71384,Russia,Violence against civilians,52.4308,53.538
71385,Russia,Violence against civilians,52.4308,53.538
71386,Russia,Violence against civilians,52.4308,53.538
71387,Russia,Violence against civilians,52.4308,53.538
71388,Russia,Violence against civilians,52.4308,53.538
71389,Russia,Violence against civilians,52.4308,53.538
71390,Russia,Violence against civilians,52.4308,53.538
71391,Russia,Violence against civilians,52.4308,53.538
71392,Russia,Violence against civilians,52.4308,53.538
71393,Russia,Violence against civilians,52.4308,53.538
71394,Russia,Violence against civilians,52.4308,53.538
71395,Russia,Explosions/Remote violence,52.7951,36.4173
71396,Russia,Explosions/Remote violence,52.7951,36.4173
71397,Russia,Explosions/Remote violence,52.7951,36.4173
71398,Russia,Explosions/Remote violence,52.7951,36.4173
71399,Russia,Explosions/Remote violence,52.7951,36.4173
71400,Russia,Explosions/Remote violence,52.7951,36.4173
71401,Russia,Explosions/Remote violence,52.7951,36.4173
71402,Russia,Explosions/Remote violence,52.7951,36.4173
71403,Russia,Explosions/Remote violence,52.7951,36.4173
71404,Russia,Explosions/Remote violence,52.7951,36.4173
71405,Russia,Explosions/Remote violence,52.7951,36.4173
71406,Russia,Explosions/Remote violence,52.7951,36.4173
71407,Russia,Explosions/Remote violence,52.7951,36.4173
71408,Russia,Explosions/Remote violence,52.7951,36.4173
71409,Russia,Explosions/Remote violence,52.7951,36.4173
71410,Russia,Explosions/Remote violence,52.7951,36.4173
71411,Russia,Explosions/Remote violence,52.7951,36.4173
71412,Russia,Explosions/Remote violence,52.7951,36.4173
71413,Russia,Explosions/Remote violence,52.7951,36.4173
71414,Russia,Explosions/Remote violence,52.7951,36.4173
71415,Russia,Explosions/Remote violence,52.7951,36.4173
71416,Russia,Explosions/Remote violence,52.7951,36.4173
71417,Russia,Explosions/Remote violence,52.7951,36.4173
71526,Russia,Violence against civilians,52.7951,36.4173
71527,Russia,Explosions/Remote violence,53.1615,44.7305
71528,Russia,Explosions/Remote violence,53.1615,44.7305
71529,Russia,Explosions/Remote violence,53.1615,44.7305
71623,Russia,Violence against civilians,53.1615,44.7305
71624,Russia,Violence against civilians,53.1615,44.7305
71625,Russia,Violence against civilians,53.1615,44.7305
71626,Russia,Violence against civilians,53.1615,44.7305
71627,Russia,Explosions/Remote violence,58.8858,56.4404
71628,Russia,Explosions/Remote violence,58.8858,56.4404
71734,Russia,Riots,58.8858,56.4404
71735,Russia,Riots,58.8858,56.4404
71750,Russia,Violence against civilians,58.8858,56.4404
71751,Russia,Violence against civilians,58.8858,56.4404
71752,Russia,Violence against civilians,58.8858,56.4404
71753,Russia,Violence against civilians,58.8858,56.4404
71754,Russia,Violence against civilians,58.8858,56.4404
71755,Russia,Violence against civilians,58.8858,56.4404
71756,Russia,Explosions/Remote violence,45.3796,135.1381
71757,Russia,Explosions/Remote violence,45.3796,135.1381
71758,Russia,Explosions/Remote violence,45.3796,135.1381
71759,Russia,Explosions/Remote violence,45.3796,135.1381
71876,Russia,Riots,45.3796,135.1381
71895,Russia,Violence against civilians,45.3796,135.1381
71896,Russia,Violence against civilians,45.3796,135.1381
71897,Russia,Violence against civilians,45.3796,135.1381
71898,Russia,Violence against civilians,45.3796,135.1381
71899,Russia,Violence against civilians,45.3796,135.1381
71900,Russia,Violence against civilians,45.3796,135.1381
71901,Russia,Violence against civilians,45.3796,135.1381
71902,Russia,Violence against civilians,45.3796,135.1381
71903,Russia,Violence against civilians,45.3796,135.1381
71904,Russia,Violence against civilians,45.3796,135.1381
71905,Russia,Violence against civilians,45.3796,135.1381
71906,Russia,Violence against civilians,45.3796,135.1381
71907,Russia,Violence against civilians,45.3796,135.1381
71908,Russia,Violence against civilians,45.3796,135.1381
71909,Russia,Violence against civilians,45.3796,135.1381
71910,Russia,Violence against civilians,45.3796,135.1381
71911,Russia,Violence against civilians,45.3796,135.1381
71913,Russia,Explosions/Remote violence,57.3053,29.1921
71914,Russia,Explosions/Remote violence,57.3053,29.1921
71915,Russia,Explosions/Remote violence,57.3053,29.1921
71916,Russia,Explosions/Remote violence,57.3053,29.1921
71980,Russia,Violence against civilians,57.3053,29.1921
71981,Russia,Explosions/Remote violence,44.4888,40.1402
71982,Russia,Explosions/Remote violence,44.4888,40.1402
71983,Russia,Explosions/Remote violence,44.4888,40.1402
71984,Russia,Explosions/Remote violence,44.4888,40.1402
71985,Russia,Explosions/Remote violence,44.4888,40.1402
72004,Russia,Violence against civilians,44.4888,40.1402
72005,Russia,Violence against civilians,44.4888,40.1402
72006,Russia,Violence against civilians,44.4888,40.1402
72007,Russia,Violence against civilians,44.4888,40.1402
72008,Russia,Violence against civilians,44.4888,40.1402
72038,Russia,Violence against civilians,50.8658,86.8913
72040,Russia,Explosions/Remote violence,54.0528,56.3635
72041,Russia,Explosions/Remote violence,54.0528,56.3635
72042,Russia,Explosions/Remote violence,54.0528,56.3635
72043,Russia,Explosions/Remote violence,54.0528,56.3635
72044,Russia,Explosions/Remote violence,54.0528,56.3635
72045,Russia,Explosions/Remote violence,54.0528,56.3635
72046,Russia,Explosions/Remote violence,54.0528,56.3635
72195,Russia,Riots,54.0528,56.3635
72196,Russia,Riots,54.0528,56.3635
72226,Russia,Violence against civilians,54.0528,56.3635
72227,Russia,Violence against civilians,54.0528,56.3635
72228,Russia,Violence against civilians,54.0528,56.3635
72229,Russia,Violence against civilians,54.0528,56.3635
72230,Russia,Violence against civilians,54.0528,56.3635
72231,Russia,Violence against civilians,54.0528,56.3635
72232,Russia,Violence against civilians,54.0528,56.3635
72233,Russia,Violence against civilians,54.0528,56.3635
72234,Russia,Violence against civilians,54.0528,56.3635
72235,Russia,Violence against civilians,54.0528,56.3635
72236,Russia,Violence against civilians,54.0528,56.3635
72237,Russia,Violence against civilians,54.0528,56.3635
72238,Russia,Violence against civilians,54.0528,56.3635
72239,Russia,Violence against civilians,54.0528,56.3635
72240,Russia,Violence against civilians,54.0528,56.3635
72241,Russia,Violence against civilians,54.0528,56.3635
72242,Russia,Violence against civilians,54.0528,56.3635
72243,Russia,Violence against civilians,54.0528,56.3635
72244,Russia,Violence against civilians,54.0528,56.3635
72245,Russia,Violence against civilians,54.0528,56.3635
72314,Russia,Violence against civilians,53.6095,111.0271
72315,Russia,Violence against civilians,53.6095,111.0271
72316,Russia,Violence against civilians,53.6095,111.0271
72317,Russia,Violence against civilians,53.6095,111.0271
72318,Russia,Violence against civilians,53.6095,111.0271
72319,Russia,Violence against civilians,53.6095,111.0271
72320,Russia,Violence against civilians,53.6095,111.0271
72321,Russia,Violence against civilians,53.6095,111.0271
72322,Russia,Violence against civilians,53.6095,111.0271
72323,Russia,Violence against civilians,53.6095,111.0271
72324,Russia,Violence against civilians,53.6095,111.0271
72345,Russia,Explosions/Remote violence,43.2434,45.7661
72346,Russia,Explosions/Remote violence,43.2434,45.7661
72347,Russia,Explosions/Remote violence,43.2434,45.7661
72348,Russia,Explosions/Remote violence,43.2434,45.7661
72349,Russia,Explosions/Remote violence,43.2434,45.7661
72350,Russia,Explosions/Remote violence,43.2434,45.7661
72351,Russia,Explosions/Remote violence,43.2434,45.7661
72395,Russia,Violence against civilians,43.2434,45.7661
72396,Russia,Violence against civilians,43.2434,45.7661
72397,Russia,Violence against civilians,43.2434,45.7661
72398,Russia,Violence against civilians,43.2434,45.7661
72399,Russia,Violence against civilians,43.2434,45.7661
72400,Russia,Violence against civilians,43.2434,45.7661
72401,Russia,Violence against civilians,43.2434,45.7661
72402,Russia,Violence against civilians,43.2434,45.7661
72403,Russia,Violence against civilians,43.2434,45.7661
72404,Russia,Violence against civilians,43.2434,45.7661
72405,Russia,Violence against civilians,43.2434,45.7661
72406,Russia,Violence against civilians,43.2434,45.7661
72407,Russia,Violence against civilians,43.2434,45.7661
72408,Russia,Violence against civilians,43.2434,45.7661
72409,Russia,Violence against civilians,43.2434,45.7661
72410,Russia,Violence against civilians,43.2434,45.7661
72411,Russia,Violence against civilians,43.2434,45.7661
72412,Russia,Violence against civilians,43.2434,45.7661
72413,Russia,Violence against civilians,43.2434,45.7661
72414,Russia,Violence against civilians,43.2434,45.7661
72415,Russia,Violence against civilians,43.2434,45.7661
72416,Russia,Violence against civilians,43.2434,45.7661
72417,Russia,Violence against civilians,43.2434,45.7661
72418,Russia,Violence against civilians,43.2434,45.7661
72419,Russia,Violence against civilians,43.2434,45.7661
72420,Russia,Violence against civilians,43.2434,45.7661
72421,Russia,Violence against civilians,43.2434,45.7661
72422,Russia,Violence against civilians,43.2434,45.7661
72423,Russia,Violence against civilians,43.2434,45.7661
72424,Russia,Violence against civilians,43.2434,45.7661
72425,Russia,Violence against civilians,43.2434,45.7661
72426,Russia,Violence against civilians,43.2434,45.7661
72427,Russia,Violence against civilians,43.2434,45.7661
72428,Russia,Violence against civilians,43.2434,45.7661
72429,Russia,Violence against civilians,43.2434,45.7661
72430,Russia,Violence against civilians,43.2434,45.7661
72431,Russia,Violence against civilians,43.2434,45.7661
72432,Russia,Violence against civilians,43.2434,45.7661
72433,Russia,Violence against civilians,43.2434,45.7661
72434,Russia,Violence against civilians,43.2434,45.7661
72435,Russia,Violence against civilians,43.2434,45.7661
72436,Russia,Violence against civilians,43.2434,45.7661
72437,Russia,Violence against civilians,43.2434,45.7661
72438,Russia,Violence against civilians,43.2434,45.7661
72439,Russia,Violence against civilians,43.2434,45.7661
72440,Russia,Violence against civilians,43.2434,45.7661
72441,Russia,Violence against civilians,43.2434,45.7661
72442,Russia,Violence against civilians,43.2434,45.7661
72443,Russia,Violence against civilians,43.2434,45.7661
72444,Russia,Violence against civilians,43.2434,45.7661
72445,Russia,Violence against civilians,43.2434,45.7661
72446,Russia,Violence against civilians,43.2434,45.7661
72447,Russia,Violence against civilians,43.2434,45.7661
72448,Russia,Violence against civilians,43.2434,45.7661
72449,Russia,Violence against civilians,43.2434,45.7661
72450,Russia,Violence against civilians,43.2434,45.7661
72451,Russia,Violence against civilians,43.2434,45.7661
72452,Russia,Violence against civilians,43.2434,45.7661
72453,Russia,Violence against civilians,43.2434,45.7661
72454,Russia,Violence against civilians,43.2434,45.7661
72455,Russia,Violence against civilians,43.2434,45.7661
72456,Russia,Violence against civilians,43.2434,45.7661
72457,Russia,Violence against civilians,43.2434,45.7661
72458,Russia,Violence against civilians,43.2434,45.7661
72459,Russia,Violence against civilians,43.2434,45.7661
72460,Russia,Explosions/Remote violence,55.4803,47.1488
72461,Russia,Explosions/Remote violence,55.4803,47.1488
72462,Russia,Explosions/Remote violence,55.4803,47.1488
72463,Russia,Explosions/Remote violence,55.4803,47.1488
72529,Russia,Violence against civilians,55.4803,47.1488
72530,Russia,Violence against civilians,55.4803,47.1488
72531,Russia,Violence against civilians,55.4803,47.1488
72532,Russia,Violence against civilians,55.4803,47.1488
72564,Russia,Explosions/Remote violence,43.089,46.9834
72565,Russia,Explosions/Remote violence,43.089,46.9834
72566,Russia,Explosions/Remote violence,43.089,46.9834
72781,Russia,Riots,43.089,46.9834
72782,Russia,Riots,43.089,46.9834
72783,Russia,Riots,43.089,46.9834
72784,Russia,Riots,43.089,46.9834
72785,Russia,Riots,43.089,46.9834
72786,Russia,Riots,43.089,46.9834
72787,Russia,Riots,43.089,46.9834
72788,Russia,Riots,43.089,46.9834
72789,Russia,Riots,43.089,46.9834
72790,Russia,Riots,43.089,46.9834
72791,Russia,Riots,43.089,46.9834
72792,Russia,Riots,43.089,46.9834
72793,Russia,Riots,43.089,46.9834
72794,Russia,Riots,43.089,46.9834
72819,Russia,Violence against civilians,43.089,46.9834
72820,Russia,Violence against civilians,43.089,46.9834
72821,Russia,Violence against civilians,43.089,46.9834
72822,Russia,Violence against civilians,43.089,46.9834
72823,Russia,Violence against civilians,43.089,46.9834
72824,Russia,Violence against civilians,43.089,46.9834
72825,Russia,Violence against civilians,43.089,46.9834
72826,Russia,Violence against civilians,43.089,46.9834
72827,Russia,Violence against civilians,43.089,46.9834
72828,Russia,Violence against civilians,43.089,46.9834
72829,Russia,Violence against civilians,43.089,46.9834
72830,Russia,Violence against civilians,43.089,46.9834
72831,Russia,Violence against civilians,43.089,46.9834
72832,Russia,Violence against civilians,43.089,46.9834
72833,Russia,Violence against civilians,43.089,46.9834
72834,Russia,Violence against civilians,43.089,46.9834
72835,Russia,Violence against civilians,43.089,46.9834
72836,Russia,Violence against civilians,43.089,46.9834
72837,Russia,Violence against civilians,43.089,46.9834
72838,Russia,Violence against civilians,43.089,46.9834
72839,Russia,Violence against civilians,43.089,46.9834
72840,Russia,Violence against civilians,43.089,46.9834
72841,Russia,Violence against civilians,43.089,46.9834
72842,Russia,Violence against civilians,43.089,46.9834
72843,Russia,Violence against civilians,43.089,46.9834
72844,Russia,Violence against civilians,43.089,46.9834
72845,Russia,Violence against civilians,43.089,46.9834
72846,Russia,Violence against civilians,43.089,46.9834
72847,Russia,Violence against civilians,43.089,46.9834
72848,Russia,Violence against civilians,43.089,46.9834
72849,Russia,Violence against civilians,43.089,46.9834
72850,Russia,Violence against civilians,43.089,46.9834
72851,Russia,Violence against civilians,43.089,46.9834
72852,Russia,Violence against civilians,43.089,46.9834
72853,Russia,Violence against civilians,43.089,46.9834
72854,Russia,Violence against civilians,43.089,46.9834
72855,Russia,Violence against civilians,43.089,46.9834
72856,Russia,Violence against civilians,43.089,46.9834
72857,Russia,Violence against civilians,43.089,46.9834
72858,Russia,Violence against civilians,43.089,46.9834
72859,Russia,Violence against civilians,43.089,46.9834
72860,Russia,Violence against civilians,43.089,46.9834
72861,Russia,Violence against civilians,43.089,46.9834
72881,Russia,Explosions/Remote violence,43.1159,45.0129
72882,Russia,Explosions/Remote violence,43.1159,45.0129
72883,Russia,Explosions/Remote violence,43.1159,45.0129
72884,Russia,Explosions/Remote violence,43.1159,45.0129
72885,Russia,Explosions/Remote violence,43.1159,45.0129
72886,Russia,Explosions/Remote violence,43.1159,45.0129
72887,Russia,Explosions/Remote violence,43.1159,45.0129
72888,Russia,Explosions/Remote violence,43.1159,45.0129
72920,Russia,Riots,43.1159,45.0129
72921,Russia,Riots,43.1159,45.0129
72922,Russia,Riots,43.1159,45.0129
72936,Russia,Violence against civilians,43.1159,45.0129
72937,Russia,Violence against civilians,43.1159,45.0129
72938,Russia,Violence against civilians,43.1159,45.0129
72939,Russia,Violence against civilians,43.1159,45.0129
72940,Russia,Violence against civilians,43.1159,45.0129
72941,Russia,Violence against civilians,43.1159,45.0129
72942,Russia,Violence against civilians,43.1159,45.0129
72943,Russia,Violence against civilians,43.1159,45.0129
72944,Russia,Violence against civilians,43.1159,45.0129
72945,Russia,Violence against civilians,43.1159,45.0129
72946,Russia,Violence against civilians,43.1159,45.0129
72947,Russia,Violence against civilians,43.1159,45.0129
72948,Russia,Violence against civilians,43.1159,45.0129
72949,Russia,Violence against civilians,43.1159,45.0129
72950,Russia,Violence against civilians,43.1159,45.0129
72951,Russia,Violence against civilians,43.1159,45.0129
72952,Russia,Violence against civilians,43.1159,45.0129
72953,Russia,Violence against civilians,43.1159,45.0129
72954,Russia,Violence against civilians,43.1159,45.0129
73012,Russia,Riots,43.4573,43.4358
73013,Russia,Riots,43.4573,43.4358
73023,Russia,Violence against civilians,43.4573,43.4358
73024,Russia,Violence against civilians,43.4573,43.4358
73025,Russia,Violence against civilians,43.4573,43.4358
73026,Russia,Violence against civilians,43.4573,43.4358
73027,Russia,Violence against civilians,43.4573,43.4358
73028,Russia,Violence against civilians,43.4573,43.4358
73029,Russia,Violence against civilians,43.4573,43.4358
73030,Russia,Violence against civilians,43.4573,43.4358
73031,Russia,Violence against civilians,43.4573,43.4358
73032,Russia,Explosions/Remote violence,46.5148,45.4414
73080,Russia,Violence against civilians,46.5148,45.4414
73081,Russia,Violence against civilians,46.5148,45.4414
73082,Russia,Violence against civilians,46.5148,45.4414
73083,Russia,Violence against civilians,46.5148,45.4414
73084,Russia,Violence against civilians,46.5148,45.4414
73085,Russia,Violence against civilians,46.5148,45.4414
73086,Russia,Violence against civilians,46.5148,45.4414
73087,Russia,Violence against civilians,46.5148,45.4414
73090,Russia,Explosions/Remote violence,43.8425,41.6987
73117,Russia,Violence against civilians,43.8425,41.6987
73118,Russia,Violence against civilians,43.8425,41.6987
73119,Russia,Violence against civilians,43.8425,41.6987
73120,Russia,Violence against civilians,43.8425,41.6987
73121,Russia,Violence against civilians,43.8425,41.6987
73122,Russia,Violence against civilians,43.8425,41.6987
73123,Russia,Violence against civilians,43.8425,41.6987
73124,Russia,Violence against civilians,43.8425,41.6987
73126,Russia,Explosions/Remote violence,63.6722,33.3087
73172,Russia,Violence against civilians,63.6722,33.3087
73193,Russia,Riots,53.3615,90.424
73196,Russia,Explosions/Remote violence,63.8096,53.0964
73197,Russia,Explosions/Remote violence,63.8096,53.0964
73264,Russia,Riots,63.8096,53.0964
73274,Russia,Violence against civilians,63.8096,53.0964
73275,Russia,Violence against civilians,63.8096,53.0964
73276,Russia,Violence against civilians,63.8096,53.0964
73277,Russia,Violence against civilians,63.8096,53.0964
73316,Russia,Violence against civilians,56.5862,47.9228
73317,Russia,Explosions/Remote violence,54.4168,44.5595
73318,Russia,Explosions/Remote violence,54.4168,44.5595
73358,Russia,Violence against civilians,54.4168,44.5595
73359,Russia,Violence against civilians,54.4168,44.5595
73360,Russia,Violence against civilians,54.4168,44.5595
73361,Russia,Violence against civilians,54.4168,44.5595
73362,Russia,Violence against civilians,54.4168,44.5595
73363,Russia,Violence against civilians,54.4168,44.5595
73365,Russia,Explosions/Remote violence,43.191,44.2456
73366,Russia,Explosions/Remote violence,43.191,44.2456
73398,Russia,Riots,43.191,44.2456
73399,Russia,Riots,43.191,44.2456
73400,Russia,Riots,43.191,44.2456
73401,Russia,Riots,43.191,44.2456
73402,Russia,Riots,43.191,44.2456
73414,Russia,Violence against civilians,43.191,44.2456
73415,Russia,Violence against civilians,43.191,44.2456
73416,Russia,Violence against civilians,43.191,44.2456
73417,Russia,Violence against civilians,43.191,44.2456
73418,Russia,Violence against civilians,43.191,44.2456
73419,Russia,Violence against civilians,43.191,44.2456
73420,Russia,Violence against civilians,43.191,44.2456
73421,Russia,Violence against civilians,43.191,44.2456
73422,Russia,Violence against civilians,43.191,44.2456
73423,Russia,Violence against civilians,43.191,44.2456
73424,Russia,Violence against civilians,43.191,44.2456
73479,Russia,Violence against civilians,64.7437,129.3107
73480,Russia,Violence against civilians,64.7437,129.3107
73483,Russia,Explosions/Remote violence,55.3253,50.68
73484,Russia,Explosions/Remote violence,55.3253,50.68
73485,Russia,Explosions/Remote violence,55.3253,50.68
73486,Russia,Explosions/Remote violence,55.3253,50.68
73487,Russia,Explosions/Remote violence,55.3253,50.68
73488,Russia,Explosions/Remote violence,55.3253,50.68
73489,Russia,Explosions/Remote violence,55.3253,50.68
73490,Russia,Explosions/Remote violence,55.3253,50.68
73491,Russia,Explosions/Remote violence,55.3253,50.68
73492,Russia,Explosions/Remote violence,55.3253,50.68
73674,Russia,Violence against civilians,55.3253,50.68
73675,Russia,Violence against civilians,55.3253,50.68
73676,Russia,Violence against civilians,55.3253,50.68
73677,Russia,Violence against civilians,55.3253,50.68
73678,Russia,Violence against civilians,55.3253,50.68
73679,Russia,Violence against civilians,55.3253,50.68
73680,Russia,Violence against civilians,55.3253,50.68
73681,Russia,Violence against civilians,55.3253,50.68
73699,Russia,Riots,51.7358,94.2284
73703,Russia,Violence against civilians,51.7358,94.2284
73707,Russia,Explosions/Remote violence,48.0823,40.9463
73708,Russia,Explosions/Remote violence,48.0823,40.9463
73709,Russia,Explosions/Remote violence,48.0823,40.9463
73710,Russia,Explosions/Remote violence,48.0823,40.9463
73711,Russia,Explosions/Remote violence,48.0823,40.9463
73712,Russia,Explosions/Remote violence,48.0823,40.9463
73713,Russia,Explosions/Remote violence,48.0823,40.9463
73714,Russia,Explosions/Remote violence,48.0823,40.9463
73715,Russia,Explosions/Remote violence,48.0823,40.9463
73716,Russia,Explosions/Remote violence,48.0823,40.9463
73717,Russia,Explosions/Remote violence,48.0823,40.9463
73718,Russia,Explosions/Remote violence,48.0823,40.9463
73719,Russia,Explosions/Remote violence,48.0823,40.9463
73720,Russia,Explosions/Remote violence,48.0823,40.9463
73721,Russia,Explosions/Remote violence,48.0823,40.9463
73722,Russia,Explosions/Remote violence,48.0823,40.9463
73723,Russia,Explosions/Remote violence,48.0823,40.9463
73724,Russia,Explosions/Remote violence,48.0823,40.9463
73725,Russia,Explosions/Remote violence,48.0823,40.9463
73726,Russia,Explosions/Remote violence,48.0823,40.9463
73727,Russia,Explosions/Remote violence,48.0823,40.9463
73728,Russia,Explosions/Remote violence,48.0823,40.9463
73729,Russia,Explosions/Remote violence,48.0823,40.9463
73730,Russia,Explosions/Remote violence,48.0823,40.9463
73731,Russia,Explosions/Remote violence,48.0823,40.9463
73732,Russia,Explosions/Remote violence,48.0823,40.9463
73733,Russia,Explosions/Remote violence,48.0823,40.9463
73734,Russia,Explosions/Remote violence,48.0823,40.9463
73735,Russia,Explosions/Remote violence,48.0823,40.9463
73736,Russia,Explosions/Remote violence,48.0823,40.9463
73737,Russia,Explosions/Remote violence,48.0823,40.9463
73738,Russia,Explosions/Remote violence,48.0823,40.9463
73739,Russia,Explosions/Remote violence,48.0823,40.9463
73740,Russia,Explosions/Remote violence,48.0823,40.9463
73741,Russia,Explosions/Remote violence,48.0823,40.9463
73742,Russia,Explosions/Remote violence,48.0823,40.9463
73743,Russia,Explosions/Remote violence,48.0823,40.9463
73744,Russia,Explosions/Remote violence,48.0823,40.9463
73745,Russia,Explosions/Remote violence,48.0823,40.9463
73746,Russia,Explosions/Remote violence,48.0823,40.9463
73747,Russia,Explosions/Remote violence,48.0823,40.9463
73748,Russia,Explosions/Remote violence,48.0823,40.9463
73749,Russia,Explosions/Remote violence,48.0823,40.9463
73750,Russia,Explosions/Remote violence,48.0823,40.9463
73751,Russia,Explosions/Remote violence,48.0823,40.9463
73752,Russia,Explosions/Remote violence,48.0823,40.9463
73753,Russia,Explosions/Remote violence,48.0823,40.9463
73754,Russia,Explosions/Remote violence,48.0823,40.9463
73755,Russia,Explosions/Remote violence,48.0823,40.9463
73756,Russia,Explosions/Remote violence,48.0823,40.9463
73757,Russia,Explosions/Remote violence,48.0823,40.9463
73758,Russia,Explosions/Remote violence,48.0823,40.9463
73759,Russia,Explosions/Remote violence,48.0823,40.9463
73760,Russia,Explosions/Remote violence,48.0823,40.9463
73761,Russia,Explosions/Remote violence,48.0823,40.9463
73762,Russia,Explosions/Remote violence,48.0823,40.9463
73763,Russia,Explosions/Remote violence,48.0823,40.9463
73764,Russia,Explosions/Remote violence,48.0823,40.9463
73765,Russia,Explosions/Remote violence,48.0823,40.9463
73766,Russia,Explosions/Remote violence,48.0823,40.9463
73767,Russia,Explosions/Remote violence,48.0823,40.9463
73768,Russia,Explosions/Remote violence,48.0823,40.9463
73769,Russia,Explosions/Remote violence,48.0823,40.9463
73770,Russia,Explosions/Remote violence,48.0823,40.9463
73771,Russia,Explosions/Remote violence,48.0823,40.9463
73772,Russia,Explosions/Remote violence,48.0823,40.9463
73773,Russia,Explosions/Remote violence,48.0823,40.9463
73774,Russia,Explosions/Remote violence,48.0823,40.9463
73775,Russia,Explosions/Remote violence,48.0823,40.9463
73937,Russia,Riots,48.0823,40.9463
73938,Russia,Riots,48.0823,40.9463
73939,Russia,Riots,48.0823,40.9463
74079,Russia,Violence against civilians,48.0823,40.9463
74080,Russia,Violence against civilians,48.0823,40.9463
74081,Russia,Violence against civilians,48.0823,40.9463
74082,Russia,Violence against civilians,48.0823,40.9463
74083,Russia,Violence against civilians,48.0823,40.9463
74084,Russia,Violence against civilians,48.0823,40.9463
74085,Russia,Violence against civilians,48.0823,40.9463
74086,Russia,Violence against civilians,48.0823,40.9463
74087,Russia,Violence against civilians,48.0823,40.9463
74088,Russia,Violence against civilians,48.0823,40.9463
74089,Russia,Violence against civilians,48.0823,40.9463
74090,Russia,Violence against civilians,48.0823,40.9463
74091,Russia,Violence against civilians,48.0823,40.9463
74092,Russia,Violence against civilians,48.0823,40.9463
74093,Russia,Violence against civilians,48.0823,40.9463
74094,Russia,Violence against civilians,48.0823,40.9463
74095,Russia,Violence against civilians,48.0823,40.9463
74096,Russia,Violence against civilians,48.0823,40.9463
74097,Russia,Violence against civilians,48.0823,40.9463
74098,Russia,Violence against civilians,48.0823,40.9463
74099,Russia,Violence against civilians,48.0823,40.9463
74100,Russia,Violence against civilians,48.0823,40.9463
74101,Russia,Violence against civilians,48.0823,40.9463
74102,Russia,Violence against civilians,48.0823,40.9463
74103,Russia,Violence against civilians,48.0823,40.9463
74104,Russia,Violence against civilians,48.0823,40.9463
74105,Russia,Violence against civilians,48.0823,40.9463
74106,Russia,Violence against civilians,48.0823,40.9463
74107,Russia,Violence against civilians,48.0823,40.9463
74108,Russia,Violence against civilians,48.0823,40.9463
74109,Russia,Violence against civilians,48.0823,40.9463
74110,Russia,Violence against civilians,48.0823,40.9463
74111,Russia,Violence against civilians,48.0823,40.9463
74112,Russia,Violence against civilians,48.0823,40.9463
74114,Russia,Explosions/Remote violence,54.3378,40.602
74115,Russia,Explosions/Remote violence,54.3378,40.602
74116,Russia,Explosions/Remote violence,54.3378,40.602
74117,Russia,Explosions/Remote violence,54.3378,40.602
74118,Russia,Explosions/Remote violence,54.3378,40.602
74119,Russia,Explosions/Remote violence,54.3378,40.602
74120,Russia,Explosions/Remote violence,54.3378,40.602
74121,Russia,Explosions/Remote violence,54.3378,40.602
74122,Russia,Explosions/Remote violence,54.3378,40.602
74123,Russia,Explosions/Remote violence,54.3378,40.602
74124,Russia,Explosions/Remote violence,54.3378,40.602
74125,Russia,Explosions/Remote violence,54.3378,40.602
74126,Russia,Explosions/Remote violence,54.3378,40.602
74127,Russia,Explosions/Remote violence,54.3378,40.602
74128,Russia,Explosions/Remote violence,54.3378,40.602
74129,Russia,Explosions/Remote violence,54.3378,40.602
74240,Russia,Violence against civilians,54.3378,40.602
74241,Russia,Violence against civilians,54.3378,40.602
74242,Russia,Violence against civilians,54.3378,40.602
74243,Russia,Violence against civilians,54.3378,40.602
74244,Russia,Violence against civilians,54.3378,40.602
74245,Russia,Violence against civilians,54.3378,40.602
74246,Russia,Violence against civilians,54.3378,40.602
74247,Russia,Violence against civilians,54.3378,40.602
74249,Russia,Explosions/Remote violence,59.9394,30.3506
74250,Russia,Explosions/Remote violence,59.9394,30.3506
74251,Russia,Explosions/Remote violence,59.9394,30.3506
74252,Russia,Explosions/Remote violence,59.9394,30.3506
74253,Russia,Explosions/Remote violence,59.9394,30.3506
74254,Russia,Explosions/Remote violence,59.9394,30.3506
74255,Russia,Explosions/Remote violence,59.9394,30.3506
74256,Russia,Explosions/Remote violence,59.9394,30.3506
74257,Russia,Explosions/Remote violence,59.9394,30.3506
74258,Russia,Explosions/Remote violence,59.9394,30.3506
74259,Russia,Explosions/Remote violence,59.9394,30.3506
74554,Russia,Riots,59.9394,30.3506
74555,Russia,Riots,59.9394,30.3506
74556,Russia,Riots,59.9394,30.3506
74557,Russia,Riots,59.9394,30.3506
74558,Russia,Riots,59.9394,30.3506
74632,Russia,Violence against civilians,59.9394,30.3506
74633,Russia,Violence against civilians,59.9394,30.3506
74634,Russia,Violence against civilians,59.9394,30.3506
74635,Russia,Violence against civilians,59.9394,30.3506
74636,Russia,Violence against civilians,59.9394,30.3506
74637,Russia,Violence against civilians,59.9394,30.3506
74638,Russia,Violence against civilians,59.9394,30.3506
74639,Russia,Violence against civilians,59.9394,30.3506
74640,Russia,Violence against civilians,59.9394,30.3506
74641,Russia,Violence against civilians,59.9394,30.3506
74642,Russia,Violence against civilians,59.9394,30.3506
74643,Russia,Violence against civilians,59.9394,30.3506
74644,Russia,Violence against civilians,59.9394,30.3506
74645,Russia,Violence against civilians,59.9394,30.3506
74646,Russia,Violence against civilians,59.9394,30.3506
74647,Russia,Violence against civilians,59.9394,30.3506
74648,Russia,Violence against civilians,59.9394,30.3506
74649,Russia,Violence against civilians,59.9394,30.3506
74650,Russia,Violence against civilians,59.9394,30.3506
74651,Russia,Violence against civilians,59.9394,30.3506
74652,Russia,Violence against civilians,59.9394,30.3506
74653,Russia,Violence against civilians,59.9394,30.3506
74654,Russia,Violence against civilians,59.9394,30.3506
74655,Russia,Violence against civilians,59.9394,30.3506
74656,Russia,Violence against civilians,59.9394,30.3506
74657,Russia,Violence against civilians,59.9394,30.3506
74658,Russia,Violence against civilians,59.9394,30.3506
74659,Russia,Violence against civilians,59.9394,30.3506
74660,Russia,Violence against civilians,59.9394,30.3506
74661,Russia,Violence against civilians,59.9394,30.3506
74662,Russia,Violence against civilians,59.9394,30.3506
74663,Russia,Violence against civilians,59.9394,30.3506
74664,Russia,Violence against civilians,59.9394,30.3506
74665,Russia,Violence against civilians,59.9394,30.3506
74666,Russia,Violence against civilians,59.9394,30.3506
74667,Russia,Violence against civilians,59.9394,30.3506
74668,Russia,Violence against civilians,59.9394,30.3506
74669,Russia,Violence against civilians,59.9394,30.3506
74670,Russia,Violence against civilians,59.9394,30.3506
74671,Russia,Violence against civilians,59.9394,30.3506
74672,Russia,Violence against civilians,59.9394,30.3506
74673,Russia,Violence against civilians,59.9394,30.3506
74674,Russia,Violence against civilians,59.9394,30.3506
74675,Russia,Violence against civilians,59.9394,30.3506
74676,Russia,Violence against civilians,59.9394,30.3506
74677,Russia,Violence against civilians,59.9394,30.3506
74678,Russia,Violence against civilians,59.9394,30.3506
74679,Russia,Violence against civilians,59.9394,30.3506
74680,Russia,Violence against civilians,59.9394,30.3506
74681,Russia,Violence against civilians,59.9394,30.3506
74682,Russia,Violence against civilians,59.9394,30.3506
74683,Russia,Violence against civilians,59.9394,30.3506
74684,Russia,Violence against civilians,59.9394,30.3506
74685,Russia,Violence against civilians,59.9394,30.3506
74686,Russia,Violence against civilians,59.9394,30.3506
74687,Russia,Violence against civilians,59.9394,30.3506
74688,Russia,Violence against civilians,59.9394,30.3506
74689,Russia,Violence against civilians,59.9394,30.3506
74690,Russia,Violence against civilians,59.9394,30.3506
74691,Russia,Violence against civilians,59.9394,30.3506
74692,Russia,Violence against civilians,59.9394,30.3506
74693,Russia,Violence against civilians,59.9394,30.3506
74694,Russia,Violence against civilians,59.9394,30.3506
74695,Russia,Violence against civilians,59.9394,30.3506
74696,Russia,Violence against civilians,59.9394,30.3506
74697,Russia,Violence against civilians,59.9394,30.3506
74739,Russia,Violence against civilians,50.1592,143.0267
74740,Russia,Violence against civilians,50.1592,143.0267
74741,Russia,Violence against civilians,50.1592,143.0267
74743,Russia,Explosions/Remote violence,53.2238,50.1375
74744,Russia,Explosions/Remote violence,53.2238,50.1375
74745,Russia,Explosions/Remote violence,53.2238,50.1375
74746,Russia,Explosions/Remote violence,53.2238,50.1375
74747,Russia,Explosions/Remote violence,53.2238,50.1375
74748,Russia,Explosions/Remote violence,53.2238,50.1375
74749,Russia,Explosions/Remote violence,53.2238,50.1375
74750,Russia,Explosions/Remote violence,53.2238,50.1375
74751,Russia,Explosions/Remote violence,53.2238,50.1375
74752,Russia,Explosions/Remote violence,53.2238,50.1375
74753,Russia,Explosions/Remote violence,53.2238,50.1375
74754,Russia,Explosions/Remote violence,53.2238,50.1375
74755,Russia,Explosions/Remote violence,53.2238,50.1375
74756,Russia,Explosions/Remote violence,53.2238,50.1375
74757,Russia,Explosions/Remote violence,53.2238,50.1375
74758,Russia,Explosions/Remote violence,53.2238,50.1375
74759,Russia,Explosions/Remote violence,53.2238,50.1375
74760,Russia,Explosions/Remote violence,53.2238,50.1375
74850,Russia,Riots,53.2238,50.1375
74887,Russia,Violence against civilians,53.2238,50.1375
74888,Russia,Violence against civilians,53.2238,50.1375
74889,Russia,Violence against civilians,53.2238,50.1375
74890,Russia,Violence against civilians,53.2238,50.1375
74891,Russia,Violence against civilians,53.2238,50.1375
74892,Russia,Violence against civilians,53.2238,50.1375
74893,Russia,Violence against civilians,53.2238,50.1375
74894,Russia,Violence against civilians,53.2238,50.1375
74895,Russia,Violence against civilians,53.2238,50.1375
74896,Russia,Violence against civilians,53.2238,50.1375
74897,Russia,Violence against civilians,53.2238,50.1375
74902,Russia,Explosions/Remote violence,51.3129,46.5936
74903,Russia,Explosions/Remote violence,51.3129,46.5936
74904,Russia,Explosions/Remote violence,51.3129,46.5936
74905,Russia,Explosions/Remote violence,51.3129,46.5936
74906,Russia,Explosions/Remote violence,51.3129,46.5936
74907,Russia,Explosions/Remote violence,51.3129,46.5936
74908,Russia,Explosions/Remote violence,51.3129,46.5936
74909,Russia,Explosions/Remote violence,51.3129,46.5936
74910,Russia,Explosions/Remote violence,51.3129,46.5936
74911,Russia,Explosions/Remote violence,51.3129,46.5936
74912,Russia,Explosions/Remote violence,51.3129,46.5936
74913,Russia,Explosions/Remote violence,51.3129,46.5936
74914,Russia,Explosions/Remote violence,51.3129,46.5936
74915,Russia,Explosions/Remote violence,51.3129,46.5936
74916,Russia,Explosions/Remote violence,51.3129,46.5936
74917,Russia,Explosions/Remote violence,51.3129,46.5936
74918,Russia,Explosions/Remote violence,51.3129,46.5936
74919,Russia,Explosions/Remote violence,51.3129,46.5936
74920,Russia,Explosions/Remote violence,51.3129,46.5936
74921,Russia,Explosions/Remote violence,51.3129,46.5936
74922,Russia,Explosions/Remote violence,51.3129,46.5936
74923,Russia,Explosions/Remote violence,51.3129,46.5936
75046,Russia,Riots,51.3129,46.5936
75047,Russia,Riots,51.3129,46.5936
75089,Russia,Violence against civilians,51.3129,46.5936
75090,Russia,Violence against civilians,51.3129,46.5936
75091,Russia,Violence against civilians,51.3129,46.5936
75092,Russia,Violence against civilians,51.3129,46.5936
75093,Russia,Violence against civilians,51.3129,46.5936
75094,Russia,Violence against civilians,51.3129,46.5936
75095,Russia,Violence against civilians,51.3129,46.5936
75096,Russia,Violence against civilians,51.3129,46.5936
75097,Russia,Violence against civilians,51.3129,46.5936
75098,Russia,Violence against civilians,51.3129,46.5936
75099,Russia,Violence against civilians,51.3129,46.5936
75100,Russia,Violence against civilians,51.3129,46.5936
75101,Russia,Violence against civilians,51.3129,46.5936
75102,Russia,Violence against civilians,51.3129,46.5936
75103,Russia,Violence against civilians,51.3129,46.5936
75104,Russia,Violence against civilians,51.3129,46.5936
75105,Russia,Violence against civilians,51.3129,46.5936
75106,Russia,Violence against civilians,51.3129,46.5936
75107,Russia,Violence against civilians,51.3129,46.5936
75108,Russia,Violence against civilians,51.3129,46.5936
75109,Russia,Violence against civilians,51.3129,46.5936
75110,Russia,Violence against civilians,51.3129,46.5936
75111,Russia,Explosions/Remote violence,54.7379,32.9104
75112,Russia,Explosions/Remote violence,54.7379,32.9104
75113,Russia,Explosions/Remote violence,54.7379,32.9104
75114,Russia,Explosions/Remote violence,54.7379,32.9104
75115,Russia,Explosions/Remote violence,54.7379,32.9104
75116,Russia,Explosions/Remote violence,54.7379,32.9104
75117,Russia,Explosions/Remote violence,54.7379,32.9104
75118,Russia,Explosions/Remote violence,54.7379,32.9104
75119,Russia,Explosions/Remote violence,54.7379,32.9104
75120,Russia,Explosions/Remote violence,54.7379,32.9104
75121,Russia,Explosions/Remote violence,54.7379,32.9104
75122,Russia,Explosions/Remote violence,54.7379,32.9104
75123,Russia,Explosions/Remote violence,54.7379,32.9104
75124,Russia,Explosions/Remote violence,54.7379,32.9104
75214,Russia,Violence against civilians,54.7379,32.9104
75223,Russia,Explosions/Remote violence,44.9414,43.6631
75224,Russia,Explosions/Remote violence,44.9414,43.6631
75225,Russia,Explosions/Remote violence,44.9414,43.6631
75226,Russia,Explosions/Remote violence,44.9414,43.6631
75227,Russia,Explosions/Remote violence,44.9414,43.6631
75228,Russia,Explosions/Remote violence,44.9414,43.6631
75229,Russia,Explosions/Remote violence,44.9414,43.6631
75230,Russia,Explosions/Remote violence,44.9414,43.6631
75231,Russia,Explosions/Remote violence,44.9414,43.6631
75232,Russia,Explosions/Remote violence,44.9414,43.6631
75233,Russia,Explosions/Remote violence,44.9414,43.6631
75272,Russia,Riots,44.9414,43.6631
75297,Russia,Violence against civilians,44.9414,43.6631
75298,Russia,Violence against civilians,44.9414,43.6631
75299,Russia,Violence against civilians,44.9414,43.6631
75300,Russia,Violence against civilians,44.9414,43.6631
75301,Russia,Violence against civilians,44.9414,43.6631
75302,Russia,Violence against civilians,44.9414,43.6631
75303,Russia,Violence against civilians,44.9414,43.6631
75304,Russia,Violence against civilians,44.9414,43.6631
75305,Russia,Violence against civilians,44.9414,43.6631
75306,Russia,Violence against civilians,44.9414,43.6631
75307,Russia,Violence against civilians,44.9414,43.6631
75308,Russia,Violence against civilians,44.9414,43.6631
75309,Russia,Violence against civilians,44.9414,43.6631
75310,Russia,Violence against civilians,44.9414,43.6631
75311,Russia,Violence against civilians,44.9414,43.6631
75312,Russia,Violence against civilians,44.9414,43.6631
75315,Russia,Explosions/Remote violence,58.9982,62.2203
75316,Russia,Explosions/Remote violence,58.9982,62.2203
75317,Russia,Explosions/Remote violence,58.9982,62.2203
75504,Russia,Riots,58.9982,62.2203
75505,Russia,Riots,58.9982,62.2203
75506,Russia,Riots,58.9982,62.2203
75543,Russia,Violence against civilians,58.9982,62.2203
75544,Russia,Violence against civilians,58.9982,62.2203
75545,Russia,Violence against civilians,58.9982,62.2203
75546,Russia,Violence against civilians,58.9982,62.2203
75547,Russia,Violence against civilians,58.9982,62.2203
75548,Russia,Violence against civilians,58.9982,62.2203
75549,Russia,Violence against civilians,58.9982,62.2203
75550,Russia,Violence against civilians,58.9982,62.2203
75551,Russia,Violence against civilians,58.9982,62.2203
75552,Russia,Violence against civilians,58.9982,62.2203
75553,Russia,Violence against civilians,58.9982,62.2203
75554,Russia,Violence against civilians,58.9982,62.2203
75555,Russia,Violence against civilians,58.9982,62.2203
75556,Russia,Violence against civilians,58.9982,62.2203
75557,Russia,Violence against civilians,58.9982,62.2203
75558,Russia,Violence against civilians,58.9982,62.2203
75559,Russia,Violence against civilians,58.9982,62.2203
75560,Russia,Violence against civilians,58.9982,62.2203
75561,Russia,Violence against civilians,58.9982,62.2203
75562,Russia,Violence against civilians,58.9982,62.2203
75563,Russia,Violence against civilians,58.9982,62.2203
75564,Russia,Violence against civilians,58.9982,62.2203
75565,Russia,Violence against civilians,58.9982,62.2203
75566,Russia,Explosions/Remote violence,52.7039,41.5692
75567,Russia,Explosions/Remote violence,52.7039,41.5692
75568,Russia,Explosions/Remote violence,52.7039,41.5692
75569,Russia,Explosions/Remote violence,52.7039,41.5692
75570,Russia,Explosions/Remote violence,52.7039,41.5692
75571,Russia,Explosions/Remote violence,52.7039,41.5692
75572,Russia,Explosions/Remote violence,52.7039,41.5692
75573,Russia,Explosions/Remote violence,52.7039,41.5692
75574,Russia,Explosions/Remote violence,52.7039,41.5692
75575,Russia,Explosions/Remote violence,52.7039,41.5692
75576,Russia,Explosions/Remote violence,52.7039,41.5692
75577,Russia,Explosions/Remote violence,52.7039,41.5692
75578,Russia,Explosions/Remote violence,52.7039,41.5692
75579,Russia,Explosions/Remote violence,52.7039,41.5692
75580,Russia,Explosions/Remote violence,52.7039,41.5692
75658,Russia,Violence against civilians,52.7039,41.5692
75659,Russia,Violence against civilians,52.7039,41.5692
75745,Russia,Violence against civilians,58.3247,81.5294
75746,Russia,Violence against civilians,58.3247,81.5294
75747,Russia,Violence against civilians,58.3247,81.5294
75748,Russia,Violence against civilians,58.3247,81.5294
75749,Russia,Explosions/Remote violence,53.8995,37.3902
75750,Russia,Explosions/Remote violence,53.8995,37.3902
75751,Russia,Explosions/Remote violence,53.8995,37.3902
75752,Russia,Explosions/Remote violence,53.8995,37.3902
75753,Russia,Explosions/Remote violence,53.8995,37.3902
75754,Russia,Explosions/Remote violence,53.8995,37.3902
75755,Russia,Explosions/Remote violence,53.8995,37.3902
75756,Russia,Explosions/Remote violence,53.8995,37.3902
75757,Russia,Explosions/Remote violence,53.8995,37.3902
75758,Russia,Explosions/Remote violence,53.8995,37.3902
75759,Russia,Explosions/Remote violence,53.8995,37.3902
75760,Russia,Explosions/Remote violence,53.8995,37.3902
75761,Russia,Explosions/Remote violence,53.8995,37.3902
75762,Russia,Explosions/Remote violence,53.8995,37.3902
75763,Russia,Explosions/Remote violence,53.8995,37.3902
75764,Russia,Explosions/Remote violence,53.8995,37.3902
75765,Russia,Explosions/Remote violence,53.8995,37.3902
75766,Russia,Explosions/Remote violence,53.8995,37.3902
75767,Russia,Explosions/Remote violence,53.8995,37.3902
75768,Russia,Explosions/Remote violence,53.8995,37.3902
75852,Russia,Violence against civilians,53.8995,37.3902
75853,Russia,Violence against civilians,53.8995,37.3902
75854,Russia,Violence against civilians,53.8995,37.3902
75855,Russia,Violence against civilians,53.8995,37.3902
75856,Russia,Violence against civilians,53.8995,37.3902
75857,Russia,Explosions/Remote violence,57.2478,35.3202
75858,Russia,Explosions/Remote violence,57.2478,35.3202
75859,Russia,Explosions/Remote violence,57.2478,35.3202
75860,Russia,Explosions/Remote violence,57.2478,35.3202
75861,Russia,Explosions/Remote violence,57.2478,35.3202
75862,Russia,Explosions/Remote violence,57.2478,35.3202
75863,Russia,Explosions/Remote violence,57.2478,35.3202
75864,Russia,Explosions/Remote violence,57.2478,35.3202
75865,Russia,Explosions/Remote violence,57.2478,35.3202
75866,Russia,Explosions/Remote violence,57.2478,35.3202
75867,Russia,Explosions/Remote violence,57.2478,35.3202
75868,Russia,Explosions/Remote violence,57.2478,35.3202
75869,Russia,Explosions/Remote violence,57.2478,35.3202
75925,Russia,Violence against civilians,57.2478,35.3202
75926,Russia,Violence against civilians,57.2478,35.3202
75927,Russia,Violence against civilians,57.2478,35.3202
75928,Russia,Violence against civilians,57.2478,35.3202
75929,Russia,Violence against civilians,57.2478,35.3202
75930,Russia,Violence against civilians,57.2478,35.3202
75931,Russia,Violence against civilians,57.2478,35.3202
75932,Russia,Violence against civilians,57.2478,35.3202
75933,Russia,Violence against civilians,57.2478,35.3202
75938,Russia,Explosions/Remote violence,57.5679,67.8396
76018,Russia,Violence against civilians,57.5679,67.8396
76019,Russia,Violence against civilians,57.5679,67.8396
76020,Russia,Violence against civilians,57.5679,67.8396
76021,Russia,Violence against civilians,57.5679,67.8396
76022,Russia,Violence against civilians,57.5679,67.8396
76023,Russia,Violence against civilians,57.5679,67.8396
76025,Russia,Explosions/Remote violence,57.1983,52.7618
76026,Russia,Explosions/Remote violence,57.1983,52.7618
76098,Russia,Riots,57.1983,52.7618
76112,Russia,Violence against civilians,57.1983,52.7618
76113,Russia,Violence against civilians,57.1983,52.7618
76114,Russia,Violence against civilians,57.1983,52.7618
76115,Russia,Explosions/Remote violence,53.7123,47.4211
76177,Russia,Riots,53.7123,47.4211
76184,Russia,Violence against civilians,53.7123,47.4211
76185,Russia,Violence against civilians,53.7123,47.4211
76186,Russia,Violence against civilians,53.7123,47.4211
76187,Russia,Violence against civilians,53.7123,47.4211
76188,Russia,Violence against civilians,53.7123,47.4211
76189,Russia,Violence against civilians,53.7123,47.4211
76190,Russia,Violence against civilians,53.7123,47.4211
76191,Russia,Explosions/Remote violence,55.957,40.6536
76192,Russia,Explosions/Remote violence,55.957,40.6536
76193,Russia,Explosions/Remote violence,55.957,40.6536
76194,Russia,Explosions/Remote violence,55.957,40.6536
76195,Russia,Explosions/Remote violence,55.957,40.6536
76196,Russia,Explosions/Remote violence,55.957,40.6536
76197,Russia,Explosions/Remote violence,55.957,40.6536
76198,Russia,Explosions/Remote violence,55.957,40.6536
76281,Russia,Violence against civilians,55.957,40.6536
76282,Russia,Violence against civilians,55.957,40.6536
76283,Russia,Violence against civilians,55.957,40.6536
76284,Russia,Violence against civilians,55.957,40.6536
76285,Russia,Violence against civilians,55.957,40.6536
76286,Russia,Violence against civilians,55.957,40.6536
76287,Russia,Violence against civilians,55.957,40.6536
76288,Russia,Violence against civilians,55.957,40.6536
76289,Russia,Violence against civilians,55.957,40.6536
76290,Russia,Violence against civilians,55.957,40.6536
76291,Russia,Violence against civilians,55.957,40.6536
76292,Russia,Violence against civilians,55.957,40.6536
76293,Russia,Violence against civilians,55.957,40.6536
76294,Russia,Violence against civilians,55.957,40.6536
76295,Russia,Violence against civilians,55.957,40.6536
76296,Russia,Violence against civilians,55.957,40.6536
76297,Russia,Violence against civilians,55.957,40.6536
76298,Russia,Violence against civilians,55.957,40.6536
76299,Russia,Violence against civilians,55.957,40.6536
76300,Russia,Violence against civilians,55.957,40.6536
76301,Russia,Violence against civilians,55.957,40.6536
76302,Russia,Violence against civilians,55.957,40.6536
76303,Russia,Violence against civilians,55.957,40.6536
76305,Russia,Explosions/Remote violence,49.3455,44.407
76306,Russia,Explosions/Remote violence,49.3455,44.407
76307,Russia,Explosions/Remote violence,49.3455,44.407
76308,Russia,Explosions/Remote violence,49.3455,44.407
76309,Russia,Explosions/Remote violence,49.3455,44.407
76310,Russia,Explosions/Remote violence,49.3455,44.407
76311,Russia,Explosions/Remote violence,49.3455,44.407
76312,Russia,Explosions/Remote violence,49.3455,44.407
76313,Russia,Explosions/Remote violence,49.3455,44.407
76314,Russia,Explosions/Remote violence,49.3455,44.407
76315,Russia,Explosions/Remote violence,49.3455,44.407
76316,Russia,Explosions/Remote violence,49.3455,44.407
76317,Russia,Explosions/Remote violence,49.3455,44.407
76318,Russia,Explosions/Remote violence,49.3455,44.407
76319,Russia,Explosions/Remote violence,49.3455,44.407
76320,Russia,Explosions/Remote violence,49.3455,44.407
76321,Russia,Explosions/Remote violence,49.3455,44.407
76322,Russia,Explosions/Remote violence,49.3455,44.407
76323,Russia,Explosions/Remote violence,49.3455,44.407
76324,Russia,Explosions/Remote violence,49.3455,44.407
76325,Russia,Explosions/Remote violence,49.3455,44.407
76326,Russia,Explosions/Remote violence,49.3455,44.407
76327,Russia,Explosions/Remote violence,49.3455,44.407
76328,Russia,Explosions/Remote violence,49.3455,44.407
76329,Russia,Explosions/Remote violence,49.3455,44.407
76502,Russia,Riots,49.3455,44.407
76503,Russia,Riots,49.3455,44.407
76564,Russia,Violence against civilians,49.3455,44.407
76565,Russia,Violence against civilians,49.3455,44.407
76566,Russia,Violence against civilians,49.3455,44.407
76567,Russia,Violence against civilians,49.3455,44.407
76568,Russia,Violence against civilians,49.3455,44.407
76569,Russia,Violence against civilians,49.3455,44.407
76570,Russia,Violence against civilians,49.3455,44.407
76571,Russia,Violence against civilians,49.3455,44.407
76572,Russia,Violence against civilians,49.3455,44.407
76573,Russia,Violence against civilians,49.3455,44.407
76574,Russia,Violence against civilians,49.3455,44.407
76575,Russia,Violence against civilians,49.3455,44.407
76576,Russia,Violence against civilians,49.3455,44.407
76577,Russia,Violence against civilians,49.3455,44.407
76578,Russia,Violence against civilians,49.3455,44.407
76579,Russia,Explosions/Remote violence,60.0458,40.9497
76619,Russia,Riots,60.0458,40.9497
76628,Russia,Violence against civilians,60.0458,40.9497
76629,Russia,Violence against civilians,60.0458,40.9497
76630,Russia,Violence against civilians,60.0458,40.9497
76631,Russia,Violence against civilians,60.0458,40.9497
76632,Russia,Violence against civilians,60.0458,40.9497
76633,Russia,Violence against civilians,60.0458,40.9497
76636,Russia,Explosions/Remote violence,50.8307,40.0384
76637,Russia,Explosions/Remote violence,50.8307,40.0384
76638,Russia,Explosions/Remote violence,50.8307,40.0384
76639,Russia,Explosions/Remote violence,50.8307,40.0384
76640,Russia,Explosions/Remote violence,50.8307,40.0384
76641,Russia,Explosions/Remote violence,50.8307,40.0384
76642,Russia,Explosions/Remote violence,50.8307,40.0384
76643,Russia,Explosions/Remote violence,50.8307,40.0384
76644,Russia,Explosions/Remote violence,50.8307,40.0384
76645,Russia,Explosions/Remote violence,50.8307,40.0384
76646,Russia,Explosions/Remote violence,50.8307,40.0384
76647,Russia,Explosions/Remote violence,50.8307,40.0384
76648,Russia,Explosions/Remote violence,50.8307,40.0384
76649,Russia,Explosions/Remote violence,50.8307,40.0384
76650,Russia,Explosions/Remote violence,50.8307,40.0384
76651,Russia,Explosions/Remote violence,50.8307,40.0384
76652,Russia,Explosions/Remote violence,50.8307,40.0384
76653,Russia,Explosions/Remote violence,50.8307,40.0384
76654,Russia,Explosions/Remote violence,50.8307,40.0384
76655,Russia,Explosions/Remote violence,50.8307,40.0384
76656,Russia,Explosions/Remote violence,50.8307,40.0384
76657,Russia,Explosions/Remote violence,50.8307,40.0384
76658,Russia,Explosions/Remote violence,50.8307,40.0384
76659,Russia,Explosions/Remote violence,50.8307,40.0384
76660,Russia,Explosions/Remote violence,50.8307,40.0384
76661,Russia,Explosions/Remote violence,50.8307,40.0384
76662,Russia,Explosions/Remote violence,50.8307,40.0384
76663,Russia,Explosions/Remote violence,50.8307,40.0384
76664,Russia,Explosions/Remote violence,50.8307,40.0384
76665,Russia,Explosions/Remote violence,50.8307,40.0384
76666,Russia,Explosions/Remote violence,50.8307,40.0384
76667,Russia,Explosions/Remote violence,50.8307,40.0384
76668,Russia,Explosions/Remote violence,50.8307,40.0384
76669,Russia,Explosions/Remote violence,50.8307,40.0384
76670,Russia,Explosions/Remote violence,50.8307,40.0384
76671,Russia,Explosions/Remote violence,50.8307,40.0384
76672,Russia,Explosions/Remote violence,50.8307,40.0384
76673,Russia,Explosions/Remote violence,50.8307,40.0384
76674,Russia,Explosions/Remote violence,50.8307,40.0384
76675,Russia,Explosions/Remote violence,50.8307,40.0384
76676,Russia,Explosions/Remote violence,50.8307,40.0384
76677,Russia,Explosions/Remote violence,50.8307,40.0384
76678,Russia,Explosions/Remote violence,50.8307,40.0384
76679,Russia,Explosions/Remote violence,50.8307,40.0384
76680,Russia,Explosions/Remote violence,50.8307,40.0384
76681,Russia,Explosions/Remote violence,50.8307,40.0384
76682,Russia,Explosions/Remote violence,50.8307,40.0384
76683,Russia,Explosions/Remote violence,50.8307,40.0384
76684,Russia,Explosions/Remote violence,50.8307,40.0384
76685,Russia,Explosions/Remote violence,50.8307,40.0384
76686,Russia,Explosions/Remote violence,50.8307,40.0384
76687,Russia,Explosions/Remote violence,50.8307,40.0384
76688,Russia,Explosions/Remote violence,50.8307,40.0384
76689,Russia,Explosions/Remote violence,50.8307,40.0384
76690,Russia,Explosions/Remote violence,50.8307,40.0384
76691,Russia,Explosions/Remote violence,50.8307,40.0384
76692,Russia,Explosions/Remote violence,50.8307,40.0384
76693,Russia,Explosions/Remote violence,50.8307,40.0384
76864,Russia,Violence against civilians,50.8307,40.0384
76865,Russia,Violence against civilians,50.8307,40.0384
76866,Russia,Violence against civilians,50.8307,40.0384
76867,Russia,Violence against civilians,50.8307,40.0384
76868,Russia,Violence against civilians,50.8307,40.0384
76869,Russia,Violence against civilians,50.8307,40.0384
76870,Russia,Violence against civilians,50.8307,40.0384
76871,Russia,Violence against civilians,50.8307,40.0384
76872,Russia,Violence against civilians,50.8307,40.0384
76873,Russia,Violence against civilians,50.8307,40.0384
76874,Russia,Violence against civilians,50.8307,40.0384
76875,Russia,Violence against civilians,50.8307,40.0384
76876,Russia,Violence against civilians,50.8307,40.0384
76877,Russia,Violence against civilians,50.8307,40.0384
76878,Russia,Violence against civilians,50.8307,40.0384
76879,Russia,Violence against civilians,50.8307,40.0384
76880,Russia,Violence against civilians,50.8307,40.0384
76905,Russia,Violence against civilians,67.5743,69.2861
76906,Russia,Violence against civilians,67.5743,69.2861
76907,Russia,Explosions/Remote violence,57.7472,39.1041
76908,Russia,Explosions/Remote violence,57.7472,39.1041
76999,Russia,Violence against civilians,57.7472,39.1041
77000,Russia,Violence against civilians,57.7472,39.1041
77001,Russia,Violence against civilians,57.7472,39.1041
77002,Russia,Violence against civilians,57.7472,39.1041
77003,Russia,Violence against civilians,57.7472,39.1041
77004,Russia,Violence against civilians,57.7472,39.1041
77005,Russia,Violence against civilians,57.7472,39.1041
77006,Russia,Violence against civilians,57.7472,39.1041
77007,Russia,Violence against civilians,57.7472,39.1041
77008,Russia,Violence against civilians,57.7472,39.1041
77009,Russia,Violence against civilians,57.7472,39.1041
77010,Russia,Violence against civilians,57.7472,39.1041
77011,Russia,Violence against civilians,57.7472,39.1041
77013,Russia,Explosions/Remote violence,53.7962,118.1383
77069,Russia,Violence against civilians,53.7962,118.1383
77070,Russia,Violence against civilians,53.7962,118.1383
77071,Russia,Violence against civilians,53.7962,118.1383
77072,Russia,Violence against civilians,53.7962,118.1383
77073,Russia,Violence against civilians,53.7962,118.1383
77074,Russia,Violence against civilians,53.7962,118.1383
77075,Russia,Violence against civilians,53.7962,118.1383
77076,Russia,Violence against civilians,53.7962,118.1383
77077,Russia,Violence against civilians,53.7962,118.1383
77078,Russia,Violence against civilians,53.7962,118.1383
77079,Russia,Violence against civilians,53.7962,118.1383
77111,Serbia,Explosions/Remote violence,44.6781,20.3803
77112,Serbia,Explosions/Remote violence,44.6781,20.3803
77113,Serbia,Explosions/Remote violence,44.6781,20.3803
77114,Serbia,Explosions/Remote violence,44.6781,20.3803
77115,Serbia,Explosions/Remote violence,44.6781,20.3803
77116,Serbia,Explosions/Remote violence,44.6781,20.3803
77117,Serbia,Explosions/Remote violence,44.6781,20.3803
77118,Serbia,Explosions/Remote violence,44.6781,20.3803
77119,Serbia,Explosions/Remote violence,44.6781,20.3803
77120,Serbia,Explosions/Remote violence,44.6781,20.3803
77121,Serbia,Explosions/Remote violence,44.6781,20.3803
77122,Serbia,Explosions/Remote violence,44.6781,20.3803
77123,Serbia,Explosions/Remote violence,44.6781,20.3803
77124,Serbia,Explosions/Remote violence,44.6781,20.3803
77540,Serbia,Riots,44.6781,20.3803
77541,Serbia,Riots,44.6781,20.3803
77542,Serbia,Riots,44.6781,20.3803
77543,Serbia,Riots,44.6781,20.3803
77544,Serbia,Riots,44.6781,20.3803
77545,Serbia,Riots,44.6781,20.3803
77546,Serbia,Riots,44.6781,20.3803
77547,Serbia,Riots,44.6781,20.3803
77548,Serbia,Riots,44.6781,20.3803
77549,Serbia,Riots,44.6781,20.3803
77550,Serbia,Riots,44.6781,20.3803
77551,Serbia,Riots,44.6781,20.3803
77552,Serbia,Riots,44.6781,20.3803
77553,Serbia,Riots,44.6781,20.3803
77554,Serbia,Riots,44.6781,20.3803
77555,Serbia,Riots,44.6781,20.3803
77556,Serbia,Riots,44.6781,20.3803
77557,Serbia,Riots,44.6781,20.3803
77558,Serbia,Riots,44.6781,20.3803
77559,Serbia,Riots,44.6781,20.3803
77560,Serbia,Riots,44.6781,20.3803
77561,Serbia,Riots,44.6781,20.3803
77562,Serbia,Riots,44.6781,20.3803
77563,Serbia,Riots,44.6781,20.3803
77564,Serbia,Riots,44.6781,20.3803
77565,Serbia,Riots,44.6781,20.3803
77566,Serbia,Riots,44.6781,20.3803
77567,Serbia,Riots,44.6781,20.3803
77568,Serbia,Riots,44.6781,20.3803
77569,Serbia,Riots,44.6781,20.3803
77570,Serbia,Riots,44.6781,20.3803
77571,Serbia,Riots,44.6781,20.3803
77572,Serbia,Riots,44.6781,20.3803
77573,Serbia,Riots,44.6781,20.3803
77574,Serbia,Riots,44.6781,20.3803
77575,Serbia,Riots,44.6781,20.3803
77576,Serbia,Riots,44.6781,20.3803
77577,Serbia,Riots,44.6781,20.3803
77578,Serbia,Riots,44.6781,20.3803
77635,Serbia,Violence against civilians,44.6781,20.3803
77636,Serbia,Violence against civilians,44.6781,20.3803
77637,Serbia,Violence against civilians,44.6781,20.3803
77638,Serbia,Violence against civilians,44.6781,20.3803
77639,Serbia,Violence against civilians,44.6781,20.3803
77640,Serbia,Violence against civilians,44.6781,20.3803
77641,Serbia,Violence against civilians,44.6781,20.3803
77642,Serbia,Violence against civilians,44.6781,20.3803
77643,Serbia,Violence against civilians,44.6781,20.3803
77644,Serbia,Violence against civilians,44.6781,20.3803
77645,Serbia,Violence against civilians,44.6781,20.3803
77646,Serbia,Violence against civilians,44.6781,20.3803
77647,Serbia,Violence against civilians,44.6781,20.3803
77648,Serbia,Violence against civilians,44.6781,20.3803
77649,Serbia,Violence against civilians,44.6781,20.3803
77650,Serbia,Violence against civilians,44.6781,20.3803
77651,Serbia,Violence against civilians,44.6781,20.3803
77652,Serbia,Violence against civilians,44.6781,20.3803
77653,Serbia,Violence against civilians,44.6781,20.3803
77654,Serbia,Violence against civilians,44.6781,20.3803
77655,Serbia,Violence against civilians,44.6781,20.3803
77656,Serbia,Violence against civilians,44.6781,20.3803
77657,Serbia,Violence against civilians,44.6781,20.3803
77658,Serbia,Violence against civilians,44.6781,20.3803
77659,Serbia,Violence against civilians,44.6781,20.3803
77660,Serbia,Violence against civilians,44.6781,20.3803
77661,Serbia,Violence against civilians,44.6781,20.3803
77662,Serbia,Violence against civilians,44.6781,20.3803
77663,Serbia,Violence against civilians,44.6781,20.3803
77664,Serbia,Violence against civilians,44.6781,20.3803
77665,Serbia,Violence against civilians,44.6781,20.3803
77729,Serbia,Riots,44.3101,22.2281
77730,Serbia,Riots,44.3101,22.2281
77731,Serbia,Violence against civilians,44.3101,22.2281
77895,Serbia,Violence against civilians,45.4356,20.5141
77896,Serbia,Violence against civilians,45.4356,20.5141
77897,Serbia,Violence against civilians,45.4356,20.5141
77898,Serbia,Explosions/Remote violence,42.9175,21.9206
77899,Serbia,Explosions/Remote violence,42.9175,21.9206
77985,Serbia,Riots,42.9175,21.9206
77986,Serbia,Violence against civilians,42.9175,21.9206
77987,Serbia,Violence against civilians,42.9175,21.9206
77988,Serbia,Violence against civilians,42.9175,21.9206
77989,Serbia,Violence against civilians,42.9175,21.9206
78078,Serbia,Riots,44.329,19.8553
78079,Serbia,Riots,44.329,19.8553
78080,Serbia,Riots,44.329,19.8553
78084,Serbia,Violence against civilians,44.329,19.8553
78085,Serbia,Violence against civilians,44.329,19.8553
78194,Serbia,Riots,44.5193,19.5054
78195,Serbia,Riots,44.5193,19.5054
78196,Serbia,Riots,44.5193,19.5054
78197,Serbia,Riots,44.5193,19.5054
78198,Serbia,Riots,44.5193,19.5054
78204,Serbia,Violence against civilians,44.5193,19.5054
78205,Serbia,Violence against civilians,44.5193,19.5054
78338,Serbia,Riots,43.7718,20.3314
78339,Serbia,Riots,43.7718,20.3314
78340,Serbia,Riots,43.7718,20.3314
78341,Serbia,Riots,43.7718,20.3314
78342,Serbia,Riots,43.7718,20.3314
78345,Serbia,Violence against civilians,43.7718,20.3314
78346,Serbia,Explosions/Remote violence,43.4403,21.957
78347,Serbia,Explosions/Remote violence,43.4403,21.957
78348,Serbia,Explosions/Remote violence,43.4403,21.957
78553,Serbia,Riots,43.4403,21.957
78554,Serbia,Riots,43.4403,21.957
78555,Serbia,Riots,43.4403,21.957
78560,Serbia,Violence against civilians,43.4403,21.957
78561,Serbia,Violence against civilians,43.4403,21.957
78562,Serbia,Violence against civilians,43.4403,21.957
78563,Serbia,Violence against civilians,43.4403,21.957
78564,Serbia,Violence against civilians,43.4403,21.957
78565,Serbia,Violence against civilians,43.4403,21.957
78566,Serbia,Violence against civilians,43.4403,21.957
78567,Serbia,Violence against civilians,43.4403,21.957
78568,Serbia,Violence against civilians,43.4403,21.957
78569,Serbia,Explosions/Remote violence,45.9018,19.5845
78637,Serbia,Violence against civilians,45.9018,19.5845
78670,Serbia,Violence against civilians,45.8889,20.1907
78755,Serbia,Riots,42.5318,22.1022
78756,Serbia,Riots,42.5318,22.1022
78758,Serbia,Violence against civilians,42.5318,22.1022
78759,Serbia,Violence against civilians,42.5318,22.1022
78760,Serbia,Violence against civilians,42.5318,22.1022
78761,Serbia,Violence against civilians,42.5318,22.1022
78762,Serbia,Explosions/Remote violence,43.133,22.6348
78814,Serbia,Riots,43.133,22.6348
78815,Serbia,Riots,43.133,22.6348
78816,Serbia,Violence against civilians,43.133,22.6348
78817,Serbia,Violence against civilians,43.133,22.6348
78869,Serbia,Riots,44.4704,21.008
78929,Serbia,Riots,44.0219,21.4413
79006,Serbia,Riots,43.4924,21.18
79007,Serbia,Riots,43.4924,21.18
79008,Serbia,Violence against civilians,43.4924,21.18
79010,Serbia,Explosions/Remote violence,43.3579,20.645
79131,Serbia,Riots,43.3579,20.645
79132,Serbia,Riots,43.3579,20.645
79133,Serbia,Riots,43.3579,20.645
79134,Serbia,Riots,43.3579,20.645
79135,Serbia,Riots,43.3579,20.645
79139,Serbia,Violence against civilians,43.3579,20.645
79140,Serbia,Violence against civilians,43.3579,20.645
79141,Serbia,Violence against civilians,43.3579,20.645
79142,Serbia,Explosions/Remote violence,45.4485,19.7684
79143,Serbia,Explosions/Remote violence,45.4485,19.7684
79373,Serbia,Riots,45.4485,19.7684
79374,Serbia,Riots,45.4485,19.7684
79375,Serbia,Riots,45.4485,19.7684
79376,Serbia,Riots,45.4485,19.7684
79377,Serbia,Riots,45.4485,19.7684
79378,Serbia,Riots,45.4485,19.7684
79379,Serbia,Riots,45.4485,19.7684
79380,Serbia,Riots,45.4485,19.7684
79381,Serbia,Riots,45.4485,19.7684
79382,Serbia,Riots,45.4485,19.7684
79383,Serbia,Riots,45.4485,19.7684
79384,Serbia,Riots,45.4485,19.7684
79385,Serbia,Riots,45.4485,19.7684
79386,Serbia,Riots,45.4485,19.7684
79387,Serbia,Riots,45.4485,19.7684
79388,Serbia,Riots,45.4485,19.7684
79389,Serbia,Riots,45.4485,19.7684
79390,Serbia,Riots,45.4485,19.7684
79391,Serbia,Riots,45.4485,19.7684
79410,Serbia,Violence against civilians,45.4485,19.7684
79411,Serbia,Violence against civilians,45.4485,19.7684
79412,Serbia,Violence against civilians,45.4485,19.7684
79413,Serbia,Violence against civilians,45.4485,19.7684
79414,Serbia,Violence against civilians,45.4485,19.7684
79415,Serbia,Violence against civilians,45.4485,19.7684
79416,Serbia,Violence against civilians,45.4485,19.7684
79417,Serbia,Violence against civilians,45.4485,19.7684
79418,Serbia,Violence against civilians,45.4485,19.7684
79419,Serbia,Violence against civilians,45.4485,19.7684
79420,Serbia,Violence against civilians,45.4485,19.7684
79421,Serbia,Violence against civilians,45.4485,19.7684
79422,Serbia,Violence against civilians,45.4485,19.7684
79423,Serbia,Violence against civilians,45.4485,19.7684
79424,Serbia,Violence against civilians,45.4485,19.7684
79425,Serbia,Violence against civilians,45.4485,19.7684
79426,Serbia,Violence against civilians,45.4485,19.7684
79427,Serbia,Violence against civilians,45.4485,19.7684
79428,Serbia,Violence against civilians,45.4485,19.7684
79429,Serbia,Violence against civilians,45.4485,19.7684
79500,Serbia,Riots,44.9934,20.9404
79501,Serbia,Riots,44.9934,20.9404
79502,Serbia,Riots,44.9934,20.9404
79506,Serbia,Violence against civilians,44.9934,20.9404
79507,Serbia,Violence against civilians,44.9934,20.9404
79569,Serbia,Riots,44.9188,19.9727
79572,Serbia,Violence against civilians,44.9188,19.9727
79573,Serbia,Violence against civilians,44.9188,19.9727
79574,Serbia,Violence against civilians,44.9188,19.9727
79737,Serbia,Riots,44.1198,20.8532
79738,Serbia,Riots,44.1198,20.8532
79739,Serbia,Riots,44.1198,20.8532
79744,Serbia,Violence against civilians,44.1198,20.8532
79745,Serbia,Violence against civilians,44.1198,20.8532
79747,Serbia,Explosions/Remote violence,43.134,21.4504
79748,Serbia,Explosions/Remote violence,43.134,21.4504
79814,Serbia,Violence against civilians,43.134,21.4504
79865,Serbia,Violence against civilians,45.7281,19.2383
79929,Serbia,Riots,43.7561,22.0387
79930,Serbia,Riots,43.7561,22.0387
79932,Serbia,Violence against civilians,43.7561,22.0387
79933,Serbia,Violence against civilians,43.7561,22.0387
79934,Serbia,Violence against civilians,43.7561,22.0387
79935,Serbia,Explosions/Remote violence,43.5872,19.7625
80046,Serbia,Riots,43.5872,19.7625
80047,Serbia,Riots,43.5872,19.7625
80052,Serbia,Violence against civilians,43.5872,19.7625
80053,Serbia,Violence against civilians,43.5872,19.7625
80054,Serbia,Violence against civilians,43.5872,19.7625
80110,Slovakia,Riots,48.5001,19.4198
80116,Slovakia,Violence against civilians,48.5001,19.4198
80303,Slovakia,Riots,48.3292,17.1806
80304,Slovakia,Riots,48.3292,17.1806
80305,Slovakia,Riots,48.3292,17.1806
80306,Slovakia,Riots,48.3292,17.1806
80307,Slovakia,Riots,48.3292,17.1806
80308,Slovakia,Riots,48.3292,17.1806
80309,Slovakia,Riots,48.3292,17.1806
80338,Slovakia,Violence against civilians,48.3292,17.1806
80339,Slovakia,Violence against civilians,48.3292,17.1806
80340,Slovakia,Violence against civilians,48.3292,17.1806
80404,Slovakia,Riots,48.6762,21.2901
80405,Slovakia,Riots,48.6762,21.2901
80406,Slovakia,Riots,48.6762,21.2901
80428,Slovakia,Violence against civilians,48.6762,21.2901
80519,Slovakia,Riots,49.112,21.1875
80520,Slovakia,Riots,49.112,21.1875
80555,Slovakia,Riots,48.9035,18.2294
80558,Slovakia,Violence against civilians,48.9035,18.2294
80600,Slovakia,Riots,48.3179,17.649
80601,Slovakia,Riots,48.3179,17.649
80603,Slovakia,Violence against civilians,48.3179,17.649
80670,Slovenia,Riots,45.9378,15.633
80732,Slovenia,Riots,45.6311,14.8679
80766,Slovenia,Riots,45.9462,15.4607
80980,Slovenia,Riots,46.06,14.5913
80981,Slovenia,Riots,46.06,14.5913
80982,Slovenia,Riots,46.06,14.5913
80983,Slovenia,Riots,46.06,14.5913
80984,Slovenia,Riots,46.06,14.5913
80985,Slovenia,Riots,46.06,14.5913
80986,Slovenia,Riots,46.06,14.5913
80987,Slovenia,Riots,46.06,14.5913
80988,Slovenia,Riots,46.06,14.5913
80989,Slovenia,Riots,46.06,14.5913
81011,Slovenia,Violence against civilians,46.06,14.5913
81012,Slovenia,Violence against civilians,46.06,14.5913
81013,Slovenia,Violence against civilians,46.06,14.5913
81074,Slovenia,Riots,46.567,15.6315
81108,Slovenia,Riots,45.7808,15.2102
81109,Slovenia,Riots,45.7808,15.2102
81130,Slovenia,Riots,45.7287,14.7399
81132,Slovenia,Violence against civilians,45.7287,14.7399
81140,Slovenia,Riots,45.8251,15.3188
81182,Spain,Explosions/Remote violence,36.0148,-3.3309
81490,Spain,Riots,37.3647,-4.5425
81491,Spain,Riots,37.3647,-4.5425
81492,Spain,Riots,37.3647,-4.5425
81493,Spain,Riots,37.3647,-4.5425
81494,Spain,Riots,37.3647,-4.5425
81495,Spain,Riots,37.3647,-4.5425
81496,Spain,Riots,37.3647,-4.5425
81497,Spain,Riots,37.3647,-4.5425
81498,Spain,Riots,37.3647,-4.5425
81499,Spain,Riots,37.3647,-4.5425
81500,Spain,Riots,37.3647,-4.5425
81501,Spain,Riots,37.3647,-4.5425
81502,Spain,Riots,37.3647,-4.5425
81503,Spain,Riots,37.3647,-4.5425
81504,Spain,Riots,37.3647,-4.5425
81505,Spain,Riots,37.3647,-4.5425
81506,Spain,Riots,37.3647,-4.5425
81507,Spain,Riots,37.3647,-4.5425
81508,Spain,Riots,37.3647,-4.5425
81509,Spain,Riots,37.3647,-4.5425
81510,Spain,Riots,37.3647,-4.5425
81511,Spain,Riots,37.3647,-4.5425
81512,Spain,Riots,37.3647,-4.5425
81513,Spain,Riots,37.3647,-4.5425
81514,Spain,Riots,37.3647,-4.5425
81515,Spain,Riots,37.3647,-4.5425
81516,Spain,Riots,37.3647,-4.5425
81517,Spain,Riots,37.3647,-4.5425
81518,Spain,Riots,37.3647,-4.5425
81519,Spain,Riots,37.3647,-4.5425
81520,Spain,Riots,37.3647,-4.5425
81521,Spain,Riots,37.3647,-4.5425
81522,Spain,Riots,37.3647,-4.5425
81523,Spain,Riots,37.3647,-4.5425
81524,Spain,Riots,37.3647,-4.5425
81525,Spain,Riots,37.3647,-4.5425
81526,Spain,Riots,37.3647,-4.5425
81527,Spain,Riots,37.3647,-4.5425
81528,Spain,Riots,37.3647,-4.5425
81529,Spain,Riots,37.3647,-4.5425
81530,Spain,Riots,37.3647,-4.5425
81531,Spain,Riots,37.3647,-4.5425
81532,Spain,Riots,37.3647,-4.5425
81533,Spain,Riots,37.3647,-4.5425
81534,Spain,Riots,37.3647,-4.5425
81535,Spain,Riots,37.3647,-4.5425
81542,Spain,Violence against civilians,37.3647,-4.5425
81543,Spain,Violence against civilians,37.3647,-4.5425
81544,Spain,Violence against civilians,37.3647,-4.5425
81777,Spain,Riots,41.3853,-0.8397
81778,Spain,Riots,41.3853,-0.8397
81779,Spain,Riots,41.3853,-0.8397
81780,Spain,Riots,41.3853,-0.8397
82044,Spain,Riots,43.2705,-5.8537
82045,Spain,Riots,43.2705,-5.8537
82046,Spain,Riots,43.2705,-5.8537
82047,Spain,Riots,43.2705,-5.8537
82048,Spain,Riots,43.2705,-5.8537
82049,Spain,Riots,43.2705,-5.8537
82050,Spain,Riots,43.2705,-5.8537
82051,Spain,Riots,43.2705,-5.8537
82052,Spain,Riots,43.2705,-5.8537
82053,Spain,Riots,43.2705,-5.8537
82054,Spain,Riots,43.2705,-5.8537
82055,Spain,Riots,43.2705,-5.8537
82056,Spain,Riots,43.2705,-5.8537
82057,Spain,Riots,43.2705,-5.8537
82058,Spain,Riots,43.2705,-5.8537
82298,Spain,Riots,28.2931,-16.6215
82299,Spain,Riots,28.2931,-16.6215
82300,Spain,Riots,28.2931,-16.6215
82301,Spain,Riots,28.2931,-16.6215
82302,Spain,Riots,28.2931,-16.6215
82303,Spain,Riots,28.2931,-16.6215
82304,Spain,Riots,28.2931,-16.6215
82305,Spain,Riots,28.2931,-16.6215
82306,Spain,Riots,28.2931,-16.6215
82308,Spain,Violence against civilians,28.2931,-16.6215
82309,Spain,Violence against civilians,28.2931,-16.6215
82512,Spain,Riots,43.1358,-4.2636
82513,Spain,Riots,43.1358,-4.2636
82514,Spain,Riots,43.1358,-4.2636
82515,Spain,Riots,43.1358,-4.2636
82516,Spain,Riots,43.1358,-4.2636
82517,Spain,Riots,43.1358,-4.2636
82518,Spain,Riots,43.1358,-4.2636
82519,Spain,Riots,43.1358,-4.2636
82520,Spain,Riots,43.1358,-4.2636
82808,Spain,Riots,41.6602,-4.0791
82809,Spain,Riots,41.6602,-4.0791
82810,Spain,Riots,41.6602,-4.0791
82811,Spain,Riots,41.6602,-4.0791
82812,Spain,Riots,41.6602,-4.0791
82813,Spain,Riots,41.6602,-4.0791
82814,Spain,Riots,41.6602,-4.0791
82815,Spain,Riots,41.6602,-4.0791
82816,Spain,Riots,41.6602,-4.0791
82817,Spain,Riots,41.6602,-4.0791
82818,Spain,Riots,41.6602,-4.0791
82819,Spain,Riots,41.6602,-4.0791
82820,Spain,Riots,41.6602,-4.0791
82821,Spain,Riots,41.6602,-4.0791
82822,Spain,Riots,41.6602,-4.0791
82823,Spain,Riots,41.6602,-4.0791
82824,Spain,Riots,41.6602,-4.0791
82825,Spain,Riots,41.6602,-4.0791
82829,Spain,Violence against civilians,41.6602,-4.0791
83031,Spain,Riots,39.6746,-3.2734
83032,Spain,Riots,39.6746,-3.2734
83033,Spain,Riots,39.6746,-3.2734
83034,Spain,Riots,39.6746,-3.2734
83035,Spain,Riots,39.6746,-3.2734
83036,Spain,Riots,39.6746,-3.2734
83037,Spain,Riots,39.6746,-3.2734
83038,Spain,Riots,39.6746,-3.2734
83039,Spain,Violence against civilians,39.6746,-3.2734
83362,Spain,Riots,41.6921,1.5843
83363,Spain,Riots,41.6921,1.5843
83364,Spain,Riots,41.6921,1.5843
83365,Spain,Riots,41.6921,1.5843
83366,Spain,Riots,41.6921,1.5843
83367,Spain,Riots,41.6921,1.5843
83368,Spain,Riots,41.6921,1.5843
83369,Spain,Riots,41.6921,1.5843
83370,Spain,Riots,41.6921,1.5843
83371,Spain,Riots,41.6921,1.5843
83372,Spain,Riots,41.6921,1.5843
83373,Spain,Riots,41.6921,1.5843
83374,Spain,Riots,41.6921,1.5843
83375,Spain,Riots,41.6921,1.5843
83376,Spain,Riots,41.6921,1.5843
83377,Spain,Riots,41.6921,1.5843
83378,Spain,Riots,41.6921,1.5843
83379,Spain,Riots,41.6921,1.5843
83380,Spain,Riots,41.6921,1.5843
83381,Spain,Riots,41.6921,1.5843
83382,Spain,Riots,41.6921,1.5843
83383,Spain,Riots,41.6921,1.5843
83384,Spain,Riots,41.6921,1.5843
83385,Spain,Riots,41.6921,1.5843
83386,Spain,Riots,41.6921,1.5843
83387,Spain,Riots,41.6921,1.5843
83388,Spain,Riots,41.6921,1.5843
83389,Spain,Riots,41.6921,1.5843
83390,Spain,Riots,41.6921,1.5843
83391,Spain,Riots,41.6921,1.5843
83392,Spain,Riots,41.6921,1.5843
83393,Spain,Riots,41.6921,1.5843
83394,Spain,Riots,41.6921,1.5843
83395,Spain,Riots,41.6921,1.5843
83396,Spain,Riots,41.6921,1.5843
83397,Spain,Riots,41.6921,1.5843
83398,Spain,Riots,41.6921,1.5843
83399,Spain,Riots,41.6921,1.5843
83400,Spain,Riots,41.6921,1.5843
83401,Spain,Riots,41.6921,1.5843
83402,Spain,Riots,41.6921,1.5843
83403,Spain,Riots,41.6921,1.5843
83404,Spain,Riots,41.6921,1.5843
83405,Spain,Riots,41.6921,1.5843
83406,Spain,Riots,41.6921,1.5843
83407,Spain,Riots,41.6921,1.5843
83408,Spain,Riots,41.6921,1.5843
83409,Spain,Riots,41.6921,1.5843
83410,Spain,Riots,41.6921,1.5843
83411,Spain,Riots,41.6921,1.5843
83412,Spain,Riots,41.6921,1.5843
83413,Spain,Riots,41.6921,1.5843
83414,Spain,Riots,41.6921,1.5843
83415,Spain,Riots,41.6921,1.5843
83416,Spain,Riots,41.6921,1.5843
83417,Spain,Riots,41.6921,1.5843
83418,Spain,Riots,41.6921,1.5843
83419,Spain,Riots,41.6921,1.5843
83420,Spain,Riots,41.6921,1.5843
83421,Spain,Riots,41.6921,1.5843
83422,Spain,Riots,41.6921,1.5843
83423,Spain,Riots,41.6921,1.5843
83424,Spain,Riots,41.6921,1.5843
83425,Spain,Riots,41.6921,1.5843
83426,Spain,Riots,41.6921,1.5843
83427,Spain,Riots,41.6921,1.5843
83428,Spain,Riots,41.6921,1.5843
83429,Spain,Riots,41.6921,1.5843
83430,Spain,Riots,41.6921,1.5843
83431,Spain,Riots,41.6921,1.5843
83432,Spain,Riots,41.6921,1.5843
83433,Spain,Riots,41.6921,1.5843
83434,Spain,Riots,41.6921,1.5843
83435,Spain,Riots,41.6921,1.5843
83436,Spain,Riots,41.6921,1.5843
83437,Spain,Riots,41.6921,1.5843
83438,Spain,Riots,41.6921,1.5843
83439,Spain,Riots,41.6921,1.5843
83452,Spain,Violence against civilians,41.6921,1.5843
83453,Spain,Violence against civilians,41.6921,1.5843
83454,Spain,Violence against civilians,41.6921,1.5843
83559,Spain,Riots,35.8943,-5.3556
83560,Spain,Riots,35.8943,-5.3556
83561,Spain,Riots,35.8943,-5.3556
83562,Spain,Riots,35.8943,-5.3556
83563,Spain,Riots,35.8943,-5.3556
83564,Spain,Riots,35.8943,-5.3556
83565,Spain,Riots,35.8943,-5.3556
83566,Spain,Violence against civilians,35.8943,-5.3556
83799,Spain,Riots,39.2143,-5.9731
83800,Spain,Riots,39.2143,-5.9731
83801,Spain,Riots,39.2143,-5.9731
83802,Spain,Riots,39.2143,-5.9731
83803,Spain,Riots,39.2143,-5.9731
83804,Spain,Riots,39.2143,-5.9731
83805,Spain,Riots,39.2143,-5.9731
83807,Spain,Violence against civilians,39.2143,-5.9731
84113,Spain,Riots,42.7994,-7.8848
84114,Spain,Riots,42.7994,-7.8848
84115,Spain,Riots,42.7994,-7.8848
84116,Spain,Riots,42.7994,-7.8848
84117,Spain,Riots,42.7994,-7.8848
84118,Spain,Riots,42.7994,-7.8848
84119,Spain,Riots,42.7994,-7.8848
84120,Spain,Riots,42.7994,-7.8848
84121,Spain,Riots,42.7994,-7.8848
84122,Spain,Riots,42.7994,-7.8848
84123,Spain,Riots,42.7994,-7.8848
84124,Spain,Riots,42.7994,-7.8848
84125,Spain,Riots,42.7994,-7.8848
84126,Spain,Riots,42.7994,-7.8848
84127,Spain,Riots,42.7994,-7.8848
84128,Spain,Riots,42.7994,-7.8848
84129,Spain,Riots,42.7994,-7.8848
84130,Spain,Riots,42.7994,-7.8848
84131,Spain,Riots,42.7994,-7.8848
84132,Spain,Riots,42.7994,-7.8848
84133,Spain,Riots,42.7994,-7.8848
84134,Spain,Riots,42.7994,-7.8848
84135,Spain,Riots,42.7994,-7.8848
84136,Spain,Riots,42.7994,-7.8848
84137,Spain,Riots,42.7994,-7.8848
84138,Spain,Riots,42.7994,-7.8848
84139,Spain,Riots,42.7994,-7.8848
84140,Spain,Riots,42.7994,-7.8848
84141,Spain,Riots,42.7994,-7.8848
84142,Spain,Riots,42.7994,-7.8848
84143,Spain,Riots,42.7994,-7.8848
84144,Spain,Riots,42.7994,-7.8848
84145,Spain,Riots,42.7994,-7.8848
84146,Spain,Riots,42.7994,-7.8848
84147,Spain,Riots,42.7994,-7.8848
84148,Spain,Riots,42.7994,-7.8848
84149,Spain,Riots,42.7994,-7.8848
84150,Spain,Riots,42.7994,-7.8848
84151,Spain,Riots,42.7994,-7.8848
84152,Spain,Riots,42.7994,-7.8848
84153,Spain,Riots,42.7994,-7.8848
84154,Spain,Riots,42.7994,-7.8848
84155,Spain,Riots,42.7994,-7.8848
84156,Spain,Riots,42.7994,-7.8848
84157,Spain,Riots,42.7994,-7.8848
84158,Spain,Riots,42.7994,-7.8848
84159,Spain,Riots,42.7994,-7.8848
84434,Spain,Riots,39.6136,2.8888
84435,Spain,Riots,39.6136,2.8888
84436,Spain,Riots,39.6136,2.8888
84437,Spain,Riots,39.6136,2.8888
84438,Spain,Riots,39.6136,2.8888
84439,Spain,Riots,39.6136,2.8888
84440,Spain,Riots,39.6136,2.8888
84632,Spain,Riots,42.2824,-2.4826
84633,Spain,Riots,42.2824,-2.4826
84634,Spain,Riots,42.2824,-2.4826
84635,Spain,Explosions/Remote violence,40.5251,-3.771
84959,Spain,Riots,40.5251,-3.771
84960,Spain,Riots,40.5251,-3.771
84961,Spain,Riots,40.5251,-3.771
84962,Spain,Riots,40.5251,-3.771
84963,Spain,Riots,40.5251,-3.771
84964,Spain,Riots,40.5251,-3.771
84965,Spain,Riots,40.5251,-3.771
84966,Spain,Riots,40.5251,-3.771
84967,Spain,Riots,40.5251,-3.771
84968,Spain,Riots,40.5251,-3.771
84969,Spain,Riots,40.5251,-3.771
84970,Spain,Riots,40.5251,-3.771
84971,Spain,Riots,40.5251,-3.771
84972,Spain,Riots,40.5251,-3.771
84973,Spain,Riots,40.5251,-3.771
84974,Spain,Riots,40.5251,-3.771
84975,Spain,Riots,40.5251,-3.771
84976,Spain,Riots,40.5251,-3.771
84977,Spain,Riots,40.5251,-3.771
84978,Spain,Riots,40.5251,-3.771
84979,Spain,Riots,40.5251,-3.771
84980,Spain,Riots,40.5251,-3.771
84981,Spain,Riots,40.5251,-3.771
84982,Spain,Riots,40.5251,-3.771
84983,Spain,Riots,40.5251,-3.771
84984,Spain,Riots,40.5251,-3.771
84985,Spain,Riots,40.5251,-3.771
84986,Spain,Riots,40.5251,-3.771
84987,Spain,Riots,40.5251,-3.771
84988,Spain,Riots,40.5251,-3.771
84989,Spain,Riots,40.5251,-3.771
84990,Spain,Riots,40.5251,-3.771
84991,Spain,Riots,40.5251,-3.771
84992,Spain,Riots,40.5251,-3.771
84993,Spain,Riots,40.5251,-3.771
84994,Spain,Riots,40.5251,-3.771
84995,Spain,Riots,40.5251,-3.771
84996,Spain,Riots,40.5251,-3.771
85006,Spain,Violence against civilians,40.5251,-3.771
85007,Spain,Violence against civilians,40.5251,-3.771
85008,Spain,Violence against civilians,40.5251,-3.771
85009,Spain,Violence against civilians,40.5251,-3.771
85010,Spain,Violence against civilians,40.5251,-3.771
85011,Spain,Violence against civilians,40.5251,-3.771
85098,Spain,Riots,35.2927,-2.9521
85099,Spain,Riots,35.2927,-2.9521
85100,Spain,Riots,35.2927,-2.9521
85101,Spain,Riots,35.2927,-2.9521
85102,Spain,Riots,35.2927,-2.9521
85103,Spain,Riots,35.2927,-2.9521
85104,Spain,Riots,35.2927,-2.9521
85119,Spain,Violence against civilians,35.2927,-2.9521
85120,Spain,Violence against civilians,35.2927,-2.9521
85378,Spain,Riots,38.0634,-1.6718
85379,Spain,Riots,38.0634,-1.6718
85380,Spain,Riots,38.0634,-1.6718
85381,Spain,Riots,38.0634,-1.6718
85382,Spain,Riots,38.0634,-1.6718
85383,Spain,Riots,38.0634,-1.6718
85384,Spain,Riots,38.0634,-1.6718
85385,Spain,Riots,38.0634,-1.6718
85386,Spain,Riots,38.0634,-1.6718
85387,Spain,Riots,38.0634,-1.6718
85388,Spain,Riots,38.0634,-1.6718
85389,Spain,Riots,38.0634,-1.6718
85390,Spain,Riots,38.0634,-1.6718
85395,Spain,Violence against civilians,38.0634,-1.6718
85582,Spain,Riots,42.6115,-1.8395
85583,Spain,Riots,42.6115,-1.8395
85584,Spain,Riots,42.6115,-1.8395
85585,Spain,Riots,42.6115,-1.8395
85586,Spain,Riots,42.6115,-1.8395
85587,Spain,Riots,42.6115,-1.8395
85588,Spain,Riots,42.6115,-1.8395
85589,Spain,Riots,42.6115,-1.8395
85590,Spain,Riots,42.6115,-1.8395
85591,Spain,Riots,42.6115,-1.8395
85592,Spain,Riots,42.6115,-1.8395
85593,Spain,Riots,42.6115,-1.8395
85901,Spain,Riots,42.9647,-2.5632
85902,Spain,Riots,42.9647,-2.5632
85903,Spain,Riots,42.9647,-2.5632
85904,Spain,Riots,42.9647,-2.5632
85905,Spain,Riots,42.9647,-2.5632
85906,Spain,Riots,42.9647,-2.5632
85907,Spain,Riots,42.9647,-2.5632
85908,Spain,Riots,42.9647,-2.5632
85909,Spain,Riots,42.9647,-2.5632
85910,Spain,Riots,42.9647,-2.5632
85911,Spain,Riots,42.9647,-2.5632
85912,Spain,Riots,42.9647,-2.5632
85913,Spain,Riots,42.9647,-2.5632
85914,Spain,Riots,42.9647,-2.5632
85915,Spain,Riots,42.9647,-2.5632
85916,Spain,Riots,42.9647,-2.5632
85917,Spain,Riots,42.9647,-2.5632
85918,Spain,Riots,42.9647,-2.5632
85919,Spain,Riots,42.9647,-2.5632
85920,Spain,Riots,42.9647,-2.5632
85921,Spain,Riots,42.9647,-2.5632
85922,Spain,Riots,42.9647,-2.5632
85923,Spain,Riots,42.9647,-2.5632
85924,Spain,Riots,42.9647,-2.5632
85925,Spain,Riots,42.9647,-2.5632
85926,Spain,Riots,42.9647,-2.5632
85927,Spain,Riots,42.9647,-2.5632
85928,Spain,Riots,42.9647,-2.5632
85929,Spain,Riots,42.9647,-2.5632
85930,Spain,Riots,42.9647,-2.5632
85931,Spain,Riots,42.9647,-2.5632
85932,Spain,Riots,42.9647,-2.5632
85933,Spain,Riots,42.9647,-2.5632
85934,Spain,Riots,42.9647,-2.5632
85935,Spain,Riots,42.9647,-2.5632
85936,Spain,Riots,42.9647,-2.5632
85937,Spain,Riots,42.9647,-2.5632
85938,Spain,Riots,42.9647,-2.5632
85939,Spain,Riots,42.9647,-2.5632
85940,Spain,Riots,42.9647,-2.5632
85941,Spain,Riots,42.9647,-2.5632
85942,Spain,Riots,42.9647,-2.5632
85943,Spain,Riots,42.9647,-2.5632
85944,Spain,Riots,42.9647,-2.5632
85945,Spain,Riots,42.9647,-2.5632
85946,Spain,Riots,42.9647,-2.5632
85947,Spain,Riots,42.9647,-2.5632
85948,Spain,Riots,42.9647,-2.5632
85949,Spain,Riots,42.9647,-2.5632
85950,Spain,Riots,42.9647,-2.5632
85951,Spain,Riots,42.9647,-2.5632
85952,Spain,Riots,42.9647,-2.5632
85953,Spain,Riots,42.9647,-2.5632
85954,Spain,Riots,42.9647,-2.5632
85955,Spain,Riots,42.9647,-2.5632
85956,Spain,Riots,42.9647,-2.5632
85957,Spain,Riots,42.9647,-2.5632
86249,Spain,Riots,39.3162,-0.7483
86250,Spain,Riots,39.3162,-0.7483
86251,Spain,Riots,39.3162,-0.7483
86252,Spain,Riots,39.3162,-0.7483
86253,Spain,Riots,39.3162,-0.7483
86254,Spain,Riots,39.3162,-0.7483
86255,Spain,Riots,39.3162,-0.7483
86256,Spain,Riots,39.3162,-0.7483
86257,Spain,Riots,39.3162,-0.7483
86258,Spain,Riots,39.3162,-0.7483
86259,Spain,Riots,39.3162,-0.7483
86260,Spain,Riots,39.3162,-0.7483
86261,Spain,Riots,39.3162,-0.7483
86262,Spain,Riots,39.3162,-0.7483
86263,Spain,Riots,39.3162,-0.7483
86264,Spain,Riots,39.3162,-0.7483
86265,Spain,Riots,39.3162,-0.7483
86266,Spain,Riots,39.3162,-0.7483
86267,Spain,Riots,39.3162,-0.7483
86268,Spain,Riots,39.3162,-0.7483
86269,Spain,Riots,39.3162,-0.7483
86270,Spain,Riots,39.3162,-0.7483
86271,Spain,Riots,39.3162,-0.7483
86272,Spain,Riots,39.3162,-0.7483
86273,Spain,Riots,39.3162,-0.7483
86274,Spain,Riots,39.3162,-0.7483
86276,Spain,Violence against civilians,39.3162,-0.7483
86277,Spain,Violence against civilians,39.3162,-0.7483
86278,Spain,Violence against civilians,39.3162,-0.7483
86279,Spain,Violence against civilians,39.3162,-0.7483
86280,Spain,Violence against civilians,39.3162,-0.7483
86314,Sweden,Riots,56.2485,15.227
86590,Sweden,Riots,61.0604,14.2149
86652,Sweden,Riots,61.2676,16.3597
86655,Sweden,Violence against civilians,61.2676,16.3597
86971,Sweden,Riots,57.5423,14.6387
86972,Sweden,Riots,57.5423,14.6387
87172,Sweden,Riots,57.2271,16.0014
87173,Sweden,Riots,57.2271,16.0014
87358,Sweden,Violence against civilians,67.0636,20.0325
87534,Sweden,Riots,59.3842,14.9966
87535,Sweden,Riots,59.3842,14.9966
87791,Sweden,Riots,58.3689,15.6265
87792,Sweden,Riots,58.3689,15.6265
87793,Sweden,Riots,58.3689,15.6265
87799,Sweden,Explosions/Remote violence,55.935,13.5537
88113,Sweden,Riots,55.935,13.5537
88114,Sweden,Riots,55.935,13.5537
88115,Sweden,Riots,55.935,13.5537
88116,Sweden,Riots,55.935,13.5537
88193,Sweden,Riots,59.0709,16.5071
88544,Sweden,Riots,59.4994,17.975
88545,Sweden,Riots,59.4994,17.975
88546,Sweden,Riots,59.4994,17.975
88547,Sweden,Riots,59.4994,17.975
88548,Sweden,Riots,59.4994,17.975
88549,Sweden,Riots,59.4994,17.975
88550,Sweden,Riots,59.4994,17.975
88551,Sweden,Riots,59.4994,17.975
88552,Sweden,Riots,59.4994,17.975
88553,Sweden,Riots,59.4994,17.975
88554,Sweden,Riots,59.4994,17.975
88579,Sweden,Violence against civilians,59.4994,17.975
88580,Sweden,Violence against civilians,59.4994,17.975
88581,Sweden,Violence against civilians,59.4994,17.975
88582,Sweden,Violence against civilians,59.4994,17.975
88583,Sweden,Violence against civilians,59.4994,17.975
88584,Sweden,Violence against civilians,59.4994,17.975
88585,Sweden,Violence against civilians,59.4994,17.975
88586,Sweden,Violence against civilians,59.4994,17.975
88587,Sweden,Violence against civilians,59.4994,17.975
88786,Sweden,Riots,60.0313,17.5905
88787,Sweden,Riots,60.0313,17.5905
88788,Sweden,Riots,60.0313,17.5905
88792,Sweden,Violence against civilians,60.0313,17.5905
88793,Sweden,Violence against civilians,60.0313,17.5905
89171,Sweden,Riots,64.9038,18.053
89456,Sweden,Riots,59.7054,16.1907
89763,Sweden,Riots,58.2099,13.1648
89764,Sweden,Riots,58.2099,13.1648
89765,Sweden,Riots,58.2099,13.1648
89766,Sweden,Riots,58.2099,13.1648
89767,Sweden,Riots,58.2099,13.1648
89768,Sweden,Riots,58.2099,13.1648
89769,Sweden,Riots,58.2099,13.1648
89770,Sweden,Riots,58.2099,13.1648
89771,Sweden,Riots,58.2099,13.1648
89772,Sweden,Riots,58.2099,13.1648
89860,Switzerland,Riots,47.5593,7.5909
89861,Switzerland,Riots,47.5593,7.5909
89862,Switzerland,Riots,47.5593,7.5909
90010,Switzerland,Riots,46.8234,7.6174
90011,Switzerland,Riots,46.8234,7.6174
90012,Switzerland,Riots,46.8234,7.6174
90013,Switzerland,Riots,46.8234,7.6174
90014,Switzerland,Riots,46.8234,7.6174
90015,Switzerland,Riots,46.8234,7.6174
90016,Switzerland,Riots,46.8234,7.6174
90017,Switzerland,Riots,46.8234,7.6174
90018,Switzerland,Riots,46.8234,7.6174
90019,Switzerland,Riots,46.8234,7.6174
90020,Switzerland,Riots,46.8234,7.6174
90233,Switzerland,Riots,46.223,6.0781
90234,Switzerland,Riots,46.223,6.0781
90235,Switzerland,Riots,46.223,6.0781
90236,Switzerland,Riots,46.223,6.0781
90237,Switzerland,Riots,46.223,6.0781
90238,Switzerland,Riots,46.223,6.0781
90299,Switzerland,Riots,47.0316,8.1897
90332,Switzerland,Riots,47.0067,6.8351
90369,Switzerland,Riots,47.2031,9.2304
90394,Switzerland,Violence against civilians,46.2257,8.7927
90415,Switzerland,Riots,46.2563,7.6249
90550,Switzerland,Riots,46.561,6.5182
90551,Switzerland,Riots,46.561,6.5182
90552,Switzerland,Riots,46.561,6.5182
90553,Switzerland,Riots,46.561,6.5182
90554,Switzerland,Riots,46.561,6.5182
90555,Switzerland,Riots,46.561,6.5182
90556,Switzerland,Riots,46.561,6.5182
90557,Switzerland,Riots,46.561,6.5182
90558,Switzerland,Riots,46.561,6.5182
90559,Switzerland,Riots,46.561,6.5182
90560,Switzerland,Riots,46.561,6.5182
90561,Switzerland,Riots,46.561,6.5182
90562,Switzerland,Riots,46.561,6.5182
90563,Switzerland,Riots,46.561,6.5182
90567,Switzerland,Violence against civilians,46.561,6.5182
90672,Switzerland,Riots,47.4256,8.6511
90673,Switzerland,Riots,47.4256,8.6511
90674,Switzerland,Riots,47.4256,8.6511
90675,Switzerland,Riots,47.4256,8.6511
90676,Switzerland,Riots,47.4256,8.6511
90677,Switzerland,Riots,47.4256,8.6511
90678,Switzerland,Riots,47.4256,8.6511
90679,Switzerland,Riots,47.4256,8.6511
90680,Switzerland,Violence against civilians,47.4256,8.6511
90681,Switzerland,Violence against civilians,47.4256,8.6511
90682,Tajikistan,Explosions/Remote violence,38.762,69.371
90683,Tajikistan,Riots,38.762,69.371
90684,Tajikistan,Riots,38.762,69.371
90686,Tajikistan,Violence against civilians,38.762,69.371
90699,Tajikistan,Riots,38.5604,68.8096
90716,Tajikistan,Violence against civilians,38.5604,68.8096
90717,Tajikistan,Violence against civilians,38.5604,68.8096
90718,Tajikistan,Violence against civilians,38.5604,68.8096
90719,Tajikistan,Violence against civilians,38.5604,68.8096
90720,Tajikistan,Violence against civilians,38.5604,68.8096
90721,Tajikistan,Violence against civilians,38.5604,68.8096
90722,Tajikistan,Violence against civilians,38.5604,68.8096
90723,Tajikistan,Violence against civilians,38.5604,68.8096
90724,Tajikistan,Violence against civilians,38.5604,68.8096
90725,Tajikistan,Violence against civilians,38.5604,68.8096
90726,Tajikistan,Violence against civilians,38.5604,68.8096
90727,Tajikistan,Violence against civilians,38.5604,68.8096
90728,Tajikistan,Violence against civilians,38.5604,68.8096
90729,Tajikistan,Violence against civilians,38.5604,68.8096
90730,Tajikistan,Violence against civilians,38.5604,68.8096
90731,Tajikistan,Violence against civilians,38.5604,68.8096
90732,Tajikistan,Violence against civilians,38.5604,68.8096
90749,Tajikistan,Riots,38.0731,73.0775
90750,Tajikistan,Riots,38.0731,73.0775
90751,Tajikistan,Riots,38.0731,73.0775
90752,Tajikistan,Riots,38.0731,73.0775
90764,Tajikistan,Violence against civilians,38.0731,73.0775
90769,Tajikistan,Explosions/Remote violence,37.8288,69.1687
90770,Tajikistan,Explosions/Remote violence,37.8288,69.1687
90777,Tajikistan,Riots,37.8288,69.1687
90778,Tajikistan,Riots,37.8288,69.1687
90781,Tajikistan,Violence against civilians,37.8288,69.1687
90782,Tajikistan,Violence against civilians,37.8288,69.1687
90783,Tajikistan,Violence against civilians,37.8288,69.1687
90784,Tajikistan,Violence against civilians,37.8288,69.1687
90785,Tajikistan,Violence against civilians,37.8288,69.1687
90786,Tajikistan,Violence against civilians,37.8288,69.1687
90787,Tajikistan,Violence against civilians,37.8288,69.1687
90788,Tajikistan,Violence against civilians,37.8288,69.1687
90789,Tajikistan,Violence against civilians,37.8288,69.1687
90790,Tajikistan,Violence against civilians,37.8288,69.1687
90797,Tajikistan,Explosions/Remote violence,39.9748,69.1341
90798,Tajikistan,Explosions/Remote violence,39.9748,69.1341
90802,Tajikistan,Riots,39.9748,69.1341
90803,Tajikistan,Riots,39.9748,69.1341
90804,Tajikistan,Riots,39.9748,69.1341
90805,Tajikistan,Riots,39.9748,69.1341
90806,Tajikistan,Riots,39.9748,69.1341
90807,Tajikistan,Riots,39.9748,69.1341
90808,Tajikistan,Riots,39.9748,69.1341
90809,Tajikistan,Riots,39.9748,69.1341
90810,Tajikistan,Riots,39.9748,69.1341
90811,Tajikistan,Riots,39.9748,69.1341
90812,Tajikistan,Riots,39.9748,69.1341
90822,Tajikistan,Violence against civilians,39.9748,69.1341
90823,Tajikistan,Violence against civilians,39.9748,69.1341
90824,Tajikistan,Violence against civilians,39.9748,69.1341
90825,Tajikistan,Violence against civilians,39.9748,69.1341
90826,Tajikistan,Violence against civilians,39.9748,69.1341
90827,Tajikistan,Violence against civilians,39.9748,69.1341
90828,Tajikistan,Violence against civilians,39.9748,69.1341
90829,Tajikistan,Violence against civilians,39.9748,69.1341
90830,Tajikistan,Violence against civilians,39.9748,69.1341
90831,Tajikistan,Violence against civilians,39.9748,69.1341
90832,Tajikistan,Violence against civilians,39.9748,69.1341
90833,Tajikistan,Violence against civilians,39.9748,69.1341
90835,Turkmenistan,Riots,37.9485,58.2447
90836,Turkmenistan,Riots,37.9485,58.2447
90842,Turkmenistan,Violence against civilians,37.9485,58.2447
90843,Turkmenistan,Violence against civilians,37.9485,58.2447
90844,Turkmenistan,Violence against civilians,37.9485,58.2447
90845,Turkmenistan,Violence against civilians,37.9485,58.2447
90848,Turkmenistan,Violence against civilians,39.8492,55.3381
90849,Turkmenistan,Violence against civilians,39.8492,55.3381
90851,Turkmenistan,Riots,41.165,58.7371
90852,Turkmenistan,Riots,41.165,58.7371
90865,Turkmenistan,Violence against civilians,39.0859,62.8162
90866,Turkmenistan,Violence against civilians,39.0859,62.8162
90873,Turkmenistan,Riots,37.27,62.1533
90874,Turkmenistan,Riots,37.27,62.1533
90875,Turkmenistan,Riots,37.27,62.1533
90876,Turkmenistan,Riots,37.27,62.1533
90880,Turkmenistan,Violence against civilians,37.27,62.1533
90881,Turkmenistan,Violence against civilians,37.27,62.1533
90882,Ukraine,Explosions/Remote violence,44.4978,33.4874
90886,Ukraine,Explosions/Remote violence,49.3396,31.6048
90887,Ukraine,Explosions/Remote violence,49.3396,31.6048
90888,Ukraine,Explosions/Remote violence,49.3396,31.6048
90889,Ukraine,Explosions/Remote violence,49.3396,31.6048
90890,Ukraine,Explosions/Remote violence,49.3396,31.6048
90891,Ukraine,Explosions/Remote violence,49.3396,31.6048
90892,Ukraine,Explosions/Remote violence,49.3396,31.6048
90893,Ukraine,Explosions/Remote violence,49.3396,31.6048
90894,Ukraine,Explosions/Remote violence,49.3396,31.6048
90895,Ukraine,Explosions/Remote violence,49.3396,31.6048
90896,Ukraine,Explosions/Remote violence,49.3396,31.6048
90897,Ukraine,Explosions/Remote violence,49.3396,31.6048
90898,Ukraine,Explosions/Remote violence,49.3396,31.6048
90899,Ukraine,Explosions/Remote violence,49.3396,31.6048
90900,Ukraine,Explosions/Remote violence,49.3396,31.6048
90901,Ukraine,Explosions/Remote violence,49.3396,31.6048
90902,Ukraine,Explosions/Remote violence,49.3396,31.6048
90903,Ukraine,Explosions/Remote violence,49.3396,31.6048
90904,Ukraine,Explosions/Remote violence,49.3396,31.6048
90905,Ukraine,Explosions/Remote violence,49.3396,31.6048
90906,Ukraine,Explosions/Remote violence,49.3396,31.6048
90907,Ukraine,Explosions/Remote violence,49.3396,31.6048
90908,Ukraine,Explosions/Remote violence,49.3396,31.6048
90909,Ukraine,Explosions/Remote violence,49.3396,31.6048
90910,Ukraine,Explosions/Remote violence,49.3396,31.6048
90911,Ukraine,Explosions/Remote violence,49.3396,31.6048
90912,Ukraine,Explosions/Remote violence,49.3396,31.6048
90913,Ukraine,Explosions/Remote violence,49.3396,31.6048
90914,Ukraine,Explosions/Remote violence,49.3396,31.6048
90915,Ukraine,Explosions/Remote violence,49.3396,31.6048
90916,Ukraine,Explosions/Remote violence,49.3396,31.6048
90917,Ukraine,Explosions/Remote violence,49.3396,31.6048
90918,Ukraine,Explosions/Remote violence,49.3396,31.6048
90919,Ukraine,Explosions/Remote violence,49.3396,31.6048
90920,Ukraine,Explosions/Remote violence,49.3396,31.6048
90921,Ukraine,Explosions/Remote violence,49.3396,31.6048
90922,Ukraine,Explosions/Remote violence,49.3396,31.6048
90923,Ukraine,Explosions/Remote violence,49.3396,31.6048
90924,Ukraine,Explosions/Remote violence,49.3396,31.6048
90925,Ukraine,Explosions/Remote violence,49.3396,31.6048
90926,Ukraine,Explosions/Remote violence,49.3396,31.6048
90927,Ukraine,Explosions/Remote violence,49.3396,31.6048
90928,Ukraine,Explosions/Remote violence,49.3396,31.6048
90929,Ukraine,Explosions/Remote violence,49.3396,31.6048
90930,Ukraine,Explosions/Remote violence,49.3396,31.6048
90931,Ukraine,Explosions/Remote violence,49.3396,31.6048
90932,Ukraine,Explosions/Remote violence,49.3396,31.6048
90933,Ukraine,Explosions/Remote violence,49.3396,31.6048
90934,Ukraine,Explosions/Remote violence,49.3396,31.6048
90935,Ukraine,Explosions/Remote violence,49.3396,31.6048
90936,Ukraine,Explosions/Remote violence,49.3396,31.6048
90937,Ukraine,Explosions/Remote violence,49.3396,31.6048
90938,Ukraine,Explosions/Remote violence,49.3396,31.6048
90939,Ukraine,Explosions/Remote violence,49.3396,31.6048
90940,Ukraine,Explosions/Remote violence,49.3396,31.6048
90941,Ukraine,Explosions/Remote violence,49.3396,31.6048
90942,Ukraine,Explosions/Remote violence,49.3396,31.6048
90943,Ukraine,Explosions/Remote violence,49.3396,31.6048
90944,Ukraine,Explosions/Remote violence,49.3396,31.6048
90945,Ukraine,Explosions/Remote violence,49.3396,31.6048
90946,Ukraine,Explosions/Remote violence,49.3396,31.6048
90947,Ukraine,Explosions/Remote violence,49.3396,31.6048
90948,Ukraine,Explosions/Remote violence,49.3396,31.6048
90949,Ukraine,Explosions/Remote violence,49.3396,31.6048
90950,Ukraine,Explosions/Remote violence,49.3396,31.6048
90951,Ukraine,Explosions/Remote violence,49.3396,31.6048
90952,Ukraine,Explosions/Remote violence,49.3396,31.6048
90953,Ukraine,Explosions/Remote violence,49.3396,31.6048
90954,Ukraine,Explosions/Remote violence,49.3396,31.6048
90955,Ukraine,Explosions/Remote violence,49.3396,31.6048
90956,Ukraine,Explosions/Remote violence,49.3396,31.6048
90957,Ukraine,Explosions/Remote violence,49.3396,31.6048
90958,Ukraine,Explosions/Remote violence,49.3396,31.6048
90959,Ukraine,Explosions/Remote violence,49.3396,31.6048
90960,Ukraine,Explosions/Remote violence,49.3396,31.6048
90961,Ukraine,Explosions/Remote violence,49.3396,31.6048
90962,Ukraine,Explosions/Remote violence,49.3396,31.6048
90963,Ukraine,Explosions/Remote violence,49.3396,31.6048
90964,Ukraine,Explosions/Remote violence,49.3396,31.6048
90965,Ukraine,Explosions/Remote violence,49.3396,31.6048
90966,Ukraine,Explosions/Remote violence,49.3396,31.6048
90967,Ukraine,Explosions/Remote violence,49.3396,31.6048
90968,Ukraine,Explosions/Remote violence,49.3396,31.6048
90969,Ukraine,Explosions/Remote violence,49.3396,31.6048
90970,Ukraine,Explosions/Remote violence,49.3396,31.6048
90971,Ukraine,Explosions/Remote violence,49.3396,31.6048
91120,Ukraine,Riots,49.3396,31.6048
91121,Ukraine,Riots,49.3396,31.6048
91122,Ukraine,Riots,49.3396,31.6048
91123,Ukraine,Riots,49.3396,31.6048
91124,Ukraine,Riots,49.3396,31.6048
91125,Ukraine,Riots,49.3396,31.6048
91126,Ukraine,Riots,49.3396,31.6048
91127,Ukraine,Riots,49.3396,31.6048
91128,Ukraine,Riots,49.3396,31.6048
91129,Ukraine,Riots,49.3396,31.6048
91130,Ukraine,Riots,49.3396,31.6048
91131,Ukraine,Riots,49.3396,31.6048
91132,Ukraine,Riots,49.3396,31.6048
91133,Ukraine,Riots,49.3396,31.6048
91242,Ukraine,Violence against civilians,49.3396,31.6048
91243,Ukraine,Violence against civilians,49.3396,31.6048
91244,Ukraine,Violence against civilians,49.3396,31.6048
91245,Ukraine,Violence against civilians,49.3396,31.6048
91246,Ukraine,Violence against civilians,49.3396,31.6048
91264,Ukraine,Explosions/Remote violence,51.3624,31.8357
91265,Ukraine,Explosions/Remote violence,51.3624,31.8357
91266,Ukraine,Explosions/Remote violence,51.3624,31.8357
91267,Ukraine,Explosions/Remote violence,51.3624,31.8357
91268,Ukraine,Explosions/Remote violence,51.3624,31.8357
91269,Ukraine,Explosions/Remote violence,51.3624,31.8357
91270,Ukraine,Explosions/Remote violence,51.3624,31.8357
91271,Ukraine,Explosions/Remote violence,51.3624,31.8357
91272,Ukraine,Explosions/Remote violence,51.3624,31.8357
91273,Ukraine,Explosions/Remote violence,51.3624,31.8357
91274,Ukraine,Explosions/Remote violence,51.3624,31.8357
91275,Ukraine,Explosions/Remote violence,51.3624,31.8357
91276,Ukraine,Explosions/Remote violence,51.3624,31.8357
91277,Ukraine,Explosions/Remote violence,51.3624,31.8357
91278,Ukraine,Explosions/Remote violence,51.3624,31.8357
91279,Ukraine,Explosions/Remote violence,51.3624,31.8357
91280,Ukraine,Explosions/Remote violence,51.3624,31.8357
91281,Ukraine,Explosions/Remote violence,51.3624,31.8357
91282,Ukraine,Explosions/Remote violence,51.3624,31.8357
91283,Ukraine,Explosions/Remote violence,51.3624,31.8357
91284,Ukraine,Explosions/Remote violence,51.3624,31.8357
91285,Ukraine,Explosions/Remote violence,51.3624,31.8357
91286,Ukraine,Explosions/Remote violence,51.3624,31.8357
91287,Ukraine,Explosions/Remote violence,51.3624,31.8357
91288,Ukraine,Explosions/Remote violence,51.3624,31.8357
91289,Ukraine,Explosions/Remote violence,51.3624,31.8357
91290,Ukraine,Explosions/Remote violence,51.3624,31.8357
91291,Ukraine,Explosions/Remote violence,51.3624,31.8357
91292,Ukraine,Explosions/Remote violence,51.3624,31.8357
91293,Ukraine,Explosions/Remote violence,51.3624,31.8357
91294,Ukraine,Explosions/Remote violence,51.3624,31.8357
91295,Ukraine,Explosions/Remote violence,51.3624,31.8357
91296,Ukraine,Explosions/Remote violence,51.3624,31.8357
91297,Ukraine,Explosions/Remote violence,51.3624,31.8357
91298,Ukraine,Explosions/Remote violence,51.3624,31.8357
91299,Ukraine,Explosions/Remote violence,51.3624,31.8357
91300,Ukraine,Explosions/Remote violence,51.3624,31.8357
91301,Ukraine,Explosions/Remote violence,51.3624,31.8357
91302,Ukraine,Explosions/Remote violence,51.3624,31.8357
91303,Ukraine,Explosions/Remote violence,51.3624,31.8357
91304,Ukraine,Explosions/Remote violence,51.3624,31.8357
91305,Ukraine,Explosions/Remote violence,51.3624,31.8357
91306,Ukraine,Explosions/Remote violence,51.3624,31.8357
91307,Ukraine,Explosions/Remote violence,51.3624,31.8357
91308,Ukraine,Explosions/Remote violence,51.3624,31.8357
91309,Ukraine,Explosions/Remote violence,51.3624,31.8357
91310,Ukraine,Explosions/Remote violence,51.3624,31.8357
91311,Ukraine,Explosions/Remote violence,51.3624,31.8357
91312,Ukraine,Explosions/Remote violence,51.3624,31.8357
91313,Ukraine,Explosions/Remote violence,51.3624,31.8357
91314,Ukraine,Explosions/Remote violence,51.3624,31.8357
91315,Ukraine,Explosions/Remote violence,51.3624,31.8357
91316,Ukraine,Explosions/Remote violence,51.3624,31.8357
91317,Ukraine,Explosions/Remote violence,51.3624,31.8357
91318,Ukraine,Explosions/Remote violence,51.3624,31.8357
91319,Ukraine,Explosions/Remote violence,51.3624,31.8357
91320,Ukraine,Explosions/Remote violence,51.3624,31.8357
91321,Ukraine,Explosions/Remote violence,51.3624,31.8357
91322,Ukraine,Explosions/Remote violence,51.3624,31.8357
91323,Ukraine,Explosions/Remote violence,51.3624,31.8357
91324,Ukraine,Explosions/Remote violence,51.3624,31.8357
91325,Ukraine,Explosions/Remote violence,51.3624,31.8357
91326,Ukraine,Explosions/Remote violence,51.3624,31.8357
91327,Ukraine,Explosions/Remote violence,51.3624,31.8357
91328,Ukraine,Explosions/Remote violence,51.3624,31.8357
91329,Ukraine,Explosions/Remote violence,51.3624,31.8357
91330,Ukraine,Explosions/Remote violence,51.3624,31.8357
91331,Ukraine,Explosions/Remote violence,51.3624,31.8357
91332,Ukraine,Explosions/Remote violence,51.3624,31.8357
91333,Ukraine,Explosions/Remote violence,51.3624,31.8357
91334,Ukraine,Explosions/Remote violence,51.3624,31.8357
91335,Ukraine,Explosions/Remote violence,51.3624,31.8357
91336,Ukraine,Explosions/Remote violence,51.3624,31.8357
91337,Ukraine,Explosions/Remote violence,51.3624,31.8357
91338,Ukraine,Explosions/Remote violence,51.3624,31.8357
91339,Ukraine,Explosions/Remote violence,51.3624,31.8357
91340,Ukraine,Explosions/Remote violence,51.3624,31.8357
91341,Ukraine,Explosions/Remote violence,51.3624,31.8357
91342,Ukraine,Explosions/Remote violence,51.3624,31.8357
91343,Ukraine,Explosions/Remote violence,51.3624,31.8357
91344,Ukraine,Explosions/Remote violence,51.3624,31.8357
91345,Ukraine,Explosions/Remote violence,51.3624,31.8357
91346,Ukraine,Explosions/Remote violence,51.3624,31.8357
91347,Ukraine,Explosions/Remote violence,51.3624,31.8357
91348,Ukraine,Explosions/Remote violence,51.3624,31.8357
91349,Ukraine,Explosions/Remote violence,51.3624,31.8357
91350,Ukraine,Explosions/Remote violence,51.3624,31.8357
91351,Ukraine,Explosions/Remote violence,51.3624,31.8357
91352,Ukraine,Explosions/Remote violence,51.3624,31.8357
91353,Ukraine,Explosions/Remote violence,51.3624,31.8357
91354,Ukraine,Explosions/Remote violence,51.3624,31.8357
91355,Ukraine,Explosions/Remote violence,51.3624,31.8357
91356,Ukraine,Explosions/Remote violence,51.3624,31.8357
91357,Ukraine,Explosions/Remote violence,51.3624,31.8357
91358,Ukraine,Explosions/Remote violence,51.3624,31.8357
91359,Ukraine,Explosions/Remote violence,51.3624,31.8357
91360,Ukraine,Explosions/Remote violence,51.3624,31.8357
91361,Ukraine,Explosions/Remote violence,51.3624,31.8357
91362,Ukraine,Explosions/Remote violence,51.3624,31.8357
91363,Ukraine,Explosions/Remote violence,51.3624,31.8357
91364,Ukraine,Explosions/Remote violence,51.3624,31.8357
91365,Ukraine,Explosions/Remote violence,51.3624,31.8357
91366,Ukraine,Explosions/Remote violence,51.3624,31.8357
91367,Ukraine,Explosions/Remote violence,51.3624,31.8357
91368,Ukraine,Explosions/Remote violence,51.3624,31.8357
91369,Ukraine,Explosions/Remote violence,51.3624,31.8357
91370,Ukraine,Explosions/Remote violence,51.3624,31.8357
91371,Ukraine,Explosions/Remote violence,51.3624,31.8357
91372,Ukraine,Explosions/Remote violence,51.3624,31.8357
91373,Ukraine,Explosions/Remote violence,51.3624,31.8357
91374,Ukraine,Explosions/Remote violence,51.3624,31.8357
91375,Ukraine,Explosions/Remote violence,51.3624,31.8357
91376,Ukraine,Explosions/Remote violence,51.3624,31.8357
91377,Ukraine,Explosions/Remote violence,51.3624,31.8357
91378,Ukraine,Explosions/Remote violence,51.3624,31.8357
91379,Ukraine,Explosions/Remote violence,51.3624,31.8357
91380,Ukraine,Explosions/Remote violence,51.3624,31.8357
91381,Ukraine,Explosions/Remote violence,51.3624,31.8357
91382,Ukraine,Explosions/Remote violence,51.3624,31.8357
91383,Ukraine,Explosions/Remote violence,51.3624,31.8357
91384,Ukraine,Explosions/Remote violence,51.3624,31.8357
91385,Ukraine,Explosions/Remote violence,51.3624,31.8357
91386,Ukraine,Explosions/Remote violence,51.3624,31.8357
91387,Ukraine,Explosions/Remote violence,51.3624,31.8357
91388,Ukraine,Explosions/Remote violence,51.3624,31.8357
91389,Ukraine,Explosions/Remote violence,51.3624,31.8357
91390,Ukraine,Explosions/Remote violence,51.3624,31.8357
91391,Ukraine,Explosions/Remote violence,51.3624,31.8357
91392,Ukraine,Explosions/Remote violence,51.3624,31.8357
91393,Ukraine,Explosions/Remote violence,51.3624,31.8357
91394,Ukraine,Explosions/Remote violence,51.3624,31.8357
91395,Ukraine,Explosions/Remote violence,51.3624,31.8357
91396,Ukraine,Explosions/Remote violence,51.3624,31.8357
91397,Ukraine,Explosions/Remote violence,51.3624,31.8357
91398,Ukraine,Explosions/Remote violence,51.3624,31.8357
91399,Ukraine,Explosions/Remote violence,51.3624,31.8357
91400,Ukraine,Explosions/Remote violence,51.3624,31.8357
91401,Ukraine,Explosions/Remote violence,51.3624,31.8357
91402,Ukraine,Explosions/Remote violence,51.3624,31.8357
91403,Ukraine,Explosions/Remote violence,51.3624,31.8357
91404,Ukraine,Explosions/Remote violence,51.3624,31.8357
91405,Ukraine,Explosions/Remote violence,51.3624,31.8357
91406,Ukraine,Explosions/Remote violence,51.3624,31.8357
91407,Ukraine,Explosions/Remote violence,51.3624,31.8357
91408,Ukraine,Explosions/Remote violence,51.3624,31.8357
91409,Ukraine,Explosions/Remote violence,51.3624,31.8357
91410,Ukraine,Explosions/Remote violence,51.3624,31.8357
91411,Ukraine,Explosions/Remote violence,51.3624,31.8357
91412,Ukraine,Explosions/Remote violence,51.3624,31.8357
91413,Ukraine,Explosions/Remote violence,51.3624,31.8357
91414,Ukraine,Explosions/Remote violence,51.3624,31.8357
91415,Ukraine,Explosions/Remote violence,51.3624,31.8357
91416,Ukraine,Explosions/Remote violence,51.3624,31.8357
91417,Ukraine,Explosions/Remote violence,51.3624,31.8357
91418,Ukraine,Explosions/Remote violence,51.3624,31.8357
91419,Ukraine,Explosions/Remote violence,51.3624,31.8357
91420,Ukraine,Explosions/Remote violence,51.3624,31.8357
91421,Ukraine,Explosions/Remote violence,51.3624,31.8357
91422,Ukraine,Explosions/Remote violence,51.3624,31.8357
91423,Ukraine,Explosions/Remote violence,51.3624,31.8357
91424,Ukraine,Explosions/Remote violence,51.3624,31.8357
91425,Ukraine,Explosions/Remote violence,51.3624,31.8357
91426,Ukraine,Explosions/Remote violence,51.3624,31.8357
91427,Ukraine,Explosions/Remote violence,51.3624,31.8357
91428,Ukraine,Explosions/Remote violence,51.3624,31.8357
91429,Ukraine,Explosions/Remote violence,51.3624,31.8357
91430,Ukraine,Explosions/Remote violence,51.3624,31.8357
91431,Ukraine,Explosions/Remote violence,51.3624,31.8357
91432,Ukraine,Explosions/Remote violence,51.3624,31.8357
91433,Ukraine,Explosions/Remote violence,51.3624,31.8357
91434,Ukraine,Explosions/Remote violence,51.3624,31.8357
91435,Ukraine,Explosions/Remote violence,51.3624,31.8357
91436,Ukraine,Explosions/Remote violence,51.3624,31.8357
91437,Ukraine,Explosions/Remote violence,51.3624,31.8357
91438,Ukraine,Explosions/Remote violence,51.3624,31.8357
91439,Ukraine,Explosions/Remote violence,51.3624,31.8357
91440,Ukraine,Explosions/Remote violence,51.3624,31.8357
91441,Ukraine,Explosions/Remote violence,51.3624,31.8357
91442,Ukraine,Explosions/Remote violence,51.3624,31.8357
91443,Ukraine,Explosions/Remote violence,51.3624,31.8357
91444,Ukraine,Explosions/Remote violence,51.3624,31.8357
91445,Ukraine,Explosions/Remote violence,51.3624,31.8357
91446,Ukraine,Explosions/Remote violence,51.3624,31.8357
91447,Ukraine,Explosions/Remote violence,51.3624,31.8357
91448,Ukraine,Explosions/Remote violence,51.3624,31.8357
91449,Ukraine,Explosions/Remote violence,51.3624,31.8357
91450,Ukraine,Explosions/Remote violence,51.3624,31.8357
91451,Ukraine,Explosions/Remote violence,51.3624,31.8357
91452,Ukraine,Explosions/Remote violence,51.3624,31.8357
91453,Ukraine,Explosions/Remote violence,51.3624,31.8357
91454,Ukraine,Explosions/Remote violence,51.3624,31.8357
91455,Ukraine,Explosions/Remote violence,51.3624,31.8357
91456,Ukraine,Explosions/Remote violence,51.3624,31.8357
91457,Ukraine,Explosions/Remote violence,51.3624,31.8357
91458,Ukraine,Explosions/Remote violence,51.3624,31.8357
91459,Ukraine,Explosions/Remote violence,51.3624,31.8357
91460,Ukraine,Explosions/Remote violence,51.3624,31.8357
91461,Ukraine,Explosions/Remote violence,51.3624,31.8357
91462,Ukraine,Explosions/Remote violence,51.3624,31.8357
91463,Ukraine,Explosions/Remote violence,51.3624,31.8357
91464,Ukraine,Explosions/Remote violence,51.3624,31.8357
91465,Ukraine,Explosions/Remote violence,51.3624,31.8357
91466,Ukraine,Explosions/Remote violence,51.3624,31.8357
91467,Ukraine,Explosions/Remote violence,51.3624,31.8357
91468,Ukraine,Explosions/Remote violence,51.3624,31.8357
91469,Ukraine,Explosions/Remote violence,51.3624,31.8357
91470,Ukraine,Explosions/Remote violence,51.3624,31.8357
91471,Ukraine,Explosions/Remote violence,51.3624,31.8357
91472,Ukraine,Explosions/Remote violence,51.3624,31.8357
91473,Ukraine,Explosions/Remote violence,51.3624,31.8357
91474,Ukraine,Explosions/Remote violence,51.3624,31.8357
91475,Ukraine,Explosions/Remote violence,51.3624,31.8357
91476,Ukraine,Explosions/Remote violence,51.3624,31.8357
91477,Ukraine,Explosions/Remote violence,51.3624,31.8357
91478,Ukraine,Explosions/Remote violence,51.3624,31.8357
91479,Ukraine,Explosions/Remote violence,51.3624,31.8357
91480,Ukraine,Explosions/Remote violence,51.3624,31.8357
91481,Ukraine,Explosions/Remote violence,51.3624,31.8357
91482,Ukraine,Explosions/Remote violence,51.3624,31.8357
91483,Ukraine,Explosions/Remote violence,51.3624,31.8357
91484,Ukraine,Explosions/Remote violence,51.3624,31.8357
91485,Ukraine,Explosions/Remote violence,51.3624,31.8357
91486,Ukraine,Explosions/Remote violence,51.3624,31.8357
91487,Ukraine,Explosions/Remote violence,51.3624,31.8357
91488,Ukraine,Explosions/Remote violence,51.3624,31.8357
91489,Ukraine,Explosions/Remote violence,51.3624,31.8357
91490,Ukraine,Explosions/Remote violence,51.3624,31.8357
91491,Ukraine,Explosions/Remote violence,51.3624,31.8357
91492,Ukraine,Explosions/Remote violence,51.3624,31.8357
91493,Ukraine,Explosions/Remote violence,51.3624,31.8357
91494,Ukraine,Explosions/Remote violence,51.3624,31.8357
91495,Ukraine,Explosions/Remote violence,51.3624,31.8357
91496,Ukraine,Explosions/Remote violence,51.3624,31.8357
91497,Ukraine,Explosions/Remote violence,51.3624,31.8357
91498,Ukraine,Explosions/Remote violence,51.3624,31.8357
91499,Ukraine,Explosions/Remote violence,51.3624,31.8357
91500,Ukraine,Explosions/Remote violence,51.3624,31.8357
91501,Ukraine,Explosions/Remote violence,51.3624,31.8357
91502,Ukraine,Explosions/Remote violence,51.3624,31.8357
91503,Ukraine,Explosions/Remote violence,51.3624,31.8357
91504,Ukraine,Explosions/Remote violence,51.3624,31.8357
91505,Ukraine,Explosions/Remote violence,51.3624,31.8357
91506,Ukraine,Explosions/Remote violence,51.3624,31.8357
91507,Ukraine,Explosions/Remote violence,51.3624,31.8357
91508,Ukraine,Explosions/Remote violence,51.3624,31.8357
91509,Ukraine,Explosions/Remote violence,51.3624,31.8357
91510,Ukraine,Explosions/Remote violence,51.3624,31.8357
91511,Ukraine,Explosions/Remote violence,51.3624,31.8357
91512,Ukraine,Explosions/Remote violence,51.3624,31.8357
91513,Ukraine,Explosions/Remote violence,51.3624,31.8357
91514,Ukraine,Explosions/Remote violence,51.3624,31.8357
91515,Ukraine,Explosions/Remote violence,51.3624,31.8357
91516,Ukraine,Explosions/Remote violence,51.3624,31.8357
91517,Ukraine,Explosions/Remote violence,51.3624,31.8357
91518,Ukraine,Explosions/Remote violence,51.3624,31.8357
91519,Ukraine,Explosions/Remote violence,51.3624,31.8357
91520,Ukraine,Explosions/Remote violence,51.3624,31.8357
91521,Ukraine,Explosions/Remote violence,51.3624,31.8357
91522,Ukraine,Explosions/Remote violence,51.3624,31.8357
91523,Ukraine,Explosions/Remote violence,51.3624,31.8357
91524,Ukraine,Explosions/Remote violence,51.3624,31.8357
91525,Ukraine,Explosions/Remote violence,51.3624,31.8357
91526,Ukraine,Explosions/Remote violence,51.3624,31.8357
91527,Ukraine,Explosions/Remote violence,51.3624,31.8357
91528,Ukraine,Explosions/Remote violence,51.3624,31.8357
91529,Ukraine,Explosions/Remote violence,51.3624,31.8357
91530,Ukraine,Explosions/Remote violence,51.3624,31.8357
91531,Ukraine,Explosions/Remote violence,51.3624,31.8357
91532,Ukraine,Explosions/Remote violence,51.3624,31.8357
91533,Ukraine,Explosions/Remote violence,51.3624,31.8357
91534,Ukraine,Explosions/Remote violence,51.3624,31.8357
91535,Ukraine,Explosions/Remote violence,51.3624,31.8357
91536,Ukraine,Explosions/Remote violence,51.3624,31.8357
91537,Ukraine,Explosions/Remote violence,51.3624,31.8357
91538,Ukraine,Explosions/Remote violence,51.3624,31.8357
91539,Ukraine,Explosions/Remote violence,51.3624,31.8357
91540,Ukraine,Explosions/Remote violence,51.3624,31.8357
91541,Ukraine,Explosions/Remote violence,51.3624,31.8357
91542,Ukraine,Explosions/Remote violence,51.3624,31.8357
91543,Ukraine,Explosions/Remote violence,51.3624,31.8357
91544,Ukraine,Explosions/Remote violence,51.3624,31.8357
91545,Ukraine,Explosions/Remote violence,51.3624,31.8357
91546,Ukraine,Explosions/Remote violence,51.3624,31.8357
91547,Ukraine,Explosions/Remote violence,51.3624,31.8357
91548,Ukraine,Explosions/Remote violence,51.3624,31.8357
91549,Ukraine,Explosions/Remote violence,51.3624,31.8357
91550,Ukraine,Explosions/Remote violence,51.3624,31.8357
91551,Ukraine,Explosions/Remote violence,51.3624,31.8357
91552,Ukraine,Explosions/Remote violence,51.3624,31.8357
91553,Ukraine,Explosions/Remote violence,51.3624,31.8357
91554,Ukraine,Explosions/Remote violence,51.3624,31.8357
91555,Ukraine,Explosions/Remote violence,51.3624,31.8357
91556,Ukraine,Explosions/Remote violence,51.3624,31.8357
91557,Ukraine,Explosions/Remote violence,51.3624,31.8357
91558,Ukraine,Explosions/Remote violence,51.3624,31.8357
91559,Ukraine,Explosions/Remote violence,51.3624,31.8357
91560,Ukraine,Explosions/Remote violence,51.3624,31.8357
91561,Ukraine,Explosions/Remote violence,51.3624,31.8357
91562,Ukraine,Explosions/Remote violence,51.3624,31.8357
91563,Ukraine,Explosions/Remote violence,51.3624,31.8357
91564,Ukraine,Explosions/Remote violence,51.3624,31.8357
91565,Ukraine,Explosions/Remote violence,51.3624,31.8357
91566,Ukraine,Explosions/Remote violence,51.3624,31.8357
91567,Ukraine,Explosions/Remote violence,51.3624,31.8357
91568,Ukraine,Explosions/Remote violence,51.3624,31.8357
91569,Ukraine,Explosions/Remote violence,51.3624,31.8357
91570,Ukraine,Explosions/Remote violence,51.3624,31.8357
91571,Ukraine,Explosions/Remote violence,51.3624,31.8357
91572,Ukraine,Explosions/Remote violence,51.3624,31.8357
91573,Ukraine,Explosions/Remote violence,51.3624,31.8357
91574,Ukraine,Explosions/Remote violence,51.3624,31.8357
91575,Ukraine,Explosions/Remote violence,51.3624,31.8357
91576,Ukraine,Explosions/Remote violence,51.3624,31.8357
91577,Ukraine,Explosions/Remote violence,51.3624,31.8357
91578,Ukraine,Explosions/Remote violence,51.3624,31.8357
91579,Ukraine,Explosions/Remote violence,51.3624,31.8357
91580,Ukraine,Explosions/Remote violence,51.3624,31.8357
91581,Ukraine,Explosions/Remote violence,51.3624,31.8357
91582,Ukraine,Explosions/Remote violence,51.3624,31.8357
91583,Ukraine,Explosions/Remote violence,51.3624,31.8357
91584,Ukraine,Explosions/Remote violence,51.3624,31.8357
91585,Ukraine,Explosions/Remote violence,51.3624,31.8357
91586,Ukraine,Explosions/Remote violence,51.3624,31.8357
91587,Ukraine,Explosions/Remote violence,51.3624,31.8357
91588,Ukraine,Explosions/Remote violence,51.3624,31.8357
91589,Ukraine,Explosions/Remote violence,51.3624,31.8357
91590,Ukraine,Explosions/Remote violence,51.3624,31.8357
91591,Ukraine,Explosions/Remote violence,51.3624,31.8357
91592,Ukraine,Explosions/Remote violence,51.3624,31.8357
91593,Ukraine,Explosions/Remote violence,51.3624,31.8357
91594,Ukraine,Explosions/Remote violence,51.3624,31.8357
91595,Ukraine,Explosions/Remote violence,51.3624,31.8357
91596,Ukraine,Explosions/Remote violence,51.3624,31.8357
91597,Ukraine,Explosions/Remote violence,51.3624,31.8357
91598,Ukraine,Explosions/Remote violence,51.3624,31.8357
91599,Ukraine,Explosions/Remote violence,51.3624,31.8357
91600,Ukraine,Explosions/Remote violence,51.3624,31.8357
91601,Ukraine,Explosions/Remote violence,51.3624,31.8357
91602,Ukraine,Explosions/Remote violence,51.3624,31.8357
91603,Ukraine,Explosions/Remote violence,51.3624,31.8357
91604,Ukraine,Explosions/Remote violence,51.3624,31.8357
91605,Ukraine,Explosions/Remote violence,51.3624,31.8357
91606,Ukraine,Explosions/Remote violence,51.3624,31.8357
91607,Ukraine,Explosions/Remote violence,51.3624,31.8357
91608,Ukraine,Explosions/Remote violence,51.3624,31.8357
91609,Ukraine,Explosions/Remote violence,51.3624,31.8357
91610,Ukraine,Explosions/Remote violence,51.3624,31.8357
91611,Ukraine,Explosions/Remote violence,51.3624,31.8357
91612,Ukraine,Explosions/Remote violence,51.3624,31.8357
91613,Ukraine,Explosions/Remote violence,51.3624,31.8357
91614,Ukraine,Explosions/Remote violence,51.3624,31.8357
91615,Ukraine,Explosions/Remote violence,51.3624,31.8357
91616,Ukraine,Explosions/Remote violence,51.3624,31.8357
91617,Ukraine,Explosions/Remote violence,51.3624,31.8357
91618,Ukraine,Explosions/Remote violence,51.3624,31.8357
91619,Ukraine,Explosions/Remote violence,51.3624,31.8357
91620,Ukraine,Explosions/Remote violence,51.3624,31.8357
91621,Ukraine,Explosions/Remote violence,51.3624,31.8357
91622,Ukraine,Explosions/Remote violence,51.3624,31.8357
91623,Ukraine,Explosions/Remote violence,51.3624,31.8357
91624,Ukraine,Explosions/Remote violence,51.3624,31.8357
91625,Ukraine,Explosions/Remote violence,51.3624,31.8357
91626,Ukraine,Explosions/Remote violence,51.3624,31.8357
91627,Ukraine,Explosions/Remote violence,51.3624,31.8357
91628,Ukraine,Explosions/Remote violence,51.3624,31.8357
91629,Ukraine,Explosions/Remote violence,51.3624,31.8357
91693,Ukraine,Riots,51.3624,31.8357
91694,Ukraine,Riots,51.3624,31.8357
91695,Ukraine,Riots,51.3624,31.8357
91696,Ukraine,Riots,51.3624,31.8357
91697,Ukraine,Riots,51.3624,31.8357
91698,Ukraine,Riots,51.3624,31.8357
91813,Ukraine,Violence against civilians,51.3624,31.8357
91814,Ukraine,Violence against civilians,51.3624,31.8357
91815,Ukraine,Violence against civilians,51.3624,31.8357
91816,Ukraine,Violence against civilians,51.3624,31.8357
91817,Ukraine,Violence against civilians,51.3624,31.8357
91818,Ukraine,Violence against civilians,51.3624,31.8357
91819,Ukraine,Violence against civilians,51.3624,31.8357
91820,Ukraine,Violence against civilians,51.3624,31.8357
91821,Ukraine,Violence against civilians,51.3624,31.8357
91822,Ukraine,Violence against civilians,51.3624,31.8357
91823,Ukraine,Violence against civilians,51.3624,31.8357
91824,Ukraine,Violence against civilians,51.3624,31.8357
91825,Ukraine,Violence against civilians,51.3624,31.8357
91826,Ukraine,Violence against civilians,51.3624,31.8357
91827,Ukraine,Violence against civilians,51.3624,31.8357
91829,Ukraine,Explosions/Remote violence,48.2002,25.7745
91830,Ukraine,Explosions/Remote violence,48.2002,25.7745
91831,Ukraine,Explosions/Remote violence,48.2002,25.7745
91832,Ukraine,Explosions/Remote violence,48.2002,25.7745
91833,Ukraine,Explosions/Remote violence,48.2002,25.7745
91834,Ukraine,Explosions/Remote violence,48.2002,25.7745
91909,Ukraine,Riots,48.2002,25.7745
91910,Ukraine,Riots,48.2002,25.7745
91911,Ukraine,Riots,48.2002,25.7745
91912,Ukraine,Riots,48.2002,25.7745
91913,Ukraine,Riots,48.2002,25.7745
91914,Ukraine,Riots,48.2002,25.7745
91935,Ukraine,Violence against civilians,48.2002,25.7745
91936,Ukraine,Violence against civilians,48.2002,25.7745
91937,Ukraine,Violence against civilians,48.2002,25.7745
91938,Ukraine,Explosions/Remote violence,44.6222,33.4661
91939,Ukraine,Explosions/Remote violence,44.6222,33.4661
91940,Ukraine,Explosions/Remote violence,44.6222,33.4661
91955,Ukraine,Explosions/Remote violence,45.306,34.1423
91956,Ukraine,Explosions/Remote violence,45.306,34.1423
91957,Ukraine,Explosions/Remote violence,45.306,34.1423
91958,Ukraine,Explosions/Remote violence,45.306,34.1423
91959,Ukraine,Explosions/Remote violence,45.306,34.1423
91960,Ukraine,Explosions/Remote violence,45.306,34.1423
91961,Ukraine,Explosions/Remote violence,45.306,34.1423
91962,Ukraine,Explosions/Remote violence,45.306,34.1423
91963,Ukraine,Explosions/Remote violence,45.306,34.1423
91964,Ukraine,Explosions/Remote violence,45.306,34.1423
91965,Ukraine,Explosions/Remote violence,45.306,34.1423
91966,Ukraine,Explosions/Remote violence,45.306,34.1423
91967,Ukraine,Explosions/Remote violence,45.306,34.1423
91968,Ukraine,Explosions/Remote violence,45.306,34.1423
91969,Ukraine,Explosions/Remote violence,45.306,34.1423
91970,Ukraine,Explosions/Remote violence,45.306,34.1423
91971,Ukraine,Explosions/Remote violence,45.306,34.1423
91972,Ukraine,Explosions/Remote violence,45.306,34.1423
91973,Ukraine,Explosions/Remote violence,45.306,34.1423
91974,Ukraine,Explosions/Remote violence,45.306,34.1423
91975,Ukraine,Explosions/Remote violence,45.306,34.1423
91976,Ukraine,Explosions/Remote violence,45.306,34.1423
91977,Ukraine,Explosions/Remote violence,45.306,34.1423
91978,Ukraine,Explosions/Remote violence,45.306,34.1423
91979,Ukraine,Explosions/Remote violence,45.306,34.1423
91980,Ukraine,Explosions/Remote violence,45.306,34.1423
91981,Ukraine,Explosions/Remote violence,45.306,34.1423
91982,Ukraine,Explosions/Remote violence,45.306,34.1423
91983,Ukraine,Explosions/Remote violence,45.306,34.1423
91984,Ukraine,Explosions/Remote violence,45.306,34.1423
91985,Ukraine,Explosions/Remote violence,45.306,34.1423
91986,Ukraine,Explosions/Remote violence,45.306,34.1423
91987,Ukraine,Explosions/Remote violence,45.306,34.1423
91988,Ukraine,Explosions/Remote violence,45.306,34.1423
91989,Ukraine,Explosions/Remote violence,45.306,34.1423
91990,Ukraine,Explosions/Remote violence,45.306,34.1423
91991,Ukraine,Explosions/Remote violence,45.306,34.1423
91992,Ukraine,Explosions/Remote violence,45.306,34.1423
91993,Ukraine,Explosions/Remote violence,45.306,34.1423
91994,Ukraine,Explosions/Remote violence,45.306,34.1423
91995,Ukraine,Explosions/Remote violence,45.306,34.1423
91996,Ukraine,Explosions/Remote violence,45.306,34.1423
91997,Ukraine,Explosions/Remote violence,45.306,34.1423
91998,Ukraine,Explosions/Remote violence,45.306,34.1423
91999,Ukraine,Explosions/Remote violence,45.306,34.1423
92000,Ukraine,Explosions/Remote violence,45.306,34.1423
92001,Ukraine,Explosions/Remote violence,45.306,34.1423
92002,Ukraine,Explosions/Remote violence,45.306,34.1423
92003,Ukraine,Explosions/Remote violence,45.306,34.1423
92004,Ukraine,Explosions/Remote violence,45.306,34.1423
92005,Ukraine,Explosions/Remote violence,45.306,34.1423
92006,Ukraine,Explosions/Remote violence,45.306,34.1423
92007,Ukraine,Explosions/Remote violence,45.306,34.1423
92008,Ukraine,Explosions/Remote violence,45.306,34.1423
92009,Ukraine,Explosions/Remote violence,45.306,34.1423
92010,Ukraine,Explosions/Remote violence,45.306,34.1423
92011,Ukraine,Explosions/Remote violence,45.306,34.1423
92012,Ukraine,Explosions/Remote violence,45.306,34.1423
92013,Ukraine,Explosions/Remote violence,45.306,34.1423
92014,Ukraine,Explosions/Remote violence,45.306,34.1423
92015,Ukraine,Explosions/Remote violence,45.306,34.1423
92016,Ukraine,Explosions/Remote violence,45.306,34.1423
92017,Ukraine,Explosions/Remote violence,45.306,34.1423
92018,Ukraine,Explosions/Remote violence,45.306,34.1423
92019,Ukraine,Explosions/Remote violence,45.306,34.1423
92020,Ukraine,Explosions/Remote violence,45.306,34.1423
92021,Ukraine,Explosions/Remote violence,45.306,34.1423
92022,Ukraine,Explosions/Remote violence,45.306,34.1423
92023,Ukraine,Explosions/Remote violence,45.306,34.1423
92024,Ukraine,Explosions/Remote violence,45.306,34.1423
92025,Ukraine,Explosions/Remote violence,45.306,34.1423
92026,Ukraine,Explosions/Remote violence,45.306,34.1423
92027,Ukraine,Explosions/Remote violence,45.306,34.1423
92028,Ukraine,Explosions/Remote violence,45.306,34.1423
92029,Ukraine,Explosions/Remote violence,45.306,34.1423
92030,Ukraine,Explosions/Remote violence,45.306,34.1423
92031,Ukraine,Explosions/Remote violence,45.306,34.1423
92032,Ukraine,Explosions/Remote violence,45.306,34.1423
92033,Ukraine,Explosions/Remote violence,45.306,34.1423
92034,Ukraine,Explosions/Remote violence,45.306,34.1423
92035,Ukraine,Explosions/Remote violence,45.306,34.1423
92036,Ukraine,Explosions/Remote violence,45.306,34.1423
92037,Ukraine,Explosions/Remote violence,45.306,34.1423
92038,Ukraine,Explosions/Remote violence,45.306,34.1423
92039,Ukraine,Explosions/Remote violence,45.306,34.1423
92040,Ukraine,Explosions/Remote violence,45.306,34.1423
92041,Ukraine,Explosions/Remote violence,45.306,34.1423
92042,Ukraine,Explosions/Remote violence,45.306,34.1423
92043,Ukraine,Explosions/Remote violence,45.306,34.1423
92044,Ukraine,Explosions/Remote violence,45.306,34.1423
92045,Ukraine,Explosions/Remote violence,45.306,34.1423
92046,Ukraine,Explosions/Remote violence,45.306,34.1423
92047,Ukraine,Explosions/Remote violence,45.306,34.1423
92048,Ukraine,Explosions/Remote violence,45.306,34.1423
92049,Ukraine,Explosions/Remote violence,45.306,34.1423
92050,Ukraine,Explosions/Remote violence,45.306,34.1423
92051,Ukraine,Explosions/Remote violence,45.306,34.1423
92052,Ukraine,Explosions/Remote violence,45.306,34.1423
92053,Ukraine,Explosions/Remote violence,45.306,34.1423
92054,Ukraine,Explosions/Remote violence,45.306,34.1423
92055,Ukraine,Explosions/Remote violence,45.306,34.1423
92056,Ukraine,Explosions/Remote violence,45.306,34.1423
92057,Ukraine,Explosions/Remote violence,45.306,34.1423
92058,Ukraine,Explosions/Remote violence,45.306,34.1423
92059,Ukraine,Explosions/Remote violence,45.306,34.1423
92060,Ukraine,Explosions/Remote violence,45.306,34.1423
92061,Ukraine,Explosions/Remote violence,45.306,34.1423
92062,Ukraine,Explosions/Remote violence,45.306,34.1423
92063,Ukraine,Explosions/Remote violence,45.306,34.1423
92064,Ukraine,Explosions/Remote violence,45.306,34.1423
92065,Ukraine,Explosions/Remote violence,45.306,34.1423
92066,Ukraine,Explosions/Remote violence,45.306,34.1423
92067,Ukraine,Explosions/Remote violence,45.306,34.1423
92068,Ukraine,Explosions/Remote violence,45.306,34.1423
92069,Ukraine,Explosions/Remote violence,45.306,34.1423
92070,Ukraine,Explosions/Remote violence,45.306,34.1423
92071,Ukraine,Explosions/Remote violence,45.306,34.1423
92072,Ukraine,Explosions/Remote violence,45.306,34.1423
92073,Ukraine,Explosions/Remote violence,45.306,34.1423
92074,Ukraine,Explosions/Remote violence,45.306,34.1423
92075,Ukraine,Explosions/Remote violence,45.306,34.1423
92076,Ukraine,Explosions/Remote violence,45.306,34.1423
92077,Ukraine,Explosions/Remote violence,45.306,34.1423
92078,Ukraine,Explosions/Remote violence,45.306,34.1423
92079,Ukraine,Explosions/Remote violence,45.306,34.1423
92080,Ukraine,Explosions/Remote violence,45.306,34.1423
92081,Ukraine,Explosions/Remote violence,45.306,34.1423
92082,Ukraine,Explosions/Remote violence,45.306,34.1423
92083,Ukraine,Explosions/Remote violence,45.306,34.1423
92084,Ukraine,Explosions/Remote violence,45.306,34.1423
92085,Ukraine,Explosions/Remote violence,45.306,34.1423
92086,Ukraine,Explosions/Remote violence,45.306,34.1423
92087,Ukraine,Explosions/Remote violence,45.306,34.1423
92088,Ukraine,Explosions/Remote violence,45.306,34.1423
92089,Ukraine,Explosions/Remote violence,45.306,34.1423
92090,Ukraine,Explosions/Remote violence,45.306,34.1423
92091,Ukraine,Explosions/Remote violence,45.306,34.1423
92092,Ukraine,Explosions/Remote violence,45.306,34.1423
92093,Ukraine,Explosions/Remote violence,45.306,34.1423
92094,Ukraine,Explosions/Remote violence,45.306,34.1423
92095,Ukraine,Explosions/Remote violence,45.306,34.1423
92096,Ukraine,Explosions/Remote violence,45.306,34.1423
92097,Ukraine,Explosions/Remote violence,45.306,34.1423
92098,Ukraine,Explosions/Remote violence,45.306,34.1423
92099,Ukraine,Explosions/Remote violence,45.306,34.1423
92100,Ukraine,Explosions/Remote violence,45.306,34.1423
92101,Ukraine,Explosions/Remote violence,45.306,34.1423
92102,Ukraine,Explosions/Remote violence,45.306,34.1423
92103,Ukraine,Explosions/Remote violence,45.306,34.1423
92104,Ukraine,Explosions/Remote violence,45.306,34.1423
92105,Ukraine,Explosions/Remote violence,45.306,34.1423
92106,Ukraine,Explosions/Remote violence,45.306,34.1423
92107,Ukraine,Explosions/Remote violence,45.306,34.1423
92108,Ukraine,Explosions/Remote violence,45.306,34.1423
92109,Ukraine,Explosions/Remote violence,45.306,34.1423
92110,Ukraine,Explosions/Remote violence,45.306,34.1423
92111,Ukraine,Explosions/Remote violence,45.306,34.1423
92112,Ukraine,Explosions/Remote violence,45.306,34.1423
92113,Ukraine,Explosions/Remote violence,45.306,34.1423
92114,Ukraine,Explosions/Remote violence,45.306,34.1423
92115,Ukraine,Explosions/Remote violence,45.306,34.1423
92116,Ukraine,Explosions/Remote violence,45.306,34.1423
92117,Ukraine,Explosions/Remote violence,45.306,34.1423
92118,Ukraine,Explosions/Remote violence,45.306,34.1423
92119,Ukraine,Explosions/Remote violence,45.306,34.1423
92120,Ukraine,Explosions/Remote violence,45.306,34.1423
92121,Ukraine,Explosions/Remote violence,45.306,34.1423
92122,Ukraine,Explosions/Remote violence,45.306,34.1423
92123,Ukraine,Explosions/Remote violence,45.306,34.1423
92124,Ukraine,Explosions/Remote violence,45.306,34.1423
92125,Ukraine,Explosions/Remote violence,45.306,34.1423
92228,Ukraine,Riots,45.306,34.1423
92229,Ukraine,Riots,45.306,34.1423
92230,Ukraine,Riots,45.306,34.1423
92231,Ukraine,Riots,45.306,34.1423
92232,Ukraine,Riots,45.306,34.1423
92437,Ukraine,Violence against civilians,45.306,34.1423
92438,Ukraine,Violence against civilians,45.306,34.1423
92439,Ukraine,Violence against civilians,45.306,34.1423
92440,Ukraine,Violence against civilians,45.306,34.1423
92441,Ukraine,Violence against civilians,45.306,34.1423
92442,Ukraine,Violence against civilians,45.306,34.1423
92443,Ukraine,Violence against civilians,45.306,34.1423
92444,Ukraine,Violence against civilians,45.306,34.1423
92445,Ukraine,Violence against civilians,45.306,34.1423
92446,Ukraine,Violence against civilians,45.306,34.1423
92447,Ukraine,Violence against civilians,45.306,34.1423
92448,Ukraine,Violence against civilians,45.306,34.1423
92449,Ukraine,Violence against civilians,45.306,34.1423
92450,Ukraine,Violence against civilians,45.306,34.1423
92451,Ukraine,Violence against civilians,45.306,34.1423
92452,Ukraine,Violence against civilians,45.306,34.1423
92453,Ukraine,Violence against civilians,45.306,34.1423
92454,Ukraine,Violence against civilians,45.306,34.1423
92455,Ukraine,Violence against civilians,45.306,34.1423
92456,Ukraine,Violence against civilians,45.306,34.1423
92457,Ukraine,Violence against civilians,45.306,34.1423
92458,Ukraine,Violence against civilians,45.306,34.1423
92459,Ukraine,Violence against civilians,45.306,34.1423
92460,Ukraine,Violence against civilians,45.306,34.1423
92461,Ukraine,Violence against civilians,45.306,34.1423
92462,Ukraine,Violence against civilians,45.306,34.1423
92463,Ukraine,Violence against civilians,45.306,34.1423
92464,Ukraine,Violence against civilians,45.306,34.1423
92465,Ukraine,Violence against civilians,45.306,34.1423
92466,Ukraine,Violence against civilians,45.306,34.1423
92467,Ukraine,Violence against civilians,45.306,34.1423
92468,Ukraine,Violence against civilians,45.306,34.1423
92469,Ukraine,Violence against civilians,45.306,34.1423
92470,Ukraine,Violence against civilians,45.306,34.1423
92471,Ukraine,Violence against civilians,45.306,34.1423
92472,Ukraine,Violence against civilians,45.306,34.1423
92473,Ukraine,Violence against civilians,45.306,34.1423
92474,Ukraine,Violence against civilians,45.306,34.1423
92475,Ukraine,Violence against civilians,45.306,34.1423
92476,Ukraine,Violence against civilians,45.306,34.1423
92477,Ukraine,Violence against civilians,45.306,34.1423
92478,Ukraine,Violence against civilians,45.306,34.1423
92479,Ukraine,Violence against civilians,45.306,34.1423
92480,Ukraine,Violence against civilians,45.306,34.1423
92481,Ukraine,Violence against civilians,45.306,34.1423
92482,Ukraine,Violence against civilians,45.306,34.1423
92483,Ukraine,Violence against civilians,45.306,34.1423
92484,Ukraine,Violence against civilians,45.306,34.1423
92485,Ukraine,Violence against civilians,45.306,34.1423
92486,Ukraine,Violence against civilians,45.306,34.1423
92487,Ukraine,Violence against civilians,45.306,34.1423
92488,Ukraine,Violence against civilians,45.306,34.1423
92489,Ukraine,Violence against civilians,45.306,34.1423
92556,Ukraine,Explosions/Remote violence,48.3228,35.1654
92557,Ukraine,Explosions/Remote violence,48.3228,35.1654
92558,Ukraine,Explosions/Remote violence,48.3228,35.1654
92559,Ukraine,Explosions/Remote violence,48.3228,35.1654
92560,Ukraine,Explosions/Remote violence,48.3228,35.1654
92561,Ukraine,Explosions/Remote violence,48.3228,35.1654
92562,Ukraine,Explosions/Remote violence,48.3228,35.1654
92563,Ukraine,Explosions/Remote violence,48.3228,35.1654
92564,Ukraine,Explosions/Remote violence,48.3228,35.1654
92565,Ukraine,Explosions/Remote violence,48.3228,35.1654
92566,Ukraine,Explosions/Remote violence,48.3228,35.1654
92567,Ukraine,Explosions/Remote violence,48.3228,35.1654
92568,Ukraine,Explosions/Remote violence,48.3228,35.1654
92569,Ukraine,Explosions/Remote violence,48.3228,35.1654
92570,Ukraine,Explosions/Remote violence,48.3228,35.1654
92571,Ukraine,Explosions/Remote violence,48.3228,35.1654
92572,Ukraine,Explosions/Remote violence,48.3228,35.1654
92573,Ukraine,Explosions/Remote violence,48.3228,35.1654
92574,Ukraine,Explosions/Remote violence,48.3228,35.1654
92575,Ukraine,Explosions/Remote violence,48.3228,35.1654
92576,Ukraine,Explosions/Remote violence,48.3228,35.1654
92577,Ukraine,Explosions/Remote violence,48.3228,35.1654
92578,Ukraine,Explosions/Remote violence,48.3228,35.1654
92579,Ukraine,Explosions/Remote violence,48.3228,35.1654
92580,Ukraine,Explosions/Remote violence,48.3228,35.1654
92581,Ukraine,Explosions/Remote violence,48.3228,35.1654
92582,Ukraine,Explosions/Remote violence,48.3228,35.1654
92583,Ukraine,Explosions/Remote violence,48.3228,35.1654
92584,Ukraine,Explosions/Remote violence,48.3228,35.1654
92585,Ukraine,Explosions/Remote violence,48.3228,35.1654
92586,Ukraine,Explosions/Remote violence,48.3228,35.1654
92587,Ukraine,Explosions/Remote violence,48.3228,35.1654
92588,Ukraine,Explosions/Remote violence,48.3228,35.1654
92589,Ukraine,Explosions/Remote violence,48.3228,35.1654
92590,Ukraine,Explosions/Remote violence,48.3228,35.1654
92591,Ukraine,Explosions/Remote violence,48.3228,35.1654
92592,Ukraine,Explosions/Remote violence,48.3228,35.1654
92593,Ukraine,Explosions/Remote violence,48.3228,35.1654
92594,Ukraine,Explosions/Remote violence,48.3228,35.1654
92595,Ukraine,Explosions/Remote violence,48.3228,35.1654
92596,Ukraine,Explosions/Remote violence,48.3228,35.1654
92597,Ukraine,Explosions/Remote violence,48.3228,35.1654
92598,Ukraine,Explosions/Remote violence,48.3228,35.1654
92599,Ukraine,Explosions/Remote violence,48.3228,35.1654
92600,Ukraine,Explosions/Remote violence,48.3228,35.1654
92601,Ukraine,Explosions/Remote violence,48.3228,35.1654
92602,Ukraine,Explosions/Remote violence,48.3228,35.1654
92603,Ukraine,Explosions/Remote violence,48.3228,35.1654
92604,Ukraine,Explosions/Remote violence,48.3228,35.1654
92605,Ukraine,Explosions/Remote violence,48.3228,35.1654
92606,Ukraine,Explosions/Remote violence,48.3228,35.1654
92607,Ukraine,Explosions/Remote violence,48.3228,35.1654
92608,Ukraine,Explosions/Remote violence,48.3228,35.1654
92609,Ukraine,Explosions/Remote violence,48.3228,35.1654
92610,Ukraine,Explosions/Remote violence,48.3228,35.1654
92611,Ukraine,Explosions/Remote violence,48.3228,35.1654
92612,Ukraine,Explosions/Remote violence,48.3228,35.1654
92613,Ukraine,Explosions/Remote violence,48.3228,35.1654
92614,Ukraine,Explosions/Remote violence,48.3228,35.1654
92615,Ukraine,Explosions/Remote violence,48.3228,35.1654
92616,Ukraine,Explosions/Remote violence,48.3228,35.1654
92617,Ukraine,Explosions/Remote violence,48.3228,35.1654
92618,Ukraine,Explosions/Remote violence,48.3228,35.1654
92619,Ukraine,Explosions/Remote violence,48.3228,35.1654
92620,Ukraine,Explosions/Remote violence,48.3228,35.1654
92621,Ukraine,Explosions/Remote violence,48.3228,35.1654
92622,Ukraine,Explosions/Remote violence,48.3228,35.1654
92623,Ukraine,Explosions/Remote violence,48.3228,35.1654
92624,Ukraine,Explosions/Remote violence,48.3228,35.1654
92625,Ukraine,Explosions/Remote violence,48.3228,35.1654
92626,Ukraine,Explosions/Remote violence,48.3228,35.1654
92627,Ukraine,Explosions/Remote violence,48.3228,35.1654
92628,Ukraine,Explosions/Remote violence,48.3228,35.1654
92629,Ukraine,Explosions/Remote violence,48.3228,35.1654
92630,Ukraine,Explosions/Remote violence,48.3228,35.1654
92631,Ukraine,Explosions/Remote violence,48.3228,35.1654
92632,Ukraine,Explosions/Remote violence,48.3228,35.1654
92633,Ukraine,Explosions/Remote violence,48.3228,35.1654
92634,Ukraine,Explosions/Remote violence,48.3228,35.1654
92635,Ukraine,Explosions/Remote violence,48.3228,35.1654
92636,Ukraine,Explosions/Remote violence,48.3228,35.1654
92637,Ukraine,Explosions/Remote violence,48.3228,35.1654
92638,Ukraine,Explosions/Remote violence,48.3228,35.1654
92639,Ukraine,Explosions/Remote violence,48.3228,35.1654
92640,Ukraine,Explosions/Remote violence,48.3228,35.1654
92641,Ukraine,Explosions/Remote violence,48.3228,35.1654
92642,Ukraine,Explosions/Remote violence,48.3228,35.1654
92643,Ukraine,Explosions/Remote violence,48.3228,35.1654
92644,Ukraine,Explosions/Remote violence,48.3228,35.1654
92645,Ukraine,Explosions/Remote violence,48.3228,35.1654
92646,Ukraine,Explosions/Remote violence,48.3228,35.1654
92647,Ukraine,Explosions/Remote violence,48.3228,35.1654
92648,Ukraine,Explosions/Remote violence,48.3228,35.1654
92649,Ukraine,Explosions/Remote violence,48.3228,35.1654
92650,Ukraine,Explosions/Remote violence,48.3228,35.1654
92651,Ukraine,Explosions/Remote violence,48.3228,35.1654
92652,Ukraine,Explosions/Remote violence,48.3228,35.1654
92653,Ukraine,Explosions/Remote violence,48.3228,35.1654
92654,Ukraine,Explosions/Remote violence,48.3228,35.1654
92655,Ukraine,Explosions/Remote violence,48.3228,35.1654
92656,Ukraine,Explosions/Remote violence,48.3228,35.1654
92657,Ukraine,Explosions/Remote violence,48.3228,35.1654
92658,Ukraine,Explosions/Remote violence,48.3228,35.1654
92659,Ukraine,Explosions/Remote violence,48.3228,35.1654
92660,Ukraine,Explosions/Remote violence,48.3228,35.1654
92661,Ukraine,Explosions/Remote violence,48.3228,35.1654
92662,Ukraine,Explosions/Remote violence,48.3228,35.1654
92663,Ukraine,Explosions/Remote violence,48.3228,35.1654
92664,Ukraine,Explosions/Remote violence,48.3228,35.1654
92665,Ukraine,Explosions/Remote violence,48.3228,35.1654
92666,Ukraine,Explosions/Remote violence,48.3228,35.1654
92667,Ukraine,Explosions/Remote violence,48.3228,35.1654
92668,Ukraine,Explosions/Remote violence,48.3228,35.1654
92669,Ukraine,Explosions/Remote violence,48.3228,35.1654
92670,Ukraine,Explosions/Remote violence,48.3228,35.1654
92671,Ukraine,Explosions/Remote violence,48.3228,35.1654
92672,Ukraine,Explosions/Remote violence,48.3228,35.1654
92673,Ukraine,Explosions/Remote violence,48.3228,35.1654
92674,Ukraine,Explosions/Remote violence,48.3228,35.1654
92675,Ukraine,Explosions/Remote violence,48.3228,35.1654
92676,Ukraine,Explosions/Remote violence,48.3228,35.1654
92677,Ukraine,Explosions/Remote violence,48.3228,35.1654
92678,Ukraine,Explosions/Remote violence,48.3228,35.1654
92679,Ukraine,Explosions/Remote violence,48.3228,35.1654
92680,Ukraine,Explosions/Remote violence,48.3228,35.1654
92681,Ukraine,Explosions/Remote violence,48.3228,35.1654
92682,Ukraine,Explosions/Remote violence,48.3228,35.1654
92683,Ukraine,Explosions/Remote violence,48.3228,35.1654
92684,Ukraine,Explosions/Remote violence,48.3228,35.1654
92685,Ukraine,Explosions/Remote violence,48.3228,35.1654
92686,Ukraine,Explosions/Remote violence,48.3228,35.1654
92687,Ukraine,Explosions/Remote violence,48.3228,35.1654
92688,Ukraine,Explosions/Remote violence,48.3228,35.1654
92689,Ukraine,Explosions/Remote violence,48.3228,35.1654
92690,Ukraine,Explosions/Remote violence,48.3228,35.1654
92691,Ukraine,Explosions/Remote violence,48.3228,35.1654
92692,Ukraine,Explosions/Remote violence,48.3228,35.1654
92693,Ukraine,Explosions/Remote violence,48.3228,35.1654
92694,Ukraine,Explosions/Remote violence,48.3228,35.1654
92695,Ukraine,Explosions/Remote violence,48.3228,35.1654
92696,Ukraine,Explosions/Remote violence,48.3228,35.1654
92697,Ukraine,Explosions/Remote violence,48.3228,35.1654
92698,Ukraine,Explosions/Remote violence,48.3228,35.1654
92699,Ukraine,Explosions/Remote violence,48.3228,35.1654
92700,Ukraine,Explosions/Remote violence,48.3228,35.1654
92701,Ukraine,Explosions/Remote violence,48.3228,35.1654
92702,Ukraine,Explosions/Remote violence,48.3228,35.1654
92703,Ukraine,Explosions/Remote violence,48.3228,35.1654
92704,Ukraine,Explosions/Remote violence,48.3228,35.1654
92705,Ukraine,Explosions/Remote violence,48.3228,35.1654
92706,Ukraine,Explosions/Remote violence,48.3228,35.1654
92707,Ukraine,Explosions/Remote violence,48.3228,35.1654
92708,Ukraine,Explosions/Remote violence,48.3228,35.1654
92709,Ukraine,Explosions/Remote violence,48.3228,35.1654
92710,Ukraine,Explosions/Remote violence,48.3228,35.1654
92711,Ukraine,Explosions/Remote violence,48.3228,35.1654
92712,Ukraine,Explosions/Remote violence,48.3228,35.1654
92713,Ukraine,Explosions/Remote violence,48.3228,35.1654
92714,Ukraine,Explosions/Remote violence,48.3228,35.1654
92715,Ukraine,Explosions/Remote violence,48.3228,35.1654
92716,Ukraine,Explosions/Remote violence,48.3228,35.1654
92717,Ukraine,Explosions/Remote violence,48.3228,35.1654
92718,Ukraine,Explosions/Remote violence,48.3228,35.1654
92719,Ukraine,Explosions/Remote violence,48.3228,35.1654
92720,Ukraine,Explosions/Remote violence,48.3228,35.1654
92721,Ukraine,Explosions/Remote violence,48.3228,35.1654
92722,Ukraine,Explosions/Remote violence,48.3228,35.1654
92723,Ukraine,Explosions/Remote violence,48.3228,35.1654
92724,Ukraine,Explosions/Remote violence,48.3228,35.1654
92725,Ukraine,Explosions/Remote violence,48.3228,35.1654
92726,Ukraine,Explosions/Remote violence,48.3228,35.1654
92727,Ukraine,Explosions/Remote violence,48.3228,35.1654
92728,Ukraine,Explosions/Remote violence,48.3228,35.1654
92729,Ukraine,Explosions/Remote violence,48.3228,35.1654
92730,Ukraine,Explosions/Remote violence,48.3228,35.1654
92731,Ukraine,Explosions/Remote violence,48.3228,35.1654
92732,Ukraine,Explosions/Remote violence,48.3228,35.1654
92733,Ukraine,Explosions/Remote violence,48.3228,35.1654
92734,Ukraine,Explosions/Remote violence,48.3228,35.1654
92735,Ukraine,Explosions/Remote violence,48.3228,35.1654
92736,Ukraine,Explosions/Remote violence,48.3228,35.1654
92737,Ukraine,Explosions/Remote violence,48.3228,35.1654
92738,Ukraine,Explosions/Remote violence,48.3228,35.1654
92739,Ukraine,Explosions/Remote violence,48.3228,35.1654
92740,Ukraine,Explosions/Remote violence,48.3228,35.1654
92741,Ukraine,Explosions/Remote violence,48.3228,35.1654
92742,Ukraine,Explosions/Remote violence,48.3228,35.1654
92743,Ukraine,Explosions/Remote violence,48.3228,35.1654
92744,Ukraine,Explosions/Remote violence,48.3228,35.1654
92745,Ukraine,Explosions/Remote violence,48.3228,35.1654
92746,Ukraine,Explosions/Remote violence,48.3228,35.1654
92747,Ukraine,Explosions/Remote violence,48.3228,35.1654
92748,Ukraine,Explosions/Remote violence,48.3228,35.1654
92749,Ukraine,Explosions/Remote violence,48.3228,35.1654
92750,Ukraine,Explosions/Remote violence,48.3228,35.1654
92751,Ukraine,Explosions/Remote violence,48.3228,35.1654
92752,Ukraine,Explosions/Remote violence,48.3228,35.1654
92753,Ukraine,Explosions/Remote violence,48.3228,35.1654
92754,Ukraine,Explosions/Remote violence,48.3228,35.1654
92755,Ukraine,Explosions/Remote violence,48.3228,35.1654
92756,Ukraine,Explosions/Remote violence,48.3228,35.1654
92757,Ukraine,Explosions/Remote violence,48.3228,35.1654
92758,Ukraine,Explosions/Remote violence,48.3228,35.1654
92759,Ukraine,Explosions/Remote violence,48.3228,35.1654
92760,Ukraine,Explosions/Remote violence,48.3228,35.1654
92761,Ukraine,Explosions/Remote violence,48.3228,35.1654
92762,Ukraine,Explosions/Remote violence,48.3228,35.1654
92763,Ukraine,Explosions/Remote violence,48.3228,35.1654
92764,Ukraine,Explosions/Remote violence,48.3228,35.1654
92765,Ukraine,Explosions/Remote violence,48.3228,35.1654
92766,Ukraine,Explosions/Remote violence,48.3228,35.1654
92767,Ukraine,Explosions/Remote violence,48.3228,35.1654
92768,Ukraine,Explosions/Remote violence,48.3228,35.1654
92769,Ukraine,Explosions/Remote violence,48.3228,35.1654
92770,Ukraine,Explosions/Remote violence,48.3228,35.1654
92771,Ukraine,Explosions/Remote violence,48.3228,35.1654
92772,Ukraine,Explosions/Remote violence,48.3228,35.1654
92773,Ukraine,Explosions/Remote violence,48.3228,35.1654
92774,Ukraine,Explosions/Remote violence,48.3228,35.1654
92775,Ukraine,Explosions/Remote violence,48.3228,35.1654
92776,Ukraine,Explosions/Remote violence,48.3228,35.1654
92777,Ukraine,Explosions/Remote violence,48.3228,35.1654
92778,Ukraine,Explosions/Remote violence,48.3228,35.1654
92779,Ukraine,Explosions/Remote violence,48.3228,35.1654
92780,Ukraine,Explosions/Remote violence,48.3228,35.1654
92781,Ukraine,Explosions/Remote violence,48.3228,35.1654
92782,Ukraine,Explosions/Remote violence,48.3228,35.1654
92783,Ukraine,Explosions/Remote violence,48.3228,35.1654
92784,Ukraine,Explosions/Remote violence,48.3228,35.1654
92785,Ukraine,Explosions/Remote violence,48.3228,35.1654
92786,Ukraine,Explosions/Remote violence,48.3228,35.1654
92787,Ukraine,Explosions/Remote violence,48.3228,35.1654
92788,Ukraine,Explosions/Remote violence,48.3228,35.1654
92789,Ukraine,Explosions/Remote violence,48.3228,35.1654
92790,Ukraine,Explosions/Remote violence,48.3228,35.1654
92791,Ukraine,Explosions/Remote violence,48.3228,35.1654
92792,Ukraine,Explosions/Remote violence,48.3228,35.1654
92793,Ukraine,Explosions/Remote violence,48.3228,35.1654
92794,Ukraine,Explosions/Remote violence,48.3228,35.1654
92795,Ukraine,Explosions/Remote violence,48.3228,35.1654
92796,Ukraine,Explosions/Remote violence,48.3228,35.1654
92797,Ukraine,Explosions/Remote violence,48.3228,35.1654
92798,Ukraine,Explosions/Remote violence,48.3228,35.1654
92799,Ukraine,Explosions/Remote violence,48.3228,35.1654
92800,Ukraine,Explosions/Remote violence,48.3228,35.1654
92801,Ukraine,Explosions/Remote violence,48.3228,35.1654
92802,Ukraine,Explosions/Remote violence,48.3228,35.1654
92803,Ukraine,Explosions/Remote violence,48.3228,35.1654
92804,Ukraine,Explosions/Remote violence,48.3228,35.1654
92805,Ukraine,Explosions/Remote violence,48.3228,35.1654
92806,Ukraine,Explosions/Remote violence,48.3228,35.1654
92807,Ukraine,Explosions/Remote violence,48.3228,35.1654
92808,Ukraine,Explosions/Remote violence,48.3228,35.1654
92809,Ukraine,Explosions/Remote violence,48.3228,35.1654
92810,Ukraine,Explosions/Remote violence,48.3228,35.1654
92811,Ukraine,Explosions/Remote violence,48.3228,35.1654
92812,Ukraine,Explosions/Remote violence,48.3228,35.1654
92813,Ukraine,Explosions/Remote violence,48.3228,35.1654
92814,Ukraine,Explosions/Remote violence,48.3228,35.1654
92815,Ukraine,Explosions/Remote violence,48.3228,35.1654
92816,Ukraine,Explosions/Remote violence,48.3228,35.1654
92817,Ukraine,Explosions/Remote violence,48.3228,35.1654
92818,Ukraine,Explosions/Remote violence,48.3228,35.1654
92819,Ukraine,Explosions/Remote violence,48.3228,35.1654
92820,Ukraine,Explosions/Remote violence,48.3228,35.1654
92821,Ukraine,Explosions/Remote violence,48.3228,35.1654
92822,Ukraine,Explosions/Remote violence,48.3228,35.1654
92823,Ukraine,Explosions/Remote violence,48.3228,35.1654
92824,Ukraine,Explosions/Remote violence,48.3228,35.1654
92825,Ukraine,Explosions/Remote violence,48.3228,35.1654
92826,Ukraine,Explosions/Remote violence,48.3228,35.1654
92827,Ukraine,Explosions/Remote violence,48.3228,35.1654
92828,Ukraine,Explosions/Remote violence,48.3228,35.1654
92829,Ukraine,Explosions/Remote violence,48.3228,35.1654
92830,Ukraine,Explosions/Remote violence,48.3228,35.1654
92831,Ukraine,Explosions/Remote violence,48.3228,35.1654
92832,Ukraine,Explosions/Remote violence,48.3228,35.1654
92833,Ukraine,Explosions/Remote violence,48.3228,35.1654
92834,Ukraine,Explosions/Remote violence,48.3228,35.1654
92835,Ukraine,Explosions/Remote violence,48.3228,35.1654
92836,Ukraine,Explosions/Remote violence,48.3228,35.1654
92837,Ukraine,Explosions/Remote violence,48.3228,35.1654
92838,Ukraine,Explosions/Remote violence,48.3228,35.1654
92839,Ukraine,Explosions/Remote violence,48.3228,35.1654
92840,Ukraine,Explosions/Remote violence,48.3228,35.1654
92841,Ukraine,Explosions/Remote violence,48.3228,35.1654
92842,Ukraine,Explosions/Remote violence,48.3228,35.1654
92843,Ukraine,Explosions/Remote violence,48.3228,35.1654
92844,Ukraine,Explosions/Remote violence,48.3228,35.1654
92845,Ukraine,Explosions/Remote violence,48.3228,35.1654
92846,Ukraine,Explosions/Remote violence,48.3228,35.1654
92847,Ukraine,Explosions/Remote violence,48.3228,35.1654
92848,Ukraine,Explosions/Remote violence,48.3228,35.1654
92849,Ukraine,Explosions/Remote violence,48.3228,35.1654
92850,Ukraine,Explosions/Remote violence,48.3228,35.1654
92851,Ukraine,Explosions/Remote violence,48.3228,35.1654
92852,Ukraine,Explosions/Remote violence,48.3228,35.1654
92853,Ukraine,Explosions/Remote violence,48.3228,35.1654
92854,Ukraine,Explosions/Remote violence,48.3228,35.1654
92855,Ukraine,Explosions/Remote violence,48.3228,35.1654
92856,Ukraine,Explosions/Remote violence,48.3228,35.1654
92857,Ukraine,Explosions/Remote violence,48.3228,35.1654
92858,Ukraine,Explosions/Remote violence,48.3228,35.1654
92859,Ukraine,Explosions/Remote violence,48.3228,35.1654
92860,Ukraine,Explosions/Remote violence,48.3228,35.1654
92861,Ukraine,Explosions/Remote violence,48.3228,35.1654
92862,Ukraine,Explosions/Remote violence,48.3228,35.1654
92863,Ukraine,Explosions/Remote violence,48.3228,35.1654
92864,Ukraine,Explosions/Remote violence,48.3228,35.1654
92865,Ukraine,Explosions/Remote violence,48.3228,35.1654
92866,Ukraine,Explosions/Remote violence,48.3228,35.1654
92867,Ukraine,Explosions/Remote violence,48.3228,35.1654
92868,Ukraine,Explosions/Remote violence,48.3228,35.1654
92869,Ukraine,Explosions/Remote violence,48.3228,35.1654
92870,Ukraine,Explosions/Remote violence,48.3228,35.1654
92871,Ukraine,Explosions/Remote violence,48.3228,35.1654
92872,Ukraine,Explosions/Remote violence,48.3228,35.1654
92873,Ukraine,Explosions/Remote violence,48.3228,35.1654
92874,Ukraine,Explosions/Remote violence,48.3228,35.1654
92875,Ukraine,Explosions/Remote violence,48.3228,35.1654
92876,Ukraine,Explosions/Remote violence,48.3228,35.1654
92877,Ukraine,Explosions/Remote violence,48.3228,35.1654
92878,Ukraine,Explosions/Remote violence,48.3228,35.1654
92879,Ukraine,Explosions/Remote violence,48.3228,35.1654
92880,Ukraine,Explosions/Remote violence,48.3228,35.1654
92881,Ukraine,Explosions/Remote violence,48.3228,35.1654
92882,Ukraine,Explosions/Remote violence,48.3228,35.1654
92883,Ukraine,Explosions/Remote violence,48.3228,35.1654
92884,Ukraine,Explosions/Remote violence,48.3228,35.1654
92885,Ukraine,Explosions/Remote violence,48.3228,35.1654
92886,Ukraine,Explosions/Remote violence,48.3228,35.1654
92887,Ukraine,Explosions/Remote violence,48.3228,35.1654
92888,Ukraine,Explosions/Remote violence,48.3228,35.1654
92889,Ukraine,Explosions/Remote violence,48.3228,35.1654
92890,Ukraine,Explosions/Remote violence,48.3228,35.1654
92891,Ukraine,Explosions/Remote violence,48.3228,35.1654
92892,Ukraine,Explosions/Remote violence,48.3228,35.1654
92893,Ukraine,Explosions/Remote violence,48.3228,35.1654
92894,Ukraine,Explosions/Remote violence,48.3228,35.1654
92895,Ukraine,Explosions/Remote violence,48.3228,35.1654
92896,Ukraine,Explosions/Remote violence,48.3228,35.1654
92897,Ukraine,Explosions/Remote violence,48.3228,35.1654
92898,Ukraine,Explosions/Remote violence,48.3228,35.1654
92899,Ukraine,Explosions/Remote violence,48.3228,35.1654
92900,Ukraine,Explosions/Remote violence,48.3228,35.1654
92901,Ukraine,Explosions/Remote violence,48.3228,35.1654
92902,Ukraine,Explosions/Remote violence,48.3228,35.1654
92903,Ukraine,Explosions/Remote violence,48.3228,35.1654
92904,Ukraine,Explosions/Remote violence,48.3228,35.1654
92905,Ukraine,Explosions/Remote violence,48.3228,35.1654
92906,Ukraine,Explosions/Remote violence,48.3228,35.1654
92907,Ukraine,Explosions/Remote violence,48.3228,35.1654
92908,Ukraine,Explosions/Remote violence,48.3228,35.1654
92909,Ukraine,Explosions/Remote violence,48.3228,35.1654
92910,Ukraine,Explosions/Remote violence,48.3228,35.1654
92911,Ukraine,Explosions/Remote violence,48.3228,35.1654
92912,Ukraine,Explosions/Remote violence,48.3228,35.1654
92913,Ukraine,Explosions/Remote violence,48.3228,35.1654
92914,Ukraine,Explosions/Remote violence,48.3228,35.1654
92915,Ukraine,Explosions/Remote violence,48.3228,35.1654
92916,Ukraine,Explosions/Remote violence,48.3228,35.1654
92917,Ukraine,Explosions/Remote violence,48.3228,35.1654
92918,Ukraine,Explosions/Remote violence,48.3228,35.1654
92919,Ukraine,Explosions/Remote violence,48.3228,35.1654
92920,Ukraine,Explosions/Remote violence,48.3228,35.1654
92921,Ukraine,Explosions/Remote violence,48.3228,35.1654
92922,Ukraine,Explosions/Remote violence,48.3228,35.1654
92923,Ukraine,Explosions/Remote violence,48.3228,35.1654
92924,Ukraine,Explosions/Remote violence,48.3228,35.1654
92925,Ukraine,Explosions/Remote violence,48.3228,35.1654
92926,Ukraine,Explosions/Remote violence,48.3228,35.1654
92927,Ukraine,Explosions/Remote violence,48.3228,35.1654
92928,Ukraine,Explosions/Remote violence,48.3228,35.1654
92929,Ukraine,Explosions/Remote violence,48.3228,35.1654
92930,Ukraine,Explosions/Remote violence,48.3228,35.1654
92931,Ukraine,Explosions/Remote violence,48.3228,35.1654
92932,Ukraine,Explosions/Remote violence,48.3228,35.1654
92933,Ukraine,Explosions/Remote violence,48.3228,35.1654
92934,Ukraine,Explosions/Remote violence,48.3228,35.1654
92935,Ukraine,Explosions/Remote violence,48.3228,35.1654
92936,Ukraine,Explosions/Remote violence,48.3228,35.1654
92937,Ukraine,Explosions/Remote violence,48.3228,35.1654
92938,Ukraine,Explosions/Remote violence,48.3228,35.1654
92939,Ukraine,Explosions/Remote violence,48.3228,35.1654
92940,Ukraine,Explosions/Remote violence,48.3228,35.1654
92941,Ukraine,Explosions/Remote violence,48.3228,35.1654
92942,Ukraine,Explosions/Remote violence,48.3228,35.1654
92943,Ukraine,Explosions/Remote violence,48.3228,35.1654
92944,Ukraine,Explosions/Remote violence,48.3228,35.1654
92945,Ukraine,Explosions/Remote violence,48.3228,35.1654
92946,Ukraine,Explosions/Remote violence,48.3228,35.1654
92947,Ukraine,Explosions/Remote violence,48.3228,35.1654
92948,Ukraine,Explosions/Remote violence,48.3228,35.1654
92949,Ukraine,Explosions/Remote violence,48.3228,35.1654
92950,Ukraine,Explosions/Remote violence,48.3228,35.1654
92951,Ukraine,Explosions/Remote violence,48.3228,35.1654
92952,Ukraine,Explosions/Remote violence,48.3228,35.1654
92953,Ukraine,Explosions/Remote violence,48.3228,35.1654
92954,Ukraine,Explosions/Remote violence,48.3228,35.1654
93121,Ukraine,Riots,48.3228,35.1654
93122,Ukraine,Riots,48.3228,35.1654
93123,Ukraine,Riots,48.3228,35.1654
93124,Ukraine,Riots,48.3228,35.1654
93125,Ukraine,Riots,48.3228,35.1654
93126,Ukraine,Riots,48.3228,35.1654
93127,Ukraine,Riots,48.3228,35.1654
93128,Ukraine,Riots,48.3228,35.1654
93129,Ukraine,Riots,48.3228,35.1654
93130,Ukraine,Riots,48.3228,35.1654
93131,Ukraine,Riots,48.3228,35.1654
93132,Ukraine,Riots,48.3228,35.1654
93133,Ukraine,Riots,48.3228,35.1654
93134,Ukraine,Riots,48.3228,35.1654
93135,Ukraine,Riots,48.3228,35.1654
93136,Ukraine,Riots,48.3228,35.1654
93137,Ukraine,Riots,48.3228,35.1654
93138,Ukraine,Riots,48.3228,35.1654
93139,Ukraine,Riots,48.3228,35.1654
93350,Ukraine,Violence against civilians,48.3228,35.1654
93351,Ukraine,Violence against civilians,48.3228,35.1654
93352,Ukraine,Violence against civilians,48.3228,35.1654
93353,Ukraine,Violence against civilians,48.3228,35.1654
93354,Ukraine,Violence against civilians,48.3228,35.1654
93355,Ukraine,Violence against civilians,48.3228,35.1654
93356,Ukraine,Violence against civilians,48.3228,35.1654
93357,Ukraine,Violence against civilians,48.3228,35.1654
93358,Ukraine,Violence against civilians,48.3228,35.1654
93359,Ukraine,Violence against civilians,48.3228,35.1654
93360,Ukraine,Violence against civilians,48.3228,35.1654
93361,Ukraine,Violence against civilians,48.3228,35.1654
93362,Ukraine,Violence against civilians,48.3228,35.1654
93363,Ukraine,Violence against civilians,48.3228,35.1654
93364,Ukraine,Violence against civilians,48.3228,35.1654
93365,Ukraine,Violence against civilians,48.3228,35.1654
93366,Ukraine,Violence against civilians,48.3228,35.1654
93367,Ukraine,Violence against civilians,48.3228,35.1654
93368,Ukraine,Violence against civilians,48.3228,35.1654
93369,Ukraine,Violence against civilians,48.3228,35.1654
93370,Ukraine,Violence against civilians,48.3228,35.1654
93371,Ukraine,Violence against civilians,48.3228,35.1654
93372,Ukraine,Violence against civilians,48.3228,35.1654
93373,Ukraine,Violence against civilians,48.3228,35.1654
93374,Ukraine,Violence against civilians,48.3228,35.1654
93375,Ukraine,Violence against civilians,48.3228,35.1654
93376,Ukraine,Violence against civilians,48.3228,35.1654
93947,Ukraine,Explosions/Remote violence,48.0458,37.8392
93948,Ukraine,Explosions/Remote violence,48.0458,37.8392
93949,Ukraine,Explosions/Remote violence,48.0458,37.8392
93950,Ukraine,Explosions/Remote violence,48.0458,37.8392
93951,Ukraine,Explosions/Remote violence,48.0458,37.8392
93952,Ukraine,Explosions/Remote violence,48.0458,37.8392
93953,Ukraine,Explosions/Remote violence,48.0458,37.8392
93954,Ukraine,Explosions/Remote violence,48.0458,37.8392
93955,Ukraine,Explosions/Remote violence,48.0458,37.8392
93956,Ukraine,Explosions/Remote violence,48.0458,37.8392
93957,Ukraine,Explosions/Remote violence,48.0458,37.8392
93958,Ukraine,Explosions/Remote violence,48.0458,37.8392
93959,Ukraine,Explosions/Remote violence,48.0458,37.8392
93960,Ukraine,Explosions/Remote violence,48.0458,37.8392
93961,Ukraine,Explosions/Remote violence,48.0458,37.8392
93962,Ukraine,Explosions/Remote violence,48.0458,37.8392
93963,Ukraine,Explosions/Remote violence,48.0458,37.8392
93964,Ukraine,Explosions/Remote violence,48.0458,37.8392
93965,Ukraine,Explosions/Remote violence,48.0458,37.8392
93966,Ukraine,Explosions/Remote violence,48.0458,37.8392
93967,Ukraine,Explosions/Remote violence,48.0458,37.8392
93968,Ukraine,Explosions/Remote violence,48.0458,37.8392
93969,Ukraine,Explosions/Remote violence,48.0458,37.8392
93970,Ukraine,Explosions/Remote violence,48.0458,37.8392
93971,Ukraine,Explosions/Remote violence,48.0458,37.8392
93972,Ukraine,Explosions/Remote violence,48.0458,37.8392
93973,Ukraine,Explosions/Remote violence,48.0458,37.8392
93974,Ukraine,Explosions/Remote violence,48.0458,37.8392
93975,Ukraine,Explosions/Remote violence,48.0458,37.8392
93976,Ukraine,Explosions/Remote violence,48.0458,37.8392
93977,Ukraine,Explosions/Remote violence,48.0458,37.8392
93978,Ukraine,Explosions/Remote violence,48.0458,37.8392
93979,Ukraine,Explosions/Remote violence,48.0458,37.8392
93980,Ukraine,Explosions/Remote violence,48.0458,37.8392
93981,Ukraine,Explosions/Remote violence,48.0458,37.8392
93982,Ukraine,Explosions/Remote violence,48.0458,37.8392
93983,Ukraine,Explosions/Remote violence,48.0458,37.8392
93984,Ukraine,Explosions/Remote violence,48.0458,37.8392
93985,Ukraine,Explosions/Remote violence,48.0458,37.8392
93986,Ukraine,Explosions/Remote violence,48.0458,37.8392
93987,Ukraine,Explosions/Remote violence,48.0458,37.8392
93988,Ukraine,Explosions/Remote violence,48.0458,37.8392
93989,Ukraine,Explosions/Remote violence,48.0458,37.8392
93990,Ukraine,Explosions/Remote violence,48.0458,37.8392
93991,Ukraine,Explosions/Remote violence,48.0458,37.8392
93992,Ukraine,Explosions/Remote violence,48.0458,37.8392
93993,Ukraine,Explosions/Remote violence,48.0458,37.8392
93994,Ukraine,Explosions/Remote violence,48.0458,37.8392
93995,Ukraine,Explosions/Remote violence,48.0458,37.8392
93996,Ukraine,Explosions/Remote violence,48.0458,37.8392
93997,Ukraine,Explosions/Remote violence,48.0458,37.8392
93998,Ukraine,Explosions/Remote violence,48.0458,37.8392
93999,Ukraine,Explosions/Remote violence,48.0458,37.8392
94000,Ukraine,Explosions/Remote violence,48.0458,37.8392
94001,Ukraine,Explosions/Remote violence,48.0458,37.8392
94002,Ukraine,Explosions/Remote violence,48.0458,37.8392
94003,Ukraine,Explosions/Remote violence,48.0458,37.8392
94004,Ukraine,Explosions/Remote violence,48.0458,37.8392
94005,Ukraine,Explosions/Remote violence,48.0458,37.8392
94006,Ukraine,Explosions/Remote violence,48.0458,37.8392
94007,Ukraine,Explosions/Remote violence,48.0458,37.8392
94008,Ukraine,Explosions/Remote violence,48.0458,37.8392
94009,Ukraine,Explosions/Remote violence,48.0458,37.8392
94010,Ukraine,Explosions/Remote violence,48.0458,37.8392
94011,Ukraine,Explosions/Remote violence,48.0458,37.8392
94012,Ukraine,Explosions/Remote violence,48.0458,37.8392
94013,Ukraine,Explosions/Remote violence,48.0458,37.8392
94014,Ukraine,Explosions/Remote violence,48.0458,37.8392
94015,Ukraine,Explosions/Remote violence,48.0458,37.8392
94016,Ukraine,Explosions/Remote violence,48.0458,37.8392
94017,Ukraine,Explosions/Remote violence,48.0458,37.8392
94018,Ukraine,Explosions/Remote violence,48.0458,37.8392
94019,Ukraine,Explosions/Remote violence,48.0458,37.8392
94020,Ukraine,Explosions/Remote violence,48.0458,37.8392
94021,Ukraine,Explosions/Remote violence,48.0458,37.8392
94022,Ukraine,Explosions/Remote violence,48.0458,37.8392
94023,Ukraine,Explosions/Remote violence,48.0458,37.8392
94024,Ukraine,Explosions/Remote violence,48.0458,37.8392
94025,Ukraine,Explosions/Remote violence,48.0458,37.8392
94026,Ukraine,Explosions/Remote violence,48.0458,37.8392
94027,Ukraine,Explosions/Remote violence,48.0458,37.8392
94028,Ukraine,Explosions/Remote violence,48.0458,37.8392
94029,Ukraine,Explosions/Remote violence,48.0458,37.8392
94030,Ukraine,Explosions/Remote violence,48.0458,37.8392
94031,Ukraine,Explosions/Remote violence,48.0458,37.8392
94032,Ukraine,Explosions/Remote violence,48.0458,37.8392
94033,Ukraine,Explosions/Remote violence,48.0458,37.8392
94034,Ukraine,Explosions/Remote violence,48.0458,37.8392
94035,Ukraine,Explosions/Remote violence,48.0458,37.8392
94036,Ukraine,Explosions/Remote violence,48.0458,37.8392
94037,Ukraine,Explosions/Remote violence,48.0458,37.8392
94038,Ukraine,Explosions/Remote violence,48.0458,37.8392
94039,Ukraine,Explosions/Remote violence,48.0458,37.8392
94040,Ukraine,Explosions/Remote violence,48.0458,37.8392
94041,Ukraine,Explosions/Remote violence,48.0458,37.8392
94042,Ukraine,Explosions/Remote violence,48.0458,37.8392
94043,Ukraine,Explosions/Remote violence,48.0458,37.8392
94044,Ukraine,Explosions/Remote violence,48.0458,37.8392
94045,Ukraine,Explosions/Remote violence,48.0458,37.8392
94046,Ukraine,Explosions/Remote violence,48.0458,37.8392
94047,Ukraine,Explosions/Remote violence,48.0458,37.8392
94048,Ukraine,Explosions/Remote violence,48.0458,37.8392
94049,Ukraine,Explosions/Remote violence,48.0458,37.8392
94050,Ukraine,Explosions/Remote violence,48.0458,37.8392
94051,Ukraine,Explosions/Remote violence,48.0458,37.8392
94052,Ukraine,Explosions/Remote violence,48.0458,37.8392
94053,Ukraine,Explosions/Remote violence,48.0458,37.8392
94054,Ukraine,Explosions/Remote violence,48.0458,37.8392
94055,Ukraine,Explosions/Remote violence,48.0458,37.8392
94056,Ukraine,Explosions/Remote violence,48.0458,37.8392
94057,Ukraine,Explosions/Remote violence,48.0458,37.8392
94058,Ukraine,Explosions/Remote violence,48.0458,37.8392
94059,Ukraine,Explosions/Remote violence,48.0458,37.8392
94060,Ukraine,Explosions/Remote violence,48.0458,37.8392
94061,Ukraine,Explosions/Remote violence,48.0458,37.8392
94062,Ukraine,Explosions/Remote violence,48.0458,37.8392
94063,Ukraine,Explosions/Remote violence,48.0458,37.8392
94064,Ukraine,Explosions/Remote violence,48.0458,37.8392
94065,Ukraine,Explosions/Remote violence,48.0458,37.8392
94066,Ukraine,Explosions/Remote violence,48.0458,37.8392
94067,Ukraine,Explosions/Remote violence,48.0458,37.8392
94068,Ukraine,Explosions/Remote violence,48.0458,37.8392
94069,Ukraine,Explosions/Remote violence,48.0458,37.8392
94070,Ukraine,Explosions/Remote violence,48.0458,37.8392
94071,Ukraine,Explosions/Remote violence,48.0458,37.8392
94072,Ukraine,Explosions/Remote violence,48.0458,37.8392
94073,Ukraine,Explosions/Remote violence,48.0458,37.8392
94074,Ukraine,Explosions/Remote violence,48.0458,37.8392
94075,Ukraine,Explosions/Remote violence,48.0458,37.8392
94076,Ukraine,Explosions/Remote violence,48.0458,37.8392
94077,Ukraine,Explosions/Remote violence,48.0458,37.8392
94078,Ukraine,Explosions/Remote violence,48.0458,37.8392
94079,Ukraine,Explosions/Remote violence,48.0458,37.8392
94080,Ukraine,Explosions/Remote violence,48.0458,37.8392
94081,Ukraine,Explosions/Remote violence,48.0458,37.8392
94082,Ukraine,Explosions/Remote violence,48.0458,37.8392
94083,Ukraine,Explosions/Remote violence,48.0458,37.8392
94084,Ukraine,Explosions/Remote violence,48.0458,37.8392
94085,Ukraine,Explosions/Remote violence,48.0458,37.8392
94086,Ukraine,Explosions/Remote violence,48.0458,37.8392
94087,Ukraine,Explosions/Remote violence,48.0458,37.8392
94088,Ukraine,Explosions/Remote violence,48.0458,37.8392
94089,Ukraine,Explosions/Remote violence,48.0458,37.8392
94090,Ukraine,Explosions/Remote violence,48.0458,37.8392
94091,Ukraine,Explosions/Remote violence,48.0458,37.8392
94092,Ukraine,Explosions/Remote violence,48.0458,37.8392
94093,Ukraine,Explosions/Remote violence,48.0458,37.8392
94094,Ukraine,Explosions/Remote violence,48.0458,37.8392
94095,Ukraine,Explosions/Remote violence,48.0458,37.8392
94096,Ukraine,Explosions/Remote violence,48.0458,37.8392
94097,Ukraine,Explosions/Remote violence,48.0458,37.8392
94098,Ukraine,Explosions/Remote violence,48.0458,37.8392
94099,Ukraine,Explosions/Remote violence,48.0458,37.8392
94100,Ukraine,Explosions/Remote violence,48.0458,37.8392
94101,Ukraine,Explosions/Remote violence,48.0458,37.8392
94102,Ukraine,Explosions/Remote violence,48.0458,37.8392
94103,Ukraine,Explosions/Remote violence,48.0458,37.8392
94104,Ukraine,Explosions/Remote violence,48.0458,37.8392
94105,Ukraine,Explosions/Remote violence,48.0458,37.8392
94106,Ukraine,Explosions/Remote violence,48.0458,37.8392
94107,Ukraine,Explosions/Remote violence,48.0458,37.8392
94108,Ukraine,Explosions/Remote violence,48.0458,37.8392
94109,Ukraine,Explosions/Remote violence,48.0458,37.8392
94110,Ukraine,Explosions/Remote violence,48.0458,37.8392
94111,Ukraine,Explosions/Remote violence,48.0458,37.8392
94112,Ukraine,Explosions/Remote violence,48.0458,37.8392
94113,Ukraine,Explosions/Remote violence,48.0458,37.8392
94114,Ukraine,Explosions/Remote violence,48.0458,37.8392
94115,Ukraine,Explosions/Remote violence,48.0458,37.8392
94116,Ukraine,Explosions/Remote violence,48.0458,37.8392
94117,Ukraine,Explosions/Remote violence,48.0458,37.8392
94118,Ukraine,Explosions/Remote violence,48.0458,37.8392
94119,Ukraine,Explosions/Remote violence,48.0458,37.8392
94120,Ukraine,Explosions/Remote violence,48.0458,37.8392
94121,Ukraine,Explosions/Remote violence,48.0458,37.8392
94122,Ukraine,Explosions/Remote violence,48.0458,37.8392
94123,Ukraine,Explosions/Remote violence,48.0458,37.8392
94124,Ukraine,Explosions/Remote violence,48.0458,37.8392
94125,Ukraine,Explosions/Remote violence,48.0458,37.8392
94126,Ukraine,Explosions/Remote violence,48.0458,37.8392
94127,Ukraine,Explosions/Remote violence,48.0458,37.8392
94128,Ukraine,Explosions/Remote violence,48.0458,37.8392
94129,Ukraine,Explosions/Remote violence,48.0458,37.8392
94130,Ukraine,Explosions/Remote violence,48.0458,37.8392
94131,Ukraine,Explosions/Remote violence,48.0458,37.8392
94132,Ukraine,Explosions/Remote violence,48.0458,37.8392
94133,Ukraine,Explosions/Remote violence,48.0458,37.8392
94134,Ukraine,Explosions/Remote violence,48.0458,37.8392
94135,Ukraine,Explosions/Remote violence,48.0458,37.8392
94136,Ukraine,Explosions/Remote violence,48.0458,37.8392
94137,Ukraine,Explosions/Remote violence,48.0458,37.8392
94138,Ukraine,Explosions/Remote violence,48.0458,37.8392
94139,Ukraine,Explosions/Remote violence,48.0458,37.8392
94140,Ukraine,Explosions/Remote violence,48.0458,37.8392
94141,Ukraine,Explosions/Remote violence,48.0458,37.8392
94142,Ukraine,Explosions/Remote violence,48.0458,37.8392
94143,Ukraine,Explosions/Remote violence,48.0458,37.8392
94144,Ukraine,Explosions/Remote violence,48.0458,37.8392
94145,Ukraine,Explosions/Remote violence,48.0458,37.8392
94146,Ukraine,Explosions/Remote violence,48.0458,37.8392
94147,Ukraine,Explosions/Remote violence,48.0458,37.8392
94148,Ukraine,Explosions/Remote violence,48.0458,37.8392
94149,Ukraine,Explosions/Remote violence,48.0458,37.8392
94150,Ukraine,Explosions/Remote violence,48.0458,37.8392
94151,Ukraine,Explosions/Remote violence,48.0458,37.8392
94152,Ukraine,Explosions/Remote violence,48.0458,37.8392
94153,Ukraine,Explosions/Remote violence,48.0458,37.8392
94154,Ukraine,Explosions/Remote violence,48.0458,37.8392
94155,Ukraine,Explosions/Remote violence,48.0458,37.8392
94156,Ukraine,Explosions/Remote violence,48.0458,37.8392
94157,Ukraine,Explosions/Remote violence,48.0458,37.8392
94158,Ukraine,Explosions/Remote violence,48.0458,37.8392
94159,Ukraine,Explosions/Remote violence,48.0458,37.8392
94160,Ukraine,Explosions/Remote violence,48.0458,37.8392
94161,Ukraine,Explosions/Remote violence,48.0458,37.8392
94162,Ukraine,Explosions/Remote violence,48.0458,37.8392
94163,Ukraine,Explosions/Remote violence,48.0458,37.8392
94164,Ukraine,Explosions/Remote violence,48.0458,37.8392
94165,Ukraine,Explosions/Remote violence,48.0458,37.8392
94166,Ukraine,Explosions/Remote violence,48.0458,37.8392
94167,Ukraine,Explosions/Remote violence,48.0458,37.8392
94168,Ukraine,Explosions/Remote violence,48.0458,37.8392
94169,Ukraine,Explosions/Remote violence,48.0458,37.8392
94170,Ukraine,Explosions/Remote violence,48.0458,37.8392
94171,Ukraine,Explosions/Remote violence,48.0458,37.8392
94172,Ukraine,Explosions/Remote violence,48.0458,37.8392
94173,Ukraine,Explosions/Remote violence,48.0458,37.8392
94174,Ukraine,Explosions/Remote violence,48.0458,37.8392
94175,Ukraine,Explosions/Remote violence,48.0458,37.8392
94176,Ukraine,Explosions/Remote violence,48.0458,37.8392
94177,Ukraine,Explosions/Remote violence,48.0458,37.8392
94178,Ukraine,Explosions/Remote violence,48.0458,37.8392
94179,Ukraine,Explosions/Remote violence,48.0458,37.8392
94180,Ukraine,Explosions/Remote violence,48.0458,37.8392
94181,Ukraine,Explosions/Remote violence,48.0458,37.8392
94182,Ukraine,Explosions/Remote violence,48.0458,37.8392
94183,Ukraine,Explosions/Remote violence,48.0458,37.8392
94184,Ukraine,Explosions/Remote violence,48.0458,37.8392
94185,Ukraine,Explosions/Remote violence,48.0458,37.8392
94186,Ukraine,Explosions/Remote violence,48.0458,37.8392
94187,Ukraine,Explosions/Remote violence,48.0458,37.8392
94188,Ukraine,Explosions/Remote violence,48.0458,37.8392
94189,Ukraine,Explosions/Remote violence,48.0458,37.8392
94190,Ukraine,Explosions/Remote violence,48.0458,37.8392
94191,Ukraine,Explosions/Remote violence,48.0458,37.8392
94192,Ukraine,Explosions/Remote violence,48.0458,37.8392
94193,Ukraine,Explosions/Remote violence,48.0458,37.8392
94194,Ukraine,Explosions/Remote violence,48.0458,37.8392
94195,Ukraine,Explosions/Remote violence,48.0458,37.8392
94196,Ukraine,Explosions/Remote violence,48.0458,37.8392
94197,Ukraine,Explosions/Remote violence,48.0458,37.8392
94198,Ukraine,Explosions/Remote violence,48.0458,37.8392
94199,Ukraine,Explosions/Remote violence,48.0458,37.8392
94200,Ukraine,Explosions/Remote violence,48.0458,37.8392
94201,Ukraine,Explosions/Remote violence,48.0458,37.8392
94202,Ukraine,Explosions/Remote violence,48.0458,37.8392
94203,Ukraine,Explosions/Remote violence,48.0458,37.8392
94204,Ukraine,Explosions/Remote violence,48.0458,37.8392
94205,Ukraine,Explosions/Remote violence,48.0458,37.8392
94206,Ukraine,Explosions/Remote violence,48.0458,37.8392
94207,Ukraine,Explosions/Remote violence,48.0458,37.8392
94208,Ukraine,Explosions/Remote violence,48.0458,37.8392
94209,Ukraine,Explosions/Remote violence,48.0458,37.8392
94210,Ukraine,Explosions/Remote violence,48.0458,37.8392
94211,Ukraine,Explosions/Remote violence,48.0458,37.8392
94212,Ukraine,Explosions/Remote violence,48.0458,37.8392
94213,Ukraine,Explosions/Remote violence,48.0458,37.8392
94214,Ukraine,Explosions/Remote violence,48.0458,37.8392
94215,Ukraine,Explosions/Remote violence,48.0458,37.8392
94216,Ukraine,Explosions/Remote violence,48.0458,37.8392
94217,Ukraine,Explosions/Remote violence,48.0458,37.8392
94218,Ukraine,Explosions/Remote violence,48.0458,37.8392
94219,Ukraine,Explosions/Remote violence,48.0458,37.8392
94220,Ukraine,Explosions/Remote violence,48.0458,37.8392
94221,Ukraine,Explosions/Remote violence,48.0458,37.8392
94222,Ukraine,Explosions/Remote violence,48.0458,37.8392
94223,Ukraine,Explosions/Remote violence,48.0458,37.8392
94224,Ukraine,Explosions/Remote violence,48.0458,37.8392
94225,Ukraine,Explosions/Remote violence,48.0458,37.8392
94226,Ukraine,Explosions/Remote violence,48.0458,37.8392
94227,Ukraine,Explosions/Remote violence,48.0458,37.8392
94228,Ukraine,Explosions/Remote violence,48.0458,37.8392
94229,Ukraine,Explosions/Remote violence,48.0458,37.8392
94230,Ukraine,Explosions/Remote violence,48.0458,37.8392
94231,Ukraine,Explosions/Remote violence,48.0458,37.8392
94232,Ukraine,Explosions/Remote violence,48.0458,37.8392
94233,Ukraine,Explosions/Remote violence,48.0458,37.8392
94234,Ukraine,Explosions/Remote violence,48.0458,37.8392
94235,Ukraine,Explosions/Remote violence,48.0458,37.8392
94236,Ukraine,Explosions/Remote violence,48.0458,37.8392
94237,Ukraine,Explosions/Remote violence,48.0458,37.8392
94238,Ukraine,Explosions/Remote violence,48.0458,37.8392
94239,Ukraine,Explosions/Remote violence,48.0458,37.8392
94240,Ukraine,Explosions/Remote violence,48.0458,37.8392
94241,Ukraine,Explosions/Remote violence,48.0458,37.8392
94242,Ukraine,Explosions/Remote violence,48.0458,37.8392
94243,Ukraine,Explosions/Remote violence,48.0458,37.8392
94244,Ukraine,Explosions/Remote violence,48.0458,37.8392
94245,Ukraine,Explosions/Remote violence,48.0458,37.8392
94246,Ukraine,Explosions/Remote violence,48.0458,37.8392
94247,Ukraine,Explosions/Remote violence,48.0458,37.8392
94248,Ukraine,Explosions/Remote violence,48.0458,37.8392
94249,Ukraine,Explosions/Remote violence,48.0458,37.8392
94250,Ukraine,Explosions/Remote violence,48.0458,37.8392
94251,Ukraine,Explosions/Remote violence,48.0458,37.8392
94252,Ukraine,Explosions/Remote violence,48.0458,37.8392
94253,Ukraine,Explosions/Remote violence,48.0458,37.8392
94254,Ukraine,Explosions/Remote violence,48.0458,37.8392
94255,Ukraine,Explosions/Remote violence,48.0458,37.8392
94256,Ukraine,Explosions/Remote violence,48.0458,37.8392
94257,Ukraine,Explosions/Remote violence,48.0458,37.8392
94258,Ukraine,Explosions/Remote violence,48.0458,37.8392
94259,Ukraine,Explosions/Remote violence,48.0458,37.8392
94260,Ukraine,Explosions/Remote violence,48.0458,37.8392
94261,Ukraine,Explosions/Remote violence,48.0458,37.8392
94262,Ukraine,Explosions/Remote violence,48.0458,37.8392
94263,Ukraine,Explosions/Remote violence,48.0458,37.8392
94264,Ukraine,Explosions/Remote violence,48.0458,37.8392
94265,Ukraine,Explosions/Remote violence,48.0458,37.8392
94266,Ukraine,Explosions/Remote violence,48.0458,37.8392
94267,Ukraine,Explosions/Remote violence,48.0458,37.8392
94268,Ukraine,Explosions/Remote violence,48.0458,37.8392
94269,Ukraine,Explosions/Remote violence,48.0458,37.8392
94270,Ukraine,Explosions/Remote violence,48.0458,37.8392
94271,Ukraine,Explosions/Remote violence,48.0458,37.8392
94272,Ukraine,Explosions/Remote violence,48.0458,37.8392
94273,Ukraine,Explosions/Remote violence,48.0458,37.8392
94274,Ukraine,Explosions/Remote violence,48.0458,37.8392
94275,Ukraine,Explosions/Remote violence,48.0458,37.8392
94276,Ukraine,Explosions/Remote violence,48.0458,37.8392
94277,Ukraine,Explosions/Remote violence,48.0458,37.8392
94278,Ukraine,Explosions/Remote violence,48.0458,37.8392
94279,Ukraine,Explosions/Remote violence,48.0458,37.8392
94280,Ukraine,Explosions/Remote violence,48.0458,37.8392
94281,Ukraine,Explosions/Remote violence,48.0458,37.8392
94282,Ukraine,Explosions/Remote violence,48.0458,37.8392
94283,Ukraine,Explosions/Remote violence,48.0458,37.8392
94284,Ukraine,Explosions/Remote violence,48.0458,37.8392
94285,Ukraine,Explosions/Remote violence,48.0458,37.8392
94286,Ukraine,Explosions/Remote violence,48.0458,37.8392
94287,Ukraine,Explosions/Remote violence,48.0458,37.8392
94288,Ukraine,Explosions/Remote violence,48.0458,37.8392
94289,Ukraine,Explosions/Remote violence,48.0458,37.8392
94290,Ukraine,Explosions/Remote violence,48.0458,37.8392
94291,Ukraine,Explosions/Remote violence,48.0458,37.8392
94292,Ukraine,Explosions/Remote violence,48.0458,37.8392
94293,Ukraine,Explosions/Remote violence,48.0458,37.8392
94294,Ukraine,Explosions/Remote violence,48.0458,37.8392
94295,Ukraine,Explosions/Remote violence,48.0458,37.8392
94296,Ukraine,Explosions/Remote violence,48.0458,37.8392
94297,Ukraine,Explosions/Remote violence,48.0458,37.8392
94298,Ukraine,Explosions/Remote violence,48.0458,37.8392
94299,Ukraine,Explosions/Remote violence,48.0458,37.8392
94300,Ukraine,Explosions/Remote violence,48.0458,37.8392
94301,Ukraine,Explosions/Remote violence,48.0458,37.8392
94302,Ukraine,Explosions/Remote violence,48.0458,37.8392
94303,Ukraine,Explosions/Remote violence,48.0458,37.8392
94304,Ukraine,Explosions/Remote violence,48.0458,37.8392
94305,Ukraine,Explosions/Remote violence,48.0458,37.8392
94306,Ukraine,Explosions/Remote violence,48.0458,37.8392
94307,Ukraine,Explosions/Remote violence,48.0458,37.8392
94308,Ukraine,Explosions/Remote violence,48.0458,37.8392
94309,Ukraine,Explosions/Remote violence,48.0458,37.8392
94310,Ukraine,Explosions/Remote violence,48.0458,37.8392
94311,Ukraine,Explosions/Remote violence,48.0458,37.8392
94312,Ukraine,Explosions/Remote violence,48.0458,37.8392
94313,Ukraine,Explosions/Remote violence,48.0458,37.8392
94314,Ukraine,Explosions/Remote violence,48.0458,37.8392
94315,Ukraine,Explosions/Remote violence,48.0458,37.8392
94316,Ukraine,Explosions/Remote violence,48.0458,37.8392
94317,Ukraine,Explosions/Remote violence,48.0458,37.8392
94318,Ukraine,Explosions/Remote violence,48.0458,37.8392
94319,Ukraine,Explosions/Remote violence,48.0458,37.8392
94320,Ukraine,Explosions/Remote violence,48.0458,37.8392
94321,Ukraine,Explosions/Remote violence,48.0458,37.8392
94322,Ukraine,Explosions/Remote violence,48.0458,37.8392
94323,Ukraine,Explosions/Remote violence,48.0458,37.8392
94324,Ukraine,Explosions/Remote violence,48.0458,37.8392
94325,Ukraine,Explosions/Remote violence,48.0458,37.8392
94326,Ukraine,Explosions/Remote violence,48.0458,37.8392
94327,Ukraine,Explosions/Remote violence,48.0458,37.8392
94328,Ukraine,Explosions/Remote violence,48.0458,37.8392
94329,Ukraine,Explosions/Remote violence,48.0458,37.8392
94330,Ukraine,Explosions/Remote violence,48.0458,37.8392
94331,Ukraine,Explosions/Remote violence,48.0458,37.8392
94332,Ukraine,Explosions/Remote violence,48.0458,37.8392
94333,Ukraine,Explosions/Remote violence,48.0458,37.8392
94334,Ukraine,Explosions/Remote violence,48.0458,37.8392
94335,Ukraine,Explosions/Remote violence,48.0458,37.8392
94336,Ukraine,Explosions/Remote violence,48.0458,37.8392
94337,Ukraine,Explosions/Remote violence,48.0458,37.8392
94338,Ukraine,Explosions/Remote violence,48.0458,37.8392
94339,Ukraine,Explosions/Remote violence,48.0458,37.8392
94340,Ukraine,Explosions/Remote violence,48.0458,37.8392
94341,Ukraine,Explosions/Remote violence,48.0458,37.8392
94342,Ukraine,Explosions/Remote violence,48.0458,37.8392
94343,Ukraine,Explosions/Remote violence,48.0458,37.8392
94344,Ukraine,Explosions/Remote violence,48.0458,37.8392
94345,Ukraine,Explosions/Remote violence,48.0458,37.8392
94346,Ukraine,Explosions/Remote violence,48.0458,37.8392
94347,Ukraine,Explosions/Remote violence,48.0458,37.8392
94348,Ukraine,Explosions/Remote violence,48.0458,37.8392
94349,Ukraine,Explosions/Remote violence,48.0458,37.8392
94350,Ukraine,Explosions/Remote violence,48.0458,37.8392
94351,Ukraine,Explosions/Remote violence,48.0458,37.8392
94352,Ukraine,Explosions/Remote violence,48.0458,37.8392
94353,Ukraine,Explosions/Remote violence,48.0458,37.8392
94354,Ukraine,Explosions/Remote violence,48.0458,37.8392
94355,Ukraine,Explosions/Remote violence,48.0458,37.8392
94356,Ukraine,Explosions/Remote violence,48.0458,37.8392
94357,Ukraine,Explosions/Remote violence,48.0458,37.8392
94358,Ukraine,Explosions/Remote violence,48.0458,37.8392
94359,Ukraine,Explosions/Remote violence,48.0458,37.8392
94360,Ukraine,Explosions/Remote violence,48.0458,37.8392
94361,Ukraine,Explosions/Remote violence,48.0458,37.8392
94362,Ukraine,Explosions/Remote violence,48.0458,37.8392
94363,Ukraine,Explosions/Remote violence,48.0458,37.8392
94364,Ukraine,Explosions/Remote violence,48.0458,37.8392
94365,Ukraine,Explosions/Remote violence,48.0458,37.8392
94366,Ukraine,Explosions/Remote violence,48.0458,37.8392
94367,Ukraine,Explosions/Remote violence,48.0458,37.8392
94368,Ukraine,Explosions/Remote violence,48.0458,37.8392
94369,Ukraine,Explosions/Remote violence,48.0458,37.8392
94370,Ukraine,Explosions/Remote violence,48.0458,37.8392
94371,Ukraine,Explosions/Remote violence,48.0458,37.8392
94372,Ukraine,Explosions/Remote violence,48.0458,37.8392
94373,Ukraine,Explosions/Remote violence,48.0458,37.8392
94374,Ukraine,Explosions/Remote violence,48.0458,37.8392
94375,Ukraine,Explosions/Remote violence,48.0458,37.8392
94376,Ukraine,Explosions/Remote violence,48.0458,37.8392
94377,Ukraine,Explosions/Remote violence,48.0458,37.8392
94378,Ukraine,Explosions/Remote violence,48.0458,37.8392
94379,Ukraine,Explosions/Remote violence,48.0458,37.8392
94380,Ukraine,Explosions/Remote violence,48.0458,37.8392
94381,Ukraine,Explosions/Remote violence,48.0458,37.8392
94382,Ukraine,Explosions/Remote violence,48.0458,37.8392
94383,Ukraine,Explosions/Remote violence,48.0458,37.8392
94384,Ukraine,Explosions/Remote violence,48.0458,37.8392
94385,Ukraine,Explosions/Remote violence,48.0458,37.8392
94386,Ukraine,Explosions/Remote violence,48.0458,37.8392
94387,Ukraine,Explosions/Remote violence,48.0458,37.8392
94388,Ukraine,Explosions/Remote violence,48.0458,37.8392
94389,Ukraine,Explosions/Remote violence,48.0458,37.8392
94390,Ukraine,Explosions/Remote violence,48.0458,37.8392
94391,Ukraine,Explosions/Remote violence,48.0458,37.8392
94392,Ukraine,Explosions/Remote violence,48.0458,37.8392
94393,Ukraine,Explosions/Remote violence,48.0458,37.8392
94394,Ukraine,Explosions/Remote violence,48.0458,37.8392
94395,Ukraine,Explosions/Remote violence,48.0458,37.8392
94396,Ukraine,Explosions/Remote violence,48.0458,37.8392
94397,Ukraine,Explosions/Remote violence,48.0458,37.8392
94398,Ukraine,Explosions/Remote violence,48.0458,37.8392
94399,Ukraine,Explosions/Remote violence,48.0458,37.8392
94400,Ukraine,Explosions/Remote violence,48.0458,37.8392
94401,Ukraine,Explosions/Remote violence,48.0458,37.8392
94402,Ukraine,Explosions/Remote violence,48.0458,37.8392
94403,Ukraine,Explosions/Remote violence,48.0458,37.8392
94404,Ukraine,Explosions/Remote violence,48.0458,37.8392
94405,Ukraine,Explosions/Remote violence,48.0458,37.8392
94406,Ukraine,Explosions/Remote violence,48.0458,37.8392
94407,Ukraine,Explosions/Remote violence,48.0458,37.8392
94408,Ukraine,Explosions/Remote violence,48.0458,37.8392
94409,Ukraine,Explosions/Remote violence,48.0458,37.8392
94410,Ukraine,Explosions/Remote violence,48.0458,37.8392
94411,Ukraine,Explosions/Remote violence,48.0458,37.8392
94412,Ukraine,Explosions/Remote violence,48.0458,37.8392
94413,Ukraine,Explosions/Remote violence,48.0458,37.8392
94414,Ukraine,Explosions/Remote violence,48.0458,37.8392
94415,Ukraine,Explosions/Remote violence,48.0458,37.8392
94416,Ukraine,Explosions/Remote violence,48.0458,37.8392
94417,Ukraine,Explosions/Remote violence,48.0458,37.8392
94418,Ukraine,Explosions/Remote violence,48.0458,37.8392
94419,Ukraine,Explosions/Remote violence,48.0458,37.8392
94420,Ukraine,Explosions/Remote violence,48.0458,37.8392
94421,Ukraine,Explosions/Remote violence,48.0458,37.8392
94422,Ukraine,Explosions/Remote violence,48.0458,37.8392
94423,Ukraine,Explosions/Remote violence,48.0458,37.8392
94424,Ukraine,Explosions/Remote violence,48.0458,37.8392
94425,Ukraine,Explosions/Remote violence,48.0458,37.8392
94426,Ukraine,Explosions/Remote violence,48.0458,37.8392
94427,Ukraine,Explosions/Remote violence,48.0458,37.8392
94428,Ukraine,Explosions/Remote violence,48.0458,37.8392
94429,Ukraine,Explosions/Remote violence,48.0458,37.8392
94430,Ukraine,Explosions/Remote violence,48.0458,37.8392
94431,Ukraine,Explosions/Remote violence,48.0458,37.8392
94432,Ukraine,Explosions/Remote violence,48.0458,37.8392
94433,Ukraine,Explosions/Remote violence,48.0458,37.8392
94434,Ukraine,Explosions/Remote violence,48.0458,37.8392
94435,Ukraine,Explosions/Remote violence,48.0458,37.8392
94436,Ukraine,Explosions/Remote violence,48.0458,37.8392
94437,Ukraine,Explosions/Remote violence,48.0458,37.8392
94438,Ukraine,Explosions/Remote violence,48.0458,37.8392
94439,Ukraine,Explosions/Remote violence,48.0458,37.8392
94440,Ukraine,Explosions/Remote violence,48.0458,37.8392
94441,Ukraine,Explosions/Remote violence,48.0458,37.8392
94442,Ukraine,Explosions/Remote violence,48.0458,37.8392
94443,Ukraine,Explosions/Remote violence,48.0458,37.8392
94444,Ukraine,Explosions/Remote violence,48.0458,37.8392
94445,Ukraine,Explosions/Remote violence,48.0458,37.8392
94446,Ukraine,Explosions/Remote violence,48.0458,37.8392
94447,Ukraine,Explosions/Remote violence,48.0458,37.8392
94448,Ukraine,Explosions/Remote violence,48.0458,37.8392
94449,Ukraine,Explosions/Remote violence,48.0458,37.8392
94450,Ukraine,Explosions/Remote violence,48.0458,37.8392
94451,Ukraine,Explosions/Remote violence,48.0458,37.8392
94452,Ukraine,Explosions/Remote violence,48.0458,37.8392
94453,Ukraine,Explosions/Remote violence,48.0458,37.8392
94454,Ukraine,Explosions/Remote violence,48.0458,37.8392
94455,Ukraine,Explosions/Remote violence,48.0458,37.8392
94456,Ukraine,Explosions/Remote violence,48.0458,37.8392
94457,Ukraine,Explosions/Remote violence,48.0458,37.8392
94458,Ukraine,Explosions/Remote violence,48.0458,37.8392
94459,Ukraine,Explosions/Remote violence,48.0458,37.8392
94460,Ukraine,Explosions/Remote violence,48.0458,37.8392
94461,Ukraine,Explosions/Remote violence,48.0458,37.8392
94462,Ukraine,Explosions/Remote violence,48.0458,37.8392
94463,Ukraine,Explosions/Remote violence,48.0458,37.8392
94464,Ukraine,Explosions/Remote violence,48.0458,37.8392
94465,Ukraine,Explosions/Remote violence,48.0458,37.8392
94466,Ukraine,Explosions/Remote violence,48.0458,37.8392
94467,Ukraine,Explosions/Remote violence,48.0458,37.8392
94468,Ukraine,Explosions/Remote violence,48.0458,37.8392
94469,Ukraine,Explosions/Remote violence,48.0458,37.8392
94470,Ukraine,Explosions/Remote violence,48.0458,37.8392
94471,Ukraine,Explosions/Remote violence,48.0458,37.8392
94472,Ukraine,Explosions/Remote violence,48.0458,37.8392
94473,Ukraine,Explosions/Remote violence,48.0458,37.8392
94474,Ukraine,Explosions/Remote violence,48.0458,37.8392
94475,Ukraine,Explosions/Remote violence,48.0458,37.8392
94476,Ukraine,Explosions/Remote violence,48.0458,37.8392
94477,Ukraine,Explosions/Remote violence,48.0458,37.8392
94478,Ukraine,Explosions/Remote violence,48.0458,37.8392
94479,Ukraine,Explosions/Remote violence,48.0458,37.8392
94480,Ukraine,Explosions/Remote violence,48.0458,37.8392
94481,Ukraine,Explosions/Remote violence,48.0458,37.8392
94482,Ukraine,Explosions/Remote violence,48.0458,37.8392
94483,Ukraine,Explosions/Remote violence,48.0458,37.8392
94484,Ukraine,Explosions/Remote violence,48.0458,37.8392
94485,Ukraine,Explosions/Remote violence,48.0458,37.8392
94486,Ukraine,Explosions/Remote violence,48.0458,37.8392
94487,Ukraine,Explosions/Remote violence,48.0458,37.8392
94488,Ukraine,Explosions/Remote violence,48.0458,37.8392
94489,Ukraine,Explosions/Remote violence,48.0458,37.8392
94490,Ukraine,Explosions/Remote violence,48.0458,37.8392
94491,Ukraine,Explosions/Remote violence,48.0458,37.8392
94492,Ukraine,Explosions/Remote violence,48.0458,37.8392
94493,Ukraine,Explosions/Remote violence,48.0458,37.8392
94494,Ukraine,Explosions/Remote violence,48.0458,37.8392
94495,Ukraine,Explosions/Remote violence,48.0458,37.8392
94496,Ukraine,Explosions/Remote violence,48.0458,37.8392
94497,Ukraine,Explosions/Remote violence,48.0458,37.8392
94498,Ukraine,Explosions/Remote violence,48.0458,37.8392
94499,Ukraine,Explosions/Remote violence,48.0458,37.8392
94500,Ukraine,Explosions/Remote violence,48.0458,37.8392
94501,Ukraine,Explosions/Remote violence,48.0458,37.8392
94502,Ukraine,Explosions/Remote violence,48.0458,37.8392
94503,Ukraine,Explosions/Remote violence,48.0458,37.8392
94504,Ukraine,Explosions/Remote violence,48.0458,37.8392
94505,Ukraine,Explosions/Remote violence,48.0458,37.8392
94506,Ukraine,Explosions/Remote violence,48.0458,37.8392
94507,Ukraine,Explosions/Remote violence,48.0458,37.8392
94508,Ukraine,Explosions/Remote violence,48.0458,37.8392
94509,Ukraine,Explosions/Remote violence,48.0458,37.8392
94510,Ukraine,Explosions/Remote violence,48.0458,37.8392
94511,Ukraine,Explosions/Remote violence,48.0458,37.8392
94512,Ukraine,Explosions/Remote violence,48.0458,37.8392
94513,Ukraine,Explosions/Remote violence,48.0458,37.8392
94514,Ukraine,Explosions/Remote violence,48.0458,37.8392
94515,Ukraine,Explosions/Remote violence,48.0458,37.8392
94516,Ukraine,Explosions/Remote violence,48.0458,37.8392
94517,Ukraine,Explosions/Remote violence,48.0458,37.8392
94518,Ukraine,Explosions/Remote violence,48.0458,37.8392
94519,Ukraine,Explosions/Remote violence,48.0458,37.8392
94520,Ukraine,Explosions/Remote violence,48.0458,37.8392
94521,Ukraine,Explosions/Remote violence,48.0458,37.8392
94522,Ukraine,Explosions/Remote violence,48.0458,37.8392
94523,Ukraine,Explosions/Remote violence,48.0458,37.8392
94524,Ukraine,Explosions/Remote violence,48.0458,37.8392
94525,Ukraine,Explosions/Remote violence,48.0458,37.8392
94526,Ukraine,Explosions/Remote violence,48.0458,37.8392
94527,Ukraine,Explosions/Remote violence,48.0458,37.8392
94528,Ukraine,Explosions/Remote violence,48.0458,37.8392
94529,Ukraine,Explosions/Remote violence,48.0458,37.8392
94530,Ukraine,Explosions/Remote violence,48.0458,37.8392
94531,Ukraine,Explosions/Remote violence,48.0458,37.8392
94532,Ukraine,Explosions/Remote violence,48.0458,37.8392
94533,Ukraine,Explosions/Remote violence,48.0458,37.8392
94534,Ukraine,Explosions/Remote violence,48.0458,37.8392
94535,Ukraine,Explosions/Remote violence,48.0458,37.8392
94536,Ukraine,Explosions/Remote violence,48.0458,37.8392
94537,Ukraine,Explosions/Remote violence,48.0458,37.8392
94538,Ukraine,Explosions/Remote violence,48.0458,37.8392
94539,Ukraine,Explosions/Remote violence,48.0458,37.8392
94540,Ukraine,Explosions/Remote violence,48.0458,37.8392
94541,Ukraine,Explosions/Remote violence,48.0458,37.8392
94542,Ukraine,Explosions/Remote violence,48.0458,37.8392
94543,Ukraine,Explosions/Remote violence,48.0458,37.8392
94544,Ukraine,Explosions/Remote violence,48.0458,37.8392
94545,Ukraine,Explosions/Remote violence,48.0458,37.8392
94546,Ukraine,Explosions/Remote violence,48.0458,37.8392
94547,Ukraine,Explosions/Remote violence,48.0458,37.8392
94548,Ukraine,Explosions/Remote violence,48.0458,37.8392
94549,Ukraine,Explosions/Remote violence,48.0458,37.8392
94550,Ukraine,Explosions/Remote violence,48.0458,37.8392
94551,Ukraine,Explosions/Remote violence,48.0458,37.8392
94552,Ukraine,Explosions/Remote violence,48.0458,37.8392
94553,Ukraine,Explosions/Remote violence,48.0458,37.8392
94554,Ukraine,Explosions/Remote violence,48.0458,37.8392
94555,Ukraine,Explosions/Remote violence,48.0458,37.8392
94556,Ukraine,Explosions/Remote violence,48.0458,37.8392
94557,Ukraine,Explosions/Remote violence,48.0458,37.8392
94558,Ukraine,Explosions/Remote violence,48.0458,37.8392
94559,Ukraine,Explosions/Remote violence,48.0458,37.8392
94560,Ukraine,Explosions/Remote violence,48.0458,37.8392
94561,Ukraine,Explosions/Remote violence,48.0458,37.8392
94562,Ukraine,Explosions/Remote violence,48.0458,37.8392
94563,Ukraine,Explosions/Remote violence,48.0458,37.8392
94564,Ukraine,Explosions/Remote violence,48.0458,37.8392
94565,Ukraine,Explosions/Remote violence,48.0458,37.8392
94566,Ukraine,Explosions/Remote violence,48.0458,37.8392
94567,Ukraine,Explosions/Remote violence,48.0458,37.8392
94568,Ukraine,Explosions/Remote violence,48.0458,37.8392
94569,Ukraine,Explosions/Remote violence,48.0458,37.8392
94570,Ukraine,Explosions/Remote violence,48.0458,37.8392
94571,Ukraine,Explosions/Remote violence,48.0458,37.8392
94572,Ukraine,Explosions/Remote violence,48.0458,37.8392
94573,Ukraine,Explosions/Remote violence,48.0458,37.8392
94574,Ukraine,Explosions/Remote violence,48.0458,37.8392
94575,Ukraine,Explosions/Remote violence,48.0458,37.8392
94576,Ukraine,Explosions/Remote violence,48.0458,37.8392
94577,Ukraine,Explosions/Remote violence,48.0458,37.8392
94578,Ukraine,Explosions/Remote violence,48.0458,37.8392
94579,Ukraine,Explosions/Remote violence,48.0458,37.8392
94580,Ukraine,Explosions/Remote violence,48.0458,37.8392
94581,Ukraine,Explosions/Remote violence,48.0458,37.8392
94582,Ukraine,Explosions/Remote violence,48.0458,37.8392
94583,Ukraine,Explosions/Remote violence,48.0458,37.8392
94584,Ukraine,Explosions/Remote violence,48.0458,37.8392
94585,Ukraine,Explosions/Remote violence,48.0458,37.8392
94586,Ukraine,Explosions/Remote violence,48.0458,37.8392
94587,Ukraine,Explosions/Remote violence,48.0458,37.8392
94588,Ukraine,Explosions/Remote violence,48.0458,37.8392
94589,Ukraine,Explosions/Remote violence,48.0458,37.8392
94590,Ukraine,Explosions/Remote violence,48.0458,37.8392
94591,Ukraine,Explosions/Remote violence,48.0458,37.8392
94592,Ukraine,Explosions/Remote violence,48.0458,37.8392
94593,Ukraine,Explosions/Remote violence,48.0458,37.8392
94594,Ukraine,Explosions/Remote violence,48.0458,37.8392
94595,Ukraine,Explosions/Remote violence,48.0458,37.8392
94596,Ukraine,Explosions/Remote violence,48.0458,37.8392
94597,Ukraine,Explosions/Remote violence,48.0458,37.8392
94598,Ukraine,Explosions/Remote violence,48.0458,37.8392
94599,Ukraine,Explosions/Remote violence,48.0458,37.8392
94600,Ukraine,Explosions/Remote violence,48.0458,37.8392
94601,Ukraine,Explosions/Remote violence,48.0458,37.8392
94602,Ukraine,Explosions/Remote violence,48.0458,37.8392
94603,Ukraine,Explosions/Remote violence,48.0458,37.8392
94604,Ukraine,Explosions/Remote violence,48.0458,37.8392
94605,Ukraine,Explosions/Remote violence,48.0458,37.8392
94606,Ukraine,Explosions/Remote violence,48.0458,37.8392
94607,Ukraine,Explosions/Remote violence,48.0458,37.8392
94608,Ukraine,Explosions/Remote violence,48.0458,37.8392
94609,Ukraine,Explosions/Remote violence,48.0458,37.8392
94610,Ukraine,Explosions/Remote violence,48.0458,37.8392
94611,Ukraine,Explosions/Remote violence,48.0458,37.8392
94612,Ukraine,Explosions/Remote violence,48.0458,37.8392
94613,Ukraine,Explosions/Remote violence,48.0458,37.8392
94614,Ukraine,Explosions/Remote violence,48.0458,37.8392
94615,Ukraine,Explosions/Remote violence,48.0458,37.8392
94616,Ukraine,Explosions/Remote violence,48.0458,37.8392
94617,Ukraine,Explosions/Remote violence,48.0458,37.8392
94618,Ukraine,Explosions/Remote violence,48.0458,37.8392
94619,Ukraine,Explosions/Remote violence,48.0458,37.8392
94620,Ukraine,Explosions/Remote violence,48.0458,37.8392
94621,Ukraine,Explosions/Remote violence,48.0458,37.8392
94622,Ukraine,Explosions/Remote violence,48.0458,37.8392
94623,Ukraine,Explosions/Remote violence,48.0458,37.8392
94624,Ukraine,Explosions/Remote violence,48.0458,37.8392
94625,Ukraine,Explosions/Remote violence,48.0458,37.8392
94626,Ukraine,Explosions/Remote violence,48.0458,37.8392
94627,Ukraine,Explosions/Remote violence,48.0458,37.8392
94628,Ukraine,Explosions/Remote violence,48.0458,37.8392
94629,Ukraine,Explosions/Remote violence,48.0458,37.8392
94630,Ukraine,Explosions/Remote violence,48.0458,37.8392
94631,Ukraine,Explosions/Remote violence,48.0458,37.8392
94632,Ukraine,Explosions/Remote violence,48.0458,37.8392
94633,Ukraine,Explosions/Remote violence,48.0458,37.8392
94634,Ukraine,Explosions/Remote violence,48.0458,37.8392
94635,Ukraine,Explosions/Remote violence,48.0458,37.8392
94636,Ukraine,Explosions/Remote violence,48.0458,37.8392
94637,Ukraine,Explosions/Remote violence,48.0458,37.8392
94638,Ukraine,Explosions/Remote violence,48.0458,37.8392
94639,Ukraine,Explosions/Remote violence,48.0458,37.8392
94640,Ukraine,Explosions/Remote violence,48.0458,37.8392
94641,Ukraine,Explosions/Remote violence,48.0458,37.8392
94642,Ukraine,Explosions/Remote violence,48.0458,37.8392
94643,Ukraine,Explosions/Remote violence,48.0458,37.8392
94644,Ukraine,Explosions/Remote violence,48.0458,37.8392
94645,Ukraine,Explosions/Remote violence,48.0458,37.8392
94646,Ukraine,Explosions/Remote violence,48.0458,37.8392
94647,Ukraine,Explosions/Remote violence,48.0458,37.8392
94648,Ukraine,Explosions/Remote violence,48.0458,37.8392
94649,Ukraine,Explosions/Remote violence,48.0458,37.8392
94650,Ukraine,Explosions/Remote violence,48.0458,37.8392
94651,Ukraine,Explosions/Remote violence,48.0458,37.8392
94652,Ukraine,Explosions/Remote violence,48.0458,37.8392
94653,Ukraine,Explosions/Remote violence,48.0458,37.8392
94654,Ukraine,Explosions/Remote violence,48.0458,37.8392
94655,Ukraine,Explosions/Remote violence,48.0458,37.8392
94656,Ukraine,Explosions/Remote violence,48.0458,37.8392
94657,Ukraine,Explosions/Remote violence,48.0458,37.8392
94658,Ukraine,Explosions/Remote violence,48.0458,37.8392
94659,Ukraine,Explosions/Remote violence,48.0458,37.8392
94660,Ukraine,Explosions/Remote violence,48.0458,37.8392
94661,Ukraine,Explosions/Remote violence,48.0458,37.8392
94662,Ukraine,Explosions/Remote violence,48.0458,37.8392
94663,Ukraine,Explosions/Remote violence,48.0458,37.8392
94664,Ukraine,Explosions/Remote violence,48.0458,37.8392
94665,Ukraine,Explosions/Remote violence,48.0458,37.8392
94666,Ukraine,Explosions/Remote violence,48.0458,37.8392
94667,Ukraine,Explosions/Remote violence,48.0458,37.8392
94668,Ukraine,Explosions/Remote violence,48.0458,37.8392
94669,Ukraine,Explosions/Remote violence,48.0458,37.8392
94670,Ukraine,Explosions/Remote violence,48.0458,37.8392
94671,Ukraine,Explosions/Remote violence,48.0458,37.8392
94672,Ukraine,Explosions/Remote violence,48.0458,37.8392
94673,Ukraine,Explosions/Remote violence,48.0458,37.8392
94674,Ukraine,Explosions/Remote violence,48.0458,37.8392
94675,Ukraine,Explosions/Remote violence,48.0458,37.8392
94676,Ukraine,Explosions/Remote violence,48.0458,37.8392
94677,Ukraine,Explosions/Remote violence,48.0458,37.8392
94678,Ukraine,Explosions/Remote violence,48.0458,37.8392
94679,Ukraine,Explosions/Remote violence,48.0458,37.8392
94680,Ukraine,Explosions/Remote violence,48.0458,37.8392
94681,Ukraine,Explosions/Remote violence,48.0458,37.8392
94682,Ukraine,Explosions/Remote violence,48.0458,37.8392
94683,Ukraine,Explosions/Remote violence,48.0458,37.8392
94684,Ukraine,Explosions/Remote violence,48.0458,37.8392
94685,Ukraine,Explosions/Remote violence,48.0458,37.8392
94686,Ukraine,Explosions/Remote violence,48.0458,37.8392
94687,Ukraine,Explosions/Remote violence,48.0458,37.8392
94688,Ukraine,Explosions/Remote violence,48.0458,37.8392
94689,Ukraine,Explosions/Remote violence,48.0458,37.8392
94690,Ukraine,Explosions/Remote violence,48.0458,37.8392
94691,Ukraine,Explosions/Remote violence,48.0458,37.8392
94692,Ukraine,Explosions/Remote violence,48.0458,37.8392
94693,Ukraine,Explosions/Remote violence,48.0458,37.8392
94694,Ukraine,Explosions/Remote violence,48.0458,37.8392
94695,Ukraine,Explosions/Remote violence,48.0458,37.8392
94696,Ukraine,Explosions/Remote violence,48.0458,37.8392
94697,Ukraine,Explosions/Remote violence,48.0458,37.8392
94698,Ukraine,Explosions/Remote violence,48.0458,37.8392
94699,Ukraine,Explosions/Remote violence,48.0458,37.8392
94700,Ukraine,Explosions/Remote violence,48.0458,37.8392
94701,Ukraine,Explosions/Remote violence,48.0458,37.8392
94702,Ukraine,Explosions/Remote violence,48.0458,37.8392
94703,Ukraine,Explosions/Remote violence,48.0458,37.8392
94704,Ukraine,Explosions/Remote violence,48.0458,37.8392
94705,Ukraine,Explosions/Remote violence,48.0458,37.8392
94706,Ukraine,Explosions/Remote violence,48.0458,37.8392
94707,Ukraine,Explosions/Remote violence,48.0458,37.8392
94708,Ukraine,Explosions/Remote violence,48.0458,37.8392
94709,Ukraine,Explosions/Remote violence,48.0458,37.8392
94710,Ukraine,Explosions/Remote violence,48.0458,37.8392
94711,Ukraine,Explosions/Remote violence,48.0458,37.8392
94712,Ukraine,Explosions/Remote violence,48.0458,37.8392
94713,Ukraine,Explosions/Remote violence,48.0458,37.8392
94714,Ukraine,Explosions/Remote violence,48.0458,37.8392
94715,Ukraine,Explosions/Remote violence,48.0458,37.8392
94716,Ukraine,Explosions/Remote violence,48.0458,37.8392
94717,Ukraine,Explosions/Remote violence,48.0458,37.8392
94718,Ukraine,Explosions/Remote violence,48.0458,37.8392
94719,Ukraine,Explosions/Remote violence,48.0458,37.8392
94720,Ukraine,Explosions/Remote violence,48.0458,37.8392
94721,Ukraine,Explosions/Remote violence,48.0458,37.8392
94722,Ukraine,Explosions/Remote violence,48.0458,37.8392
94723,Ukraine,Explosions/Remote violence,48.0458,37.8392
94724,Ukraine,Explosions/Remote violence,48.0458,37.8392
94725,Ukraine,Explosions/Remote violence,48.0458,37.8392
94726,Ukraine,Explosions/Remote violence,48.0458,37.8392
94727,Ukraine,Explosions/Remote violence,48.0458,37.8392
94728,Ukraine,Explosions/Remote violence,48.0458,37.8392
94729,Ukraine,Explosions/Remote violence,48.0458,37.8392
94730,Ukraine,Explosions/Remote violence,48.0458,37.8392
94731,Ukraine,Explosions/Remote violence,48.0458,37.8392
94732,Ukraine,Explosions/Remote violence,48.0458,37.8392
94733,Ukraine,Explosions/Remote violence,48.0458,37.8392
94734,Ukraine,Explosions/Remote violence,48.0458,37.8392
94735,Ukraine,Explosions/Remote violence,48.0458,37.8392
94736,Ukraine,Explosions/Remote violence,48.0458,37.8392
94737,Ukraine,Explosions/Remote violence,48.0458,37.8392
94738,Ukraine,Explosions/Remote violence,48.0458,37.8392
94739,Ukraine,Explosions/Remote violence,48.0458,37.8392
94740,Ukraine,Explosions/Remote violence,48.0458,37.8392
94741,Ukraine,Explosions/Remote violence,48.0458,37.8392
94742,Ukraine,Explosions/Remote violence,48.0458,37.8392
94743,Ukraine,Explosions/Remote violence,48.0458,37.8392
94744,Ukraine,Explosions/Remote violence,48.0458,37.8392
94745,Ukraine,Explosions/Remote violence,48.0458,37.8392
94746,Ukraine,Explosions/Remote violence,48.0458,37.8392
94747,Ukraine,Explosions/Remote violence,48.0458,37.8392
94748,Ukraine,Explosions/Remote violence,48.0458,37.8392
94749,Ukraine,Explosions/Remote violence,48.0458,37.8392
94750,Ukraine,Explosions/Remote violence,48.0458,37.8392
94751,Ukraine,Explosions/Remote violence,48.0458,37.8392
94752,Ukraine,Explosions/Remote violence,48.0458,37.8392
94753,Ukraine,Explosions/Remote violence,48.0458,37.8392
94754,Ukraine,Explosions/Remote violence,48.0458,37.8392
94755,Ukraine,Explosions/Remote violence,48.0458,37.8392
94756,Ukraine,Explosions/Remote violence,48.0458,37.8392
94757,Ukraine,Explosions/Remote violence,48.0458,37.8392
94758,Ukraine,Explosions/Remote violence,48.0458,37.8392
94759,Ukraine,Explosions/Remote violence,48.0458,37.8392
94760,Ukraine,Explosions/Remote violence,48.0458,37.8392
94761,Ukraine,Explosions/Remote violence,48.0458,37.8392
94762,Ukraine,Explosions/Remote violence,48.0458,37.8392
94763,Ukraine,Explosions/Remote violence,48.0458,37.8392
94764,Ukraine,Explosions/Remote violence,48.0458,37.8392
94765,Ukraine,Explosions/Remote violence,48.0458,37.8392
94766,Ukraine,Explosions/Remote violence,48.0458,37.8392
94767,Ukraine,Explosions/Remote violence,48.0458,37.8392
94768,Ukraine,Explosions/Remote violence,48.0458,37.8392
94769,Ukraine,Explosions/Remote violence,48.0458,37.8392
94770,Ukraine,Explosions/Remote violence,48.0458,37.8392
94771,Ukraine,Explosions/Remote violence,48.0458,37.8392
94772,Ukraine,Explosions/Remote violence,48.0458,37.8392
94773,Ukraine,Explosions/Remote violence,48.0458,37.8392
94774,Ukraine,Explosions/Remote violence,48.0458,37.8392
94775,Ukraine,Explosions/Remote violence,48.0458,37.8392
94776,Ukraine,Explosions/Remote violence,48.0458,37.8392
94777,Ukraine,Explosions/Remote violence,48.0458,37.8392
94778,Ukraine,Explosions/Remote violence,48.0458,37.8392
94779,Ukraine,Explosions/Remote violence,48.0458,37.8392
94780,Ukraine,Explosions/Remote violence,48.0458,37.8392
94781,Ukraine,Explosions/Remote violence,48.0458,37.8392
94782,Ukraine,Explosions/Remote violence,48.0458,37.8392
94783,Ukraine,Explosions/Remote violence,48.0458,37.8392
94784,Ukraine,Explosions/Remote violence,48.0458,37.8392
94785,Ukraine,Explosions/Remote violence,48.0458,37.8392
94786,Ukraine,Explosions/Remote violence,48.0458,37.8392
94787,Ukraine,Explosions/Remote violence,48.0458,37.8392
94788,Ukraine,Explosions/Remote violence,48.0458,37.8392
94789,Ukraine,Explosions/Remote violence,48.0458,37.8392
94790,Ukraine,Explosions/Remote violence,48.0458,37.8392
94791,Ukraine,Explosions/Remote violence,48.0458,37.8392
94792,Ukraine,Explosions/Remote violence,48.0458,37.8392
94793,Ukraine,Explosions/Remote violence,48.0458,37.8392
94794,Ukraine,Explosions/Remote violence,48.0458,37.8392
94795,Ukraine,Explosions/Remote violence,48.0458,37.8392
94796,Ukraine,Explosions/Remote violence,48.0458,37.8392
94797,Ukraine,Explosions/Remote violence,48.0458,37.8392
94798,Ukraine,Explosions/Remote violence,48.0458,37.8392
94799,Ukraine,Explosions/Remote violence,48.0458,37.8392
94800,Ukraine,Explosions/Remote violence,48.0458,37.8392
94801,Ukraine,Explosions/Remote violence,48.0458,37.8392
94802,Ukraine,Explosions/Remote violence,48.0458,37.8392
94803,Ukraine,Explosions/Remote violence,48.0458,37.8392
94804,Ukraine,Explosions/Remote violence,48.0458,37.8392
94805,Ukraine,Explosions/Remote violence,48.0458,37.8392
94806,Ukraine,Explosions/Remote violence,48.0458,37.8392
94807,Ukraine,Explosions/Remote violence,48.0458,37.8392
94808,Ukraine,Explosions/Remote violence,48.0458,37.8392
94809,Ukraine,Explosions/Remote violence,48.0458,37.8392
94810,Ukraine,Explosions/Remote violence,48.0458,37.8392
94811,Ukraine,Explosions/Remote violence,48.0458,37.8392
94812,Ukraine,Explosions/Remote violence,48.0458,37.8392
94813,Ukraine,Explosions/Remote violence,48.0458,37.8392
94814,Ukraine,Explosions/Remote violence,48.0458,37.8392
94815,Ukraine,Explosions/Remote violence,48.0458,37.8392
94816,Ukraine,Explosions/Remote violence,48.0458,37.8392
94817,Ukraine,Explosions/Remote violence,48.0458,37.8392
94818,Ukraine,Explosions/Remote violence,48.0458,37.8392
94819,Ukraine,Explosions/Remote violence,48.0458,37.8392
94820,Ukraine,Explosions/Remote violence,48.0458,37.8392
94821,Ukraine,Explosions/Remote violence,48.0458,37.8392
94822,Ukraine,Explosions/Remote violence,48.0458,37.8392
94823,Ukraine,Explosions/Remote violence,48.0458,37.8392
94824,Ukraine,Explosions/Remote violence,48.0458,37.8392
94825,Ukraine,Explosions/Remote violence,48.0458,37.8392
94826,Ukraine,Explosions/Remote violence,48.0458,37.8392
94827,Ukraine,Explosions/Remote violence,48.0458,37.8392
94828,Ukraine,Explosions/Remote violence,48.0458,37.8392
94829,Ukraine,Explosions/Remote violence,48.0458,37.8392
94830,Ukraine,Explosions/Remote violence,48.0458,37.8392
94831,Ukraine,Explosions/Remote violence,48.0458,37.8392
94832,Ukraine,Explosions/Remote violence,48.0458,37.8392
94833,Ukraine,Explosions/Remote violence,48.0458,37.8392
94834,Ukraine,Explosions/Remote violence,48.0458,37.8392
94835,Ukraine,Explosions/Remote violence,48.0458,37.8392
94836,Ukraine,Explosions/Remote violence,48.0458,37.8392
94837,Ukraine,Explosions/Remote violence,48.0458,37.8392
94838,Ukraine,Explosions/Remote violence,48.0458,37.8392
94839,Ukraine,Explosions/Remote violence,48.0458,37.8392
94840,Ukraine,Explosions/Remote violence,48.0458,37.8392
94841,Ukraine,Explosions/Remote violence,48.0458,37.8392
94842,Ukraine,Explosions/Remote violence,48.0458,37.8392
94843,Ukraine,Explosions/Remote violence,48.0458,37.8392
94844,Ukraine,Explosions/Remote violence,48.0458,37.8392
94845,Ukraine,Explosions/Remote violence,48.0458,37.8392
94846,Ukraine,Explosions/Remote violence,48.0458,37.8392
94847,Ukraine,Explosions/Remote violence,48.0458,37.8392
94848,Ukraine,Explosions/Remote violence,48.0458,37.8392
94849,Ukraine,Explosions/Remote violence,48.0458,37.8392
94850,Ukraine,Explosions/Remote violence,48.0458,37.8392
94851,Ukraine,Explosions/Remote violence,48.0458,37.8392
94852,Ukraine,Explosions/Remote violence,48.0458,37.8392
94853,Ukraine,Explosions/Remote violence,48.0458,37.8392
94854,Ukraine,Explosions/Remote violence,48.0458,37.8392
94855,Ukraine,Explosions/Remote violence,48.0458,37.8392
94856,Ukraine,Explosions/Remote violence,48.0458,37.8392
94857,Ukraine,Explosions/Remote violence,48.0458,37.8392
94858,Ukraine,Explosions/Remote violence,48.0458,37.8392
94859,Ukraine,Explosions/Remote violence,48.0458,37.8392
94860,Ukraine,Explosions/Remote violence,48.0458,37.8392
94861,Ukraine,Explosions/Remote violence,48.0458,37.8392
94862,Ukraine,Explosions/Remote violence,48.0458,37.8392
94863,Ukraine,Explosions/Remote violence,48.0458,37.8392
94864,Ukraine,Explosions/Remote violence,48.0458,37.8392
94865,Ukraine,Explosions/Remote violence,48.0458,37.8392
94866,Ukraine,Explosions/Remote violence,48.0458,37.8392
94867,Ukraine,Explosions/Remote violence,48.0458,37.8392
94868,Ukraine,Explosions/Remote violence,48.0458,37.8392
94869,Ukraine,Explosions/Remote violence,48.0458,37.8392
94870,Ukraine,Explosions/Remote violence,48.0458,37.8392
94871,Ukraine,Explosions/Remote violence,48.0458,37.8392
94872,Ukraine,Explosions/Remote violence,48.0458,37.8392
94873,Ukraine,Explosions/Remote violence,48.0458,37.8392
94874,Ukraine,Explosions/Remote violence,48.0458,37.8392
94875,Ukraine,Explosions/Remote violence,48.0458,37.8392
94972,Ukraine,Riots,48.0458,37.8392
94973,Ukraine,Riots,48.0458,37.8392
94974,Ukraine,Riots,48.0458,37.8392
94975,Ukraine,Riots,48.0458,37.8392
95446,Ukraine,Violence against civilians,48.0458,37.8392
95447,Ukraine,Violence against civilians,48.0458,37.8392
95448,Ukraine,Violence against civilians,48.0458,37.8392
95449,Ukraine,Violence against civilians,48.0458,37.8392
95450,Ukraine,Violence against civilians,48.0458,37.8392
95451,Ukraine,Violence against civilians,48.0458,37.8392
95452,Ukraine,Violence against civilians,48.0458,37.8392
95453,Ukraine,Violence against civilians,48.0458,37.8392
95454,Ukraine,Violence against civilians,48.0458,37.8392
95455,Ukraine,Violence against civilians,48.0458,37.8392
95456,Ukraine,Violence against civilians,48.0458,37.8392
95457,Ukraine,Violence against civilians,48.0458,37.8392
95458,Ukraine,Violence against civilians,48.0458,37.8392
95459,Ukraine,Violence against civilians,48.0458,37.8392
95460,Ukraine,Violence against civilians,48.0458,37.8392
95461,Ukraine,Violence against civilians,48.0458,37.8392
95462,Ukraine,Violence against civilians,48.0458,37.8392
95463,Ukraine,Violence against civilians,48.0458,37.8392
95464,Ukraine,Violence against civilians,48.0458,37.8392
95465,Ukraine,Violence against civilians,48.0458,37.8392
95466,Ukraine,Violence against civilians,48.0458,37.8392
95467,Ukraine,Violence against civilians,48.0458,37.8392
95468,Ukraine,Violence against civilians,48.0458,37.8392
95469,Ukraine,Violence against civilians,48.0458,37.8392
95470,Ukraine,Violence against civilians,48.0458,37.8392
95471,Ukraine,Violence against civilians,48.0458,37.8392
95472,Ukraine,Violence against civilians,48.0458,37.8392
95473,Ukraine,Violence against civilians,48.0458,37.8392
95474,Ukraine,Violence against civilians,48.0458,37.8392
95475,Ukraine,Violence against civilians,48.0458,37.8392
95476,Ukraine,Violence against civilians,48.0458,37.8392
95477,Ukraine,Violence against civilians,48.0458,37.8392
95478,Ukraine,Violence against civilians,48.0458,37.8392
95479,Ukraine,Violence against civilians,48.0458,37.8392
95480,Ukraine,Violence against civilians,48.0458,37.8392
95481,Ukraine,Violence against civilians,48.0458,37.8392
95482,Ukraine,Violence against civilians,48.0458,37.8392
95483,Ukraine,Violence against civilians,48.0458,37.8392
95484,Ukraine,Violence against civilians,48.0458,37.8392
95485,Ukraine,Violence against civilians,48.0458,37.8392
95486,Ukraine,Violence against civilians,48.0458,37.8392
95487,Ukraine,Violence against civilians,48.0458,37.8392
95488,Ukraine,Violence against civilians,48.0458,37.8392
95489,Ukraine,Violence against civilians,48.0458,37.8392
95490,Ukraine,Violence against civilians,48.0458,37.8392
95491,Ukraine,Violence against civilians,48.0458,37.8392
95492,Ukraine,Violence against civilians,48.0458,37.8392
95493,Ukraine,Violence against civilians,48.0458,37.8392
95494,Ukraine,Violence against civilians,48.0458,37.8392
95495,Ukraine,Violence against civilians,48.0458,37.8392
95496,Ukraine,Violence against civilians,48.0458,37.8392
95497,Ukraine,Violence against civilians,48.0458,37.8392
95498,Ukraine,Violence against civilians,48.0458,37.8392
95499,Ukraine,Violence against civilians,48.0458,37.8392
95500,Ukraine,Violence against civilians,48.0458,37.8392
95501,Ukraine,Violence against civilians,48.0458,37.8392
95502,Ukraine,Violence against civilians,48.0458,37.8392
95503,Ukraine,Violence against civilians,48.0458,37.8392
95504,Ukraine,Violence against civilians,48.0458,37.8392
95505,Ukraine,Violence against civilians,48.0458,37.8392
95506,Ukraine,Violence against civilians,48.0458,37.8392
95507,Ukraine,Violence against civilians,48.0458,37.8392
95508,Ukraine,Violence against civilians,48.0458,37.8392
95509,Ukraine,Violence against civilians,48.0458,37.8392
95510,Ukraine,Violence against civilians,48.0458,37.8392
95511,Ukraine,Violence against civilians,48.0458,37.8392
95512,Ukraine,Violence against civilians,48.0458,37.8392
95513,Ukraine,Violence against civilians,48.0458,37.8392
95514,Ukraine,Violence against civilians,48.0458,37.8392
95515,Ukraine,Violence against civilians,48.0458,37.8392
95516,Ukraine,Violence against civilians,48.0458,37.8392
95517,Ukraine,Violence against civilians,48.0458,37.8392
95518,Ukraine,Violence against civilians,48.0458,37.8392
95519,Ukraine,Violence against civilians,48.0458,37.8392
95520,Ukraine,Violence against civilians,48.0458,37.8392
95521,Ukraine,Violence against civilians,48.0458,37.8392
95522,Ukraine,Violence against civilians,48.0458,37.8392
95523,Ukraine,Violence against civilians,48.0458,37.8392
95524,Ukraine,Violence against civilians,48.0458,37.8392
95525,Ukraine,Violence against civilians,48.0458,37.8392
95526,Ukraine,Violence against civilians,48.0458,37.8392
95527,Ukraine,Violence against civilians,48.0458,37.8392
95528,Ukraine,Violence against civilians,48.0458,37.8392
95529,Ukraine,Violence against civilians,48.0458,37.8392
95530,Ukraine,Violence against civilians,48.0458,37.8392
95531,Ukraine,Violence against civilians,48.0458,37.8392
95532,Ukraine,Violence against civilians,48.0458,37.8392
95533,Ukraine,Violence against civilians,48.0458,37.8392
95534,Ukraine,Violence against civilians,48.0458,37.8392
95535,Ukraine,Violence against civilians,48.0458,37.8392
95536,Ukraine,Violence against civilians,48.0458,37.8392
95537,Ukraine,Violence against civilians,48.0458,37.8392
95538,Ukraine,Violence against civilians,48.0458,37.8392
95539,Ukraine,Violence against civilians,48.0458,37.8392
95540,Ukraine,Violence against civilians,48.0458,37.8392
95541,Ukraine,Violence against civilians,48.0458,37.8392
95542,Ukraine,Violence against civilians,48.0458,37.8392
95543,Ukraine,Violence against civilians,48.0458,37.8392
95544,Ukraine,Violence against civilians,48.0458,37.8392
95545,Ukraine,Violence against civilians,48.0458,37.8392
95546,Ukraine,Violence against civilians,48.0458,37.8392
95547,Ukraine,Violence against civilians,48.0458,37.8392
95548,Ukraine,Violence against civilians,48.0458,37.8392
95549,Ukraine,Violence against civilians,48.0458,37.8392
95550,Ukraine,Violence against civilians,48.0458,37.8392
95551,Ukraine,Violence against civilians,48.0458,37.8392
95552,Ukraine,Violence against civilians,48.0458,37.8392
95553,Ukraine,Violence against civilians,48.0458,37.8392
95554,Ukraine,Violence against civilians,48.0458,37.8392
95555,Ukraine,Violence against civilians,48.0458,37.8392
95556,Ukraine,Violence against civilians,48.0458,37.8392
95557,Ukraine,Violence against civilians,48.0458,37.8392
95559,Ukraine,Explosions/Remote violence,42.7697,38.1352
95560,Ukraine,Explosions/Remote violence,42.7697,38.1352
95561,Ukraine,Explosions/Remote violence,42.7697,38.1352
95588,Ukraine,Explosions/Remote violence,48.633,24.691
95589,Ukraine,Explosions/Remote violence,48.633,24.691
95590,Ukraine,Explosions/Remote violence,48.633,24.691
95591,Ukraine,Explosions/Remote violence,48.633,24.691
95592,Ukraine,Explosions/Remote violence,48.633,24.691
95593,Ukraine,Explosions/Remote violence,48.633,24.691
95594,Ukraine,Explosions/Remote violence,48.633,24.691
95595,Ukraine,Explosions/Remote violence,48.633,24.691
95596,Ukraine,Explosions/Remote violence,48.633,24.691
95597,Ukraine,Explosions/Remote violence,48.633,24.691
95598,Ukraine,Explosions/Remote violence,48.633,24.691
95599,Ukraine,Explosions/Remote violence,48.633,24.691
95600,Ukraine,Explosions/Remote violence,48.633,24.691
95601,Ukraine,Explosions/Remote violence,48.633,24.691
95602,Ukraine,Explosions/Remote violence,48.633,24.691
95603,Ukraine,Explosions/Remote violence,48.633,24.691
95604,Ukraine,Explosions/Remote violence,48.633,24.691
95605,Ukraine,Explosions/Remote violence,48.633,24.691
95606,Ukraine,Explosions/Remote violence,48.633,24.691
95607,Ukraine,Explosions/Remote violence,48.633,24.691
95608,Ukraine,Explosions/Remote violence,48.633,24.691
95609,Ukraine,Explosions/Remote violence,48.633,24.691
95610,Ukraine,Explosions/Remote violence,48.633,24.691
95611,Ukraine,Explosions/Remote violence,48.633,24.691
95612,Ukraine,Explosions/Remote violence,48.633,24.691
95613,Ukraine,Explosions/Remote violence,48.633,24.691
95614,Ukraine,Explosions/Remote violence,48.633,24.691
95615,Ukraine,Explosions/Remote violence,48.633,24.691
95616,Ukraine,Explosions/Remote violence,48.633,24.691
95617,Ukraine,Explosions/Remote violence,48.633,24.691
95618,Ukraine,Explosions/Remote violence,48.633,24.691
95619,Ukraine,Explosions/Remote violence,48.633,24.691
95620,Ukraine,Explosions/Remote violence,48.633,24.691
95621,Ukraine,Explosions/Remote violence,48.633,24.691
95622,Ukraine,Explosions/Remote violence,48.633,24.691
95623,Ukraine,Explosions/Remote violence,48.633,24.691
95624,Ukraine,Explosions/Remote violence,48.633,24.691
95625,Ukraine,Explosions/Remote violence,48.633,24.691
95626,Ukraine,Explosions/Remote violence,48.633,24.691
95627,Ukraine,Explosions/Remote violence,48.633,24.691
95628,Ukraine,Explosions/Remote violence,48.633,24.691
95629,Ukraine,Explosions/Remote violence,48.633,24.691
95630,Ukraine,Explosions/Remote violence,48.633,24.691
95745,Ukraine,Riots,48.633,24.691
95746,Ukraine,Riots,48.633,24.691
95747,Ukraine,Riots,48.633,24.691
95748,Ukraine,Riots,48.633,24.691
95749,Ukraine,Riots,48.633,24.691
95750,Ukraine,Riots,48.633,24.691
95786,Ukraine,Violence against civilians,48.633,24.691
95787,Ukraine,Violence against civilians,48.633,24.691
95788,Ukraine,Violence against civilians,48.633,24.691
95789,Ukraine,Violence against civilians,48.633,24.691
96055,Ukraine,Explosions/Remote violence,49.4986,36.6649
96056,Ukraine,Explosions/Remote violence,49.4986,36.6649
96057,Ukraine,Explosions/Remote violence,49.4986,36.6649
96058,Ukraine,Explosions/Remote violence,49.4986,36.6649
96059,Ukraine,Explosions/Remote violence,49.4986,36.6649
96060,Ukraine,Explosions/Remote violence,49.4986,36.6649
96061,Ukraine,Explosions/Remote violence,49.4986,36.6649
96062,Ukraine,Explosions/Remote violence,49.4986,36.6649
96063,Ukraine,Explosions/Remote violence,49.4986,36.6649
96064,Ukraine,Explosions/Remote violence,49.4986,36.6649
96065,Ukraine,Explosions/Remote violence,49.4986,36.6649
96066,Ukraine,Explosions/Remote violence,49.4986,36.6649
96067,Ukraine,Explosions/Remote violence,49.4986,36.6649
96068,Ukraine,Explosions/Remote violence,49.4986,36.6649
96069,Ukraine,Explosions/Remote violence,49.4986,36.6649
96070,Ukraine,Explosions/Remote violence,49.4986,36.6649
96071,Ukraine,Explosions/Remote violence,49.4986,36.6649
96072,Ukraine,Explosions/Remote violence,49.4986,36.6649
96073,Ukraine,Explosions/Remote violence,49.4986,36.6649
96074,Ukraine,Explosions/Remote violence,49.4986,36.6649
96075,Ukraine,Explosions/Remote violence,49.4986,36.6649
96076,Ukraine,Explosions/Remote violence,49.4986,36.6649
96077,Ukraine,Explosions/Remote violence,49.4986,36.6649
96078,Ukraine,Explosions/Remote violence,49.4986,36.6649
96079,Ukraine,Explosions/Remote violence,49.4986,36.6649
96080,Ukraine,Explosions/Remote violence,49.4986,36.6649
96081,Ukraine,Explosions/Remote violence,49.4986,36.6649
96082,Ukraine,Explosions/Remote violence,49.4986,36.6649
96083,Ukraine,Explosions/Remote violence,49.4986,36.6649
96084,Ukraine,Explosions/Remote violence,49.4986,36.6649
96085,Ukraine,Explosions/Remote violence,49.4986,36.6649
96086,Ukraine,Explosions/Remote violence,49.4986,36.6649
96087,Ukraine,Explosions/Remote violence,49.4986,36.6649
96088,Ukraine,Explosions/Remote violence,49.4986,36.6649
96089,Ukraine,Explosions/Remote violence,49.4986,36.6649
96090,Ukraine,Explosions/Remote violence,49.4986,36.6649
96091,Ukraine,Explosions/Remote violence,49.4986,36.6649
96092,Ukraine,Explosions/Remote violence,49.4986,36.6649
96093,Ukraine,Explosions/Remote violence,49.4986,36.6649
96094,Ukraine,Explosions/Remote violence,49.4986,36.6649
96095,Ukraine,Explosions/Remote violence,49.4986,36.6649
96096,Ukraine,Explosions/Remote violence,49.4986,36.6649
96097,Ukraine,Explosions/Remote violence,49.4986,36.6649
96098,Ukraine,Explosions/Remote violence,49.4986,36.6649
96099,Ukraine,Explosions/Remote violence,49.4986,36.6649
96100,Ukraine,Explosions/Remote violence,49.4986,36.6649
96101,Ukraine,Explosions/Remote violence,49.4986,36.6649
96102,Ukraine,Explosions/Remote violence,49.4986,36.6649
96103,Ukraine,Explosions/Remote violence,49.4986,36.6649
96104,Ukraine,Explosions/Remote violence,49.4986,36.6649
96105,Ukraine,Explosions/Remote violence,49.4986,36.6649
96106,Ukraine,Explosions/Remote violence,49.4986,36.6649
96107,Ukraine,Explosions/Remote violence,49.4986,36.6649
96108,Ukraine,Explosions/Remote violence,49.4986,36.6649
96109,Ukraine,Explosions/Remote violence,49.4986,36.6649
96110,Ukraine,Explosions/Remote violence,49.4986,36.6649
96111,Ukraine,Explosions/Remote violence,49.4986,36.6649
96112,Ukraine,Explosions/Remote violence,49.4986,36.6649
96113,Ukraine,Explosions/Remote violence,49.4986,36.6649
96114,Ukraine,Explosions/Remote violence,49.4986,36.6649
96115,Ukraine,Explosions/Remote violence,49.4986,36.6649
96116,Ukraine,Explosions/Remote violence,49.4986,36.6649
96117,Ukraine,Explosions/Remote violence,49.4986,36.6649
96118,Ukraine,Explosions/Remote violence,49.4986,36.6649
96119,Ukraine,Explosions/Remote violence,49.4986,36.6649
96120,Ukraine,Explosions/Remote violence,49.4986,36.6649
96121,Ukraine,Explosions/Remote violence,49.4986,36.6649
96122,Ukraine,Explosions/Remote violence,49.4986,36.6649
96123,Ukraine,Explosions/Remote violence,49.4986,36.6649
96124,Ukraine,Explosions/Remote violence,49.4986,36.6649
96125,Ukraine,Explosions/Remote violence,49.4986,36.6649
96126,Ukraine,Explosions/Remote violence,49.4986,36.6649
96127,Ukraine,Explosions/Remote violence,49.4986,36.6649
96128,Ukraine,Explosions/Remote violence,49.4986,36.6649
96129,Ukraine,Explosions/Remote violence,49.4986,36.6649
96130,Ukraine,Explosions/Remote violence,49.4986,36.6649
96131,Ukraine,Explosions/Remote violence,49.4986,36.6649
96132,Ukraine,Explosions/Remote violence,49.4986,36.6649
96133,Ukraine,Explosions/Remote violence,49.4986,36.6649
96134,Ukraine,Explosions/Remote violence,49.4986,36.6649
96135,Ukraine,Explosions/Remote violence,49.4986,36.6649
96136,Ukraine,Explosions/Remote violence,49.4986,36.6649
96137,Ukraine,Explosions/Remote violence,49.4986,36.6649
96138,Ukraine,Explosions/Remote violence,49.4986,36.6649
96139,Ukraine,Explosions/Remote violence,49.4986,36.6649
96140,Ukraine,Explosions/Remote violence,49.4986,36.6649
96141,Ukraine,Explosions/Remote violence,49.4986,36.6649
96142,Ukraine,Explosions/Remote violence,49.4986,36.6649
96143,Ukraine,Explosions/Remote violence,49.4986,36.6649
96144,Ukraine,Explosions/Remote violence,49.4986,36.6649
96145,Ukraine,Explosions/Remote violence,49.4986,36.6649
96146,Ukraine,Explosions/Remote violence,49.4986,36.6649
96147,Ukraine,Explosions/Remote violence,49.4986,36.6649
96148,Ukraine,Explosions/Remote violence,49.4986,36.6649
96149,Ukraine,Explosions/Remote violence,49.4986,36.6649
96150,Ukraine,Explosions/Remote violence,49.4986,36.6649
96151,Ukraine,Explosions/Remote violence,49.4986,36.6649
96152,Ukraine,Explosions/Remote violence,49.4986,36.6649
96153,Ukraine,Explosions/Remote violence,49.4986,36.6649
96154,Ukraine,Explosions/Remote violence,49.4986,36.6649
96155,Ukraine,Explosions/Remote violence,49.4986,36.6649
96156,Ukraine,Explosions/Remote violence,49.4986,36.6649
96157,Ukraine,Explosions/Remote violence,49.4986,36.6649
96158,Ukraine,Explosions/Remote violence,49.4986,36.6649
96159,Ukraine,Explosions/Remote violence,49.4986,36.6649
96160,Ukraine,Explosions/Remote violence,49.4986,36.6649
96161,Ukraine,Explosions/Remote violence,49.4986,36.6649
96162,Ukraine,Explosions/Remote violence,49.4986,36.6649
96163,Ukraine,Explosions/Remote violence,49.4986,36.6649
96164,Ukraine,Explosions/Remote violence,49.4986,36.6649
96165,Ukraine,Explosions/Remote violence,49.4986,36.6649
96166,Ukraine,Explosions/Remote violence,49.4986,36.6649
96167,Ukraine,Explosions/Remote violence,49.4986,36.6649
96168,Ukraine,Explosions/Remote violence,49.4986,36.6649
96169,Ukraine,Explosions/Remote violence,49.4986,36.6649
96170,Ukraine,Explosions/Remote violence,49.4986,36.6649
96171,Ukraine,Explosions/Remote violence,49.4986,36.6649
96172,Ukraine,Explosions/Remote violence,49.4986,36.6649
96173,Ukraine,Explosions/Remote violence,49.4986,36.6649
96174,Ukraine,Explosions/Remote violence,49.4986,36.6649
96175,Ukraine,Explosions/Remote violence,49.4986,36.6649
96176,Ukraine,Explosions/Remote violence,49.4986,36.6649
96177,Ukraine,Explosions/Remote violence,49.4986,36.6649
96178,Ukraine,Explosions/Remote violence,49.4986,36.6649
96179,Ukraine,Explosions/Remote violence,49.4986,36.6649
96180,Ukraine,Explosions/Remote violence,49.4986,36.6649
96181,Ukraine,Explosions/Remote violence,49.4986,36.6649
96182,Ukraine,Explosions/Remote violence,49.4986,36.6649
96183,Ukraine,Explosions/Remote violence,49.4986,36.6649
96184,Ukraine,Explosions/Remote violence,49.4986,36.6649
96185,Ukraine,Explosions/Remote violence,49.4986,36.6649
96186,Ukraine,Explosions/Remote violence,49.4986,36.6649
96187,Ukraine,Explosions/Remote violence,49.4986,36.6649
96188,Ukraine,Explosions/Remote violence,49.4986,36.6649
96189,Ukraine,Explosions/Remote violence,49.4986,36.6649
96190,Ukraine,Explosions/Remote violence,49.4986,36.6649
96191,Ukraine,Explosions/Remote violence,49.4986,36.6649
96192,Ukraine,Explosions/Remote violence,49.4986,36.6649
96193,Ukraine,Explosions/Remote violence,49.4986,36.6649
96194,Ukraine,Explosions/Remote violence,49.4986,36.6649
96195,Ukraine,Explosions/Remote violence,49.4986,36.6649
96196,Ukraine,Explosions/Remote violence,49.4986,36.6649
96197,Ukraine,Explosions/Remote violence,49.4986,36.6649
96198,Ukraine,Explosions/Remote violence,49.4986,36.6649
96199,Ukraine,Explosions/Remote violence,49.4986,36.6649
96200,Ukraine,Explosions/Remote violence,49.4986,36.6649
96201,Ukraine,Explosions/Remote violence,49.4986,36.6649
96202,Ukraine,Explosions/Remote violence,49.4986,36.6649
96203,Ukraine,Explosions/Remote violence,49.4986,36.6649
96204,Ukraine,Explosions/Remote violence,49.4986,36.6649
96205,Ukraine,Explosions/Remote violence,49.4986,36.6649
96206,Ukraine,Explosions/Remote violence,49.4986,36.6649
96207,Ukraine,Explosions/Remote violence,49.4986,36.6649
96208,Ukraine,Explosions/Remote violence,49.4986,36.6649
96209,Ukraine,Explosions/Remote violence,49.4986,36.6649
96210,Ukraine,Explosions/Remote violence,49.4986,36.6649
96211,Ukraine,Explosions/Remote violence,49.4986,36.6649
96212,Ukraine,Explosions/Remote violence,49.4986,36.6649
96213,Ukraine,Explosions/Remote violence,49.4986,36.6649
96214,Ukraine,Explosions/Remote violence,49.4986,36.6649
96215,Ukraine,Explosions/Remote violence,49.4986,36.6649
96216,Ukraine,Explosions/Remote violence,49.4986,36.6649
96217,Ukraine,Explosions/Remote violence,49.4986,36.6649
96218,Ukraine,Explosions/Remote violence,49.4986,36.6649
96219,Ukraine,Explosions/Remote violence,49.4986,36.6649
96220,Ukraine,Explosions/Remote violence,49.4986,36.6649
96221,Ukraine,Explosions/Remote violence,49.4986,36.6649
96222,Ukraine,Explosions/Remote violence,49.4986,36.6649
96223,Ukraine,Explosions/Remote violence,49.4986,36.6649
96224,Ukraine,Explosions/Remote violence,49.4986,36.6649
96225,Ukraine,Explosions/Remote violence,49.4986,36.6649
96226,Ukraine,Explosions/Remote violence,49.4986,36.6649
96227,Ukraine,Explosions/Remote violence,49.4986,36.6649
96228,Ukraine,Explosions/Remote violence,49.4986,36.6649
96229,Ukraine,Explosions/Remote violence,49.4986,36.6649
96230,Ukraine,Explosions/Remote violence,49.4986,36.6649
96231,Ukraine,Explosions/Remote violence,49.4986,36.6649
96232,Ukraine,Explosions/Remote violence,49.4986,36.6649
96233,Ukraine,Explosions/Remote violence,49.4986,36.6649
96234,Ukraine,Explosions/Remote violence,49.4986,36.6649
96235,Ukraine,Explosions/Remote violence,49.4986,36.6649
96236,Ukraine,Explosions/Remote violence,49.4986,36.6649
96237,Ukraine,Explosions/Remote violence,49.4986,36.6649
96238,Ukraine,Explosions/Remote violence,49.4986,36.6649
96239,Ukraine,Explosions/Remote violence,49.4986,36.6649
96240,Ukraine,Explosions/Remote violence,49.4986,36.6649
96241,Ukraine,Explosions/Remote violence,49.4986,36.6649
96242,Ukraine,Explosions/Remote violence,49.4986,36.6649
96243,Ukraine,Explosions/Remote violence,49.4986,36.6649
96244,Ukraine,Explosions/Remote violence,49.4986,36.6649
96245,Ukraine,Explosions/Remote violence,49.4986,36.6649
96246,Ukraine,Explosions/Remote violence,49.4986,36.6649
96247,Ukraine,Explosions/Remote violence,49.4986,36.6649
96248,Ukraine,Explosions/Remote violence,49.4986,36.6649
96249,Ukraine,Explosions/Remote violence,49.4986,36.6649
96250,Ukraine,Explosions/Remote violence,49.4986,36.6649
96251,Ukraine,Explosions/Remote violence,49.4986,36.6649
96252,Ukraine,Explosions/Remote violence,49.4986,36.6649
96253,Ukraine,Explosions/Remote violence,49.4986,36.6649
96254,Ukraine,Explosions/Remote violence,49.4986,36.6649
96255,Ukraine,Explosions/Remote violence,49.4986,36.6649
96256,Ukraine,Explosions/Remote violence,49.4986,36.6649
96257,Ukraine,Explosions/Remote violence,49.4986,36.6649
96258,Ukraine,Explosions/Remote violence,49.4986,36.6649
96259,Ukraine,Explosions/Remote violence,49.4986,36.6649
96260,Ukraine,Explosions/Remote violence,49.4986,36.6649
96261,Ukraine,Explosions/Remote violence,49.4986,36.6649
96262,Ukraine,Explosions/Remote violence,49.4986,36.6649
96263,Ukraine,Explosions/Remote violence,49.4986,36.6649
96264,Ukraine,Explosions/Remote violence,49.4986,36.6649
96265,Ukraine,Explosions/Remote violence,49.4986,36.6649
96266,Ukraine,Explosions/Remote violence,49.4986,36.6649
96267,Ukraine,Explosions/Remote violence,49.4986,36.6649
96268,Ukraine,Explosions/Remote violence,49.4986,36.6649
96269,Ukraine,Explosions/Remote violence,49.4986,36.6649
96270,Ukraine,Explosions/Remote violence,49.4986,36.6649
96271,Ukraine,Explosions/Remote violence,49.4986,36.6649
96272,Ukraine,Explosions/Remote violence,49.4986,36.6649
96273,Ukraine,Explosions/Remote violence,49.4986,36.6649
96274,Ukraine,Explosions/Remote violence,49.4986,36.6649
96275,Ukraine,Explosions/Remote violence,49.4986,36.6649
96276,Ukraine,Explosions/Remote violence,49.4986,36.6649
96277,Ukraine,Explosions/Remote violence,49.4986,36.6649
96278,Ukraine,Explosions/Remote violence,49.4986,36.6649
96279,Ukraine,Explosions/Remote violence,49.4986,36.6649
96280,Ukraine,Explosions/Remote violence,49.4986,36.6649
96281,Ukraine,Explosions/Remote violence,49.4986,36.6649
96282,Ukraine,Explosions/Remote violence,49.4986,36.6649
96283,Ukraine,Explosions/Remote violence,49.4986,36.6649
96284,Ukraine,Explosions/Remote violence,49.4986,36.6649
96285,Ukraine,Explosions/Remote violence,49.4986,36.6649
96286,Ukraine,Explosions/Remote violence,49.4986,36.6649
96287,Ukraine,Explosions/Remote violence,49.4986,36.6649
96288,Ukraine,Explosions/Remote violence,49.4986,36.6649
96289,Ukraine,Explosions/Remote violence,49.4986,36.6649
96290,Ukraine,Explosions/Remote violence,49.4986,36.6649
96291,Ukraine,Explosions/Remote violence,49.4986,36.6649
96292,Ukraine,Explosions/Remote violence,49.4986,36.6649
96293,Ukraine,Explosions/Remote violence,49.4986,36.6649
96294,Ukraine,Explosions/Remote violence,49.4986,36.6649
96295,Ukraine,Explosions/Remote violence,49.4986,36.6649
96296,Ukraine,Explosions/Remote violence,49.4986,36.6649
96297,Ukraine,Explosions/Remote violence,49.4986,36.6649
96298,Ukraine,Explosions/Remote violence,49.4986,36.6649
96299,Ukraine,Explosions/Remote violence,49.4986,36.6649
96300,Ukraine,Explosions/Remote violence,49.4986,36.6649
96301,Ukraine,Explosions/Remote violence,49.4986,36.6649
96302,Ukraine,Explosions/Remote violence,49.4986,36.6649
96303,Ukraine,Explosions/Remote violence,49.4986,36.6649
96304,Ukraine,Explosions/Remote violence,49.4986,36.6649
96305,Ukraine,Explosions/Remote violence,49.4986,36.6649
96306,Ukraine,Explosions/Remote violence,49.4986,36.6649
96307,Ukraine,Explosions/Remote violence,49.4986,36.6649
96308,Ukraine,Explosions/Remote violence,49.4986,36.6649
96309,Ukraine,Explosions/Remote violence,49.4986,36.6649
96310,Ukraine,Explosions/Remote violence,49.4986,36.6649
96311,Ukraine,Explosions/Remote violence,49.4986,36.6649
96312,Ukraine,Explosions/Remote violence,49.4986,36.6649
96313,Ukraine,Explosions/Remote violence,49.4986,36.6649
96314,Ukraine,Explosions/Remote violence,49.4986,36.6649
96315,Ukraine,Explosions/Remote violence,49.4986,36.6649
96316,Ukraine,Explosions/Remote violence,49.4986,36.6649
96317,Ukraine,Explosions/Remote violence,49.4986,36.6649
96318,Ukraine,Explosions/Remote violence,49.4986,36.6649
96319,Ukraine,Explosions/Remote violence,49.4986,36.6649
96320,Ukraine,Explosions/Remote violence,49.4986,36.6649
96321,Ukraine,Explosions/Remote violence,49.4986,36.6649
96322,Ukraine,Explosions/Remote violence,49.4986,36.6649
96323,Ukraine,Explosions/Remote violence,49.4986,36.6649
96324,Ukraine,Explosions/Remote violence,49.4986,36.6649
96325,Ukraine,Explosions/Remote violence,49.4986,36.6649
96326,Ukraine,Explosions/Remote violence,49.4986,36.6649
96327,Ukraine,Explosions/Remote violence,49.4986,36.6649
96328,Ukraine,Explosions/Remote violence,49.4986,36.6649
96329,Ukraine,Explosions/Remote violence,49.4986,36.6649
96330,Ukraine,Explosions/Remote violence,49.4986,36.6649
96331,Ukraine,Explosions/Remote violence,49.4986,36.6649
96332,Ukraine,Explosions/Remote violence,49.4986,36.6649
96333,Ukraine,Explosions/Remote violence,49.4986,36.6649
96334,Ukraine,Explosions/Remote violence,49.4986,36.6649
96335,Ukraine,Explosions/Remote violence,49.4986,36.6649
96336,Ukraine,Explosions/Remote violence,49.4986,36.6649
96337,Ukraine,Explosions/Remote violence,49.4986,36.6649
96338,Ukraine,Explosions/Remote violence,49.4986,36.6649
96339,Ukraine,Explosions/Remote violence,49.4986,36.6649
96340,Ukraine,Explosions/Remote violence,49.4986,36.6649
96341,Ukraine,Explosions/Remote violence,49.4986,36.6649
96342,Ukraine,Explosions/Remote violence,49.4986,36.6649
96343,Ukraine,Explosions/Remote violence,49.4986,36.6649
96344,Ukraine,Explosions/Remote violence,49.4986,36.6649
96345,Ukraine,Explosions/Remote violence,49.4986,36.6649
96346,Ukraine,Explosions/Remote violence,49.4986,36.6649
96347,Ukraine,Explosions/Remote violence,49.4986,36.6649
96348,Ukraine,Explosions/Remote violence,49.4986,36.6649
96349,Ukraine,Explosions/Remote violence,49.4986,36.6649
96350,Ukraine,Explosions/Remote violence,49.4986,36.6649
96351,Ukraine,Explosions/Remote violence,49.4986,36.6649
96352,Ukraine,Explosions/Remote violence,49.4986,36.6649
96353,Ukraine,Explosions/Remote violence,49.4986,36.6649
96354,Ukraine,Explosions/Remote violence,49.4986,36.6649
96355,Ukraine,Explosions/Remote violence,49.4986,36.6649
96356,Ukraine,Explosions/Remote violence,49.4986,36.6649
96357,Ukraine,Explosions/Remote violence,49.4986,36.6649
96358,Ukraine,Explosions/Remote violence,49.4986,36.6649
96359,Ukraine,Explosions/Remote violence,49.4986,36.6649
96360,Ukraine,Explosions/Remote violence,49.4986,36.6649
96361,Ukraine,Explosions/Remote violence,49.4986,36.6649
96362,Ukraine,Explosions/Remote violence,49.4986,36.6649
96363,Ukraine,Explosions/Remote violence,49.4986,36.6649
96364,Ukraine,Explosions/Remote violence,49.4986,36.6649
96365,Ukraine,Explosions/Remote violence,49.4986,36.6649
96366,Ukraine,Explosions/Remote violence,49.4986,36.6649
96367,Ukraine,Explosions/Remote violence,49.4986,36.6649
96368,Ukraine,Explosions/Remote violence,49.4986,36.6649
96369,Ukraine,Explosions/Remote violence,49.4986,36.6649
96370,Ukraine,Explosions/Remote violence,49.4986,36.6649
96371,Ukraine,Explosions/Remote violence,49.4986,36.6649
96372,Ukraine,Explosions/Remote violence,49.4986,36.6649
96373,Ukraine,Explosions/Remote violence,49.4986,36.6649
96374,Ukraine,Explosions/Remote violence,49.4986,36.6649
96375,Ukraine,Explosions/Remote violence,49.4986,36.6649
96376,Ukraine,Explosions/Remote violence,49.4986,36.6649
96377,Ukraine,Explosions/Remote violence,49.4986,36.6649
96378,Ukraine,Explosions/Remote violence,49.4986,36.6649
96379,Ukraine,Explosions/Remote violence,49.4986,36.6649
96380,Ukraine,Explosions/Remote violence,49.4986,36.6649
96381,Ukraine,Explosions/Remote violence,49.4986,36.6649
96382,Ukraine,Explosions/Remote violence,49.4986,36.6649
96383,Ukraine,Explosions/Remote violence,49.4986,36.6649
96384,Ukraine,Explosions/Remote violence,49.4986,36.6649
96385,Ukraine,Explosions/Remote violence,49.4986,36.6649
96386,Ukraine,Explosions/Remote violence,49.4986,36.6649
96387,Ukraine,Explosions/Remote violence,49.4986,36.6649
96388,Ukraine,Explosions/Remote violence,49.4986,36.6649
96389,Ukraine,Explosions/Remote violence,49.4986,36.6649
96390,Ukraine,Explosions/Remote violence,49.4986,36.6649
96391,Ukraine,Explosions/Remote violence,49.4986,36.6649
96392,Ukraine,Explosions/Remote violence,49.4986,36.6649
96393,Ukraine,Explosions/Remote violence,49.4986,36.6649
96394,Ukraine,Explosions/Remote violence,49.4986,36.6649
96395,Ukraine,Explosions/Remote violence,49.4986,36.6649
96396,Ukraine,Explosions/Remote violence,49.4986,36.6649
96397,Ukraine,Explosions/Remote violence,49.4986,36.6649
96398,Ukraine,Explosions/Remote violence,49.4986,36.6649
96399,Ukraine,Explosions/Remote violence,49.4986,36.6649
96400,Ukraine,Explosions/Remote violence,49.4986,36.6649
96401,Ukraine,Explosions/Remote violence,49.4986,36.6649
96402,Ukraine,Explosions/Remote violence,49.4986,36.6649
96403,Ukraine,Explosions/Remote violence,49.4986,36.6649
96404,Ukraine,Explosions/Remote violence,49.4986,36.6649
96405,Ukraine,Explosions/Remote violence,49.4986,36.6649
96406,Ukraine,Explosions/Remote violence,49.4986,36.6649
96407,Ukraine,Explosions/Remote violence,49.4986,36.6649
96408,Ukraine,Explosions/Remote violence,49.4986,36.6649
96409,Ukraine,Explosions/Remote violence,49.4986,36.6649
96410,Ukraine,Explosions/Remote violence,49.4986,36.6649
96411,Ukraine,Explosions/Remote violence,49.4986,36.6649
96412,Ukraine,Explosions/Remote violence,49.4986,36.6649
96413,Ukraine,Explosions/Remote violence,49.4986,36.6649
96414,Ukraine,Explosions/Remote violence,49.4986,36.6649
96415,Ukraine,Explosions/Remote violence,49.4986,36.6649
96416,Ukraine,Explosions/Remote violence,49.4986,36.6649
96417,Ukraine,Explosions/Remote violence,49.4986,36.6649
96418,Ukraine,Explosions/Remote violence,49.4986,36.6649
96419,Ukraine,Explosions/Remote violence,49.4986,36.6649
96420,Ukraine,Explosions/Remote violence,49.4986,36.6649
96421,Ukraine,Explosions/Remote violence,49.4986,36.6649
96422,Ukraine,Explosions/Remote violence,49.4986,36.6649
96423,Ukraine,Explosions/Remote violence,49.4986,36.6649
96424,Ukraine,Explosions/Remote violence,49.4986,36.6649
96425,Ukraine,Explosions/Remote violence,49.4986,36.6649
96426,Ukraine,Explosions/Remote violence,49.4986,36.6649
96427,Ukraine,Explosions/Remote violence,49.4986,36.6649
96428,Ukraine,Explosions/Remote violence,49.4986,36.6649
96429,Ukraine,Explosions/Remote violence,49.4986,36.6649
96430,Ukraine,Explosions/Remote violence,49.4986,36.6649
96431,Ukraine,Explosions/Remote violence,49.4986,36.6649
96432,Ukraine,Explosions/Remote violence,49.4986,36.6649
96433,Ukraine,Explosions/Remote violence,49.4986,36.6649
96434,Ukraine,Explosions/Remote violence,49.4986,36.6649
96435,Ukraine,Explosions/Remote violence,49.4986,36.6649
96436,Ukraine,Explosions/Remote violence,49.4986,36.6649
96437,Ukraine,Explosions/Remote violence,49.4986,36.6649
96438,Ukraine,Explosions/Remote violence,49.4986,36.6649
96439,Ukraine,Explosions/Remote violence,49.4986,36.6649
96440,Ukraine,Explosions/Remote violence,49.4986,36.6649
96441,Ukraine,Explosions/Remote violence,49.4986,36.6649
96442,Ukraine,Explosions/Remote violence,49.4986,36.6649
96443,Ukraine,Explosions/Remote violence,49.4986,36.6649
96444,Ukraine,Explosions/Remote violence,49.4986,36.6649
96445,Ukraine,Explosions/Remote violence,49.4986,36.6649
96446,Ukraine,Explosions/Remote violence,49.4986,36.6649
96447,Ukraine,Explosions/Remote violence,49.4986,36.6649
96448,Ukraine,Explosions/Remote violence,49.4986,36.6649
96449,Ukraine,Explosions/Remote violence,49.4986,36.6649
96450,Ukraine,Explosions/Remote violence,49.4986,36.6649
96451,Ukraine,Explosions/Remote violence,49.4986,36.6649
96452,Ukraine,Explosions/Remote violence,49.4986,36.6649
96453,Ukraine,Explosions/Remote violence,49.4986,36.6649
96454,Ukraine,Explosions/Remote violence,49.4986,36.6649
96455,Ukraine,Explosions/Remote violence,49.4986,36.6649
96456,Ukraine,Explosions/Remote violence,49.4986,36.6649
96457,Ukraine,Explosions/Remote violence,49.4986,36.6649
96458,Ukraine,Explosions/Remote violence,49.4986,36.6649
96459,Ukraine,Explosions/Remote violence,49.4986,36.6649
96460,Ukraine,Explosions/Remote violence,49.4986,36.6649
96461,Ukraine,Explosions/Remote violence,49.4986,36.6649
96462,Ukraine,Explosions/Remote violence,49.4986,36.6649
96463,Ukraine,Explosions/Remote violence,49.4986,36.6649
96464,Ukraine,Explosions/Remote violence,49.4986,36.6649
96465,Ukraine,Explosions/Remote violence,49.4986,36.6649
96466,Ukraine,Explosions/Remote violence,49.4986,36.6649
96467,Ukraine,Explosions/Remote violence,49.4986,36.6649
96468,Ukraine,Explosions/Remote violence,49.4986,36.6649
96469,Ukraine,Explosions/Remote violence,49.4986,36.6649
96470,Ukraine,Explosions/Remote violence,49.4986,36.6649
96471,Ukraine,Explosions/Remote violence,49.4986,36.6649
96472,Ukraine,Explosions/Remote violence,49.4986,36.6649
96473,Ukraine,Explosions/Remote violence,49.4986,36.6649
96474,Ukraine,Explosions/Remote violence,49.4986,36.6649
96475,Ukraine,Explosions/Remote violence,49.4986,36.6649
96476,Ukraine,Explosions/Remote violence,49.4986,36.6649
96477,Ukraine,Explosions/Remote violence,49.4986,36.6649
96478,Ukraine,Explosions/Remote violence,49.4986,36.6649
96479,Ukraine,Explosions/Remote violence,49.4986,36.6649
96480,Ukraine,Explosions/Remote violence,49.4986,36.6649
96481,Ukraine,Explosions/Remote violence,49.4986,36.6649
96482,Ukraine,Explosions/Remote violence,49.4986,36.6649
96483,Ukraine,Explosions/Remote violence,49.4986,36.6649
96484,Ukraine,Explosions/Remote violence,49.4986,36.6649
96485,Ukraine,Explosions/Remote violence,49.4986,36.6649
96486,Ukraine,Explosions/Remote violence,49.4986,36.6649
96487,Ukraine,Explosions/Remote violence,49.4986,36.6649
96488,Ukraine,Explosions/Remote violence,49.4986,36.6649
96489,Ukraine,Explosions/Remote violence,49.4986,36.6649
96490,Ukraine,Explosions/Remote violence,49.4986,36.6649
96491,Ukraine,Explosions/Remote violence,49.4986,36.6649
96492,Ukraine,Explosions/Remote violence,49.4986,36.6649
96493,Ukraine,Explosions/Remote violence,49.4986,36.6649
96494,Ukraine,Explosions/Remote violence,49.4986,36.6649
96495,Ukraine,Explosions/Remote violence,49.4986,36.6649
96496,Ukraine,Explosions/Remote violence,49.4986,36.6649
96497,Ukraine,Explosions/Remote violence,49.4986,36.6649
96498,Ukraine,Explosions/Remote violence,49.4986,36.6649
96499,Ukraine,Explosions/Remote violence,49.4986,36.6649
96500,Ukraine,Explosions/Remote violence,49.4986,36.6649
96501,Ukraine,Explosions/Remote violence,49.4986,36.6649
96502,Ukraine,Explosions/Remote violence,49.4986,36.6649
96503,Ukraine,Explosions/Remote violence,49.4986,36.6649
96504,Ukraine,Explosions/Remote violence,49.4986,36.6649
96505,Ukraine,Explosions/Remote violence,49.4986,36.6649
96506,Ukraine,Explosions/Remote violence,49.4986,36.6649
96507,Ukraine,Explosions/Remote violence,49.4986,36.6649
96508,Ukraine,Explosions/Remote violence,49.4986,36.6649
96509,Ukraine,Explosions/Remote violence,49.4986,36.6649
96510,Ukraine,Explosions/Remote violence,49.4986,36.6649
96511,Ukraine,Explosions/Remote violence,49.4986,36.6649
96512,Ukraine,Explosions/Remote violence,49.4986,36.6649
96513,Ukraine,Explosions/Remote violence,49.4986,36.6649
96514,Ukraine,Explosions/Remote violence,49.4986,36.6649
96515,Ukraine,Explosions/Remote violence,49.4986,36.6649
96516,Ukraine,Explosions/Remote violence,49.4986,36.6649
96517,Ukraine,Explosions/Remote violence,49.4986,36.6649
96518,Ukraine,Explosions/Remote violence,49.4986,36.6649
96519,Ukraine,Explosions/Remote violence,49.4986,36.6649
96520,Ukraine,Explosions/Remote violence,49.4986,36.6649
96521,Ukraine,Explosions/Remote violence,49.4986,36.6649
96522,Ukraine,Explosions/Remote violence,49.4986,36.6649
96523,Ukraine,Explosions/Remote violence,49.4986,36.6649
96524,Ukraine,Explosions/Remote violence,49.4986,36.6649
96525,Ukraine,Explosions/Remote violence,49.4986,36.6649
96526,Ukraine,Explosions/Remote violence,49.4986,36.6649
96527,Ukraine,Explosions/Remote violence,49.4986,36.6649
96528,Ukraine,Explosions/Remote violence,49.4986,36.6649
96529,Ukraine,Explosions/Remote violence,49.4986,36.6649
96530,Ukraine,Explosions/Remote violence,49.4986,36.6649
96531,Ukraine,Explosions/Remote violence,49.4986,36.6649
96532,Ukraine,Explosions/Remote violence,49.4986,36.6649
96533,Ukraine,Explosions/Remote violence,49.4986,36.6649
96534,Ukraine,Explosions/Remote violence,49.4986,36.6649
96535,Ukraine,Explosions/Remote violence,49.4986,36.6649
96536,Ukraine,Explosions/Remote violence,49.4986,36.6649
96537,Ukraine,Explosions/Remote violence,49.4986,36.6649
96538,Ukraine,Explosions/Remote violence,49.4986,36.6649
96539,Ukraine,Explosions/Remote violence,49.4986,36.6649
96540,Ukraine,Explosions/Remote violence,49.4986,36.6649
96541,Ukraine,Explosions/Remote violence,49.4986,36.6649
96542,Ukraine,Explosions/Remote violence,49.4986,36.6649
96543,Ukraine,Explosions/Remote violence,49.4986,36.6649
96544,Ukraine,Explosions/Remote violence,49.4986,36.6649
96545,Ukraine,Explosions/Remote violence,49.4986,36.6649
96546,Ukraine,Explosions/Remote violence,49.4986,36.6649
96547,Ukraine,Explosions/Remote violence,49.4986,36.6649
96548,Ukraine,Explosions/Remote violence,49.4986,36.6649
96549,Ukraine,Explosions/Remote violence,49.4986,36.6649
96550,Ukraine,Explosions/Remote violence,49.4986,36.6649
96551,Ukraine,Explosions/Remote violence,49.4986,36.6649
96552,Ukraine,Explosions/Remote violence,49.4986,36.6649
96553,Ukraine,Explosions/Remote violence,49.4986,36.6649
96554,Ukraine,Explosions/Remote violence,49.4986,36.6649
96555,Ukraine,Explosions/Remote violence,49.4986,36.6649
96556,Ukraine,Explosions/Remote violence,49.4986,36.6649
96557,Ukraine,Explosions/Remote violence,49.4986,36.6649
96558,Ukraine,Explosions/Remote violence,49.4986,36.6649
96559,Ukraine,Explosions/Remote violence,49.4986,36.6649
96560,Ukraine,Explosions/Remote violence,49.4986,36.6649
96561,Ukraine,Explosions/Remote violence,49.4986,36.6649
96562,Ukraine,Explosions/Remote violence,49.4986,36.6649
96563,Ukraine,Explosions/Remote violence,49.4986,36.6649
96564,Ukraine,Explosions/Remote violence,49.4986,36.6649
96565,Ukraine,Explosions/Remote violence,49.4986,36.6649
96566,Ukraine,Explosions/Remote violence,49.4986,36.6649
96567,Ukraine,Explosions/Remote violence,49.4986,36.6649
96568,Ukraine,Explosions/Remote violence,49.4986,36.6649
96569,Ukraine,Explosions/Remote violence,49.4986,36.6649
96570,Ukraine,Explosions/Remote violence,49.4986,36.6649
96571,Ukraine,Explosions/Remote violence,49.4986,36.6649
96572,Ukraine,Explosions/Remote violence,49.4986,36.6649
96573,Ukraine,Explosions/Remote violence,49.4986,36.6649
96574,Ukraine,Explosions/Remote violence,49.4986,36.6649
96575,Ukraine,Explosions/Remote violence,49.4986,36.6649
96576,Ukraine,Explosions/Remote violence,49.4986,36.6649
96577,Ukraine,Explosions/Remote violence,49.4986,36.6649
96578,Ukraine,Explosions/Remote violence,49.4986,36.6649
96579,Ukraine,Explosions/Remote violence,49.4986,36.6649
96580,Ukraine,Explosions/Remote violence,49.4986,36.6649
96581,Ukraine,Explosions/Remote violence,49.4986,36.6649
96582,Ukraine,Explosions/Remote violence,49.4986,36.6649
96583,Ukraine,Explosions/Remote violence,49.4986,36.6649
96584,Ukraine,Explosions/Remote violence,49.4986,36.6649
96585,Ukraine,Explosions/Remote violence,49.4986,36.6649
96778,Ukraine,Riots,49.4986,36.6649
96779,Ukraine,Riots,49.4986,36.6649
96780,Ukraine,Riots,49.4986,36.6649
96781,Ukraine,Riots,49.4986,36.6649
96782,Ukraine,Riots,49.4986,36.6649
96783,Ukraine,Riots,49.4986,36.6649
96784,Ukraine,Riots,49.4986,36.6649
96785,Ukraine,Riots,49.4986,36.6649
96786,Ukraine,Riots,49.4986,36.6649
96787,Ukraine,Riots,49.4986,36.6649
96788,Ukraine,Riots,49.4986,36.6649
96789,Ukraine,Riots,49.4986,36.6649
96790,Ukraine,Riots,49.4986,36.6649
96791,Ukraine,Riots,49.4986,36.6649
96792,Ukraine,Riots,49.4986,36.6649
96793,Ukraine,Riots,49.4986,36.6649
96794,Ukraine,Riots,49.4986,36.6649
96795,Ukraine,Riots,49.4986,36.6649
96796,Ukraine,Riots,49.4986,36.6649
96797,Ukraine,Riots,49.4986,36.6649
96798,Ukraine,Riots,49.4986,36.6649
96799,Ukraine,Riots,49.4986,36.6649
96800,Ukraine,Riots,49.4986,36.6649
96801,Ukraine,Riots,49.4986,36.6649
96802,Ukraine,Riots,49.4986,36.6649
96803,Ukraine,Riots,49.4986,36.6649
96804,Ukraine,Riots,49.4986,36.6649
96805,Ukraine,Riots,49.4986,36.6649
96806,Ukraine,Riots,49.4986,36.6649
96807,Ukraine,Riots,49.4986,36.6649
96808,Ukraine,Riots,49.4986,36.6649
96809,Ukraine,Riots,49.4986,36.6649
96810,Ukraine,Riots,49.4986,36.6649
96811,Ukraine,Riots,49.4986,36.6649
96812,Ukraine,Riots,49.4986,36.6649
97090,Ukraine,Violence against civilians,49.4986,36.6649
97091,Ukraine,Violence against civilians,49.4986,36.6649
97092,Ukraine,Violence against civilians,49.4986,36.6649
97093,Ukraine,Violence against civilians,49.4986,36.6649
97094,Ukraine,Violence against civilians,49.4986,36.6649
97095,Ukraine,Violence against civilians,49.4986,36.6649
97096,Ukraine,Violence against civilians,49.4986,36.6649
97097,Ukraine,Violence against civilians,49.4986,36.6649
97098,Ukraine,Violence against civilians,49.4986,36.6649
97099,Ukraine,Violence against civilians,49.4986,36.6649
97100,Ukraine,Violence against civilians,49.4986,36.6649
97101,Ukraine,Violence against civilians,49.4986,36.6649
97102,Ukraine,Violence against civilians,49.4986,36.6649
97103,Ukraine,Violence against civilians,49.4986,36.6649
97104,Ukraine,Violence against civilians,49.4986,36.6649
97105,Ukraine,Violence against civilians,49.4986,36.6649
97106,Ukraine,Violence against civilians,49.4986,36.6649
97107,Ukraine,Violence against civilians,49.4986,36.6649
97108,Ukraine,Violence against civilians,49.4986,36.6649
97109,Ukraine,Violence against civilians,49.4986,36.6649
97110,Ukraine,Violence against civilians,49.4986,36.6649
97111,Ukraine,Violence against civilians,49.4986,36.6649
97112,Ukraine,Violence against civilians,49.4986,36.6649
97113,Ukraine,Violence against civilians,49.4986,36.6649
97114,Ukraine,Violence against civilians,49.4986,36.6649
97115,Ukraine,Violence against civilians,49.4986,36.6649
97116,Ukraine,Violence against civilians,49.4986,36.6649
97117,Ukraine,Violence against civilians,49.4986,36.6649
97118,Ukraine,Violence against civilians,49.4986,36.6649
97119,Ukraine,Violence against civilians,49.4986,36.6649
97120,Ukraine,Violence against civilians,49.4986,36.6649
97121,Ukraine,Violence against civilians,49.4986,36.6649
97122,Ukraine,Violence against civilians,49.4986,36.6649
97123,Ukraine,Violence against civilians,49.4986,36.6649
97124,Ukraine,Violence against civilians,49.4986,36.6649
97125,Ukraine,Violence against civilians,49.4986,36.6649
97126,Ukraine,Violence against civilians,49.4986,36.6649
97127,Ukraine,Violence against civilians,49.4986,36.6649
97128,Ukraine,Violence against civilians,49.4986,36.6649
97129,Ukraine,Violence against civilians,49.4986,36.6649
97130,Ukraine,Violence against civilians,49.4986,36.6649
97131,Ukraine,Violence against civilians,49.4986,36.6649
97132,Ukraine,Violence against civilians,49.4986,36.6649
97133,Ukraine,Violence against civilians,49.4986,36.6649
97134,Ukraine,Violence against civilians,49.4986,36.6649
97135,Ukraine,Violence against civilians,49.4986,36.6649
97136,Ukraine,Violence against civilians,49.4986,36.6649
97137,Ukraine,Violence against civilians,49.4986,36.6649
97138,Ukraine,Violence against civilians,49.4986,36.6649
97139,Ukraine,Violence against civilians,49.4986,36.6649
97140,Ukraine,Violence against civilians,49.4986,36.6649
97141,Ukraine,Violence against civilians,49.4986,36.6649
97142,Ukraine,Violence against civilians,49.4986,36.6649
97143,Ukraine,Violence against civilians,49.4986,36.6649
97144,Ukraine,Violence against civilians,49.4986,36.6649
97145,Ukraine,Violence against civilians,49.4986,36.6649
97146,Ukraine,Violence against civilians,49.4986,36.6649
97147,Ukraine,Violence against civilians,49.4986,36.6649
97148,Ukraine,Violence against civilians,49.4986,36.6649
97149,Ukraine,Violence against civilians,49.4986,36.6649
97150,Ukraine,Violence against civilians,49.4986,36.6649
97151,Ukraine,Violence against civilians,49.4986,36.6649
97152,Ukraine,Violence against civilians,49.4986,36.6649
97153,Ukraine,Violence against civilians,49.4986,36.6649
97154,Ukraine,Violence against civilians,49.4986,36.6649
97155,Ukraine,Violence against civilians,49.4986,36.6649
97156,Ukraine,Violence against civilians,49.4986,36.6649
97157,Ukraine,Violence against civilians,49.4986,36.6649
97158,Ukraine,Violence against civilians,49.4986,36.6649
97159,Ukraine,Violence against civilians,49.4986,36.6649
97160,Ukraine,Violence against civilians,49.4986,36.6649
97161,Ukraine,Violence against civilians,49.4986,36.6649
97162,Ukraine,Violence against civilians,49.4986,36.6649
97163,Ukraine,Violence against civilians,49.4986,36.6649
97164,Ukraine,Violence against civilians,49.4986,36.6649
97165,Ukraine,Violence against civilians,49.4986,36.6649
97166,Ukraine,Violence against civilians,49.4986,36.6649
97167,Ukraine,Violence against civilians,49.4986,36.6649
97168,Ukraine,Violence against civilians,49.4986,36.6649
97169,Ukraine,Violence against civilians,49.4986,36.6649
97170,Ukraine,Violence against civilians,49.4986,36.6649
97171,Ukraine,Violence against civilians,49.4986,36.6649
97172,Ukraine,Violence against civilians,49.4986,36.6649
97173,Ukraine,Violence against civilians,49.4986,36.6649
97174,Ukraine,Violence against civilians,49.4986,36.6649
97396,Ukraine,Explosions/Remote violence,46.7759,33.4838
97397,Ukraine,Explosions/Remote violence,46.7759,33.4838
97398,Ukraine,Explosions/Remote violence,46.7759,33.4838
97399,Ukraine,Explosions/Remote violence,46.7759,33.4838
97400,Ukraine,Explosions/Remote violence,46.7759,33.4838
97401,Ukraine,Explosions/Remote violence,46.7759,33.4838
97402,Ukraine,Explosions/Remote violence,46.7759,33.4838
97403,Ukraine,Explosions/Remote violence,46.7759,33.4838
97404,Ukraine,Explosions/Remote violence,46.7759,33.4838
97405,Ukraine,Explosions/Remote violence,46.7759,33.4838
97406,Ukraine,Explosions/Remote violence,46.7759,33.4838
97407,Ukraine,Explosions/Remote violence,46.7759,33.4838
97408,Ukraine,Explosions/Remote violence,46.7759,33.4838
97409,Ukraine,Explosions/Remote violence,46.7759,33.4838
97410,Ukraine,Explosions/Remote violence,46.7759,33.4838
97411,Ukraine,Explosions/Remote violence,46.7759,33.4838
97412,Ukraine,Explosions/Remote violence,46.7759,33.4838
97413,Ukraine,Explosions/Remote violence,46.7759,33.4838
97414,Ukraine,Explosions/Remote violence,46.7759,33.4838
97415,Ukraine,Explosions/Remote violence,46.7759,33.4838
97416,Ukraine,Explosions/Remote violence,46.7759,33.4838
97417,Ukraine,Explosions/Remote violence,46.7759,33.4838
97418,Ukraine,Explosions/Remote violence,46.7759,33.4838
97419,Ukraine,Explosions/Remote violence,46.7759,33.4838
97420,Ukraine,Explosions/Remote violence,46.7759,33.4838
97421,Ukraine,Explosions/Remote violence,46.7759,33.4838
97422,Ukraine,Explosions/Remote violence,46.7759,33.4838
97423,Ukraine,Explosions/Remote violence,46.7759,33.4838
97424,Ukraine,Explosions/Remote violence,46.7759,33.4838
97425,Ukraine,Explosions/Remote violence,46.7759,33.4838
97426,Ukraine,Explosions/Remote violence,46.7759,33.4838
97427,Ukraine,Explosions/Remote violence,46.7759,33.4838
97428,Ukraine,Explosions/Remote violence,46.7759,33.4838
97429,Ukraine,Explosions/Remote violence,46.7759,33.4838
97430,Ukraine,Explosions/Remote violence,46.7759,33.4838
97431,Ukraine,Explosions/Remote violence,46.7759,33.4838
97432,Ukraine,Explosions/Remote violence,46.7759,33.4838
97433,Ukraine,Explosions/Remote violence,46.7759,33.4838
97434,Ukraine,Explosions/Remote violence,46.7759,33.4838
97435,Ukraine,Explosions/Remote violence,46.7759,33.4838
97436,Ukraine,Explosions/Remote violence,46.7759,33.4838
97437,Ukraine,Explosions/Remote violence,46.7759,33.4838
97438,Ukraine,Explosions/Remote violence,46.7759,33.4838
97439,Ukraine,Explosions/Remote violence,46.7759,33.4838
97440,Ukraine,Explosions/Remote violence,46.7759,33.4838
97441,Ukraine,Explosions/Remote violence,46.7759,33.4838
97442,Ukraine,Explosions/Remote violence,46.7759,33.4838
97443,Ukraine,Explosions/Remote violence,46.7759,33.4838
97444,Ukraine,Explosions/Remote violence,46.7759,33.4838
97445,Ukraine,Explosions/Remote violence,46.7759,33.4838
97446,Ukraine,Explosions/Remote violence,46.7759,33.4838
97447,Ukraine,Explosions/Remote violence,46.7759,33.4838
97448,Ukraine,Explosions/Remote violence,46.7759,33.4838
97449,Ukraine,Explosions/Remote violence,46.7759,33.4838
97450,Ukraine,Explosions/Remote violence,46.7759,33.4838
97451,Ukraine,Explosions/Remote violence,46.7759,33.4838
97452,Ukraine,Explosions/Remote violence,46.7759,33.4838
97453,Ukraine,Explosions/Remote violence,46.7759,33.4838
97454,Ukraine,Explosions/Remote violence,46.7759,33.4838
97455,Ukraine,Explosions/Remote violence,46.7759,33.4838
97456,Ukraine,Explosions/Remote violence,46.7759,33.4838
97457,Ukraine,Explosions/Remote violence,46.7759,33.4838
97458,Ukraine,Explosions/Remote violence,46.7759,33.4838
97459,Ukraine,Explosions/Remote violence,46.7759,33.4838
97460,Ukraine,Explosions/Remote violence,46.7759,33.4838
97461,Ukraine,Explosions/Remote violence,46.7759,33.4838
97462,Ukraine,Explosions/Remote violence,46.7759,33.4838
97463,Ukraine,Explosions/Remote violence,46.7759,33.4838
97464,Ukraine,Explosions/Remote violence,46.7759,33.4838
97465,Ukraine,Explosions/Remote violence,46.7759,33.4838
97466,Ukraine,Explosions/Remote violence,46.7759,33.4838
97467,Ukraine,Explosions/Remote violence,46.7759,33.4838
97468,Ukraine,Explosions/Remote violence,46.7759,33.4838
97469,Ukraine,Explosions/Remote violence,46.7759,33.4838
97470,Ukraine,Explosions/Remote violence,46.7759,33.4838
97471,Ukraine,Explosions/Remote violence,46.7759,33.4838
97472,Ukraine,Explosions/Remote violence,46.7759,33.4838
97473,Ukraine,Explosions/Remote violence,46.7759,33.4838
97474,Ukraine,Explosions/Remote violence,46.7759,33.4838
97475,Ukraine,Explosions/Remote violence,46.7759,33.4838
97476,Ukraine,Explosions/Remote violence,46.7759,33.4838
97477,Ukraine,Explosions/Remote violence,46.7759,33.4838
97478,Ukraine,Explosions/Remote violence,46.7759,33.4838
97479,Ukraine,Explosions/Remote violence,46.7759,33.4838
97480,Ukraine,Explosions/Remote violence,46.7759,33.4838
97481,Ukraine,Explosions/Remote violence,46.7759,33.4838
97482,Ukraine,Explosions/Remote violence,46.7759,33.4838
97483,Ukraine,Explosions/Remote violence,46.7759,33.4838
97484,Ukraine,Explosions/Remote violence,46.7759,33.4838
97485,Ukraine,Explosions/Remote violence,46.7759,33.4838
97486,Ukraine,Explosions/Remote violence,46.7759,33.4838
97487,Ukraine,Explosions/Remote violence,46.7759,33.4838
97488,Ukraine,Explosions/Remote violence,46.7759,33.4838
97489,Ukraine,Explosions/Remote violence,46.7759,33.4838
97490,Ukraine,Explosions/Remote violence,46.7759,33.4838
97491,Ukraine,Explosions/Remote violence,46.7759,33.4838
97492,Ukraine,Explosions/Remote violence,46.7759,33.4838
97493,Ukraine,Explosions/Remote violence,46.7759,33.4838
97494,Ukraine,Explosions/Remote violence,46.7759,33.4838
97495,Ukraine,Explosions/Remote violence,46.7759,33.4838
97496,Ukraine,Explosions/Remote violence,46.7759,33.4838
97497,Ukraine,Explosions/Remote violence,46.7759,33.4838
97498,Ukraine,Explosions/Remote violence,46.7759,33.4838
97499,Ukraine,Explosions/Remote violence,46.7759,33.4838
97500,Ukraine,Explosions/Remote violence,46.7759,33.4838
97501,Ukraine,Explosions/Remote violence,46.7759,33.4838
97502,Ukraine,Explosions/Remote violence,46.7759,33.4838
97503,Ukraine,Explosions/Remote violence,46.7759,33.4838
97504,Ukraine,Explosions/Remote violence,46.7759,33.4838
97505,Ukraine,Explosions/Remote violence,46.7759,33.4838
97506,Ukraine,Explosions/Remote violence,46.7759,33.4838
97507,Ukraine,Explosions/Remote violence,46.7759,33.4838
97508,Ukraine,Explosions/Remote violence,46.7759,33.4838
97509,Ukraine,Explosions/Remote violence,46.7759,33.4838
97510,Ukraine,Explosions/Remote violence,46.7759,33.4838
97511,Ukraine,Explosions/Remote violence,46.7759,33.4838
97512,Ukraine,Explosions/Remote violence,46.7759,33.4838
97513,Ukraine,Explosions/Remote violence,46.7759,33.4838
97514,Ukraine,Explosions/Remote violence,46.7759,33.4838
97515,Ukraine,Explosions/Remote violence,46.7759,33.4838
97516,Ukraine,Explosions/Remote violence,46.7759,33.4838
97517,Ukraine,Explosions/Remote violence,46.7759,33.4838
97518,Ukraine,Explosions/Remote violence,46.7759,33.4838
97519,Ukraine,Explosions/Remote violence,46.7759,33.4838
97520,Ukraine,Explosions/Remote violence,46.7759,33.4838
97521,Ukraine,Explosions/Remote violence,46.7759,33.4838
97522,Ukraine,Explosions/Remote violence,46.7759,33.4838
97523,Ukraine,Explosions/Remote violence,46.7759,33.4838
97524,Ukraine,Explosions/Remote violence,46.7759,33.4838
97525,Ukraine,Explosions/Remote violence,46.7759,33.4838
97526,Ukraine,Explosions/Remote violence,46.7759,33.4838
97527,Ukraine,Explosions/Remote violence,46.7759,33.4838
97528,Ukraine,Explosions/Remote violence,46.7759,33.4838
97529,Ukraine,Explosions/Remote violence,46.7759,33.4838
97530,Ukraine,Explosions/Remote violence,46.7759,33.4838
97531,Ukraine,Explosions/Remote violence,46.7759,33.4838
97532,Ukraine,Explosions/Remote violence,46.7759,33.4838
97533,Ukraine,Explosions/Remote violence,46.7759,33.4838
97534,Ukraine,Explosions/Remote violence,46.7759,33.4838
97535,Ukraine,Explosions/Remote violence,46.7759,33.4838
97536,Ukraine,Explosions/Remote violence,46.7759,33.4838
97537,Ukraine,Explosions/Remote violence,46.7759,33.4838
97538,Ukraine,Explosions/Remote violence,46.7759,33.4838
97539,Ukraine,Explosions/Remote violence,46.7759,33.4838
97540,Ukraine,Explosions/Remote violence,46.7759,33.4838
97541,Ukraine,Explosions/Remote violence,46.7759,33.4838
97542,Ukraine,Explosions/Remote violence,46.7759,33.4838
97543,Ukraine,Explosions/Remote violence,46.7759,33.4838
97544,Ukraine,Explosions/Remote violence,46.7759,33.4838
97545,Ukraine,Explosions/Remote violence,46.7759,33.4838
97546,Ukraine,Explosions/Remote violence,46.7759,33.4838
97547,Ukraine,Explosions/Remote violence,46.7759,33.4838
97548,Ukraine,Explosions/Remote violence,46.7759,33.4838
97549,Ukraine,Explosions/Remote violence,46.7759,33.4838
97550,Ukraine,Explosions/Remote violence,46.7759,33.4838
97551,Ukraine,Explosions/Remote violence,46.7759,33.4838
97552,Ukraine,Explosions/Remote violence,46.7759,33.4838
97553,Ukraine,Explosions/Remote violence,46.7759,33.4838
97554,Ukraine,Explosions/Remote violence,46.7759,33.4838
97555,Ukraine,Explosions/Remote violence,46.7759,33.4838
97556,Ukraine,Explosions/Remote violence,46.7759,33.4838
97557,Ukraine,Explosions/Remote violence,46.7759,33.4838
97558,Ukraine,Explosions/Remote violence,46.7759,33.4838
97559,Ukraine,Explosions/Remote violence,46.7759,33.4838
97560,Ukraine,Explosions/Remote violence,46.7759,33.4838
97561,Ukraine,Explosions/Remote violence,46.7759,33.4838
97562,Ukraine,Explosions/Remote violence,46.7759,33.4838
97563,Ukraine,Explosions/Remote violence,46.7759,33.4838
97564,Ukraine,Explosions/Remote violence,46.7759,33.4838
97565,Ukraine,Explosions/Remote violence,46.7759,33.4838
97566,Ukraine,Explosions/Remote violence,46.7759,33.4838
97567,Ukraine,Explosions/Remote violence,46.7759,33.4838
97568,Ukraine,Explosions/Remote violence,46.7759,33.4838
97569,Ukraine,Explosions/Remote violence,46.7759,33.4838
97570,Ukraine,Explosions/Remote violence,46.7759,33.4838
97571,Ukraine,Explosions/Remote violence,46.7759,33.4838
97572,Ukraine,Explosions/Remote violence,46.7759,33.4838
97573,Ukraine,Explosions/Remote violence,46.7759,33.4838
97574,Ukraine,Explosions/Remote violence,46.7759,33.4838
97575,Ukraine,Explosions/Remote violence,46.7759,33.4838
97576,Ukraine,Explosions/Remote violence,46.7759,33.4838
97577,Ukraine,Explosions/Remote violence,46.7759,33.4838
97578,Ukraine,Explosions/Remote violence,46.7759,33.4838
97579,Ukraine,Explosions/Remote violence,46.7759,33.4838
97580,Ukraine,Explosions/Remote violence,46.7759,33.4838
97581,Ukraine,Explosions/Remote violence,46.7759,33.4838
97582,Ukraine,Explosions/Remote violence,46.7759,33.4838
97583,Ukraine,Explosions/Remote violence,46.7759,33.4838
97584,Ukraine,Explosions/Remote violence,46.7759,33.4838
97585,Ukraine,Explosions/Remote violence,46.7759,33.4838
97586,Ukraine,Explosions/Remote violence,46.7759,33.4838
97587,Ukraine,Explosions/Remote violence,46.7759,33.4838
97588,Ukraine,Explosions/Remote violence,46.7759,33.4838
97589,Ukraine,Explosions/Remote violence,46.7759,33.4838
97590,Ukraine,Explosions/Remote violence,46.7759,33.4838
97591,Ukraine,Explosions/Remote violence,46.7759,33.4838
97592,Ukraine,Explosions/Remote violence,46.7759,33.4838
97593,Ukraine,Explosions/Remote violence,46.7759,33.4838
97594,Ukraine,Explosions/Remote violence,46.7759,33.4838
97595,Ukraine,Explosions/Remote violence,46.7759,33.4838
97596,Ukraine,Explosions/Remote violence,46.7759,33.4838
97597,Ukraine,Explosions/Remote violence,46.7759,33.4838
97598,Ukraine,Explosions/Remote violence,46.7759,33.4838
97599,Ukraine,Explosions/Remote violence,46.7759,33.4838
97600,Ukraine,Explosions/Remote violence,46.7759,33.4838
97601,Ukraine,Explosions/Remote violence,46.7759,33.4838
97602,Ukraine,Explosions/Remote violence,46.7759,33.4838
97603,Ukraine,Explosions/Remote violence,46.7759,33.4838
97604,Ukraine,Explosions/Remote violence,46.7759,33.4838
97605,Ukraine,Explosions/Remote violence,46.7759,33.4838
97606,Ukraine,Explosions/Remote violence,46.7759,33.4838
97607,Ukraine,Explosions/Remote violence,46.7759,33.4838
97608,Ukraine,Explosions/Remote violence,46.7759,33.4838
97609,Ukraine,Explosions/Remote violence,46.7759,33.4838
97610,Ukraine,Explosions/Remote violence,46.7759,33.4838
97611,Ukraine,Explosions/Remote violence,46.7759,33.4838
97612,Ukraine,Explosions/Remote violence,46.7759,33.4838
97613,Ukraine,Explosions/Remote violence,46.7759,33.4838
97614,Ukraine,Explosions/Remote violence,46.7759,33.4838
97615,Ukraine,Explosions/Remote violence,46.7759,33.4838
97616,Ukraine,Explosions/Remote violence,46.7759,33.4838
97617,Ukraine,Explosions/Remote violence,46.7759,33.4838
97618,Ukraine,Explosions/Remote violence,46.7759,33.4838
97619,Ukraine,Explosions/Remote violence,46.7759,33.4838
97620,Ukraine,Explosions/Remote violence,46.7759,33.4838
97621,Ukraine,Explosions/Remote violence,46.7759,33.4838
97622,Ukraine,Explosions/Remote violence,46.7759,33.4838
97623,Ukraine,Explosions/Remote violence,46.7759,33.4838
97624,Ukraine,Explosions/Remote violence,46.7759,33.4838
97625,Ukraine,Explosions/Remote violence,46.7759,33.4838
97626,Ukraine,Explosions/Remote violence,46.7759,33.4838
97627,Ukraine,Explosions/Remote violence,46.7759,33.4838
97628,Ukraine,Explosions/Remote violence,46.7759,33.4838
97629,Ukraine,Explosions/Remote violence,46.7759,33.4838
97630,Ukraine,Explosions/Remote violence,46.7759,33.4838
97631,Ukraine,Explosions/Remote violence,46.7759,33.4838
97632,Ukraine,Explosions/Remote violence,46.7759,33.4838
97633,Ukraine,Explosions/Remote violence,46.7759,33.4838
97634,Ukraine,Explosions/Remote violence,46.7759,33.4838
97635,Ukraine,Explosions/Remote violence,46.7759,33.4838
97636,Ukraine,Explosions/Remote violence,46.7759,33.4838
97637,Ukraine,Explosions/Remote violence,46.7759,33.4838
97638,Ukraine,Explosions/Remote violence,46.7759,33.4838
97639,Ukraine,Explosions/Remote violence,46.7759,33.4838
97640,Ukraine,Explosions/Remote violence,46.7759,33.4838
97641,Ukraine,Explosions/Remote violence,46.7759,33.4838
97642,Ukraine,Explosions/Remote violence,46.7759,33.4838
97643,Ukraine,Explosions/Remote violence,46.7759,33.4838
97644,Ukraine,Explosions/Remote violence,46.7759,33.4838
97645,Ukraine,Explosions/Remote violence,46.7759,33.4838
97646,Ukraine,Explosions/Remote violence,46.7759,33.4838
97647,Ukraine,Explosions/Remote violence,46.7759,33.4838
97648,Ukraine,Explosions/Remote violence,46.7759,33.4838
97649,Ukraine,Explosions/Remote violence,46.7759,33.4838
97650,Ukraine,Explosions/Remote violence,46.7759,33.4838
97651,Ukraine,Explosions/Remote violence,46.7759,33.4838
97652,Ukraine,Explosions/Remote violence,46.7759,33.4838
97653,Ukraine,Explosions/Remote violence,46.7759,33.4838
97654,Ukraine,Explosions/Remote violence,46.7759,33.4838
97655,Ukraine,Explosions/Remote violence,46.7759,33.4838
97656,Ukraine,Explosions/Remote violence,46.7759,33.4838
97657,Ukraine,Explosions/Remote violence,46.7759,33.4838
97658,Ukraine,Explosions/Remote violence,46.7759,33.4838
97659,Ukraine,Explosions/Remote violence,46.7759,33.4838
97660,Ukraine,Explosions/Remote violence,46.7759,33.4838
97661,Ukraine,Explosions/Remote violence,46.7759,33.4838
97662,Ukraine,Explosions/Remote violence,46.7759,33.4838
97663,Ukraine,Explosions/Remote violence,46.7759,33.4838
97664,Ukraine,Explosions/Remote violence,46.7759,33.4838
97665,Ukraine,Explosions/Remote violence,46.7759,33.4838
97666,Ukraine,Explosions/Remote violence,46.7759,33.4838
97667,Ukraine,Explosions/Remote violence,46.7759,33.4838
97668,Ukraine,Explosions/Remote violence,46.7759,33.4838
97669,Ukraine,Explosions/Remote violence,46.7759,33.4838
97670,Ukraine,Explosions/Remote violence,46.7759,33.4838
97671,Ukraine,Explosions/Remote violence,46.7759,33.4838
97672,Ukraine,Explosions/Remote violence,46.7759,33.4838
97673,Ukraine,Explosions/Remote violence,46.7759,33.4838
97674,Ukraine,Explosions/Remote violence,46.7759,33.4838
97675,Ukraine,Explosions/Remote violence,46.7759,33.4838
97676,Ukraine,Explosions/Remote violence,46.7759,33.4838
97677,Ukraine,Explosions/Remote violence,46.7759,33.4838
97678,Ukraine,Explosions/Remote violence,46.7759,33.4838
97679,Ukraine,Explosions/Remote violence,46.7759,33.4838
97680,Ukraine,Explosions/Remote violence,46.7759,33.4838
97681,Ukraine,Explosions/Remote violence,46.7759,33.4838
97682,Ukraine,Explosions/Remote violence,46.7759,33.4838
97683,Ukraine,Explosions/Remote violence,46.7759,33.4838
97684,Ukraine,Explosions/Remote violence,46.7759,33.4838
97685,Ukraine,Explosions/Remote violence,46.7759,33.4838
97686,Ukraine,Explosions/Remote violence,46.7759,33.4838
97687,Ukraine,Explosions/Remote violence,46.7759,33.4838
97688,Ukraine,Explosions/Remote violence,46.7759,33.4838
97689,Ukraine,Explosions/Remote violence,46.7759,33.4838
97690,Ukraine,Explosions/Remote violence,46.7759,33.4838
97691,Ukraine,Explosions/Remote violence,46.7759,33.4838
97692,Ukraine,Explosions/Remote violence,46.7759,33.4838
97693,Ukraine,Explosions/Remote violence,46.7759,33.4838
97694,Ukraine,Explosions/Remote violence,46.7759,33.4838
97695,Ukraine,Explosions/Remote violence,46.7759,33.4838
97696,Ukraine,Explosions/Remote violence,46.7759,33.4838
97697,Ukraine,Explosions/Remote violence,46.7759,33.4838
97698,Ukraine,Explosions/Remote violence,46.7759,33.4838
97699,Ukraine,Explosions/Remote violence,46.7759,33.4838
97700,Ukraine,Explosions/Remote violence,46.7759,33.4838
97701,Ukraine,Explosions/Remote violence,46.7759,33.4838
97702,Ukraine,Explosions/Remote violence,46.7759,33.4838
97703,Ukraine,Explosions/Remote violence,46.7759,33.4838
97704,Ukraine,Explosions/Remote violence,46.7759,33.4838
97705,Ukraine,Explosions/Remote violence,46.7759,33.4838
97706,Ukraine,Explosions/Remote violence,46.7759,33.4838
97707,Ukraine,Explosions/Remote violence,46.7759,33.4838
97708,Ukraine,Explosions/Remote violence,46.7759,33.4838
97709,Ukraine,Explosions/Remote violence,46.7759,33.4838
97710,Ukraine,Explosions/Remote violence,46.7759,33.4838
97711,Ukraine,Explosions/Remote violence,46.7759,33.4838
97712,Ukraine,Explosions/Remote violence,46.7759,33.4838
97713,Ukraine,Explosions/Remote violence,46.7759,33.4838
97714,Ukraine,Explosions/Remote violence,46.7759,33.4838
97715,Ukraine,Explosions/Remote violence,46.7759,33.4838
97716,Ukraine,Explosions/Remote violence,46.7759,33.4838
97717,Ukraine,Explosions/Remote violence,46.7759,33.4838
97718,Ukraine,Explosions/Remote violence,46.7759,33.4838
97719,Ukraine,Explosions/Remote violence,46.7759,33.4838
97720,Ukraine,Explosions/Remote violence,46.7759,33.4838
97721,Ukraine,Explosions/Remote violence,46.7759,33.4838
97722,Ukraine,Explosions/Remote violence,46.7759,33.4838
97723,Ukraine,Explosions/Remote violence,46.7759,33.4838
97724,Ukraine,Explosions/Remote violence,46.7759,33.4838
97725,Ukraine,Explosions/Remote violence,46.7759,33.4838
97726,Ukraine,Explosions/Remote violence,46.7759,33.4838
97727,Ukraine,Explosions/Remote violence,46.7759,33.4838
97728,Ukraine,Explosions/Remote violence,46.7759,33.4838
97729,Ukraine,Explosions/Remote violence,46.7759,33.4838
97730,Ukraine,Explosions/Remote violence,46.7759,33.4838
97731,Ukraine,Explosions/Remote violence,46.7759,33.4838
97732,Ukraine,Explosions/Remote violence,46.7759,33.4838
97733,Ukraine,Explosions/Remote violence,46.7759,33.4838
97734,Ukraine,Explosions/Remote violence,46.7759,33.4838
97735,Ukraine,Explosions/Remote violence,46.7759,33.4838
97736,Ukraine,Explosions/Remote violence,46.7759,33.4838
97737,Ukraine,Explosions/Remote violence,46.7759,33.4838
97738,Ukraine,Explosions/Remote violence,46.7759,33.4838
97739,Ukraine,Explosions/Remote violence,46.7759,33.4838
97740,Ukraine,Explosions/Remote violence,46.7759,33.4838
97741,Ukraine,Explosions/Remote violence,46.7759,33.4838
97742,Ukraine,Explosions/Remote violence,46.7759,33.4838
97743,Ukraine,Explosions/Remote violence,46.7759,33.4838
97744,Ukraine,Explosions/Remote violence,46.7759,33.4838
97745,Ukraine,Explosions/Remote violence,46.7759,33.4838
97746,Ukraine,Explosions/Remote violence,46.7759,33.4838
97747,Ukraine,Explosions/Remote violence,46.7759,33.4838
97748,Ukraine,Explosions/Remote violence,46.7759,33.4838
97749,Ukraine,Explosions/Remote violence,46.7759,33.4838
97750,Ukraine,Explosions/Remote violence,46.7759,33.4838
97751,Ukraine,Explosions/Remote violence,46.7759,33.4838
97752,Ukraine,Explosions/Remote violence,46.7759,33.4838
97753,Ukraine,Explosions/Remote violence,46.7759,33.4838
97754,Ukraine,Explosions/Remote violence,46.7759,33.4838
97755,Ukraine,Explosions/Remote violence,46.7759,33.4838
97756,Ukraine,Explosions/Remote violence,46.7759,33.4838
97757,Ukraine,Explosions/Remote violence,46.7759,33.4838
97758,Ukraine,Explosions/Remote violence,46.7759,33.4838
97759,Ukraine,Explosions/Remote violence,46.7759,33.4838
97760,Ukraine,Explosions/Remote violence,46.7759,33.4838
97761,Ukraine,Explosions/Remote violence,46.7759,33.4838
97762,Ukraine,Explosions/Remote violence,46.7759,33.4838
97763,Ukraine,Explosions/Remote violence,46.7759,33.4838
97764,Ukraine,Explosions/Remote violence,46.7759,33.4838
97765,Ukraine,Explosions/Remote violence,46.7759,33.4838
97766,Ukraine,Explosions/Remote violence,46.7759,33.4838
97767,Ukraine,Explosions/Remote violence,46.7759,33.4838
97768,Ukraine,Explosions/Remote violence,46.7759,33.4838
97769,Ukraine,Explosions/Remote violence,46.7759,33.4838
97770,Ukraine,Explosions/Remote violence,46.7759,33.4838
97771,Ukraine,Explosions/Remote violence,46.7759,33.4838
97772,Ukraine,Explosions/Remote violence,46.7759,33.4838
97773,Ukraine,Explosions/Remote violence,46.7759,33.4838
97774,Ukraine,Explosions/Remote violence,46.7759,33.4838
97775,Ukraine,Explosions/Remote violence,46.7759,33.4838
97776,Ukraine,Explosions/Remote violence,46.7759,33.4838
97777,Ukraine,Explosions/Remote violence,46.7759,33.4838
97778,Ukraine,Explosions/Remote violence,46.7759,33.4838
97779,Ukraine,Explosions/Remote violence,46.7759,33.4838
97780,Ukraine,Explosions/Remote violence,46.7759,33.4838
97781,Ukraine,Explosions/Remote violence,46.7759,33.4838
97782,Ukraine,Explosions/Remote violence,46.7759,33.4838
97783,Ukraine,Explosions/Remote violence,46.7759,33.4838
97784,Ukraine,Explosions/Remote violence,46.7759,33.4838
97785,Ukraine,Explosions/Remote violence,46.7759,33.4838
97786,Ukraine,Explosions/Remote violence,46.7759,33.4838
97787,Ukraine,Explosions/Remote violence,46.7759,33.4838
97788,Ukraine,Explosions/Remote violence,46.7759,33.4838
97789,Ukraine,Explosions/Remote violence,46.7759,33.4838
97790,Ukraine,Explosions/Remote violence,46.7759,33.4838
97791,Ukraine,Explosions/Remote violence,46.7759,33.4838
97792,Ukraine,Explosions/Remote violence,46.7759,33.4838
97793,Ukraine,Explosions/Remote violence,46.7759,33.4838
97794,Ukraine,Explosions/Remote violence,46.7759,33.4838
97795,Ukraine,Explosions/Remote violence,46.7759,33.4838
97796,Ukraine,Explosions/Remote violence,46.7759,33.4838
97797,Ukraine,Explosions/Remote violence,46.7759,33.4838
97798,Ukraine,Explosions/Remote violence,46.7759,33.4838
97799,Ukraine,Explosions/Remote violence,46.7759,33.4838
97800,Ukraine,Explosions/Remote violence,46.7759,33.4838
97801,Ukraine,Explosions/Remote violence,46.7759,33.4838
97802,Ukraine,Explosions/Remote violence,46.7759,33.4838
97803,Ukraine,Explosions/Remote violence,46.7759,33.4838
97804,Ukraine,Explosions/Remote violence,46.7759,33.4838
97805,Ukraine,Explosions/Remote violence,46.7759,33.4838
97806,Ukraine,Explosions/Remote violence,46.7759,33.4838
97807,Ukraine,Explosions/Remote violence,46.7759,33.4838
97808,Ukraine,Explosions/Remote violence,46.7759,33.4838
97809,Ukraine,Explosions/Remote violence,46.7759,33.4838
97810,Ukraine,Explosions/Remote violence,46.7759,33.4838
97811,Ukraine,Explosions/Remote violence,46.7759,33.4838
97812,Ukraine,Explosions/Remote violence,46.7759,33.4838
97813,Ukraine,Explosions/Remote violence,46.7759,33.4838
97814,Ukraine,Explosions/Remote violence,46.7759,33.4838
97815,Ukraine,Explosions/Remote violence,46.7759,33.4838
97816,Ukraine,Explosions/Remote violence,46.7759,33.4838
97817,Ukraine,Explosions/Remote violence,46.7759,33.4838
97818,Ukraine,Explosions/Remote violence,46.7759,33.4838
97819,Ukraine,Explosions/Remote violence,46.7759,33.4838
97820,Ukraine,Explosions/Remote violence,46.7759,33.4838
97821,Ukraine,Explosions/Remote violence,46.7759,33.4838
97822,Ukraine,Explosions/Remote violence,46.7759,33.4838
97823,Ukraine,Explosions/Remote violence,46.7759,33.4838
97824,Ukraine,Explosions/Remote violence,46.7759,33.4838
97825,Ukraine,Explosions/Remote violence,46.7759,33.4838
97826,Ukraine,Explosions/Remote violence,46.7759,33.4838
97827,Ukraine,Explosions/Remote violence,46.7759,33.4838
97828,Ukraine,Explosions/Remote violence,46.7759,33.4838
97829,Ukraine,Explosions/Remote violence,46.7759,33.4838
97830,Ukraine,Explosions/Remote violence,46.7759,33.4838
97831,Ukraine,Explosions/Remote violence,46.7759,33.4838
97832,Ukraine,Explosions/Remote violence,46.7759,33.4838
97833,Ukraine,Explosions/Remote violence,46.7759,33.4838
97834,Ukraine,Explosions/Remote violence,46.7759,33.4838
97835,Ukraine,Explosions/Remote violence,46.7759,33.4838
97836,Ukraine,Explosions/Remote violence,46.7759,33.4838
97837,Ukraine,Explosions/Remote violence,46.7759,33.4838
97838,Ukraine,Explosions/Remote violence,46.7759,33.4838
97839,Ukraine,Explosions/Remote violence,46.7759,33.4838
97840,Ukraine,Explosions/Remote violence,46.7759,33.4838
97841,Ukraine,Explosions/Remote violence,46.7759,33.4838
97842,Ukraine,Explosions/Remote violence,46.7759,33.4838
97843,Ukraine,Explosions/Remote violence,46.7759,33.4838
97844,Ukraine,Explosions/Remote violence,46.7759,33.4838
97845,Ukraine,Explosions/Remote violence,46.7759,33.4838
97846,Ukraine,Explosions/Remote violence,46.7759,33.4838
97847,Ukraine,Explosions/Remote violence,46.7759,33.4838
97848,Ukraine,Explosions/Remote violence,46.7759,33.4838
97849,Ukraine,Explosions/Remote violence,46.7759,33.4838
97850,Ukraine,Explosions/Remote violence,46.7759,33.4838
97851,Ukraine,Explosions/Remote violence,46.7759,33.4838
97852,Ukraine,Explosions/Remote violence,46.7759,33.4838
97853,Ukraine,Explosions/Remote violence,46.7759,33.4838
97854,Ukraine,Explosions/Remote violence,46.7759,33.4838
97855,Ukraine,Explosions/Remote violence,46.7759,33.4838
97856,Ukraine,Explosions/Remote violence,46.7759,33.4838
97857,Ukraine,Explosions/Remote violence,46.7759,33.4838
97858,Ukraine,Explosions/Remote violence,46.7759,33.4838
97859,Ukraine,Explosions/Remote violence,46.7759,33.4838
97860,Ukraine,Explosions/Remote violence,46.7759,33.4838
97861,Ukraine,Explosions/Remote violence,46.7759,33.4838
97862,Ukraine,Explosions/Remote violence,46.7759,33.4838
97863,Ukraine,Explosions/Remote violence,46.7759,33.4838
97864,Ukraine,Explosions/Remote violence,46.7759,33.4838
97865,Ukraine,Explosions/Remote violence,46.7759,33.4838
97866,Ukraine,Explosions/Remote violence,46.7759,33.4838
97867,Ukraine,Explosions/Remote violence,46.7759,33.4838
97868,Ukraine,Explosions/Remote violence,46.7759,33.4838
97869,Ukraine,Explosions/Remote violence,46.7759,33.4838
97870,Ukraine,Explosions/Remote violence,46.7759,33.4838
97871,Ukraine,Explosions/Remote violence,46.7759,33.4838
97872,Ukraine,Explosions/Remote violence,46.7759,33.4838
97873,Ukraine,Explosions/Remote violence,46.7759,33.4838
97874,Ukraine,Explosions/Remote violence,46.7759,33.4838
97875,Ukraine,Explosions/Remote violence,46.7759,33.4838
97876,Ukraine,Explosions/Remote violence,46.7759,33.4838
97877,Ukraine,Explosions/Remote violence,46.7759,33.4838
97878,Ukraine,Explosions/Remote violence,46.7759,33.4838
97879,Ukraine,Explosions/Remote violence,46.7759,33.4838
97880,Ukraine,Explosions/Remote violence,46.7759,33.4838
97881,Ukraine,Explosions/Remote violence,46.7759,33.4838
97882,Ukraine,Explosions/Remote violence,46.7759,33.4838
97883,Ukraine,Explosions/Remote violence,46.7759,33.4838
97884,Ukraine,Explosions/Remote violence,46.7759,33.4838
97885,Ukraine,Explosions/Remote violence,46.7759,33.4838
97886,Ukraine,Explosions/Remote violence,46.7759,33.4838
97887,Ukraine,Explosions/Remote violence,46.7759,33.4838
97888,Ukraine,Explosions/Remote violence,46.7759,33.4838
97889,Ukraine,Explosions/Remote violence,46.7759,33.4838
97890,Ukraine,Explosions/Remote violence,46.7759,33.4838
97891,Ukraine,Explosions/Remote violence,46.7759,33.4838
97892,Ukraine,Explosions/Remote violence,46.7759,33.4838
97893,Ukraine,Explosions/Remote violence,46.7759,33.4838
97894,Ukraine,Explosions/Remote violence,46.7759,33.4838
97895,Ukraine,Explosions/Remote violence,46.7759,33.4838
97896,Ukraine,Explosions/Remote violence,46.7759,33.4838
97897,Ukraine,Explosions/Remote violence,46.7759,33.4838
97898,Ukraine,Explosions/Remote violence,46.7759,33.4838
97899,Ukraine,Explosions/Remote violence,46.7759,33.4838
97900,Ukraine,Explosions/Remote violence,46.7759,33.4838
97901,Ukraine,Explosions/Remote violence,46.7759,33.4838
97902,Ukraine,Explosions/Remote violence,46.7759,33.4838
97903,Ukraine,Explosions/Remote violence,46.7759,33.4838
97904,Ukraine,Explosions/Remote violence,46.7759,33.4838
97905,Ukraine,Explosions/Remote violence,46.7759,33.4838
97906,Ukraine,Explosions/Remote violence,46.7759,33.4838
97907,Ukraine,Explosions/Remote violence,46.7759,33.4838
97908,Ukraine,Explosions/Remote violence,46.7759,33.4838
97909,Ukraine,Explosions/Remote violence,46.7759,33.4838
97910,Ukraine,Explosions/Remote violence,46.7759,33.4838
97911,Ukraine,Explosions/Remote violence,46.7759,33.4838
98025,Ukraine,Riots,46.7759,33.4838
98026,Ukraine,Riots,46.7759,33.4838
98027,Ukraine,Riots,46.7759,33.4838
98028,Ukraine,Riots,46.7759,33.4838
98029,Ukraine,Riots,46.7759,33.4838
98030,Ukraine,Riots,46.7759,33.4838
98031,Ukraine,Riots,46.7759,33.4838
98032,Ukraine,Riots,46.7759,33.4838
98033,Ukraine,Riots,46.7759,33.4838
98034,Ukraine,Riots,46.7759,33.4838
98035,Ukraine,Riots,46.7759,33.4838
98036,Ukraine,Riots,46.7759,33.4838
98037,Ukraine,Riots,46.7759,33.4838
98038,Ukraine,Riots,46.7759,33.4838
98039,Ukraine,Riots,46.7759,33.4838
98337,Ukraine,Violence against civilians,46.7759,33.4838
98338,Ukraine,Violence against civilians,46.7759,33.4838
98339,Ukraine,Violence against civilians,46.7759,33.4838
98340,Ukraine,Violence against civilians,46.7759,33.4838
98341,Ukraine,Violence against civilians,46.7759,33.4838
98342,Ukraine,Violence against civilians,46.7759,33.4838
98343,Ukraine,Violence against civilians,46.7759,33.4838
98344,Ukraine,Violence against civilians,46.7759,33.4838
98345,Ukraine,Violence against civilians,46.7759,33.4838
98346,Ukraine,Violence against civilians,46.7759,33.4838
98347,Ukraine,Violence against civilians,46.7759,33.4838
98348,Ukraine,Violence against civilians,46.7759,33.4838
98349,Ukraine,Violence against civilians,46.7759,33.4838
98350,Ukraine,Violence against civilians,46.7759,33.4838
98351,Ukraine,Violence against civilians,46.7759,33.4838
98352,Ukraine,Violence against civilians,46.7759,33.4838
98353,Ukraine,Violence against civilians,46.7759,33.4838
98354,Ukraine,Violence against civilians,46.7759,33.4838
98355,Ukraine,Violence against civilians,46.7759,33.4838
98356,Ukraine,Violence against civilians,46.7759,33.4838
98357,Ukraine,Violence against civilians,46.7759,33.4838
98358,Ukraine,Violence against civilians,46.7759,33.4838
98359,Ukraine,Violence against civilians,46.7759,33.4838
98360,Ukraine,Violence against civilians,46.7759,33.4838
98361,Ukraine,Violence against civilians,46.7759,33.4838
98362,Ukraine,Violence against civilians,46.7759,33.4838
98363,Ukraine,Violence against civilians,46.7759,33.4838
98364,Ukraine,Violence against civilians,46.7759,33.4838
98365,Ukraine,Violence against civilians,46.7759,33.4838
98366,Ukraine,Violence against civilians,46.7759,33.4838
98367,Ukraine,Violence against civilians,46.7759,33.4838
98368,Ukraine,Violence against civilians,46.7759,33.4838
98369,Ukraine,Violence against civilians,46.7759,33.4838
98370,Ukraine,Violence against civilians,46.7759,33.4838
98371,Ukraine,Violence against civilians,46.7759,33.4838
98372,Ukraine,Violence against civilians,46.7759,33.4838
98373,Ukraine,Violence against civilians,46.7759,33.4838
98374,Ukraine,Violence against civilians,46.7759,33.4838
98375,Ukraine,Violence against civilians,46.7759,33.4838
98376,Ukraine,Violence against civilians,46.7759,33.4838
98377,Ukraine,Violence against civilians,46.7759,33.4838
98378,Ukraine,Violence against civilians,46.7759,33.4838
98379,Ukraine,Violence against civilians,46.7759,33.4838
98380,Ukraine,Violence against civilians,46.7759,33.4838
98381,Ukraine,Violence against civilians,46.7759,33.4838
98382,Ukraine,Violence against civilians,46.7759,33.4838
98383,Ukraine,Violence against civilians,46.7759,33.4838
98384,Ukraine,Violence against civilians,46.7759,33.4838
98385,Ukraine,Violence against civilians,46.7759,33.4838
98386,Ukraine,Violence against civilians,46.7759,33.4838
98387,Ukraine,Violence against civilians,46.7759,33.4838
98388,Ukraine,Violence against civilians,46.7759,33.4838
98389,Ukraine,Violence against civilians,46.7759,33.4838
98390,Ukraine,Violence against civilians,46.7759,33.4838
98391,Ukraine,Violence against civilians,46.7759,33.4838
98392,Ukraine,Violence against civilians,46.7759,33.4838
98393,Ukraine,Violence against civilians,46.7759,33.4838
98394,Ukraine,Violence against civilians,46.7759,33.4838
98395,Ukraine,Violence against civilians,46.7759,33.4838
98396,Ukraine,Violence against civilians,46.7759,33.4838
98397,Ukraine,Violence against civilians,46.7759,33.4838
98398,Ukraine,Violence against civilians,46.7759,33.4838
98399,Ukraine,Violence against civilians,46.7759,33.4838
98400,Ukraine,Violence against civilians,46.7759,33.4838
98401,Ukraine,Violence against civilians,46.7759,33.4838
98402,Ukraine,Violence against civilians,46.7759,33.4838
98403,Ukraine,Violence against civilians,46.7759,33.4838
98404,Ukraine,Violence against civilians,46.7759,33.4838
98405,Ukraine,Violence against civilians,46.7759,33.4838
98406,Ukraine,Violence against civilians,46.7759,33.4838
98407,Ukraine,Violence against civilians,46.7759,33.4838
98408,Ukraine,Violence against civilians,46.7759,33.4838
98409,Ukraine,Violence against civilians,46.7759,33.4838
98410,Ukraine,Violence against civilians,46.7759,33.4838
98411,Ukraine,Violence against civilians,46.7759,33.4838
98412,Ukraine,Violence against civilians,46.7759,33.4838
98413,Ukraine,Violence against civilians,46.7759,33.4838
98414,Ukraine,Violence against civilians,46.7759,33.4838
98415,Ukraine,Violence against civilians,46.7759,33.4838
98416,Ukraine,Violence against civilians,46.7759,33.4838
98417,Ukraine,Violence against civilians,46.7759,33.4838
98418,Ukraine,Violence against civilians,46.7759,33.4838
98419,Ukraine,Violence against civilians,46.7759,33.4838
98420,Ukraine,Violence against civilians,46.7759,33.4838
98421,Ukraine,Violence against civilians,46.7759,33.4838
98422,Ukraine,Violence against civilians,46.7759,33.4838
98423,Ukraine,Violence against civilians,46.7759,33.4838
98424,Ukraine,Violence against civilians,46.7759,33.4838
98425,Ukraine,Violence against civilians,46.7759,33.4838
98426,Ukraine,Violence against civilians,46.7759,33.4838
98427,Ukraine,Violence against civilians,46.7759,33.4838
98428,Ukraine,Violence against civilians,46.7759,33.4838
98429,Ukraine,Violence against civilians,46.7759,33.4838
98430,Ukraine,Violence against civilians,46.7759,33.4838
98431,Ukraine,Violence against civilians,46.7759,33.4838
98432,Ukraine,Violence against civilians,46.7759,33.4838
98433,Ukraine,Violence against civilians,46.7759,33.4838
98434,Ukraine,Violence against civilians,46.7759,33.4838
98435,Ukraine,Violence against civilians,46.7759,33.4838
98436,Ukraine,Violence against civilians,46.7759,33.4838
98437,Ukraine,Violence against civilians,46.7759,33.4838
98438,Ukraine,Violence against civilians,46.7759,33.4838
98439,Ukraine,Violence against civilians,46.7759,33.4838
98440,Ukraine,Violence against civilians,46.7759,33.4838
98441,Ukraine,Violence against civilians,46.7759,33.4838
98442,Ukraine,Violence against civilians,46.7759,33.4838
98443,Ukraine,Violence against civilians,46.7759,33.4838
98444,Ukraine,Violence against civilians,46.7759,33.4838
98445,Ukraine,Violence against civilians,46.7759,33.4838
98446,Ukraine,Violence against civilians,46.7759,33.4838
98447,Ukraine,Violence against civilians,46.7759,33.4838
98448,Ukraine,Violence against civilians,46.7759,33.4838
98449,Ukraine,Violence against civilians,46.7759,33.4838
98450,Ukraine,Violence against civilians,46.7759,33.4838
98451,Ukraine,Violence against civilians,46.7759,33.4838
98452,Ukraine,Violence against civilians,46.7759,33.4838
98453,Ukraine,Violence against civilians,46.7759,33.4838
98454,Ukraine,Violence against civilians,46.7759,33.4838
98455,Ukraine,Violence against civilians,46.7759,33.4838
98456,Ukraine,Violence against civilians,46.7759,33.4838
98457,Ukraine,Violence against civilians,46.7759,33.4838
98458,Ukraine,Violence against civilians,46.7759,33.4838
98459,Ukraine,Violence against civilians,46.7759,33.4838
98460,Ukraine,Violence against civilians,46.7759,33.4838
98461,Ukraine,Violence against civilians,46.7759,33.4838
98462,Ukraine,Violence against civilians,46.7759,33.4838
98463,Ukraine,Violence against civilians,46.7759,33.4838
98464,Ukraine,Violence against civilians,46.7759,33.4838
98465,Ukraine,Violence against civilians,46.7759,33.4838
98466,Ukraine,Violence against civilians,46.7759,33.4838
98467,Ukraine,Violence against civilians,46.7759,33.4838
98468,Ukraine,Violence against civilians,46.7759,33.4838
98469,Ukraine,Violence against civilians,46.7759,33.4838
98470,Ukraine,Violence against civilians,46.7759,33.4838
98471,Ukraine,Violence against civilians,46.7759,33.4838
98472,Ukraine,Violence against civilians,46.7759,33.4838
98473,Ukraine,Violence against civilians,46.7759,33.4838
98474,Ukraine,Violence against civilians,46.7759,33.4838
98477,Ukraine,Explosions/Remote violence,49.5267,26.9499
98478,Ukraine,Explosions/Remote violence,49.5267,26.9499
98479,Ukraine,Explosions/Remote violence,49.5267,26.9499
98480,Ukraine,Explosions/Remote violence,49.5267,26.9499
98481,Ukraine,Explosions/Remote violence,49.5267,26.9499
98482,Ukraine,Explosions/Remote violence,49.5267,26.9499
98483,Ukraine,Explosions/Remote violence,49.5267,26.9499
98484,Ukraine,Explosions/Remote violence,49.5267,26.9499
98485,Ukraine,Explosions/Remote violence,49.5267,26.9499
98486,Ukraine,Explosions/Remote violence,49.5267,26.9499
98487,Ukraine,Explosions/Remote violence,49.5267,26.9499
98488,Ukraine,Explosions/Remote violence,49.5267,26.9499
98489,Ukraine,Explosions/Remote violence,49.5267,26.9499
98490,Ukraine,Explosions/Remote violence,49.5267,26.9499
98491,Ukraine,Explosions/Remote violence,49.5267,26.9499
98492,Ukraine,Explosions/Remote violence,49.5267,26.9499
98493,Ukraine,Explosions/Remote violence,49.5267,26.9499
98494,Ukraine,Explosions/Remote violence,49.5267,26.9499
98495,Ukraine,Explosions/Remote violence,49.5267,26.9499
98496,Ukraine,Explosions/Remote violence,49.5267,26.9499
98497,Ukraine,Explosions/Remote violence,49.5267,26.9499
98498,Ukraine,Explosions/Remote violence,49.5267,26.9499
98499,Ukraine,Explosions/Remote violence,49.5267,26.9499
98500,Ukraine,Explosions/Remote violence,49.5267,26.9499
98501,Ukraine,Explosions/Remote violence,49.5267,26.9499
98502,Ukraine,Explosions/Remote violence,49.5267,26.9499
98503,Ukraine,Explosions/Remote violence,49.5267,26.9499
98504,Ukraine,Explosions/Remote violence,49.5267,26.9499
98505,Ukraine,Explosions/Remote violence,49.5267,26.9499
98506,Ukraine,Explosions/Remote violence,49.5267,26.9499
98507,Ukraine,Explosions/Remote violence,49.5267,26.9499
98508,Ukraine,Explosions/Remote violence,49.5267,26.9499
98509,Ukraine,Explosions/Remote violence,49.5267,26.9499
98510,Ukraine,Explosions/Remote violence,49.5267,26.9499
98511,Ukraine,Explosions/Remote violence,49.5267,26.9499
98512,Ukraine,Explosions/Remote violence,49.5267,26.9499
98513,Ukraine,Explosions/Remote violence,49.5267,26.9499
98514,Ukraine,Explosions/Remote violence,49.5267,26.9499
98515,Ukraine,Explosions/Remote violence,49.5267,26.9499
98516,Ukraine,Explosions/Remote violence,49.5267,26.9499
98517,Ukraine,Explosions/Remote violence,49.5267,26.9499
98518,Ukraine,Explosions/Remote violence,49.5267,26.9499
98519,Ukraine,Explosions/Remote violence,49.5267,26.9499
98520,Ukraine,Explosions/Remote violence,49.5267,26.9499
98521,Ukraine,Explosions/Remote violence,49.5267,26.9499
98522,Ukraine,Explosions/Remote violence,49.5267,26.9499
98523,Ukraine,Explosions/Remote violence,49.5267,26.9499
98524,Ukraine,Explosions/Remote violence,49.5267,26.9499
98525,Ukraine,Explosions/Remote violence,49.5267,26.9499
98526,Ukraine,Explosions/Remote violence,49.5267,26.9499
98527,Ukraine,Explosions/Remote violence,49.5267,26.9499
98528,Ukraine,Explosions/Remote violence,49.5267,26.9499
98529,Ukraine,Explosions/Remote violence,49.5267,26.9499
98530,Ukraine,Explosions/Remote violence,49.5267,26.9499
98531,Ukraine,Explosions/Remote violence,49.5267,26.9499
98532,Ukraine,Explosions/Remote violence,49.5267,26.9499
98533,Ukraine,Explosions/Remote violence,49.5267,26.9499
98534,Ukraine,Explosions/Remote violence,49.5267,26.9499
98535,Ukraine,Explosions/Remote violence,49.5267,26.9499
98536,Ukraine,Explosions/Remote violence,49.5267,26.9499
98537,Ukraine,Explosions/Remote violence,49.5267,26.9499
98538,Ukraine,Explosions/Remote violence,49.5267,26.9499
98539,Ukraine,Explosions/Remote violence,49.5267,26.9499
98540,Ukraine,Explosions/Remote violence,49.5267,26.9499
98541,Ukraine,Explosions/Remote violence,49.5267,26.9499
98542,Ukraine,Explosions/Remote violence,49.5267,26.9499
98543,Ukraine,Explosions/Remote violence,49.5267,26.9499
98544,Ukraine,Explosions/Remote violence,49.5267,26.9499
98545,Ukraine,Explosions/Remote violence,49.5267,26.9499
98546,Ukraine,Explosions/Remote violence,49.5267,26.9499
98547,Ukraine,Explosions/Remote violence,49.5267,26.9499
98548,Ukraine,Explosions/Remote violence,49.5267,26.9499
98549,Ukraine,Explosions/Remote violence,49.5267,26.9499
98550,Ukraine,Explosions/Remote violence,49.5267,26.9499
98551,Ukraine,Explosions/Remote violence,49.5267,26.9499
98552,Ukraine,Explosions/Remote violence,49.5267,26.9499
98553,Ukraine,Explosions/Remote violence,49.5267,26.9499
98554,Ukraine,Explosions/Remote violence,49.5267,26.9499
98555,Ukraine,Explosions/Remote violence,49.5267,26.9499
98556,Ukraine,Explosions/Remote violence,49.5267,26.9499
98557,Ukraine,Explosions/Remote violence,49.5267,26.9499
98558,Ukraine,Explosions/Remote violence,49.5267,26.9499
98559,Ukraine,Explosions/Remote violence,49.5267,26.9499
98560,Ukraine,Explosions/Remote violence,49.5267,26.9499
98561,Ukraine,Explosions/Remote violence,49.5267,26.9499
98562,Ukraine,Explosions/Remote violence,49.5267,26.9499
98563,Ukraine,Explosions/Remote violence,49.5267,26.9499
98564,Ukraine,Explosions/Remote violence,49.5267,26.9499
98565,Ukraine,Explosions/Remote violence,49.5267,26.9499
98566,Ukraine,Explosions/Remote violence,49.5267,26.9499
98567,Ukraine,Explosions/Remote violence,49.5267,26.9499
98568,Ukraine,Explosions/Remote violence,49.5267,26.9499
98569,Ukraine,Explosions/Remote violence,49.5267,26.9499
98570,Ukraine,Explosions/Remote violence,49.5267,26.9499
98571,Ukraine,Explosions/Remote violence,49.5267,26.9499
98572,Ukraine,Explosions/Remote violence,49.5267,26.9499
98696,Ukraine,Riots,49.5267,26.9499
98697,Ukraine,Riots,49.5267,26.9499
98698,Ukraine,Riots,49.5267,26.9499
98699,Ukraine,Riots,49.5267,26.9499
98700,Ukraine,Riots,49.5267,26.9499
98797,Ukraine,Violence against civilians,49.5267,26.9499
98798,Ukraine,Violence against civilians,49.5267,26.9499
98799,Ukraine,Violence against civilians,49.5267,26.9499
98801,Ukraine,Explosions/Remote violence,48.3353,32.2443
98802,Ukraine,Explosions/Remote violence,48.3353,32.2443
98803,Ukraine,Explosions/Remote violence,48.3353,32.2443
98804,Ukraine,Explosions/Remote violence,48.3353,32.2443
98805,Ukraine,Explosions/Remote violence,48.3353,32.2443
98806,Ukraine,Explosions/Remote violence,48.3353,32.2443
98807,Ukraine,Explosions/Remote violence,48.3353,32.2443
98808,Ukraine,Explosions/Remote violence,48.3353,32.2443
98809,Ukraine,Explosions/Remote violence,48.3353,32.2443
98810,Ukraine,Explosions/Remote violence,48.3353,32.2443
98811,Ukraine,Explosions/Remote violence,48.3353,32.2443
98812,Ukraine,Explosions/Remote violence,48.3353,32.2443
98813,Ukraine,Explosions/Remote violence,48.3353,32.2443
98814,Ukraine,Explosions/Remote violence,48.3353,32.2443
98815,Ukraine,Explosions/Remote violence,48.3353,32.2443
98816,Ukraine,Explosions/Remote violence,48.3353,32.2443
98817,Ukraine,Explosions/Remote violence,48.3353,32.2443
98818,Ukraine,Explosions/Remote violence,48.3353,32.2443
98819,Ukraine,Explosions/Remote violence,48.3353,32.2443
98820,Ukraine,Explosions/Remote violence,48.3353,32.2443
98821,Ukraine,Explosions/Remote violence,48.3353,32.2443
98822,Ukraine,Explosions/Remote violence,48.3353,32.2443
98823,Ukraine,Explosions/Remote violence,48.3353,32.2443
98824,Ukraine,Explosions/Remote violence,48.3353,32.2443
98825,Ukraine,Explosions/Remote violence,48.3353,32.2443
98826,Ukraine,Explosions/Remote violence,48.3353,32.2443
98827,Ukraine,Explosions/Remote violence,48.3353,32.2443
98828,Ukraine,Explosions/Remote violence,48.3353,32.2443
98829,Ukraine,Explosions/Remote violence,48.3353,32.2443
98830,Ukraine,Explosions/Remote violence,48.3353,32.2443
98831,Ukraine,Explosions/Remote violence,48.3353,32.2443
98832,Ukraine,Explosions/Remote violence,48.3353,32.2443
98833,Ukraine,Explosions/Remote violence,48.3353,32.2443
98834,Ukraine,Explosions/Remote violence,48.3353,32.2443
98835,Ukraine,Explosions/Remote violence,48.3353,32.2443
98836,Ukraine,Explosions/Remote violence,48.3353,32.2443
98837,Ukraine,Explosions/Remote violence,48.3353,32.2443
98838,Ukraine,Explosions/Remote violence,48.3353,32.2443
98839,Ukraine,Explosions/Remote violence,48.3353,32.2443
98840,Ukraine,Explosions/Remote violence,48.3353,32.2443
98841,Ukraine,Explosions/Remote violence,48.3353,32.2443
98842,Ukraine,Explosions/Remote violence,48.3353,32.2443
98843,Ukraine,Explosions/Remote violence,48.3353,32.2443
98844,Ukraine,Explosions/Remote violence,48.3353,32.2443
98845,Ukraine,Explosions/Remote violence,48.3353,32.2443
98846,Ukraine,Explosions/Remote violence,48.3353,32.2443
98847,Ukraine,Explosions/Remote violence,48.3353,32.2443
98848,Ukraine,Explosions/Remote violence,48.3353,32.2443
98849,Ukraine,Explosions/Remote violence,48.3353,32.2443
98850,Ukraine,Explosions/Remote violence,48.3353,32.2443
98851,Ukraine,Explosions/Remote violence,48.3353,32.2443
98852,Ukraine,Explosions/Remote violence,48.3353,32.2443
98853,Ukraine,Explosions/Remote violence,48.3353,32.2443
98854,Ukraine,Explosions/Remote violence,48.3353,32.2443
98855,Ukraine,Explosions/Remote violence,48.3353,32.2443
98856,Ukraine,Explosions/Remote violence,48.3353,32.2443
98857,Ukraine,Explosions/Remote violence,48.3353,32.2443
98858,Ukraine,Explosions/Remote violence,48.3353,32.2443
98859,Ukraine,Explosions/Remote violence,48.3353,32.2443
98860,Ukraine,Explosions/Remote violence,48.3353,32.2443
98861,Ukraine,Explosions/Remote violence,48.3353,32.2443
98862,Ukraine,Explosions/Remote violence,48.3353,32.2443
98863,Ukraine,Explosions/Remote violence,48.3353,32.2443
98864,Ukraine,Explosions/Remote violence,48.3353,32.2443
98865,Ukraine,Explosions/Remote violence,48.3353,32.2443
98866,Ukraine,Explosions/Remote violence,48.3353,32.2443
98867,Ukraine,Explosions/Remote violence,48.3353,32.2443
98868,Ukraine,Explosions/Remote violence,48.3353,32.2443
98869,Ukraine,Explosions/Remote violence,48.3353,32.2443
98870,Ukraine,Explosions/Remote violence,48.3353,32.2443
98871,Ukraine,Explosions/Remote violence,48.3353,32.2443
98872,Ukraine,Explosions/Remote violence,48.3353,32.2443
98873,Ukraine,Explosions/Remote violence,48.3353,32.2443
98874,Ukraine,Explosions/Remote violence,48.3353,32.2443
98875,Ukraine,Explosions/Remote violence,48.3353,32.2443
98876,Ukraine,Explosions/Remote violence,48.3353,32.2443
98877,Ukraine,Explosions/Remote violence,48.3353,32.2443
98878,Ukraine,Explosions/Remote violence,48.3353,32.2443
98879,Ukraine,Explosions/Remote violence,48.3353,32.2443
98880,Ukraine,Explosions/Remote violence,48.3353,32.2443
98881,Ukraine,Explosions/Remote violence,48.3353,32.2443
98882,Ukraine,Explosions/Remote violence,48.3353,32.2443
98883,Ukraine,Explosions/Remote violence,48.3353,32.2443
98884,Ukraine,Explosions/Remote violence,48.3353,32.2443
98885,Ukraine,Explosions/Remote violence,48.3353,32.2443
98886,Ukraine,Explosions/Remote violence,48.3353,32.2443
98887,Ukraine,Explosions/Remote violence,48.3353,32.2443
98888,Ukraine,Explosions/Remote violence,48.3353,32.2443
98889,Ukraine,Explosions/Remote violence,48.3353,32.2443
98890,Ukraine,Explosions/Remote violence,48.3353,32.2443
98891,Ukraine,Explosions/Remote violence,48.3353,32.2443
98892,Ukraine,Explosions/Remote violence,48.3353,32.2443
98893,Ukraine,Explosions/Remote violence,48.3353,32.2443
98894,Ukraine,Explosions/Remote violence,48.3353,32.2443
98996,Ukraine,Riots,48.3353,32.2443
98997,Ukraine,Riots,48.3353,32.2443
98998,Ukraine,Riots,48.3353,32.2443
99095,Ukraine,Violence against civilians,48.3353,32.2443
99096,Ukraine,Violence against civilians,48.3353,32.2443
99097,Ukraine,Violence against civilians,48.3353,32.2443
99098,Ukraine,Violence against civilians,48.3353,32.2443
99099,Ukraine,Violence against civilians,48.3353,32.2443
99100,Ukraine,Violence against civilians,48.3353,32.2443
99101,Ukraine,Violence against civilians,48.3353,32.2443
99102,Ukraine,Violence against civilians,48.3353,32.2443
99119,Ukraine,Explosions/Remote violence,50.3543,31.4261
99120,Ukraine,Explosions/Remote violence,50.3543,31.4261
99121,Ukraine,Explosions/Remote violence,50.3543,31.4261
99122,Ukraine,Explosions/Remote violence,50.3543,31.4261
99123,Ukraine,Explosions/Remote violence,50.3543,31.4261
99124,Ukraine,Explosions/Remote violence,50.3543,31.4261
99125,Ukraine,Explosions/Remote violence,50.3543,31.4261
99126,Ukraine,Explosions/Remote violence,50.3543,31.4261
99127,Ukraine,Explosions/Remote violence,50.3543,31.4261
99128,Ukraine,Explosions/Remote violence,50.3543,31.4261
99129,Ukraine,Explosions/Remote violence,50.3543,31.4261
99130,Ukraine,Explosions/Remote violence,50.3543,31.4261
99131,Ukraine,Explosions/Remote violence,50.3543,31.4261
99132,Ukraine,Explosions/Remote violence,50.3543,31.4261
99133,Ukraine,Explosions/Remote violence,50.3543,31.4261
99134,Ukraine,Explosions/Remote violence,50.3543,31.4261
99135,Ukraine,Explosions/Remote violence,50.3543,31.4261
99136,Ukraine,Explosions/Remote violence,50.3543,31.4261
99137,Ukraine,Explosions/Remote violence,50.3543,31.4261
99138,Ukraine,Explosions/Remote violence,50.3543,31.4261
99139,Ukraine,Explosions/Remote violence,50.3543,31.4261
99140,Ukraine,Explosions/Remote violence,50.3543,31.4261
99141,Ukraine,Explosions/Remote violence,50.3543,31.4261
99142,Ukraine,Explosions/Remote violence,50.3543,31.4261
99143,Ukraine,Explosions/Remote violence,50.3543,31.4261
99144,Ukraine,Explosions/Remote violence,50.3543,31.4261
99145,Ukraine,Explosions/Remote violence,50.3543,31.4261
99146,Ukraine,Explosions/Remote violence,50.3543,31.4261
99147,Ukraine,Explosions/Remote violence,50.3543,31.4261
99148,Ukraine,Explosions/Remote violence,50.3543,31.4261
99149,Ukraine,Explosions/Remote violence,50.3543,31.4261
99150,Ukraine,Explosions/Remote violence,50.3543,31.4261
99151,Ukraine,Explosions/Remote violence,50.3543,31.4261
99152,Ukraine,Explosions/Remote violence,50.3543,31.4261
99153,Ukraine,Explosions/Remote violence,50.3543,31.4261
99154,Ukraine,Explosions/Remote violence,50.3543,31.4261
99155,Ukraine,Explosions/Remote violence,50.3543,31.4261
99156,Ukraine,Explosions/Remote violence,50.3543,31.4261
99157,Ukraine,Explosions/Remote violence,50.3543,31.4261
99158,Ukraine,Explosions/Remote violence,50.3543,31.4261
99159,Ukraine,Explosions/Remote violence,50.3543,31.4261
99160,Ukraine,Explosions/Remote violence,50.3543,31.4261
99161,Ukraine,Explosions/Remote violence,50.3543,31.4261
99162,Ukraine,Explosions/Remote violence,50.3543,31.4261
99163,Ukraine,Explosions/Remote violence,50.3543,31.4261
99164,Ukraine,Explosions/Remote violence,50.3543,31.4261
99165,Ukraine,Explosions/Remote violence,50.3543,31.4261
99166,Ukraine,Explosions/Remote violence,50.3543,31.4261
99167,Ukraine,Explosions/Remote violence,50.3543,31.4261
99168,Ukraine,Explosions/Remote violence,50.3543,31.4261
99169,Ukraine,Explosions/Remote violence,50.3543,31.4261
99170,Ukraine,Explosions/Remote violence,50.3543,31.4261
99171,Ukraine,Explosions/Remote violence,50.3543,31.4261
99172,Ukraine,Explosions/Remote violence,50.3543,31.4261
99173,Ukraine,Explosions/Remote violence,50.3543,31.4261
99174,Ukraine,Explosions/Remote violence,50.3543,31.4261
99175,Ukraine,Explosions/Remote violence,50.3543,31.4261
99176,Ukraine,Explosions/Remote violence,50.3543,31.4261
99177,Ukraine,Explosions/Remote violence,50.3543,31.4261
99178,Ukraine,Explosions/Remote violence,50.3543,31.4261
99179,Ukraine,Explosions/Remote violence,50.3543,31.4261
99180,Ukraine,Explosions/Remote violence,50.3543,31.4261
99181,Ukraine,Explosions/Remote violence,50.3543,31.4261
99182,Ukraine,Explosions/Remote violence,50.3543,31.4261
99183,Ukraine,Explosions/Remote violence,50.3543,31.4261
99184,Ukraine,Explosions/Remote violence,50.3543,31.4261
99185,Ukraine,Explosions/Remote violence,50.3543,31.4261
99186,Ukraine,Explosions/Remote violence,50.3543,31.4261
99187,Ukraine,Explosions/Remote violence,50.3543,31.4261
99188,Ukraine,Explosions/Remote violence,50.3543,31.4261
99189,Ukraine,Explosions/Remote violence,50.3543,31.4261
99190,Ukraine,Explosions/Remote violence,50.3543,31.4261
99191,Ukraine,Explosions/Remote violence,50.3543,31.4261
99192,Ukraine,Explosions/Remote violence,50.3543,31.4261
99193,Ukraine,Explosions/Remote violence,50.3543,31.4261
99194,Ukraine,Explosions/Remote violence,50.3543,31.4261
99195,Ukraine,Explosions/Remote violence,50.3543,31.4261
99196,Ukraine,Explosions/Remote violence,50.3543,31.4261
99197,Ukraine,Explosions/Remote violence,50.3543,31.4261
99198,Ukraine,Explosions/Remote violence,50.3543,31.4261
99199,Ukraine,Explosions/Remote violence,50.3543,31.4261
99200,Ukraine,Explosions/Remote violence,50.3543,31.4261
99201,Ukraine,Explosions/Remote violence,50.3543,31.4261
99202,Ukraine,Explosions/Remote violence,50.3543,31.4261
99203,Ukraine,Explosions/Remote violence,50.3543,31.4261
99204,Ukraine,Explosions/Remote violence,50.3543,31.4261
99205,Ukraine,Explosions/Remote violence,50.3543,31.4261
99206,Ukraine,Explosions/Remote violence,50.3543,31.4261
99207,Ukraine,Explosions/Remote violence,50.3543,31.4261
99208,Ukraine,Explosions/Remote violence,50.3543,31.4261
99209,Ukraine,Explosions/Remote violence,50.3543,31.4261
99210,Ukraine,Explosions/Remote violence,50.3543,31.4261
99211,Ukraine,Explosions/Remote violence,50.3543,31.4261
99212,Ukraine,Explosions/Remote violence,50.3543,31.4261
99213,Ukraine,Explosions/Remote violence,50.3543,31.4261
99214,Ukraine,Explosions/Remote violence,50.3543,31.4261
99215,Ukraine,Explosions/Remote violence,50.3543,31.4261
99216,Ukraine,Explosions/Remote violence,50.3543,31.4261
99217,Ukraine,Explosions/Remote violence,50.3543,31.4261
99218,Ukraine,Explosions/Remote violence,50.3543,31.4261
99219,Ukraine,Explosions/Remote violence,50.3543,31.4261
99220,Ukraine,Explosions/Remote violence,50.3543,31.4261
99221,Ukraine,Explosions/Remote violence,50.3543,31.4261
99222,Ukraine,Explosions/Remote violence,50.3543,31.4261
99223,Ukraine,Explosions/Remote violence,50.3543,31.4261
99224,Ukraine,Explosions/Remote violence,50.3543,31.4261
99225,Ukraine,Explosions/Remote violence,50.3543,31.4261
99226,Ukraine,Explosions/Remote violence,50.3543,31.4261
99227,Ukraine,Explosions/Remote violence,50.3543,31.4261
99228,Ukraine,Explosions/Remote violence,50.3543,31.4261
99229,Ukraine,Explosions/Remote violence,50.3543,31.4261
99230,Ukraine,Explosions/Remote violence,50.3543,31.4261
99231,Ukraine,Explosions/Remote violence,50.3543,31.4261
99232,Ukraine,Explosions/Remote violence,50.3543,31.4261
99233,Ukraine,Explosions/Remote violence,50.3543,31.4261
99234,Ukraine,Explosions/Remote violence,50.3543,31.4261
99235,Ukraine,Explosions/Remote violence,50.3543,31.4261
99236,Ukraine,Explosions/Remote violence,50.3543,31.4261
99237,Ukraine,Explosions/Remote violence,50.3543,31.4261
99238,Ukraine,Explosions/Remote violence,50.3543,31.4261
99239,Ukraine,Explosions/Remote violence,50.3543,31.4261
99240,Ukraine,Explosions/Remote violence,50.3543,31.4261
99241,Ukraine,Explosions/Remote violence,50.3543,31.4261
99242,Ukraine,Explosions/Remote violence,50.3543,31.4261
99243,Ukraine,Explosions/Remote violence,50.3543,31.4261
99244,Ukraine,Explosions/Remote violence,50.3543,31.4261
99245,Ukraine,Explosions/Remote violence,50.3543,31.4261
99246,Ukraine,Explosions/Remote violence,50.3543,31.4261
99247,Ukraine,Explosions/Remote violence,50.3543,31.4261
99248,Ukraine,Explosions/Remote violence,50.3543,31.4261
99249,Ukraine,Explosions/Remote violence,50.3543,31.4261
99250,Ukraine,Explosions/Remote violence,50.3543,31.4261
99251,Ukraine,Explosions/Remote violence,50.3543,31.4261
99252,Ukraine,Explosions/Remote violence,50.3543,31.4261
99253,Ukraine,Explosions/Remote violence,50.3543,31.4261
99254,Ukraine,Explosions/Remote violence,50.3543,31.4261
99335,Ukraine,Riots,50.3543,31.4261
99336,Ukraine,Riots,50.3543,31.4261
99337,Ukraine,Riots,50.3543,31.4261
99338,Ukraine,Riots,50.3543,31.4261
99339,Ukraine,Riots,50.3543,31.4261
99340,Ukraine,Riots,50.3543,31.4261
99341,Ukraine,Riots,50.3543,31.4261
99342,Ukraine,Riots,50.3543,31.4261
99343,Ukraine,Riots,50.3543,31.4261
99344,Ukraine,Riots,50.3543,31.4261
99345,Ukraine,Riots,50.3543,31.4261
99346,Ukraine,Riots,50.3543,31.4261
99347,Ukraine,Riots,50.3543,31.4261
99434,Ukraine,Violence against civilians,50.3543,31.4261
99435,Ukraine,Violence against civilians,50.3543,31.4261
99436,Ukraine,Violence against civilians,50.3543,31.4261
99437,Ukraine,Violence against civilians,50.3543,31.4261
99438,Ukraine,Violence against civilians,50.3543,31.4261
99439,Ukraine,Violence against civilians,50.3543,31.4261
99440,Ukraine,Violence against civilians,50.3543,31.4261
99441,Ukraine,Violence against civilians,50.3543,31.4261
99442,Ukraine,Violence against civilians,50.3543,31.4261
99443,Ukraine,Violence against civilians,50.3543,31.4261
99444,Ukraine,Violence against civilians,50.3543,31.4261
99445,Ukraine,Violence against civilians,50.3543,31.4261
99446,Ukraine,Violence against civilians,50.3543,31.4261
99447,Ukraine,Violence against civilians,50.3543,31.4261
99448,Ukraine,Violence against civilians,50.3543,31.4261
99449,Ukraine,Violence against civilians,50.3543,31.4261
99450,Ukraine,Violence against civilians,50.3543,31.4261
99451,Ukraine,Violence against civilians,50.3543,31.4261
99452,Ukraine,Violence against civilians,50.3543,31.4261
99453,Ukraine,Violence against civilians,50.3543,31.4261
99454,Ukraine,Violence against civilians,50.3543,31.4261
99455,Ukraine,Violence against civilians,50.3543,31.4261
99456,Ukraine,Violence against civilians,50.3543,31.4261
99457,Ukraine,Violence against civilians,50.3543,31.4261
99458,Ukraine,Violence against civilians,50.3543,31.4261
99459,Ukraine,Violence against civilians,50.3543,31.4261
99460,Ukraine,Violence against civilians,50.3543,31.4261
99461,Ukraine,Violence against civilians,50.3543,31.4261
99462,Ukraine,Violence against civilians,50.3543,31.4261
99463,Ukraine,Violence against civilians,50.3543,31.4261
99464,Ukraine,Violence against civilians,50.3543,31.4261
99465,Ukraine,Violence against civilians,50.3543,31.4261
99466,Ukraine,Violence against civilians,50.3543,31.4261
99467,Ukraine,Violence against civilians,50.3543,31.4261
99468,Ukraine,Violence against civilians,50.3543,31.4261
99479,Ukraine,Explosions/Remote violence,50.4017,30.6164
99480,Ukraine,Explosions/Remote violence,50.4017,30.6164
99481,Ukraine,Explosions/Remote violence,50.4017,30.6164
99482,Ukraine,Explosions/Remote violence,50.4017,30.6164
99483,Ukraine,Explosions/Remote violence,50.4017,30.6164
99484,Ukraine,Explosions/Remote violence,50.4017,30.6164
99485,Ukraine,Explosions/Remote violence,50.4017,30.6164
99486,Ukraine,Explosions/Remote violence,50.4017,30.6164
99487,Ukraine,Explosions/Remote violence,50.4017,30.6164
99488,Ukraine,Explosions/Remote violence,50.4017,30.6164
99489,Ukraine,Explosions/Remote violence,50.4017,30.6164
99490,Ukraine,Explosions/Remote violence,50.4017,30.6164
99491,Ukraine,Explosions/Remote violence,50.4017,30.6164
99492,Ukraine,Explosions/Remote violence,50.4017,30.6164
99493,Ukraine,Explosions/Remote violence,50.4017,30.6164
99494,Ukraine,Explosions/Remote violence,50.4017,30.6164
99495,Ukraine,Explosions/Remote violence,50.4017,30.6164
99496,Ukraine,Explosions/Remote violence,50.4017,30.6164
99497,Ukraine,Explosions/Remote violence,50.4017,30.6164
99498,Ukraine,Explosions/Remote violence,50.4017,30.6164
99499,Ukraine,Explosions/Remote violence,50.4017,30.6164
99500,Ukraine,Explosions/Remote violence,50.4017,30.6164
99501,Ukraine,Explosions/Remote violence,50.4017,30.6164
99502,Ukraine,Explosions/Remote violence,50.4017,30.6164
99503,Ukraine,Explosions/Remote violence,50.4017,30.6164
99504,Ukraine,Explosions/Remote violence,50.4017,30.6164
99505,Ukraine,Explosions/Remote violence,50.4017,30.6164
99506,Ukraine,Explosions/Remote violence,50.4017,30.6164
99507,Ukraine,Explosions/Remote violence,50.4017,30.6164
99508,Ukraine,Explosions/Remote violence,50.4017,30.6164
99509,Ukraine,Explosions/Remote violence,50.4017,30.6164
99510,Ukraine,Explosions/Remote violence,50.4017,30.6164
99511,Ukraine,Explosions/Remote violence,50.4017,30.6164
99512,Ukraine,Explosions/Remote violence,50.4017,30.6164
99513,Ukraine,Explosions/Remote violence,50.4017,30.6164
99514,Ukraine,Explosions/Remote violence,50.4017,30.6164
99515,Ukraine,Explosions/Remote violence,50.4017,30.6164
99516,Ukraine,Explosions/Remote violence,50.4017,30.6164
99517,Ukraine,Explosions/Remote violence,50.4017,30.6164
99518,Ukraine,Explosions/Remote violence,50.4017,30.6164
99519,Ukraine,Explosions/Remote violence,50.4017,30.6164
99520,Ukraine,Explosions/Remote violence,50.4017,30.6164
99521,Ukraine,Explosions/Remote violence,50.4017,30.6164
99522,Ukraine,Explosions/Remote violence,50.4017,30.6164
99523,Ukraine,Explosions/Remote violence,50.4017,30.6164
99524,Ukraine,Explosions/Remote violence,50.4017,30.6164
99525,Ukraine,Explosions/Remote violence,50.4017,30.6164
99526,Ukraine,Explosions/Remote violence,50.4017,30.6164
99527,Ukraine,Explosions/Remote violence,50.4017,30.6164
99528,Ukraine,Explosions/Remote violence,50.4017,30.6164
99529,Ukraine,Explosions/Remote violence,50.4017,30.6164
99530,Ukraine,Explosions/Remote violence,50.4017,30.6164
99531,Ukraine,Explosions/Remote violence,50.4017,30.6164
99532,Ukraine,Explosions/Remote violence,50.4017,30.6164
99533,Ukraine,Explosions/Remote violence,50.4017,30.6164
99534,Ukraine,Explosions/Remote violence,50.4017,30.6164
99535,Ukraine,Explosions/Remote violence,50.4017,30.6164
99536,Ukraine,Explosions/Remote violence,50.4017,30.6164
99537,Ukraine,Explosions/Remote violence,50.4017,30.6164
99538,Ukraine,Explosions/Remote violence,50.4017,30.6164
99539,Ukraine,Explosions/Remote violence,50.4017,30.6164
99540,Ukraine,Explosions/Remote violence,50.4017,30.6164
99541,Ukraine,Explosions/Remote violence,50.4017,30.6164
99542,Ukraine,Explosions/Remote violence,50.4017,30.6164
99543,Ukraine,Explosions/Remote violence,50.4017,30.6164
99544,Ukraine,Explosions/Remote violence,50.4017,30.6164
99545,Ukraine,Explosions/Remote violence,50.4017,30.6164
99546,Ukraine,Explosions/Remote violence,50.4017,30.6164
99547,Ukraine,Explosions/Remote violence,50.4017,30.6164
99548,Ukraine,Explosions/Remote violence,50.4017,30.6164
99549,Ukraine,Explosions/Remote violence,50.4017,30.6164
99550,Ukraine,Explosions/Remote violence,50.4017,30.6164
99551,Ukraine,Explosions/Remote violence,50.4017,30.6164
99552,Ukraine,Explosions/Remote violence,50.4017,30.6164
99553,Ukraine,Explosions/Remote violence,50.4017,30.6164
99554,Ukraine,Explosions/Remote violence,50.4017,30.6164
99555,Ukraine,Explosions/Remote violence,50.4017,30.6164
99556,Ukraine,Explosions/Remote violence,50.4017,30.6164
99557,Ukraine,Explosions/Remote violence,50.4017,30.6164
99558,Ukraine,Explosions/Remote violence,50.4017,30.6164
99559,Ukraine,Explosions/Remote violence,50.4017,30.6164
99560,Ukraine,Explosions/Remote violence,50.4017,30.6164
99561,Ukraine,Explosions/Remote violence,50.4017,30.6164
99562,Ukraine,Explosions/Remote violence,50.4017,30.6164
99563,Ukraine,Explosions/Remote violence,50.4017,30.6164
99564,Ukraine,Explosions/Remote violence,50.4017,30.6164
99565,Ukraine,Explosions/Remote violence,50.4017,30.6164
99566,Ukraine,Explosions/Remote violence,50.4017,30.6164
99567,Ukraine,Explosions/Remote violence,50.4017,30.6164
99568,Ukraine,Explosions/Remote violence,50.4017,30.6164
99569,Ukraine,Explosions/Remote violence,50.4017,30.6164
99570,Ukraine,Explosions/Remote violence,50.4017,30.6164
99571,Ukraine,Explosions/Remote violence,50.4017,30.6164
99572,Ukraine,Explosions/Remote violence,50.4017,30.6164
99573,Ukraine,Explosions/Remote violence,50.4017,30.6164
99574,Ukraine,Explosions/Remote violence,50.4017,30.6164
99575,Ukraine,Explosions/Remote violence,50.4017,30.6164
99576,Ukraine,Explosions/Remote violence,50.4017,30.6164
99577,Ukraine,Explosions/Remote violence,50.4017,30.6164
99578,Ukraine,Explosions/Remote violence,50.4017,30.6164
99579,Ukraine,Explosions/Remote violence,50.4017,30.6164
99580,Ukraine,Explosions/Remote violence,50.4017,30.6164
99581,Ukraine,Explosions/Remote violence,50.4017,30.6164
99582,Ukraine,Explosions/Remote violence,50.4017,30.6164
99583,Ukraine,Explosions/Remote violence,50.4017,30.6164
99584,Ukraine,Explosions/Remote violence,50.4017,30.6164
99585,Ukraine,Explosions/Remote violence,50.4017,30.6164
99586,Ukraine,Explosions/Remote violence,50.4017,30.6164
99587,Ukraine,Explosions/Remote violence,50.4017,30.6164
99588,Ukraine,Explosions/Remote violence,50.4017,30.6164
99589,Ukraine,Explosions/Remote violence,50.4017,30.6164
99590,Ukraine,Explosions/Remote violence,50.4017,30.6164
99591,Ukraine,Explosions/Remote violence,50.4017,30.6164
99592,Ukraine,Explosions/Remote violence,50.4017,30.6164
99593,Ukraine,Explosions/Remote violence,50.4017,30.6164
99594,Ukraine,Explosions/Remote violence,50.4017,30.6164
99595,Ukraine,Explosions/Remote violence,50.4017,30.6164
99596,Ukraine,Explosions/Remote violence,50.4017,30.6164
99597,Ukraine,Explosions/Remote violence,50.4017,30.6164
99598,Ukraine,Explosions/Remote violence,50.4017,30.6164
99599,Ukraine,Explosions/Remote violence,50.4017,30.6164
99600,Ukraine,Explosions/Remote violence,50.4017,30.6164
99601,Ukraine,Explosions/Remote violence,50.4017,30.6164
99602,Ukraine,Explosions/Remote violence,50.4017,30.6164
99603,Ukraine,Explosions/Remote violence,50.4017,30.6164
99604,Ukraine,Explosions/Remote violence,50.4017,30.6164
99605,Ukraine,Explosions/Remote violence,50.4017,30.6164
99606,Ukraine,Explosions/Remote violence,50.4017,30.6164
99607,Ukraine,Explosions/Remote violence,50.4017,30.6164
99608,Ukraine,Explosions/Remote violence,50.4017,30.6164
99609,Ukraine,Explosions/Remote violence,50.4017,30.6164
99610,Ukraine,Explosions/Remote violence,50.4017,30.6164
99611,Ukraine,Explosions/Remote violence,50.4017,30.6164
99612,Ukraine,Explosions/Remote violence,50.4017,30.6164
99613,Ukraine,Explosions/Remote violence,50.4017,30.6164
99614,Ukraine,Explosions/Remote violence,50.4017,30.6164
99615,Ukraine,Explosions/Remote violence,50.4017,30.6164
99616,Ukraine,Explosions/Remote violence,50.4017,30.6164
99617,Ukraine,Explosions/Remote violence,50.4017,30.6164
99618,Ukraine,Explosions/Remote violence,50.4017,30.6164
99619,Ukraine,Explosions/Remote violence,50.4017,30.6164
99620,Ukraine,Explosions/Remote violence,50.4017,30.6164
99621,Ukraine,Explosions/Remote violence,50.4017,30.6164
99622,Ukraine,Explosions/Remote violence,50.4017,30.6164
99623,Ukraine,Explosions/Remote violence,50.4017,30.6164
99624,Ukraine,Explosions/Remote violence,50.4017,30.6164
99625,Ukraine,Explosions/Remote violence,50.4017,30.6164
99626,Ukraine,Explosions/Remote violence,50.4017,30.6164
99627,Ukraine,Explosions/Remote violence,50.4017,30.6164
99628,Ukraine,Explosions/Remote violence,50.4017,30.6164
99629,Ukraine,Explosions/Remote violence,50.4017,30.6164
99630,Ukraine,Explosions/Remote violence,50.4017,30.6164
99631,Ukraine,Explosions/Remote violence,50.4017,30.6164
99632,Ukraine,Explosions/Remote violence,50.4017,30.6164
99633,Ukraine,Explosions/Remote violence,50.4017,30.6164
99634,Ukraine,Explosions/Remote violence,50.4017,30.6164
99635,Ukraine,Explosions/Remote violence,50.4017,30.6164
99636,Ukraine,Explosions/Remote violence,50.4017,30.6164
99637,Ukraine,Explosions/Remote violence,50.4017,30.6164
99638,Ukraine,Explosions/Remote violence,50.4017,30.6164
99639,Ukraine,Explosions/Remote violence,50.4017,30.6164
99640,Ukraine,Explosions/Remote violence,50.4017,30.6164
99641,Ukraine,Explosions/Remote violence,50.4017,30.6164
99642,Ukraine,Explosions/Remote violence,50.4017,30.6164
99643,Ukraine,Explosions/Remote violence,50.4017,30.6164
99644,Ukraine,Explosions/Remote violence,50.4017,30.6164
99645,Ukraine,Explosions/Remote violence,50.4017,30.6164
100019,Ukraine,Riots,50.4017,30.6164
100020,Ukraine,Riots,50.4017,30.6164
100021,Ukraine,Riots,50.4017,30.6164
100022,Ukraine,Riots,50.4017,30.6164
100023,Ukraine,Riots,50.4017,30.6164
100024,Ukraine,Riots,50.4017,30.6164
100025,Ukraine,Riots,50.4017,30.6164
100026,Ukraine,Riots,50.4017,30.6164
100027,Ukraine,Riots,50.4017,30.6164
100028,Ukraine,Riots,50.4017,30.6164
100029,Ukraine,Riots,50.4017,30.6164
100030,Ukraine,Riots,50.4017,30.6164
100031,Ukraine,Riots,50.4017,30.6164
100032,Ukraine,Riots,50.4017,30.6164
100033,Ukraine,Riots,50.4017,30.6164
100034,Ukraine,Riots,50.4017,30.6164
100035,Ukraine,Riots,50.4017,30.6164
100036,Ukraine,Riots,50.4017,30.6164
100037,Ukraine,Riots,50.4017,30.6164
100038,Ukraine,Riots,50.4017,30.6164
100039,Ukraine,Riots,50.4017,30.6164
100040,Ukraine,Riots,50.4017,30.6164
100041,Ukraine,Riots,50.4017,30.6164
100042,Ukraine,Riots,50.4017,30.6164
100043,Ukraine,Riots,50.4017,30.6164
100044,Ukraine,Riots,50.4017,30.6164
100045,Ukraine,Riots,50.4017,30.6164
100046,Ukraine,Riots,50.4017,30.6164
100047,Ukraine,Riots,50.4017,30.6164
100048,Ukraine,Riots,50.4017,30.6164
100049,Ukraine,Riots,50.4017,30.6164
100050,Ukraine,Riots,50.4017,30.6164
100051,Ukraine,Riots,50.4017,30.6164
100052,Ukraine,Riots,50.4017,30.6164
100053,Ukraine,Riots,50.4017,30.6164
100054,Ukraine,Riots,50.4017,30.6164
100055,Ukraine,Riots,50.4017,30.6164
100056,Ukraine,Riots,50.4017,30.6164
100057,Ukraine,Riots,50.4017,30.6164
100058,Ukraine,Riots,50.4017,30.6164
100059,Ukraine,Riots,50.4017,30.6164
100060,Ukraine,Riots,50.4017,30.6164
100061,Ukraine,Riots,50.4017,30.6164
100062,Ukraine,Riots,50.4017,30.6164
100063,Ukraine,Riots,50.4017,30.6164
100064,Ukraine,Riots,50.4017,30.6164
100065,Ukraine,Riots,50.4017,30.6164
100066,Ukraine,Riots,50.4017,30.6164
100067,Ukraine,Riots,50.4017,30.6164
100068,Ukraine,Riots,50.4017,30.6164
100069,Ukraine,Riots,50.4017,30.6164
100070,Ukraine,Riots,50.4017,30.6164
100071,Ukraine,Riots,50.4017,30.6164
100072,Ukraine,Riots,50.4017,30.6164
100073,Ukraine,Riots,50.4017,30.6164
100074,Ukraine,Riots,50.4017,30.6164
100075,Ukraine,Riots,50.4017,30.6164
100076,Ukraine,Riots,50.4017,30.6164
100077,Ukraine,Riots,50.4017,30.6164
100078,Ukraine,Riots,50.4017,30.6164
100079,Ukraine,Riots,50.4017,30.6164
100080,Ukraine,Riots,50.4017,30.6164
100081,Ukraine,Riots,50.4017,30.6164
100082,Ukraine,Riots,50.4017,30.6164
100083,Ukraine,Riots,50.4017,30.6164
100084,Ukraine,Riots,50.4017,30.6164
100085,Ukraine,Riots,50.4017,30.6164
100086,Ukraine,Riots,50.4017,30.6164
100087,Ukraine,Riots,50.4017,30.6164
100088,Ukraine,Riots,50.4017,30.6164
100089,Ukraine,Riots,50.4017,30.6164
100090,Ukraine,Riots,50.4017,30.6164
100091,Ukraine,Riots,50.4017,30.6164
100092,Ukraine,Riots,50.4017,30.6164
100093,Ukraine,Riots,50.4017,30.6164
100094,Ukraine,Riots,50.4017,30.6164
100095,Ukraine,Riots,50.4017,30.6164
100096,Ukraine,Riots,50.4017,30.6164
100097,Ukraine,Riots,50.4017,30.6164
100098,Ukraine,Riots,50.4017,30.6164
100099,Ukraine,Riots,50.4017,30.6164
100100,Ukraine,Riots,50.4017,30.6164
100101,Ukraine,Riots,50.4017,30.6164
100102,Ukraine,Riots,50.4017,30.6164
100103,Ukraine,Riots,50.4017,30.6164
100104,Ukraine,Riots,50.4017,30.6164
100105,Ukraine,Riots,50.4017,30.6164
100106,Ukraine,Riots,50.4017,30.6164
100107,Ukraine,Riots,50.4017,30.6164
100108,Ukraine,Riots,50.4017,30.6164
100109,Ukraine,Riots,50.4017,30.6164
100110,Ukraine,Riots,50.4017,30.6164
100111,Ukraine,Riots,50.4017,30.6164
100112,Ukraine,Riots,50.4017,30.6164
100113,Ukraine,Riots,50.4017,30.6164
100114,Ukraine,Riots,50.4017,30.6164
100115,Ukraine,Riots,50.4017,30.6164
100116,Ukraine,Riots,50.4017,30.6164
100117,Ukraine,Riots,50.4017,30.6164
100118,Ukraine,Riots,50.4017,30.6164
100119,Ukraine,Riots,50.4017,30.6164
100120,Ukraine,Riots,50.4017,30.6164
100121,Ukraine,Riots,50.4017,30.6164
100122,Ukraine,Riots,50.4017,30.6164
100123,Ukraine,Riots,50.4017,30.6164
100124,Ukraine,Riots,50.4017,30.6164
100125,Ukraine,Riots,50.4017,30.6164
100126,Ukraine,Riots,50.4017,30.6164
100127,Ukraine,Riots,50.4017,30.6164
100128,Ukraine,Riots,50.4017,30.6164
100129,Ukraine,Riots,50.4017,30.6164
100130,Ukraine,Riots,50.4017,30.6164
100131,Ukraine,Riots,50.4017,30.6164
100132,Ukraine,Riots,50.4017,30.6164
100133,Ukraine,Riots,50.4017,30.6164
100134,Ukraine,Riots,50.4017,30.6164
100135,Ukraine,Riots,50.4017,30.6164
100136,Ukraine,Riots,50.4017,30.6164
100137,Ukraine,Riots,50.4017,30.6164
100138,Ukraine,Riots,50.4017,30.6164
100139,Ukraine,Riots,50.4017,30.6164
100140,Ukraine,Riots,50.4017,30.6164
100141,Ukraine,Riots,50.4017,30.6164
100142,Ukraine,Riots,50.4017,30.6164
100143,Ukraine,Riots,50.4017,30.6164
100144,Ukraine,Riots,50.4017,30.6164
100468,Ukraine,Violence against civilians,50.4017,30.6164
100469,Ukraine,Violence against civilians,50.4017,30.6164
100470,Ukraine,Violence against civilians,50.4017,30.6164
100471,Ukraine,Violence against civilians,50.4017,30.6164
100472,Ukraine,Violence against civilians,50.4017,30.6164
100473,Ukraine,Violence against civilians,50.4017,30.6164
100474,Ukraine,Violence against civilians,50.4017,30.6164
100475,Ukraine,Violence against civilians,50.4017,30.6164
100476,Ukraine,Violence against civilians,50.4017,30.6164
100477,Ukraine,Violence against civilians,50.4017,30.6164
100478,Ukraine,Violence against civilians,50.4017,30.6164
100479,Ukraine,Violence against civilians,50.4017,30.6164
100480,Ukraine,Violence against civilians,50.4017,30.6164
100481,Ukraine,Violence against civilians,50.4017,30.6164
100482,Ukraine,Violence against civilians,50.4017,30.6164
100483,Ukraine,Violence against civilians,50.4017,30.6164
100484,Ukraine,Violence against civilians,50.4017,30.6164
100485,Ukraine,Violence against civilians,50.4017,30.6164
100486,Ukraine,Violence against civilians,50.4017,30.6164
100487,Ukraine,Violence against civilians,50.4017,30.6164
100488,Ukraine,Violence against civilians,50.4017,30.6164
100489,Ukraine,Violence against civilians,50.4017,30.6164
100490,Ukraine,Violence against civilians,50.4017,30.6164
100491,Ukraine,Violence against civilians,50.4017,30.6164
100492,Ukraine,Violence against civilians,50.4017,30.6164
100493,Ukraine,Violence against civilians,50.4017,30.6164
100494,Ukraine,Violence against civilians,50.4017,30.6164
100495,Ukraine,Violence against civilians,50.4017,30.6164
100496,Ukraine,Violence against civilians,50.4017,30.6164
100497,Ukraine,Violence against civilians,50.4017,30.6164
100498,Ukraine,Violence against civilians,50.4017,30.6164
100499,Ukraine,Violence against civilians,50.4017,30.6164
100500,Ukraine,Violence against civilians,50.4017,30.6164
100501,Ukraine,Violence against civilians,50.4017,30.6164
100502,Ukraine,Violence against civilians,50.4017,30.6164
100503,Ukraine,Violence against civilians,50.4017,30.6164
100504,Ukraine,Violence against civilians,50.4017,30.6164
100505,Ukraine,Violence against civilians,50.4017,30.6164
100506,Ukraine,Violence against civilians,50.4017,30.6164
100507,Ukraine,Violence against civilians,50.4017,30.6164
100508,Ukraine,Violence against civilians,50.4017,30.6164
100509,Ukraine,Violence against civilians,50.4017,30.6164
100510,Ukraine,Violence against civilians,50.4017,30.6164
100511,Ukraine,Violence against civilians,50.4017,30.6164
100512,Ukraine,Violence against civilians,50.4017,30.6164
100513,Ukraine,Violence against civilians,50.4017,30.6164
100514,Ukraine,Violence against civilians,50.4017,30.6164
100515,Ukraine,Violence against civilians,50.4017,30.6164
100516,Ukraine,Violence against civilians,50.4017,30.6164
100517,Ukraine,Violence against civilians,50.4017,30.6164
100518,Ukraine,Violence against civilians,50.4017,30.6164
100519,Ukraine,Violence against civilians,50.4017,30.6164
100520,Ukraine,Violence against civilians,50.4017,30.6164
100521,Ukraine,Violence against civilians,50.4017,30.6164
100522,Ukraine,Violence against civilians,50.4017,30.6164
100523,Ukraine,Violence against civilians,50.4017,30.6164
100524,Ukraine,Violence against civilians,50.4017,30.6164
100525,Ukraine,Violence against civilians,50.4017,30.6164
100526,Ukraine,Violence against civilians,50.4017,30.6164
100527,Ukraine,Violence against civilians,50.4017,30.6164
100528,Ukraine,Violence against civilians,50.4017,30.6164
100980,Ukraine,Explosions/Remote violence,48.9564,38.8906
100981,Ukraine,Explosions/Remote violence,48.9564,38.8906
100982,Ukraine,Explosions/Remote violence,48.9564,38.8906
100983,Ukraine,Explosions/Remote violence,48.9564,38.8906
100984,Ukraine,Explosions/Remote violence,48.9564,38.8906
100985,Ukraine,Explosions/Remote violence,48.9564,38.8906
100986,Ukraine,Explosions/Remote violence,48.9564,38.8906
100987,Ukraine,Explosions/Remote violence,48.9564,38.8906
100988,Ukraine,Explosions/Remote violence,48.9564,38.8906
100989,Ukraine,Explosions/Remote violence,48.9564,38.8906
100990,Ukraine,Explosions/Remote violence,48.9564,38.8906
100991,Ukraine,Explosions/Remote violence,48.9564,38.8906
100992,Ukraine,Explosions/Remote violence,48.9564,38.8906
100993,Ukraine,Explosions/Remote violence,48.9564,38.8906
100994,Ukraine,Explosions/Remote violence,48.9564,38.8906
100995,Ukraine,Explosions/Remote violence,48.9564,38.8906
100996,Ukraine,Explosions/Remote violence,48.9564,38.8906
100997,Ukraine,Explosions/Remote violence,48.9564,38.8906
100998,Ukraine,Explosions/Remote violence,48.9564,38.8906
100999,Ukraine,Explosions/Remote violence,48.9564,38.8906
101000,Ukraine,Explosions/Remote violence,48.9564,38.8906
101001,Ukraine,Explosions/Remote violence,48.9564,38.8906
101002,Ukraine,Explosions/Remote violence,48.9564,38.8906
101003,Ukraine,Explosions/Remote violence,48.9564,38.8906
101004,Ukraine,Explosions/Remote violence,48.9564,38.8906
101005,Ukraine,Explosions/Remote violence,48.9564,38.8906
101006,Ukraine,Explosions/Remote violence,48.9564,38.8906
101007,Ukraine,Explosions/Remote violence,48.9564,38.8906
101008,Ukraine,Explosions/Remote violence,48.9564,38.8906
101009,Ukraine,Explosions/Remote violence,48.9564,38.8906
101010,Ukraine,Explosions/Remote violence,48.9564,38.8906
101011,Ukraine,Explosions/Remote violence,48.9564,38.8906
101012,Ukraine,Explosions/Remote violence,48.9564,38.8906
101013,Ukraine,Explosions/Remote violence,48.9564,38.8906
101014,Ukraine,Explosions/Remote violence,48.9564,38.8906
101015,Ukraine,Explosions/Remote violence,48.9564,38.8906
101016,Ukraine,Explosions/Remote violence,48.9564,38.8906
101017,Ukraine,Explosions/Remote violence,48.9564,38.8906
101018,Ukraine,Explosions/Remote violence,48.9564,38.8906
101019,Ukraine,Explosions/Remote violence,48.9564,38.8906
101020,Ukraine,Explosions/Remote violence,48.9564,38.8906
101021,Ukraine,Explosions/Remote violence,48.9564,38.8906
101022,Ukraine,Explosions/Remote violence,48.9564,38.8906
101023,Ukraine,Explosions/Remote violence,48.9564,38.8906
101024,Ukraine,Explosions/Remote violence,48.9564,38.8906
101025,Ukraine,Explosions/Remote violence,48.9564,38.8906
101026,Ukraine,Explosions/Remote violence,48.9564,38.8906
101027,Ukraine,Explosions/Remote violence,48.9564,38.8906
101028,Ukraine,Explosions/Remote violence,48.9564,38.8906
101029,Ukraine,Explosions/Remote violence,48.9564,38.8906
101030,Ukraine,Explosions/Remote violence,48.9564,38.8906
101031,Ukraine,Explosions/Remote violence,48.9564,38.8906
101032,Ukraine,Explosions/Remote violence,48.9564,38.8906
101033,Ukraine,Explosions/Remote violence,48.9564,38.8906
101034,Ukraine,Explosions/Remote violence,48.9564,38.8906
101035,Ukraine,Explosions/Remote violence,48.9564,38.8906
101036,Ukraine,Explosions/Remote violence,48.9564,38.8906
101037,Ukraine,Explosions/Remote violence,48.9564,38.8906
101038,Ukraine,Explosions/Remote violence,48.9564,38.8906
101039,Ukraine,Explosions/Remote violence,48.9564,38.8906
101040,Ukraine,Explosions/Remote violence,48.9564,38.8906
101041,Ukraine,Explosions/Remote violence,48.9564,38.8906
101042,Ukraine,Explosions/Remote violence,48.9564,38.8906
101043,Ukraine,Explosions/Remote violence,48.9564,38.8906
101044,Ukraine,Explosions/Remote violence,48.9564,38.8906
101045,Ukraine,Explosions/Remote violence,48.9564,38.8906
101046,Ukraine,Explosions/Remote violence,48.9564,38.8906
101047,Ukraine,Explosions/Remote violence,48.9564,38.8906
101048,Ukraine,Explosions/Remote violence,48.9564,38.8906
101049,Ukraine,Explosions/Remote violence,48.9564,38.8906
101050,Ukraine,Explosions/Remote violence,48.9564,38.8906
101051,Ukraine,Explosions/Remote violence,48.9564,38.8906
101052,Ukraine,Explosions/Remote violence,48.9564,38.8906
101053,Ukraine,Explosions/Remote violence,48.9564,38.8906
101054,Ukraine,Explosions/Remote violence,48.9564,38.8906
101055,Ukraine,Explosions/Remote violence,48.9564,38.8906
101056,Ukraine,Explosions/Remote violence,48.9564,38.8906
101057,Ukraine,Explosions/Remote violence,48.9564,38.8906
101058,Ukraine,Explosions/Remote violence,48.9564,38.8906
101059,Ukraine,Explosions/Remote violence,48.9564,38.8906
101060,Ukraine,Explosions/Remote violence,48.9564,38.8906
101061,Ukraine,Explosions/Remote violence,48.9564,38.8906
101062,Ukraine,Explosions/Remote violence,48.9564,38.8906
101063,Ukraine,Explosions/Remote violence,48.9564,38.8906
101064,Ukraine,Explosions/Remote violence,48.9564,38.8906
101065,Ukraine,Explosions/Remote violence,48.9564,38.8906
101066,Ukraine,Explosions/Remote violence,48.9564,38.8906
101067,Ukraine,Explosions/Remote violence,48.9564,38.8906
101068,Ukraine,Explosions/Remote violence,48.9564,38.8906
101069,Ukraine,Explosions/Remote violence,48.9564,38.8906
101070,Ukraine,Explosions/Remote violence,48.9564,38.8906
101071,Ukraine,Explosions/Remote violence,48.9564,38.8906
101072,Ukraine,Explosions/Remote violence,48.9564,38.8906
101073,Ukraine,Explosions/Remote violence,48.9564,38.8906
101074,Ukraine,Explosions/Remote violence,48.9564,38.8906
101075,Ukraine,Explosions/Remote violence,48.9564,38.8906
101076,Ukraine,Explosions/Remote violence,48.9564,38.8906
101077,Ukraine,Explosions/Remote violence,48.9564,38.8906
101078,Ukraine,Explosions/Remote violence,48.9564,38.8906
101079,Ukraine,Explosions/Remote violence,48.9564,38.8906
101080,Ukraine,Explosions/Remote violence,48.9564,38.8906
101081,Ukraine,Explosions/Remote violence,48.9564,38.8906
101082,Ukraine,Explosions/Remote violence,48.9564,38.8906
101083,Ukraine,Explosions/Remote violence,48.9564,38.8906
101084,Ukraine,Explosions/Remote violence,48.9564,38.8906
101085,Ukraine,Explosions/Remote violence,48.9564,38.8906
101086,Ukraine,Explosions/Remote violence,48.9564,38.8906
101087,Ukraine,Explosions/Remote violence,48.9564,38.8906
101088,Ukraine,Explosions/Remote violence,48.9564,38.8906
101089,Ukraine,Explosions/Remote violence,48.9564,38.8906
101090,Ukraine,Explosions/Remote violence,48.9564,38.8906
101091,Ukraine,Explosions/Remote violence,48.9564,38.8906
101092,Ukraine,Explosions/Remote violence,48.9564,38.8906
101093,Ukraine,Explosions/Remote violence,48.9564,38.8906
101094,Ukraine,Explosions/Remote violence,48.9564,38.8906
101095,Ukraine,Explosions/Remote violence,48.9564,38.8906
101096,Ukraine,Explosions/Remote violence,48.9564,38.8906
101097,Ukraine,Explosions/Remote violence,48.9564,38.8906
101098,Ukraine,Explosions/Remote violence,48.9564,38.8906
101099,Ukraine,Explosions/Remote violence,48.9564,38.8906
101100,Ukraine,Explosions/Remote violence,48.9564,38.8906
101101,Ukraine,Explosions/Remote violence,48.9564,38.8906
101102,Ukraine,Explosions/Remote violence,48.9564,38.8906
101103,Ukraine,Explosions/Remote violence,48.9564,38.8906
101104,Ukraine,Explosions/Remote violence,48.9564,38.8906
101105,Ukraine,Explosions/Remote violence,48.9564,38.8906
101106,Ukraine,Explosions/Remote violence,48.9564,38.8906
101107,Ukraine,Explosions/Remote violence,48.9564,38.8906
101108,Ukraine,Explosions/Remote violence,48.9564,38.8906
101109,Ukraine,Explosions/Remote violence,48.9564,38.8906
101110,Ukraine,Explosions/Remote violence,48.9564,38.8906
101111,Ukraine,Explosions/Remote violence,48.9564,38.8906
101112,Ukraine,Explosions/Remote violence,48.9564,38.8906
101113,Ukraine,Explosions/Remote violence,48.9564,38.8906
101114,Ukraine,Explosions/Remote violence,48.9564,38.8906
101115,Ukraine,Explosions/Remote violence,48.9564,38.8906
101116,Ukraine,Explosions/Remote violence,48.9564,38.8906
101117,Ukraine,Explosions/Remote violence,48.9564,38.8906
101118,Ukraine,Explosions/Remote violence,48.9564,38.8906
101119,Ukraine,Explosions/Remote violence,48.9564,38.8906
101120,Ukraine,Explosions/Remote violence,48.9564,38.8906
101121,Ukraine,Explosions/Remote violence,48.9564,38.8906
101122,Ukraine,Explosions/Remote violence,48.9564,38.8906
101123,Ukraine,Explosions/Remote violence,48.9564,38.8906
101124,Ukraine,Explosions/Remote violence,48.9564,38.8906
101125,Ukraine,Explosions/Remote violence,48.9564,38.8906
101126,Ukraine,Explosions/Remote violence,48.9564,38.8906
101127,Ukraine,Explosions/Remote violence,48.9564,38.8906
101128,Ukraine,Explosions/Remote violence,48.9564,38.8906
101129,Ukraine,Explosions/Remote violence,48.9564,38.8906
101130,Ukraine,Explosions/Remote violence,48.9564,38.8906
101131,Ukraine,Explosions/Remote violence,48.9564,38.8906
101132,Ukraine,Explosions/Remote violence,48.9564,38.8906
101133,Ukraine,Explosions/Remote violence,48.9564,38.8906
101134,Ukraine,Explosions/Remote violence,48.9564,38.8906
101135,Ukraine,Explosions/Remote violence,48.9564,38.8906
101136,Ukraine,Explosions/Remote violence,48.9564,38.8906
101137,Ukraine,Explosions/Remote violence,48.9564,38.8906
101138,Ukraine,Explosions/Remote violence,48.9564,38.8906
101139,Ukraine,Explosions/Remote violence,48.9564,38.8906
101140,Ukraine,Explosions/Remote violence,48.9564,38.8906
101141,Ukraine,Explosions/Remote violence,48.9564,38.8906
101142,Ukraine,Explosions/Remote violence,48.9564,38.8906
101143,Ukraine,Explosions/Remote violence,48.9564,38.8906
101144,Ukraine,Explosions/Remote violence,48.9564,38.8906
101145,Ukraine,Explosions/Remote violence,48.9564,38.8906
101146,Ukraine,Explosions/Remote violence,48.9564,38.8906
101147,Ukraine,Explosions/Remote violence,48.9564,38.8906
101148,Ukraine,Explosions/Remote violence,48.9564,38.8906
101149,Ukraine,Explosions/Remote violence,48.9564,38.8906
101150,Ukraine,Explosions/Remote violence,48.9564,38.8906
101151,Ukraine,Explosions/Remote violence,48.9564,38.8906
101152,Ukraine,Explosions/Remote violence,48.9564,38.8906
101153,Ukraine,Explosions/Remote violence,48.9564,38.8906
101154,Ukraine,Explosions/Remote violence,48.9564,38.8906
101155,Ukraine,Explosions/Remote violence,48.9564,38.8906
101156,Ukraine,Explosions/Remote violence,48.9564,38.8906
101157,Ukraine,Explosions/Remote violence,48.9564,38.8906
101158,Ukraine,Explosions/Remote violence,48.9564,38.8906
101159,Ukraine,Explosions/Remote violence,48.9564,38.8906
101160,Ukraine,Explosions/Remote violence,48.9564,38.8906
101161,Ukraine,Explosions/Remote violence,48.9564,38.8906
101162,Ukraine,Explosions/Remote violence,48.9564,38.8906
101163,Ukraine,Explosions/Remote violence,48.9564,38.8906
101164,Ukraine,Explosions/Remote violence,48.9564,38.8906
101165,Ukraine,Explosions/Remote violence,48.9564,38.8906
101166,Ukraine,Explosions/Remote violence,48.9564,38.8906
101167,Ukraine,Explosions/Remote violence,48.9564,38.8906
101168,Ukraine,Explosions/Remote violence,48.9564,38.8906
101169,Ukraine,Explosions/Remote violence,48.9564,38.8906
101170,Ukraine,Explosions/Remote violence,48.9564,38.8906
101171,Ukraine,Explosions/Remote violence,48.9564,38.8906
101172,Ukraine,Explosions/Remote violence,48.9564,38.8906
101173,Ukraine,Explosions/Remote violence,48.9564,38.8906
101174,Ukraine,Explosions/Remote violence,48.9564,38.8906
101175,Ukraine,Explosions/Remote violence,48.9564,38.8906
101176,Ukraine,Explosions/Remote violence,48.9564,38.8906
101177,Ukraine,Explosions/Remote violence,48.9564,38.8906
101178,Ukraine,Explosions/Remote violence,48.9564,38.8906
101179,Ukraine,Explosions/Remote violence,48.9564,38.8906
101180,Ukraine,Explosions/Remote violence,48.9564,38.8906
101181,Ukraine,Explosions/Remote violence,48.9564,38.8906
101182,Ukraine,Explosions/Remote violence,48.9564,38.8906
101183,Ukraine,Explosions/Remote violence,48.9564,38.8906
101184,Ukraine,Explosions/Remote violence,48.9564,38.8906
101185,Ukraine,Explosions/Remote violence,48.9564,38.8906
101186,Ukraine,Explosions/Remote violence,48.9564,38.8906
101187,Ukraine,Explosions/Remote violence,48.9564,38.8906
101188,Ukraine,Explosions/Remote violence,48.9564,38.8906
101189,Ukraine,Explosions/Remote violence,48.9564,38.8906
101190,Ukraine,Explosions/Remote violence,48.9564,38.8906
101191,Ukraine,Explosions/Remote violence,48.9564,38.8906
101192,Ukraine,Explosions/Remote violence,48.9564,38.8906
101193,Ukraine,Explosions/Remote violence,48.9564,38.8906
101194,Ukraine,Explosions/Remote violence,48.9564,38.8906
101195,Ukraine,Explosions/Remote violence,48.9564,38.8906
101196,Ukraine,Explosions/Remote violence,48.9564,38.8906
101197,Ukraine,Explosions/Remote violence,48.9564,38.8906
101198,Ukraine,Explosions/Remote violence,48.9564,38.8906
101199,Ukraine,Explosions/Remote violence,48.9564,38.8906
101200,Ukraine,Explosions/Remote violence,48.9564,38.8906
101201,Ukraine,Explosions/Remote violence,48.9564,38.8906
101202,Ukraine,Explosions/Remote violence,48.9564,38.8906
101203,Ukraine,Explosions/Remote violence,48.9564,38.8906
101204,Ukraine,Explosions/Remote violence,48.9564,38.8906
101205,Ukraine,Explosions/Remote violence,48.9564,38.8906
101206,Ukraine,Explosions/Remote violence,48.9564,38.8906
101207,Ukraine,Explosions/Remote violence,48.9564,38.8906
101208,Ukraine,Explosions/Remote violence,48.9564,38.8906
101209,Ukraine,Explosions/Remote violence,48.9564,38.8906
101210,Ukraine,Explosions/Remote violence,48.9564,38.8906
101211,Ukraine,Explosions/Remote violence,48.9564,38.8906
101212,Ukraine,Explosions/Remote violence,48.9564,38.8906
101213,Ukraine,Explosions/Remote violence,48.9564,38.8906
101214,Ukraine,Explosions/Remote violence,48.9564,38.8906
101215,Ukraine,Explosions/Remote violence,48.9564,38.8906
101216,Ukraine,Explosions/Remote violence,48.9564,38.8906
101217,Ukraine,Explosions/Remote violence,48.9564,38.8906
101218,Ukraine,Explosions/Remote violence,48.9564,38.8906
101219,Ukraine,Explosions/Remote violence,48.9564,38.8906
101220,Ukraine,Explosions/Remote violence,48.9564,38.8906
101221,Ukraine,Explosions/Remote violence,48.9564,38.8906
101222,Ukraine,Explosions/Remote violence,48.9564,38.8906
101223,Ukraine,Explosions/Remote violence,48.9564,38.8906
101224,Ukraine,Explosions/Remote violence,48.9564,38.8906
101225,Ukraine,Explosions/Remote violence,48.9564,38.8906
101226,Ukraine,Explosions/Remote violence,48.9564,38.8906
101227,Ukraine,Explosions/Remote violence,48.9564,38.8906
101228,Ukraine,Explosions/Remote violence,48.9564,38.8906
101229,Ukraine,Explosions/Remote violence,48.9564,38.8906
101230,Ukraine,Explosions/Remote violence,48.9564,38.8906
101231,Ukraine,Explosions/Remote violence,48.9564,38.8906
101232,Ukraine,Explosions/Remote violence,48.9564,38.8906
101233,Ukraine,Explosions/Remote violence,48.9564,38.8906
101234,Ukraine,Explosions/Remote violence,48.9564,38.8906
101235,Ukraine,Explosions/Remote violence,48.9564,38.8906
101236,Ukraine,Explosions/Remote violence,48.9564,38.8906
101237,Ukraine,Explosions/Remote violence,48.9564,38.8906
101238,Ukraine,Explosions/Remote violence,48.9564,38.8906
101239,Ukraine,Explosions/Remote violence,48.9564,38.8906
101240,Ukraine,Explosions/Remote violence,48.9564,38.8906
101241,Ukraine,Explosions/Remote violence,48.9564,38.8906
101242,Ukraine,Explosions/Remote violence,48.9564,38.8906
101243,Ukraine,Explosions/Remote violence,48.9564,38.8906
101244,Ukraine,Explosions/Remote violence,48.9564,38.8906
101245,Ukraine,Explosions/Remote violence,48.9564,38.8906
101246,Ukraine,Explosions/Remote violence,48.9564,38.8906
101247,Ukraine,Explosions/Remote violence,48.9564,38.8906
101248,Ukraine,Explosions/Remote violence,48.9564,38.8906
101249,Ukraine,Explosions/Remote violence,48.9564,38.8906
101250,Ukraine,Explosions/Remote violence,48.9564,38.8906
101251,Ukraine,Explosions/Remote violence,48.9564,38.8906
101252,Ukraine,Explosions/Remote violence,48.9564,38.8906
101253,Ukraine,Explosions/Remote violence,48.9564,38.8906
101254,Ukraine,Explosions/Remote violence,48.9564,38.8906
101255,Ukraine,Explosions/Remote violence,48.9564,38.8906
101256,Ukraine,Explosions/Remote violence,48.9564,38.8906
101257,Ukraine,Explosions/Remote violence,48.9564,38.8906
101258,Ukraine,Explosions/Remote violence,48.9564,38.8906
101259,Ukraine,Explosions/Remote violence,48.9564,38.8906
101260,Ukraine,Explosions/Remote violence,48.9564,38.8906
101261,Ukraine,Explosions/Remote violence,48.9564,38.8906
101262,Ukraine,Explosions/Remote violence,48.9564,38.8906
101263,Ukraine,Explosions/Remote violence,48.9564,38.8906
101264,Ukraine,Explosions/Remote violence,48.9564,38.8906
101265,Ukraine,Explosions/Remote violence,48.9564,38.8906
101266,Ukraine,Explosions/Remote violence,48.9564,38.8906
101267,Ukraine,Explosions/Remote violence,48.9564,38.8906
101268,Ukraine,Explosions/Remote violence,48.9564,38.8906
101269,Ukraine,Explosions/Remote violence,48.9564,38.8906
101270,Ukraine,Explosions/Remote violence,48.9564,38.8906
101271,Ukraine,Explosions/Remote violence,48.9564,38.8906
101272,Ukraine,Explosions/Remote violence,48.9564,38.8906
101273,Ukraine,Explosions/Remote violence,48.9564,38.8906
101274,Ukraine,Explosions/Remote violence,48.9564,38.8906
101275,Ukraine,Explosions/Remote violence,48.9564,38.8906
101276,Ukraine,Explosions/Remote violence,48.9564,38.8906
101277,Ukraine,Explosions/Remote violence,48.9564,38.8906
101278,Ukraine,Explosions/Remote violence,48.9564,38.8906
101279,Ukraine,Explosions/Remote violence,48.9564,38.8906
101280,Ukraine,Explosions/Remote violence,48.9564,38.8906
101281,Ukraine,Explosions/Remote violence,48.9564,38.8906
101282,Ukraine,Explosions/Remote violence,48.9564,38.8906
101283,Ukraine,Explosions/Remote violence,48.9564,38.8906
101284,Ukraine,Explosions/Remote violence,48.9564,38.8906
101285,Ukraine,Explosions/Remote violence,48.9564,38.8906
101286,Ukraine,Explosions/Remote violence,48.9564,38.8906
101287,Ukraine,Explosions/Remote violence,48.9564,38.8906
101288,Ukraine,Explosions/Remote violence,48.9564,38.8906
101289,Ukraine,Explosions/Remote violence,48.9564,38.8906
101290,Ukraine,Explosions/Remote violence,48.9564,38.8906
101291,Ukraine,Explosions/Remote violence,48.9564,38.8906
101292,Ukraine,Explosions/Remote violence,48.9564,38.8906
101293,Ukraine,Explosions/Remote violence,48.9564,38.8906
101294,Ukraine,Explosions/Remote violence,48.9564,38.8906
101295,Ukraine,Explosions/Remote violence,48.9564,38.8906
101296,Ukraine,Explosions/Remote violence,48.9564,38.8906
101297,Ukraine,Explosions/Remote violence,48.9564,38.8906
101298,Ukraine,Explosions/Remote violence,48.9564,38.8906
101299,Ukraine,Explosions/Remote violence,48.9564,38.8906
101300,Ukraine,Explosions/Remote violence,48.9564,38.8906
101301,Ukraine,Explosions/Remote violence,48.9564,38.8906
101302,Ukraine,Explosions/Remote violence,48.9564,38.8906
101303,Ukraine,Explosions/Remote violence,48.9564,38.8906
101304,Ukraine,Explosions/Remote violence,48.9564,38.8906
101305,Ukraine,Explosions/Remote violence,48.9564,38.8906
101306,Ukraine,Explosions/Remote violence,48.9564,38.8906
101307,Ukraine,Explosions/Remote violence,48.9564,38.8906
101308,Ukraine,Explosions/Remote violence,48.9564,38.8906
101309,Ukraine,Explosions/Remote violence,48.9564,38.8906
101310,Ukraine,Explosions/Remote violence,48.9564,38.8906
101311,Ukraine,Explosions/Remote violence,48.9564,38.8906
101312,Ukraine,Explosions/Remote violence,48.9564,38.8906
101313,Ukraine,Explosions/Remote violence,48.9564,38.8906
101314,Ukraine,Explosions/Remote violence,48.9564,38.8906
101315,Ukraine,Explosions/Remote violence,48.9564,38.8906
101316,Ukraine,Explosions/Remote violence,48.9564,38.8906
101317,Ukraine,Explosions/Remote violence,48.9564,38.8906
101318,Ukraine,Explosions/Remote violence,48.9564,38.8906
101319,Ukraine,Explosions/Remote violence,48.9564,38.8906
101320,Ukraine,Explosions/Remote violence,48.9564,38.8906
101321,Ukraine,Explosions/Remote violence,48.9564,38.8906
101322,Ukraine,Explosions/Remote violence,48.9564,38.8906
101323,Ukraine,Explosions/Remote violence,48.9564,38.8906
101324,Ukraine,Explosions/Remote violence,48.9564,38.8906
101325,Ukraine,Explosions/Remote violence,48.9564,38.8906
101326,Ukraine,Explosions/Remote violence,48.9564,38.8906
101327,Ukraine,Explosions/Remote violence,48.9564,38.8906
101328,Ukraine,Explosions/Remote violence,48.9564,38.8906
101329,Ukraine,Explosions/Remote violence,48.9564,38.8906
101330,Ukraine,Explosions/Remote violence,48.9564,38.8906
101331,Ukraine,Explosions/Remote violence,48.9564,38.8906
101332,Ukraine,Explosions/Remote violence,48.9564,38.8906
101333,Ukraine,Explosions/Remote violence,48.9564,38.8906
101334,Ukraine,Explosions/Remote violence,48.9564,38.8906
101335,Ukraine,Explosions/Remote violence,48.9564,38.8906
101336,Ukraine,Explosions/Remote violence,48.9564,38.8906
101337,Ukraine,Explosions/Remote violence,48.9564,38.8906
101338,Ukraine,Explosions/Remote violence,48.9564,38.8906
101339,Ukraine,Explosions/Remote violence,48.9564,38.8906
101340,Ukraine,Explosions/Remote violence,48.9564,38.8906
101341,Ukraine,Explosions/Remote violence,48.9564,38.8906
101342,Ukraine,Explosions/Remote violence,48.9564,38.8906
101343,Ukraine,Explosions/Remote violence,48.9564,38.8906
101344,Ukraine,Explosions/Remote violence,48.9564,38.8906
101345,Ukraine,Explosions/Remote violence,48.9564,38.8906
101346,Ukraine,Explosions/Remote violence,48.9564,38.8906
101347,Ukraine,Explosions/Remote violence,48.9564,38.8906
101348,Ukraine,Explosions/Remote violence,48.9564,38.8906
101349,Ukraine,Explosions/Remote violence,48.9564,38.8906
101350,Ukraine,Explosions/Remote violence,48.9564,38.8906
101351,Ukraine,Explosions/Remote violence,48.9564,38.8906
101352,Ukraine,Explosions/Remote violence,48.9564,38.8906
101353,Ukraine,Explosions/Remote violence,48.9564,38.8906
101354,Ukraine,Explosions/Remote violence,48.9564,38.8906
101355,Ukraine,Explosions/Remote violence,48.9564,38.8906
101356,Ukraine,Explosions/Remote violence,48.9564,38.8906
101357,Ukraine,Explosions/Remote violence,48.9564,38.8906
101358,Ukraine,Explosions/Remote violence,48.9564,38.8906
101359,Ukraine,Explosions/Remote violence,48.9564,38.8906
101360,Ukraine,Explosions/Remote violence,48.9564,38.8906
101361,Ukraine,Explosions/Remote violence,48.9564,38.8906
101362,Ukraine,Explosions/Remote violence,48.9564,38.8906
101363,Ukraine,Explosions/Remote violence,48.9564,38.8906
101364,Ukraine,Explosions/Remote violence,48.9564,38.8906
101365,Ukraine,Explosions/Remote violence,48.9564,38.8906
101366,Ukraine,Explosions/Remote violence,48.9564,38.8906
101367,Ukraine,Explosions/Remote violence,48.9564,38.8906
101368,Ukraine,Explosions/Remote violence,48.9564,38.8906
101369,Ukraine,Explosions/Remote violence,48.9564,38.8906
101370,Ukraine,Explosions/Remote violence,48.9564,38.8906
101371,Ukraine,Explosions/Remote violence,48.9564,38.8906
101372,Ukraine,Explosions/Remote violence,48.9564,38.8906
101373,Ukraine,Explosions/Remote violence,48.9564,38.8906
101374,Ukraine,Explosions/Remote violence,48.9564,38.8906
101375,Ukraine,Explosions/Remote violence,48.9564,38.8906
101376,Ukraine,Explosions/Remote violence,48.9564,38.8906
101377,Ukraine,Explosions/Remote violence,48.9564,38.8906
101378,Ukraine,Explosions/Remote violence,48.9564,38.8906
101379,Ukraine,Explosions/Remote violence,48.9564,38.8906
101380,Ukraine,Explosions/Remote violence,48.9564,38.8906
101381,Ukraine,Explosions/Remote violence,48.9564,38.8906
101382,Ukraine,Explosions/Remote violence,48.9564,38.8906
101383,Ukraine,Explosions/Remote violence,48.9564,38.8906
101384,Ukraine,Explosions/Remote violence,48.9564,38.8906
101385,Ukraine,Explosions/Remote violence,48.9564,38.8906
101386,Ukraine,Explosions/Remote violence,48.9564,38.8906
101387,Ukraine,Explosions/Remote violence,48.9564,38.8906
101388,Ukraine,Explosions/Remote violence,48.9564,38.8906
101389,Ukraine,Explosions/Remote violence,48.9564,38.8906
101390,Ukraine,Explosions/Remote violence,48.9564,38.8906
101391,Ukraine,Explosions/Remote violence,48.9564,38.8906
101392,Ukraine,Explosions/Remote violence,48.9564,38.8906
101393,Ukraine,Explosions/Remote violence,48.9564,38.8906
101394,Ukraine,Explosions/Remote violence,48.9564,38.8906
101395,Ukraine,Explosions/Remote violence,48.9564,38.8906
101396,Ukraine,Explosions/Remote violence,48.9564,38.8906
101397,Ukraine,Explosions/Remote violence,48.9564,38.8906
101398,Ukraine,Explosions/Remote violence,48.9564,38.8906
101399,Ukraine,Explosions/Remote violence,48.9564,38.8906
101400,Ukraine,Explosions/Remote violence,48.9564,38.8906
101401,Ukraine,Explosions/Remote violence,48.9564,38.8906
101402,Ukraine,Explosions/Remote violence,48.9564,38.8906
101403,Ukraine,Explosions/Remote violence,48.9564,38.8906
101404,Ukraine,Explosions/Remote violence,48.9564,38.8906
101405,Ukraine,Explosions/Remote violence,48.9564,38.8906
101406,Ukraine,Explosions/Remote violence,48.9564,38.8906
101407,Ukraine,Explosions/Remote violence,48.9564,38.8906
101408,Ukraine,Explosions/Remote violence,48.9564,38.8906
101409,Ukraine,Explosions/Remote violence,48.9564,38.8906
101410,Ukraine,Explosions/Remote violence,48.9564,38.8906
101411,Ukraine,Explosions/Remote violence,48.9564,38.8906
101412,Ukraine,Explosions/Remote violence,48.9564,38.8906
101413,Ukraine,Explosions/Remote violence,48.9564,38.8906
101414,Ukraine,Explosions/Remote violence,48.9564,38.8906
101415,Ukraine,Explosions/Remote violence,48.9564,38.8906
101416,Ukraine,Explosions/Remote violence,48.9564,38.8906
101417,Ukraine,Explosions/Remote violence,48.9564,38.8906
101418,Ukraine,Explosions/Remote violence,48.9564,38.8906
101419,Ukraine,Explosions/Remote violence,48.9564,38.8906
101420,Ukraine,Explosions/Remote violence,48.9564,38.8906
101421,Ukraine,Explosions/Remote violence,48.9564,38.8906
101422,Ukraine,Explosions/Remote violence,48.9564,38.8906
101423,Ukraine,Explosions/Remote violence,48.9564,38.8906
101424,Ukraine,Explosions/Remote violence,48.9564,38.8906
101425,Ukraine,Explosions/Remote violence,48.9564,38.8906
101426,Ukraine,Explosions/Remote violence,48.9564,38.8906
101427,Ukraine,Explosions/Remote violence,48.9564,38.8906
101428,Ukraine,Explosions/Remote violence,48.9564,38.8906
101429,Ukraine,Explosions/Remote violence,48.9564,38.8906
101430,Ukraine,Explosions/Remote violence,48.9564,38.8906
101431,Ukraine,Explosions/Remote violence,48.9564,38.8906
101432,Ukraine,Explosions/Remote violence,48.9564,38.8906
101433,Ukraine,Explosions/Remote violence,48.9564,38.8906
101434,Ukraine,Explosions/Remote violence,48.9564,38.8906
101435,Ukraine,Explosions/Remote violence,48.9564,38.8906
101436,Ukraine,Explosions/Remote violence,48.9564,38.8906
101437,Ukraine,Explosions/Remote violence,48.9564,38.8906
101438,Ukraine,Explosions/Remote violence,48.9564,38.8906
101439,Ukraine,Explosions/Remote violence,48.9564,38.8906
101440,Ukraine,Explosions/Remote violence,48.9564,38.8906
101441,Ukraine,Explosions/Remote violence,48.9564,38.8906
101442,Ukraine,Explosions/Remote violence,48.9564,38.8906
101443,Ukraine,Explosions/Remote violence,48.9564,38.8906
101444,Ukraine,Explosions/Remote violence,48.9564,38.8906
101445,Ukraine,Explosions/Remote violence,48.9564,38.8906
101446,Ukraine,Explosions/Remote violence,48.9564,38.8906
101447,Ukraine,Explosions/Remote violence,48.9564,38.8906
101448,Ukraine,Explosions/Remote violence,48.9564,38.8906
101449,Ukraine,Explosions/Remote violence,48.9564,38.8906
101450,Ukraine,Explosions/Remote violence,48.9564,38.8906
101451,Ukraine,Explosions/Remote violence,48.9564,38.8906
101452,Ukraine,Explosions/Remote violence,48.9564,38.8906
101453,Ukraine,Explosions/Remote violence,48.9564,38.8906
101454,Ukraine,Explosions/Remote violence,48.9564,38.8906
101455,Ukraine,Explosions/Remote violence,48.9564,38.8906
101456,Ukraine,Explosions/Remote violence,48.9564,38.8906
101457,Ukraine,Explosions/Remote violence,48.9564,38.8906
101458,Ukraine,Explosions/Remote violence,48.9564,38.8906
101459,Ukraine,Explosions/Remote violence,48.9564,38.8906
101460,Ukraine,Explosions/Remote violence,48.9564,38.8906
101461,Ukraine,Explosions/Remote violence,48.9564,38.8906
101462,Ukraine,Explosions/Remote violence,48.9564,38.8906
101463,Ukraine,Explosions/Remote violence,48.9564,38.8906
101464,Ukraine,Explosions/Remote violence,48.9564,38.8906
101465,Ukraine,Explosions/Remote violence,48.9564,38.8906
101466,Ukraine,Explosions/Remote violence,48.9564,38.8906
101467,Ukraine,Explosions/Remote violence,48.9564,38.8906
101468,Ukraine,Explosions/Remote violence,48.9564,38.8906
101469,Ukraine,Explosions/Remote violence,48.9564,38.8906
101470,Ukraine,Explosions/Remote violence,48.9564,38.8906
101471,Ukraine,Explosions/Remote violence,48.9564,38.8906
101472,Ukraine,Explosions/Remote violence,48.9564,38.8906
101473,Ukraine,Explosions/Remote violence,48.9564,38.8906
101474,Ukraine,Explosions/Remote violence,48.9564,38.8906
101475,Ukraine,Explosions/Remote violence,48.9564,38.8906
101476,Ukraine,Explosions/Remote violence,48.9564,38.8906
101477,Ukraine,Explosions/Remote violence,48.9564,38.8906
101478,Ukraine,Explosions/Remote violence,48.9564,38.8906
101479,Ukraine,Explosions/Remote violence,48.9564,38.8906
101480,Ukraine,Explosions/Remote violence,48.9564,38.8906
101481,Ukraine,Explosions/Remote violence,48.9564,38.8906
101482,Ukraine,Explosions/Remote violence,48.9564,38.8906
101483,Ukraine,Explosions/Remote violence,48.9564,38.8906
101484,Ukraine,Explosions/Remote violence,48.9564,38.8906
101485,Ukraine,Explosions/Remote violence,48.9564,38.8906
101486,Ukraine,Explosions/Remote violence,48.9564,38.8906
101487,Ukraine,Explosions/Remote violence,48.9564,38.8906
101488,Ukraine,Explosions/Remote violence,48.9564,38.8906
101489,Ukraine,Explosions/Remote violence,48.9564,38.8906
101490,Ukraine,Explosions/Remote violence,48.9564,38.8906
101491,Ukraine,Explosions/Remote violence,48.9564,38.8906
101492,Ukraine,Explosions/Remote violence,48.9564,38.8906
101493,Ukraine,Explosions/Remote violence,48.9564,38.8906
101494,Ukraine,Explosions/Remote violence,48.9564,38.8906
101495,Ukraine,Explosions/Remote violence,48.9564,38.8906
101496,Ukraine,Explosions/Remote violence,48.9564,38.8906
101497,Ukraine,Explosions/Remote violence,48.9564,38.8906
101498,Ukraine,Explosions/Remote violence,48.9564,38.8906
101499,Ukraine,Explosions/Remote violence,48.9564,38.8906
101500,Ukraine,Explosions/Remote violence,48.9564,38.8906
101501,Ukraine,Explosions/Remote violence,48.9564,38.8906
101502,Ukraine,Explosions/Remote violence,48.9564,38.8906
101503,Ukraine,Explosions/Remote violence,48.9564,38.8906
101504,Ukraine,Explosions/Remote violence,48.9564,38.8906
101505,Ukraine,Explosions/Remote violence,48.9564,38.8906
101506,Ukraine,Explosions/Remote violence,48.9564,38.8906
101507,Ukraine,Explosions/Remote violence,48.9564,38.8906
101508,Ukraine,Explosions/Remote violence,48.9564,38.8906
101509,Ukraine,Explosions/Remote violence,48.9564,38.8906
101510,Ukraine,Explosions/Remote violence,48.9564,38.8906
101511,Ukraine,Explosions/Remote violence,48.9564,38.8906
101512,Ukraine,Explosions/Remote violence,48.9564,38.8906
101513,Ukraine,Explosions/Remote violence,48.9564,38.8906
101514,Ukraine,Explosions/Remote violence,48.9564,38.8906
101515,Ukraine,Explosions/Remote violence,48.9564,38.8906
101516,Ukraine,Explosions/Remote violence,48.9564,38.8906
101517,Ukraine,Explosions/Remote violence,48.9564,38.8906
101518,Ukraine,Explosions/Remote violence,48.9564,38.8906
101519,Ukraine,Explosions/Remote violence,48.9564,38.8906
101520,Ukraine,Explosions/Remote violence,48.9564,38.8906
101521,Ukraine,Explosions/Remote violence,48.9564,38.8906
101522,Ukraine,Explosions/Remote violence,48.9564,38.8906
101523,Ukraine,Explosions/Remote violence,48.9564,38.8906
101524,Ukraine,Explosions/Remote violence,48.9564,38.8906
101525,Ukraine,Explosions/Remote violence,48.9564,38.8906
101526,Ukraine,Explosions/Remote violence,48.9564,38.8906
101527,Ukraine,Explosions/Remote violence,48.9564,38.8906
101528,Ukraine,Explosions/Remote violence,48.9564,38.8906
101529,Ukraine,Explosions/Remote violence,48.9564,38.8906
101530,Ukraine,Explosions/Remote violence,48.9564,38.8906
101531,Ukraine,Explosions/Remote violence,48.9564,38.8906
101532,Ukraine,Explosions/Remote violence,48.9564,38.8906
101533,Ukraine,Explosions/Remote violence,48.9564,38.8906
101534,Ukraine,Explosions/Remote violence,48.9564,38.8906
101535,Ukraine,Explosions/Remote violence,48.9564,38.8906
101536,Ukraine,Explosions/Remote violence,48.9564,38.8906
101537,Ukraine,Explosions/Remote violence,48.9564,38.8906
101538,Ukraine,Explosions/Remote violence,48.9564,38.8906
101539,Ukraine,Explosions/Remote violence,48.9564,38.8906
101540,Ukraine,Explosions/Remote violence,48.9564,38.8906
101541,Ukraine,Explosions/Remote violence,48.9564,38.8906
101542,Ukraine,Explosions/Remote violence,48.9564,38.8906
101543,Ukraine,Explosions/Remote violence,48.9564,38.8906
101544,Ukraine,Explosions/Remote violence,48.9564,38.8906
101545,Ukraine,Explosions/Remote violence,48.9564,38.8906
101546,Ukraine,Explosions/Remote violence,48.9564,38.8906
101547,Ukraine,Explosions/Remote violence,48.9564,38.8906
101548,Ukraine,Explosions/Remote violence,48.9564,38.8906
101549,Ukraine,Explosions/Remote violence,48.9564,38.8906
101550,Ukraine,Explosions/Remote violence,48.9564,38.8906
101551,Ukraine,Explosions/Remote violence,48.9564,38.8906
101552,Ukraine,Explosions/Remote violence,48.9564,38.8906
101553,Ukraine,Explosions/Remote violence,48.9564,38.8906
101554,Ukraine,Explosions/Remote violence,48.9564,38.8906
101555,Ukraine,Explosions/Remote violence,48.9564,38.8906
101556,Ukraine,Explosions/Remote violence,48.9564,38.8906
101557,Ukraine,Explosions/Remote violence,48.9564,38.8906
101558,Ukraine,Explosions/Remote violence,48.9564,38.8906
101559,Ukraine,Explosions/Remote violence,48.9564,38.8906
101560,Ukraine,Explosions/Remote violence,48.9564,38.8906
101561,Ukraine,Explosions/Remote violence,48.9564,38.8906
101562,Ukraine,Explosions/Remote violence,48.9564,38.8906
101563,Ukraine,Explosions/Remote violence,48.9564,38.8906
101564,Ukraine,Explosions/Remote violence,48.9564,38.8906
101565,Ukraine,Explosions/Remote violence,48.9564,38.8906
101566,Ukraine,Explosions/Remote violence,48.9564,38.8906
101567,Ukraine,Explosions/Remote violence,48.9564,38.8906
101568,Ukraine,Explosions/Remote violence,48.9564,38.8906
101569,Ukraine,Explosions/Remote violence,48.9564,38.8906
101570,Ukraine,Explosions/Remote violence,48.9564,38.8906
101571,Ukraine,Explosions/Remote violence,48.9564,38.8906
101572,Ukraine,Explosions/Remote violence,48.9564,38.8906
101573,Ukraine,Explosions/Remote violence,48.9564,38.8906
101574,Ukraine,Explosions/Remote violence,48.9564,38.8906
101575,Ukraine,Explosions/Remote violence,48.9564,38.8906
101576,Ukraine,Explosions/Remote violence,48.9564,38.8906
101577,Ukraine,Explosions/Remote violence,48.9564,38.8906
101578,Ukraine,Explosions/Remote violence,48.9564,38.8906
101579,Ukraine,Explosions/Remote violence,48.9564,38.8906
101580,Ukraine,Explosions/Remote violence,48.9564,38.8906
101581,Ukraine,Explosions/Remote violence,48.9564,38.8906
101582,Ukraine,Explosions/Remote violence,48.9564,38.8906
101583,Ukraine,Explosions/Remote violence,48.9564,38.8906
101584,Ukraine,Explosions/Remote violence,48.9564,38.8906
101585,Ukraine,Explosions/Remote violence,48.9564,38.8906
101586,Ukraine,Explosions/Remote violence,48.9564,38.8906
101587,Ukraine,Explosions/Remote violence,48.9564,38.8906
101588,Ukraine,Explosions/Remote violence,48.9564,38.8906
101589,Ukraine,Explosions/Remote violence,48.9564,38.8906
101590,Ukraine,Explosions/Remote violence,48.9564,38.8906
101591,Ukraine,Explosions/Remote violence,48.9564,38.8906
101592,Ukraine,Explosions/Remote violence,48.9564,38.8906
101593,Ukraine,Explosions/Remote violence,48.9564,38.8906
101594,Ukraine,Explosions/Remote violence,48.9564,38.8906
101595,Ukraine,Explosions/Remote violence,48.9564,38.8906
101596,Ukraine,Explosions/Remote violence,48.9564,38.8906
101597,Ukraine,Explosions/Remote violence,48.9564,38.8906
101598,Ukraine,Explosions/Remote violence,48.9564,38.8906
101599,Ukraine,Explosions/Remote violence,48.9564,38.8906
101600,Ukraine,Explosions/Remote violence,48.9564,38.8906
101601,Ukraine,Explosions/Remote violence,48.9564,38.8906
101602,Ukraine,Explosions/Remote violence,48.9564,38.8906
101603,Ukraine,Explosions/Remote violence,48.9564,38.8906
101604,Ukraine,Explosions/Remote violence,48.9564,38.8906
101605,Ukraine,Explosions/Remote violence,48.9564,38.8906
101606,Ukraine,Explosions/Remote violence,48.9564,38.8906
101607,Ukraine,Explosions/Remote violence,48.9564,38.8906
101608,Ukraine,Explosions/Remote violence,48.9564,38.8906
101609,Ukraine,Explosions/Remote violence,48.9564,38.8906
101610,Ukraine,Explosions/Remote violence,48.9564,38.8906
101611,Ukraine,Explosions/Remote violence,48.9564,38.8906
101612,Ukraine,Explosions/Remote violence,48.9564,38.8906
101613,Ukraine,Explosions/Remote violence,48.9564,38.8906
101614,Ukraine,Explosions/Remote violence,48.9564,38.8906
101615,Ukraine,Explosions/Remote violence,48.9564,38.8906
101616,Ukraine,Explosions/Remote violence,48.9564,38.8906
101617,Ukraine,Explosions/Remote violence,48.9564,38.8906
101618,Ukraine,Explosions/Remote violence,48.9564,38.8906
101619,Ukraine,Explosions/Remote violence,48.9564,38.8906
101620,Ukraine,Explosions/Remote violence,48.9564,38.8906
101621,Ukraine,Explosions/Remote violence,48.9564,38.8906
101622,Ukraine,Explosions/Remote violence,48.9564,38.8906
101623,Ukraine,Explosions/Remote violence,48.9564,38.8906
101624,Ukraine,Explosions/Remote violence,48.9564,38.8906
101625,Ukraine,Explosions/Remote violence,48.9564,38.8906
101626,Ukraine,Explosions/Remote violence,48.9564,38.8906
101627,Ukraine,Explosions/Remote violence,48.9564,38.8906
101628,Ukraine,Explosions/Remote violence,48.9564,38.8906
101629,Ukraine,Explosions/Remote violence,48.9564,38.8906
101630,Ukraine,Explosions/Remote violence,48.9564,38.8906
101631,Ukraine,Explosions/Remote violence,48.9564,38.8906
101632,Ukraine,Explosions/Remote violence,48.9564,38.8906
101633,Ukraine,Explosions/Remote violence,48.9564,38.8906
101634,Ukraine,Explosions/Remote violence,48.9564,38.8906
101635,Ukraine,Explosions/Remote violence,48.9564,38.8906
101636,Ukraine,Explosions/Remote violence,48.9564,38.8906
101637,Ukraine,Explosions/Remote violence,48.9564,38.8906
101638,Ukraine,Explosions/Remote violence,48.9564,38.8906
101639,Ukraine,Explosions/Remote violence,48.9564,38.8906
101640,Ukraine,Explosions/Remote violence,48.9564,38.8906
101641,Ukraine,Explosions/Remote violence,48.9564,38.8906
101642,Ukraine,Explosions/Remote violence,48.9564,38.8906
101643,Ukraine,Explosions/Remote violence,48.9564,38.8906
101644,Ukraine,Explosions/Remote violence,48.9564,38.8906
101645,Ukraine,Explosions/Remote violence,48.9564,38.8906
101646,Ukraine,Explosions/Remote violence,48.9564,38.8906
101647,Ukraine,Explosions/Remote violence,48.9564,38.8906
101648,Ukraine,Explosions/Remote violence,48.9564,38.8906
101649,Ukraine,Explosions/Remote violence,48.9564,38.8906
101650,Ukraine,Explosions/Remote violence,48.9564,38.8906
101651,Ukraine,Explosions/Remote violence,48.9564,38.8906
101652,Ukraine,Explosions/Remote violence,48.9564,38.8906
101653,Ukraine,Explosions/Remote violence,48.9564,38.8906
101654,Ukraine,Explosions/Remote violence,48.9564,38.8906
101655,Ukraine,Explosions/Remote violence,48.9564,38.8906
101656,Ukraine,Explosions/Remote violence,48.9564,38.8906
101657,Ukraine,Explosions/Remote violence,48.9564,38.8906
101658,Ukraine,Explosions/Remote violence,48.9564,38.8906
101659,Ukraine,Explosions/Remote violence,48.9564,38.8906
101660,Ukraine,Explosions/Remote violence,48.9564,38.8906
101661,Ukraine,Explosions/Remote violence,48.9564,38.8906
101662,Ukraine,Explosions/Remote violence,48.9564,38.8906
101663,Ukraine,Explosions/Remote violence,48.9564,38.8906
101664,Ukraine,Explosions/Remote violence,48.9564,38.8906
101665,Ukraine,Explosions/Remote violence,48.9564,38.8906
101666,Ukraine,Explosions/Remote violence,48.9564,38.8906
101667,Ukraine,Explosions/Remote violence,48.9564,38.8906
101668,Ukraine,Explosions/Remote violence,48.9564,38.8906
101669,Ukraine,Explosions/Remote violence,48.9564,38.8906
101670,Ukraine,Explosions/Remote violence,48.9564,38.8906
101671,Ukraine,Explosions/Remote violence,48.9564,38.8906
101672,Ukraine,Explosions/Remote violence,48.9564,38.8906
101673,Ukraine,Explosions/Remote violence,48.9564,38.8906
101674,Ukraine,Explosions/Remote violence,48.9564,38.8906
101675,Ukraine,Explosions/Remote violence,48.9564,38.8906
101676,Ukraine,Explosions/Remote violence,48.9564,38.8906
101677,Ukraine,Explosions/Remote violence,48.9564,38.8906
101678,Ukraine,Explosions/Remote violence,48.9564,38.8906
101679,Ukraine,Explosions/Remote violence,48.9564,38.8906
101680,Ukraine,Explosions/Remote violence,48.9564,38.8906
101681,Ukraine,Explosions/Remote violence,48.9564,38.8906
101734,Ukraine,Riots,48.9564,38.8906
101735,Ukraine,Riots,48.9564,38.8906
102047,Ukraine,Violence against civilians,48.9564,38.8906
102048,Ukraine,Violence against civilians,48.9564,38.8906
102049,Ukraine,Violence against civilians,48.9564,38.8906
102050,Ukraine,Violence against civilians,48.9564,38.8906
102051,Ukraine,Violence against civilians,48.9564,38.8906
102052,Ukraine,Violence against civilians,48.9564,38.8906
102053,Ukraine,Violence against civilians,48.9564,38.8906
102054,Ukraine,Violence against civilians,48.9564,38.8906
102055,Ukraine,Violence against civilians,48.9564,38.8906
102056,Ukraine,Violence against civilians,48.9564,38.8906
102057,Ukraine,Violence against civilians,48.9564,38.8906
102058,Ukraine,Violence against civilians,48.9564,38.8906
102059,Ukraine,Violence against civilians,48.9564,38.8906
102060,Ukraine,Violence against civilians,48.9564,38.8906
102061,Ukraine,Violence against civilians,48.9564,38.8906
102062,Ukraine,Violence against civilians,48.9564,38.8906
102063,Ukraine,Violence against civilians,48.9564,38.8906
102064,Ukraine,Violence against civilians,48.9564,38.8906
102065,Ukraine,Violence against civilians,48.9564,38.8906
102066,Ukraine,Violence against civilians,48.9564,38.8906
102067,Ukraine,Violence against civilians,48.9564,38.8906
102068,Ukraine,Violence against civilians,48.9564,38.8906
102069,Ukraine,Violence against civilians,48.9564,38.8906
102070,Ukraine,Violence against civilians,48.9564,38.8906
102071,Ukraine,Violence against civilians,48.9564,38.8906
102072,Ukraine,Violence against civilians,48.9564,38.8906
102073,Ukraine,Violence against civilians,48.9564,38.8906
102074,Ukraine,Violence against civilians,48.9564,38.8906
102075,Ukraine,Violence against civilians,48.9564,38.8906
102076,Ukraine,Violence against civilians,48.9564,38.8906
102077,Ukraine,Violence against civilians,48.9564,38.8906
102078,Ukraine,Violence against civilians,48.9564,38.8906
102079,Ukraine,Violence against civilians,48.9564,38.8906
102080,Ukraine,Violence against civilians,48.9564,38.8906
102081,Ukraine,Violence against civilians,48.9564,38.8906
102082,Ukraine,Violence against civilians,48.9564,38.8906
102083,Ukraine,Violence against civilians,48.9564,38.8906
102084,Ukraine,Violence against civilians,48.9564,38.8906
102085,Ukraine,Violence against civilians,48.9564,38.8906
102086,Ukraine,Violence against civilians,48.9564,38.8906
102087,Ukraine,Violence against civilians,48.9564,38.8906
102088,Ukraine,Violence against civilians,48.9564,38.8906
102089,Ukraine,Violence against civilians,48.9564,38.8906
102090,Ukraine,Violence against civilians,48.9564,38.8906
102091,Ukraine,Violence against civilians,48.9564,38.8906
102092,Ukraine,Violence against civilians,48.9564,38.8906
102093,Ukraine,Violence against civilians,48.9564,38.8906
102094,Ukraine,Violence against civilians,48.9564,38.8906
102095,Ukraine,Violence against civilians,48.9564,38.8906
102096,Ukraine,Violence against civilians,48.9564,38.8906
102097,Ukraine,Violence against civilians,48.9564,38.8906
102098,Ukraine,Violence against civilians,48.9564,38.8906
102099,Ukraine,Violence against civilians,48.9564,38.8906
102100,Ukraine,Violence against civilians,48.9564,38.8906
102104,Ukraine,Explosions/Remote violence,49.6799,23.8938
102105,Ukraine,Explosions/Remote violence,49.6799,23.8938
102106,Ukraine,Explosions/Remote violence,49.6799,23.8938
102107,Ukraine,Explosions/Remote violence,49.6799,23.8938
102108,Ukraine,Explosions/Remote violence,49.6799,23.8938
102109,Ukraine,Explosions/Remote violence,49.6799,23.8938
102110,Ukraine,Explosions/Remote violence,49.6799,23.8938
102111,Ukraine,Explosions/Remote violence,49.6799,23.8938
102112,Ukraine,Explosions/Remote violence,49.6799,23.8938
102113,Ukraine,Explosions/Remote violence,49.6799,23.8938
102114,Ukraine,Explosions/Remote violence,49.6799,23.8938
102115,Ukraine,Explosions/Remote violence,49.6799,23.8938
102116,Ukraine,Explosions/Remote violence,49.6799,23.8938
102117,Ukraine,Explosions/Remote violence,49.6799,23.8938
102118,Ukraine,Explosions/Remote violence,49.6799,23.8938
102119,Ukraine,Explosions/Remote violence,49.6799,23.8938
102120,Ukraine,Explosions/Remote violence,49.6799,23.8938
102121,Ukraine,Explosions/Remote violence,49.6799,23.8938
102122,Ukraine,Explosions/Remote violence,49.6799,23.8938
102123,Ukraine,Explosions/Remote violence,49.6799,23.8938
102124,Ukraine,Explosions/Remote violence,49.6799,23.8938
102125,Ukraine,Explosions/Remote violence,49.6799,23.8938
102126,Ukraine,Explosions/Remote violence,49.6799,23.8938
102127,Ukraine,Explosions/Remote violence,49.6799,23.8938
102128,Ukraine,Explosions/Remote violence,49.6799,23.8938
102129,Ukraine,Explosions/Remote violence,49.6799,23.8938
102130,Ukraine,Explosions/Remote violence,49.6799,23.8938
102131,Ukraine,Explosions/Remote violence,49.6799,23.8938
102132,Ukraine,Explosions/Remote violence,49.6799,23.8938
102133,Ukraine,Explosions/Remote violence,49.6799,23.8938
102134,Ukraine,Explosions/Remote violence,49.6799,23.8938
102135,Ukraine,Explosions/Remote violence,49.6799,23.8938
102136,Ukraine,Explosions/Remote violence,49.6799,23.8938
102137,Ukraine,Explosions/Remote violence,49.6799,23.8938
102138,Ukraine,Explosions/Remote violence,49.6799,23.8938
102139,Ukraine,Explosions/Remote violence,49.6799,23.8938
102140,Ukraine,Explosions/Remote violence,49.6799,23.8938
102141,Ukraine,Explosions/Remote violence,49.6799,23.8938
102142,Ukraine,Explosions/Remote violence,49.6799,23.8938
102143,Ukraine,Explosions/Remote violence,49.6799,23.8938
102144,Ukraine,Explosions/Remote violence,49.6799,23.8938
102145,Ukraine,Explosions/Remote violence,49.6799,23.8938
102146,Ukraine,Explosions/Remote violence,49.6799,23.8938
102147,Ukraine,Explosions/Remote violence,49.6799,23.8938
102148,Ukraine,Explosions/Remote violence,49.6799,23.8938
102149,Ukraine,Explosions/Remote violence,49.6799,23.8938
102150,Ukraine,Explosions/Remote violence,49.6799,23.8938
102151,Ukraine,Explosions/Remote violence,49.6799,23.8938
102152,Ukraine,Explosions/Remote violence,49.6799,23.8938
102153,Ukraine,Explosions/Remote violence,49.6799,23.8938
102154,Ukraine,Explosions/Remote violence,49.6799,23.8938
102155,Ukraine,Explosions/Remote violence,49.6799,23.8938
102156,Ukraine,Explosions/Remote violence,49.6799,23.8938
102157,Ukraine,Explosions/Remote violence,49.6799,23.8938
102158,Ukraine,Explosions/Remote violence,49.6799,23.8938
102159,Ukraine,Explosions/Remote violence,49.6799,23.8938
102160,Ukraine,Explosions/Remote violence,49.6799,23.8938
102161,Ukraine,Explosions/Remote violence,49.6799,23.8938
102162,Ukraine,Explosions/Remote violence,49.6799,23.8938
102163,Ukraine,Explosions/Remote violence,49.6799,23.8938
102164,Ukraine,Explosions/Remote violence,49.6799,23.8938
102165,Ukraine,Explosions/Remote violence,49.6799,23.8938
102166,Ukraine,Explosions/Remote violence,49.6799,23.8938
102167,Ukraine,Explosions/Remote violence,49.6799,23.8938
102168,Ukraine,Explosions/Remote violence,49.6799,23.8938
102169,Ukraine,Explosions/Remote violence,49.6799,23.8938
102170,Ukraine,Explosions/Remote violence,49.6799,23.8938
102171,Ukraine,Explosions/Remote violence,49.6799,23.8938
102172,Ukraine,Explosions/Remote violence,49.6799,23.8938
102373,Ukraine,Riots,49.6799,23.8938
102374,Ukraine,Riots,49.6799,23.8938
102375,Ukraine,Riots,49.6799,23.8938
102376,Ukraine,Riots,49.6799,23.8938
102377,Ukraine,Riots,49.6799,23.8938
102378,Ukraine,Riots,49.6799,23.8938
102379,Ukraine,Riots,49.6799,23.8938
102380,Ukraine,Riots,49.6799,23.8938
102381,Ukraine,Riots,49.6799,23.8938
102382,Ukraine,Riots,49.6799,23.8938
102383,Ukraine,Riots,49.6799,23.8938
102384,Ukraine,Riots,49.6799,23.8938
102385,Ukraine,Riots,49.6799,23.8938
102386,Ukraine,Riots,49.6799,23.8938
102387,Ukraine,Riots,49.6799,23.8938
102388,Ukraine,Riots,49.6799,23.8938
102389,Ukraine,Riots,49.6799,23.8938
102390,Ukraine,Riots,49.6799,23.8938
102391,Ukraine,Riots,49.6799,23.8938
102392,Ukraine,Riots,49.6799,23.8938
102448,Ukraine,Violence against civilians,49.6799,23.8938
102449,Ukraine,Violence against civilians,49.6799,23.8938
102450,Ukraine,Violence against civilians,49.6799,23.8938
102451,Ukraine,Violence against civilians,49.6799,23.8938
102452,Ukraine,Violence against civilians,49.6799,23.8938
102453,Ukraine,Violence against civilians,49.6799,23.8938
102454,Ukraine,Violence against civilians,49.6799,23.8938
102455,Ukraine,Violence against civilians,49.6799,23.8938
102456,Ukraine,Violence against civilians,49.6799,23.8938
102457,Ukraine,Violence against civilians,49.6799,23.8938
102458,Ukraine,Violence against civilians,49.6799,23.8938
102459,Ukraine,Violence against civilians,49.6799,23.8938
102460,Ukraine,Violence against civilians,49.6799,23.8938
102461,Ukraine,Violence against civilians,49.6799,23.8938
102507,Ukraine,Explosions/Remote violence,47.416,31.9603
102508,Ukraine,Explosions/Remote violence,47.416,31.9603
102509,Ukraine,Explosions/Remote violence,47.416,31.9603
102510,Ukraine,Explosions/Remote violence,47.416,31.9603
102511,Ukraine,Explosions/Remote violence,47.416,31.9603
102512,Ukraine,Explosions/Remote violence,47.416,31.9603
102513,Ukraine,Explosions/Remote violence,47.416,31.9603
102514,Ukraine,Explosions/Remote violence,47.416,31.9603
102515,Ukraine,Explosions/Remote violence,47.416,31.9603
102516,Ukraine,Explosions/Remote violence,47.416,31.9603
102517,Ukraine,Explosions/Remote violence,47.416,31.9603
102518,Ukraine,Explosions/Remote violence,47.416,31.9603
102519,Ukraine,Explosions/Remote violence,47.416,31.9603
102520,Ukraine,Explosions/Remote violence,47.416,31.9603
102521,Ukraine,Explosions/Remote violence,47.416,31.9603
102522,Ukraine,Explosions/Remote violence,47.416,31.9603
102523,Ukraine,Explosions/Remote violence,47.416,31.9603
102524,Ukraine,Explosions/Remote violence,47.416,31.9603
102525,Ukraine,Explosions/Remote violence,47.416,31.9603
102526,Ukraine,Explosions/Remote violence,47.416,31.9603
102527,Ukraine,Explosions/Remote violence,47.416,31.9603
102528,Ukraine,Explosions/Remote violence,47.416,31.9603
102529,Ukraine,Explosions/Remote violence,47.416,31.9603
102530,Ukraine,Explosions/Remote violence,47.416,31.9603
102531,Ukraine,Explosions/Remote violence,47.416,31.9603
102532,Ukraine,Explosions/Remote violence,47.416,31.9603
102533,Ukraine,Explosions/Remote violence,47.416,31.9603
102534,Ukraine,Explosions/Remote violence,47.416,31.9603
102535,Ukraine,Explosions/Remote violence,47.416,31.9603
102536,Ukraine,Explosions/Remote violence,47.416,31.9603
102537,Ukraine,Explosions/Remote violence,47.416,31.9603
102538,Ukraine,Explosions/Remote violence,47.416,31.9603
102539,Ukraine,Explosions/Remote violence,47.416,31.9603
102540,Ukraine,Explosions/Remote violence,47.416,31.9603
102541,Ukraine,Explosions/Remote violence,47.416,31.9603
102542,Ukraine,Explosions/Remote violence,47.416,31.9603
102543,Ukraine,Explosions/Remote violence,47.416,31.9603
102544,Ukraine,Explosions/Remote violence,47.416,31.9603
102545,Ukraine,Explosions/Remote violence,47.416,31.9603
102546,Ukraine,Explosions/Remote violence,47.416,31.9603
102547,Ukraine,Explosions/Remote violence,47.416,31.9603
102548,Ukraine,Explosions/Remote violence,47.416,31.9603
102549,Ukraine,Explosions/Remote violence,47.416,31.9603
102550,Ukraine,Explosions/Remote violence,47.416,31.9603
102551,Ukraine,Explosions/Remote violence,47.416,31.9603
102552,Ukraine,Explosions/Remote violence,47.416,31.9603
102553,Ukraine,Explosions/Remote violence,47.416,31.9603
102554,Ukraine,Explosions/Remote violence,47.416,31.9603
102555,Ukraine,Explosions/Remote violence,47.416,31.9603
102556,Ukraine,Explosions/Remote violence,47.416,31.9603
102557,Ukraine,Explosions/Remote violence,47.416,31.9603
102558,Ukraine,Explosions/Remote violence,47.416,31.9603
102559,Ukraine,Explosions/Remote violence,47.416,31.9603
102560,Ukraine,Explosions/Remote violence,47.416,31.9603
102561,Ukraine,Explosions/Remote violence,47.416,31.9603
102562,Ukraine,Explosions/Remote violence,47.416,31.9603
102563,Ukraine,Explosions/Remote violence,47.416,31.9603
102564,Ukraine,Explosions/Remote violence,47.416,31.9603
102565,Ukraine,Explosions/Remote violence,47.416,31.9603
102566,Ukraine,Explosions/Remote violence,47.416,31.9603
102567,Ukraine,Explosions/Remote violence,47.416,31.9603
102568,Ukraine,Explosions/Remote violence,47.416,31.9603
102569,Ukraine,Explosions/Remote violence,47.416,31.9603
102570,Ukraine,Explosions/Remote violence,47.416,31.9603
102571,Ukraine,Explosions/Remote violence,47.416,31.9603
102572,Ukraine,Explosions/Remote violence,47.416,31.9603
102573,Ukraine,Explosions/Remote violence,47.416,31.9603
102574,Ukraine,Explosions/Remote violence,47.416,31.9603
102575,Ukraine,Explosions/Remote violence,47.416,31.9603
102576,Ukraine,Explosions/Remote violence,47.416,31.9603
102577,Ukraine,Explosions/Remote violence,47.416,31.9603
102578,Ukraine,Explosions/Remote violence,47.416,31.9603
102579,Ukraine,Explosions/Remote violence,47.416,31.9603
102580,Ukraine,Explosions/Remote violence,47.416,31.9603
102581,Ukraine,Explosions/Remote violence,47.416,31.9603
102582,Ukraine,Explosions/Remote violence,47.416,31.9603
102583,Ukraine,Explosions/Remote violence,47.416,31.9603
102584,Ukraine,Explosions/Remote violence,47.416,31.9603
102585,Ukraine,Explosions/Remote violence,47.416,31.9603
102586,Ukraine,Explosions/Remote violence,47.416,31.9603
102587,Ukraine,Explosions/Remote violence,47.416,31.9603
102588,Ukraine,Explosions/Remote violence,47.416,31.9603
102589,Ukraine,Explosions/Remote violence,47.416,31.9603
102590,Ukraine,Explosions/Remote violence,47.416,31.9603
102591,Ukraine,Explosions/Remote violence,47.416,31.9603
102592,Ukraine,Explosions/Remote violence,47.416,31.9603
102593,Ukraine,Explosions/Remote violence,47.416,31.9603
102594,Ukraine,Explosions/Remote violence,47.416,31.9603
102595,Ukraine,Explosions/Remote violence,47.416,31.9603
102596,Ukraine,Explosions/Remote violence,47.416,31.9603
102597,Ukraine,Explosions/Remote violence,47.416,31.9603
102598,Ukraine,Explosions/Remote violence,47.416,31.9603
102599,Ukraine,Explosions/Remote violence,47.416,31.9603
102600,Ukraine,Explosions/Remote violence,47.416,31.9603
102601,Ukraine,Explosions/Remote violence,47.416,31.9603
102602,Ukraine,Explosions/Remote violence,47.416,31.9603
102603,Ukraine,Explosions/Remote violence,47.416,31.9603
102604,Ukraine,Explosions/Remote violence,47.416,31.9603
102605,Ukraine,Explosions/Remote violence,47.416,31.9603
102606,Ukraine,Explosions/Remote violence,47.416,31.9603
102607,Ukraine,Explosions/Remote violence,47.416,31.9603
102608,Ukraine,Explosions/Remote violence,47.416,31.9603
102609,Ukraine,Explosions/Remote violence,47.416,31.9603
102610,Ukraine,Explosions/Remote violence,47.416,31.9603
102611,Ukraine,Explosions/Remote violence,47.416,31.9603
102612,Ukraine,Explosions/Remote violence,47.416,31.9603
102613,Ukraine,Explosions/Remote violence,47.416,31.9603
102614,Ukraine,Explosions/Remote violence,47.416,31.9603
102615,Ukraine,Explosions/Remote violence,47.416,31.9603
102616,Ukraine,Explosions/Remote violence,47.416,31.9603
102617,Ukraine,Explosions/Remote violence,47.416,31.9603
102618,Ukraine,Explosions/Remote violence,47.416,31.9603
102619,Ukraine,Explosions/Remote violence,47.416,31.9603
102620,Ukraine,Explosions/Remote violence,47.416,31.9603
102621,Ukraine,Explosions/Remote violence,47.416,31.9603
102622,Ukraine,Explosions/Remote violence,47.416,31.9603
102623,Ukraine,Explosions/Remote violence,47.416,31.9603
102624,Ukraine,Explosions/Remote violence,47.416,31.9603
102625,Ukraine,Explosions/Remote violence,47.416,31.9603
102626,Ukraine,Explosions/Remote violence,47.416,31.9603
102627,Ukraine,Explosions/Remote violence,47.416,31.9603
102628,Ukraine,Explosions/Remote violence,47.416,31.9603
102629,Ukraine,Explosions/Remote violence,47.416,31.9603
102630,Ukraine,Explosions/Remote violence,47.416,31.9603
102631,Ukraine,Explosions/Remote violence,47.416,31.9603
102632,Ukraine,Explosions/Remote violence,47.416,31.9603
102633,Ukraine,Explosions/Remote violence,47.416,31.9603
102634,Ukraine,Explosions/Remote violence,47.416,31.9603
102635,Ukraine,Explosions/Remote violence,47.416,31.9603
102636,Ukraine,Explosions/Remote violence,47.416,31.9603
102637,Ukraine,Explosions/Remote violence,47.416,31.9603
102638,Ukraine,Explosions/Remote violence,47.416,31.9603
102639,Ukraine,Explosions/Remote violence,47.416,31.9603
102640,Ukraine,Explosions/Remote violence,47.416,31.9603
102641,Ukraine,Explosions/Remote violence,47.416,31.9603
102642,Ukraine,Explosions/Remote violence,47.416,31.9603
102643,Ukraine,Explosions/Remote violence,47.416,31.9603
102644,Ukraine,Explosions/Remote violence,47.416,31.9603
102645,Ukraine,Explosions/Remote violence,47.416,31.9603
102646,Ukraine,Explosions/Remote violence,47.416,31.9603
102647,Ukraine,Explosions/Remote violence,47.416,31.9603
102648,Ukraine,Explosions/Remote violence,47.416,31.9603
102649,Ukraine,Explosions/Remote violence,47.416,31.9603
102650,Ukraine,Explosions/Remote violence,47.416,31.9603
102651,Ukraine,Explosions/Remote violence,47.416,31.9603
102652,Ukraine,Explosions/Remote violence,47.416,31.9603
102653,Ukraine,Explosions/Remote violence,47.416,31.9603
102654,Ukraine,Explosions/Remote violence,47.416,31.9603
102655,Ukraine,Explosions/Remote violence,47.416,31.9603
102656,Ukraine,Explosions/Remote violence,47.416,31.9603
102657,Ukraine,Explosions/Remote violence,47.416,31.9603
102658,Ukraine,Explosions/Remote violence,47.416,31.9603
102659,Ukraine,Explosions/Remote violence,47.416,31.9603
102660,Ukraine,Explosions/Remote violence,47.416,31.9603
102661,Ukraine,Explosions/Remote violence,47.416,31.9603
102662,Ukraine,Explosions/Remote violence,47.416,31.9603
102663,Ukraine,Explosions/Remote violence,47.416,31.9603
102664,Ukraine,Explosions/Remote violence,47.416,31.9603
102665,Ukraine,Explosions/Remote violence,47.416,31.9603
102666,Ukraine,Explosions/Remote violence,47.416,31.9603
102667,Ukraine,Explosions/Remote violence,47.416,31.9603
102668,Ukraine,Explosions/Remote violence,47.416,31.9603
102669,Ukraine,Explosions/Remote violence,47.416,31.9603
102670,Ukraine,Explosions/Remote violence,47.416,31.9603
102671,Ukraine,Explosions/Remote violence,47.416,31.9603
102672,Ukraine,Explosions/Remote violence,47.416,31.9603
102673,Ukraine,Explosions/Remote violence,47.416,31.9603
102674,Ukraine,Explosions/Remote violence,47.416,31.9603
102675,Ukraine,Explosions/Remote violence,47.416,31.9603
102676,Ukraine,Explosions/Remote violence,47.416,31.9603
102677,Ukraine,Explosions/Remote violence,47.416,31.9603
102678,Ukraine,Explosions/Remote violence,47.416,31.9603
102679,Ukraine,Explosions/Remote violence,47.416,31.9603
102680,Ukraine,Explosions/Remote violence,47.416,31.9603
102681,Ukraine,Explosions/Remote violence,47.416,31.9603
102682,Ukraine,Explosions/Remote violence,47.416,31.9603
102683,Ukraine,Explosions/Remote violence,47.416,31.9603
102684,Ukraine,Explosions/Remote violence,47.416,31.9603
102685,Ukraine,Explosions/Remote violence,47.416,31.9603
102686,Ukraine,Explosions/Remote violence,47.416,31.9603
102687,Ukraine,Explosions/Remote violence,47.416,31.9603
102688,Ukraine,Explosions/Remote violence,47.416,31.9603
102689,Ukraine,Explosions/Remote violence,47.416,31.9603
102690,Ukraine,Explosions/Remote violence,47.416,31.9603
102691,Ukraine,Explosions/Remote violence,47.416,31.9603
102692,Ukraine,Explosions/Remote violence,47.416,31.9603
102693,Ukraine,Explosions/Remote violence,47.416,31.9603
102694,Ukraine,Explosions/Remote violence,47.416,31.9603
102695,Ukraine,Explosions/Remote violence,47.416,31.9603
102696,Ukraine,Explosions/Remote violence,47.416,31.9603
102697,Ukraine,Explosions/Remote violence,47.416,31.9603
102698,Ukraine,Explosions/Remote violence,47.416,31.9603
102699,Ukraine,Explosions/Remote violence,47.416,31.9603
102700,Ukraine,Explosions/Remote violence,47.416,31.9603
102701,Ukraine,Explosions/Remote violence,47.416,31.9603
102702,Ukraine,Explosions/Remote violence,47.416,31.9603
102703,Ukraine,Explosions/Remote violence,47.416,31.9603
102704,Ukraine,Explosions/Remote violence,47.416,31.9603
102705,Ukraine,Explosions/Remote violence,47.416,31.9603
102706,Ukraine,Explosions/Remote violence,47.416,31.9603
102707,Ukraine,Explosions/Remote violence,47.416,31.9603
102708,Ukraine,Explosions/Remote violence,47.416,31.9603
102709,Ukraine,Explosions/Remote violence,47.416,31.9603
102710,Ukraine,Explosions/Remote violence,47.416,31.9603
102711,Ukraine,Explosions/Remote violence,47.416,31.9603
102712,Ukraine,Explosions/Remote violence,47.416,31.9603
102713,Ukraine,Explosions/Remote violence,47.416,31.9603
102714,Ukraine,Explosions/Remote violence,47.416,31.9603
102715,Ukraine,Explosions/Remote violence,47.416,31.9603
102716,Ukraine,Explosions/Remote violence,47.416,31.9603
102717,Ukraine,Explosions/Remote violence,47.416,31.9603
102718,Ukraine,Explosions/Remote violence,47.416,31.9603
102719,Ukraine,Explosions/Remote violence,47.416,31.9603
102720,Ukraine,Explosions/Remote violence,47.416,31.9603
102721,Ukraine,Explosions/Remote violence,47.416,31.9603
102722,Ukraine,Explosions/Remote violence,47.416,31.9603
102723,Ukraine,Explosions/Remote violence,47.416,31.9603
102724,Ukraine,Explosions/Remote violence,47.416,31.9603
102725,Ukraine,Explosions/Remote violence,47.416,31.9603
102726,Ukraine,Explosions/Remote violence,47.416,31.9603
102727,Ukraine,Explosions/Remote violence,47.416,31.9603
102728,Ukraine,Explosions/Remote violence,47.416,31.9603
102729,Ukraine,Explosions/Remote violence,47.416,31.9603
102730,Ukraine,Explosions/Remote violence,47.416,31.9603
102731,Ukraine,Explosions/Remote violence,47.416,31.9603
102732,Ukraine,Explosions/Remote violence,47.416,31.9603
102733,Ukraine,Explosions/Remote violence,47.416,31.9603
102734,Ukraine,Explosions/Remote violence,47.416,31.9603
102735,Ukraine,Explosions/Remote violence,47.416,31.9603
102736,Ukraine,Explosions/Remote violence,47.416,31.9603
102737,Ukraine,Explosions/Remote violence,47.416,31.9603
102738,Ukraine,Explosions/Remote violence,47.416,31.9603
102739,Ukraine,Explosions/Remote violence,47.416,31.9603
102740,Ukraine,Explosions/Remote violence,47.416,31.9603
102741,Ukraine,Explosions/Remote violence,47.416,31.9603
102742,Ukraine,Explosions/Remote violence,47.416,31.9603
102743,Ukraine,Explosions/Remote violence,47.416,31.9603
102744,Ukraine,Explosions/Remote violence,47.416,31.9603
102745,Ukraine,Explosions/Remote violence,47.416,31.9603
102746,Ukraine,Explosions/Remote violence,47.416,31.9603
102747,Ukraine,Explosions/Remote violence,47.416,31.9603
102748,Ukraine,Explosions/Remote violence,47.416,31.9603
102749,Ukraine,Explosions/Remote violence,47.416,31.9603
102750,Ukraine,Explosions/Remote violence,47.416,31.9603
102751,Ukraine,Explosions/Remote violence,47.416,31.9603
102752,Ukraine,Explosions/Remote violence,47.416,31.9603
102753,Ukraine,Explosions/Remote violence,47.416,31.9603
102754,Ukraine,Explosions/Remote violence,47.416,31.9603
102755,Ukraine,Explosions/Remote violence,47.416,31.9603
102756,Ukraine,Explosions/Remote violence,47.416,31.9603
102757,Ukraine,Explosions/Remote violence,47.416,31.9603
102758,Ukraine,Explosions/Remote violence,47.416,31.9603
102759,Ukraine,Explosions/Remote violence,47.416,31.9603
102760,Ukraine,Explosions/Remote violence,47.416,31.9603
102761,Ukraine,Explosions/Remote violence,47.416,31.9603
102762,Ukraine,Explosions/Remote violence,47.416,31.9603
102763,Ukraine,Explosions/Remote violence,47.416,31.9603
102764,Ukraine,Explosions/Remote violence,47.416,31.9603
102765,Ukraine,Explosions/Remote violence,47.416,31.9603
102766,Ukraine,Explosions/Remote violence,47.416,31.9603
102767,Ukraine,Explosions/Remote violence,47.416,31.9603
102768,Ukraine,Explosions/Remote violence,47.416,31.9603
102769,Ukraine,Explosions/Remote violence,47.416,31.9603
102770,Ukraine,Explosions/Remote violence,47.416,31.9603
102771,Ukraine,Explosions/Remote violence,47.416,31.9603
102772,Ukraine,Explosions/Remote violence,47.416,31.9603
102773,Ukraine,Explosions/Remote violence,47.416,31.9603
102774,Ukraine,Explosions/Remote violence,47.416,31.9603
102775,Ukraine,Explosions/Remote violence,47.416,31.9603
102776,Ukraine,Explosions/Remote violence,47.416,31.9603
102777,Ukraine,Explosions/Remote violence,47.416,31.9603
102778,Ukraine,Explosions/Remote violence,47.416,31.9603
102779,Ukraine,Explosions/Remote violence,47.416,31.9603
102780,Ukraine,Explosions/Remote violence,47.416,31.9603
102781,Ukraine,Explosions/Remote violence,47.416,31.9603
102782,Ukraine,Explosions/Remote violence,47.416,31.9603
102783,Ukraine,Explosions/Remote violence,47.416,31.9603
102784,Ukraine,Explosions/Remote violence,47.416,31.9603
102785,Ukraine,Explosions/Remote violence,47.416,31.9603
102786,Ukraine,Explosions/Remote violence,47.416,31.9603
102787,Ukraine,Explosions/Remote violence,47.416,31.9603
102788,Ukraine,Explosions/Remote violence,47.416,31.9603
102789,Ukraine,Explosions/Remote violence,47.416,31.9603
102790,Ukraine,Explosions/Remote violence,47.416,31.9603
102791,Ukraine,Explosions/Remote violence,47.416,31.9603
102792,Ukraine,Explosions/Remote violence,47.416,31.9603
102793,Ukraine,Explosions/Remote violence,47.416,31.9603
102794,Ukraine,Explosions/Remote violence,47.416,31.9603
102795,Ukraine,Explosions/Remote violence,47.416,31.9603
102796,Ukraine,Explosions/Remote violence,47.416,31.9603
102797,Ukraine,Explosions/Remote violence,47.416,31.9603
102798,Ukraine,Explosions/Remote violence,47.416,31.9603
102799,Ukraine,Explosions/Remote violence,47.416,31.9603
102800,Ukraine,Explosions/Remote violence,47.416,31.9603
102801,Ukraine,Explosions/Remote violence,47.416,31.9603
102802,Ukraine,Explosions/Remote violence,47.416,31.9603
102803,Ukraine,Explosions/Remote violence,47.416,31.9603
102804,Ukraine,Explosions/Remote violence,47.416,31.9603
102805,Ukraine,Explosions/Remote violence,47.416,31.9603
102806,Ukraine,Explosions/Remote violence,47.416,31.9603
102807,Ukraine,Explosions/Remote violence,47.416,31.9603
102808,Ukraine,Explosions/Remote violence,47.416,31.9603
102809,Ukraine,Explosions/Remote violence,47.416,31.9603
102810,Ukraine,Explosions/Remote violence,47.416,31.9603
102811,Ukraine,Explosions/Remote violence,47.416,31.9603
102812,Ukraine,Explosions/Remote violence,47.416,31.9603
102813,Ukraine,Explosions/Remote violence,47.416,31.9603
102814,Ukraine,Explosions/Remote violence,47.416,31.9603
102815,Ukraine,Explosions/Remote violence,47.416,31.9603
102816,Ukraine,Explosions/Remote violence,47.416,31.9603
102817,Ukraine,Explosions/Remote violence,47.416,31.9603
102818,Ukraine,Explosions/Remote violence,47.416,31.9603
102819,Ukraine,Explosions/Remote violence,47.416,31.9603
102820,Ukraine,Explosions/Remote violence,47.416,31.9603
102821,Ukraine,Explosions/Remote violence,47.416,31.9603
102822,Ukraine,Explosions/Remote violence,47.416,31.9603
102823,Ukraine,Explosions/Remote violence,47.416,31.9603
102824,Ukraine,Explosions/Remote violence,47.416,31.9603
102825,Ukraine,Explosions/Remote violence,47.416,31.9603
102826,Ukraine,Explosions/Remote violence,47.416,31.9603
102827,Ukraine,Explosions/Remote violence,47.416,31.9603
102828,Ukraine,Explosions/Remote violence,47.416,31.9603
102829,Ukraine,Explosions/Remote violence,47.416,31.9603
102830,Ukraine,Explosions/Remote violence,47.416,31.9603
102831,Ukraine,Explosions/Remote violence,47.416,31.9603
102832,Ukraine,Explosions/Remote violence,47.416,31.9603
102833,Ukraine,Explosions/Remote violence,47.416,31.9603
102834,Ukraine,Explosions/Remote violence,47.416,31.9603
102835,Ukraine,Explosions/Remote violence,47.416,31.9603
102836,Ukraine,Explosions/Remote violence,47.416,31.9603
102837,Ukraine,Explosions/Remote violence,47.416,31.9603
102838,Ukraine,Explosions/Remote violence,47.416,31.9603
102839,Ukraine,Explosions/Remote violence,47.416,31.9603
102840,Ukraine,Explosions/Remote violence,47.416,31.9603
102841,Ukraine,Explosions/Remote violence,47.416,31.9603
102842,Ukraine,Explosions/Remote violence,47.416,31.9603
102843,Ukraine,Explosions/Remote violence,47.416,31.9603
102844,Ukraine,Explosions/Remote violence,47.416,31.9603
102845,Ukraine,Explosions/Remote violence,47.416,31.9603
102846,Ukraine,Explosions/Remote violence,47.416,31.9603
102847,Ukraine,Explosions/Remote violence,47.416,31.9603
102848,Ukraine,Explosions/Remote violence,47.416,31.9603
102849,Ukraine,Explosions/Remote violence,47.416,31.9603
102850,Ukraine,Explosions/Remote violence,47.416,31.9603
102851,Ukraine,Explosions/Remote violence,47.416,31.9603
102852,Ukraine,Explosions/Remote violence,47.416,31.9603
102853,Ukraine,Explosions/Remote violence,47.416,31.9603
102854,Ukraine,Explosions/Remote violence,47.416,31.9603
102855,Ukraine,Explosions/Remote violence,47.416,31.9603
102856,Ukraine,Explosions/Remote violence,47.416,31.9603
102857,Ukraine,Explosions/Remote violence,47.416,31.9603
102858,Ukraine,Explosions/Remote violence,47.416,31.9603
102859,Ukraine,Explosions/Remote violence,47.416,31.9603
102860,Ukraine,Explosions/Remote violence,47.416,31.9603
102861,Ukraine,Explosions/Remote violence,47.416,31.9603
102862,Ukraine,Explosions/Remote violence,47.416,31.9603
102863,Ukraine,Explosions/Remote violence,47.416,31.9603
102864,Ukraine,Explosions/Remote violence,47.416,31.9603
102865,Ukraine,Explosions/Remote violence,47.416,31.9603
102866,Ukraine,Explosions/Remote violence,47.416,31.9603
102867,Ukraine,Explosions/Remote violence,47.416,31.9603
102868,Ukraine,Explosions/Remote violence,47.416,31.9603
102869,Ukraine,Explosions/Remote violence,47.416,31.9603
102870,Ukraine,Explosions/Remote violence,47.416,31.9603
102871,Ukraine,Explosions/Remote violence,47.416,31.9603
102872,Ukraine,Explosions/Remote violence,47.416,31.9603
102873,Ukraine,Explosions/Remote violence,47.416,31.9603
102874,Ukraine,Explosions/Remote violence,47.416,31.9603
102875,Ukraine,Explosions/Remote violence,47.416,31.9603
102876,Ukraine,Explosions/Remote violence,47.416,31.9603
103009,Ukraine,Riots,47.416,31.9603
103010,Ukraine,Riots,47.416,31.9603
103011,Ukraine,Riots,47.416,31.9603
103012,Ukraine,Riots,47.416,31.9603
103217,Ukraine,Violence against civilians,47.416,31.9603
103218,Ukraine,Violence against civilians,47.416,31.9603
103219,Ukraine,Violence against civilians,47.416,31.9603
103220,Ukraine,Violence against civilians,47.416,31.9603
103221,Ukraine,Violence against civilians,47.416,31.9603
103222,Ukraine,Violence against civilians,47.416,31.9603
103223,Ukraine,Violence against civilians,47.416,31.9603
103224,Ukraine,Violence against civilians,47.416,31.9603
103225,Ukraine,Violence against civilians,47.416,31.9603
103226,Ukraine,Violence against civilians,47.416,31.9603
103227,Ukraine,Violence against civilians,47.416,31.9603
103228,Ukraine,Violence against civilians,47.416,31.9603
103229,Ukraine,Violence against civilians,47.416,31.9603
103230,Ukraine,Violence against civilians,47.416,31.9603
103231,Ukraine,Violence against civilians,47.416,31.9603
103232,Ukraine,Violence against civilians,47.416,31.9603
103247,Ukraine,Explosions/Remote violence,46.729,30.5619
103248,Ukraine,Explosions/Remote violence,46.729,30.5619
103249,Ukraine,Explosions/Remote violence,46.729,30.5619
103250,Ukraine,Explosions/Remote violence,46.729,30.5619
103251,Ukraine,Explosions/Remote violence,46.729,30.5619
103252,Ukraine,Explosions/Remote violence,46.729,30.5619
103253,Ukraine,Explosions/Remote violence,46.729,30.5619
103254,Ukraine,Explosions/Remote violence,46.729,30.5619
103255,Ukraine,Explosions/Remote violence,46.729,30.5619
103256,Ukraine,Explosions/Remote violence,46.729,30.5619
103257,Ukraine,Explosions/Remote violence,46.729,30.5619
103258,Ukraine,Explosions/Remote violence,46.729,30.5619
103259,Ukraine,Explosions/Remote violence,46.729,30.5619
103260,Ukraine,Explosions/Remote violence,46.729,30.5619
103261,Ukraine,Explosions/Remote violence,46.729,30.5619
103262,Ukraine,Explosions/Remote violence,46.729,30.5619
103263,Ukraine,Explosions/Remote violence,46.729,30.5619
103264,Ukraine,Explosions/Remote violence,46.729,30.5619
103265,Ukraine,Explosions/Remote violence,46.729,30.5619
103266,Ukraine,Explosions/Remote violence,46.729,30.5619
103267,Ukraine,Explosions/Remote violence,46.729,30.5619
103268,Ukraine,Explosions/Remote violence,46.729,30.5619
103269,Ukraine,Explosions/Remote violence,46.729,30.5619
103270,Ukraine,Explosions/Remote violence,46.729,30.5619
103271,Ukraine,Explosions/Remote violence,46.729,30.5619
103272,Ukraine,Explosions/Remote violence,46.729,30.5619
103273,Ukraine,Explosions/Remote violence,46.729,30.5619
103274,Ukraine,Explosions/Remote violence,46.729,30.5619
103275,Ukraine,Explosions/Remote violence,46.729,30.5619
103276,Ukraine,Explosions/Remote violence,46.729,30.5619
103277,Ukraine,Explosions/Remote violence,46.729,30.5619
103278,Ukraine,Explosions/Remote violence,46.729,30.5619
103279,Ukraine,Explosions/Remote violence,46.729,30.5619
103280,Ukraine,Explosions/Remote violence,46.729,30.5619
103281,Ukraine,Explosions/Remote violence,46.729,30.5619
103282,Ukraine,Explosions/Remote violence,46.729,30.5619
103283,Ukraine,Explosions/Remote violence,46.729,30.5619
103284,Ukraine,Explosions/Remote violence,46.729,30.5619
103285,Ukraine,Explosions/Remote violence,46.729,30.5619
103286,Ukraine,Explosions/Remote violence,46.729,30.5619
103287,Ukraine,Explosions/Remote violence,46.729,30.5619
103288,Ukraine,Explosions/Remote violence,46.729,30.5619
103289,Ukraine,Explosions/Remote violence,46.729,30.5619
103290,Ukraine,Explosions/Remote violence,46.729,30.5619
103291,Ukraine,Explosions/Remote violence,46.729,30.5619
103292,Ukraine,Explosions/Remote violence,46.729,30.5619
103293,Ukraine,Explosions/Remote violence,46.729,30.5619
103294,Ukraine,Explosions/Remote violence,46.729,30.5619
103295,Ukraine,Explosions/Remote violence,46.729,30.5619
103296,Ukraine,Explosions/Remote violence,46.729,30.5619
103297,Ukraine,Explosions/Remote violence,46.729,30.5619
103298,Ukraine,Explosions/Remote violence,46.729,30.5619
103299,Ukraine,Explosions/Remote violence,46.729,30.5619
103300,Ukraine,Explosions/Remote violence,46.729,30.5619
103301,Ukraine,Explosions/Remote violence,46.729,30.5619
103302,Ukraine,Explosions/Remote violence,46.729,30.5619
103303,Ukraine,Explosions/Remote violence,46.729,30.5619
103304,Ukraine,Explosions/Remote violence,46.729,30.5619
103305,Ukraine,Explosions/Remote violence,46.729,30.5619
103306,Ukraine,Explosions/Remote violence,46.729,30.5619
103307,Ukraine,Explosions/Remote violence,46.729,30.5619
103308,Ukraine,Explosions/Remote violence,46.729,30.5619
103309,Ukraine,Explosions/Remote violence,46.729,30.5619
103310,Ukraine,Explosions/Remote violence,46.729,30.5619
103311,Ukraine,Explosions/Remote violence,46.729,30.5619
103312,Ukraine,Explosions/Remote violence,46.729,30.5619
103313,Ukraine,Explosions/Remote violence,46.729,30.5619
103314,Ukraine,Explosions/Remote violence,46.729,30.5619
103315,Ukraine,Explosions/Remote violence,46.729,30.5619
103316,Ukraine,Explosions/Remote violence,46.729,30.5619
103317,Ukraine,Explosions/Remote violence,46.729,30.5619
103318,Ukraine,Explosions/Remote violence,46.729,30.5619
103319,Ukraine,Explosions/Remote violence,46.729,30.5619
103320,Ukraine,Explosions/Remote violence,46.729,30.5619
103321,Ukraine,Explosions/Remote violence,46.729,30.5619
103322,Ukraine,Explosions/Remote violence,46.729,30.5619
103323,Ukraine,Explosions/Remote violence,46.729,30.5619
103324,Ukraine,Explosions/Remote violence,46.729,30.5619
103325,Ukraine,Explosions/Remote violence,46.729,30.5619
103326,Ukraine,Explosions/Remote violence,46.729,30.5619
103327,Ukraine,Explosions/Remote violence,46.729,30.5619
103328,Ukraine,Explosions/Remote violence,46.729,30.5619
103329,Ukraine,Explosions/Remote violence,46.729,30.5619
103330,Ukraine,Explosions/Remote violence,46.729,30.5619
103331,Ukraine,Explosions/Remote violence,46.729,30.5619
103332,Ukraine,Explosions/Remote violence,46.729,30.5619
103333,Ukraine,Explosions/Remote violence,46.729,30.5619
103334,Ukraine,Explosions/Remote violence,46.729,30.5619
103335,Ukraine,Explosions/Remote violence,46.729,30.5619
103336,Ukraine,Explosions/Remote violence,46.729,30.5619
103337,Ukraine,Explosions/Remote violence,46.729,30.5619
103338,Ukraine,Explosions/Remote violence,46.729,30.5619
103339,Ukraine,Explosions/Remote violence,46.729,30.5619
103340,Ukraine,Explosions/Remote violence,46.729,30.5619
103341,Ukraine,Explosions/Remote violence,46.729,30.5619
103342,Ukraine,Explosions/Remote violence,46.729,30.5619
103343,Ukraine,Explosions/Remote violence,46.729,30.5619
103344,Ukraine,Explosions/Remote violence,46.729,30.5619
103345,Ukraine,Explosions/Remote violence,46.729,30.5619
103346,Ukraine,Explosions/Remote violence,46.729,30.5619
103347,Ukraine,Explosions/Remote violence,46.729,30.5619
103348,Ukraine,Explosions/Remote violence,46.729,30.5619
103349,Ukraine,Explosions/Remote violence,46.729,30.5619
103350,Ukraine,Explosions/Remote violence,46.729,30.5619
103351,Ukraine,Explosions/Remote violence,46.729,30.5619
103352,Ukraine,Explosions/Remote violence,46.729,30.5619
103353,Ukraine,Explosions/Remote violence,46.729,30.5619
103354,Ukraine,Explosions/Remote violence,46.729,30.5619
103355,Ukraine,Explosions/Remote violence,46.729,30.5619
103356,Ukraine,Explosions/Remote violence,46.729,30.5619
103357,Ukraine,Explosions/Remote violence,46.729,30.5619
103358,Ukraine,Explosions/Remote violence,46.729,30.5619
103359,Ukraine,Explosions/Remote violence,46.729,30.5619
103360,Ukraine,Explosions/Remote violence,46.729,30.5619
103361,Ukraine,Explosions/Remote violence,46.729,30.5619
103362,Ukraine,Explosions/Remote violence,46.729,30.5619
103363,Ukraine,Explosions/Remote violence,46.729,30.5619
103364,Ukraine,Explosions/Remote violence,46.729,30.5619
103365,Ukraine,Explosions/Remote violence,46.729,30.5619
103366,Ukraine,Explosions/Remote violence,46.729,30.5619
103367,Ukraine,Explosions/Remote violence,46.729,30.5619
103368,Ukraine,Explosions/Remote violence,46.729,30.5619
103369,Ukraine,Explosions/Remote violence,46.729,30.5619
103370,Ukraine,Explosions/Remote violence,46.729,30.5619
103371,Ukraine,Explosions/Remote violence,46.729,30.5619
103372,Ukraine,Explosions/Remote violence,46.729,30.5619
103373,Ukraine,Explosions/Remote violence,46.729,30.5619
103374,Ukraine,Explosions/Remote violence,46.729,30.5619
103375,Ukraine,Explosions/Remote violence,46.729,30.5619
103376,Ukraine,Explosions/Remote violence,46.729,30.5619
103377,Ukraine,Explosions/Remote violence,46.729,30.5619
103378,Ukraine,Explosions/Remote violence,46.729,30.5619
103379,Ukraine,Explosions/Remote violence,46.729,30.5619
103380,Ukraine,Explosions/Remote violence,46.729,30.5619
103381,Ukraine,Explosions/Remote violence,46.729,30.5619
103382,Ukraine,Explosions/Remote violence,46.729,30.5619
103383,Ukraine,Explosions/Remote violence,46.729,30.5619
103384,Ukraine,Explosions/Remote violence,46.729,30.5619
103385,Ukraine,Explosions/Remote violence,46.729,30.5619
103386,Ukraine,Explosions/Remote violence,46.729,30.5619
103387,Ukraine,Explosions/Remote violence,46.729,30.5619
103388,Ukraine,Explosions/Remote violence,46.729,30.5619
103389,Ukraine,Explosions/Remote violence,46.729,30.5619
103390,Ukraine,Explosions/Remote violence,46.729,30.5619
103391,Ukraine,Explosions/Remote violence,46.729,30.5619
103392,Ukraine,Explosions/Remote violence,46.729,30.5619
103393,Ukraine,Explosions/Remote violence,46.729,30.5619
103394,Ukraine,Explosions/Remote violence,46.729,30.5619
103395,Ukraine,Explosions/Remote violence,46.729,30.5619
103396,Ukraine,Explosions/Remote violence,46.729,30.5619
103397,Ukraine,Explosions/Remote violence,46.729,30.5619
103398,Ukraine,Explosions/Remote violence,46.729,30.5619
103399,Ukraine,Explosions/Remote violence,46.729,30.5619
103400,Ukraine,Explosions/Remote violence,46.729,30.5619
103401,Ukraine,Explosions/Remote violence,46.729,30.5619
103402,Ukraine,Explosions/Remote violence,46.729,30.5619
103403,Ukraine,Explosions/Remote violence,46.729,30.5619
103404,Ukraine,Explosions/Remote violence,46.729,30.5619
103405,Ukraine,Explosions/Remote violence,46.729,30.5619
103406,Ukraine,Explosions/Remote violence,46.729,30.5619
103407,Ukraine,Explosions/Remote violence,46.729,30.5619
103408,Ukraine,Explosions/Remote violence,46.729,30.5619
103409,Ukraine,Explosions/Remote violence,46.729,30.5619
103410,Ukraine,Explosions/Remote violence,46.729,30.5619
103411,Ukraine,Explosions/Remote violence,46.729,30.5619
103412,Ukraine,Explosions/Remote violence,46.729,30.5619
103413,Ukraine,Explosions/Remote violence,46.729,30.5619
103414,Ukraine,Explosions/Remote violence,46.729,30.5619
103415,Ukraine,Explosions/Remote violence,46.729,30.5619
103416,Ukraine,Explosions/Remote violence,46.729,30.5619
103417,Ukraine,Explosions/Remote violence,46.729,30.5619
103418,Ukraine,Explosions/Remote violence,46.729,30.5619
103419,Ukraine,Explosions/Remote violence,46.729,30.5619
103420,Ukraine,Explosions/Remote violence,46.729,30.5619
103421,Ukraine,Explosions/Remote violence,46.729,30.5619
103422,Ukraine,Explosions/Remote violence,46.729,30.5619
103423,Ukraine,Explosions/Remote violence,46.729,30.5619
103424,Ukraine,Explosions/Remote violence,46.729,30.5619
103425,Ukraine,Explosions/Remote violence,46.729,30.5619
103426,Ukraine,Explosions/Remote violence,46.729,30.5619
103427,Ukraine,Explosions/Remote violence,46.729,30.5619
103428,Ukraine,Explosions/Remote violence,46.729,30.5619
103429,Ukraine,Explosions/Remote violence,46.729,30.5619
103430,Ukraine,Explosions/Remote violence,46.729,30.5619
103431,Ukraine,Explosions/Remote violence,46.729,30.5619
103432,Ukraine,Explosions/Remote violence,46.729,30.5619
103433,Ukraine,Explosions/Remote violence,46.729,30.5619
103434,Ukraine,Explosions/Remote violence,46.729,30.5619
103435,Ukraine,Explosions/Remote violence,46.729,30.5619
103436,Ukraine,Explosions/Remote violence,46.729,30.5619
103437,Ukraine,Explosions/Remote violence,46.729,30.5619
103438,Ukraine,Explosions/Remote violence,46.729,30.5619
103439,Ukraine,Explosions/Remote violence,46.729,30.5619
103440,Ukraine,Explosions/Remote violence,46.729,30.5619
103441,Ukraine,Explosions/Remote violence,46.729,30.5619
103442,Ukraine,Explosions/Remote violence,46.729,30.5619
103443,Ukraine,Explosions/Remote violence,46.729,30.5619
103444,Ukraine,Explosions/Remote violence,46.729,30.5619
103445,Ukraine,Explosions/Remote violence,46.729,30.5619
103446,Ukraine,Explosions/Remote violence,46.729,30.5619
103447,Ukraine,Explosions/Remote violence,46.729,30.5619
103448,Ukraine,Explosions/Remote violence,46.729,30.5619
103449,Ukraine,Explosions/Remote violence,46.729,30.5619
103450,Ukraine,Explosions/Remote violence,46.729,30.5619
103451,Ukraine,Explosions/Remote violence,46.729,30.5619
103452,Ukraine,Explosions/Remote violence,46.729,30.5619
103453,Ukraine,Explosions/Remote violence,46.729,30.5619
103454,Ukraine,Explosions/Remote violence,46.729,30.5619
103455,Ukraine,Explosions/Remote violence,46.729,30.5619
103456,Ukraine,Explosions/Remote violence,46.729,30.5619
103457,Ukraine,Explosions/Remote violence,46.729,30.5619
103458,Ukraine,Explosions/Remote violence,46.729,30.5619
103459,Ukraine,Explosions/Remote violence,46.729,30.5619
103460,Ukraine,Explosions/Remote violence,46.729,30.5619
103461,Ukraine,Explosions/Remote violence,46.729,30.5619
103462,Ukraine,Explosions/Remote violence,46.729,30.5619
103463,Ukraine,Explosions/Remote violence,46.729,30.5619
103464,Ukraine,Explosions/Remote violence,46.729,30.5619
103465,Ukraine,Explosions/Remote violence,46.729,30.5619
103466,Ukraine,Explosions/Remote violence,46.729,30.5619
103467,Ukraine,Explosions/Remote violence,46.729,30.5619
103468,Ukraine,Explosions/Remote violence,46.729,30.5619
103469,Ukraine,Explosions/Remote violence,46.729,30.5619
103470,Ukraine,Explosions/Remote violence,46.729,30.5619
103471,Ukraine,Explosions/Remote violence,46.729,30.5619
103472,Ukraine,Explosions/Remote violence,46.729,30.5619
103473,Ukraine,Explosions/Remote violence,46.729,30.5619
103474,Ukraine,Explosions/Remote violence,46.729,30.5619
103475,Ukraine,Explosions/Remote violence,46.729,30.5619
103476,Ukraine,Explosions/Remote violence,46.729,30.5619
103477,Ukraine,Explosions/Remote violence,46.729,30.5619
103478,Ukraine,Explosions/Remote violence,46.729,30.5619
103479,Ukraine,Explosions/Remote violence,46.729,30.5619
103480,Ukraine,Explosions/Remote violence,46.729,30.5619
103481,Ukraine,Explosions/Remote violence,46.729,30.5619
103482,Ukraine,Explosions/Remote violence,46.729,30.5619
103483,Ukraine,Explosions/Remote violence,46.729,30.5619
103484,Ukraine,Explosions/Remote violence,46.729,30.5619
103485,Ukraine,Explosions/Remote violence,46.729,30.5619
103486,Ukraine,Explosions/Remote violence,46.729,30.5619
103487,Ukraine,Explosions/Remote violence,46.729,30.5619
103488,Ukraine,Explosions/Remote violence,46.729,30.5619
103489,Ukraine,Explosions/Remote violence,46.729,30.5619
103490,Ukraine,Explosions/Remote violence,46.729,30.5619
103491,Ukraine,Explosions/Remote violence,46.729,30.5619
103492,Ukraine,Explosions/Remote violence,46.729,30.5619
103493,Ukraine,Explosions/Remote violence,46.729,30.5619
103494,Ukraine,Explosions/Remote violence,46.729,30.5619
103495,Ukraine,Explosions/Remote violence,46.729,30.5619
103496,Ukraine,Explosions/Remote violence,46.729,30.5619
103497,Ukraine,Explosions/Remote violence,46.729,30.5619
103498,Ukraine,Explosions/Remote violence,46.729,30.5619
103499,Ukraine,Explosions/Remote violence,46.729,30.5619
103500,Ukraine,Explosions/Remote violence,46.729,30.5619
103501,Ukraine,Explosions/Remote violence,46.729,30.5619
103502,Ukraine,Explosions/Remote violence,46.729,30.5619
103503,Ukraine,Explosions/Remote violence,46.729,30.5619
103504,Ukraine,Explosions/Remote violence,46.729,30.5619
103505,Ukraine,Explosions/Remote violence,46.729,30.5619
103506,Ukraine,Explosions/Remote violence,46.729,30.5619
103507,Ukraine,Explosions/Remote violence,46.729,30.5619
103508,Ukraine,Explosions/Remote violence,46.729,30.5619
103509,Ukraine,Explosions/Remote violence,46.729,30.5619
103510,Ukraine,Explosions/Remote violence,46.729,30.5619
103511,Ukraine,Explosions/Remote violence,46.729,30.5619
103512,Ukraine,Explosions/Remote violence,46.729,30.5619
103513,Ukraine,Explosions/Remote violence,46.729,30.5619
103514,Ukraine,Explosions/Remote violence,46.729,30.5619
103515,Ukraine,Explosions/Remote violence,46.729,30.5619
103516,Ukraine,Explosions/Remote violence,46.729,30.5619
103517,Ukraine,Explosions/Remote violence,46.729,30.5619
103518,Ukraine,Explosions/Remote violence,46.729,30.5619
103519,Ukraine,Explosions/Remote violence,46.729,30.5619
103520,Ukraine,Explosions/Remote violence,46.729,30.5619
103521,Ukraine,Explosions/Remote violence,46.729,30.5619
103522,Ukraine,Explosions/Remote violence,46.729,30.5619
103523,Ukraine,Explosions/Remote violence,46.729,30.5619
103524,Ukraine,Explosions/Remote violence,46.729,30.5619
103525,Ukraine,Explosions/Remote violence,46.729,30.5619
103735,Ukraine,Riots,46.729,30.5619
103736,Ukraine,Riots,46.729,30.5619
103737,Ukraine,Riots,46.729,30.5619
103738,Ukraine,Riots,46.729,30.5619
103739,Ukraine,Riots,46.729,30.5619
103740,Ukraine,Riots,46.729,30.5619
103741,Ukraine,Riots,46.729,30.5619
103742,Ukraine,Riots,46.729,30.5619
103743,Ukraine,Riots,46.729,30.5619
103744,Ukraine,Riots,46.729,30.5619
103745,Ukraine,Riots,46.729,30.5619
103746,Ukraine,Riots,46.729,30.5619
103747,Ukraine,Riots,46.729,30.5619
103748,Ukraine,Riots,46.729,30.5619
103749,Ukraine,Riots,46.729,30.5619
103750,Ukraine,Riots,46.729,30.5619
103751,Ukraine,Riots,46.729,30.5619
103752,Ukraine,Riots,46.729,30.5619
103753,Ukraine,Riots,46.729,30.5619
103754,Ukraine,Riots,46.729,30.5619
103755,Ukraine,Riots,46.729,30.5619
103756,Ukraine,Riots,46.729,30.5619
103757,Ukraine,Riots,46.729,30.5619
103758,Ukraine,Riots,46.729,30.5619
103759,Ukraine,Riots,46.729,30.5619
103760,Ukraine,Riots,46.729,30.5619
103761,Ukraine,Riots,46.729,30.5619
103762,Ukraine,Riots,46.729,30.5619
103763,Ukraine,Riots,46.729,30.5619
103764,Ukraine,Riots,46.729,30.5619
103765,Ukraine,Riots,46.729,30.5619
103766,Ukraine,Riots,46.729,30.5619
103767,Ukraine,Riots,46.729,30.5619
103768,Ukraine,Riots,46.729,30.5619
103989,Ukraine,Violence against civilians,46.729,30.5619
103990,Ukraine,Violence against civilians,46.729,30.5619
103991,Ukraine,Violence against civilians,46.729,30.5619
103992,Ukraine,Violence against civilians,46.729,30.5619
103993,Ukraine,Violence against civilians,46.729,30.5619
103994,Ukraine,Violence against civilians,46.729,30.5619
103995,Ukraine,Violence against civilians,46.729,30.5619
103996,Ukraine,Violence against civilians,46.729,30.5619
103997,Ukraine,Violence against civilians,46.729,30.5619
103998,Ukraine,Violence against civilians,46.729,30.5619
103999,Ukraine,Violence against civilians,46.729,30.5619
104000,Ukraine,Violence against civilians,46.729,30.5619
104001,Ukraine,Violence against civilians,46.729,30.5619
104002,Ukraine,Violence against civilians,46.729,30.5619
104003,Ukraine,Violence against civilians,46.729,30.5619
104004,Ukraine,Violence against civilians,46.729,30.5619
104005,Ukraine,Violence against civilians,46.729,30.5619
104006,Ukraine,Violence against civilians,46.729,30.5619
104007,Ukraine,Violence against civilians,46.729,30.5619
104008,Ukraine,Violence against civilians,46.729,30.5619
104009,Ukraine,Violence against civilians,46.729,30.5619
104010,Ukraine,Violence against civilians,46.729,30.5619
104011,Ukraine,Violence against civilians,46.729,30.5619
104012,Ukraine,Violence against civilians,46.729,30.5619
104013,Ukraine,Violence against civilians,46.729,30.5619
104014,Ukraine,Violence against civilians,46.729,30.5619
104015,Ukraine,Violence against civilians,46.729,30.5619
104016,Ukraine,Violence against civilians,46.729,30.5619
104017,Ukraine,Violence against civilians,46.729,30.5619
104018,Ukraine,Violence against civilians,46.729,30.5619
104019,Ukraine,Violence against civilians,46.729,30.5619
104020,Ukraine,Violence against civilians,46.729,30.5619
104021,Ukraine,Violence against civilians,46.729,30.5619
104022,Ukraine,Violence against civilians,46.729,30.5619
104023,Ukraine,Violence against civilians,46.729,30.5619
104024,Ukraine,Violence against civilians,46.729,30.5619
104025,Ukraine,Violence against civilians,46.729,30.5619
104034,Ukraine,Explosions/Remote violence,49.639,34.0764
104035,Ukraine,Explosions/Remote violence,49.639,34.0764
104036,Ukraine,Explosions/Remote violence,49.639,34.0764
104037,Ukraine,Explosions/Remote violence,49.639,34.0764
104038,Ukraine,Explosions/Remote violence,49.639,34.0764
104039,Ukraine,Explosions/Remote violence,49.639,34.0764
104040,Ukraine,Explosions/Remote violence,49.639,34.0764
104041,Ukraine,Explosions/Remote violence,49.639,34.0764
104042,Ukraine,Explosions/Remote violence,49.639,34.0764
104043,Ukraine,Explosions/Remote violence,49.639,34.0764
104044,Ukraine,Explosions/Remote violence,49.639,34.0764
104045,Ukraine,Explosions/Remote violence,49.639,34.0764
104046,Ukraine,Explosions/Remote violence,49.639,34.0764
104047,Ukraine,Explosions/Remote violence,49.639,34.0764
104048,Ukraine,Explosions/Remote violence,49.639,34.0764
104049,Ukraine,Explosions/Remote violence,49.639,34.0764
104050,Ukraine,Explosions/Remote violence,49.639,34.0764
104051,Ukraine,Explosions/Remote violence,49.639,34.0764
104052,Ukraine,Explosions/Remote violence,49.639,34.0764
104053,Ukraine,Explosions/Remote violence,49.639,34.0764
104054,Ukraine,Explosions/Remote violence,49.639,34.0764
104055,Ukraine,Explosions/Remote violence,49.639,34.0764
104056,Ukraine,Explosions/Remote violence,49.639,34.0764
104057,Ukraine,Explosions/Remote violence,49.639,34.0764
104058,Ukraine,Explosions/Remote violence,49.639,34.0764
104059,Ukraine,Explosions/Remote violence,49.639,34.0764
104060,Ukraine,Explosions/Remote violence,49.639,34.0764
104061,Ukraine,Explosions/Remote violence,49.639,34.0764
104062,Ukraine,Explosions/Remote violence,49.639,34.0764
104063,Ukraine,Explosions/Remote violence,49.639,34.0764
104064,Ukraine,Explosions/Remote violence,49.639,34.0764
104065,Ukraine,Explosions/Remote violence,49.639,34.0764
104066,Ukraine,Explosions/Remote violence,49.639,34.0764
104067,Ukraine,Explosions/Remote violence,49.639,34.0764
104068,Ukraine,Explosions/Remote violence,49.639,34.0764
104069,Ukraine,Explosions/Remote violence,49.639,34.0764
104070,Ukraine,Explosions/Remote violence,49.639,34.0764
104071,Ukraine,Explosions/Remote violence,49.639,34.0764
104072,Ukraine,Explosions/Remote violence,49.639,34.0764
104073,Ukraine,Explosions/Remote violence,49.639,34.0764
104074,Ukraine,Explosions/Remote violence,49.639,34.0764
104075,Ukraine,Explosions/Remote violence,49.639,34.0764
104076,Ukraine,Explosions/Remote violence,49.639,34.0764
104077,Ukraine,Explosions/Remote violence,49.639,34.0764
104078,Ukraine,Explosions/Remote violence,49.639,34.0764
104079,Ukraine,Explosions/Remote violence,49.639,34.0764
104080,Ukraine,Explosions/Remote violence,49.639,34.0764
104081,Ukraine,Explosions/Remote violence,49.639,34.0764
104082,Ukraine,Explosions/Remote violence,49.639,34.0764
104083,Ukraine,Explosions/Remote violence,49.639,34.0764
104084,Ukraine,Explosions/Remote violence,49.639,34.0764
104085,Ukraine,Explosions/Remote violence,49.639,34.0764
104086,Ukraine,Explosions/Remote violence,49.639,34.0764
104087,Ukraine,Explosions/Remote violence,49.639,34.0764
104088,Ukraine,Explosions/Remote violence,49.639,34.0764
104089,Ukraine,Explosions/Remote violence,49.639,34.0764
104090,Ukraine,Explosions/Remote violence,49.639,34.0764
104091,Ukraine,Explosions/Remote violence,49.639,34.0764
104092,Ukraine,Explosions/Remote violence,49.639,34.0764
104093,Ukraine,Explosions/Remote violence,49.639,34.0764
104094,Ukraine,Explosions/Remote violence,49.639,34.0764
104095,Ukraine,Explosions/Remote violence,49.639,34.0764
104096,Ukraine,Explosions/Remote violence,49.639,34.0764
104097,Ukraine,Explosions/Remote violence,49.639,34.0764
104098,Ukraine,Explosions/Remote violence,49.639,34.0764
104099,Ukraine,Explosions/Remote violence,49.639,34.0764
104100,Ukraine,Explosions/Remote violence,49.639,34.0764
104101,Ukraine,Explosions/Remote violence,49.639,34.0764
104102,Ukraine,Explosions/Remote violence,49.639,34.0764
104103,Ukraine,Explosions/Remote violence,49.639,34.0764
104104,Ukraine,Explosions/Remote violence,49.639,34.0764
104105,Ukraine,Explosions/Remote violence,49.639,34.0764
104106,Ukraine,Explosions/Remote violence,49.639,34.0764
104107,Ukraine,Explosions/Remote violence,49.639,34.0764
104108,Ukraine,Explosions/Remote violence,49.639,34.0764
104109,Ukraine,Explosions/Remote violence,49.639,34.0764
104110,Ukraine,Explosions/Remote violence,49.639,34.0764
104111,Ukraine,Explosions/Remote violence,49.639,34.0764
104112,Ukraine,Explosions/Remote violence,49.639,34.0764
104113,Ukraine,Explosions/Remote violence,49.639,34.0764
104114,Ukraine,Explosions/Remote violence,49.639,34.0764
104115,Ukraine,Explosions/Remote violence,49.639,34.0764
104116,Ukraine,Explosions/Remote violence,49.639,34.0764
104117,Ukraine,Explosions/Remote violence,49.639,34.0764
104118,Ukraine,Explosions/Remote violence,49.639,34.0764
104119,Ukraine,Explosions/Remote violence,49.639,34.0764
104120,Ukraine,Explosions/Remote violence,49.639,34.0764
104121,Ukraine,Explosions/Remote violence,49.639,34.0764
104122,Ukraine,Explosions/Remote violence,49.639,34.0764
104123,Ukraine,Explosions/Remote violence,49.639,34.0764
104124,Ukraine,Explosions/Remote violence,49.639,34.0764
104125,Ukraine,Explosions/Remote violence,49.639,34.0764
104126,Ukraine,Explosions/Remote violence,49.639,34.0764
104127,Ukraine,Explosions/Remote violence,49.639,34.0764
104128,Ukraine,Explosions/Remote violence,49.639,34.0764
104129,Ukraine,Explosions/Remote violence,49.639,34.0764
104130,Ukraine,Explosions/Remote violence,49.639,34.0764
104131,Ukraine,Explosions/Remote violence,49.639,34.0764
104132,Ukraine,Explosions/Remote violence,49.639,34.0764
104133,Ukraine,Explosions/Remote violence,49.639,34.0764
104134,Ukraine,Explosions/Remote violence,49.639,34.0764
104135,Ukraine,Explosions/Remote violence,49.639,34.0764
104136,Ukraine,Explosions/Remote violence,49.639,34.0764
104137,Ukraine,Explosions/Remote violence,49.639,34.0764
104138,Ukraine,Explosions/Remote violence,49.639,34.0764
104139,Ukraine,Explosions/Remote violence,49.639,34.0764
104140,Ukraine,Explosions/Remote violence,49.639,34.0764
104141,Ukraine,Explosions/Remote violence,49.639,34.0764
104142,Ukraine,Explosions/Remote violence,49.639,34.0764
104143,Ukraine,Explosions/Remote violence,49.639,34.0764
104144,Ukraine,Explosions/Remote violence,49.639,34.0764
104145,Ukraine,Explosions/Remote violence,49.639,34.0764
104146,Ukraine,Explosions/Remote violence,49.639,34.0764
104147,Ukraine,Explosions/Remote violence,49.639,34.0764
104148,Ukraine,Explosions/Remote violence,49.639,34.0764
104149,Ukraine,Explosions/Remote violence,49.639,34.0764
104150,Ukraine,Explosions/Remote violence,49.639,34.0764
104151,Ukraine,Explosions/Remote violence,49.639,34.0764
104152,Ukraine,Explosions/Remote violence,49.639,34.0764
104153,Ukraine,Explosions/Remote violence,49.639,34.0764
104154,Ukraine,Explosions/Remote violence,49.639,34.0764
104155,Ukraine,Explosions/Remote violence,49.639,34.0764
104156,Ukraine,Explosions/Remote violence,49.639,34.0764
104157,Ukraine,Explosions/Remote violence,49.639,34.0764
104158,Ukraine,Explosions/Remote violence,49.639,34.0764
104268,Ukraine,Riots,49.639,34.0764
104269,Ukraine,Riots,49.639,34.0764
104270,Ukraine,Riots,49.639,34.0764
104271,Ukraine,Riots,49.639,34.0764
104272,Ukraine,Riots,49.639,34.0764
104273,Ukraine,Riots,49.639,34.0764
104369,Ukraine,Violence against civilians,49.639,34.0764
104370,Ukraine,Violence against civilians,49.639,34.0764
104371,Ukraine,Violence against civilians,49.639,34.0764
104372,Ukraine,Violence against civilians,49.639,34.0764
104373,Ukraine,Violence against civilians,49.639,34.0764
104376,Ukraine,Explosions/Remote violence,50.9778,26.6492
104377,Ukraine,Explosions/Remote violence,50.9778,26.6492
104378,Ukraine,Explosions/Remote violence,50.9778,26.6492
104379,Ukraine,Explosions/Remote violence,50.9778,26.6492
104380,Ukraine,Explosions/Remote violence,50.9778,26.6492
104381,Ukraine,Explosions/Remote violence,50.9778,26.6492
104382,Ukraine,Explosions/Remote violence,50.9778,26.6492
104383,Ukraine,Explosions/Remote violence,50.9778,26.6492
104384,Ukraine,Explosions/Remote violence,50.9778,26.6492
104385,Ukraine,Explosions/Remote violence,50.9778,26.6492
104386,Ukraine,Explosions/Remote violence,50.9778,26.6492
104387,Ukraine,Explosions/Remote violence,50.9778,26.6492
104388,Ukraine,Explosions/Remote violence,50.9778,26.6492
104389,Ukraine,Explosions/Remote violence,50.9778,26.6492
104390,Ukraine,Explosions/Remote violence,50.9778,26.6492
104391,Ukraine,Explosions/Remote violence,50.9778,26.6492
104392,Ukraine,Explosions/Remote violence,50.9778,26.6492
104393,Ukraine,Explosions/Remote violence,50.9778,26.6492
104394,Ukraine,Explosions/Remote violence,50.9778,26.6492
104395,Ukraine,Explosions/Remote violence,50.9778,26.6492
104396,Ukraine,Explosions/Remote violence,50.9778,26.6492
104397,Ukraine,Explosions/Remote violence,50.9778,26.6492
104398,Ukraine,Explosions/Remote violence,50.9778,26.6492
104399,Ukraine,Explosions/Remote violence,50.9778,26.6492
104400,Ukraine,Explosions/Remote violence,50.9778,26.6492
104401,Ukraine,Explosions/Remote violence,50.9778,26.6492
104402,Ukraine,Explosions/Remote violence,50.9778,26.6492
104403,Ukraine,Explosions/Remote violence,50.9778,26.6492
104404,Ukraine,Explosions/Remote violence,50.9778,26.6492
104405,Ukraine,Explosions/Remote violence,50.9778,26.6492
104406,Ukraine,Explosions/Remote violence,50.9778,26.6492
104407,Ukraine,Explosions/Remote violence,50.9778,26.6492
104408,Ukraine,Explosions/Remote violence,50.9778,26.6492
104409,Ukraine,Explosions/Remote violence,50.9778,26.6492
104410,Ukraine,Explosions/Remote violence,50.9778,26.6492
104411,Ukraine,Explosions/Remote violence,50.9778,26.6492
104412,Ukraine,Explosions/Remote violence,50.9778,26.6492
104413,Ukraine,Explosions/Remote violence,50.9778,26.6492
104414,Ukraine,Explosions/Remote violence,50.9778,26.6492
104415,Ukraine,Explosions/Remote violence,50.9778,26.6492
104416,Ukraine,Explosions/Remote violence,50.9778,26.6492
104417,Ukraine,Explosions/Remote violence,50.9778,26.6492
104418,Ukraine,Explosions/Remote violence,50.9778,26.6492
104498,Ukraine,Riots,50.9778,26.6492
104499,Ukraine,Riots,50.9778,26.6492
104500,Ukraine,Riots,50.9778,26.6492
104501,Ukraine,Riots,50.9778,26.6492
104502,Ukraine,Riots,50.9778,26.6492
104503,Ukraine,Riots,50.9778,26.6492
104504,Ukraine,Riots,50.9778,26.6492
104505,Ukraine,Riots,50.9778,26.6492
104506,Ukraine,Riots,50.9778,26.6492
104507,Ukraine,Riots,50.9778,26.6492
104508,Ukraine,Riots,50.9778,26.6492
104572,Ukraine,Violence against civilians,50.9778,26.6492
104573,Ukraine,Violence against civilians,50.9778,26.6492
104574,Ukraine,Violence against civilians,50.9778,26.6492
104575,Ukraine,Violence against civilians,50.9778,26.6492
104576,Ukraine,Violence against civilians,50.9778,26.6492
104577,Ukraine,Explosions/Remote violence,46.0295,36.467
104578,Ukraine,Explosions/Remote violence,46.0295,36.467
104579,Ukraine,Explosions/Remote violence,46.0295,36.467
104580,Ukraine,Explosions/Remote violence,46.0295,36.467
104581,Ukraine,Explosions/Remote violence,46.0295,36.467
104691,Ukraine,Explosions/Remote violence,51.2386,33.6755
104692,Ukraine,Explosions/Remote violence,51.2386,33.6755
104693,Ukraine,Explosions/Remote violence,51.2386,33.6755
104694,Ukraine,Explosions/Remote violence,51.2386,33.6755
104695,Ukraine,Explosions/Remote violence,51.2386,33.6755
104696,Ukraine,Explosions/Remote violence,51.2386,33.6755
104697,Ukraine,Explosions/Remote violence,51.2386,33.6755
104698,Ukraine,Explosions/Remote violence,51.2386,33.6755
104699,Ukraine,Explosions/Remote violence,51.2386,33.6755
104700,Ukraine,Explosions/Remote violence,51.2386,33.6755
104701,Ukraine,Explosions/Remote violence,51.2386,33.6755
104702,Ukraine,Explosions/Remote violence,51.2386,33.6755
104703,Ukraine,Explosions/Remote violence,51.2386,33.6755
104704,Ukraine,Explosions/Remote violence,51.2386,33.6755
104705,Ukraine,Explosions/Remote violence,51.2386,33.6755
104706,Ukraine,Explosions/Remote violence,51.2386,33.6755
104707,Ukraine,Explosions/Remote violence,51.2386,33.6755
104708,Ukraine,Explosions/Remote violence,51.2386,33.6755
104709,Ukraine,Explosions/Remote violence,51.2386,33.6755
104710,Ukraine,Explosions/Remote violence,51.2386,33.6755
104711,Ukraine,Explosions/Remote violence,51.2386,33.6755
104712,Ukraine,Explosions/Remote violence,51.2386,33.6755
104713,Ukraine,Explosions/Remote violence,51.2386,33.6755
104714,Ukraine,Explosions/Remote violence,51.2386,33.6755
104715,Ukraine,Explosions/Remote violence,51.2386,33.6755
104716,Ukraine,Explosions/Remote violence,51.2386,33.6755
104717,Ukraine,Explosions/Remote violence,51.2386,33.6755
104718,Ukraine,Explosions/Remote violence,51.2386,33.6755
104719,Ukraine,Explosions/Remote violence,51.2386,33.6755
104720,Ukraine,Explosions/Remote violence,51.2386,33.6755
104721,Ukraine,Explosions/Remote violence,51.2386,33.6755
104722,Ukraine,Explosions/Remote violence,51.2386,33.6755
104723,Ukraine,Explosions/Remote violence,51.2386,33.6755
104724,Ukraine,Explosions/Remote violence,51.2386,33.6755
104725,Ukraine,Explosions/Remote violence,51.2386,33.6755
104726,Ukraine,Explosions/Remote violence,51.2386,33.6755
104727,Ukraine,Explosions/Remote violence,51.2386,33.6755
104728,Ukraine,Explosions/Remote violence,51.2386,33.6755
104729,Ukraine,Explosions/Remote violence,51.2386,33.6755
104730,Ukraine,Explosions/Remote violence,51.2386,33.6755
104731,Ukraine,Explosions/Remote violence,51.2386,33.6755
104732,Ukraine,Explosions/Remote violence,51.2386,33.6755
104733,Ukraine,Explosions/Remote violence,51.2386,33.6755
104734,Ukraine,Explosions/Remote violence,51.2386,33.6755
104735,Ukraine,Explosions/Remote violence,51.2386,33.6755
104736,Ukraine,Explosions/Remote violence,51.2386,33.6755
104737,Ukraine,Explosions/Remote violence,51.2386,33.6755
104738,Ukraine,Explosions/Remote violence,51.2386,33.6755
104739,Ukraine,Explosions/Remote violence,51.2386,33.6755
104740,Ukraine,Explosions/Remote violence,51.2386,33.6755
104741,Ukraine,Explosions/Remote violence,51.2386,33.6755
104742,Ukraine,Explosions/Remote violence,51.2386,33.6755
104743,Ukraine,Explosions/Remote violence,51.2386,33.6755
104744,Ukraine,Explosions/Remote violence,51.2386,33.6755
104745,Ukraine,Explosions/Remote violence,51.2386,33.6755
104746,Ukraine,Explosions/Remote violence,51.2386,33.6755
104747,Ukraine,Explosions/Remote violence,51.2386,33.6755
104748,Ukraine,Explosions/Remote violence,51.2386,33.6755
104749,Ukraine,Explosions/Remote violence,51.2386,33.6755
104750,Ukraine,Explosions/Remote violence,51.2386,33.6755
104751,Ukraine,Explosions/Remote violence,51.2386,33.6755
104752,Ukraine,Explosions/Remote violence,51.2386,33.6755
104753,Ukraine,Explosions/Remote violence,51.2386,33.6755
104754,Ukraine,Explosions/Remote violence,51.2386,33.6755
104755,Ukraine,Explosions/Remote violence,51.2386,33.6755
104756,Ukraine,Explosions/Remote violence,51.2386,33.6755
104757,Ukraine,Explosions/Remote violence,51.2386,33.6755
104758,Ukraine,Explosions/Remote violence,51.2386,33.6755
104759,Ukraine,Explosions/Remote violence,51.2386,33.6755
104760,Ukraine,Explosions/Remote violence,51.2386,33.6755
104761,Ukraine,Explosions/Remote violence,51.2386,33.6755
104762,Ukraine,Explosions/Remote violence,51.2386,33.6755
104763,Ukraine,Explosions/Remote violence,51.2386,33.6755
104764,Ukraine,Explosions/Remote violence,51.2386,33.6755
104765,Ukraine,Explosions/Remote violence,51.2386,33.6755
104766,Ukraine,Explosions/Remote violence,51.2386,33.6755
104767,Ukraine,Explosions/Remote violence,51.2386,33.6755
104768,Ukraine,Explosions/Remote violence,51.2386,33.6755
104769,Ukraine,Explosions/Remote violence,51.2386,33.6755
104770,Ukraine,Explosions/Remote violence,51.2386,33.6755
104771,Ukraine,Explosions/Remote violence,51.2386,33.6755
104772,Ukraine,Explosions/Remote violence,51.2386,33.6755
104773,Ukraine,Explosions/Remote violence,51.2386,33.6755
104774,Ukraine,Explosions/Remote violence,51.2386,33.6755
104775,Ukraine,Explosions/Remote violence,51.2386,33.6755
104776,Ukraine,Explosions/Remote violence,51.2386,33.6755
104777,Ukraine,Explosions/Remote violence,51.2386,33.6755
104778,Ukraine,Explosions/Remote violence,51.2386,33.6755
104779,Ukraine,Explosions/Remote violence,51.2386,33.6755
104780,Ukraine,Explosions/Remote violence,51.2386,33.6755
104781,Ukraine,Explosions/Remote violence,51.2386,33.6755
104782,Ukraine,Explosions/Remote violence,51.2386,33.6755
104783,Ukraine,Explosions/Remote violence,51.2386,33.6755
104784,Ukraine,Explosions/Remote violence,51.2386,33.6755
104785,Ukraine,Explosions/Remote violence,51.2386,33.6755
104786,Ukraine,Explosions/Remote violence,51.2386,33.6755
104787,Ukraine,Explosions/Remote violence,51.2386,33.6755
104788,Ukraine,Explosions/Remote violence,51.2386,33.6755
104789,Ukraine,Explosions/Remote violence,51.2386,33.6755
104790,Ukraine,Explosions/Remote violence,51.2386,33.6755
104791,Ukraine,Explosions/Remote violence,51.2386,33.6755
104792,Ukraine,Explosions/Remote violence,51.2386,33.6755
104793,Ukraine,Explosions/Remote violence,51.2386,33.6755
104794,Ukraine,Explosions/Remote violence,51.2386,33.6755
104795,Ukraine,Explosions/Remote violence,51.2386,33.6755
104796,Ukraine,Explosions/Remote violence,51.2386,33.6755
104797,Ukraine,Explosions/Remote violence,51.2386,33.6755
104798,Ukraine,Explosions/Remote violence,51.2386,33.6755
104799,Ukraine,Explosions/Remote violence,51.2386,33.6755
104800,Ukraine,Explosions/Remote violence,51.2386,33.6755
104801,Ukraine,Explosions/Remote violence,51.2386,33.6755
104802,Ukraine,Explosions/Remote violence,51.2386,33.6755
104803,Ukraine,Explosions/Remote violence,51.2386,33.6755
104804,Ukraine,Explosions/Remote violence,51.2386,33.6755
104805,Ukraine,Explosions/Remote violence,51.2386,33.6755
104806,Ukraine,Explosions/Remote violence,51.2386,33.6755
104807,Ukraine,Explosions/Remote violence,51.2386,33.6755
104808,Ukraine,Explosions/Remote violence,51.2386,33.6755
104809,Ukraine,Explosions/Remote violence,51.2386,33.6755
104810,Ukraine,Explosions/Remote violence,51.2386,33.6755
104811,Ukraine,Explosions/Remote violence,51.2386,33.6755
104812,Ukraine,Explosions/Remote violence,51.2386,33.6755
104813,Ukraine,Explosions/Remote violence,51.2386,33.6755
104814,Ukraine,Explosions/Remote violence,51.2386,33.6755
104815,Ukraine,Explosions/Remote violence,51.2386,33.6755
104816,Ukraine,Explosions/Remote violence,51.2386,33.6755
104817,Ukraine,Explosions/Remote violence,51.2386,33.6755
104818,Ukraine,Explosions/Remote violence,51.2386,33.6755
104819,Ukraine,Explosions/Remote violence,51.2386,33.6755
104820,Ukraine,Explosions/Remote violence,51.2386,33.6755
104821,Ukraine,Explosions/Remote violence,51.2386,33.6755
104822,Ukraine,Explosions/Remote violence,51.2386,33.6755
104823,Ukraine,Explosions/Remote violence,51.2386,33.6755
104824,Ukraine,Explosions/Remote violence,51.2386,33.6755
104825,Ukraine,Explosions/Remote violence,51.2386,33.6755
104826,Ukraine,Explosions/Remote violence,51.2386,33.6755
104827,Ukraine,Explosions/Remote violence,51.2386,33.6755
104828,Ukraine,Explosions/Remote violence,51.2386,33.6755
104829,Ukraine,Explosions/Remote violence,51.2386,33.6755
104830,Ukraine,Explosions/Remote violence,51.2386,33.6755
104831,Ukraine,Explosions/Remote violence,51.2386,33.6755
104832,Ukraine,Explosions/Remote violence,51.2386,33.6755
104833,Ukraine,Explosions/Remote violence,51.2386,33.6755
104834,Ukraine,Explosions/Remote violence,51.2386,33.6755
104835,Ukraine,Explosions/Remote violence,51.2386,33.6755
104836,Ukraine,Explosions/Remote violence,51.2386,33.6755
104837,Ukraine,Explosions/Remote violence,51.2386,33.6755
104838,Ukraine,Explosions/Remote violence,51.2386,33.6755
104839,Ukraine,Explosions/Remote violence,51.2386,33.6755
104840,Ukraine,Explosions/Remote violence,51.2386,33.6755
104841,Ukraine,Explosions/Remote violence,51.2386,33.6755
104842,Ukraine,Explosions/Remote violence,51.2386,33.6755
104843,Ukraine,Explosions/Remote violence,51.2386,33.6755
104844,Ukraine,Explosions/Remote violence,51.2386,33.6755
104845,Ukraine,Explosions/Remote violence,51.2386,33.6755
104846,Ukraine,Explosions/Remote violence,51.2386,33.6755
104847,Ukraine,Explosions/Remote violence,51.2386,33.6755
104848,Ukraine,Explosions/Remote violence,51.2386,33.6755
104849,Ukraine,Explosions/Remote violence,51.2386,33.6755
104850,Ukraine,Explosions/Remote violence,51.2386,33.6755
104851,Ukraine,Explosions/Remote violence,51.2386,33.6755
104852,Ukraine,Explosions/Remote violence,51.2386,33.6755
104853,Ukraine,Explosions/Remote violence,51.2386,33.6755
104854,Ukraine,Explosions/Remote violence,51.2386,33.6755
104855,Ukraine,Explosions/Remote violence,51.2386,33.6755
104856,Ukraine,Explosions/Remote violence,51.2386,33.6755
104857,Ukraine,Explosions/Remote violence,51.2386,33.6755
104858,Ukraine,Explosions/Remote violence,51.2386,33.6755
104859,Ukraine,Explosions/Remote violence,51.2386,33.6755
104860,Ukraine,Explosions/Remote violence,51.2386,33.6755
104861,Ukraine,Explosions/Remote violence,51.2386,33.6755
104862,Ukraine,Explosions/Remote violence,51.2386,33.6755
104863,Ukraine,Explosions/Remote violence,51.2386,33.6755
104864,Ukraine,Explosions/Remote violence,51.2386,33.6755
104865,Ukraine,Explosions/Remote violence,51.2386,33.6755
104866,Ukraine,Explosions/Remote violence,51.2386,33.6755
104867,Ukraine,Explosions/Remote violence,51.2386,33.6755
104868,Ukraine,Explosions/Remote violence,51.2386,33.6755
104869,Ukraine,Explosions/Remote violence,51.2386,33.6755
104870,Ukraine,Explosions/Remote violence,51.2386,33.6755
104871,Ukraine,Explosions/Remote violence,51.2386,33.6755
104872,Ukraine,Explosions/Remote violence,51.2386,33.6755
104873,Ukraine,Explosions/Remote violence,51.2386,33.6755
104874,Ukraine,Explosions/Remote violence,51.2386,33.6755
104875,Ukraine,Explosions/Remote violence,51.2386,33.6755
104876,Ukraine,Explosions/Remote violence,51.2386,33.6755
104877,Ukraine,Explosions/Remote violence,51.2386,33.6755
104878,Ukraine,Explosions/Remote violence,51.2386,33.6755
104879,Ukraine,Explosions/Remote violence,51.2386,33.6755
104880,Ukraine,Explosions/Remote violence,51.2386,33.6755
104881,Ukraine,Explosions/Remote violence,51.2386,33.6755
104882,Ukraine,Explosions/Remote violence,51.2386,33.6755
104883,Ukraine,Explosions/Remote violence,51.2386,33.6755
104884,Ukraine,Explosions/Remote violence,51.2386,33.6755
104885,Ukraine,Explosions/Remote violence,51.2386,33.6755
104886,Ukraine,Explosions/Remote violence,51.2386,33.6755
104887,Ukraine,Explosions/Remote violence,51.2386,33.6755
104888,Ukraine,Explosions/Remote violence,51.2386,33.6755
104889,Ukraine,Explosions/Remote violence,51.2386,33.6755
104890,Ukraine,Explosions/Remote violence,51.2386,33.6755
104891,Ukraine,Explosions/Remote violence,51.2386,33.6755
104892,Ukraine,Explosions/Remote violence,51.2386,33.6755
104893,Ukraine,Explosions/Remote violence,51.2386,33.6755
104894,Ukraine,Explosions/Remote violence,51.2386,33.6755
104895,Ukraine,Explosions/Remote violence,51.2386,33.6755
104896,Ukraine,Explosions/Remote violence,51.2386,33.6755
104897,Ukraine,Explosions/Remote violence,51.2386,33.6755
104898,Ukraine,Explosions/Remote violence,51.2386,33.6755
104899,Ukraine,Explosions/Remote violence,51.2386,33.6755
104900,Ukraine,Explosions/Remote violence,51.2386,33.6755
104901,Ukraine,Explosions/Remote violence,51.2386,33.6755
104902,Ukraine,Explosions/Remote violence,51.2386,33.6755
104903,Ukraine,Explosions/Remote violence,51.2386,33.6755
104904,Ukraine,Explosions/Remote violence,51.2386,33.6755
104905,Ukraine,Explosions/Remote violence,51.2386,33.6755
104906,Ukraine,Explosions/Remote violence,51.2386,33.6755
104907,Ukraine,Explosions/Remote violence,51.2386,33.6755
104908,Ukraine,Explosions/Remote violence,51.2386,33.6755
104909,Ukraine,Explosions/Remote violence,51.2386,33.6755
104910,Ukraine,Explosions/Remote violence,51.2386,33.6755
104911,Ukraine,Explosions/Remote violence,51.2386,33.6755
104912,Ukraine,Explosions/Remote violence,51.2386,33.6755
104913,Ukraine,Explosions/Remote violence,51.2386,33.6755
104914,Ukraine,Explosions/Remote violence,51.2386,33.6755
104915,Ukraine,Explosions/Remote violence,51.2386,33.6755
104916,Ukraine,Explosions/Remote violence,51.2386,33.6755
104917,Ukraine,Explosions/Remote violence,51.2386,33.6755
104918,Ukraine,Explosions/Remote violence,51.2386,33.6755
104919,Ukraine,Explosions/Remote violence,51.2386,33.6755
104920,Ukraine,Explosions/Remote violence,51.2386,33.6755
104921,Ukraine,Explosions/Remote violence,51.2386,33.6755
104922,Ukraine,Explosions/Remote violence,51.2386,33.6755
104923,Ukraine,Explosions/Remote violence,51.2386,33.6755
104924,Ukraine,Explosions/Remote violence,51.2386,33.6755
104925,Ukraine,Explosions/Remote violence,51.2386,33.6755
104926,Ukraine,Explosions/Remote violence,51.2386,33.6755
104927,Ukraine,Explosions/Remote violence,51.2386,33.6755
104928,Ukraine,Explosions/Remote violence,51.2386,33.6755
104929,Ukraine,Explosions/Remote violence,51.2386,33.6755
104930,Ukraine,Explosions/Remote violence,51.2386,33.6755
104931,Ukraine,Explosions/Remote violence,51.2386,33.6755
104932,Ukraine,Explosions/Remote violence,51.2386,33.6755
104933,Ukraine,Explosions/Remote violence,51.2386,33.6755
104934,Ukraine,Explosions/Remote violence,51.2386,33.6755
104935,Ukraine,Explosions/Remote violence,51.2386,33.6755
104936,Ukraine,Explosions/Remote violence,51.2386,33.6755
104937,Ukraine,Explosions/Remote violence,51.2386,33.6755
104938,Ukraine,Explosions/Remote violence,51.2386,33.6755
104939,Ukraine,Explosions/Remote violence,51.2386,33.6755
104940,Ukraine,Explosions/Remote violence,51.2386,33.6755
104941,Ukraine,Explosions/Remote violence,51.2386,33.6755
104942,Ukraine,Explosions/Remote violence,51.2386,33.6755
104943,Ukraine,Explosions/Remote violence,51.2386,33.6755
104944,Ukraine,Explosions/Remote violence,51.2386,33.6755
104945,Ukraine,Explosions/Remote violence,51.2386,33.6755
104946,Ukraine,Explosions/Remote violence,51.2386,33.6755
104947,Ukraine,Explosions/Remote violence,51.2386,33.6755
104948,Ukraine,Explosions/Remote violence,51.2386,33.6755
104949,Ukraine,Explosions/Remote violence,51.2386,33.6755
104950,Ukraine,Explosions/Remote violence,51.2386,33.6755
104951,Ukraine,Explosions/Remote violence,51.2386,33.6755
104952,Ukraine,Explosions/Remote violence,51.2386,33.6755
104953,Ukraine,Explosions/Remote violence,51.2386,33.6755
104954,Ukraine,Explosions/Remote violence,51.2386,33.6755
104955,Ukraine,Explosions/Remote violence,51.2386,33.6755
104956,Ukraine,Explosions/Remote violence,51.2386,33.6755
104957,Ukraine,Explosions/Remote violence,51.2386,33.6755
104958,Ukraine,Explosions/Remote violence,51.2386,33.6755
104959,Ukraine,Explosions/Remote violence,51.2386,33.6755
104960,Ukraine,Explosions/Remote violence,51.2386,33.6755
104961,Ukraine,Explosions/Remote violence,51.2386,33.6755
104962,Ukraine,Explosions/Remote violence,51.2386,33.6755
104963,Ukraine,Explosions/Remote violence,51.2386,33.6755
104964,Ukraine,Explosions/Remote violence,51.2386,33.6755
104965,Ukraine,Explosions/Remote violence,51.2386,33.6755
104966,Ukraine,Explosions/Remote violence,51.2386,33.6755
104967,Ukraine,Explosions/Remote violence,51.2386,33.6755
104968,Ukraine,Explosions/Remote violence,51.2386,33.6755
104969,Ukraine,Explosions/Remote violence,51.2386,33.6755
104970,Ukraine,Explosions/Remote violence,51.2386,33.6755
104971,Ukraine,Explosions/Remote violence,51.2386,33.6755
104972,Ukraine,Explosions/Remote violence,51.2386,33.6755
104973,Ukraine,Explosions/Remote violence,51.2386,33.6755
104974,Ukraine,Explosions/Remote violence,51.2386,33.6755
104975,Ukraine,Explosions/Remote violence,51.2386,33.6755
104976,Ukraine,Explosions/Remote violence,51.2386,33.6755
104977,Ukraine,Explosions/Remote violence,51.2386,33.6755
104978,Ukraine,Explosions/Remote violence,51.2386,33.6755
104979,Ukraine,Explosions/Remote violence,51.2386,33.6755
104980,Ukraine,Explosions/Remote violence,51.2386,33.6755
104981,Ukraine,Explosions/Remote violence,51.2386,33.6755
104982,Ukraine,Explosions/Remote violence,51.2386,33.6755
104983,Ukraine,Explosions/Remote violence,51.2386,33.6755
104984,Ukraine,Explosions/Remote violence,51.2386,33.6755
104985,Ukraine,Explosions/Remote violence,51.2386,33.6755
104986,Ukraine,Explosions/Remote violence,51.2386,33.6755
104987,Ukraine,Explosions/Remote violence,51.2386,33.6755
104988,Ukraine,Explosions/Remote violence,51.2386,33.6755
104989,Ukraine,Explosions/Remote violence,51.2386,33.6755
104990,Ukraine,Explosions/Remote violence,51.2386,33.6755
104991,Ukraine,Explosions/Remote violence,51.2386,33.6755
104992,Ukraine,Explosions/Remote violence,51.2386,33.6755
104993,Ukraine,Explosions/Remote violence,51.2386,33.6755
104994,Ukraine,Explosions/Remote violence,51.2386,33.6755
104995,Ukraine,Explosions/Remote violence,51.2386,33.6755
104996,Ukraine,Explosions/Remote violence,51.2386,33.6755
104997,Ukraine,Explosions/Remote violence,51.2386,33.6755
104998,Ukraine,Explosions/Remote violence,51.2386,33.6755
104999,Ukraine,Explosions/Remote violence,51.2386,33.6755
105000,Ukraine,Explosions/Remote violence,51.2386,33.6755
105001,Ukraine,Explosions/Remote violence,51.2386,33.6755
105002,Ukraine,Explosions/Remote violence,51.2386,33.6755
105003,Ukraine,Explosions/Remote violence,51.2386,33.6755
105004,Ukraine,Explosions/Remote violence,51.2386,33.6755
105005,Ukraine,Explosions/Remote violence,51.2386,33.6755
105006,Ukraine,Explosions/Remote violence,51.2386,33.6755
105007,Ukraine,Explosions/Remote violence,51.2386,33.6755
105008,Ukraine,Explosions/Remote violence,51.2386,33.6755
105009,Ukraine,Explosions/Remote violence,51.2386,33.6755
105010,Ukraine,Explosions/Remote violence,51.2386,33.6755
105011,Ukraine,Explosions/Remote violence,51.2386,33.6755
105012,Ukraine,Explosions/Remote violence,51.2386,33.6755
105013,Ukraine,Explosions/Remote violence,51.2386,33.6755
105014,Ukraine,Explosions/Remote violence,51.2386,33.6755
105015,Ukraine,Explosions/Remote violence,51.2386,33.6755
105016,Ukraine,Explosions/Remote violence,51.2386,33.6755
105017,Ukraine,Explosions/Remote violence,51.2386,33.6755
105018,Ukraine,Explosions/Remote violence,51.2386,33.6755
105019,Ukraine,Explosions/Remote violence,51.2386,33.6755
105020,Ukraine,Explosions/Remote violence,51.2386,33.6755
105021,Ukraine,Explosions/Remote violence,51.2386,33.6755
105022,Ukraine,Explosions/Remote violence,51.2386,33.6755
105023,Ukraine,Explosions/Remote violence,51.2386,33.6755
105024,Ukraine,Explosions/Remote violence,51.2386,33.6755
105025,Ukraine,Explosions/Remote violence,51.2386,33.6755
105026,Ukraine,Explosions/Remote violence,51.2386,33.6755
105027,Ukraine,Explosions/Remote violence,51.2386,33.6755
105028,Ukraine,Explosions/Remote violence,51.2386,33.6755
105029,Ukraine,Explosions/Remote violence,51.2386,33.6755
105030,Ukraine,Explosions/Remote violence,51.2386,33.6755
105031,Ukraine,Explosions/Remote violence,51.2386,33.6755
105032,Ukraine,Explosions/Remote violence,51.2386,33.6755
105033,Ukraine,Explosions/Remote violence,51.2386,33.6755
105034,Ukraine,Explosions/Remote violence,51.2386,33.6755
105035,Ukraine,Explosions/Remote violence,51.2386,33.6755
105036,Ukraine,Explosions/Remote violence,51.2386,33.6755
105037,Ukraine,Explosions/Remote violence,51.2386,33.6755
105038,Ukraine,Explosions/Remote violence,51.2386,33.6755
105039,Ukraine,Explosions/Remote violence,51.2386,33.6755
105040,Ukraine,Explosions/Remote violence,51.2386,33.6755
105041,Ukraine,Explosions/Remote violence,51.2386,33.6755
105042,Ukraine,Explosions/Remote violence,51.2386,33.6755
105043,Ukraine,Explosions/Remote violence,51.2386,33.6755
105044,Ukraine,Explosions/Remote violence,51.2386,33.6755
105045,Ukraine,Explosions/Remote violence,51.2386,33.6755
105046,Ukraine,Explosions/Remote violence,51.2386,33.6755
105047,Ukraine,Explosions/Remote violence,51.2386,33.6755
105048,Ukraine,Explosions/Remote violence,51.2386,33.6755
105049,Ukraine,Explosions/Remote violence,51.2386,33.6755
105050,Ukraine,Explosions/Remote violence,51.2386,33.6755
105051,Ukraine,Explosions/Remote violence,51.2386,33.6755
105052,Ukraine,Explosions/Remote violence,51.2386,33.6755
105053,Ukraine,Explosions/Remote violence,51.2386,33.6755
105054,Ukraine,Explosions/Remote violence,51.2386,33.6755
105055,Ukraine,Explosions/Remote violence,51.2386,33.6755
105056,Ukraine,Explosions/Remote violence,51.2386,33.6755
105057,Ukraine,Explosions/Remote violence,51.2386,33.6755
105058,Ukraine,Explosions/Remote violence,51.2386,33.6755
105059,Ukraine,Explosions/Remote violence,51.2386,33.6755
105060,Ukraine,Explosions/Remote violence,51.2386,33.6755
105061,Ukraine,Explosions/Remote violence,51.2386,33.6755
105062,Ukraine,Explosions/Remote violence,51.2386,33.6755
105063,Ukraine,Explosions/Remote violence,51.2386,33.6755
105064,Ukraine,Explosions/Remote violence,51.2386,33.6755
105065,Ukraine,Explosions/Remote violence,51.2386,33.6755
105066,Ukraine,Explosions/Remote violence,51.2386,33.6755
105067,Ukraine,Explosions/Remote violence,51.2386,33.6755
105068,Ukraine,Explosions/Remote violence,51.2386,33.6755
105069,Ukraine,Explosions/Remote violence,51.2386,33.6755
105070,Ukraine,Explosions/Remote violence,51.2386,33.6755
105071,Ukraine,Explosions/Remote violence,51.2386,33.6755
105072,Ukraine,Explosions/Remote violence,51.2386,33.6755
105073,Ukraine,Explosions/Remote violence,51.2386,33.6755
105074,Ukraine,Explosions/Remote violence,51.2386,33.6755
105075,Ukraine,Explosions/Remote violence,51.2386,33.6755
105076,Ukraine,Explosions/Remote violence,51.2386,33.6755
105077,Ukraine,Explosions/Remote violence,51.2386,33.6755
105078,Ukraine,Explosions/Remote violence,51.2386,33.6755
105079,Ukraine,Explosions/Remote violence,51.2386,33.6755
105080,Ukraine,Explosions/Remote violence,51.2386,33.6755
105081,Ukraine,Explosions/Remote violence,51.2386,33.6755
105082,Ukraine,Explosions/Remote violence,51.2386,33.6755
105083,Ukraine,Explosions/Remote violence,51.2386,33.6755
105084,Ukraine,Explosions/Remote violence,51.2386,33.6755
105085,Ukraine,Explosions/Remote violence,51.2386,33.6755
105086,Ukraine,Explosions/Remote violence,51.2386,33.6755
105087,Ukraine,Explosions/Remote violence,51.2386,33.6755
105088,Ukraine,Explosions/Remote violence,51.2386,33.6755
105164,Ukraine,Riots,51.2386,33.6755
105165,Ukraine,Riots,51.2386,33.6755
105166,Ukraine,Riots,51.2386,33.6755
105167,Ukraine,Riots,51.2386,33.6755
105293,Ukraine,Violence against civilians,51.2386,33.6755
105294,Ukraine,Violence against civilians,51.2386,33.6755
105295,Ukraine,Violence against civilians,51.2386,33.6755
105296,Ukraine,Violence against civilians,51.2386,33.6755
105297,Ukraine,Violence against civilians,51.2386,33.6755
105298,Ukraine,Violence against civilians,51.2386,33.6755
105299,Ukraine,Violence against civilians,51.2386,33.6755
105300,Ukraine,Violence against civilians,51.2386,33.6755
105301,Ukraine,Violence against civilians,51.2386,33.6755
105302,Ukraine,Violence against civilians,51.2386,33.6755
105303,Ukraine,Violence against civilians,51.2386,33.6755
105304,Ukraine,Violence against civilians,51.2386,33.6755
105305,Ukraine,Violence against civilians,51.2386,33.6755
105306,Ukraine,Violence against civilians,51.2386,33.6755
105307,Ukraine,Violence against civilians,51.2386,33.6755
105308,Ukraine,Violence against civilians,51.2386,33.6755
105309,Ukraine,Explosions/Remote violence,49.3869,25.5249
105310,Ukraine,Explosions/Remote violence,49.3869,25.5249
105311,Ukraine,Explosions/Remote violence,49.3869,25.5249
105312,Ukraine,Explosions/Remote violence,49.3869,25.5249
105313,Ukraine,Explosions/Remote violence,49.3869,25.5249
105314,Ukraine,Explosions/Remote violence,49.3869,25.5249
105315,Ukraine,Explosions/Remote violence,49.3869,25.5249
105316,Ukraine,Explosions/Remote violence,49.3869,25.5249
105317,Ukraine,Explosions/Remote violence,49.3869,25.5249
105318,Ukraine,Explosions/Remote violence,49.3869,25.5249
105319,Ukraine,Explosions/Remote violence,49.3869,25.5249
105320,Ukraine,Explosions/Remote violence,49.3869,25.5249
105321,Ukraine,Explosions/Remote violence,49.3869,25.5249
105322,Ukraine,Explosions/Remote violence,49.3869,25.5249
105323,Ukraine,Explosions/Remote violence,49.3869,25.5249
105324,Ukraine,Explosions/Remote violence,49.3869,25.5249
105325,Ukraine,Explosions/Remote violence,49.3869,25.5249
105326,Ukraine,Explosions/Remote violence,49.3869,25.5249
105327,Ukraine,Explosions/Remote violence,49.3869,25.5249
105328,Ukraine,Explosions/Remote violence,49.3869,25.5249
105329,Ukraine,Explosions/Remote violence,49.3869,25.5249
105330,Ukraine,Explosions/Remote violence,49.3869,25.5249
105331,Ukraine,Explosions/Remote violence,49.3869,25.5249
105422,Ukraine,Riots,49.3869,25.5249
105423,Ukraine,Riots,49.3869,25.5249
105424,Ukraine,Riots,49.3869,25.5249
105425,Ukraine,Riots,49.3869,25.5249
105426,Ukraine,Riots,49.3869,25.5249
105450,Ukraine,Violence against civilians,49.3869,25.5249
105451,Ukraine,Violence against civilians,49.3869,25.5249
105452,Ukraine,Violence against civilians,49.3869,25.5249
105453,Ukraine,Explosions/Remote violence,48.9819,28.5387
105454,Ukraine,Explosions/Remote violence,48.9819,28.5387
105455,Ukraine,Explosions/Remote violence,48.9819,28.5387
105456,Ukraine,Explosions/Remote violence,48.9819,28.5387
105457,Ukraine,Explosions/Remote violence,48.9819,28.5387
105458,Ukraine,Explosions/Remote violence,48.9819,28.5387
105459,Ukraine,Explosions/Remote violence,48.9819,28.5387
105460,Ukraine,Explosions/Remote violence,48.9819,28.5387
105461,Ukraine,Explosions/Remote violence,48.9819,28.5387
105462,Ukraine,Explosions/Remote violence,48.9819,28.5387
105463,Ukraine,Explosions/Remote violence,48.9819,28.5387
105464,Ukraine,Explosions/Remote violence,48.9819,28.5387
105465,Ukraine,Explosions/Remote violence,48.9819,28.5387
105466,Ukraine,Explosions/Remote violence,48.9819,28.5387
105467,Ukraine,Explosions/Remote violence,48.9819,28.5387
105468,Ukraine,Explosions/Remote violence,48.9819,28.5387
105469,Ukraine,Explosions/Remote violence,48.9819,28.5387
105470,Ukraine,Explosions/Remote violence,48.9819,28.5387
105471,Ukraine,Explosions/Remote violence,48.9819,28.5387
105472,Ukraine,Explosions/Remote violence,48.9819,28.5387
105473,Ukraine,Explosions/Remote violence,48.9819,28.5387
105474,Ukraine,Explosions/Remote violence,48.9819,28.5387
105475,Ukraine,Explosions/Remote violence,48.9819,28.5387
105476,Ukraine,Explosions/Remote violence,48.9819,28.5387
105477,Ukraine,Explosions/Remote violence,48.9819,28.5387
105478,Ukraine,Explosions/Remote violence,48.9819,28.5387
105479,Ukraine,Explosions/Remote violence,48.9819,28.5387
105480,Ukraine,Explosions/Remote violence,48.9819,28.5387
105481,Ukraine,Explosions/Remote violence,48.9819,28.5387
105482,Ukraine,Explosions/Remote violence,48.9819,28.5387
105483,Ukraine,Explosions/Remote violence,48.9819,28.5387
105484,Ukraine,Explosions/Remote violence,48.9819,28.5387
105485,Ukraine,Explosions/Remote violence,48.9819,28.5387
105486,Ukraine,Explosions/Remote violence,48.9819,28.5387
105487,Ukraine,Explosions/Remote violence,48.9819,28.5387
105488,Ukraine,Explosions/Remote violence,48.9819,28.5387
105489,Ukraine,Explosions/Remote violence,48.9819,28.5387
105490,Ukraine,Explosions/Remote violence,48.9819,28.5387
105491,Ukraine,Explosions/Remote violence,48.9819,28.5387
105492,Ukraine,Explosions/Remote violence,48.9819,28.5387
105493,Ukraine,Explosions/Remote violence,48.9819,28.5387
105494,Ukraine,Explosions/Remote violence,48.9819,28.5387
105495,Ukraine,Explosions/Remote violence,48.9819,28.5387
105496,Ukraine,Explosions/Remote violence,48.9819,28.5387
105497,Ukraine,Explosions/Remote violence,48.9819,28.5387
105498,Ukraine,Explosions/Remote violence,48.9819,28.5387
105499,Ukraine,Explosions/Remote violence,48.9819,28.5387
105500,Ukraine,Explosions/Remote violence,48.9819,28.5387
105501,Ukraine,Explosions/Remote violence,48.9819,28.5387
105502,Ukraine,Explosions/Remote violence,48.9819,28.5387
105503,Ukraine,Explosions/Remote violence,48.9819,28.5387
105504,Ukraine,Explosions/Remote violence,48.9819,28.5387
105505,Ukraine,Explosions/Remote violence,48.9819,28.5387
105506,Ukraine,Explosions/Remote violence,48.9819,28.5387
105507,Ukraine,Explosions/Remote violence,48.9819,28.5387
105583,Ukraine,Riots,48.9819,28.5387
105584,Ukraine,Riots,48.9819,28.5387
105585,Ukraine,Riots,48.9819,28.5387
105586,Ukraine,Riots,48.9819,28.5387
105587,Ukraine,Riots,48.9819,28.5387
105588,Ukraine,Riots,48.9819,28.5387
105589,Ukraine,Riots,48.9819,28.5387
105590,Ukraine,Riots,48.9819,28.5387
105591,Ukraine,Riots,48.9819,28.5387
105664,Ukraine,Violence against civilians,48.9819,28.5387
105665,Ukraine,Violence against civilians,48.9819,28.5387
105666,Ukraine,Violence against civilians,48.9819,28.5387
105667,Ukraine,Violence against civilians,48.9819,28.5387
105668,Ukraine,Violence against civilians,48.9819,28.5387
105669,Ukraine,Violence against civilians,48.9819,28.5387
105670,Ukraine,Violence against civilians,48.9819,28.5387
105671,Ukraine,Violence against civilians,48.9819,28.5387
105676,Ukraine,Explosions/Remote violence,51.1282,24.9367
105677,Ukraine,Explosions/Remote violence,51.1282,24.9367
105678,Ukraine,Explosions/Remote violence,51.1282,24.9367
105679,Ukraine,Explosions/Remote violence,51.1282,24.9367
105680,Ukraine,Explosions/Remote violence,51.1282,24.9367
105681,Ukraine,Explosions/Remote violence,51.1282,24.9367
105682,Ukraine,Explosions/Remote violence,51.1282,24.9367
105683,Ukraine,Explosions/Remote violence,51.1282,24.9367
105684,Ukraine,Explosions/Remote violence,51.1282,24.9367
105685,Ukraine,Explosions/Remote violence,51.1282,24.9367
105686,Ukraine,Explosions/Remote violence,51.1282,24.9367
105687,Ukraine,Explosions/Remote violence,51.1282,24.9367
105688,Ukraine,Explosions/Remote violence,51.1282,24.9367
105689,Ukraine,Explosions/Remote violence,51.1282,24.9367
105690,Ukraine,Explosions/Remote violence,51.1282,24.9367
105691,Ukraine,Explosions/Remote violence,51.1282,24.9367
105692,Ukraine,Explosions/Remote violence,51.1282,24.9367
105693,Ukraine,Explosions/Remote violence,51.1282,24.9367
105694,Ukraine,Explosions/Remote violence,51.1282,24.9367
105695,Ukraine,Explosions/Remote violence,51.1282,24.9367
105696,Ukraine,Explosions/Remote violence,51.1282,24.9367
105697,Ukraine,Explosions/Remote violence,51.1282,24.9367
105698,Ukraine,Explosions/Remote violence,51.1282,24.9367
105699,Ukraine,Explosions/Remote violence,51.1282,24.9367
105774,Ukraine,Riots,51.1282,24.9367
105775,Ukraine,Riots,51.1282,24.9367
105776,Ukraine,Riots,51.1282,24.9367
105777,Ukraine,Riots,51.1282,24.9367
105778,Ukraine,Riots,51.1282,24.9367
105779,Ukraine,Riots,51.1282,24.9367
105780,Ukraine,Riots,51.1282,24.9367
105803,Ukraine,Violence against civilians,51.1282,24.9367
105804,Ukraine,Violence against civilians,51.1282,24.9367
105805,Ukraine,Violence against civilians,51.1282,24.9367
105806,Ukraine,Violence against civilians,51.1282,24.9367
105811,Ukraine,Explosions/Remote violence,43.9783,30.1149
105812,Ukraine,Explosions/Remote violence,43.9783,30.1149
105813,Ukraine,Explosions/Remote violence,43.9783,30.1149
105814,Ukraine,Explosions/Remote violence,43.9783,30.1149
105815,Ukraine,Explosions/Remote violence,43.9783,30.1149
105816,Ukraine,Explosions/Remote violence,43.9783,30.1149
105817,Ukraine,Explosions/Remote violence,43.9783,30.1149
105818,Ukraine,Explosions/Remote violence,43.9783,30.1149
105819,Ukraine,Explosions/Remote violence,43.9783,30.1149
105820,Ukraine,Explosions/Remote violence,43.9783,30.1149
105821,Ukraine,Explosions/Remote violence,43.9783,30.1149
105822,Ukraine,Explosions/Remote violence,43.9783,30.1149
105823,Ukraine,Explosions/Remote violence,43.9783,30.1149
105824,Ukraine,Explosions/Remote violence,43.9783,30.1149
105825,Ukraine,Explosions/Remote violence,43.9783,30.1149
105826,Ukraine,Explosions/Remote violence,43.9783,30.1149
105827,Ukraine,Explosions/Remote violence,43.9783,30.1149
105828,Ukraine,Explosions/Remote violence,43.9783,30.1149
105829,Ukraine,Explosions/Remote violence,43.9783,30.1149
105873,Ukraine,Explosions/Remote violence,48.4969,23.035
105874,Ukraine,Explosions/Remote violence,48.4969,23.035
105875,Ukraine,Explosions/Remote violence,48.4969,23.035
105876,Ukraine,Explosions/Remote violence,48.4969,23.035
105877,Ukraine,Explosions/Remote violence,48.4969,23.035
105878,Ukraine,Explosions/Remote violence,48.4969,23.035
105879,Ukraine,Explosions/Remote violence,48.4969,23.035
105880,Ukraine,Explosions/Remote violence,48.4969,23.035
105881,Ukraine,Explosions/Remote violence,48.4969,23.035
105882,Ukraine,Explosions/Remote violence,48.4969,23.035
105883,Ukraine,Explosions/Remote violence,48.4969,23.035
105940,Ukraine,Riots,48.4969,23.035
105941,Ukraine,Riots,48.4969,23.035
105942,Ukraine,Riots,48.4969,23.035
105943,Ukraine,Riots,48.4969,23.035
105944,Ukraine,Riots,48.4969,23.035
105945,Ukraine,Riots,48.4969,23.035
105946,Ukraine,Riots,48.4969,23.035
105947,Ukraine,Riots,48.4969,23.035
105948,Ukraine,Riots,48.4969,23.035
105971,Ukraine,Violence against civilians,48.4969,23.035
105972,Ukraine,Violence against civilians,48.4969,23.035
105973,Ukraine,Violence against civilians,48.4969,23.035
105974,Ukraine,Violence against civilians,48.4969,23.035
105975,Ukraine,Violence against civilians,48.4969,23.035
105976,Ukraine,Violence against civilians,48.4969,23.035
106187,Ukraine,Explosions/Remote violence,47.2038,35.6963
106188,Ukraine,Explosions/Remote violence,47.2038,35.6963
106189,Ukraine,Explosions/Remote violence,47.2038,35.6963
106190,Ukraine,Explosions/Remote violence,47.2038,35.6963
106191,Ukraine,Explosions/Remote violence,47.2038,35.6963
106192,Ukraine,Explosions/Remote violence,47.2038,35.6963
106193,Ukraine,Explosions/Remote violence,47.2038,35.6963
106194,Ukraine,Explosions/Remote violence,47.2038,35.6963
106195,Ukraine,Explosions/Remote violence,47.2038,35.6963
106196,Ukraine,Explosions/Remote violence,47.2038,35.6963
106197,Ukraine,Explosions/Remote violence,47.2038,35.6963
106198,Ukraine,Explosions/Remote violence,47.2038,35.6963
106199,Ukraine,Explosions/Remote violence,47.2038,35.6963
106200,Ukraine,Explosions/Remote violence,47.2038,35.6963
106201,Ukraine,Explosions/Remote violence,47.2038,35.6963
106202,Ukraine,Explosions/Remote violence,47.2038,35.6963
106203,Ukraine,Explosions/Remote violence,47.2038,35.6963
106204,Ukraine,Explosions/Remote violence,47.2038,35.6963
106205,Ukraine,Explosions/Remote violence,47.2038,35.6963
106206,Ukraine,Explosions/Remote violence,47.2038,35.6963
106207,Ukraine,Explosions/Remote violence,47.2038,35.6963
106208,Ukraine,Explosions/Remote violence,47.2038,35.6963
106209,Ukraine,Explosions/Remote violence,47.2038,35.6963
106210,Ukraine,Explosions/Remote violence,47.2038,35.6963
106211,Ukraine,Explosions/Remote violence,47.2038,35.6963
106212,Ukraine,Explosions/Remote violence,47.2038,35.6963
106213,Ukraine,Explosions/Remote violence,47.2038,35.6963
106214,Ukraine,Explosions/Remote violence,47.2038,35.6963
106215,Ukraine,Explosions/Remote violence,47.2038,35.6963
106216,Ukraine,Explosions/Remote violence,47.2038,35.6963
106217,Ukraine,Explosions/Remote violence,47.2038,35.6963
106218,Ukraine,Explosions/Remote violence,47.2038,35.6963
106219,Ukraine,Explosions/Remote violence,47.2038,35.6963
106220,Ukraine,Explosions/Remote violence,47.2038,35.6963
106221,Ukraine,Explosions/Remote violence,47.2038,35.6963
106222,Ukraine,Explosions/Remote violence,47.2038,35.6963
106223,Ukraine,Explosions/Remote violence,47.2038,35.6963
106224,Ukraine,Explosions/Remote violence,47.2038,35.6963
106225,Ukraine,Explosions/Remote violence,47.2038,35.6963
106226,Ukraine,Explosions/Remote violence,47.2038,35.6963
106227,Ukraine,Explosions/Remote violence,47.2038,35.6963
106228,Ukraine,Explosions/Remote violence,47.2038,35.6963
106229,Ukraine,Explosions/Remote violence,47.2038,35.6963
106230,Ukraine,Explosions/Remote violence,47.2038,35.6963
106231,Ukraine,Explosions/Remote violence,47.2038,35.6963
106232,Ukraine,Explosions/Remote violence,47.2038,35.6963
106233,Ukraine,Explosions/Remote violence,47.2038,35.6963
106234,Ukraine,Explosions/Remote violence,47.2038,35.6963
106235,Ukraine,Explosions/Remote violence,47.2038,35.6963
106236,Ukraine,Explosions/Remote violence,47.2038,35.6963
106237,Ukraine,Explosions/Remote violence,47.2038,35.6963
106238,Ukraine,Explosions/Remote violence,47.2038,35.6963
106239,Ukraine,Explosions/Remote violence,47.2038,35.6963
106240,Ukraine,Explosions/Remote violence,47.2038,35.6963
106241,Ukraine,Explosions/Remote violence,47.2038,35.6963
106242,Ukraine,Explosions/Remote violence,47.2038,35.6963
106243,Ukraine,Explosions/Remote violence,47.2038,35.6963
106244,Ukraine,Explosions/Remote violence,47.2038,35.6963
106245,Ukraine,Explosions/Remote violence,47.2038,35.6963
106246,Ukraine,Explosions/Remote violence,47.2038,35.6963
106247,Ukraine,Explosions/Remote violence,47.2038,35.6963
106248,Ukraine,Explosions/Remote violence,47.2038,35.6963
106249,Ukraine,Explosions/Remote violence,47.2038,35.6963
106250,Ukraine,Explosions/Remote violence,47.2038,35.6963
106251,Ukraine,Explosions/Remote violence,47.2038,35.6963
106252,Ukraine,Explosions/Remote violence,47.2038,35.6963
106253,Ukraine,Explosions/Remote violence,47.2038,35.6963
106254,Ukraine,Explosions/Remote violence,47.2038,35.6963
106255,Ukraine,Explosions/Remote violence,47.2038,35.6963
106256,Ukraine,Explosions/Remote violence,47.2038,35.6963
106257,Ukraine,Explosions/Remote violence,47.2038,35.6963
106258,Ukraine,Explosions/Remote violence,47.2038,35.6963
106259,Ukraine,Explosions/Remote violence,47.2038,35.6963
106260,Ukraine,Explosions/Remote violence,47.2038,35.6963
106261,Ukraine,Explosions/Remote violence,47.2038,35.6963
106262,Ukraine,Explosions/Remote violence,47.2038,35.6963
106263,Ukraine,Explosions/Remote violence,47.2038,35.6963
106264,Ukraine,Explosions/Remote violence,47.2038,35.6963
106265,Ukraine,Explosions/Remote violence,47.2038,35.6963
106266,Ukraine,Explosions/Remote violence,47.2038,35.6963
106267,Ukraine,Explosions/Remote violence,47.2038,35.6963
106268,Ukraine,Explosions/Remote violence,47.2038,35.6963
106269,Ukraine,Explosions/Remote violence,47.2038,35.6963
106270,Ukraine,Explosions/Remote violence,47.2038,35.6963
106271,Ukraine,Explosions/Remote violence,47.2038,35.6963
106272,Ukraine,Explosions/Remote violence,47.2038,35.6963
106273,Ukraine,Explosions/Remote violence,47.2038,35.6963
106274,Ukraine,Explosions/Remote violence,47.2038,35.6963
106275,Ukraine,Explosions/Remote violence,47.2038,35.6963
106276,Ukraine,Explosions/Remote violence,47.2038,35.6963
106277,Ukraine,Explosions/Remote violence,47.2038,35.6963
106278,Ukraine,Explosions/Remote violence,47.2038,35.6963
106279,Ukraine,Explosions/Remote violence,47.2038,35.6963
106280,Ukraine,Explosions/Remote violence,47.2038,35.6963
106281,Ukraine,Explosions/Remote violence,47.2038,35.6963
106282,Ukraine,Explosions/Remote violence,47.2038,35.6963
106283,Ukraine,Explosions/Remote violence,47.2038,35.6963
106284,Ukraine,Explosions/Remote violence,47.2038,35.6963
106285,Ukraine,Explosions/Remote violence,47.2038,35.6963
106286,Ukraine,Explosions/Remote violence,47.2038,35.6963
106287,Ukraine,Explosions/Remote violence,47.2038,35.6963
106288,Ukraine,Explosions/Remote violence,47.2038,35.6963
106289,Ukraine,Explosions/Remote violence,47.2038,35.6963
106290,Ukraine,Explosions/Remote violence,47.2038,35.6963
106291,Ukraine,Explosions/Remote violence,47.2038,35.6963
106292,Ukraine,Explosions/Remote violence,47.2038,35.6963
106293,Ukraine,Explosions/Remote violence,47.2038,35.6963
106294,Ukraine,Explosions/Remote violence,47.2038,35.6963
106295,Ukraine,Explosions/Remote violence,47.2038,35.6963
106296,Ukraine,Explosions/Remote violence,47.2038,35.6963
106297,Ukraine,Explosions/Remote violence,47.2038,35.6963
106298,Ukraine,Explosions/Remote violence,47.2038,35.6963
106299,Ukraine,Explosions/Remote violence,47.2038,35.6963
106300,Ukraine,Explosions/Remote violence,47.2038,35.6963
106301,Ukraine,Explosions/Remote violence,47.2038,35.6963
106302,Ukraine,Explosions/Remote violence,47.2038,35.6963
106303,Ukraine,Explosions/Remote violence,47.2038,35.6963
106304,Ukraine,Explosions/Remote violence,47.2038,35.6963
106305,Ukraine,Explosions/Remote violence,47.2038,35.6963
106306,Ukraine,Explosions/Remote violence,47.2038,35.6963
106307,Ukraine,Explosions/Remote violence,47.2038,35.6963
106308,Ukraine,Explosions/Remote violence,47.2038,35.6963
106309,Ukraine,Explosions/Remote violence,47.2038,35.6963
106310,Ukraine,Explosions/Remote violence,47.2038,35.6963
106311,Ukraine,Explosions/Remote violence,47.2038,35.6963
106312,Ukraine,Explosions/Remote violence,47.2038,35.6963
106313,Ukraine,Explosions/Remote violence,47.2038,35.6963
106314,Ukraine,Explosions/Remote violence,47.2038,35.6963
106315,Ukraine,Explosions/Remote violence,47.2038,35.6963
106316,Ukraine,Explosions/Remote violence,47.2038,35.6963
106317,Ukraine,Explosions/Remote violence,47.2038,35.6963
106318,Ukraine,Explosions/Remote violence,47.2038,35.6963
106319,Ukraine,Explosions/Remote violence,47.2038,35.6963
106320,Ukraine,Explosions/Remote violence,47.2038,35.6963
106321,Ukraine,Explosions/Remote violence,47.2038,35.6963
106322,Ukraine,Explosions/Remote violence,47.2038,35.6963
106323,Ukraine,Explosions/Remote violence,47.2038,35.6963
106324,Ukraine,Explosions/Remote violence,47.2038,35.6963
106325,Ukraine,Explosions/Remote violence,47.2038,35.6963
106326,Ukraine,Explosions/Remote violence,47.2038,35.6963
106327,Ukraine,Explosions/Remote violence,47.2038,35.6963
106328,Ukraine,Explosions/Remote violence,47.2038,35.6963
106329,Ukraine,Explosions/Remote violence,47.2038,35.6963
106330,Ukraine,Explosions/Remote violence,47.2038,35.6963
106331,Ukraine,Explosions/Remote violence,47.2038,35.6963
106332,Ukraine,Explosions/Remote violence,47.2038,35.6963
106333,Ukraine,Explosions/Remote violence,47.2038,35.6963
106334,Ukraine,Explosions/Remote violence,47.2038,35.6963
106335,Ukraine,Explosions/Remote violence,47.2038,35.6963
106336,Ukraine,Explosions/Remote violence,47.2038,35.6963
106337,Ukraine,Explosions/Remote violence,47.2038,35.6963
106338,Ukraine,Explosions/Remote violence,47.2038,35.6963
106339,Ukraine,Explosions/Remote violence,47.2038,35.6963
106340,Ukraine,Explosions/Remote violence,47.2038,35.6963
106341,Ukraine,Explosions/Remote violence,47.2038,35.6963
106342,Ukraine,Explosions/Remote violence,47.2038,35.6963
106343,Ukraine,Explosions/Remote violence,47.2038,35.6963
106344,Ukraine,Explosions/Remote violence,47.2038,35.6963
106345,Ukraine,Explosions/Remote violence,47.2038,35.6963
106346,Ukraine,Explosions/Remote violence,47.2038,35.6963
106347,Ukraine,Explosions/Remote violence,47.2038,35.6963
106348,Ukraine,Explosions/Remote violence,47.2038,35.6963
106349,Ukraine,Explosions/Remote violence,47.2038,35.6963
106350,Ukraine,Explosions/Remote violence,47.2038,35.6963
106351,Ukraine,Explosions/Remote violence,47.2038,35.6963
106352,Ukraine,Explosions/Remote violence,47.2038,35.6963
106353,Ukraine,Explosions/Remote violence,47.2038,35.6963
106354,Ukraine,Explosions/Remote violence,47.2038,35.6963
106355,Ukraine,Explosions/Remote violence,47.2038,35.6963
106356,Ukraine,Explosions/Remote violence,47.2038,35.6963
106357,Ukraine,Explosions/Remote violence,47.2038,35.6963
106358,Ukraine,Explosions/Remote violence,47.2038,35.6963
106359,Ukraine,Explosions/Remote violence,47.2038,35.6963
106360,Ukraine,Explosions/Remote violence,47.2038,35.6963
106361,Ukraine,Explosions/Remote violence,47.2038,35.6963
106362,Ukraine,Explosions/Remote violence,47.2038,35.6963
106363,Ukraine,Explosions/Remote violence,47.2038,35.6963
106364,Ukraine,Explosions/Remote violence,47.2038,35.6963
106365,Ukraine,Explosions/Remote violence,47.2038,35.6963
106366,Ukraine,Explosions/Remote violence,47.2038,35.6963
106367,Ukraine,Explosions/Remote violence,47.2038,35.6963
106368,Ukraine,Explosions/Remote violence,47.2038,35.6963
106369,Ukraine,Explosions/Remote violence,47.2038,35.6963
106370,Ukraine,Explosions/Remote violence,47.2038,35.6963
106371,Ukraine,Explosions/Remote violence,47.2038,35.6963
106372,Ukraine,Explosions/Remote violence,47.2038,35.6963
106373,Ukraine,Explosions/Remote violence,47.2038,35.6963
106374,Ukraine,Explosions/Remote violence,47.2038,35.6963
106375,Ukraine,Explosions/Remote violence,47.2038,35.6963
106376,Ukraine,Explosions/Remote violence,47.2038,35.6963
106377,Ukraine,Explosions/Remote violence,47.2038,35.6963
106378,Ukraine,Explosions/Remote violence,47.2038,35.6963
106379,Ukraine,Explosions/Remote violence,47.2038,35.6963
106380,Ukraine,Explosions/Remote violence,47.2038,35.6963
106381,Ukraine,Explosions/Remote violence,47.2038,35.6963
106382,Ukraine,Explosions/Remote violence,47.2038,35.6963
106383,Ukraine,Explosions/Remote violence,47.2038,35.6963
106384,Ukraine,Explosions/Remote violence,47.2038,35.6963
106385,Ukraine,Explosions/Remote violence,47.2038,35.6963
106386,Ukraine,Explosions/Remote violence,47.2038,35.6963
106387,Ukraine,Explosions/Remote violence,47.2038,35.6963
106388,Ukraine,Explosions/Remote violence,47.2038,35.6963
106389,Ukraine,Explosions/Remote violence,47.2038,35.6963
106390,Ukraine,Explosions/Remote violence,47.2038,35.6963
106391,Ukraine,Explosions/Remote violence,47.2038,35.6963
106392,Ukraine,Explosions/Remote violence,47.2038,35.6963
106393,Ukraine,Explosions/Remote violence,47.2038,35.6963
106394,Ukraine,Explosions/Remote violence,47.2038,35.6963
106395,Ukraine,Explosions/Remote violence,47.2038,35.6963
106396,Ukraine,Explosions/Remote violence,47.2038,35.6963
106397,Ukraine,Explosions/Remote violence,47.2038,35.6963
106398,Ukraine,Explosions/Remote violence,47.2038,35.6963
106399,Ukraine,Explosions/Remote violence,47.2038,35.6963
106400,Ukraine,Explosions/Remote violence,47.2038,35.6963
106401,Ukraine,Explosions/Remote violence,47.2038,35.6963
106402,Ukraine,Explosions/Remote violence,47.2038,35.6963
106403,Ukraine,Explosions/Remote violence,47.2038,35.6963
106404,Ukraine,Explosions/Remote violence,47.2038,35.6963
106405,Ukraine,Explosions/Remote violence,47.2038,35.6963
106406,Ukraine,Explosions/Remote violence,47.2038,35.6963
106407,Ukraine,Explosions/Remote violence,47.2038,35.6963
106408,Ukraine,Explosions/Remote violence,47.2038,35.6963
106409,Ukraine,Explosions/Remote violence,47.2038,35.6963
106410,Ukraine,Explosions/Remote violence,47.2038,35.6963
106411,Ukraine,Explosions/Remote violence,47.2038,35.6963
106412,Ukraine,Explosions/Remote violence,47.2038,35.6963
106413,Ukraine,Explosions/Remote violence,47.2038,35.6963
106414,Ukraine,Explosions/Remote violence,47.2038,35.6963
106415,Ukraine,Explosions/Remote violence,47.2038,35.6963
106416,Ukraine,Explosions/Remote violence,47.2038,35.6963
106417,Ukraine,Explosions/Remote violence,47.2038,35.6963
106418,Ukraine,Explosions/Remote violence,47.2038,35.6963
106419,Ukraine,Explosions/Remote violence,47.2038,35.6963
106420,Ukraine,Explosions/Remote violence,47.2038,35.6963
106421,Ukraine,Explosions/Remote violence,47.2038,35.6963
106422,Ukraine,Explosions/Remote violence,47.2038,35.6963
106423,Ukraine,Explosions/Remote violence,47.2038,35.6963
106424,Ukraine,Explosions/Remote violence,47.2038,35.6963
106425,Ukraine,Explosions/Remote violence,47.2038,35.6963
106426,Ukraine,Explosions/Remote violence,47.2038,35.6963
106427,Ukraine,Explosions/Remote violence,47.2038,35.6963
106428,Ukraine,Explosions/Remote violence,47.2038,35.6963
106429,Ukraine,Explosions/Remote violence,47.2038,35.6963
106430,Ukraine,Explosions/Remote violence,47.2038,35.6963
106431,Ukraine,Explosions/Remote violence,47.2038,35.6963
106432,Ukraine,Explosions/Remote violence,47.2038,35.6963
106433,Ukraine,Explosions/Remote violence,47.2038,35.6963
106434,Ukraine,Explosions/Remote violence,47.2038,35.6963
106435,Ukraine,Explosions/Remote violence,47.2038,35.6963
106436,Ukraine,Explosions/Remote violence,47.2038,35.6963
106437,Ukraine,Explosions/Remote violence,47.2038,35.6963
106438,Ukraine,Explosions/Remote violence,47.2038,35.6963
106439,Ukraine,Explosions/Remote violence,47.2038,35.6963
106440,Ukraine,Explosions/Remote violence,47.2038,35.6963
106441,Ukraine,Explosions/Remote violence,47.2038,35.6963
106442,Ukraine,Explosions/Remote violence,47.2038,35.6963
106443,Ukraine,Explosions/Remote violence,47.2038,35.6963
106444,Ukraine,Explosions/Remote violence,47.2038,35.6963
106445,Ukraine,Explosions/Remote violence,47.2038,35.6963
106446,Ukraine,Explosions/Remote violence,47.2038,35.6963
106447,Ukraine,Explosions/Remote violence,47.2038,35.6963
106448,Ukraine,Explosions/Remote violence,47.2038,35.6963
106449,Ukraine,Explosions/Remote violence,47.2038,35.6963
106450,Ukraine,Explosions/Remote violence,47.2038,35.6963
106451,Ukraine,Explosions/Remote violence,47.2038,35.6963
106452,Ukraine,Explosions/Remote violence,47.2038,35.6963
106453,Ukraine,Explosions/Remote violence,47.2038,35.6963
106454,Ukraine,Explosions/Remote violence,47.2038,35.6963
106455,Ukraine,Explosions/Remote violence,47.2038,35.6963
106456,Ukraine,Explosions/Remote violence,47.2038,35.6963
106457,Ukraine,Explosions/Remote violence,47.2038,35.6963
106458,Ukraine,Explosions/Remote violence,47.2038,35.6963
106459,Ukraine,Explosions/Remote violence,47.2038,35.6963
106460,Ukraine,Explosions/Remote violence,47.2038,35.6963
106461,Ukraine,Explosions/Remote violence,47.2038,35.6963
106462,Ukraine,Explosions/Remote violence,47.2038,35.6963
106463,Ukraine,Explosions/Remote violence,47.2038,35.6963
106464,Ukraine,Explosions/Remote violence,47.2038,35.6963
106465,Ukraine,Explosions/Remote violence,47.2038,35.6963
106466,Ukraine,Explosions/Remote violence,47.2038,35.6963
106467,Ukraine,Explosions/Remote violence,47.2038,35.6963
106468,Ukraine,Explosions/Remote violence,47.2038,35.6963
106469,Ukraine,Explosions/Remote violence,47.2038,35.6963
106470,Ukraine,Explosions/Remote violence,47.2038,35.6963
106471,Ukraine,Explosions/Remote violence,47.2038,35.6963
106472,Ukraine,Explosions/Remote violence,47.2038,35.6963
106473,Ukraine,Explosions/Remote violence,47.2038,35.6963
106474,Ukraine,Explosions/Remote violence,47.2038,35.6963
106475,Ukraine,Explosions/Remote violence,47.2038,35.6963
106476,Ukraine,Explosions/Remote violence,47.2038,35.6963
106477,Ukraine,Explosions/Remote violence,47.2038,35.6963
106478,Ukraine,Explosions/Remote violence,47.2038,35.6963
106479,Ukraine,Explosions/Remote violence,47.2038,35.6963
106480,Ukraine,Explosions/Remote violence,47.2038,35.6963
106481,Ukraine,Explosions/Remote violence,47.2038,35.6963
106482,Ukraine,Explosions/Remote violence,47.2038,35.6963
106483,Ukraine,Explosions/Remote violence,47.2038,35.6963
106484,Ukraine,Explosions/Remote violence,47.2038,35.6963
106485,Ukraine,Explosions/Remote violence,47.2038,35.6963
106486,Ukraine,Explosions/Remote violence,47.2038,35.6963
106487,Ukraine,Explosions/Remote violence,47.2038,35.6963
106488,Ukraine,Explosions/Remote violence,47.2038,35.6963
106489,Ukraine,Explosions/Remote violence,47.2038,35.6963
106490,Ukraine,Explosions/Remote violence,47.2038,35.6963
106491,Ukraine,Explosions/Remote violence,47.2038,35.6963
106492,Ukraine,Explosions/Remote violence,47.2038,35.6963
106493,Ukraine,Explosions/Remote violence,47.2038,35.6963
106494,Ukraine,Explosions/Remote violence,47.2038,35.6963
106495,Ukraine,Explosions/Remote violence,47.2038,35.6963
106496,Ukraine,Explosions/Remote violence,47.2038,35.6963
106497,Ukraine,Explosions/Remote violence,47.2038,35.6963
106498,Ukraine,Explosions/Remote violence,47.2038,35.6963
106499,Ukraine,Explosions/Remote violence,47.2038,35.6963
106500,Ukraine,Explosions/Remote violence,47.2038,35.6963
106501,Ukraine,Explosions/Remote violence,47.2038,35.6963
106502,Ukraine,Explosions/Remote violence,47.2038,35.6963
106503,Ukraine,Explosions/Remote violence,47.2038,35.6963
106504,Ukraine,Explosions/Remote violence,47.2038,35.6963
106505,Ukraine,Explosions/Remote violence,47.2038,35.6963
106506,Ukraine,Explosions/Remote violence,47.2038,35.6963
106507,Ukraine,Explosions/Remote violence,47.2038,35.6963
106508,Ukraine,Explosions/Remote violence,47.2038,35.6963
106509,Ukraine,Explosions/Remote violence,47.2038,35.6963
106510,Ukraine,Explosions/Remote violence,47.2038,35.6963
106511,Ukraine,Explosions/Remote violence,47.2038,35.6963
106512,Ukraine,Explosions/Remote violence,47.2038,35.6963
106513,Ukraine,Explosions/Remote violence,47.2038,35.6963
106514,Ukraine,Explosions/Remote violence,47.2038,35.6963
106515,Ukraine,Explosions/Remote violence,47.2038,35.6963
106516,Ukraine,Explosions/Remote violence,47.2038,35.6963
106517,Ukraine,Explosions/Remote violence,47.2038,35.6963
106518,Ukraine,Explosions/Remote violence,47.2038,35.6963
106519,Ukraine,Explosions/Remote violence,47.2038,35.6963
106520,Ukraine,Explosions/Remote violence,47.2038,35.6963
106521,Ukraine,Explosions/Remote violence,47.2038,35.6963
106522,Ukraine,Explosions/Remote violence,47.2038,35.6963
106523,Ukraine,Explosions/Remote violence,47.2038,35.6963
106524,Ukraine,Explosions/Remote violence,47.2038,35.6963
106525,Ukraine,Explosions/Remote violence,47.2038,35.6963
106526,Ukraine,Explosions/Remote violence,47.2038,35.6963
106527,Ukraine,Explosions/Remote violence,47.2038,35.6963
106528,Ukraine,Explosions/Remote violence,47.2038,35.6963
106529,Ukraine,Explosions/Remote violence,47.2038,35.6963
106530,Ukraine,Explosions/Remote violence,47.2038,35.6963
106531,Ukraine,Explosions/Remote violence,47.2038,35.6963
106532,Ukraine,Explosions/Remote violence,47.2038,35.6963
106533,Ukraine,Explosions/Remote violence,47.2038,35.6963
106534,Ukraine,Explosions/Remote violence,47.2038,35.6963
106535,Ukraine,Explosions/Remote violence,47.2038,35.6963
106536,Ukraine,Explosions/Remote violence,47.2038,35.6963
106537,Ukraine,Explosions/Remote violence,47.2038,35.6963
106538,Ukraine,Explosions/Remote violence,47.2038,35.6963
106539,Ukraine,Explosions/Remote violence,47.2038,35.6963
106540,Ukraine,Explosions/Remote violence,47.2038,35.6963
106541,Ukraine,Explosions/Remote violence,47.2038,35.6963
106542,Ukraine,Explosions/Remote violence,47.2038,35.6963
106543,Ukraine,Explosions/Remote violence,47.2038,35.6963
106544,Ukraine,Explosions/Remote violence,47.2038,35.6963
106545,Ukraine,Explosions/Remote violence,47.2038,35.6963
106546,Ukraine,Explosions/Remote violence,47.2038,35.6963
106547,Ukraine,Explosions/Remote violence,47.2038,35.6963
106548,Ukraine,Explosions/Remote violence,47.2038,35.6963
106549,Ukraine,Explosions/Remote violence,47.2038,35.6963
106550,Ukraine,Explosions/Remote violence,47.2038,35.6963
106551,Ukraine,Explosions/Remote violence,47.2038,35.6963
106552,Ukraine,Explosions/Remote violence,47.2038,35.6963
106553,Ukraine,Explosions/Remote violence,47.2038,35.6963
106554,Ukraine,Explosions/Remote violence,47.2038,35.6963
106555,Ukraine,Explosions/Remote violence,47.2038,35.6963
106556,Ukraine,Explosions/Remote violence,47.2038,35.6963
106557,Ukraine,Explosions/Remote violence,47.2038,35.6963
106558,Ukraine,Explosions/Remote violence,47.2038,35.6963
106559,Ukraine,Explosions/Remote violence,47.2038,35.6963
106560,Ukraine,Explosions/Remote violence,47.2038,35.6963
106561,Ukraine,Explosions/Remote violence,47.2038,35.6963
106562,Ukraine,Explosions/Remote violence,47.2038,35.6963
106563,Ukraine,Explosions/Remote violence,47.2038,35.6963
106564,Ukraine,Explosions/Remote violence,47.2038,35.6963
106565,Ukraine,Explosions/Remote violence,47.2038,35.6963
106566,Ukraine,Explosions/Remote violence,47.2038,35.6963
106567,Ukraine,Explosions/Remote violence,47.2038,35.6963
106568,Ukraine,Explosions/Remote violence,47.2038,35.6963
106569,Ukraine,Explosions/Remote violence,47.2038,35.6963
106570,Ukraine,Explosions/Remote violence,47.2038,35.6963
106571,Ukraine,Explosions/Remote violence,47.2038,35.6963
106572,Ukraine,Explosions/Remote violence,47.2038,35.6963
106573,Ukraine,Explosions/Remote violence,47.2038,35.6963
106574,Ukraine,Explosions/Remote violence,47.2038,35.6963
106575,Ukraine,Explosions/Remote violence,47.2038,35.6963
106576,Ukraine,Explosions/Remote violence,47.2038,35.6963
106577,Ukraine,Explosions/Remote violence,47.2038,35.6963
106578,Ukraine,Explosions/Remote violence,47.2038,35.6963
106579,Ukraine,Explosions/Remote violence,47.2038,35.6963
106580,Ukraine,Explosions/Remote violence,47.2038,35.6963
106581,Ukraine,Explosions/Remote violence,47.2038,35.6963
106582,Ukraine,Explosions/Remote violence,47.2038,35.6963
106583,Ukraine,Explosions/Remote violence,47.2038,35.6963
106584,Ukraine,Explosions/Remote violence,47.2038,35.6963
106585,Ukraine,Explosions/Remote violence,47.2038,35.6963
106586,Ukraine,Explosions/Remote violence,47.2038,35.6963
106587,Ukraine,Explosions/Remote violence,47.2038,35.6963
106588,Ukraine,Explosions/Remote violence,47.2038,35.6963
106589,Ukraine,Explosions/Remote violence,47.2038,35.6963
106590,Ukraine,Explosions/Remote violence,47.2038,35.6963
106591,Ukraine,Explosions/Remote violence,47.2038,35.6963
106592,Ukraine,Explosions/Remote violence,47.2038,35.6963
106593,Ukraine,Explosions/Remote violence,47.2038,35.6963
106594,Ukraine,Explosions/Remote violence,47.2038,35.6963
106595,Ukraine,Explosions/Remote violence,47.2038,35.6963
106596,Ukraine,Explosions/Remote violence,47.2038,35.6963
106597,Ukraine,Explosions/Remote violence,47.2038,35.6963
106598,Ukraine,Explosions/Remote violence,47.2038,35.6963
106599,Ukraine,Explosions/Remote violence,47.2038,35.6963
106600,Ukraine,Explosions/Remote violence,47.2038,35.6963
106601,Ukraine,Explosions/Remote violence,47.2038,35.6963
106602,Ukraine,Explosions/Remote violence,47.2038,35.6963
106603,Ukraine,Explosions/Remote violence,47.2038,35.6963
106604,Ukraine,Explosions/Remote violence,47.2038,35.6963
106605,Ukraine,Explosions/Remote violence,47.2038,35.6963
106606,Ukraine,Explosions/Remote violence,47.2038,35.6963
106607,Ukraine,Explosions/Remote violence,47.2038,35.6963
106608,Ukraine,Explosions/Remote violence,47.2038,35.6963
106609,Ukraine,Explosions/Remote violence,47.2038,35.6963
106610,Ukraine,Explosions/Remote violence,47.2038,35.6963
106611,Ukraine,Explosions/Remote violence,47.2038,35.6963
106612,Ukraine,Explosions/Remote violence,47.2038,35.6963
106613,Ukraine,Explosions/Remote violence,47.2038,35.6963
106614,Ukraine,Explosions/Remote violence,47.2038,35.6963
106615,Ukraine,Explosions/Remote violence,47.2038,35.6963
106616,Ukraine,Explosions/Remote violence,47.2038,35.6963
106617,Ukraine,Explosions/Remote violence,47.2038,35.6963
106618,Ukraine,Explosions/Remote violence,47.2038,35.6963
106619,Ukraine,Explosions/Remote violence,47.2038,35.6963
106620,Ukraine,Explosions/Remote violence,47.2038,35.6963
106621,Ukraine,Explosions/Remote violence,47.2038,35.6963
106622,Ukraine,Explosions/Remote violence,47.2038,35.6963
106623,Ukraine,Explosions/Remote violence,47.2038,35.6963
106624,Ukraine,Explosions/Remote violence,47.2038,35.6963
106625,Ukraine,Explosions/Remote violence,47.2038,35.6963
106626,Ukraine,Explosions/Remote violence,47.2038,35.6963
106627,Ukraine,Explosions/Remote violence,47.2038,35.6963
106628,Ukraine,Explosions/Remote violence,47.2038,35.6963
106629,Ukraine,Explosions/Remote violence,47.2038,35.6963
106630,Ukraine,Explosions/Remote violence,47.2038,35.6963
106631,Ukraine,Explosions/Remote violence,47.2038,35.6963
106632,Ukraine,Explosions/Remote violence,47.2038,35.6963
106633,Ukraine,Explosions/Remote violence,47.2038,35.6963
106634,Ukraine,Explosions/Remote violence,47.2038,35.6963
106635,Ukraine,Explosions/Remote violence,47.2038,35.6963
106636,Ukraine,Explosions/Remote violence,47.2038,35.6963
106637,Ukraine,Explosions/Remote violence,47.2038,35.6963
106638,Ukraine,Explosions/Remote violence,47.2038,35.6963
106639,Ukraine,Explosions/Remote violence,47.2038,35.6963
106640,Ukraine,Explosions/Remote violence,47.2038,35.6963
106641,Ukraine,Explosions/Remote violence,47.2038,35.6963
106642,Ukraine,Explosions/Remote violence,47.2038,35.6963
106643,Ukraine,Explosions/Remote violence,47.2038,35.6963
106644,Ukraine,Explosions/Remote violence,47.2038,35.6963
106645,Ukraine,Explosions/Remote violence,47.2038,35.6963
106646,Ukraine,Explosions/Remote violence,47.2038,35.6963
106647,Ukraine,Explosions/Remote violence,47.2038,35.6963
106648,Ukraine,Explosions/Remote violence,47.2038,35.6963
106649,Ukraine,Explosions/Remote violence,47.2038,35.6963
106650,Ukraine,Explosions/Remote violence,47.2038,35.6963
106651,Ukraine,Explosions/Remote violence,47.2038,35.6963
106652,Ukraine,Explosions/Remote violence,47.2038,35.6963
106653,Ukraine,Explosions/Remote violence,47.2038,35.6963
106654,Ukraine,Explosions/Remote violence,47.2038,35.6963
106655,Ukraine,Explosions/Remote violence,47.2038,35.6963
106656,Ukraine,Explosions/Remote violence,47.2038,35.6963
106657,Ukraine,Explosions/Remote violence,47.2038,35.6963
106658,Ukraine,Explosions/Remote violence,47.2038,35.6963
106659,Ukraine,Explosions/Remote violence,47.2038,35.6963
106847,Ukraine,Riots,47.2038,35.6963
106848,Ukraine,Riots,47.2038,35.6963
106849,Ukraine,Riots,47.2038,35.6963
106850,Ukraine,Riots,47.2038,35.6963
106851,Ukraine,Riots,47.2038,35.6963
106852,Ukraine,Riots,47.2038,35.6963
106853,Ukraine,Riots,47.2038,35.6963
106854,Ukraine,Riots,47.2038,35.6963
106855,Ukraine,Riots,47.2038,35.6963
106856,Ukraine,Riots,47.2038,35.6963
106857,Ukraine,Riots,47.2038,35.6963
106858,Ukraine,Riots,47.2038,35.6963
106859,Ukraine,Riots,47.2038,35.6963
106860,Ukraine,Riots,47.2038,35.6963
106861,Ukraine,Riots,47.2038,35.6963
106862,Ukraine,Riots,47.2038,35.6963
106863,Ukraine,Riots,47.2038,35.6963
106864,Ukraine,Riots,47.2038,35.6963
106865,Ukraine,Riots,47.2038,35.6963
107190,Ukraine,Violence against civilians,47.2038,35.6963
107191,Ukraine,Violence against civilians,47.2038,35.6963
107192,Ukraine,Violence against civilians,47.2038,35.6963
107193,Ukraine,Violence against civilians,47.2038,35.6963
107194,Ukraine,Violence against civilians,47.2038,35.6963
107195,Ukraine,Violence against civilians,47.2038,35.6963
107196,Ukraine,Violence against civilians,47.2038,35.6963
107197,Ukraine,Violence against civilians,47.2038,35.6963
107198,Ukraine,Violence against civilians,47.2038,35.6963
107199,Ukraine,Violence against civilians,47.2038,35.6963
107200,Ukraine,Violence against civilians,47.2038,35.6963
107201,Ukraine,Violence against civilians,47.2038,35.6963
107202,Ukraine,Violence against civilians,47.2038,35.6963
107203,Ukraine,Violence against civilians,47.2038,35.6963
107204,Ukraine,Violence against civilians,47.2038,35.6963
107205,Ukraine,Violence against civilians,47.2038,35.6963
107206,Ukraine,Violence against civilians,47.2038,35.6963
107207,Ukraine,Violence against civilians,47.2038,35.6963
107208,Ukraine,Violence against civilians,47.2038,35.6963
107209,Ukraine,Violence against civilians,47.2038,35.6963
107210,Ukraine,Violence against civilians,47.2038,35.6963
107211,Ukraine,Violence against civilians,47.2038,35.6963
107212,Ukraine,Violence against civilians,47.2038,35.6963
107213,Ukraine,Violence against civilians,47.2038,35.6963
107214,Ukraine,Violence against civilians,47.2038,35.6963
107215,Ukraine,Violence against civilians,47.2038,35.6963
107216,Ukraine,Violence against civilians,47.2038,35.6963
107217,Ukraine,Violence against civilians,47.2038,35.6963
107218,Ukraine,Violence against civilians,47.2038,35.6963
107219,Ukraine,Violence against civilians,47.2038,35.6963
107220,Ukraine,Violence against civilians,47.2038,35.6963
107221,Ukraine,Violence against civilians,47.2038,35.6963
107222,Ukraine,Violence against civilians,47.2038,35.6963
107223,Ukraine,Violence against civilians,47.2038,35.6963
107224,Ukraine,Violence against civilians,47.2038,35.6963
107225,Ukraine,Violence against civilians,47.2038,35.6963
107226,Ukraine,Violence against civilians,47.2038,35.6963
107227,Ukraine,Violence against civilians,47.2038,35.6963
107228,Ukraine,Violence against civilians,47.2038,35.6963
107229,Ukraine,Violence against civilians,47.2038,35.6963
107230,Ukraine,Violence against civilians,47.2038,35.6963
107231,Ukraine,Violence against civilians,47.2038,35.6963
107232,Ukraine,Violence against civilians,47.2038,35.6963
107233,Ukraine,Violence against civilians,47.2038,35.6963
107234,Ukraine,Violence against civilians,47.2038,35.6963
107235,Ukraine,Violence against civilians,47.2038,35.6963
107236,Ukraine,Violence against civilians,47.2038,35.6963
107237,Ukraine,Violence against civilians,47.2038,35.6963
107238,Ukraine,Violence against civilians,47.2038,35.6963
107239,Ukraine,Violence against civilians,47.2038,35.6963
107240,Ukraine,Violence against civilians,47.2038,35.6963
107241,Ukraine,Violence against civilians,47.2038,35.6963
107242,Ukraine,Violence against civilians,47.2038,35.6963
107243,Ukraine,Violence against civilians,47.2038,35.6963
107244,Ukraine,Violence against civilians,47.2038,35.6963
107245,Ukraine,Violence against civilians,47.2038,35.6963
107246,Ukraine,Violence against civilians,47.2038,35.6963
107247,Ukraine,Violence against civilians,47.2038,35.6963
107248,Ukraine,Violence against civilians,47.2038,35.6963
107249,Ukraine,Violence against civilians,47.2038,35.6963
107250,Ukraine,Violence against civilians,47.2038,35.6963
107251,Ukraine,Violence against civilians,47.2038,35.6963
107252,Ukraine,Violence against civilians,47.2038,35.6963
107253,Ukraine,Violence against civilians,47.2038,35.6963
107254,Ukraine,Violence against civilians,47.2038,35.6963
107255,Ukraine,Violence against civilians,47.2038,35.6963
107256,Ukraine,Violence against civilians,47.2038,35.6963
107257,Ukraine,Violence against civilians,47.2038,35.6963
107258,Ukraine,Violence against civilians,47.2038,35.6963
107259,Ukraine,Violence against civilians,47.2038,35.6963
107260,Ukraine,Violence against civilians,47.2038,35.6963
107261,Ukraine,Violence against civilians,47.2038,35.6963
107262,Ukraine,Violence against civilians,47.2038,35.6963
107263,Ukraine,Violence against civilians,47.2038,35.6963
107264,Ukraine,Violence against civilians,47.2038,35.6963
107265,Ukraine,Violence against civilians,47.2038,35.6963
107266,Ukraine,Violence against civilians,47.2038,35.6963
107267,Ukraine,Violence against civilians,47.2038,35.6963
107268,Ukraine,Violence against civilians,47.2038,35.6963
107269,Ukraine,Violence against civilians,47.2038,35.6963
107270,Ukraine,Violence against civilians,47.2038,35.6963
107271,Ukraine,Violence against civilians,47.2038,35.6963
107272,Ukraine,Violence against civilians,47.2038,35.6963
107273,Ukraine,Violence against civilians,47.2038,35.6963
107274,Ukraine,Violence against civilians,47.2038,35.6963
107275,Ukraine,Violence against civilians,47.2038,35.6963
107276,Ukraine,Violence against civilians,47.2038,35.6963
107277,Ukraine,Violence against civilians,47.2038,35.6963
107278,Ukraine,Violence against civilians,47.2038,35.6963
107279,Ukraine,Violence against civilians,47.2038,35.6963
107280,Ukraine,Violence against civilians,47.2038,35.6963
107281,Ukraine,Violence against civilians,47.2038,35.6963
107282,Ukraine,Violence against civilians,47.2038,35.6963
107283,Ukraine,Violence against civilians,47.2038,35.6963
107284,Ukraine,Violence against civilians,47.2038,35.6963
107285,Ukraine,Violence against civilians,47.2038,35.6963
107286,Ukraine,Violence against civilians,47.2038,35.6963
107287,Ukraine,Violence against civilians,47.2038,35.6963
107288,Ukraine,Violence against civilians,47.2038,35.6963
107289,Ukraine,Violence against civilians,47.2038,35.6963
107290,Ukraine,Violence against civilians,47.2038,35.6963
107291,Ukraine,Violence against civilians,47.2038,35.6963
107292,Ukraine,Violence against civilians,47.2038,35.6963
107293,Ukraine,Violence against civilians,47.2038,35.6963
107294,Ukraine,Violence against civilians,47.2038,35.6963
107295,Ukraine,Violence against civilians,47.2038,35.6963
107296,Ukraine,Violence against civilians,47.2038,35.6963
107297,Ukraine,Violence against civilians,47.2038,35.6963
107298,Ukraine,Violence against civilians,47.2038,35.6963
107299,Ukraine,Violence against civilians,47.2038,35.6963
107300,Ukraine,Violence against civilians,47.2038,35.6963
107301,Ukraine,Violence against civilians,47.2038,35.6963
107302,Ukraine,Violence against civilians,47.2038,35.6963
107303,Ukraine,Violence against civilians,47.2038,35.6963
107304,Ukraine,Violence against civilians,47.2038,35.6963
107305,Ukraine,Violence against civilians,47.2038,35.6963
107306,Ukraine,Violence against civilians,47.2038,35.6963
107311,Ukraine,Explosions/Remote violence,50.6307,28.3335
107312,Ukraine,Explosions/Remote violence,50.6307,28.3335
107313,Ukraine,Explosions/Remote violence,50.6307,28.3335
107314,Ukraine,Explosions/Remote violence,50.6307,28.3335
107315,Ukraine,Explosions/Remote violence,50.6307,28.3335
107316,Ukraine,Explosions/Remote violence,50.6307,28.3335
107317,Ukraine,Explosions/Remote violence,50.6307,28.3335
107318,Ukraine,Explosions/Remote violence,50.6307,28.3335
107319,Ukraine,Explosions/Remote violence,50.6307,28.3335
107320,Ukraine,Explosions/Remote violence,50.6307,28.3335
107321,Ukraine,Explosions/Remote violence,50.6307,28.3335
107322,Ukraine,Explosions/Remote violence,50.6307,28.3335
107323,Ukraine,Explosions/Remote violence,50.6307,28.3335
107324,Ukraine,Explosions/Remote violence,50.6307,28.3335
107325,Ukraine,Explosions/Remote violence,50.6307,28.3335
107326,Ukraine,Explosions/Remote violence,50.6307,28.3335
107327,Ukraine,Explosions/Remote violence,50.6307,28.3335
107328,Ukraine,Explosions/Remote violence,50.6307,28.3335
107329,Ukraine,Explosions/Remote violence,50.6307,28.3335
107330,Ukraine,Explosions/Remote violence,50.6307,28.3335
107331,Ukraine,Explosions/Remote violence,50.6307,28.3335
107332,Ukraine,Explosions/Remote violence,50.6307,28.3335
107333,Ukraine,Explosions/Remote violence,50.6307,28.3335
107334,Ukraine,Explosions/Remote violence,50.6307,28.3335
107335,Ukraine,Explosions/Remote violence,50.6307,28.3335
107336,Ukraine,Explosions/Remote violence,50.6307,28.3335
107337,Ukraine,Explosions/Remote violence,50.6307,28.3335
107338,Ukraine,Explosions/Remote violence,50.6307,28.3335
107339,Ukraine,Explosions/Remote violence,50.6307,28.3335
107340,Ukraine,Explosions/Remote violence,50.6307,28.3335
107341,Ukraine,Explosions/Remote violence,50.6307,28.3335
107342,Ukraine,Explosions/Remote violence,50.6307,28.3335
107343,Ukraine,Explosions/Remote violence,50.6307,28.3335
107344,Ukraine,Explosions/Remote violence,50.6307,28.3335
107345,Ukraine,Explosions/Remote violence,50.6307,28.3335
107346,Ukraine,Explosions/Remote violence,50.6307,28.3335
107347,Ukraine,Explosions/Remote violence,50.6307,28.3335
107348,Ukraine,Explosions/Remote violence,50.6307,28.3335
107349,Ukraine,Explosions/Remote violence,50.6307,28.3335
107350,Ukraine,Explosions/Remote violence,50.6307,28.3335
107351,Ukraine,Explosions/Remote violence,50.6307,28.3335
107352,Ukraine,Explosions/Remote violence,50.6307,28.3335
107353,Ukraine,Explosions/Remote violence,50.6307,28.3335
107354,Ukraine,Explosions/Remote violence,50.6307,28.3335
107355,Ukraine,Explosions/Remote violence,50.6307,28.3335
107356,Ukraine,Explosions/Remote violence,50.6307,28.3335
107357,Ukraine,Explosions/Remote violence,50.6307,28.3335
107358,Ukraine,Explosions/Remote violence,50.6307,28.3335
107359,Ukraine,Explosions/Remote violence,50.6307,28.3335
107360,Ukraine,Explosions/Remote violence,50.6307,28.3335
107361,Ukraine,Explosions/Remote violence,50.6307,28.3335
107362,Ukraine,Explosions/Remote violence,50.6307,28.3335
107363,Ukraine,Explosions/Remote violence,50.6307,28.3335
107364,Ukraine,Explosions/Remote violence,50.6307,28.3335
107365,Ukraine,Explosions/Remote violence,50.6307,28.3335
107366,Ukraine,Explosions/Remote violence,50.6307,28.3335
107367,Ukraine,Explosions/Remote violence,50.6307,28.3335
107368,Ukraine,Explosions/Remote violence,50.6307,28.3335
107369,Ukraine,Explosions/Remote violence,50.6307,28.3335
107370,Ukraine,Explosions/Remote violence,50.6307,28.3335
107371,Ukraine,Explosions/Remote violence,50.6307,28.3335
107372,Ukraine,Explosions/Remote violence,50.6307,28.3335
107373,Ukraine,Explosions/Remote violence,50.6307,28.3335
107374,Ukraine,Explosions/Remote violence,50.6307,28.3335
107375,Ukraine,Explosions/Remote violence,50.6307,28.3335
107376,Ukraine,Explosions/Remote violence,50.6307,28.3335
107377,Ukraine,Explosions/Remote violence,50.6307,28.3335
107378,Ukraine,Explosions/Remote violence,50.6307,28.3335
107379,Ukraine,Explosions/Remote violence,50.6307,28.3335
107380,Ukraine,Explosions/Remote violence,50.6307,28.3335
107381,Ukraine,Explosions/Remote violence,50.6307,28.3335
107382,Ukraine,Explosions/Remote violence,50.6307,28.3335
107383,Ukraine,Explosions/Remote violence,50.6307,28.3335
107384,Ukraine,Explosions/Remote violence,50.6307,28.3335
107385,Ukraine,Explosions/Remote violence,50.6307,28.3335
107386,Ukraine,Explosions/Remote violence,50.6307,28.3335
107387,Ukraine,Explosions/Remote violence,50.6307,28.3335
107388,Ukraine,Explosions/Remote violence,50.6307,28.3335
107389,Ukraine,Explosions/Remote violence,50.6307,28.3335
107390,Ukraine,Explosions/Remote violence,50.6307,28.3335
107391,Ukraine,Explosions/Remote violence,50.6307,28.3335
107392,Ukraine,Explosions/Remote violence,50.6307,28.3335
107486,Ukraine,Riots,50.6307,28.3335
107487,Ukraine,Riots,50.6307,28.3335
107488,Ukraine,Riots,50.6307,28.3335
107560,Ukraine,Violence against civilians,50.6307,28.3335
107561,Ukraine,Violence against civilians,50.6307,28.3335
107562,Ukraine,Violence against civilians,50.6307,28.3335
107563,Ukraine,Violence against civilians,50.6307,28.3335
107564,Ukraine,Violence against civilians,50.6307,28.3335
107565,Ukraine,Violence against civilians,50.6307,28.3335
107566,Ukraine,Violence against civilians,50.6307,28.3335
107569,United Kingdom,Explosions/Remote violence,52.8839,-1.5767
108072,United Kingdom,Riots,52.8839,-1.5767
108073,United Kingdom,Riots,52.8839,-1.5767
108074,United Kingdom,Riots,52.8839,-1.5767
108075,United Kingdom,Riots,52.8839,-1.5767
108076,United Kingdom,Riots,52.8839,-1.5767
108077,United Kingdom,Riots,52.8839,-1.5767
108078,United Kingdom,Riots,52.8839,-1.5767
108079,United Kingdom,Riots,52.8839,-1.5767
108080,United Kingdom,Riots,52.8839,-1.5767
108081,United Kingdom,Riots,52.8839,-1.5767
108082,United Kingdom,Riots,52.8839,-1.5767
108083,United Kingdom,Riots,52.8839,-1.5767
108084,United Kingdom,Riots,52.8839,-1.5767
108085,United Kingdom,Riots,52.8839,-1.5767
108086,United Kingdom,Riots,52.8839,-1.5767
108087,United Kingdom,Riots,52.8839,-1.5767
108088,United Kingdom,Riots,52.8839,-1.5767
108089,United Kingdom,Riots,52.8839,-1.5767
108090,United Kingdom,Riots,52.8839,-1.5767
108091,United Kingdom,Riots,52.8839,-1.5767
108092,United Kingdom,Riots,52.8839,-1.5767
108093,United Kingdom,Riots,52.8839,-1.5767
108094,United Kingdom,Riots,52.8839,-1.5767
108095,United Kingdom,Riots,52.8839,-1.5767
108096,United Kingdom,Riots,52.8839,-1.5767
108097,United Kingdom,Riots,52.8839,-1.5767
108098,United Kingdom,Riots,52.8839,-1.5767
108099,United Kingdom,Riots,52.8839,-1.5767
108100,United Kingdom,Riots,52.8839,-1.5767
108101,United Kingdom,Riots,52.8839,-1.5767
108102,United Kingdom,Riots,52.8839,-1.5767
108103,United Kingdom,Riots,52.8839,-1.5767
108104,United Kingdom,Riots,52.8839,-1.5767
108105,United Kingdom,Riots,52.8839,-1.5767
108106,United Kingdom,Riots,52.8839,-1.5767
108107,United Kingdom,Riots,52.8839,-1.5767
108108,United Kingdom,Riots,52.8839,-1.5767
108109,United Kingdom,Riots,52.8839,-1.5767
108110,United Kingdom,Riots,52.8839,-1.5767
108111,United Kingdom,Riots,52.8839,-1.5767
108112,United Kingdom,Riots,52.8839,-1.5767
108113,United Kingdom,Riots,52.8839,-1.5767
108114,United Kingdom,Riots,52.8839,-1.5767
108115,United Kingdom,Riots,52.8839,-1.5767
108116,United Kingdom,Riots,52.8839,-1.5767
108117,United Kingdom,Riots,52.8839,-1.5767
108118,United Kingdom,Riots,52.8839,-1.5767
108119,United Kingdom,Riots,52.8839,-1.5767
108120,United Kingdom,Riots,52.8839,-1.5767
108121,United Kingdom,Riots,52.8839,-1.5767
108122,United Kingdom,Riots,52.8839,-1.5767
108123,United Kingdom,Riots,52.8839,-1.5767
108124,United Kingdom,Riots,52.8839,-1.5767
108125,United Kingdom,Riots,52.8839,-1.5767
108126,United Kingdom,Riots,52.8839,-1.5767
108127,United Kingdom,Riots,52.8839,-1.5767
108128,United Kingdom,Riots,52.8839,-1.5767
108129,United Kingdom,Riots,52.8839,-1.5767
108130,United Kingdom,Riots,52.8839,-1.5767
108131,United Kingdom,Riots,52.8839,-1.5767
108132,United Kingdom,Riots,52.8839,-1.5767
108133,United Kingdom,Riots,52.8839,-1.5767
108134,United Kingdom,Riots,52.8839,-1.5767
108135,United Kingdom,Riots,52.8839,-1.5767
108136,United Kingdom,Riots,52.8839,-1.5767
108137,United Kingdom,Riots,52.8839,-1.5767
108138,United Kingdom,Riots,52.8839,-1.5767
108139,United Kingdom,Riots,52.8839,-1.5767
108140,United Kingdom,Riots,52.8839,-1.5767
108141,United Kingdom,Riots,52.8839,-1.5767
108142,United Kingdom,Riots,52.8839,-1.5767
108143,United Kingdom,Riots,52.8839,-1.5767
108144,United Kingdom,Riots,52.8839,-1.5767
108145,United Kingdom,Riots,52.8839,-1.5767
108146,United Kingdom,Riots,52.8839,-1.5767
108147,United Kingdom,Riots,52.8839,-1.5767
108148,United Kingdom,Riots,52.8839,-1.5767
108149,United Kingdom,Riots,52.8839,-1.5767
108150,United Kingdom,Riots,52.8839,-1.5767
108151,United Kingdom,Riots,52.8839,-1.5767
108152,United Kingdom,Riots,52.8839,-1.5767
108153,United Kingdom,Riots,52.8839,-1.5767
108154,United Kingdom,Riots,52.8839,-1.5767
108155,United Kingdom,Riots,52.8839,-1.5767
108156,United Kingdom,Riots,52.8839,-1.5767
108157,United Kingdom,Riots,52.8839,-1.5767
108158,United Kingdom,Riots,52.8839,-1.5767
108159,United Kingdom,Riots,52.8839,-1.5767
108160,United Kingdom,Riots,52.8839,-1.5767
108161,United Kingdom,Riots,52.8839,-1.5767
108162,United Kingdom,Riots,52.8839,-1.5767
108163,United Kingdom,Riots,52.8839,-1.5767
108164,United Kingdom,Riots,52.8839,-1.5767
108165,United Kingdom,Riots,52.8839,-1.5767
108166,United Kingdom,Riots,52.8839,-1.5767
108167,United Kingdom,Riots,52.8839,-1.5767
108168,United Kingdom,Riots,52.8839,-1.5767
108169,United Kingdom,Riots,52.8839,-1.5767
108170,United Kingdom,Riots,52.8839,-1.5767
108171,United Kingdom,Riots,52.8839,-1.5767
108172,United Kingdom,Riots,52.8839,-1.5767
108173,United Kingdom,Riots,52.8839,-1.5767
108174,United Kingdom,Riots,52.8839,-1.5767
108175,United Kingdom,Riots,52.8839,-1.5767
108176,United Kingdom,Riots,52.8839,-1.5767
108177,United Kingdom,Riots,52.8839,-1.5767
108178,United Kingdom,Riots,52.8839,-1.5767
108179,United Kingdom,Riots,52.8839,-1.5767
108180,United Kingdom,Riots,52.8839,-1.5767
108181,United Kingdom,Riots,52.8839,-1.5767
108182,United Kingdom,Riots,52.8839,-1.5767
108183,United Kingdom,Riots,52.8839,-1.5767
108184,United Kingdom,Riots,52.8839,-1.5767
108185,United Kingdom,Riots,52.8839,-1.5767
108186,United Kingdom,Riots,52.8839,-1.5767
108187,United Kingdom,Riots,52.8839,-1.5767
108188,United Kingdom,Riots,52.8839,-1.5767
108189,United Kingdom,Riots,52.8839,-1.5767
108190,United Kingdom,Riots,52.8839,-1.5767
108191,United Kingdom,Riots,52.8839,-1.5767
108192,United Kingdom,Riots,52.8839,-1.5767
108193,United Kingdom,Riots,52.8839,-1.5767
108194,United Kingdom,Riots,52.8839,-1.5767
108195,United Kingdom,Riots,52.8839,-1.5767
108196,United Kingdom,Riots,52.8839,-1.5767
108197,United Kingdom,Riots,52.8839,-1.5767
108198,United Kingdom,Riots,52.8839,-1.5767
108199,United Kingdom,Riots,52.8839,-1.5767
108200,United Kingdom,Riots,52.8839,-1.5767
108201,United Kingdom,Riots,52.8839,-1.5767
108202,United Kingdom,Riots,52.8839,-1.5767
108203,United Kingdom,Riots,52.8839,-1.5767
108204,United Kingdom,Riots,52.8839,-1.5767
108253,United Kingdom,Violence against civilians,52.8839,-1.5767
108254,United Kingdom,Violence against civilians,52.8839,-1.5767
108255,United Kingdom,Violence against civilians,52.8839,-1.5767
108256,United Kingdom,Violence against civilians,52.8839,-1.5767
108257,United Kingdom,Violence against civilians,52.8839,-1.5767
108258,United Kingdom,Violence against civilians,52.8839,-1.5767
108259,United Kingdom,Violence against civilians,52.8839,-1.5767
108260,United Kingdom,Violence against civilians,52.8839,-1.5767
108261,United Kingdom,Violence against civilians,52.8839,-1.5767
108262,United Kingdom,Violence against civilians,52.8839,-1.5767
108263,United Kingdom,Violence against civilians,52.8839,-1.5767
108264,United Kingdom,Violence against civilians,52.8839,-1.5767
108265,United Kingdom,Violence against civilians,52.8839,-1.5767
108266,United Kingdom,Violence against civilians,52.8839,-1.5767
108267,United Kingdom,Violence against civilians,52.8839,-1.5767
108268,United Kingdom,Violence against civilians,52.8839,-1.5767
108271,United Kingdom,Explosions/Remote violence,54.6374,-6.8572
108477,United Kingdom,Riots,54.6374,-6.8572
108478,United Kingdom,Riots,54.6374,-6.8572
108479,United Kingdom,Riots,54.6374,-6.8572
108480,United Kingdom,Riots,54.6374,-6.8572
108481,United Kingdom,Riots,54.6374,-6.8572
108482,United Kingdom,Riots,54.6374,-6.8572
108483,United Kingdom,Riots,54.6374,-6.8572
108484,United Kingdom,Riots,54.6374,-6.8572
108485,United Kingdom,Riots,54.6374,-6.8572
108486,United Kingdom,Riots,54.6374,-6.8572
108487,United Kingdom,Riots,54.6374,-6.8572
108488,United Kingdom,Riots,54.6374,-6.8572
108489,United Kingdom,Riots,54.6374,-6.8572
108490,United Kingdom,Riots,54.6374,-6.8572
108491,United Kingdom,Riots,54.6374,-6.8572
108492,United Kingdom,Riots,54.6374,-6.8572
108493,United Kingdom,Riots,54.6374,-6.8572
108494,United Kingdom,Riots,54.6374,-6.8572
108495,United Kingdom,Riots,54.6374,-6.8572
108496,United Kingdom,Riots,54.6374,-6.8572
108497,United Kingdom,Riots,54.6374,-6.8572
108498,United Kingdom,Riots,54.6374,-6.8572
108499,United Kingdom,Riots,54.6374,-6.8572
108500,United Kingdom,Riots,54.6374,-6.8572
108501,United Kingdom,Riots,54.6374,-6.8572
108502,United Kingdom,Riots,54.6374,-6.8572
108503,United Kingdom,Riots,54.6374,-6.8572
108504,United Kingdom,Riots,54.6374,-6.8572
108505,United Kingdom,Riots,54.6374,-6.8572
108506,United Kingdom,Riots,54.6374,-6.8572
108507,United Kingdom,Riots,54.6374,-6.8572
108508,United Kingdom,Riots,54.6374,-6.8572
108509,United Kingdom,Riots,54.6374,-6.8572
108510,United Kingdom,Riots,54.6374,-6.8572
108511,United Kingdom,Riots,54.6374,-6.8572
108512,United Kingdom,Riots,54.6374,-6.8572
108513,United Kingdom,Riots,54.6374,-6.8572
108514,United Kingdom,Riots,54.6374,-6.8572
108515,United Kingdom,Riots,54.6374,-6.8572
108516,United Kingdom,Riots,54.6374,-6.8572
108517,United Kingdom,Riots,54.6374,-6.8572
108518,United Kingdom,Riots,54.6374,-6.8572
108519,United Kingdom,Riots,54.6374,-6.8572
108520,United Kingdom,Riots,54.6374,-6.8572
108521,United Kingdom,Riots,54.6374,-6.8572
108522,United Kingdom,Riots,54.6374,-6.8572
108523,United Kingdom,Riots,54.6374,-6.8572
108524,United Kingdom,Riots,54.6374,-6.8572
108525,United Kingdom,Riots,54.6374,-6.8572
108526,United Kingdom,Riots,54.6374,-6.8572
108527,United Kingdom,Riots,54.6374,-6.8572
108528,United Kingdom,Riots,54.6374,-6.8572
108529,United Kingdom,Riots,54.6374,-6.8572
108530,United Kingdom,Riots,54.6374,-6.8572
108531,United Kingdom,Riots,54.6374,-6.8572
108532,United Kingdom,Riots,54.6374,-6.8572
108533,United Kingdom,Riots,54.6374,-6.8572
108534,United Kingdom,Riots,54.6374,-6.8572
108535,United Kingdom,Riots,54.6374,-6.8572
108536,United Kingdom,Riots,54.6374,-6.8572
108537,United Kingdom,Riots,54.6374,-6.8572
108538,United Kingdom,Riots,54.6374,-6.8572
108539,United Kingdom,Riots,54.6374,-6.8572
108540,United Kingdom,Riots,54.6374,-6.8572
108541,United Kingdom,Riots,54.6374,-6.8572
108542,United Kingdom,Riots,54.6374,-6.8572
108543,United Kingdom,Riots,54.6374,-6.8572
108544,United Kingdom,Riots,54.6374,-6.8572
108545,United Kingdom,Riots,54.6374,-6.8572
108546,United Kingdom,Riots,54.6374,-6.8572
108547,United Kingdom,Riots,54.6374,-6.8572
108548,United Kingdom,Riots,54.6374,-6.8572
108549,United Kingdom,Riots,54.6374,-6.8572
108550,United Kingdom,Riots,54.6374,-6.8572
108551,United Kingdom,Riots,54.6374,-6.8572
108552,United Kingdom,Riots,54.6374,-6.8572
108553,United Kingdom,Riots,54.6374,-6.8572
108554,United Kingdom,Riots,54.6374,-6.8572
108555,United Kingdom,Riots,54.6374,-6.8572
108556,United Kingdom,Riots,54.6374,-6.8572
108557,United Kingdom,Riots,54.6374,-6.8572
108558,United Kingdom,Riots,54.6374,-6.8572
108559,United Kingdom,Riots,54.6374,-6.8572
108560,United Kingdom,Riots,54.6374,-6.8572
108561,United Kingdom,Riots,54.6374,-6.8572
108562,United Kingdom,Riots,54.6374,-6.8572
108563,United Kingdom,Riots,54.6374,-6.8572
108564,United Kingdom,Riots,54.6374,-6.8572
108565,United Kingdom,Riots,54.6374,-6.8572
108566,United Kingdom,Riots,54.6374,-6.8572
108567,United Kingdom,Riots,54.6374,-6.8572
108568,United Kingdom,Riots,54.6374,-6.8572
108569,United Kingdom,Riots,54.6374,-6.8572
108570,United Kingdom,Riots,54.6374,-6.8572
108648,United Kingdom,Violence against civilians,54.6374,-6.8572
108649,United Kingdom,Violence against civilians,54.6374,-6.8572
108650,United Kingdom,Violence against civilians,54.6374,-6.8572
108651,United Kingdom,Violence against civilians,54.6374,-6.8572
108652,United Kingdom,Violence against civilians,54.6374,-6.8572
108653,United Kingdom,Violence against civilians,54.6374,-6.8572
108654,United Kingdom,Violence against civilians,54.6374,-6.8572
108655,United Kingdom,Violence against civilians,54.6374,-6.8572
108656,United Kingdom,Violence against civilians,54.6374,-6.8572
108657,United Kingdom,Violence against civilians,54.6374,-6.8572
108658,United Kingdom,Violence against civilians,54.6374,-6.8572
108659,United Kingdom,Violence against civilians,54.6374,-6.8572
108660,United Kingdom,Violence against civilians,54.6374,-6.8572
108661,United Kingdom,Violence against civilians,54.6374,-6.8572
108662,United Kingdom,Violence against civilians,54.6374,-6.8572
108663,United Kingdom,Violence against civilians,54.6374,-6.8572
108664,United Kingdom,Violence against civilians,54.6374,-6.8572
108665,United Kingdom,Violence against civilians,54.6374,-6.8572
108666,United Kingdom,Violence against civilians,54.6374,-6.8572
108667,United Kingdom,Violence against civilians,54.6374,-6.8572
108668,United Kingdom,Violence against civilians,54.6374,-6.8572
108669,United Kingdom,Violence against civilians,54.6374,-6.8572
108670,United Kingdom,Violence against civilians,54.6374,-6.8572
108671,United Kingdom,Violence against civilians,54.6374,-6.8572
108672,United Kingdom,Violence against civilians,54.6374,-6.8572
108673,United Kingdom,Violence against civilians,54.6374,-6.8572
108674,United Kingdom,Violence against civilians,54.6374,-6.8572
108675,United Kingdom,Violence against civilians,54.6374,-6.8572
108676,United Kingdom,Violence against civilians,54.6374,-6.8572
108677,United Kingdom,Violence against civilians,54.6374,-6.8572
108678,United Kingdom,Violence against civilians,54.6374,-6.8572
108679,United Kingdom,Violence against civilians,54.6374,-6.8572
108680,United Kingdom,Violence against civilians,54.6374,-6.8572
108681,United Kingdom,Violence against civilians,54.6374,-6.8572
108982,United Kingdom,Riots,56.6527,-3.9123
108983,United Kingdom,Riots,56.6527,-3.9123
108984,United Kingdom,Riots,56.6527,-3.9123
108985,United Kingdom,Riots,56.6527,-3.9123
108986,United Kingdom,Riots,56.6527,-3.9123
108987,United Kingdom,Riots,56.6527,-3.9123
108988,United Kingdom,Riots,56.6527,-3.9123
108989,United Kingdom,Riots,56.6527,-3.9123
108990,United Kingdom,Riots,56.6527,-3.9123
108991,United Kingdom,Riots,56.6527,-3.9123
108992,United Kingdom,Riots,56.6527,-3.9123
108993,United Kingdom,Riots,56.6527,-3.9123
108994,United Kingdom,Riots,56.6527,-3.9123
108995,United Kingdom,Riots,56.6527,-3.9123
108996,United Kingdom,Riots,56.6527,-3.9123
108997,United Kingdom,Riots,56.6527,-3.9123
108998,United Kingdom,Riots,56.6527,-3.9123
108999,United Kingdom,Riots,56.6527,-3.9123
109000,United Kingdom,Riots,56.6527,-3.9123
109240,United Kingdom,Riots,52.3684,-3.6077
109241,United Kingdom,Riots,52.3684,-3.6077
109242,United Kingdom,Riots,52.3684,-3.6077
109243,United Kingdom,Riots,52.3684,-3.6077
109244,United Kingdom,Riots,52.3684,-3.6077
109245,United Kingdom,Riots,52.3684,-3.6077
109246,United Kingdom,Riots,52.3684,-3.6077
109286,Uzbekistan,Riots,40.7269,72.2977
109287,Uzbekistan,Riots,40.7269,72.2977
109288,Uzbekistan,Riots,40.7269,72.2977
109289,Uzbekistan,Riots,40.7269,72.2977
109290,Uzbekistan,Riots,40.7269,72.2977
109292,Uzbekistan,Violence against civilians,40.7269,72.2977
109293,Uzbekistan,Violence against civilians,40.7269,72.2977
109294,Uzbekistan,Violence against civilians,40.7269,72.2977
109295,Uzbekistan,Violence against civilians,40.7269,72.2977
109296,Uzbekistan,Violence against civilians,40.7269,72.2977
109297,Uzbekistan,Violence against civilians,40.7269,72.2977
109298,Uzbekistan,Violence against civilians,40.7269,72.2977
109299,Uzbekistan,Violence against civilians,40.7269,72.2977
109300,Uzbekistan,Violence against civilians,40.7269,72.2977
109310,Uzbekistan,Riots,40.2085,63.6509
109311,Uzbekistan,Violence against civilians,40.2085,63.6509
109312,Uzbekistan,Violence against civilians,40.2085,63.6509
109313,Uzbekistan,Violence against civilians,40.2085,63.6509
109314,Uzbekistan,Violence against civilians,40.2085,63.6509
109315,Uzbekistan,Violence against civilians,40.2085,63.6509
109327,Uzbekistan,Riots,40.3319,67.5001
109328,Uzbekistan,Violence against civilians,40.3319,67.5001
109329,Uzbekistan,Violence against civilians,40.3319,67.5001
109330,Uzbekistan,Violence against civilians,40.3319,67.5001
109331,Uzbekistan,Violence against civilians,40.3319,67.5001
109332,Uzbekistan,Violence against civilians,40.3319,67.5001
109333,Uzbekistan,Violence against civilians,40.3319,67.5001
109334,Uzbekistan,Violence against civilians,40.3319,67.5001
109373,Uzbekistan,Riots,40.4607,71.241
109374,Uzbekistan,Riots,40.4607,71.241
109375,Uzbekistan,Riots,40.4607,71.241
109376,Uzbekistan,Riots,40.4607,71.241
109377,Uzbekistan,Riots,40.4607,71.241
109380,Uzbekistan,Violence against civilians,40.4607,71.241
109381,Uzbekistan,Violence against civilians,40.4607,71.241
109382,Uzbekistan,Violence against civilians,40.4607,71.241
109383,Uzbekistan,Violence against civilians,40.4607,71.241
109384,Uzbekistan,Violence against civilians,40.4607,71.241
109385,Uzbekistan,Violence against civilians,40.4607,71.241
109386,Uzbekistan,Violence against civilians,40.4607,71.241
109387,Uzbekistan,Violence against civilians,40.4607,71.241
109388,Uzbekistan,Violence against civilians,40.4607,71.241
109389,Uzbekistan,Violence against civilians,40.4607,71.241
109390,Uzbekistan,Violence against civilians,40.4607,71.241
109391,Uzbekistan,Violence against civilians,40.4607,71.241
109392,Uzbekistan,Violence against civilians,40.4607,71.241
109393,Uzbekistan,Violence against civilians,40.4607,71.241
109394,Uzbekistan,Violence against civilians,40.4607,71.241
109395,Uzbekistan,Violence against civilians,40.4607,71.241
109438,Uzbekistan,Riots,38.7419,66.1405
109439,Uzbekistan,Riots,38.7419,66.1405
109440,Uzbekistan,Riots,38.7419,66.1405
109441,Uzbekistan,Riots,38.7419,66.1405
109442,Uzbekistan,Riots,38.7419,66.1405
109443,Uzbekistan,Riots,38.7419,66.1405
109444,Uzbekistan,Riots,38.7419,66.1405
109445,Uzbekistan,Riots,38.7419,66.1405
109446,Uzbekistan,Riots,38.7419,66.1405
109447,Uzbekistan,Riots,38.7419,66.1405
109448,Uzbekistan,Riots,38.7419,66.1405
109449,Uzbekistan,Riots,38.7419,66.1405
109450,Uzbekistan,Violence against civilians,38.7419,66.1405
109451,Uzbekistan,Violence against civilians,38.7419,66.1405
109452,Uzbekistan,Violence against civilians,38.7419,66.1405
109453,Uzbekistan,Violence against civilians,38.7419,66.1405
109454,Uzbekistan,Violence against civilians,38.7419,66.1405
109455,Uzbekistan,Violence against civilians,38.7419,66.1405
109456,Uzbekistan,Violence against civilians,38.7419,66.1405
109457,Uzbekistan,Violence against civilians,38.7419,66.1405
109458,Uzbekistan,Violence against civilians,38.7419,66.1405
109459,Uzbekistan,Violence against civilians,38.7419,66.1405
109460,Uzbekistan,Violence against civilians,38.7419,66.1405
109461,Uzbekistan,Violence against civilians,38.7419,66.1405
109462,Uzbekistan,Violence against civilians,38.7419,66.1405
109463,Uzbekistan,Violence against civilians,38.7419,66.1405
109464,Uzbekistan,Violence against civilians,38.7419,66.1405
109465,Uzbekistan,Violence against civilians,38.7419,66.1405
109482,Uzbekistan,Riots,41.567,60.5134
109483,Uzbekistan,Riots,41.567,60.5134
109485,Uzbekistan,Violence against civilians,41.567,60.5134
109486,Uzbekistan,Violence against civilians,41.567,60.5134
109487,Uzbekistan,Violence against civilians,41.567,60.5134
109507,Uzbekistan,Riots,41.0812,71.3478
109508,Uzbekistan,Riots,41.0812,71.3478
109511,Uzbekistan,Violence against civilians,41.0812,71.3478
109512,Uzbekistan,Violence against civilians,41.0812,71.3478
109513,Uzbekistan,Violence against civilians,41.0812,71.3478
109514,Uzbekistan,Violence against civilians,41.0812,71.3478
109515,Uzbekistan,Violence against civilians,41.0812,71.3478
109516,Uzbekistan,Violence against civilians,41.0812,71.3478
109517,Uzbekistan,Violence against civilians,41.0812,71.3478
109518,Uzbekistan,Violence against civilians,41.0812,71.3478
109519,Uzbekistan,Violence against civilians,41.0812,71.3478
109520,Uzbekistan,Violence against civilians,41.0812,71.3478
109521,Uzbekistan,Violence against civilians,41.0812,71.3478
109532,Uzbekistan,Riots,41.6569,64.2995
109533,Uzbekistan,Violence against civilians,41.6569,64.2995
109534,Uzbekistan,Violence against civilians,41.6569,64.2995
109535,Uzbekistan,Violence against civilians,41.6569,64.2995
109536,Uzbekistan,Violence against civilians,41.6569,64.2995
109537,Uzbekistan,Violence against civilians,41.6569,64.2995
109586,Uzbekistan,Riots,43.2883,59.1575
109587,Uzbekistan,Riots,43.2883,59.1575
109592,Uzbekistan,Violence against civilians,43.2883,59.1575
109593,Uzbekistan,Violence against civilians,43.2883,59.1575
109594,Uzbekistan,Violence against civilians,43.2883,59.1575
109595,Uzbekistan,Violence against civilians,43.2883,59.1575
109596,Uzbekistan,Violence against civilians,43.2883,59.1575
109597,Uzbekistan,Violence against civilians,43.2883,59.1575
109598,Uzbekistan,Violence against civilians,43.2883,59.1575
109599,Uzbekistan,Violence against civilians,43.2883,59.1575
109628,Uzbekistan,Riots,39.9581,66.3945
109629,Uzbekistan,Riots,39.9581,66.3945
109630,Uzbekistan,Riots,39.9581,66.3945
109631,Uzbekistan,Riots,39.9581,66.3945
109632,Uzbekistan,Riots,39.9581,66.3945
109633,Uzbekistan,Riots,39.9581,66.3945
109634,Uzbekistan,Riots,39.9581,66.3945
109635,Uzbekistan,Riots,39.9581,66.3945
109636,Uzbekistan,Riots,39.9581,66.3945
109638,Uzbekistan,Violence against civilians,39.9581,66.3945
109639,Uzbekistan,Violence against civilians,39.9581,66.3945
109640,Uzbekistan,Violence against civilians,39.9581,66.3945
109641,Uzbekistan,Violence against civilians,39.9581,66.3945
109642,Uzbekistan,Violence against civilians,39.9581,66.3945
109643,Uzbekistan,Violence against civilians,39.9581,66.3945
109644,Uzbekistan,Violence against civilians,39.9581,66.3945
109645,Uzbekistan,Violence against civilians,39.9581,66.3945
109646,Uzbekistan,Violence against civilians,39.9581,66.3945
109647,Uzbekistan,Violence against civilians,39.9581,66.3945
109648,Uzbekistan,Violence against civilians,39.9581,66.3945
109670,Uzbekistan,Violence against civilians,40.6027,68.8708
109671,Uzbekistan,Explosions/Remote violence,38.0963,67.5499
109672,Uzbekistan,Explosions/Remote violence,38.0963,67.5499
109713,Uzbekistan,Riots,38.0963,67.5499
109714,Uzbekistan,Riots,38.0963,67.5499
109715,Uzbekistan,Riots,38.0963,67.5499
109716,Uzbekistan,Riots,38.0963,67.5499
109717,Uzbekistan,Riots,38.0963,67.5499
109718,Uzbekistan,Riots,38.0963,67.5499
109719,Uzbekistan,Riots,38.0963,67.5499
109720,Uzbekistan,Riots,38.0963,67.5499
109725,Uzbekistan,Violence against civilians,38.0963,67.5499
109726,Uzbekistan,Violence against civilians,38.0963,67.5499
109727,Uzbekistan,Violence against civilians,38.0963,67.5499
109728,Uzbekistan,Violence against civilians,38.0963,67.5499
109729,Uzbekistan,Violence against civilians,38.0963,67.5499
109730,Uzbekistan,Violence against civilians,38.0963,67.5499
109731,Uzbekistan,Violence against civilians,38.0963,67.5499
109732,Uzbekistan,Violence against civilians,38.0963,67.5499
109733,Uzbekistan,Violence against civilians,38.0963,67.5499
109734,Uzbekistan,Violence against civilians,38.0963,67.5499
109779,Uzbekistan,Riots,41.2482,69.9156
109780,Uzbekistan,Riots,41.2482,69.9156
109781,Uzbekistan,Riots,41.2482,69.9156
109782,Uzbekistan,Riots,41.2482,69.9156
109783,Uzbekistan,Riots,41.2482,69.9156
109784,Uzbekistan,Violence against civilians,41.2482,69.9156
109785,Uzbekistan,Violence against civilians,41.2482,69.9156
109786,Uzbekistan,Violence against civilians,41.2482,69.9156
109787,Uzbekistan,Violence against civilians,41.2482,69.9156
109788,Uzbekistan,Violence against civilians,41.2482,69.9156
109789,Uzbekistan,Violence against civilians,41.2482,69.9156
109790,Uzbekistan,Violence against civilians,41.2482,69.9156
109791,Uzbekistan,Violence against civilians,41.2482,69.9156
109792,Uzbekistan,Violence against civilians,41.2482,69.9156
110011,Uzbekistan,Riots,41.2868,69.255
110012,Uzbekistan,Riots,41.2868,69.255
110013,Uzbekistan,Riots,41.2868,69.255
110014,Uzbekistan,Riots,41.2868,69.255
110015,Uzbekistan,Riots,41.2868,69.255
110016,Uzbekistan,Riots,41.2868,69.255
110017,Uzbekistan,Riots,41.2868,69.255
110018,Uzbekistan,Riots,41.2868,69.255
110019,Uzbekistan,Riots,41.2868,69.255
110020,Uzbekistan,Riots,41.2868,69.255
110021,Uzbekistan,Riots,41.2868,69.255
110022,Uzbekistan,Riots,41.2868,69.255
110023,Uzbekistan,Riots,41.2868,69.255
110024,Uzbekistan,Riots,41.2868,69.255
110025,Uzbekistan,Riots,41.2868,69.255
110026,Uzbekistan,Riots,41.2868,69.255
110027,Uzbekistan,Riots,41.2868,69.255
110028,Uzbekistan,Riots,41.2868,69.255
110029,Uzbekistan,Riots,41.2868,69.255
110030,Uzbekistan,Riots,41.2868,69.255
110031,Uzbekistan,Riots,41.2868,69.255
110032,Uzbekistan,Riots,41.2868,69.255
110033,Uzbekistan,Riots,41.2868,69.255
110034,Uzbekistan,Riots,41.2868,69.255
110046,Uzbekistan,Violence against civilians,41.2868,69.255
110047,Uzbekistan,Violence against civilians,41.2868,69.255
110048,Uzbekistan,Violence against civilians,41.2868,69.255
110049,Uzbekistan,Violence against civilians,41.2868,69.255
110050,Uzbekistan,Violence against civilians,41.2868,69.255
110051,Uzbekistan,Violence against civilians,41.2868,69.255
110052,Uzbekistan,Violence against civilians,41.2868,69.255
110053,Uzbekistan,Violence against civilians,41.2868,69.255
110054,Uzbekistan,Violence against civilians,41.2868,69.255
110055,Uzbekistan,Violence against civilians,41.2868,69.255
110056,Uzbekistan,Violence against civilians,41.2868,69.255
110057,Uzbekistan,Violence against civilians,41.2868,69.255
110058,Uzbekistan,Violence against civilians,41.2868,69.255
110059,Uzbekistan,Violence against civilians,41.2868,69.255
110060,Uzbekistan,Violence against civilians,41.2868,69.255
110061,Uzbekistan,Violence against civilians,41.2868,69.255
110062,Uzbekistan,Violence against civilians,41.2868,69.255
110063,Uzbekistan,Violence against civilians,41.2868,69.255
110064,Uzbekistan,Violence against civilians,41.2868,69.255
110065,Uzbekistan,Violence against civilians,41.2868,69.255
110066,Uzbekistan,Violence against civilians,41.2868,69.255
110067,Uzbekistan,Violence against civilians,41.2868,69.255
110068,Uzbekistan,Violence against civilians,41.2868,69.255
110069,Uzbekistan,Violence against civilians,41.2868,69.255
110070,Uzbekistan,Violence against civilians,41.2868,69.255
110071,Uzbekistan,Violence against civilians,41.2868,69.255
110072,Uzbekistan,Violence against civilians,41.2868,69.255
110073,Uzbekistan,Violence against civilians,41.2868,69.255
110074,Uzbekistan,Violence against civilians,41.2868,69.255
110075,Uzbekistan,Violence against civilians,41.2868,69.255
110076,Uzbekistan,Violence against civilians,41.2868,69.255
110077,Uzbekistan,Violence against civilians,41.2868,69.255
110078,Uzbekistan,Violence against civilians,41.2868,69.255
110079,Uzbekistan,Violence against civilians,41.2868,69.255
110080,Uzbekistan,Violence against civilians,41.2868,69.255
110081,Uzbekistan,Violence against civilians,41.2868,69.255
110082,Uzbekistan,Violence against civilians,41.2868,69.255
110083,Uzbekistan,Violence against civilians,41.2868,69.255
110084,Uzbekistan,Violence against civilians,41.2868,69.255
110085,Uzbekistan,Violence against civilians,41.2868,69.255
