COUNTRY,CENTROID_LATITUDE,CENTROID_LONGITUDE,EVENT_TYPE,EVENTS
Algeria,23.7125,2.3839,Explosions/Remote violence,2
Algeria,23.7125,2.3839,Riots,15
Algeria,23.7125,2.3839,Violence against civilians,27
Algeria,24.1208,9.5878,Explosions/Remote violence,1
Algeria,24.1208,9.5878,Riots,2
Algeria,24.1208,9.5878,Violence against civilians,4
Algeria,26.4839,-1.388,Explosions/Remote violence,5
Algeria,26.4839,-1.388,Riots,8
Algeria,26.4839,-1.388,Violence against civilians,5
Algeria,27.1778,3.5079,Riots,1
Algeria,27.5815,-6.2692,Explosions/Remote violence,2
Algeria,27.5815,-6.2692,Riots,13
Algeria,27.5815,-6.2692,Violence against civilians,30
Algeria,27.8543,7.813,Riots,2
Algeria,27.8543,7.813,Violence against civilians,3
Algeria,31.0812,6.7619,Explosions/Remote violence,1
Algeria,31.0812,6.7619,Riots,34
Algeria,31.0812,6.7619,Violence against civilians,1
Algeria,31.3901,-2.0171,Riots,8
Algeria,31.3901,-2.0171,Violence against civilians,6
Algeria,32.4424,3.5564,Explosions/Remote violence,1
Algeria,32.4424,3.5564,Riots,55
Algeria,32.4424,3.5564,Violence against civilians,6
Algeria,32.6085,1.1104,Violence against civilians,4
Algeria,33.2206,7.145,Explosions/Remote violence,2
Algeria,33.2206,7.145,Riots,9
Algeria,33.2206,7.145,Violence against civilians,3
Algeria,33.2335,-0.8184,Riots,2
Algeria,33.75,2.6387,Explosions/Remote violence,1
Algeria,33.75,2.6387,Riots,3
Algeria,33.75,2.6387,Violence against civilians,4
Algeria,34.3471,3.2122,Explosions/Remote violence,6
Algeria,34.3471,3.2122,Riots,8
Algeria,34.3471,3.2122,Violence against civilians,11
Algeria,34.6734,-1.2952,Explosions/Remote violence,6
Algeria,34.6734,-1.2952,Riots,6
Algeria,34.6734,-1.2952,Violence against civilians,5
Algeria,34.687,-0.4403,Explosions/Remote violence,14
Algeria,34.687,-0.4403,Riots,11
Algeria,34.687,-0.4403,Violence against civilians,4
Algeria,34.7465,0.2395,Explosions/Remote violence,1
Algeria,34.7465,0.2395,Riots,2
Algeria,34.7465,0.2395,Violence against civilians,5
Algeria,34.7877,5.8096,Explosions/Remote violence,3
Algeria,34.7877,5.8096,Riots,21
Algeria,34.7877,5.8096,Violence against civilians,4
Algeria,34.8971,1.5912,Explosions/Remote violence,4
Algeria,34.8971,1.5912,Riots,17
Algeria,34.8971,1.5912,Violence against civilians,22
Algeria,34.9162,6.9044,Explosions/Remote violence,17
Algeria,34.9162,6.9044,Riots,13
Algeria,34.9162,6.9044,Violence against civilians,2
Algeria,35.1195,7.8944,Explosions/Remote violence,35
Algeria,35.1195,7.8944,Riots,1
Algeria,35.1195,7.8944,Violence against civilians,6
Algeria,35.1252,4.2104,Explosions/Remote violence,8
Algeria,35.1252,4.2104,Riots,11
Algeria,35.1252,4.2104,Violence against civilians,5
Algeria,35.3408,5.7313,Explosions/Remote violence,16
Algeria,35.3408,5.7313,Riots,13
Algeria,35.3408,5.7313,Violence against civilians,9
Algeria,35.3667,-0.9465,Riots,1
Algeria,35.3667,-0.9465,Violence against civilians,2
Algeria,35.4004,0.2405,Explosions/Remote violence,2
Algeria,35.4004,0.2405,Riots,5
Algeria,35.4004,0.2405,Violence against civilians,15
Algeria,35.6229,-0.7035,Riots,21
Algeria,35.6229,-0.7035,Violence against civilians,8
Algeria,35.7883,1.8328,Explosions/Remote violence,4
Algeria,35.7883,1.8328,Riots,1
Algeria,35.7883,1.8328,Violence against civilians,9
Algeria,35.8129,7.0175,Explosions/Remote violence,1
Algeria,35.8129,7.0175,Riots,5
Algeria,35.8129,7.0175,Violence against civilians,1
Algeria,35.8388,0.9109,Explosions/Remote violence,2
Algeria,35.8388,0.9109,Riots,3
Algeria,35.8388,0.9109,Violence against civilians,21
Algeria,35.9778,3.0121,Explosions/Remote violence,10
Algeria,35.9778,3.0121,Violence against civilians,56
Algeria,36.004,0.368,Riots,10
Algeria,36.004,0.368,Violence against civilians,1
Algeria,36.0977,4.6633,Explosions/Remote violence,2
Algeria,36.0977,4.6633,Riots,12
Algeria,36.0977,4.6633,Violence against civilians,5
Algeria,36.1089,5.5587,Explosions/Remote violence,1
Algeria,36.1089,5.5587,Riots,6
Algeria,36.1089,5.5587,Violence against civilians,3
Algeria,36.1394,7.825,Explosions/Remote violence,2
Algeria,36.1394,7.825,Riots,4
Algeria,36.1614,2.086,Explosions/Remote violence,17
Algeria,36.1614,2.086,Riots,4
Algeria,36.1614,2.086,Violence against civilians,29
Algeria,36.205,1.2672,Explosions/Remote violence,6
Algeria,36.205,1.2672,Riots,13
Algeria,36.205,1.2672,Violence against civilians,31
Algeria,36.2328,3.9075,Explosions/Remote violence,65
Algeria,36.2328,3.9075,Riots,72
Algeria,36.2328,3.9075,Violence against civilians,12
Algeria,36.2521,6.1652,Riots,10
Algeria,36.3494,7.4116,Riots,4
Algeria,36.3603,6.6681,Explosions/Remote violence,3
Algeria,36.3603,6.6681,Riots,13
Algeria,36.3603,6.6681,Violence against civilians,3
Algeria,36.5045,2.9556,Explosions/Remote violence,12
Algeria,36.5045,2.9556,Riots,9
Algeria,36.5045,2.9556,Violence against civilians,45
Algeria,36.5302,2.17,Explosions/Remote violence,4
Algeria,36.5302,2.17,Riots,13
Algeria,36.5302,2.17,Violence against civilians,36
Algeria,36.5581,4.7901,Explosions/Remote violence,29
Algeria,36.5581,4.7901,Riots,120
Algeria,36.5581,4.7901,Violence against civilians,5
Algeria,36.6722,8.0714,Explosions/Remote violence,2
Algeria,36.6722,8.0714,Riots,9
Algeria,36.6722,8.0714,Violence against civilians,2
Algeria,36.6832,4.2389,Explosions/Remote violence,111
Algeria,36.6832,4.2389,Riots,116
Algeria,36.6832,4.2389,Violence against civilians,45
Algeria,36.7019,3.032,Explosions/Remote violence,41
Algeria,36.7019,3.032,Riots,117
Algeria,36.7019,3.032,Violence against civilians,58
Algeria,36.7309,5.9606,Explosions/Remote violence,30
Algeria,36.7309,5.9606,Riots,8
Algeria,36.7309,5.9606,Violence against civilians,12
Algeria,36.7364,3.6204,Explosions/Remote violence,129
Algeria,36.7364,3.6204,Riots,23
Algeria,36.7364,3.6204,Violence against civilians,50
Algeria,36.7548,6.889,Explosions/Remote violence,14
Algeria,36.7548,6.889,Riots,29
Algeria,36.7548,6.889,Violence against civilians,13
Algeria,36.8456,7.6004,Explosions/Remote violence,5
Algeria,36.8456,7.6004,Riots,27
Algeria,36.8456,7.6004,Violence against civilians,7
Angola,-16.2928,15.6012,Explosions/Remote violence,2
Angola,-16.2928,15.6012,Riots,1
Angola,-16.2928,15.6012,Violence against civilians,8
Angola,-15.8033,19.4668,Explosions/Remote violence,7
Angola,-15.8033,19.4668,Riots,4
Angola,-15.8033,19.4668,Violence against civilians,25
Angola,-15.3936,12.7292,Riots,6
Angola,-15.3936,12.7292,Violence against civilians,4
Angola,-14.8532,15.0095,Explosions/Remote violence,4
Angola,-14.8532,15.0095,Riots,25
Angola,-14.8532,15.0095,Violence against civilians,31
Angola,-13.3855,19.9732,Explosions/Remote violence,2
Angola,-13.3855,19.9732,Riots,10
Angola,-13.3855,19.9732,Violence against civilians,6
Angola,-12.819,13.9009,Explosions/Remote violence,2
Angola,-12.819,13.9009,Riots,29
Angola,-12.819,13.9009,Violence against civilians,52
Angola,-12.6045,15.6088,Explosions/Remote violence,36
Angola,-12.6045,15.6088,Riots,35
Angola,-12.6045,15.6088,Violence against civilians,44
Angola,-12.4421,17.4172,Explosions/Remote violence,19
Angola,-12.4421,17.4172,Riots,14
Angola,-12.4421,17.4172,Violence against civilians,52
Angola,-10.9446,15.0489,Explosions/Remote violence,1
Angola,-10.9446,15.0489,Riots,5
Angola,-10.9446,15.0489,Violence against civilians,23
Angola,-9.8976,20.9525,Explosions/Remote violence,5
Angola,-9.8976,20.9525,Riots,2
Angola,-9.8976,20.9525,Violence against civilians,17
Angola,-9.5911,13.6784,Explosions/Remote violence,3
Angola,-9.5911,13.6784,Riots,99
Angola,-9.5911,13.6784,Violence against civilians,116
Angola,-9.5296,16.2659,Explosions/Remote violence,8
Angola,-9.5296,16.2659,Riots,6
Angola,-9.5296,16.2659,Violence against civilians,37
Angola,-8.8589,15.0965,Riots,8
Angola,-8.8589,15.0965,Violence against civilians,17
Angola,-8.5985,19.3496,Explosions/Remote violence,2
Angola,-8.5985,19.3496,Riots,6
Angola,-8.5985,19.3496,Violence against civilians,86
Angola,-8.2837,13.9877,Riots,5
Angola,-8.2837,13.9877,Violence against civilians,25
Angola,-7.1263,15.3904,Explosions/Remote violence,1
Angola,-7.1263,15.3904,Riots,13
Angola,-7.1263,15.3904,Violence against civilians,41
Angola,-6.8131,13.4709,Riots,9
Angola,-6.8131,13.4709,Violence against civilians,11
Angola,-5.0815,12.2558,Riots,1
Angola,-5.0815,12.2558,Violence against civilians,82
Benin,6.2375,2.1643,Violence against civilians,2
Benin,6.3711,2.3916,Riots,13
Benin,6.3711,2.3916,Violence against civilians,12
Benin,6.5445,1.8442,Riots,11
Benin,6.5445,1.8442,Violence against civilians,2
Benin,6.6135,2.2186,Riots,30
Benin,6.6135,2.2186,Violence against civilians,11
Benin,6.6663,2.516,Riots,14
Benin,6.6663,2.516,Violence against civilians,3
Benin,7.0993,2.6466,Riots,6
Benin,7.0993,2.6466,Violence against civilians,15
Benin,7.1325,1.7567,Riots,12
Benin,7.1325,1.7567,Violence against civilians,3
Benin,7.2807,2.1233,Explosions/Remote violence,1
Benin,7.2807,2.1233,Riots,17
Benin,7.2807,2.1233,Violence against civilians,15
Benin,7.9413,2.1656,Riots,29
Benin,7.9413,2.1656,Violence against civilians,21
Benin,9.2644,1.7188,Riots,27
Benin,9.2644,1.7188,Violence against civilians,16
Benin,9.7104,2.7396,Riots,106
Benin,9.7104,2.7396,Violence against civilians,82
Benin,10.5177,1.52,Explosions/Remote violence,23
Benin,10.5177,1.52,Riots,63
Benin,10.5177,1.52,Violence against civilians,158
Benin,11.4661,2.7958,Explosions/Remote violence,19
Benin,11.4661,2.7958,Riots,45
Benin,11.4661,2.7958,Violence against civilians,287
Botswana,-24.9904,25.7263,Riots,14
Botswana,-24.9904,25.7263,Violence against civilians,6
Botswana,-24.9552,24.92,Riots,4
Botswana,-24.9552,24.92,Violence against civilians,1
Botswana,-24.1306,26.4186,Riots,2
Botswana,-24.1306,26.4186,Violence against civilians,1
Botswana,-23.8636,24.5302,Riots,20
Botswana,-21.4821,25.9095,Riots,8
Botswana,-21.4821,25.9095,Violence against civilians,3
Botswana,-21.0189,27.5253,Riots,7
Botswana,-21.0189,27.5253,Violence against civilians,2
Botswana,-19.5117,22.9992,Riots,2
Botswana,-19.5117,22.9992,Violence against civilians,3
Botswana,-18.3899,24.7057,Violence against civilians,2
Burkina Faso,10.3094,-4.4899,Explosions/Remote violence,67
Burkina Faso,10.3094,-4.4899,Riots,19
Burkina Faso,10.3094,-4.4899,Violence against civilians,85
Burkina Faso,10.3884,-3.2821,Explosions/Remote violence,30
Burkina Faso,10.3884,-3.2821,Riots,24
Burkina Faso,10.3884,-3.2821,Violence against civilians,41
Burkina Faso,11.3961,-4.0335,Explosions/Remote violence,17
Burkina Faso,11.3961,-4.0335,Riots,46
Burkina Faso,11.3961,-4.0335,Violence against civilians,89
Burkina Faso,11.5867,-1.0624,Explosions/Remote violence,1
Burkina Faso,11.5867,-1.0624,Riots,22
Burkina Faso,11.5867,-1.0624,Violence against civilians,15
Burkina Faso,11.718,-0.2756,Explosions/Remote violence,119
Burkina Faso,11.718,-0.2756,Riots,26
Burkina Faso,11.718,-0.2756,Violence against civilians,178
Burkina Faso,11.9045,-2.304,Explosions/Remote violence,8
Burkina Faso,11.9045,-2.304,Riots,26
Burkina Faso,11.9045,-2.304,Violence against civilians,35
Burkina Faso,12.257,1.0058,Explosions/Remote violence,374
Burkina Faso,12.257,1.0058,Riots,23
Burkina Faso,12.257,1.0058,Violence against civilians,743
Burkina Faso,12.3632,-1.542,Explosions/Remote violence,3
Burkina Faso,12.3632,-1.542,Riots,115
Burkina Faso,12.3632,-1.542,Violence against civilians,54
Burkina Faso,12.4015,-0.8892,Riots,11
Burkina Faso,12.4015,-0.8892,Violence against civilians,5
Burkina Faso,12.4738,-3.5892,Explosions/Remote violence,206
Burkina Faso,12.4738,-3.5892,Riots,20
Burkina Faso,12.4738,-3.5892,Violence against civilians,338
Burkina Faso,13.2243,-1.0307,Explosions/Remote violence,293
Burkina Faso,13.2243,-1.0307,Riots,29
Burkina Faso,13.2243,-1.0307,Violence against civilians,389
Burkina Faso,13.453,-2.2505,Explosions/Remote violence,262
Burkina Faso,13.453,-2.2505,Riots,34
Burkina Faso,13.453,-2.2505,Violence against civilians,267
Burkina Faso,14.0239,-0.768,Explosions/Remote violence,652
Burkina Faso,14.0239,-0.768,Riots,14
Burkina Faso,14.0239,-0.768,Violence against civilians,1070
Burundi,-4.2352,29.8003,Explosions/Remote violence,20
Burundi,-4.2352,29.8003,Riots,36
Burundi,-4.2352,29.8003,Violence against civilians,441
Burundi,-3.8747,29.4703,Explosions/Remote violence,17
Burundi,-3.8747,29.4703,Riots,24
Burundi,-3.8747,29.4703,Violence against civilians,265
Burundi,-3.8649,30.0934,Explosions/Remote violence,10
Burundi,-3.8649,30.0934,Riots,8
Burundi,-3.8649,30.0934,Violence against civilians,174
Burundi,-3.8593,29.7322,Explosions/Remote violence,19
Burundi,-3.8593,29.7322,Riots,18
Burundi,-3.8593,29.7322,Violence against civilians,163
Burundi,-3.5103,29.7149,Explosions/Remote violence,8
Burundi,-3.5103,29.7149,Riots,14
Burundi,-3.5103,29.7149,Violence against civilians,105
Burundi,-3.4626,29.4846,Explosions/Remote violence,33
Burundi,-3.4626,29.4846,Riots,33
Burundi,-3.4626,29.4846,Violence against civilians,443
Burundi,-3.4607,30.3445,Explosions/Remote violence,28
Burundi,-3.4607,30.3445,Riots,30
Burundi,-3.4607,30.3445,Violence against civilians,277
Burundi,-3.4513,29.9635,Explosions/Remote violence,36
Burundi,-3.4513,29.9635,Riots,40
Burundi,-3.4513,29.9635,Violence against civilians,310
Burundi,-3.3944,29.3671,Explosions/Remote violence,307
Burundi,-3.3944,29.3671,Riots,210
Burundi,-3.3944,29.3671,Violence against civilians,1000
Burundi,-3.2666,29.6532,Explosions/Remote violence,16
Burundi,-3.2666,29.6532,Riots,2
Burundi,-3.2666,29.6532,Violence against civilians,179
Burundi,-3.149,30.0794,Explosions/Remote violence,5
Burundi,-3.149,30.0794,Riots,29
Burundi,-3.149,30.0794,Violence against civilians,209
Burundi,-3.1443,30.5908,Explosions/Remote violence,6
Burundi,-3.1443,30.5908,Riots,23
Burundi,-3.1443,30.5908,Violence against civilians,133
Burundi,-3.1178,29.3985,Explosions/Remote violence,43
Burundi,-3.1178,29.3985,Riots,23
Burundi,-3.1178,29.3985,Violence against civilians,509
Burundi,-3.0087,29.6618,Explosions/Remote violence,11
Burundi,-3.0087,29.6618,Riots,22
Burundi,-3.0087,29.6618,Violence against civilians,310
Burundi,-2.8719,29.9234,Explosions/Remote violence,13
Burundi,-2.8719,29.9234,Riots,20
Burundi,-2.8719,29.9234,Violence against civilians,224
Burundi,-2.8475,29.2622,Explosions/Remote violence,31
Burundi,-2.8475,29.2622,Riots,73
Burundi,-2.8475,29.2622,Violence against civilians,522
Burundi,-2.7346,30.3159,Explosions/Remote violence,19
Burundi,-2.7346,30.3159,Riots,21
Burundi,-2.7346,30.3159,Violence against civilians,175
Burundi,-2.5556,30.1656,Explosions/Remote violence,43
Burundi,-2.5556,30.1656,Riots,39
Burundi,-2.5556,30.1656,Violence against civilians,428
Cameroon,2.9212,11.3475,Riots,17
Cameroon,2.9212,11.3475,Violence against civilians,2
Cameroon,3.8946,13.8592,Riots,10
Cameroon,3.8946,13.8592,Violence against civilians,15
Cameroon,4.2905,10.2235,Explosions/Remote violence,5
Cameroon,4.2905,10.2235,Riots,79
Cameroon,4.2905,10.2235,Violence against civilians,65
Cameroon,4.6837,11.854,Explosions/Remote violence,10
Cameroon,4.6837,11.854,Riots,68
Cameroon,4.6837,11.854,Violence against civilians,61
Cameroon,5.236,9.2808,Explosions/Remote violence,88
Cameroon,5.236,9.2808,Riots,104
Cameroon,5.236,9.2808,Violence against civilians,1963
Cameroon,5.5347,10.583,Explosions/Remote violence,3
Cameroon,5.5347,10.583,Riots,57
Cameroon,5.5347,10.583,Violence against civilians,59
Cameroon,6.4342,10.4682,Explosions/Remote violence,172
Cameroon,6.4342,10.4682,Riots,140
Cameroon,6.4342,10.4682,Violence against civilians,2822
Cameroon,7.0781,13.218,Riots,4
Cameroon,7.0781,13.218,Violence against civilians,27
Cameroon,8.6371,13.8726,Riots,15
Cameroon,8.6371,13.8726,Violence against civilians,69
Cameroon,11.4565,14.792,Explosions/Remote violence,270
Cameroon,11.4565,14.792,Riots,141
Cameroon,11.4565,14.792,Violence against civilians,2203
Cape Verde,14.9219,-24.4413,Riots,1
Cape Verde,14.9487,-23.5222,Riots,1
Cape Verde,14.9487,-23.5222,Violence against civilians,2
Cape Verde,15.1129,-23.5521,Riots,1
Cape Verde,15.1129,-23.5521,Violence against civilians,1
Cape Verde,16.8493,-24.9718,Riots,2
Cape Verde,16.8493,-24.9718,Violence against civilians,1
Central African Republic,3.2231,16.1735,Explosions/Remote violence,1
Central African Republic,3.2231,16.1735,Riots,2
Central African Republic,3.2231,16.1735,Violence against civilians,14
Central African Republic,4.2718,17.5397,Explosions/Remote violence,3
Central African Republic,4.2718,17.5397,Riots,21
Central African Republic,4.2718,17.5397,Violence against civilians,42
Central African Republic,4.3755,18.5531,Explosions/Remote violence,42
Central African Republic,4.3755,18.5531,Riots,217
Central African Republic,4.3755,18.5531,Violence against civilians,359
Central African Republic,4.5495,15.8579,Explosions/Remote violence,9
Central African Republic,4.5495,15.8579,Riots,11
Central African Republic,4.5495,15.8579,Violence against civilians,84
Central African Republic,4.8791,18.1909,Explosions/Remote violence,9
Central African Republic,4.8791,18.1909,Riots,26
Central African Republic,4.8791,18.1909,Violence against civilians,157
Central African Republic,4.9577,21.3507,Explosions/Remote violence,1
Central African Republic,4.9577,21.3507,Riots,4
Central African Republic,4.9577,21.3507,Violence against civilians,88
Central African Republic,5.4318,23.4284,Explosions/Remote violence,1
Central African Republic,5.4318,23.4284,Riots,8
Central African Republic,5.4318,23.4284,Violence against civilians,201
Central African Republic,5.7276,19.1448,Riots,7
Central African Republic,5.7276,19.1448,Violence against civilians,66
Central African Republic,5.8422,15.2811,Explosions/Remote violence,22
Central African Republic,5.8422,15.2811,Riots,11
Central African Republic,5.8422,15.2811,Violence against civilians,180
Central African Republic,6.1296,20.8123,Explosions/Remote violence,9
Central African Republic,6.1296,20.8123,Riots,17
Central African Republic,6.1296,20.8123,Violence against civilians,302
Central African Republic,6.5837,25.3754,Explosions/Remote violence,2
Central African Republic,6.5837,25.3754,Riots,19
Central African Republic,6.5837,25.3754,Violence against civilians,388
Central African Republic,6.7146,15.9795,Explosions/Remote violence,30
Central African Republic,6.7146,15.9795,Riots,23
Central African Republic,6.7146,15.9795,Violence against civilians,426
Central African Republic,7.0641,17.7447,Explosions/Remote violence,5
Central African Republic,7.0641,17.7447,Riots,19
Central African Republic,7.0641,17.7447,Violence against civilians,372
Central African Republic,7.3296,22.9458,Explosions/Remote violence,2
Central African Republic,7.3296,22.9458,Riots,18
Central African Republic,7.3296,22.9458,Violence against civilians,333
Central African Republic,7.4966,19.2495,Explosions/Remote violence,5
Central African Republic,7.4966,19.2495,Riots,6
Central African Republic,7.4966,19.2495,Violence against civilians,127
Central African Republic,8.3892,20.5713,Explosions/Remote violence,6
Central African Republic,8.3892,20.5713,Riots,5
Central African Republic,8.3892,20.5713,Violence against civilians,57
Central African Republic,9.8022,22.4016,Explosions/Remote violence,9
Central African Republic,9.8022,22.4016,Riots,8
Central African Republic,9.8022,22.4016,Violence against civilians,190
Chad,8.3,16.4621,Riots,12
Chad,8.3,16.4621,Violence against civilians,32
Chad,8.7112,17.5787,Explosions/Remote violence,1
Chad,8.7112,17.5787,Riots,6
Chad,8.7112,17.5787,Violence against civilians,8
Chad,8.7691,15.9364,Riots,16
Chad,8.7691,15.9364,Violence against civilians,24
Chad,9.2323,14.8601,Riots,5
Chad,9.2323,14.8601,Violence against civilians,25
Chad,9.3213,18.8631,Riots,9
Chad,9.3213,18.8631,Violence against civilians,11
Chad,9.6484,16.6525,Riots,5
Chad,9.6484,16.6525,Violence against civilians,6
Chad,10.2098,15.8059,Explosions/Remote violence,1
Chad,10.2098,15.8059,Riots,5
Chad,10.2098,15.8059,Violence against civilians,7
Chad,10.6118,20.7096,Explosions/Remote violence,1
Chad,10.6118,20.7096,Riots,3
Chad,10.6118,20.7096,Violence against civilians,13
Chad,11.1026,16.3757,Riots,1
Chad,11.1026,16.3757,Violence against civilians,11
Chad,11.4606,18.1047,Riots,1
Chad,11.4606,18.1047,Violence against civilians,12
Chad,11.996,21.4824,Explosions/Remote violence,5
Chad,11.996,21.4824,Riots,4
Chad,11.996,21.4824,Violence against civilians,43
Chad,12.1523,15.0196,Explosions/Remote violence,6
Chad,12.1523,15.0196,Riots,75
Chad,12.1523,15.0196,Violence against civilians,77
Chad,12.4213,15.4845,Explosions/Remote violence,3
Chad,12.4213,15.4845,Riots,2
Chad,12.4213,15.4845,Violence against civilians,14
Chad,13.5147,21.2678,Explosions/Remote violence,2
Chad,13.5147,21.2678,Riots,15
Chad,13.5147,21.2678,Violence against civilians,112
Chad,13.7534,14.1757,Explosions/Remote violence,31
Chad,13.7534,14.1757,Riots,2
Chad,13.7534,14.1757,Violence against civilians,97
Chad,14.4504,18.9154,Riots,4
Chad,14.4504,18.9154,Violence against civilians,2
Chad,14.6819,16.9986,Explosions/Remote violence,1
Chad,14.6819,16.9986,Violence against civilians,1
Chad,14.9451,21.4027,Explosions/Remote violence,11
Chad,14.9451,21.4027,Riots,1
Chad,14.9451,21.4027,Violence against civilians,22
Chad,14.9824,15.0332,Explosions/Remote violence,1
Chad,14.9824,15.0332,Riots,5
Chad,14.9824,15.0332,Violence against civilians,5
Chad,17.4347,23.1751,Explosions/Remote violence,7
Chad,17.4744,18.1475,Explosions/Remote violence,2
Chad,17.4744,18.1475,Riots,2
Chad,17.4744,18.1475,Violence against civilians,5
Chad,18.3366,20.9188,Violence against civilians,1
Chad,20.2226,18.2624,Explosions/Remote violence,19
Chad,20.2226,18.2624,Riots,4
Chad,20.2226,18.2624,Violence against civilians,13
Comoros,-12.3252,43.7309,Riots,3
Comoros,-12.3252,43.7309,Violence against civilians,3
Comoros,-12.214,44.4377,Riots,8
Comoros,-12.214,44.4377,Violence against civilians,2
Comoros,-11.7184,43.3604,Riots,11
Comoros,-11.7184,43.3604,Violence against civilians,2
Comoros,11.6296,43.3341,Riots,19
Comoros,11.6296,43.3341,Violence against civilians,11
Comoros,12.2242,44.4461,Explosions/Remote violence,2
Comoros,12.2242,44.4461,Riots,11
Comoros,12.2242,44.4461,Violence against civilians,7
Democratic Republic of Congo,-10.5155,27.6201,Explosions/Remote violence,7
Democratic Republic of Congo,-10.5155,27.6201,Riots,161
Democratic Republic of Congo,-10.5155,27.6201,Violence against civilians,196
Democratic Republic of Congo,-9.6828,22.9987,Riots,47
Democratic Republic of Congo,-9.6828,22.9987,Violence against civilians,25
Democratic Republic of Congo,-8.09,25.6206,Explosions/Remote violence,1
Democratic Republic of Congo,-8.09,25.6206,Riots,20
Democratic Republic of Congo,-8.09,25.6206,Violence against civilians,38
Democratic Republic of Congo,-6.7163,27.9695,Explosions/Remote violence,8
Democratic Republic of Congo,-6.7163,27.9695,Riots,65
Democratic Republic of Congo,-6.7163,27.9695,Violence against civilians,268
Democratic Republic of Congo,-6.4042,24.6415,Explosions/Remote violence,3
Democratic Republic of Congo,-6.4042,24.6415,Riots,42
Democratic Republic of Congo,-6.4042,24.6415,Violence against civilians,20
Democratic Republic of Congo,-6.2108,17.7707,Riots,4
Democratic Republic of Congo,-6.2108,17.7707,Violence against civilians,30
Democratic Republic of Congo,-6.2105,23.5515,Riots,107
Democratic Republic of Congo,-6.2105,23.5515,Violence against civilians,34
Democratic Republic of Congo,-6.066,22.2643,Explosions/Remote violence,4
Democratic Republic of Congo,-6.066,22.2643,Riots,63
Democratic Republic of Congo,-6.066,22.2643,Violence against civilians,84
Democratic Republic of Congo,-5.1431,14.3853,Explosions/Remote violence,3
Democratic Republic of Congo,-5.1431,14.3853,Riots,69
Democratic Republic of Congo,-5.1431,14.3853,Violence against civilians,59
Democratic Republic of Congo,-4.8941,21.118,Explosions/Remote violence,2
Democratic Republic of Congo,-4.8941,21.118,Riots,27
Democratic Republic of Congo,-4.8941,21.118,Violence against civilians,58
Democratic Republic of Congo,-4.8097,18.8047,Riots,54
Democratic Republic of Congo,-4.8097,18.8047,Violence against civilians,29
Democratic Republic of Congo,-4.4792,15.7833,Explosions/Remote violence,9
Democratic Republic of Congo,-4.4792,15.7833,Riots,258
Democratic Republic of Congo,-4.4792,15.7833,Violence against civilians,188
Democratic Republic of Congo,-3.7708,23.4592,Riots,26
Democratic Republic of Congo,-3.7708,23.4592,Violence against civilians,25
Democratic Republic of Congo,-3.297,28.1671,Explosions/Remote violence,82
Democratic Republic of Congo,-3.297,28.1671,Riots,484
Democratic Republic of Congo,-3.297,28.1671,Violence against civilians,1950
Democratic Republic of Congo,-2.5584,18.6028,Explosions/Remote violence,2
Democratic Republic of Congo,-2.5584,18.6028,Riots,9
Democratic Republic of Congo,-2.5584,18.6028,Violence against civilians,78
Democratic Republic of Congo,-2.4982,25.9526,Explosions/Remote violence,2
Democratic Republic of Congo,-2.4982,25.9526,Riots,41
Democratic Republic of Congo,-2.4982,25.9526,Violence against civilians,120
Democratic Republic of Congo,-0.5508,28.7185,Explosions/Remote violence,476
Democratic Republic of Congo,-0.5508,28.7185,Riots,786
Democratic Republic of Congo,-0.5508,28.7185,Violence against civilians,5140
Democratic Republic of Congo,-0.4525,21.6909,Explosions/Remote violence,6
Democratic Republic of Congo,-0.4525,21.6909,Riots,6
Democratic Republic of Congo,-0.4525,21.6909,Violence against civilians,14
Democratic Republic of Congo,0.0627,19.1409,Explosions/Remote violence,5
Democratic Republic of Congo,0.0627,19.1409,Riots,42
Democratic Republic of Congo,0.0627,19.1409,Violence against civilians,21
Democratic Republic of Congo,0.2052,25.633,Explosions/Remote violence,4
Democratic Republic of Congo,0.2052,25.633,Riots,93
Democratic Republic of Congo,0.2052,25.633,Violence against civilians,114
Democratic Republic of Congo,2.0294,21.176,Explosions/Remote violence,1
Democratic Republic of Congo,2.0294,21.176,Riots,5
Democratic Republic of Congo,2.0294,21.176,Violence against civilians,9
Democratic Republic of Congo,2.1295,29.0513,Explosions/Remote violence,90
Democratic Republic of Congo,2.1295,29.0513,Riots,226
Democratic Republic of Congo,2.1295,29.0513,Violence against civilians,2518
Democratic Republic of Congo,3.3289,19.4628,Explosions/Remote violence,12
Democratic Republic of Congo,3.3289,19.4628,Riots,21
Democratic Republic of Congo,3.3289,19.4628,Violence against civilians,33
Democratic Republic of Congo,3.3372,28.7895,Riots,47
Democratic Republic of Congo,3.3372,28.7895,Violence against civilians,595
Democratic Republic of Congo,3.665,25.3771,Explosions/Remote violence,2
Democratic Republic of Congo,3.665,25.3771,Riots,23
Democratic Republic of Congo,3.665,25.3771,Violence against civilians,263
Democratic Republic of Congo,4.0187,21.3025,Explosions/Remote violence,5
Democratic Republic of Congo,4.0187,21.3025,Riots,12
Democratic Republic of Congo,4.0187,21.3025,Violence against civilians,12
Djibouti,11.1813,42.872,Explosions/Remote violence,3
Djibouti,11.1813,42.872,Violence against civilians,4
Djibouti,11.4008,42.1097,Riots,3
Djibouti,11.4008,42.1097,Violence against civilians,1
Djibouti,11.5493,43.055,Explosions/Remote violence,3
Djibouti,11.5493,43.055,Riots,18
Djibouti,11.5493,43.055,Violence against civilians,28
Djibouti,12.0315,42.5229,Explosions/Remote violence,4
Djibouti,12.0315,42.5229,Riots,2
Djibouti,12.0315,42.5229,Violence against civilians,3
Djibouti,12.2727,43.0381,Explosions/Remote violence,3
Djibouti,12.2727,43.0381,Riots,1
Djibouti,12.2727,43.0381,Violence against civilians,2
Egypt,23.5553,28.4427,Explosions/Remote violence,3
Egypt,23.5553,28.4427,Riots,3
Egypt,23.5553,28.4427,Violence against civilians,4
Egypt,23.6678,32.6917,Explosions/Remote violence,8
Egypt,23.6678,32.6917,Riots,30
Egypt,23.6678,32.6917,Violence against civilians,8
Egypt,25.5699,34.0472,Riots,3
Egypt,25.5699,34.0472,Violence against civilians,8
Egypt,25.6953,32.6877,Explosions/Remote violence,1
Egypt,25.6953,32.6877,Riots,20
Egypt,25.6953,32.6877,Violence against civilians,9
Egypt,26.0106,33.1299,Explosions/Remote violence,5
Egypt,26.0106,33.1299,Riots,24
Egypt,26.0106,33.1299,Violence against civilians,15
Egypt,26.7624,32.091,Explosions/Remote violence,1
Egypt,26.7624,32.091,Riots,20
Egypt,26.7624,32.091,Violence against civilians,9
Egypt,27.4036,31.7404,Explosions/Remote violence,5
Egypt,27.4036,31.7404,Riots,46
Egypt,27.4036,31.7404,Violence against civilians,21
Egypt,28.2126,30.9123,Explosions/Remote violence,2
Egypt,28.2126,30.9123,Riots,93
Egypt,28.2126,30.9123,Violence against civilians,41
Egypt,28.8262,33.9036,Explosions/Remote violence,16
Egypt,28.8262,33.9036,Riots,9
Egypt,28.8262,33.9036,Violence against civilians,11
Egypt,28.8383,30.8544,Explosions/Remote violence,3
Egypt,28.8383,30.8544,Riots,26
Egypt,28.8383,30.8544,Violence against civilians,13
Egypt,29.0541,29.4188,Explosions/Remote violence,69
Egypt,29.0541,29.4188,Riots,212
Egypt,29.0541,29.4188,Violence against civilians,67
Egypt,29.3407,30.6196,Explosions/Remote violence,24
Egypt,29.3407,30.6196,Riots,59
Egypt,29.3407,30.6196,Violence against civilians,15
Egypt,29.62,32.1268,Explosions/Remote violence,6
Egypt,29.62,32.1268,Riots,55
Egypt,29.62,32.1268,Violence against civilians,8
Egypt,29.7399,27.3972,Explosions/Remote violence,10
Egypt,29.7399,27.3972,Riots,11
Egypt,29.7399,27.3972,Violence against civilians,5
Egypt,30.0371,31.564,Explosions/Remote violence,103
Egypt,30.0371,31.564,Riots,559
Egypt,30.0371,31.564,Violence against civilians,269
Egypt,30.3305,31.2254,Explosions/Remote violence,16
Egypt,30.3305,31.2254,Riots,38
Egypt,30.3305,31.2254,Violence against civilians,21
Egypt,30.4275,33.6164,Explosions/Remote violence,1475
Egypt,30.4275,33.6164,Riots,35
Egypt,30.4275,33.6164,Violence against civilians,446
Egypt,30.4393,30.9287,Explosions/Remote violence,8
Egypt,30.4393,30.9287,Riots,24
Egypt,30.4393,30.9287,Violence against civilians,14
Egypt,30.538,31.9026,Explosions/Remote violence,6
Egypt,30.538,31.9026,Riots,31
Egypt,30.538,31.9026,Violence against civilians,24
Egypt,30.6333,31.7894,Explosions/Remote violence,29
Egypt,30.6333,31.7894,Riots,76
Egypt,30.6333,31.7894,Violence against civilians,38
Egypt,30.6904,30.3672,Explosions/Remote violence,16
Egypt,30.6904,30.3672,Riots,39
Egypt,30.6904,30.3672,Violence against civilians,23
Egypt,30.8111,29.7538,Explosions/Remote violence,26
Egypt,30.8111,29.7538,Riots,179
Egypt,30.8111,29.7538,Violence against civilians,55
Egypt,30.8397,31.0031,Explosions/Remote violence,20
Egypt,30.8397,31.0031,Riots,81
Egypt,30.8397,31.0031,Violence against civilians,15
Egypt,31.0263,32.4456,Explosions/Remote violence,4
Egypt,31.0263,32.4456,Riots,38
Egypt,31.0263,32.4456,Violence against civilians,11
Egypt,31.0381,31.5719,Explosions/Remote violence,7
Egypt,31.0381,31.5719,Riots,62
Egypt,31.0381,31.5719,Violence against civilians,16
Egypt,31.2787,30.9054,Explosions/Remote violence,2
Egypt,31.2787,30.9054,Riots,26
Egypt,31.2787,30.9054,Violence against civilians,6
Egypt,31.3191,31.692,Explosions/Remote violence,1
Egypt,31.3191,31.692,Riots,41
Egypt,31.3191,31.692,Violence against civilians,12
Equatorial Guinea,1.5033,11.1131,Riots,2
Equatorial Guinea,1.5033,11.1131,Violence against civilians,1
Equatorial Guinea,1.5862,10.2415,Violence against civilians,2
Equatorial Guinea,1.6351,9.7942,Violence against civilians,10
Equatorial Guinea,1.9497,11.1462,Violence against civilians,2
Equatorial Guinea,3.4273,8.6218,Violence against civilians,1
Equatorial Guinea,3.6467,8.7747,Riots,2
Equatorial Guinea,3.6467,8.7747,Violence against civilians,17
Eritrea,13.6878,41.6789,Explosions/Remote violence,10
Eritrea,13.6878,41.6789,Violence against civilians,4
Eritrea,14.842,39.0037,Explosions/Remote violence,24
Eritrea,14.842,39.0037,Riots,3
Eritrea,14.842,39.0037,Violence against civilians,14
Eritrea,15.2789,37.6309,Explosions/Remote violence,19
Eritrea,15.2789,37.6309,Violence against civilians,21
Eritrea,15.3673,38.8753,Explosions/Remote violence,10
Eritrea,15.3673,38.8753,Riots,1
Eritrea,15.3673,38.8753,Violence against civilians,17
Eritrea,16.1962,38.8403,Explosions/Remote violence,8
Eritrea,16.1962,38.8403,Riots,1
Eritrea,16.1962,38.8403,Violence against civilians,8
Eritrea,16.5419,37.5528,Violence against civilians,1
Ethiopia,5.8159,36.9868,Explosions/Remote violence,2
Ethiopia,5.8159,36.9868,Riots,21
Ethiopia,5.8159,36.9868,Violence against civilians,112
Ethiopia,6.6517,38.4779,Explosions/Remote violence,1
Ethiopia,6.6517,38.4779,Riots,9
Ethiopia,6.6517,38.4779,Violence against civilians,15
Ethiopia,6.7101,35.9426,Riots,3
Ethiopia,6.7101,35.9426,Violence against civilians,22
Ethiopia,6.9501,40.414,Explosions/Remote violence,111
Ethiopia,6.9501,40.414,Riots,258
Ethiopia,6.9501,40.414,Violence against civilians,1782
Ethiopia,7.2466,44.7279,Explosions/Remote violence,21
Ethiopia,7.2466,44.7279,Riots,23
Ethiopia,7.2466,44.7279,Violence against civilians,179
Ethiopia,7.4946,34.5213,Explosions/Remote violence,7
Ethiopia,7.4946,34.5213,Riots,12
Ethiopia,7.4946,34.5213,Violence against civilians,129
Ethiopia,7.7542,37.9226,Explosions/Remote violence,3
Ethiopia,7.7542,37.9226,Riots,22
Ethiopia,7.7542,37.9226,Violence against civilians,43
Ethiopia,8.9644,38.7756,Explosions/Remote violence,24
Ethiopia,8.9644,38.7756,Riots,67
Ethiopia,8.9644,38.7756,Violence against civilians,79
Ethiopia,9.2922,42.161,Explosions/Remote violence,3
Ethiopia,9.2922,42.161,Riots,9
Ethiopia,9.2922,42.161,Violence against civilians,9
Ethiopia,9.6257,41.8762,Explosions/Remote violence,6
Ethiopia,9.6257,41.8762,Riots,23
Ethiopia,9.6257,41.8762,Violence against civilians,18
Ethiopia,10.4739,35.3457,Explosions/Remote violence,2
Ethiopia,10.4739,35.3457,Riots,4
Ethiopia,10.4739,35.3457,Violence against civilians,141
Ethiopia,11.2414,38.3224,Explosions/Remote violence,295
Ethiopia,11.2414,38.3224,Riots,80
Ethiopia,11.2414,38.3224,Violence against civilians,728
Ethiopia,11.6905,40.8789,Explosions/Remote violence,28
Ethiopia,11.6905,40.8789,Riots,6
Ethiopia,11.6905,40.8789,Violence against civilians,59
Ethiopia,13.5505,39.1466,Explosions/Remote violence,113
Ethiopia,13.5505,39.1466,Riots,19
Ethiopia,13.5505,39.1466,Violence against civilians,230
Gabon,-3.1083,11.0798,Riots,2
Gabon,-1.6764,11.0255,Riots,2
Gabon,-1.6764,11.0255,Violence against civilians,1
Gabon,-1.5439,9.5926,Riots,9
Gabon,-1.5439,9.5926,Violence against civilians,7
Gabon,-1.2084,13.806,Riots,8
Gabon,-1.2084,13.806,Violence against civilians,2
Gabon,-0.7944,12.5326,Riots,4
Gabon,-0.7944,12.5326,Violence against civilians,1
Gabon,-0.5338,10.53,Riots,3
Gabon,0.2153,10.2443,Riots,53
Gabon,0.2153,10.2443,Violence against civilians,26
Gabon,0.3421,12.7103,Riots,3
Gabon,0.3421,12.7103,Violence against civilians,1
Gabon,1.2594,12.049,Riots,4
Gambia,13.2611,-16.5106,Explosions/Remote violence,3
Gambia,13.2611,-16.5106,Riots,27
Gambia,13.2611,-16.5106,Violence against civilians,21
Gambia,13.3994,-15.715,Violence against civilians,1
Gambia,13.4038,-14.1527,Riots,5
Gambia,13.4038,-14.1527,Violence against civilians,1
Gambia,13.4371,-16.6586,Riots,15
Gambia,13.4371,-16.6586,Violence against civilians,7
Gambia,13.452,-16.5951,Riots,21
Gambia,13.452,-16.5951,Violence against civilians,30
Gambia,13.4849,-16.1394,Explosions/Remote violence,1
Gambia,13.4849,-16.1394,Riots,6
Gambia,13.4849,-16.1394,Violence against civilians,4
Gambia,13.5585,-14.7635,Riots,3
Gambia,13.5585,-14.7635,Violence against civilians,1
Gambia,13.6653,-15.0315,Riots,3
Gambia,13.6653,-15.0315,Violence against civilians,2
Ghana,5.4397,-2.1021,Riots,57
Ghana,5.4397,-2.1021,Violence against civilians,20
Ghana,5.671,-1.1668,Riots,127
Ghana,5.671,-1.1668,Violence against civilians,45
Ghana,5.7588,-0.044,Riots,166
Ghana,5.7588,-0.044,Violence against civilians,102
Ghana,6.1691,-2.6438,Riots,20
Ghana,6.1691,-2.6438,Violence against civilians,8
Ghana,6.4597,-0.4578,Riots,108
Ghana,6.4597,-0.4578,Violence against civilians,48
Ghana,6.538,0.3966,Riots,34
Ghana,6.538,0.3966,Violence against civilians,14
Ghana,6.7397,-1.6246,Riots,225
Ghana,6.7397,-1.6246,Violence against civilians,67
Ghana,6.8601,-2.6162,Riots,15
Ghana,6.8601,-2.6162,Violence against civilians,12
Ghana,7.8128,-2.3616,Riots,28
Ghana,7.8128,-2.3616,Violence against civilians,18
Ghana,7.9332,0.2359,Riots,16
Ghana,7.9332,0.2359,Violence against civilians,23
Ghana,7.9818,-1.0907,Riots,30
Ghana,7.9818,-1.0907,Violence against civilians,12
Ghana,9.0381,-1.4921,Riots,31
Ghana,9.0381,-1.4921,Violence against civilians,13
Ghana,9.2774,0.0023,Riots,78
Ghana,9.2774,0.0023,Violence against civilians,36
Ghana,10.3248,-0.4365,Riots,29
Ghana,10.3248,-0.4365,Violence against civilians,28
Ghana,10.3473,-2.1993,Riots,28
Ghana,10.3473,-2.1993,Violence against civilians,14
Ghana,10.7258,-0.8191,Riots,31
Ghana,10.7258,-0.8191,Violence against civilians,71
Guinea,8.3957,-8.8968,Explosions/Remote violence,1
Guinea,8.3957,-8.8968,Riots,101
Guinea,8.3957,-8.8968,Violence against civilians,63
Guinea,9.6284,-13.55,Explosions/Remote violence,5
Guinea,9.6284,-13.55,Riots,416
Guinea,9.6284,-13.55,Violence against civilians,98
Guinea,10.1947,-13.0162,Explosions/Remote violence,5
Guinea,10.1947,-13.0162,Riots,113
Guinea,10.1947,-13.0162,Violence against civilians,66
Guinea,10.5159,-10.9742,Explosions/Remote violence,1
Guinea,10.5159,-10.9742,Riots,39
Guinea,10.5159,-10.9742,Violence against civilians,27
Guinea,10.5924,-12.0078,Explosions/Remote violence,1
Guinea,10.5924,-12.0078,Riots,65
Guinea,10.5924,-12.0078,Violence against civilians,13
Guinea,10.631,-9.3738,Riots,231
Guinea,10.631,-9.3738,Violence against civilians,39
Guinea,11.2631,-14.3108,Riots,106
Guinea,11.2631,-14.3108,Violence against civilians,10
Guinea,11.7208,-11.9367,Riots,93
Guinea,11.7208,-11.9367,Violence against civilians,23
Guinea-Bissau,11.3112,-15.1848,Riots,1
Guinea-Bissau,11.3112,-15.1848,Violence against civilians,1
Guinea-Bissau,11.6414,-14.9512,Explosions/Remote violence,1
Guinea-Bissau,11.6414,-14.9512,Riots,1
Guinea-Bissau,11.6414,-14.9512,Violence against civilians,1
Guinea-Bissau,11.8708,-15.6072,Explosions/Remote violence,1
Guinea-Bissau,11.8708,-15.6072,Riots,19
Guinea-Bissau,11.8708,-15.6072,Violence against civilians,38
Guinea-Bissau,11.8819,-15.778,Riots,3
Guinea-Bissau,11.8819,-15.778,Violence against civilians,2
Guinea-Bissau,12.1169,-14.1764,Riots,1
Guinea-Bissau,12.1342,-14.7503,Riots,1
Guinea-Bissau,12.1342,-14.7503,Violence against civilians,1
Guinea-Bissau,12.1953,-15.9849,Explosions/Remote violence,6
Guinea-Bissau,12.1953,-15.9849,Riots,3
Guinea-Bissau,12.1953,-15.9849,Violence against civilians,2
Guinea-Bissau,12.2875,-15.3387,Explosions/Remote violence,3
Guinea-Bissau,12.2875,-15.3387,Riots,2
Guinea-Bissau,12.2875,-15.3387,Violence against civilians,6
Ivory Coast,5.4147,-4.0667,Explosions/Remote violence,7
Ivory Coast,5.4147,-4.0667,Riots,317
Ivory Coast,5.4147,-4.0667,Violence against civilians,257
Ivory Coast,5.4582,-6.4504,Explosions/Remote violence,3
Ivory Coast,5.4582,-6.4504,Riots,21
Ivory Coast,5.4582,-6.4504,Violence against civilians,19
Ivory Coast,5.868,-4.173,Explosions/Remote violence,1
Ivory Coast,5.868,-4.173,Riots,79
Ivory Coast,5.868,-4.173,Violence against civilians,16
Ivory Coast,5.9057,-5.6397,Riots,55
Ivory Coast,5.9057,-5.6397,Violence against civilians,17
Ivory Coast,6.2209,-3.3134,Riots,56
Ivory Coast,6.2209,-3.3134,Violence against civilians,9
Ivory Coast,6.815,-5.2222,Explosions/Remote violence,1
Ivory Coast,6.815,-5.2222,Riots,25
Ivory Coast,6.815,-5.2222,Violence against civilians,4
Ivory Coast,6.8835,-7.6935,Explosions/Remote violence,8
Ivory Coast,6.8835,-7.6935,Riots,85
Ivory Coast,6.8835,-7.6935,Violence against civilians,97
Ivory Coast,7.0324,-6.2658,Explosions/Remote violence,4
Ivory Coast,7.0324,-6.2658,Riots,59
Ivory Coast,7.0324,-6.2658,Violence against civilians,24
Ivory Coast,7.1184,-4.5597,Riots,54
Ivory Coast,7.1184,-4.5597,Violence against civilians,10
Ivory Coast,8.3302,-4.6991,Explosions/Remote violence,2
Ivory Coast,8.3302,-4.6991,Riots,80
Ivory Coast,8.3302,-4.6991,Violence against civilians,25
Ivory Coast,8.3767,-6.5782,Riots,10
Ivory Coast,8.3767,-6.5782,Violence against civilians,4
Ivory Coast,8.5099,-3.2495,Explosions/Remote violence,6
Ivory Coast,8.5099,-3.2495,Riots,37
Ivory Coast,8.5099,-3.2495,Violence against civilians,41
Ivory Coast,9.4986,-7.4403,Riots,17
Ivory Coast,9.4986,-7.4403,Violence against civilians,6
Ivory Coast,9.6366,-5.5963,Explosions/Remote violence,4
Ivory Coast,9.6366,-5.5963,Riots,56
Ivory Coast,9.6366,-5.5963,Violence against civilians,16
Kenya,-4.1198,39.0631,Explosions/Remote violence,4
Kenya,-4.1198,39.0631,Riots,37
Kenya,-4.1198,39.0631,Violence against civilians,37
Kenya,-3.9968,39.6013,Explosions/Remote violence,14
Kenya,-3.9968,39.6013,Riots,183
Kenya,-3.9968,39.6013,Violence against civilians,108
Kenya,-3.4093,38.3726,Riots,43
Kenya,-3.4093,38.3726,Violence against civilians,17
Kenya,-3.1482,39.6705,Explosions/Remote violence,2
Kenya,-3.1482,39.6705,Riots,116
Kenya,-3.1482,39.6705,Violence against civilians,49
Kenya,-2.2514,37.8746,Riots,81
Kenya,-2.2514,37.8746,Violence against civilians,10
Kenya,-2.1176,36.7836,Explosions/Remote violence,2
Kenya,-2.1176,36.7836,Riots,107
Kenya,-2.1176,36.7836,Violence against civilians,28
Kenya,-2.0631,40.5438,Explosions/Remote violence,56
Kenya,-2.0631,40.5438,Riots,21
Kenya,-2.0631,40.5438,Violence against civilians,60
Kenya,-1.5601,38.371,Riots,69
Kenya,-1.5601,38.371,Violence against civilians,50
Kenya,-1.547,39.5517,Explosions/Remote violence,2
Kenya,-1.547,39.5517,Riots,18
Kenya,-1.547,39.5517,Violence against civilians,60
Kenya,-1.3019,36.827,Explosions/Remote violence,39
Kenya,-1.3019,36.827,Riots,1050
Kenya,-1.3019,36.827,Violence against civilians,370
Kenya,-1.2983,35.4705,Explosions/Remote violence,1
Kenya,-1.2983,35.4705,Riots,103
Kenya,-1.2983,35.4705,Violence against civilians,45
Kenya,-1.2768,37.3964,Explosions/Remote violence,1
Kenya,-1.2768,37.3964,Riots,179
Kenya,-1.2768,37.3964,Violence against civilians,34
Kenya,-1.0377,36.8469,Explosions/Remote violence,1
Kenya,-1.0377,36.8469,Riots,246
Kenya,-1.0377,36.8469,Violence against civilians,71
Kenya,-1.0193,34.3133,Riots,200
Kenya,-1.0193,34.3133,Violence against civilians,44
Kenya,-0.8302,37.0029,Explosions/Remote violence,1
Kenya,-0.8302,37.0029,Riots,99
Kenya,-0.8302,37.0029,Violence against civilians,27
Kenya,-0.7391,34.7541,Riots,187
Kenya,-0.7391,34.7541,Violence against civilians,39
Kenya,-0.6996,35.2353,Explosions/Remote violence,1
Kenya,-0.6996,35.2353,Riots,61
Kenya,-0.6996,35.2353,Violence against civilians,8
Kenya,-0.6507,34.933,Riots,55
Kenya,-0.6507,34.933,Violence against civilians,15
Kenya,-0.5677,34.3245,Riots,187
Kenya,-0.5677,34.3245,Violence against civilians,31
Kenya,-0.5309,37.6638,Riots,133
Kenya,-0.5309,37.6638,Violence against civilians,24
Kenya,-0.519,40.3211,Explosions/Remote violence,74
Kenya,-0.519,40.3211,Riots,47
Kenya,-0.519,40.3211,Violence against civilians,148
Kenya,-0.4675,37.3003,Riots,133
Kenya,-0.4675,37.3003,Violence against civilians,19
Kenya,-0.4613,36.0987,Riots,293
Kenya,-0.4613,36.0987,Violence against civilians,146
Kenya,-0.39,36.4954,Riots,34
Kenya,-0.39,36.4954,Violence against civilians,14
Kenya,-0.3154,36.9285,Riots,129
Kenya,-0.3154,36.9285,Violence against civilians,41
Kenya,-0.2362,35.4993,Riots,97
Kenya,-0.2362,35.4993,Violence against civilians,14
Kenya,-0.1962,34.7778,Explosions/Remote violence,1
Kenya,-0.1962,34.7778,Riots,268
Kenya,-0.1962,34.7778,Violence against civilians,58
Kenya,-0.1904,37.9609,Riots,49
Kenya,-0.1904,37.9609,Violence against civilians,13
Kenya,-0.052,34.2051,Riots,143
Kenya,-0.052,34.2051,Violence against civilians,23
Kenya,0.086,34.7073,Riots,46
Kenya,0.086,34.7073,Violence against civilians,13
Kenya,0.2256,35.1211,Riots,44
Kenya,0.2256,35.1211,Violence against civilians,11
Kenya,0.226,37.7775,Riots,146
Kenya,0.226,37.7775,Violence against civilians,76
Kenya,0.2877,36.7941,Riots,46
Kenya,0.2877,36.7941,Violence against civilians,83
Kenya,0.3747,34.2662,Riots,101
Kenya,0.3747,34.2662,Violence against civilians,25
Kenya,0.4879,35.306,Riots,123
Kenya,0.4879,35.306,Violence against civilians,40
Kenya,0.4979,34.8006,Riots,223
Kenya,0.4979,34.8006,Violence against civilians,40
Kenya,0.7197,36.0185,Explosions/Remote violence,4
Kenya,0.7197,36.0185,Riots,47
Kenya,0.7197,36.0185,Violence against civilians,161
Kenya,0.7429,35.5592,Riots,34
Kenya,0.7429,35.5592,Violence against civilians,98
Kenya,0.7842,34.7185,Riots,136
Kenya,0.7842,34.7185,Violence against civilians,52
Kenya,1.0427,38.7379,Explosions/Remote violence,3
Kenya,1.0427,38.7379,Riots,44
Kenya,1.0427,38.7379,Violence against civilians,125
Kenya,1.043,34.9838,Riots,94
Kenya,1.043,34.9838,Violence against civilians,41
Kenya,1.5413,36.9398,Explosions/Remote violence,1
Kenya,1.5413,36.9398,Riots,14
Kenya,1.5413,36.9398,Violence against civilians,128
Kenya,1.8902,35.2019,Explosions/Remote violence,6
Kenya,1.8902,35.2019,Riots,32
Kenya,1.8902,35.2019,Violence against civilians,100
Kenya,1.9224,40.0279,Explosions/Remote violence,31
Kenya,1.9224,40.0279,Riots,12
Kenya,1.9224,40.0279,Violence against civilians,77
Kenya,2.8854,37.7064,Explosions/Remote violence,3
Kenya,2.8854,37.7064,Riots,21
Kenya,2.8854,37.7064,Violence against civilians,150
Kenya,2.9769,35.3593,Explosions/Remote violence,2
Kenya,2.9769,35.3593,Riots,47
Kenya,2.9769,35.3593,Violence against civilians,263
Kenya,3.2201,40.7112,Explosions/Remote violence,126
Kenya,3.2201,40.7112,Riots,13
Kenya,3.2201,40.7112,Violence against civilians,162
Lesotho,-30.3501,27.9936,Riots,2
Lesotho,-30.3501,27.9936,Violence against civilians,2
Lesotho,-30.1011,27.6116,Violence against civilians,2
Lesotho,-29.94,28.8361,Riots,1
Lesotho,-29.7921,27.4075,Riots,2
Lesotho,-29.7921,27.4075,Violence against civilians,6
Lesotho,-29.6225,27.7954,Riots,37
Lesotho,-29.6225,27.7954,Violence against civilians,54
Lesotho,-29.1709,27.9144,Riots,3
Lesotho,-29.1709,27.9144,Violence against civilians,3
Lesotho,-29.1555,29.0001,Violence against civilians,4
Lesotho,-29.0327,28.2826,Riots,3
Lesotho,-29.0327,28.2826,Violence against civilians,4
Lesotho,-28.8279,28.5676,Riots,3
Lesotho,-28.8279,28.5676,Violence against civilians,2
Liberia,4.7479,-7.6825,Riots,10
Liberia,4.7479,-7.6825,Violence against civilians,2
Liberia,4.8255,-8.3694,Riots,7
Liberia,4.8255,-8.3694,Violence against civilians,1
Liberia,5.2137,-7.868,Riots,4
Liberia,5.2137,-7.868,Violence against civilians,6
Liberia,5.335,-8.8008,Riots,6
Liberia,5.335,-8.8008,Violence against civilians,10
Liberia,5.878,-9.3672,Riots,2
Liberia,5.878,-9.3672,Violence against civilians,11
Liberia,5.9992,-8.3661,Riots,10
Liberia,5.9992,-8.3661,Violence against civilians,4
Liberia,6.1602,-9.9114,Riots,15
Liberia,6.1602,-9.9114,Violence against civilians,28
Liberia,6.5204,-10.0401,Riots,19
Liberia,6.5204,-10.0401,Violence against civilians,13
Liberia,6.5217,-10.5927,Riots,192
Liberia,6.5217,-10.5927,Violence against civilians,115
Liberia,6.7323,-10.7754,Riots,2
Liberia,6.7323,-10.7754,Violence against civilians,3
Liberia,6.7595,-8.7459,Riots,37
Liberia,6.7595,-8.7459,Violence against civilians,18
Liberia,6.9291,-9.7939,Riots,10
Liberia,6.9291,-9.7939,Violence against civilians,16
Liberia,7.0583,-11.13,Riots,11
Liberia,7.0583,-11.13,Violence against civilians,6
Liberia,7.427,-10.2182,Violence against civilians,6
Liberia,7.8716,-9.8694,Explosions/Remote violence,1
Liberia,7.8716,-9.8694,Riots,9
Liberia,7.8716,-9.8694,Violence against civilians,43
Libya,25.9454,14.3757,Explosions/Remote violence,224
Libya,25.9454,14.3757,Riots,22
Libya,25.9454,14.3757,Violence against civilians,146
Libya,26.5133,22.0846,Explosions/Remote violence,1241
Libya,26.5133,22.0846,Riots,108
Libya,26.5133,22.0846,Violence against civilians,665
Libya,30.8294,14.1486,Explosions/Remote violence,2217
Libya,30.8294,14.1486,Riots,242
Libya,30.8294,14.1486,Violence against civilians,934
Libya,34.5616,14.966,Violence against civilians,2
Madagascar,-24.683,45.5246,Riots,8
Madagascar,-24.683,45.5246,Violence against civilians,34
Madagascar,-23.9369,46.1358,Explosions/Remote violence,1
Madagascar,-23.9369,46.1358,Riots,13
Madagascar,-23.9369,46.1358,Violence against civilians,63
Madagascar,-23.2248,47.2838,Riots,25
Madagascar,-23.2248,47.2838,Violence against civilians,57
Madagascar,-23.0937,44.4032,Explosions/Remote violence,8
Madagascar,-23.0937,44.4032,Riots,48
Madagascar,-23.0937,44.4032,Violence against civilians,63
Madagascar,-22.6328,46.0997,Riots,8
Madagascar,-22.6328,46.0997,Violence against civilians,12
Madagascar,-21.4663,46.4671,Explosions/Remote violence,3
Madagascar,-21.4663,46.4671,Riots,29
Madagascar,-21.4663,46.4671,Violence against civilians,33
Madagascar,-21.2893,47.8475,Riots,24
Madagascar,-21.2893,47.8475,Violence against civilians,20
Madagascar,-20.4527,46.7827,Riots,9
Madagascar,-20.4527,46.7827,Violence against civilians,27
Madagascar,-20.0357,45.1312,Explosions/Remote violence,1
Madagascar,-20.0357,45.1312,Riots,21
Madagascar,-20.0357,45.1312,Violence against civilians,74
Madagascar,-19.7112,46.8355,Riots,58
Madagascar,-19.7112,46.8355,Violence against civilians,40
Madagascar,-19.0535,46.9922,Riots,16
Madagascar,-19.0535,46.9922,Violence against civilians,21
Madagascar,-18.9785,48.8622,Explosions/Remote violence,5
Madagascar,-18.9785,48.8622,Riots,99
Madagascar,-18.9785,48.8622,Violence against civilians,12
Madagascar,-18.6,47.5131,Explosions/Remote violence,32
Madagascar,-18.6,47.5131,Riots,463
Madagascar,-18.6,47.5131,Violence against civilians,175
Madagascar,-18.593,46.3109,Explosions/Remote violence,1
Madagascar,-18.593,46.3109,Riots,9
Madagascar,-18.593,46.3109,Violence against civilians,31
Madagascar,-18.0109,48.3515,Riots,25
Madagascar,-18.0109,48.3515,Violence against civilians,42
Madagascar,-17.7561,44.9927,Riots,8
Madagascar,-17.7561,44.9927,Violence against civilians,48
Madagascar,-17.0958,47.2601,Riots,8
Madagascar,-17.0958,47.2601,Violence against civilians,76
Madagascar,-16.3177,49.4912,Riots,27
Madagascar,-16.3177,49.4912,Violence against civilians,8
Madagascar,-16.2335,46.1286,Explosions/Remote violence,1
Madagascar,-16.2335,46.1286,Riots,30
Madagascar,-16.2335,46.1286,Violence against civilians,33
Madagascar,-15.281,48.1458,Riots,44
Madagascar,-15.281,48.1458,Violence against civilians,24
Madagascar,-14.3663,49.7115,Riots,26
Madagascar,-14.3663,49.7115,Violence against civilians,9
Madagascar,-13.1075,49.1388,Explosions/Remote violence,1
Madagascar,-13.1075,49.1388,Riots,29
Madagascar,-13.1075,49.1388,Violence against civilians,13
Malawi,-15.3059,35.3277,Riots,371
Malawi,-15.3059,35.3277,Violence against civilians,65
Malawi,-13.7467,33.7093,Explosions/Remote violence,2
Malawi,-13.7467,33.7093,Riots,319
Malawi,-13.7467,33.7093,Violence against civilians,48
Malawi,-11.8972,33.9287,Explosions/Remote violence,1
Malawi,-11.8972,33.9287,Riots,146
Malawi,-11.8972,33.9287,Violence against civilians,21
Mali,11.531,-6.856,Explosions/Remote violence,63
Mali,11.531,-6.856,Riots,41
Mali,11.531,-6.856,Violence against civilians,80
Mali,12.6054,-7.9903,Explosions/Remote violence,6
Mali,12.6054,-7.9903,Riots,60
Mali,12.6054,-7.9903,Violence against civilians,44
Mali,13.4789,-7.6171,Explosions/Remote violence,100
Mali,13.4789,-7.6171,Riots,21
Mali,13.4789,-7.6171,Violence against civilians,147
Mali,13.7959,-10.2257,Explosions/Remote violence,30
Mali,13.7959,-10.2257,Riots,21
Mali,13.7959,-10.2257,Violence against civilians,75
Mali,14.0513,-6.0029,Explosions/Remote violence,287
Mali,14.0513,-6.0029,Riots,12
Mali,14.0513,-6.0029,Violence against civilians,610
Mali,14.5153,-3.6486,Explosions/Remote violence,645
Mali,14.5153,-3.6486,Riots,27
Mali,14.5153,-3.6486,Violence against civilians,1625
Mali,16.6615,2.9164,Explosions/Remote violence,115
Mali,16.6615,2.9164,Riots,7
Mali,16.6615,2.9164,Violence against civilians,262
Mali,16.9882,-0.1086,Explosions/Remote violence,287
Mali,16.9882,-0.1086,Riots,26
Mali,16.9882,-0.1086,Violence against civilians,774
Mali,19.8051,0.6301,Explosions/Remote violence,477
Mali,19.8051,0.6301,Riots,27
Mali,19.8051,0.6301,Violence against civilians,177
Mali,20.1927,-3.8194,Explosions/Remote violence,298
Mali,20.1927,-3.8194,Riots,39
Mali,20.1927,-3.8194,Violence against civilians,490
Mauritania,15.3841,-12.2106,Riots,1
Mauritania,15.9817,-12.6866,Riots,5
Mauritania,16.5722,-9.7257,Riots,8
Mauritania,16.5722,-9.7257,Violence against civilians,1
Mauritania,16.7,-11.852,Riots,7
Mauritania,17.3305,-13.2546,Explosions/Remote violence,1
Mauritania,17.3305,-13.2546,Riots,7
Mauritania,17.3305,-13.2546,Violence against civilians,3
Mauritania,17.5422,-15.0433,Riots,14
Mauritania,17.5422,-15.0433,Violence against civilians,2
Mauritania,18.1442,-15.9576,Explosions/Remote violence,1
Mauritania,18.1442,-15.9576,Riots,53
Mauritania,18.1442,-15.9576,Violence against civilians,22
Mauritania,19.4287,-6.9689,Explosions/Remote violence,2
Mauritania,19.4287,-6.9689,Riots,5
Mauritania,19.4287,-6.9689,Violence against civilians,12
Mauritania,19.6481,-14.886,Riots,2
Mauritania,20.1682,-15.8853,Explosions/Remote violence,1
Mauritania,20.1682,-15.8853,Riots,13
Mauritania,20.1682,-15.8853,Violence against civilians,1
Mauritania,21.592,-8.8675,Riots,1
Mauritania,24.1562,-9.4848,Explosions/Remote violence,4
Mauritania,24.1562,-9.4848,Riots,12
Mauritania,24.1562,-9.4848,Violence against civilians,6
Mauritius,-20.4582,57.4893,Riots,2
Mauritius,-20.4582,57.4893,Violence against civilians,5
Mauritius,-20.4042,57.6327,Riots,5
Mauritius,-20.4042,57.6327,Violence against civilians,4
Mauritius,-20.3267,57.4158,Riots,3
Mauritius,-20.3037,57.496,Riots,16
Mauritius,-20.3037,57.496,Violence against civilians,11
Mauritius,-20.2534,57.5891,Riots,6
Mauritius,-20.2534,57.5891,Violence against civilians,7
Mauritius,-20.2217,57.7225,Riots,7
Mauritius,-20.2217,57.7225,Violence against civilians,4
Mauritius,-20.1689,57.5158,Riots,24
Mauritius,-20.1689,57.5158,Violence against civilians,8
Mauritius,-20.0974,57.5729,Riots,17
Mauritius,-20.0974,57.5729,Violence against civilians,3
Mauritius,-20.0671,57.6509,Riots,12
Mauritius,-20.0671,57.6509,Violence against civilians,4
Mauritius,-19.719,63.4184,Riots,1
Mauritius,-19.719,63.4184,Violence against civilians,1
Mayotte,-12.9653,45.1212,Riots,1
Mayotte,-12.9244,45.1029,Riots,4
Mayotte,-12.9236,45.1766,Riots,10
Mayotte,-12.9227,45.1595,Riots,7
Mayotte,-12.8633,45.1195,Riots,5
Mayotte,-12.8532,45.1741,Riots,17
Mayotte,-12.8532,45.1741,Violence against civilians,1
Mayotte,-12.8389,45.133,Riots,8
Mayotte,-12.8321,45.1141,Riots,2
Mayotte,-12.7954,45.2832,Riots,6
Mayotte,-12.7904,45.1949,Riots,68
Mayotte,-12.7904,45.1949,Violence against civilians,2
Mayotte,-12.7859,45.1344,Riots,12
Mayotte,-12.78,45.2828,Riots,2
Mayotte,-12.7505,45.0828,Riots,2
Mayotte,-12.746,45.1824,Explosions/Remote violence,1
Mayotte,-12.746,45.1824,Riots,26
Mayotte,-12.7237,45.0648,Riots,2
Mayotte,-12.7194,45.1157,Riots,13
Mayotte,-12.7194,45.1157,Violence against civilians,1
Mayotte,-12.6769,45.0579,Riots,1
Morocco,22.7354,-14.742,Explosions/Remote violence,46
Morocco,22.7354,-14.742,Riots,7
Morocco,22.7354,-14.742,Violence against civilians,9
Morocco,26.291,-11.4859,Explosions/Remote violence,35
Morocco,26.291,-11.4859,Riots,24
Morocco,26.291,-11.4859,Violence against civilians,46
Morocco,28.3859,-10.0844,Explosions/Remote violence,18
Morocco,28.3859,-10.0844,Riots,17
Morocco,28.3859,-10.0844,Violence against civilians,6
Morocco,29.7358,-8.1577,Riots,54
Morocco,29.7358,-8.1577,Violence against civilians,11
Morocco,31.2922,-5.5751,Riots,14
Morocco,31.2922,-5.5751,Violence against civilians,2
Morocco,31.8063,-8.3064,Explosions/Remote violence,1
Morocco,31.8063,-8.3064,Riots,38
Morocco,31.8063,-8.3064,Violence against civilians,8
Morocco,32.4093,-6.2804,Explosions/Remote violence,1
Morocco,32.4093,-6.2804,Riots,14
Morocco,32.4093,-6.2804,Violence against civilians,3
Morocco,33.0652,-7.7994,Explosions/Remote violence,3
Morocco,33.0652,-7.7994,Riots,43
Morocco,33.0652,-7.7994,Violence against civilians,15
Morocco,33.5812,-2.3906,Riots,71
Morocco,33.5812,-2.3906,Violence against civilians,19
Morocco,33.7473,-4.8476,Explosions/Remote violence,1
Morocco,33.7473,-4.8476,Riots,30
Morocco,33.7473,-4.8476,Violence against civilians,11
Morocco,34.0853,-6.3287,Riots,59
Morocco,34.0853,-6.3287,Violence against civilians,16
Morocco,35.2182,-5.4348,Riots,101
Morocco,35.2182,-5.4348,Violence against civilians,15
Mozambique,-26.0314,32.5497,Explosions/Remote violence,1
Mozambique,-26.0314,32.5497,Riots,113
Mozambique,-26.0314,32.5497,Violence against civilians,71
Mozambique,-25.5333,32.4443,Explosions/Remote violence,2
Mozambique,-25.5333,32.4443,Riots,85
Mozambique,-25.5333,32.4443,Violence against civilians,42
Mozambique,-23.3458,32.7101,Riots,51
Mozambique,-23.3458,32.7101,Violence against civilians,17
Mozambique,-22.9093,34.5957,Riots,48
Mozambique,-22.9093,34.5957,Violence against civilians,14
Mozambique,-19.0576,34.8857,Explosions/Remote violence,7
Mozambique,-19.0576,34.8857,Riots,58
Mozambique,-19.0576,34.8857,Violence against civilians,143
Mozambique,-18.9864,33.3726,Riots,41
Mozambique,-18.9864,33.3726,Violence against civilians,52
Mozambique,-16.9523,37.1589,Explosions/Remote violence,1
Mozambique,-16.9523,37.1589,Riots,89
Mozambique,-16.9523,37.1589,Violence against civilians,38
Mozambique,-15.8505,32.3357,Riots,48
Mozambique,-15.8505,32.3357,Violence against civilians,42
Mozambique,-15.1747,39.0367,Explosions/Remote violence,1
Mozambique,-15.1747,39.0367,Riots,131
Mozambique,-15.1747,39.0367,Violence against civilians,85
Mozambique,-13.3677,36.3156,Riots,21
Mozambique,-13.3677,36.3156,Violence against civilians,25
Mozambique,-12.3197,39.3571,Explosions/Remote violence,100
Mozambique,-12.3197,39.3571,Riots,83
Mozambique,-12.3197,39.3571,Violence against civilians,1360
Namibia,-26.9853,17.6178,Riots,6
Namibia,-26.9853,17.6178,Violence against civilians,6
Namibia,-24.5228,17.3024,Riots,3
Namibia,-22.9083,17.092,Riots,37
Namibia,-22.9083,17.092,Violence against civilians,30
Namibia,-22.149,15.3535,Riots,10
Namibia,-22.149,15.3535,Violence against civilians,1
Namibia,-21.7274,19.562,Explosions/Remote violence,1
Namibia,-21.7274,19.562,Riots,5
Namibia,-21.7274,19.562,Violence against civilians,2
Namibia,-20.5644,17.1751,Explosions/Remote violence,1
Namibia,-20.5644,17.1751,Riots,5
Namibia,-19.0795,13.4612,Riots,1
Namibia,-19.0795,13.4612,Violence against civilians,1
Namibia,-18.6152,17.0074,Riots,2
Namibia,-18.6152,17.0074,Violence against civilians,2
Namibia,-18.5002,15.7449,Riots,16
Namibia,-18.5002,15.7449,Violence against civilians,2
Namibia,-18.4758,20.3084,Explosions/Remote violence,7
Namibia,-18.4758,20.3084,Riots,3
Namibia,-18.4758,20.3084,Violence against civilians,35
Namibia,-18.3618,18.776,Explosions/Remote violence,6
Namibia,-18.3618,18.776,Violence against civilians,16
Namibia,-18.3401,14.9146,Riots,4
Namibia,-18.3401,14.9146,Violence against civilians,2
Namibia,-17.9862,23.4179,Explosions/Remote violence,2
Namibia,-17.9862,23.4179,Riots,7
Namibia,-17.9862,23.4179,Violence against civilians,13
Namibia,-17.6661,16.8265,Riots,3
Namibia,-17.6661,16.8265,Violence against civilians,2
Niger,13.1616,3.3055,Explosions/Remote violence,4
Niger,13.1616,3.3055,Riots,12
Niger,13.1616,3.3055,Violence against civilians,51
Niger,13.5258,2.119,Explosions/Remote violence,4
Niger,13.5258,2.119,Riots,63
Niger,13.5258,2.119,Violence against civilians,25
Niger,13.7992,1.8771,Explosions/Remote violence,208
Niger,13.7992,1.8771,Riots,18
Niger,13.7992,1.8771,Violence against civilians,763
Niger,14.2324,7.4747,Explosions/Remote violence,1
Niger,14.2324,7.4747,Riots,21
Niger,14.2324,7.4747,Violence against civilians,234
Niger,15.2189,9.715,Explosions/Remote violence,1
Niger,15.2189,9.715,Riots,16
Niger,15.2189,9.715,Violence against civilians,5
Niger,15.5325,13.1267,Explosions/Remote violence,130
Niger,15.5325,13.1267,Riots,25
Niger,15.5325,13.1267,Violence against civilians,561
Niger,16.1605,5.3396,Explosions/Remote violence,7
Niger,16.1605,5.3396,Riots,6
Niger,16.1605,5.3396,Violence against civilians,121
Niger,19.4203,10.6873,Explosions/Remote violence,10
Niger,19.4203,10.6873,Riots,17
Niger,19.4203,10.6873,Violence against civilians,92
Nigeria,4.8248,5.9594,Explosions/Remote violence,22
Nigeria,4.8248,5.9594,Riots,94
Nigeria,4.8248,5.9594,Violence against civilians,291
Nigeria,4.9976,7.8023,Explosions/Remote violence,4
Nigeria,4.9976,7.8023,Riots,87
Nigeria,4.9976,7.8023,Violence against civilians,156
Nigeria,5.0357,6.8396,Explosions/Remote violence,76
Nigeria,5.0357,6.8396,Riots,143
Nigeria,5.0357,6.8396,Violence against civilians,564
Nigeria,5.433,7.4937,Explosions/Remote violence,11
Nigeria,5.433,7.4937,Riots,64
Nigeria,5.433,7.4937,Violence against civilians,158
Nigeria,5.5546,7.0297,Explosions/Remote violence,16
Nigeria,5.5546,7.0297,Riots,91
Nigeria,5.5546,7.0297,Violence against civilians,335
Nigeria,5.7596,6.3272,Explosions/Remote violence,43
Nigeria,5.7596,6.3272,Riots,227
Nigeria,5.7596,6.3272,Violence against civilians,570
Nigeria,5.7912,8.414,Explosions/Remote violence,6
Nigeria,5.7912,8.414,Riots,75
Nigeria,5.7912,8.414,Violence against civilians,164
Nigeria,6.2338,6.9419,Explosions/Remote violence,7
Nigeria,6.2338,6.9419,Riots,129
Nigeria,6.2338,6.9419,Violence against civilians,388
Nigeria,6.2439,8.0681,Explosions/Remote violence,1
Nigeria,6.2439,8.0681,Riots,49
Nigeria,6.2439,8.0681,Violence against civilians,192
Nigeria,6.4906,3.7853,Explosions/Remote violence,18
Nigeria,6.4906,3.7853,Riots,416
Nigeria,6.4906,3.7853,Violence against civilians,410
Nigeria,6.5107,7.3933,Explosions/Remote violence,6
Nigeria,6.5107,7.3933,Riots,69
Nigeria,6.5107,7.3933,Violence against civilians,333
Nigeria,6.6545,5.8779,Explosions/Remote violence,4
Nigeria,6.6545,5.8779,Riots,114
Nigeria,6.6545,5.8779,Violence against civilians,356
Nigeria,6.8213,4.8633,Explosions/Remote violence,1
Nigeria,6.8213,4.8633,Riots,126
Nigeria,6.8213,4.8633,Violence against civilians,293
Nigeria,7.1168,3.2672,Explosions/Remote violence,2
Nigeria,7.1168,3.2672,Riots,138
Nigeria,7.1168,3.2672,Violence against civilians,272
Nigeria,7.2973,8.8156,Explosions/Remote violence,3
Nigeria,7.2973,8.8156,Riots,130
Nigeria,7.2973,8.8156,Violence against civilians,922
Nigeria,7.5429,4.5348,Explosions/Remote violence,2
Nigeria,7.5429,4.5348,Riots,143
Nigeria,7.5429,4.5348,Violence against civilians,178
Nigeria,7.6215,6.854,Explosions/Remote violence,8
Nigeria,7.6215,6.854,Riots,55
Nigeria,7.6215,6.854,Violence against civilians,370
Nigeria,7.6965,5.3008,Explosions/Remote violence,3
Nigeria,7.6965,5.3008,Riots,72
Nigeria,7.6965,5.3008,Violence against civilians,130
Nigeria,8.0538,10.3837,Explosions/Remote violence,9
Nigeria,8.0538,10.3837,Riots,60
Nigeria,8.0538,10.3837,Violence against civilians,471
Nigeria,8.1327,3.6145,Explosions/Remote violence,2
Nigeria,8.1327,3.6145,Riots,147
Nigeria,8.1327,3.6145,Violence against civilians,219
Nigeria,8.553,8.193,Explosions/Remote violence,3
Nigeria,8.553,8.193,Riots,46
Nigeria,8.553,8.193,Violence against civilians,314
Nigeria,8.985,7.1883,Explosions/Remote violence,24
Nigeria,8.985,7.1883,Riots,260
Nigeria,8.985,7.1883,Violence against civilians,403
Nigeria,9.0859,4.5714,Explosions/Remote violence,2
Nigeria,9.0859,4.5714,Riots,62
Nigeria,9.0859,4.5714,Violence against civilians,251
Nigeria,9.1698,12.295,Explosions/Remote violence,43
Nigeria,9.1698,12.295,Riots,52
Nigeria,9.1698,12.295,Violence against civilians,334
Nigeria,9.3647,9.6275,Explosions/Remote violence,29
Nigeria,9.3647,9.6275,Riots,131
Nigeria,9.3647,9.6275,Violence against civilians,917
Nigeria,9.7951,5.7376,Explosions/Remote violence,58
Nigeria,9.7951,5.7376,Riots,92
Nigeria,9.7951,5.7376,Violence against civilians,637
Nigeria,10.2621,7.8731,Explosions/Remote violence,146
Nigeria,10.2621,7.8731,Riots,148
Nigeria,10.2621,7.8731,Violence against civilians,1363
Nigeria,10.4134,11.2091,Explosions/Remote violence,16
Nigeria,10.4134,11.2091,Riots,30
Nigeria,10.4134,11.2091,Violence against civilians,48
Nigeria,10.9897,9.3321,Explosions/Remote violence,26
Nigeria,10.9897,9.3321,Riots,79
Nigeria,10.9897,9.3321,Violence against civilians,143
Nigeria,11.5731,8.5258,Explosions/Remote violence,38
Nigeria,11.5731,8.5258,Riots,106
Nigeria,11.5731,8.5258,Violence against civilians,136
Nigeria,11.679,4.0018,Explosions/Remote violence,2
Nigeria,11.679,4.0018,Riots,16
Nigeria,11.679,4.0018,Violence against civilians,112
Nigeria,11.8757,13.4349,Explosions/Remote violence,1141
Nigeria,11.8757,13.4349,Riots,79
Nigeria,11.8757,13.4349,Violence against civilians,1305
Nigeria,11.9786,9.6104,Explosions/Remote violence,4
Nigeria,11.9786,9.6104,Riots,38
Nigeria,11.9786,9.6104,Violence against civilians,55
Nigeria,11.9826,11.5482,Explosions/Remote violence,115
Nigeria,11.9826,11.5482,Riots,17
Nigeria,11.9826,11.5482,Violence against civilians,183
Nigeria,12.0829,6.0025,Explosions/Remote violence,121
Nigeria,12.0829,6.0025,Riots,46
Nigeria,12.0829,6.0025,Violence against civilians,1120
Nigeria,12.2425,7.5064,Explosions/Remote violence,83
Nigeria,12.2425,7.5064,Riots,62
Nigeria,12.2425,7.5064,Violence against civilians,1070
Nigeria,12.7079,5.2106,Explosions/Remote violence,12
Nigeria,12.7079,5.2106,Riots,34
Nigeria,12.7079,5.2106,Violence against civilians,549
Republic of Congo,-4.7886,11.8841,Explosions/Remote violence,1
Republic of Congo,-4.7886,11.8841,Riots,7
Republic of Congo,-4.7886,11.8841,Violence against civilians,10
Republic of Congo,-4.2572,12.0012,Violence against civilians,5
Republic of Congo,-4.132,13.5228,Riots,4
Republic of Congo,-4.132,13.5228,Violence against civilians,11
Republic of Congo,-3.9654,15.4744,Explosions/Remote violence,16
Republic of Congo,-3.9654,15.4744,Riots,35
Republic of Congo,-3.9654,15.4744,Violence against civilians,57
Republic of Congo,-3.8348,14.7061,Explosions/Remote violence,3
Republic of Congo,-3.8348,14.7061,Riots,1
Republic of Congo,-3.8348,14.7061,Violence against civilians,16
Republic of Congo,-3.3619,12.3062,Riots,7
Republic of Congo,-3.3619,12.3062,Violence against civilians,6
Republic of Congo,-3.0671,13.6337,Riots,2
Republic of Congo,-3.0671,13.6337,Violence against civilians,2
Republic of Congo,-1.7906,15.6526,Riots,4
Republic of Congo,-1.7906,15.6526,Violence against civilians,3
Republic of Congo,-0.7874,16.311,Explosions/Remote violence,1
Republic of Congo,-0.7874,16.311,Riots,1
Republic of Congo,1.3785,15.6169,Riots,1
Republic of Congo,1.3785,15.6169,Violence against civilians,1
Republic of Congo,1.4862,17.3755,Riots,1
Republic of Congo,1.4862,17.3755,Violence against civilians,1
Reunion,-21.316,55.4782,Riots,21
Reunion,-21.316,55.4782,Violence against civilians,2
Reunion,-21.0928,55.6443,Riots,15
Reunion,-21.0928,55.6443,Violence against civilians,2
Reunion,-21.0459,55.3128,Riots,19
Reunion,-20.9297,55.4459,Riots,16
Rwanda,-2.2858,29.6817,Explosions/Remote violence,9
Rwanda,-2.2858,29.6817,Riots,1
Rwanda,-2.2858,29.6817,Violence against civilians,92
Rwanda,-2.1271,29.3906,Explosions/Remote violence,22
Rwanda,-2.1271,29.3906,Riots,6
Rwanda,-2.1271,29.3906,Violence against civilians,134
Rwanda,-1.9296,30.1334,Explosions/Remote violence,22
Rwanda,-1.9296,30.1334,Riots,8
Rwanda,-1.9296,30.1334,Violence against civilians,126
Rwanda,-1.7424,30.5391,Explosions/Remote violence,3
Rwanda,-1.7424,30.5391,Riots,2
Rwanda,-1.7424,30.5391,Violence against civilians,35
Rwanda,-1.6104,29.9103,Explosions/Remote violence,12
Rwanda,-1.6104,29.9103,Riots,1
Rwanda,-1.6104,29.9103,Violence against civilians,77
Sao Tome and Principe,0.2554,6.5099,Riots,1
Sao Tome and Principe,0.2987,6.6518,Riots,1
Sao Tome and Principe,0.3455,6.7173,Riots,4
Sao Tome and Principe,0.3455,6.7173,Violence against civilians,3
Sao Tome and Principe,1.6258,7.395,Riots,1
Senegal,12.7527,-16.4003,Explosions/Remote violence,34
Senegal,12.7527,-16.4003,Riots,59
Senegal,12.7527,-16.4003,Violence against civilians,102
Senegal,12.8848,-12.2851,Riots,12
Senegal,12.8848,-12.2851,Violence against civilians,4
Senegal,12.9116,-15.5539,Explosions/Remote violence,8
Senegal,12.9116,-15.5539,Riots,33
Senegal,12.9116,-15.5539,Violence against civilians,43
Senegal,13.0088,-14.3466,Explosions/Remote violence,3
Senegal,13.0088,-14.3466,Riots,20
Senegal,13.0088,-14.3466,Violence against civilians,15
Senegal,13.8645,-13.3239,Riots,13
Senegal,13.8645,-13.3239,Violence against civilians,6
Senegal,14.0459,-16.0179,Riots,22
Senegal,14.0459,-16.0179,Violence against civilians,1
Senegal,14.1745,-16.561,Riots,8
Senegal,14.1745,-16.561,Violence against civilians,1
Senegal,14.206,-15.2142,Riots,7
Senegal,14.7012,-16.8702,Riots,66
Senegal,14.7012,-16.8702,Violence against civilians,6
Senegal,14.7368,-17.2402,Riots,263
Senegal,14.7368,-17.2402,Violence against civilians,21
Senegal,14.7624,-16.0257,Riots,35
Senegal,14.7624,-16.0257,Violence against civilians,3
Senegal,15.2781,-13.6789,Riots,10
Senegal,15.2781,-13.6789,Violence against civilians,1
Senegal,15.403,-15.7464,Riots,19
Senegal,15.403,-15.7464,Violence against civilians,1
Senegal,16.0916,-14.7333,Riots,41
Senegal,16.0916,-14.7333,Violence against civilians,5
Seychelles,-4.708,55.5124,Riots,1
Sierra Leone,7.7099,-12.0004,Riots,41
Sierra Leone,7.7099,-12.0004,Violence against civilians,193
Sierra Leone,8.2051,-10.8437,Explosions/Remote violence,1
Sierra Leone,8.2051,-10.8437,Riots,57
Sierra Leone,8.2051,-10.8437,Violence against civilians,415
Sierra Leone,8.3346,-13.0656,Explosions/Remote violence,1
Sierra Leone,8.3346,-13.0656,Riots,136
Sierra Leone,8.3346,-13.0656,Violence against civilians,146
Sierra Leone,9.1,-12.6777,Explosions/Remote violence,15
Sierra Leone,9.1,-12.6777,Riots,31
Sierra Leone,9.1,-12.6777,Violence against civilians,230
Sierra Leone,9.1184,-11.4856,Explosions/Remote violence,3
Sierra Leone,9.1184,-11.4856,Riots,38
Sierra Leone,9.1184,-11.4856,Violence against civilians,216
Somalia,0.6616,41.8183,Explosions/Remote violence,956
Somalia,0.6616,41.8183,Riots,8
Somalia,0.6616,41.8183,Violence against civilians,515
Somalia,1.1524,42.8367,Explosions/Remote violence,236
Somalia,1.1524,42.8367,Riots,2
Somalia,1.1524,42.8367,Violence against civilians,140
Somalia,1.9714,44.6595,Explosions/Remote violence,1943
Somalia,1.9714,44.6595,Riots,22
Somalia,1.9714,44.6595,Violence against civilians,938
Somalia,2.0882,45.393,Explosions/Remote violence,3290
Somalia,2.0882,45.393,Riots,88
Somalia,2.0882,45.393,Violence against civilians,2732
Somalia,2.6694,43.5878,Explosions/Remote violence,864
Somalia,2.6694,43.5878,Riots,17
Somalia,2.6694,43.5878,Violence against civilians,619
Somalia,2.7676,41.7697,Explosions/Remote violence,539
Somalia,2.7676,41.7697,Riots,10
Somalia,2.7676,41.7697,Violence against civilians,326
Somalia,3.0161,45.8746,Explosions/Remote violence,711
Somalia,3.0161,45.8746,Riots,4
Somalia,3.0161,45.8746,Violence against civilians,422
Somalia,4.1831,43.8395,Explosions/Remote violence,162
Somalia,4.1831,43.8395,Riots,2
Somalia,4.1831,43.8395,Violence against civilians,214
Somalia,4.3217,45.4918,Explosions/Remote violence,592
Somalia,4.3217,45.4918,Riots,28
Somalia,4.3217,45.4918,Violence against civilians,667
Somalia,4.769,59.6413,Violence against civilians,2
Somalia,4.985,46.8971,Explosions/Remote violence,206
Somalia,4.985,46.8971,Riots,10
Somalia,4.985,46.8971,Violence against civilians,492
Somalia,6.0259,48.2234,Explosions/Remote violence,207
Somalia,6.0259,48.2234,Riots,27
Somalia,6.0259,48.2234,Violence against civilians,682
Somalia,6.8325,57.3182,Violence against civilians,7
Somalia,8.2712,49.1136,Explosions/Remote violence,17
Somalia,8.2712,49.1136,Riots,26
Somalia,8.2712,49.1136,Violence against civilians,175
Somalia,9.0698,47.6105,Explosions/Remote violence,70
Somalia,9.0698,47.6105,Riots,53
Somalia,9.0698,47.6105,Violence against civilians,182
Somalia,9.155,45.4427,Explosions/Remote violence,28
Somalia,9.155,45.4427,Riots,70
Somalia,9.155,45.4427,Violence against civilians,148
Somalia,9.83,44.1088,Explosions/Remote violence,19
Somalia,9.83,44.1088,Riots,137
Somalia,9.83,44.1088,Violence against civilians,159
Somalia,10.1593,49.9725,Explosions/Remote violence,488
Somalia,10.1593,49.9725,Riots,34
Somalia,10.1593,49.9725,Violence against civilians,442
Somalia,10.4598,47.5293,Explosions/Remote violence,8
Somalia,10.4598,47.5293,Riots,66
Somalia,10.4598,47.5293,Violence against civilians,138
Somalia,10.5738,43.4004,Explosions/Remote violence,5
Somalia,10.5738,43.4004,Riots,53
Somalia,10.5738,43.4004,Violence against civilians,30
South Africa,-32.6351,22.2223,Explosions/Remote violence,28
South Africa,-32.6351,22.2223,Riots,1541
South Africa,-32.6351,22.2223,Violence against civilians,273
South Africa,-32.1082,26.5903,Explosions/Remote violence,2
South Africa,-32.1082,26.5903,Riots,1293
South Africa,-32.1082,26.5903,Violence against civilians,170
South Africa,-28.942,30.4687,Explosions/Remote violence,7
South Africa,-28.942,30.4687,Riots,1565
South Africa,-28.942,30.4687,Violence against civilians,516
South Africa,-28.8555,22.0211,Riots,196
South Africa,-28.8555,22.0211,Violence against civilians,20
South Africa,-28.6815,26.6275,Riots,223
South Africa,-28.6815,26.6275,Violence against civilians,28
South Africa,-26.3711,25.2372,Explosions/Remote violence,2
South Africa,-26.3711,25.2372,Riots,448
South Africa,-26.3711,25.2372,Violence against civilians,92
South Africa,-26.0194,28.0115,Explosions/Remote violence,7
South Africa,-26.0194,28.0115,Riots,2149
South Africa,-26.0194,28.0115,Violence against civilians,334
South Africa,-25.744,30.1477,Explosions/Remote violence,1
South Africa,-25.744,30.1477,Riots,485
South Africa,-25.744,30.1477,Violence against civilians,73
South Africa,-23.7739,29.3416,Explosions/Remote violence,1
South Africa,-23.7739,29.3416,Riots,729
South Africa,-23.7739,29.3416,Violence against civilians,78
South Sudan,4.7554,33.3967,Explosions/Remote violence,14
South Sudan,4.7554,33.3967,Riots,35
South Sudan,4.7554,33.3967,Violence against civilians,702
South Sudan,4.8898,31.4589,Explosions/Remote violence,52
South Sudan,4.8898,31.4589,Riots,70
South Sudan,4.8898,31.4589,Violence against civilians,1374
South Sudan,5.5398,29.1458,Explosions/Remote violence,17
South Sudan,5.5398,29.1458,Riots,13
South Sudan,5.5398,29.1458,Violence against civilians,508
South Sudan,6.6946,30.1262,Explosions/Remote violence,7
South Sudan,6.6946,30.1262,Riots,35
South Sudan,6.6946,30.1262,Violence against civilians,745
South Sudan,7.631,32.1407,Explosions/Remote violence,93
South Sudan,7.631,32.1407,Riots,35
South Sudan,7.631,32.1407,Violence against civilians,1460
South Sudan,7.9276,28.9535,Explosions/Remote violence,13
South Sudan,7.9276,28.9535,Riots,19
South Sudan,7.9276,28.9535,Violence against civilians,818
South Sudan,8.5386,25.2191,Explosions/Remote violence,25
South Sudan,8.5386,25.2191,Riots,18
South Sudan,8.5386,25.2191,Violence against civilians,246
South Sudan,8.6641,29.8011,Explosions/Remote violence,62
South Sudan,8.6641,29.8011,Riots,19
South Sudan,8.6641,29.8011,Violence against civilians,625
South Sudan,8.917,27.038,Explosions/Remote violence,19
South Sudan,8.917,27.038,Riots,27
South Sudan,8.917,27.038,Violence against civilians,90
South Sudan,10.1117,32.7971,Explosions/Remote violence,166
South Sudan,10.1117,32.7971,Riots,43
South Sudan,10.1117,32.7971,Violence against civilians,376
Sudan,4.68,31.69,Explosions/Remote violence,115
Sudan,4.68,31.69,Riots,8
Sudan,4.68,31.69,Violence against civilians,338
Sudan,8.598,28.4738,Explosions/Remote violence,65
Sudan,8.598,28.4738,Riots,6
Sudan,8.598,28.4738,Violence against civilians,69
Sudan,9.7332,28.4712,Explosions/Remote violence,17
Sudan,9.7332,28.4712,Riots,6
Sudan,9.7332,28.4712,Violence against civilians,265
Sudan,10.9002,24.3019,Explosions/Remote violence,254
Sudan,10.9002,24.3019,Riots,49
Sudan,10.9002,24.3019,Violence against civilians,1436
Sudan,11.0079,34.0954,Explosions/Remote violence,82
Sudan,11.0079,34.0954,Riots,11
Sudan,11.0079,34.0954,Violence against civilians,100
Sudan,11.048,32.698,Explosions/Remote violence,48
Sudan,11.048,32.698,Riots,3
Sudan,11.048,32.698,Violence against civilians,135
Sudan,11.2289,30.914,Explosions/Remote violence,505
Sudan,11.2289,30.914,Riots,21
Sudan,11.2289,30.914,Violence against civilians,470
Sudan,11.2299,26.3972,Explosions/Remote violence,48
Sudan,11.2299,26.3972,Riots,12
Sudan,11.2299,26.3972,Violence against civilians,184
Sudan,11.8686,28.2211,Explosions/Remote violence,164
Sudan,11.8686,28.2211,Riots,20
Sudan,11.8686,28.2211,Violence against civilians,234
Sudan,12.3084,23.2341,Explosions/Remote violence,279
Sudan,12.3084,23.2341,Riots,27
Sudan,12.3084,23.2341,Violence against civilians,935
Sudan,12.9093,34.0815,Explosions/Remote violence,90
Sudan,12.9093,34.0815,Riots,12
Sudan,12.9093,34.0815,Violence against civilians,112
Sudan,13.5081,22.7026,Explosions/Remote violence,95
Sudan,13.5081,22.7026,Riots,23
Sudan,13.5081,22.7026,Violence against civilians,730
Sudan,13.5895,32.3521,Explosions/Remote violence,65
Sudan,13.5895,32.3521,Riots,15
Sudan,13.5895,32.3521,Violence against civilians,165
Sudan,14.2138,35.0222,Explosions/Remote violence,19
Sudan,14.2138,35.0222,Riots,29
Sudan,14.2138,35.0222,Violence against civilians,117
Sudan,14.3894,29.437,Explosions/Remote violence,288
Sudan,14.3894,29.437,Riots,16
Sudan,14.3894,29.437,Violence against civilians,262
Sudan,14.6593,33.2294,Explosions/Remote violence,333
Sudan,14.6593,33.2294,Riots,34
Sudan,14.6593,33.2294,Violence against civilians,1011
Sudan,15.7104,35.5356,Explosions/Remote violence,31
Sudan,15.7104,35.5356,Riots,25
Sudan,15.7104,35.5356,Violence against civilians,46
Sudan,15.8601,25.5013,Explosions/Remote violence,965
Sudan,15.8601,25.5013,Riots,40
Sudan,15.8601,25.5013,Violence against civilians,2173
Sudan,15.915,33.1352,Explosions/Remote violence,2518
Sudan,15.915,33.1352,Riots,283
Sudan,15.915,33.1352,Violence against civilians,1016
Sudan,18.8347,33.1231,Explosions/Remote violence,42
Sudan,18.8347,33.1231,Riots,34
Sudan,18.8347,33.1231,Violence against civilians,30
Sudan,19.3656,29.8955,Explosions/Remote violence,19
Sudan,19.3656,29.8955,Riots,14
Sudan,19.3656,29.8955,Violence against civilians,26
Sudan,20.0739,35.4126,Explosions/Remote violence,23
Sudan,20.0739,35.4126,Riots,32
Sudan,20.0739,35.4126,Violence against civilians,34
Tanzania,-10.774,39.0466,Riots,6
Tanzania,-10.774,39.0466,Violence against civilians,12
Tanzania,-10.5051,36.1723,Explosions/Remote violence,2
Tanzania,-10.5051,36.1723,Riots,4
Tanzania,-10.5051,36.1723,Violence against civilians,7
Tanzania,-9.6007,34.7696,Riots,5
Tanzania,-9.6007,34.7696,Violence against civilians,4
Tanzania,-9.3345,38.476,Riots,5
Tanzania,-9.3345,38.476,Violence against civilians,3
Tanzania,-8.2912,33.9819,Riots,9
Tanzania,-8.2912,33.9819,Violence against civilians,12
Tanzania,-8.2761,32.8616,Riots,13
Tanzania,-8.2761,32.8616,Violence against civilians,5
Tanzania,-7.9805,31.397,Riots,7
Tanzania,-7.9805,31.397,Violence against civilians,5
Tanzania,-7.9637,35.7936,Riots,6
Tanzania,-7.9637,35.7936,Violence against civilians,8
Tanzania,-7.861,37.312,Explosions/Remote violence,1
Tanzania,-7.861,37.312,Riots,4
Tanzania,-7.861,37.312,Violence against civilians,21
Tanzania,-7.177,38.9379,Explosions/Remote violence,1
Tanzania,-7.177,38.9379,Riots,5
Tanzania,-7.177,38.9379,Violence against civilians,52
Tanzania,-6.8717,39.1908,Explosions/Remote violence,4
Tanzania,-6.8717,39.1908,Riots,58
Tanzania,-6.8717,39.1908,Violence against civilians,70
Tanzania,-6.3727,31.4719,Riots,4
Tanzania,-6.3727,31.4719,Violence against civilians,3
Tanzania,-6.2497,39.4277,Explosions/Remote violence,9
Tanzania,-6.2497,39.4277,Riots,11
Tanzania,-6.2497,39.4277,Violence against civilians,22
Tanzania,-6.1745,39.2351,Explosions/Remote violence,5
Tanzania,-6.1745,39.2351,Riots,20
Tanzania,-6.1745,39.2351,Violence against civilians,20
Tanzania,-5.8822,39.2931,Explosions/Remote violence,3
Tanzania,-5.8822,39.2931,Riots,4
Tanzania,-5.8822,39.2931,Violence against civilians,7
Tanzania,-5.8448,35.9589,Riots,9
Tanzania,-5.8448,35.9589,Violence against civilians,8
Tanzania,-5.6686,34.6963,Riots,2
Tanzania,-5.6686,34.6963,Violence against civilians,6
Tanzania,-5.4265,32.6919,Riots,6
Tanzania,-5.4265,32.6919,Violence against civilians,5
Tanzania,-5.3072,39.7463,Explosions/Remote violence,1
Tanzania,-5.3072,39.7463,Riots,9
Tanzania,-5.3072,39.7463,Violence against civilians,5
Tanzania,-5.0364,39.759,Explosions/Remote violence,3
Tanzania,-5.0364,39.759,Riots,17
Tanzania,-5.0364,39.759,Violence against civilians,16
Tanzania,-4.9553,38.5684,Explosions/Remote violence,2
Tanzania,-4.9553,38.5684,Riots,10
Tanzania,-4.9553,38.5684,Violence against civilians,5
Tanzania,-4.6995,30.5106,Explosions/Remote violence,3
Tanzania,-4.6995,30.5106,Riots,18
Tanzania,-4.6995,30.5106,Violence against civilians,85
Tanzania,-4.6993,37.1437,Riots,6
Tanzania,-4.6993,37.1437,Violence against civilians,5
Tanzania,-3.76,33.2313,Riots,7
Tanzania,-3.76,33.2313,Violence against civilians,6
Tanzania,-3.7312,37.645,Riots,10
Tanzania,-3.7312,37.645,Violence against civilians,9
Tanzania,-3.3808,31.7319,Riots,17
Tanzania,-3.3808,31.7319,Violence against civilians,15
Tanzania,-3.1304,34.1838,Riots,1
Tanzania,-3.1304,34.1838,Violence against civilians,5
Tanzania,-2.9167,36.0976,Explosions/Remote violence,6
Tanzania,-2.9167,36.0976,Riots,24
Tanzania,-2.9167,36.0976,Violence against civilians,30
Tanzania,-2.9032,33.1635,Explosions/Remote violence,1
Tanzania,-2.9032,33.1635,Riots,17
Tanzania,-2.9032,33.1635,Violence against civilians,19
Tanzania,-2.1716,31.2715,Explosions/Remote violence,1
Tanzania,-2.1716,31.2715,Riots,17
Tanzania,-2.1716,31.2715,Violence against civilians,10
Tanzania,-1.7623,34.4519,Riots,21
Tanzania,-1.7623,34.4519,Violence against civilians,32
Togo,6.5174,1.2043,Riots,84
Togo,6.5174,1.2043,Violence against civilians,46
Togo,7.465,1.0776,Riots,10
Togo,7.465,1.0776,Violence against civilians,5
Togo,8.607,1.0459,Riots,15
Togo,8.607,1.0459,Violence against civilians,6
Togo,9.5433,0.7909,Riots,9
Togo,9.5433,0.7909,Violence against civilians,11
Togo,10.5119,0.4654,Explosions/Remote violence,20
Togo,10.5119,0.4654,Riots,12
Togo,10.5119,0.4654,Violence against civilians,34
Tunisia,31.7362,9.7677,Explosions/Remote violence,3
Tunisia,31.7362,9.7677,Riots,101
Tunisia,31.7362,9.7677,Violence against civilians,3
Tunisia,32.9821,11.2865,Explosions/Remote violence,2
Tunisia,32.9821,11.2865,Riots,99
Tunisia,32.9821,11.2865,Violence against civilians,15
Tunisia,33.3386,8.7145,Explosions/Remote violence,2
Tunisia,33.3386,8.7145,Riots,65
Tunisia,33.3386,8.7145,Violence against civilians,2
Tunisia,33.776,9.7909,Riots,41
Tunisia,33.776,9.7909,Violence against civilians,3
Tunisia,33.9843,8.0701,Riots,26
Tunisia,34.4322,8.7905,Explosions/Remote violence,5
Tunisia,34.4322,8.7905,Riots,171
Tunisia,34.4322,8.7905,Violence against civilians,4
Tunisia,34.7233,10.3359,Riots,96
Tunisia,34.7233,10.3359,Violence against civilians,7
Tunisia,34.8819,9.5266,Explosions/Remote violence,7
Tunisia,34.8819,9.5266,Riots,160
Tunisia,34.8819,9.5266,Violence against civilians,9
Tunisia,35.2089,8.8554,Explosions/Remote violence,161
Tunisia,35.2089,8.8554,Riots,187
Tunisia,35.2089,8.8554,Violence against civilians,34
Tunisia,35.3431,10.6025,Riots,54
Tunisia,35.3431,10.6025,Violence against civilians,1
Tunisia,35.5795,9.8353,Explosions/Remote violence,1
Tunisia,35.5795,9.8353,Riots,134
Tunisia,35.5795,9.8353,Violence against civilians,6
Tunisia,35.6073,10.7878,Riots,29
Tunisia,35.6073,10.7878,Violence against civilians,2
Tunisia,35.8942,10.3978,Explosions/Remote violence,1
Tunisia,35.8942,10.3978,Riots,84
Tunisia,35.8942,10.3978,Violence against civilians,7
Tunisia,35.9715,9.3577,Riots,52
Tunisia,35.9715,9.3577,Violence against civilians,4
Tunisia,36.0359,8.725,Explosions/Remote violence,30
Tunisia,36.0359,8.725,Riots,33
Tunisia,36.0359,8.725,Violence against civilians,9
Tunisia,36.332,10.0454,Explosions/Remote violence,1
Tunisia,36.332,10.0454,Riots,8
Tunisia,36.332,10.0454,Violence against civilians,1
Tunisia,36.6258,10.2096,Riots,21
Tunisia,36.6258,10.2096,Violence against civilians,3
Tunisia,36.678,8.7533,Explosions/Remote violence,2
Tunisia,36.678,8.7533,Riots,42
Tunisia,36.678,8.7533,Violence against civilians,8
Tunisia,36.7204,10.7024,Riots,58
Tunisia,36.7204,10.7024,Violence against civilians,6
Tunisia,36.7459,9.2027,Explosions/Remote violence,1
Tunisia,36.7459,9.2027,Riots,30
Tunisia,36.7658,9.8304,Explosions/Remote violence,1
Tunisia,36.7658,9.8304,Riots,53
Tunisia,36.7658,9.8304,Violence against civilians,5
Tunisia,36.8177,10.2125,Explosions/Remote violence,12
Tunisia,36.8177,10.2125,Riots,205
Tunisia,36.8177,10.2125,Violence against civilians,49
Tunisia,36.9704,10.1217,Riots,41
Tunisia,36.9704,10.1217,Violence against civilians,4
Tunisia,37.0363,9.6395,Riots,38
Tunisia,37.0363,9.6395,Violence against civilians,2
Uganda,-1.3351,30.0366,Riots,50
Uganda,-1.3351,30.0366,Violence against civilians,19
Uganda,-1.199,29.6701,Riots,40
Uganda,-1.199,29.6701,Violence against civilians,24
Uganda,-1.174,29.8998,Riots,19
Uganda,-1.174,29.8998,Violence against civilians,3
Uganda,-1.1468,30.0546,Riots,11
Uganda,-1.1468,30.0546,Violence against civilians,8
Uganda,-0.9565,30.3,Riots,9
Uganda,-0.9565,30.3,Violence against civilians,6
Uganda,-0.8383,30.9364,Riots,11
Uganda,-0.8383,30.9364,Violence against civilians,8
Uganda,-0.7595,29.7267,Riots,12
Uganda,-0.7595,29.7267,Violence against civilians,13
Uganda,-0.7349,30.4608,Riots,5
Uganda,-0.7349,30.4608,Violence against civilians,2
Uganda,-0.726,31.3388,Riots,16
Uganda,-0.726,31.3388,Violence against civilians,4
Uganda,-0.7182,29.8962,Explosions/Remote violence,1
Uganda,-0.7182,29.8962,Riots,17
Uganda,-0.7182,29.8962,Violence against civilians,15
Uganda,-0.7154,31.6206,Riots,10
Uganda,-0.7154,31.6206,Violence against civilians,12
Uganda,-0.6091,30.0078,Riots,6
Uganda,-0.5946,30.3727,Riots,13
Uganda,-0.5946,30.3727,Violence against civilians,2
Uganda,-0.4875,30.6276,Explosions/Remote violence,4
Uganda,-0.4875,30.6276,Riots,38
Uganda,-0.4875,30.6276,Violence against civilians,11
Uganda,-0.4754,30.171,Explosions/Remote violence,1
Uganda,-0.4754,30.171,Riots,11
Uganda,-0.4754,30.171,Violence against civilians,7
Uganda,-0.4487,31.7771,Riots,38
Uganda,-0.4487,31.7771,Violence against civilians,31
Uganda,-0.4469,31.3998,Explosions/Remote violence,1
Uganda,-0.4469,31.3998,Riots,14
Uganda,-0.4469,31.3998,Violence against civilians,10
Uganda,-0.327,30.8731,Riots,2
Uganda,-0.327,30.8731,Violence against civilians,1
Uganda,-0.3267,32.5905,Riots,7
Uganda,-0.3267,32.5905,Violence against civilians,5
Uganda,-0.323,30.3481,Riots,3
Uganda,-0.2623,31.1844,Riots,6
Uganda,-0.2623,31.1844,Violence against civilians,1
Uganda,-0.2614,30.0512,Riots,2
Uganda,-0.2614,30.0512,Violence against civilians,3
Uganda,-0.1285,31.6237,Riots,7
Uganda,-0.1285,31.6237,Violence against civilians,8
Uganda,-0.0997,31.8146,Riots,11
Uganda,-0.0997,31.8146,Violence against civilians,6
Uganda,-0.0619,30.4922,Riots,13
Uganda,-0.0619,30.4922,Violence against civilians,2
Uganda,-0.0553,31.3741,Riots,24
Uganda,-0.0553,31.3741,Violence against civilians,7
Uganda,0.0138,30.3243,Riots,1
Uganda,0.0138,30.3243,Violence against civilians,1
Uganda,0.0236,30.7524,Riots,3
Uganda,0.1365,30.0091,Explosions/Remote violence,1
Uganda,0.1365,30.0091,Riots,22
Uganda,0.1365,30.0091,Violence against civilians,56
Uganda,0.1388,32.2629,Explosions/Remote violence,2
Uganda,0.1388,32.2629,Riots,13
Uganda,0.1388,32.2629,Violence against civilians,11
Uganda,0.1617,32.136,Explosions/Remote violence,1
Uganda,0.1617,32.136,Riots,3
Uganda,0.1617,32.136,Violence against civilians,1
Uganda,0.1949,33.2918,Riots,1
Uganda,0.1949,33.2918,Violence against civilians,4
Uganda,0.2027,31.7374,Riots,4
Uganda,0.2027,31.7374,Violence against civilians,6
Uganda,0.2879,32.4783,Explosions/Remote violence,3
Uganda,0.2879,32.4783,Riots,120
Uganda,0.2879,32.4783,Violence against civilians,89
Uganda,0.3107,33.0145,Riots,18
Uganda,0.3107,33.0145,Violence against civilians,14
Uganda,0.315,33.8262,Riots,4
Uganda,0.315,33.8262,Violence against civilians,4
Uganda,0.3155,32.5913,Explosions/Remote violence,39
Uganda,0.3155,32.5913,Riots,279
Uganda,0.3155,32.5913,Violence against civilians,277
Uganda,0.3344,30.6135,Riots,3
Uganda,0.3344,30.6135,Violence against civilians,5
Uganda,0.3883,33.535,Riots,16
Uganda,0.3883,33.535,Violence against civilians,4
Uganda,0.4077,34.0157,Riots,24
Uganda,0.4077,34.0157,Violence against civilians,7
Uganda,0.4533,32.0776,Riots,18
Uganda,0.4533,32.0776,Violence against civilians,13
Uganda,0.4682,32.8131,Riots,53
Uganda,0.4682,32.8131,Violence against civilians,35
Uganda,0.4782,31.0006,Riots,3
Uganda,0.4782,31.0006,Violence against civilians,3
Uganda,0.4798,30.2018,Riots,6
Uganda,0.4798,30.2018,Violence against civilians,7
Uganda,0.514,31.4115,Explosions/Remote violence,1
Uganda,0.514,31.4115,Riots,7
Uganda,0.514,31.4115,Violence against civilians,4
Uganda,0.5221,33.7753,Riots,13
Uganda,0.5221,33.7753,Violence against civilians,7
Uganda,0.5306,31.7629,Riots,7
Uganda,0.5306,31.7629,Violence against civilians,6
Uganda,0.5549,33.2173,Explosions/Remote violence,2
Uganda,0.5549,33.2173,Riots,83
Uganda,0.5549,33.2173,Violence against civilians,35
Uganda,0.6213,30.268,Riots,21
Uganda,0.6213,30.268,Violence against civilians,41
Uganda,0.6221,33.6157,Riots,11
Uganda,0.6221,33.6157,Violence against civilians,1
Uganda,0.6427,30.6587,Riots,2
Uganda,0.6427,30.6587,Violence against civilians,7
Uganda,0.6464,30.0419,Explosions/Remote violence,3
Uganda,0.6464,30.0419,Riots,5
Uganda,0.6464,30.0419,Violence against civilians,68
Uganda,0.7223,33.5016,Riots,18
Uganda,0.7223,33.5016,Violence against civilians,5
Uganda,0.7388,34.1028,Riots,23
Uganda,0.7388,34.1028,Violence against civilians,11
Uganda,0.8184,33.3276,Riots,5
Uganda,0.8184,33.3276,Violence against civilians,2
Uganda,0.821,31.0267,Riots,3
Uganda,0.821,31.0267,Violence against civilians,7
Uganda,0.8457,32.6029,Riots,52
Uganda,0.8457,32.6029,Violence against civilians,21
Uganda,0.8549,31.9293,Riots,3
Uganda,0.8549,31.9293,Violence against civilians,3
Uganda,0.8633,34.3831,Riots,7
Uganda,0.8633,34.3831,Violence against civilians,3
Uganda,0.8658,33.8851,Riots,9
Uganda,0.8658,33.8851,Violence against civilians,4
Uganda,0.8826,34.2698,Riots,3
Uganda,0.8826,34.2698,Violence against civilians,2
Uganda,0.8868,33.6664,Riots,4
Uganda,0.8868,33.6664,Violence against civilians,1
Uganda,0.9398,33.1279,Riots,16
Uganda,0.9398,33.1279,Violence against civilians,6
Uganda,0.9606,31.2908,Riots,12
Uganda,0.9606,31.2908,Violence against civilians,7
Uganda,0.9898,32.8623,Riots,23
Uganda,0.9898,32.8623,Violence against civilians,6
Uganda,0.99,30.3872,Riots,2
Uganda,0.99,30.3872,Violence against civilians,9
Uganda,1.0002,32.1766,Explosions/Remote violence,5
Uganda,1.0002,32.1766,Riots,24
Uganda,1.0002,32.1766,Violence against civilians,10
Uganda,1.0019,34.197,Riots,40
Uganda,1.0019,34.197,Violence against civilians,16
Uganda,1.0199,30.8322,Riots,9
Uganda,1.0199,30.8322,Violence against civilians,4
Uganda,1.0265,34.3908,Explosions/Remote violence,1
Uganda,1.0265,34.3908,Riots,4
Uganda,1.0265,34.3908,Violence against civilians,24
Uganda,1.0555,33.8057,Explosions/Remote violence,1
Uganda,1.0555,33.8057,Riots,8
Uganda,1.0555,33.8057,Violence against civilians,2
Uganda,1.0643,34.0051,Riots,7
Uganda,1.0643,34.0051,Violence against civilians,3
Uganda,1.0798,33.4822,Riots,9
Uganda,1.0798,33.4822,Violence against civilians,2
Uganda,1.0906,31.6821,Riots,5
Uganda,1.0906,31.6821,Violence against civilians,3
Uganda,1.1717,34.0596,Riots,3
Uganda,1.188,34.2919,Riots,15
Uganda,1.188,34.2919,Violence against civilians,6
Uganda,1.2175,33.6913,Riots,12
Uganda,1.2175,33.6913,Violence against civilians,1
Uganda,1.2328,33.1765,Riots,6
Uganda,1.2328,33.1765,Violence against civilians,6
Uganda,1.2699,34.6981,Explosions/Remote violence,1
Uganda,1.2699,34.6981,Riots,14
Uganda,1.2699,34.6981,Violence against civilians,9
Uganda,1.3084,31.0011,Explosions/Remote violence,1
Uganda,1.3084,31.0011,Riots,16
Uganda,1.3084,31.0011,Violence against civilians,18
Uganda,1.3157,32.4908,Explosions/Remote violence,1
Uganda,1.3157,32.4908,Riots,6
Uganda,1.3157,32.4908,Violence against civilians,7
Uganda,1.3283,34.407,Riots,4
Uganda,1.3283,34.407,Violence against civilians,4
Uganda,1.3485,34.2787,Violence against civilians,9
Uganda,1.3507,34.561,Explosions/Remote violence,1
Uganda,1.3507,34.561,Riots,3
Uganda,1.3507,34.561,Violence against civilians,10
Uganda,1.3693,34.142,Riots,8
Uganda,1.3693,34.142,Violence against civilians,5
Uganda,1.4538,33.9227,Explosions/Remote violence,1
Uganda,1.4538,33.9227,Riots,6
Uganda,1.4538,33.9227,Violence against civilians,2
Uganda,1.492,33.3585,Riots,9
Uganda,1.492,33.3585,Violence against civilians,1
Uganda,1.4962,33.7737,Explosions/Remote violence,1
Uganda,1.4962,33.7737,Riots,3
Uganda,1.5638,31.1495,Riots,43
Uganda,1.5638,31.1495,Violence against civilians,33
Uganda,1.6357,32.633,Riots,4
Uganda,1.6357,32.633,Violence against civilians,7
Uganda,1.6853,33.1172,Riots,4
Uganda,1.6853,33.1172,Violence against civilians,4
Uganda,1.7879,33.6068,Riots,19
Uganda,1.7879,33.6068,Violence against civilians,33
Uganda,1.8121,31.7373,Riots,16
Uganda,1.8121,31.7373,Violence against civilians,15
Uganda,1.8248,34.93,Riots,1
Uganda,1.8248,34.93,Violence against civilians,9
Uganda,1.8296,33.3565,Explosions/Remote violence,1
Uganda,1.8296,33.3565,Violence against civilians,8
Uganda,1.8471,34.6388,Riots,5
Uganda,1.8471,34.6388,Violence against civilians,57
Uganda,1.9006,32.7742,Riots,10
Uganda,1.9006,32.7742,Violence against civilians,1
Uganda,1.9074,33.0758,Riots,5
Uganda,1.9074,33.0758,Violence against civilians,7
Uganda,1.9313,32.5025,Riots,9
Uganda,1.9313,32.5025,Violence against civilians,24
Uganda,1.9706,34.0575,Explosions/Remote violence,1
Uganda,1.9706,34.0575,Riots,10
Uganda,1.9706,34.0575,Violence against civilians,40
Uganda,1.974,31.3831,Riots,3
Uganda,1.974,31.3831,Violence against civilians,6
Uganda,1.9808,33.6582,Explosions/Remote violence,4
Uganda,1.9808,33.6582,Riots,2
Uganda,1.9808,33.6582,Violence against civilians,34
Uganda,1.991,32.0506,Riots,10
Uganda,1.991,32.0506,Violence against civilians,9
Uganda,2.0381,34.5857,Riots,3
Uganda,2.0381,34.5857,Violence against civilians,19
Uganda,2.1953,33.7774,Explosions/Remote violence,2
Uganda,2.1953,33.7774,Riots,1
Uganda,2.1953,33.7774,Violence against civilians,22
Uganda,2.2664,33.3254,Riots,5
Uganda,2.2664,33.3254,Violence against civilians,19
Uganda,2.2989,32.7388,Riots,9
Uganda,2.2989,32.7388,Violence against civilians,15
Uganda,2.332,32.9501,Explosions/Remote violence,1
Uganda,2.332,32.9501,Riots,44
Uganda,2.332,32.9501,Violence against civilians,96
Uganda,2.3461,32.4241,Riots,13
Uganda,2.3461,32.4241,Violence against civilians,22
Uganda,2.395,34.2604,Riots,7
Uganda,2.395,34.2604,Violence against civilians,18
Uganda,2.4327,31.1627,Riots,6
Uganda,2.4327,31.1627,Violence against civilians,6
Uganda,2.4649,31.3955,Riots,3
Uganda,2.4649,31.3955,Violence against civilians,6
Uganda,2.4763,33.3827,Explosions/Remote violence,1
Uganda,2.4763,33.3827,Violence against civilians,28
Uganda,2.5217,30.8754,Riots,6
Uganda,2.5217,30.8754,Violence against civilians,4
Uganda,2.5257,31.8715,Explosions/Remote violence,1
Uganda,2.5257,31.8715,Riots,4
Uganda,2.5257,31.8715,Violence against civilians,52
Uganda,2.6092,34.6433,Explosions/Remote violence,2
Uganda,2.6092,34.6433,Riots,9
Uganda,2.6092,34.6433,Violence against civilians,108
Uganda,2.6429,32.4975,Riots,9
Uganda,2.6429,32.4975,Violence against civilians,46
Uganda,2.7462,33.7262,Riots,7
Uganda,2.7462,33.7262,Violence against civilians,19
Uganda,2.8669,31.2384,Riots,7
Uganda,2.8669,31.2384,Violence against civilians,4
Uganda,2.8865,32.913,Explosions/Remote violence,5
Uganda,2.8865,32.913,Riots,10
Uganda,2.8865,32.913,Violence against civilians,50
Uganda,2.945,33.3869,Explosions/Remote violence,5
Uganda,2.945,33.3869,Riots,10
Uganda,2.945,33.3869,Violence against civilians,98
Uganda,2.9892,34.0345,Explosions/Remote violence,1
Uganda,2.9892,34.0345,Riots,7
Uganda,2.9892,34.0345,Violence against civilians,116
Uganda,2.9976,31.0152,Riots,62
Uganda,2.9976,31.0152,Violence against civilians,24
Uganda,3.0186,32.3885,Explosions/Remote violence,5
Uganda,3.0186,32.3885,Riots,35
Uganda,3.0186,32.3885,Violence against civilians,164
Uganda,3.1275,32.1045,Explosions/Remote violence,5
Uganda,3.1275,32.1045,Riots,17
Uganda,3.1275,32.1045,Violence against civilians,71
Uganda,3.2349,31.7869,Explosions/Remote violence,3
Uganda,3.2349,31.7869,Riots,15
Uganda,3.2349,31.7869,Violence against civilians,68
Uganda,3.2437,30.927,Riots,3
Uganda,3.2437,30.927,Violence against civilians,2
Uganda,3.3637,31.5372,Riots,5
Uganda,3.3637,31.5372,Violence against civilians,5
Uganda,3.4174,33.3185,Explosions/Remote violence,6
Uganda,3.4174,33.3185,Riots,16
Uganda,3.4174,33.3185,Violence against civilians,132
Uganda,3.4883,31.285,Riots,7
Uganda,3.4883,31.285,Violence against civilians,11
Uganda,3.521,32.623,Explosions/Remote violence,4
Uganda,3.521,32.623,Riots,8
Uganda,3.521,32.623,Violence against civilians,42
Uganda,3.5333,30.9854,Explosions/Remote violence,4
Uganda,3.5333,30.9854,Riots,13
Uganda,3.5333,30.9854,Violence against civilians,12
Uganda,3.6507,34.2061,Explosions/Remote violence,1
Uganda,3.6507,34.2061,Riots,2
Uganda,3.6507,34.2061,Violence against civilians,43
Uganda,3.6643,31.746,Explosions/Remote violence,2
Uganda,3.6643,31.746,Riots,10
Uganda,3.6643,31.746,Violence against civilians,23
Uganda,3.7042,33.7706,Explosions/Remote violence,1
Uganda,3.7042,33.7706,Riots,1
Uganda,3.7042,33.7706,Violence against civilians,9
Zambia,-16.7938,26.6983,Riots,51
Zambia,-16.7938,26.6983,Violence against civilians,15
Zambia,-15.6831,23.6247,Riots,22
Zambia,-15.6831,23.6247,Violence against civilians,22
Zambia,-15.5335,29.0065,Explosions/Remote violence,3
Zambia,-15.5335,29.0065,Riots,217
Zambia,-15.5335,29.0065,Violence against civilians,121
Zambia,-14.2789,28.5833,Riots,50
Zambia,-14.2789,28.5833,Violence against civilians,36
Zambia,-13.2896,32.3024,Riots,30
Zambia,-13.2896,32.3024,Violence against civilians,11
Zambia,-13.0798,27.9525,Riots,179
Zambia,-13.0798,27.9525,Violence against civilians,45
Zambia,-12.8095,25.4068,Explosions/Remote violence,3
Zambia,-12.8095,25.4068,Riots,31
Zambia,-12.8095,25.4068,Violence against civilians,19
Zambia,-11.246,32.0506,Riots,36
Zambia,-11.246,32.0506,Violence against civilians,12
Zambia,-10.4222,29.043,Riots,30
Zambia,-10.4222,29.043,Violence against civilians,7
Zambia,-9.8919,31.0528,Riots,27
Zambia,-9.8919,31.0528,Violence against civilians,13
Zimbabwe,-20.9184,28.6451,Explosions/Remote violence,2
Zimbabwe,-20.9184,28.6451,Riots,50
Zimbabwe,-20.9184,28.6451,Violence against civilians,78
Zimbabwe,-20.7832,31.3427,Riots,76
Zimbabwe,-20.7832,31.3427,Violence against civilians,219
Zimbabwe,-20.1058,28.5345,Explosions/Remote violence,3
Zimbabwe,-20.1058,28.5345,Riots,82
Zimbabwe,-20.1058,28.5345,Violence against civilians,147
Zimbabwe,-19.2863,32.0705,Riots,81
Zimbabwe,-19.2863,32.0705,Violence against civilians,464
Zimbabwe,-19.082,29.862,Explosions/Remote violence,1
Zimbabwe,-19.082,29.862,Riots,66
Zimbabwe,-19.082,29.862,Violence against civilians,313
Zimbabwe,-18.6207,27.4524,Explosions/Remote violence,2
Zimbabwe,-18.6207,27.4524,Riots,27
Zimbabwe,-18.6207,27.4524,Violence against civilians,80
Zimbabwe,-17.9782,31.6021,Riots,68
Zimbabwe,-17.9782,31.6021,Violence against civilians,470
Zimbabwe,-17.8552,31.0523,Explosions/Remote violence,13
Zimbabwe,-17.8552,31.0523,Riots,331
Zimbabwe,-17.8552,31.0523,Violence against civilians,1585
Zimbabwe,-17.2601,29.8678,Explosions/Remote violence,1
Zimbabwe,-17.2601,29.8678,Riots,83
Zimbabwe,-17.2601,29.8678,Violence against civilians,426
Zimbabwe,-16.6813,31.6098,Explosions/Remote violence,1
Zimbabwe,-16.6813,31.6098,Riots,52
Zimbabwe,-16.6813,31.6098,Violence against civilians,401
eSwatini,-27.0244,31.3137,Riots,43
eSwatini,-27.0244,31.3137,Violence against civilians,18
eSwatini,-26.5546,31.8619,Riots,43
eSwatini,-26.5546,31.8619,Violence against civilians,23
eSwatini,-26.5264,31.1888,Explosions/Remote violence,2
eSwatini,-26.5264,31.1888,Riots,84
eSwatini,-26.5264,31.1888,Violence against civilians,67
eSwatini,-26.1033,31.364,Explosions/Remote violence,10
eSwatini,-26.1033,31.364,Riots,48
eSwatini,-26.1033,31.364,Violence against civilians,47
Afghanistan,30.8409,62.4753,Explosions/Remote violence,181
Afghanistan,30.8409,62.4753,Riots,2
Afghanistan,30.8409,62.4753,Violence against civilians,40
Afghanistan,31.0757,65.6926,Explosions/Remote violence,1524
Afghanistan,31.0757,65.6926,Riots,7
Afghanistan,31.0757,65.6926,Violence against civilians,300
Afghanistan,31.3969,64.0428,Explosions/Remote violence,1751
Afghanistan,31.3969,64.0428,Riots,10
Afghanistan,31.3969,64.0428,Violence against civilians,159
Afghanistan,32.2774,67.0193,Explosions/Remote violence,592
Afghanistan,32.2774,67.0193,Riots,2
Afghanistan,32.2774,67.0193,Violence against civilians,79
Afghanistan,32.4966,62.41,Explosions/Remote violence,596
Afghanistan,32.4966,62.41,Riots,1
Afghanistan,32.4966,62.41,Violence against civilians,112
Afghanistan,32.5116,68.6546,Explosions/Remote violence,349
Afghanistan,32.5116,68.6546,Riots,5
Afghanistan,32.5116,68.6546,Violence against civilians,120
Afghanistan,32.8013,66.0076,Explosions/Remote violence,589
Afghanistan,32.8013,66.0076,Riots,2
Afghanistan,32.8013,66.0076,Violence against civilians,59
Afghanistan,33.1547,67.7536,Explosions/Remote violence,1150
Afghanistan,33.1547,67.7536,Riots,10
Afghanistan,33.1547,67.7536,Violence against civilians,206
Afghanistan,33.3768,69.8967,Explosions/Remote violence,652
Afghanistan,33.3768,69.8967,Riots,8
Afghanistan,33.3768,69.8967,Violence against civilians,144
Afghanistan,33.6167,69.2837,Explosions/Remote violence,548
Afghanistan,33.6167,69.2837,Riots,2
Afghanistan,33.6167,69.2837,Violence against civilians,119
Afghanistan,33.6473,66.3457,Explosions/Remote violence,58
Afghanistan,33.6473,66.3457,Riots,2
Afghanistan,33.6473,66.3457,Violence against civilians,64
Afghanistan,33.9823,69.1949,Explosions/Remote violence,597
Afghanistan,33.9823,69.1949,Riots,2
Afghanistan,33.9823,69.1949,Violence against civilians,111
Afghanistan,34.2063,64.5817,Explosions/Remote violence,179
Afghanistan,34.2063,64.5817,Riots,17
Afghanistan,34.2063,64.5817,Violence against civilians,132
Afghanistan,34.2374,68.16,Explosions/Remote violence,641
Afghanistan,34.2374,68.16,Riots,4
Afghanistan,34.2374,68.16,Violence against civilians,112
Afghanistan,34.239,62.0679,Explosions/Remote violence,475
Afghanistan,34.239,62.0679,Riots,9
Afghanistan,34.239,62.0679,Violence against civilians,276
Afghanistan,34.3726,70.3664,Explosions/Remote violence,1894
Afghanistan,34.3726,70.3664,Riots,24
Afghanistan,34.3726,70.3664,Violence against civilians,378
Afghanistan,34.5253,69.3433,Explosions/Remote violence,831
Afghanistan,34.5253,69.3433,Riots,14
Afghanistan,34.5253,69.3433,Violence against civilians,704
Afghanistan,34.6954,67.3383,Explosions/Remote violence,8
Afghanistan,34.6954,67.3383,Riots,2
Afghanistan,34.6954,67.3383,Violence against civilians,24
Afghanistan,34.8092,70.2703,Explosions/Remote violence,357
Afghanistan,34.8092,70.2703,Riots,4
Afghanistan,34.8092,70.2703,Violence against civilians,84
Afghanistan,34.9093,69.7471,Explosions/Remote violence,242
Afghanistan,34.9093,69.7471,Riots,3
Afghanistan,34.9093,69.7471,Violence against civilians,90
Afghanistan,35.0024,68.758,Explosions/Remote violence,291
Afghanistan,35.0024,68.758,Riots,8
Afghanistan,35.0024,68.758,Violence against civilians,129
Afghanistan,35.0052,71.0407,Explosions/Remote violence,600
Afghanistan,35.0052,71.0407,Riots,3
Afghanistan,35.0052,71.0407,Violence against civilians,72
Afghanistan,35.2572,63.5813,Explosions/Remote violence,397
Afghanistan,35.2572,63.5813,Riots,4
Afghanistan,35.2572,63.5813,Violence against civilians,83
Afghanistan,35.4698,71.1173,Explosions/Remote violence,89
Afghanistan,35.4698,71.1173,Riots,7
Afghanistan,35.4698,71.1173,Violence against civilians,12
Afghanistan,35.4892,69.8872,Explosions/Remote violence,42
Afghanistan,35.4892,69.8872,Riots,3
Afghanistan,35.4892,69.8872,Violence against civilians,174
Afghanistan,35.7152,66.088,Explosions/Remote violence,120
Afghanistan,35.7152,66.088,Violence against civilians,65
Afghanistan,35.79,69.109,Explosions/Remote violence,351
Afghanistan,35.79,69.109,Riots,7
Afghanistan,35.79,69.109,Violence against civilians,211
Afghanistan,35.9925,67.7275,Explosions/Remote violence,54
Afghanistan,35.9925,67.7275,Riots,1
Afghanistan,35.9925,67.7275,Violence against civilians,54
Afghanistan,36.2086,64.7689,Explosions/Remote violence,571
Afghanistan,36.2086,64.7689,Riots,9
Afghanistan,36.2086,64.7689,Violence against civilians,170
Afghanistan,36.5288,66.9116,Explosions/Remote violence,552
Afghanistan,36.5288,66.9116,Riots,3
Afghanistan,36.5288,66.9116,Violence against civilians,193
Afghanistan,36.6997,69.6309,Explosions/Remote violence,260
Afghanistan,36.6997,69.6309,Riots,12
Afghanistan,36.6997,69.6309,Violence against civilians,286
Afghanistan,36.7115,65.9384,Explosions/Remote violence,197
Afghanistan,36.7115,65.9384,Riots,1
Afghanistan,36.7115,65.9384,Violence against civilians,81
Afghanistan,36.8038,68.6663,Explosions/Remote violence,563
Afghanistan,36.8038,68.6663,Riots,2
Afghanistan,36.8038,68.6663,Violence against civilians,126
Afghanistan,36.966,73.3417,Explosions/Remote violence,233
Afghanistan,36.966,73.3417,Riots,15
Afghanistan,36.966,73.3417,Violence against civilians,170
Australia,-42.1443,146.6722,Riots,1
Australia,-36.5575,144.5491,Riots,39
Australia,-36.5575,144.5491,Violence against civilians,2
Australia,-35.5228,148.9564,Riots,5
Australia,-32.8315,146.3917,Riots,12
Australia,-32.8315,146.3917,Violence against civilians,1
Australia,-32.0283,136.9481,Riots,3
Australia,-24.4357,121.2019,Riots,4
Australia,-19.9357,143.0505,Riots,11
Australia,-18.5555,133.5009,Riots,5
Bangladesh,22.2455,92.2128,Explosions/Remote violence,45
Bangladesh,22.2455,92.2128,Riots,2362
Bangladesh,22.2455,92.2128,Violence against civilians,915
Bangladesh,22.4294,90.2361,Explosions/Remote violence,4
Bangladesh,22.4294,90.2361,Riots,784
Bangladesh,22.4294,90.2361,Violence against civilians,182
Bangladesh,23.1387,89.3285,Explosions/Remote violence,82
Bangladesh,23.1387,89.3285,Riots,1446
Bangladesh,23.1387,89.3285,Violence against civilians,753
Bangladesh,23.8192,90.2201,Explosions/Remote violence,82
Bangladesh,23.8192,90.2201,Riots,4171
Bangladesh,23.8192,90.2201,Violence against civilians,765
Bangladesh,24.5541,88.9332,Explosions/Remote violence,30
Bangladesh,24.5541,88.9332,Riots,1757
Bangladesh,24.5541,88.9332,Violence against civilians,606
Bangladesh,24.5989,91.7153,Explosions/Remote violence,3
Bangladesh,24.5989,91.7153,Riots,840
Bangladesh,24.5989,91.7153,Violence against civilians,226
Bangladesh,24.8236,90.4175,Explosions/Remote violence,1
Bangladesh,24.8236,90.4175,Riots,422
Bangladesh,24.8236,90.4175,Violence against civilians,125
Bangladesh,25.8968,88.9671,Explosions/Remote violence,3
Bangladesh,25.8968,88.9671,Riots,856
Bangladesh,25.8968,88.9671,Violence against civilians,384
Bhutan,27.0138,91.7994,Violence against civilians,1
Bhutan,27.0418,89.1031,Violence against civilians,1
Bhutan,27.0969,90.7701,Violence against civilians,1
Bhutan,27.5637,89.5719,Riots,1
Bhutan,27.9807,89.9101,Riots,1
Cambodia,10.7887,104.3287,Riots,3
Cambodia,10.7887,104.3287,Violence against civilians,1
Cambodia,10.9412,104.7892,Riots,3
Cambodia,10.9591,103.8571,Riots,9
Cambodia,10.9591,103.8571,Violence against civilians,2
Cambodia,11.195,105.8045,Riots,9
Cambodia,11.195,105.8045,Violence against civilians,3
Cambodia,11.371,105.456,Riots,1
Cambodia,11.371,105.456,Violence against civilians,1
Cambodia,11.3945,105.0179,Explosions/Remote violence,1
Cambodia,11.3945,105.0179,Riots,10
Cambodia,11.3945,105.0179,Violence against civilians,8
Cambodia,11.488,103.5711,Riots,4
Cambodia,11.488,103.5711,Violence against civilians,5
Cambodia,11.5743,104.8292,Explosions/Remote violence,1
Cambodia,11.5743,104.8292,Riots,91
Cambodia,11.5743,104.8292,Violence against civilians,35
Cambodia,11.5755,104.2723,Riots,9
Cambodia,11.5755,104.2723,Violence against civilians,4
Cambodia,11.9506,105.9107,Violence against civilians,3
Cambodia,12.1119,105.2069,Explosions/Remote violence,2
Cambodia,12.1119,105.2069,Riots,6
Cambodia,12.1119,105.2069,Violence against civilians,5
Cambodia,12.1679,104.542,Riots,6
Cambodia,12.1679,104.542,Violence against civilians,1
Cambodia,12.4675,103.7432,Riots,2
Cambodia,12.4675,103.7432,Violence against civilians,8
Cambodia,12.6777,106.0584,Riots,7
Cambodia,12.6777,106.0584,Violence against civilians,4
Cambodia,12.7423,107.0108,Riots,5
Cambodia,12.7423,107.0108,Violence against civilians,1
Cambodia,12.82,104.9573,Riots,3
Cambodia,12.82,104.9573,Violence against civilians,5
Cambodia,12.889,102.6294,Violence against civilians,1
Cambodia,12.9249,103.2315,Explosions/Remote violence,1
Cambodia,12.9249,103.2315,Riots,4
Cambodia,12.9249,103.2315,Violence against civilians,9
Cambodia,13.3734,103.9919,Riots,3
Cambodia,13.3734,103.9919,Violence against civilians,5
Cambodia,13.745,104.975,Explosions/Remote violence,1
Cambodia,13.745,104.975,Riots,3
Cambodia,13.745,104.975,Violence against civilians,10
Cambodia,13.7998,103.0782,Explosions/Remote violence,1
Cambodia,13.7998,103.0782,Riots,2
Cambodia,13.7998,103.0782,Violence against civilians,7
Cambodia,13.8522,106.0889,Riots,2
Cambodia,13.8522,106.0889,Violence against civilians,2
Cambodia,13.927,107.0425,Riots,4
Cambodia,13.927,107.0425,Violence against civilians,4
Cambodia,14.1607,103.7809,Explosions/Remote violence,3
Cambodia,14.1607,103.7809,Riots,1
Cambodia,14.1607,103.7809,Violence against civilians,6
China,19.159,109.5838,Riots,5
China,19.159,109.5838,Violence against civilians,3
China,22.1987,113.5439,Violence against civilians,1
China,22.4131,114.0536,Explosions/Remote violence,4
China,22.4131,114.0536,Riots,322
China,22.4131,114.0536,Violence against civilians,36
China,22.8678,112.3937,Explosions/Remote violence,2
China,22.8678,112.3937,Riots,43
China,22.8678,112.3937,Violence against civilians,109
China,23.8869,108.9965,Riots,18
China,23.8869,108.9965,Violence against civilians,13
China,25.1821,101.3021,Explosions/Remote violence,4
China,25.1821,101.3021,Riots,5
China,25.1821,101.3021,Violence against civilians,20
China,25.9625,118.0072,Riots,3
China,25.9625,118.0072,Violence against civilians,72
China,26.9244,106.6201,Riots,9
China,26.9244,106.6201,Violence against civilians,21
China,27.2809,115.4809,Riots,1
China,27.2809,115.4809,Violence against civilians,35
China,27.3997,111.3602,Riots,14
China,27.3997,111.3602,Violence against civilians,57
China,29.178,119.7348,Riots,5
China,29.178,119.7348,Violence against civilians,42
China,30.1821,102.2905,Riots,10
China,30.1821,102.2905,Violence against civilians,136
China,30.1905,107.8589,Riots,8
China,30.1905,107.8589,Violence against civilians,87
China,31.0767,121.3325,Explosions/Remote violence,1
China,31.0767,121.3325,Riots,16
China,31.0767,121.3325,Violence against civilians,201
China,31.1428,112.913,Riots,20
China,31.1428,112.913,Violence against civilians,113
China,31.879,87.0835,Violence against civilians,43
China,32.0219,117.1196,Riots,2
China,32.0219,117.1196,Violence against civilians,24
China,32.9382,119.917,Explosions/Remote violence,1
China,32.9382,119.917,Riots,14
China,32.9382,119.917,Violence against civilians,190
China,33.8584,113.0553,Riots,17
China,33.8584,113.0553,Violence against civilians,90
China,35.4718,96.1025,Riots,1
China,35.4718,96.1025,Violence against civilians,19
China,35.6403,109.5245,Riots,10
China,35.6403,109.5245,Violence against civilians,37
China,36.2946,118.0143,Riots,17
China,36.2946,118.0143,Violence against civilians,63
China,37.3021,105.9577,Violence against civilians,1
China,37.6667,112.4201,Riots,7
China,37.6667,112.4201,Violence against civilians,16
China,37.6939,102.8842,Riots,3
China,37.6939,102.8842,Violence against civilians,10
China,39.3042,115.6274,Riots,12
China,39.3042,115.6274,Violence against civilians,67
China,39.3714,117.3179,Riots,1
China,39.3714,117.3179,Violence against civilians,11
China,40.2409,116.6019,Riots,8
China,40.2409,116.6019,Violence against civilians,662
China,41.1018,122.3426,Explosions/Remote violence,1
China,41.1018,122.3426,Riots,1
China,41.1018,122.3426,Violence against civilians,47
China,41.2814,86.215,Riots,1
China,41.2814,86.215,Violence against civilians,254
China,43.568,126.1127,Riots,2
China,43.568,126.1127,Violence against civilians,17
China,45.3593,118.3151,Riots,4
China,45.3593,118.3151,Violence against civilians,7
China,48.5063,127.553,Riots,4
China,48.5063,127.553,Violence against civilians,17
Christmas Island,-10.4928,105.6323,Riots,1
East Timor,-9.3353,124.2356,Violence against civilians,1
East Timor,-9.3163,125.1681,Violence against civilians,1
East Timor,-8.8263,126.3188,Riots,3
East Timor,-8.6473,125.272,Riots,1
East Timor,-8.5574,126.4855,Riots,1
East Timor,-8.5521,125.6909,Riots,5
East Timor,-8.5521,125.6909,Violence against civilians,5
East Timor,-8.5418,126.9616,Violence against civilians,1
Fiji,-17.9175,178.2782,Riots,2
Fiji,-17.9175,178.2782,Violence against civilians,1
Fiji,-17.7742,177.7196,Riots,1
Fiji,-16.5776,179.1962,Riots,1
Fiji,-16.5776,179.1962,Violence against civilians,2
French Polynesia,-17.6394,-149.4063,Explosions/Remote violence,1
French Polynesia,-17.6394,-149.4063,Riots,3
French Polynesia,-17.6394,-149.4063,Violence against civilians,1
India,10.5404,76.454,Explosions/Remote violence,27
India,10.5404,76.454,Riots,875
India,10.5404,76.454,Violence against civilians,147
India,10.8208,78.3415,Explosions/Remote violence,7
India,10.8208,78.3415,Riots,655
India,10.8208,78.3415,Violence against civilians,257
India,11.927,79.7804,Riots,30
India,11.927,79.7804,Violence against civilians,9
India,12.6031,92.8252,Riots,8
India,12.6031,92.8252,Violence against civilians,3
India,15.0211,75.5338,Explosions/Remote violence,4
India,15.0211,75.5338,Riots,562
India,15.0211,75.5338,Violence against civilians,126
India,15.3508,74.1039,Riots,42
India,15.3508,74.1039,Violence against civilians,6
India,15.8967,79.6224,Explosions/Remote violence,13
India,15.8967,79.6224,Riots,523
India,15.8967,79.6224,Violence against civilians,149
India,17.8752,79.3057,Explosions/Remote violence,13
India,17.8752,79.3057,Riots,429
India,17.8752,79.3057,Violence against civilians,99
India,18.8172,75.4263,Explosions/Remote violence,15
India,18.8172,75.4263,Riots,864
India,18.8172,75.4263,Violence against civilians,198
India,20.1893,84.4719,Explosions/Remote violence,43
India,20.1893,84.4719,Riots,1152
India,20.1893,84.4719,Violence against civilians,302
India,20.7223,70.9274,Riots,1
India,20.7223,70.9274,Violence against civilians,1
India,20.9497,81.5091,Explosions/Remote violence,294
India,20.9497,81.5091,Riots,106
India,20.9497,81.5091,Violence against civilians,444
India,22.4157,72.0433,Explosions/Remote violence,6
India,22.4157,72.0433,Riots,717
India,22.4157,72.0433,Violence against civilians,118
India,23.2396,92.8902,Explosions/Remote violence,8
India,23.2396,92.8902,Riots,21
India,23.2396,92.8902,Violence against civilians,9
India,23.6516,85.1668,Explosions/Remote violence,119
India,23.6516,85.1668,Riots,483
India,23.6516,85.1668,Violence against civilians,287
India,23.7347,91.5542,Explosions/Remote violence,11
India,23.7347,91.5542,Riots,1002
India,23.7347,91.5542,Violence against civilians,231
India,23.972,79.3932,Explosions/Remote violence,6
India,23.972,79.3932,Riots,731
India,23.972,79.3932,Violence against civilians,185
India,24.3903,88.0995,Explosions/Remote violence,104
India,24.3903,88.0995,Riots,3211
India,24.3903,88.0995,Violence against civilians,711
India,24.764,93.8654,Explosions/Remote violence,305
India,24.764,93.8654,Riots,793
India,24.764,93.8654,Violence against civilians,528
India,25.5783,91.2686,Explosions/Remote violence,14
India,25.5783,91.2686,Riots,222
India,25.5783,91.2686,Violence against civilians,74
India,25.9027,86.1251,Explosions/Remote violence,42
India,25.9027,86.1251,Riots,1060
India,25.9027,86.1251,Violence against civilians,395
India,26.053,90.7616,Explosions/Remote violence,58
India,26.053,90.7616,Riots,1151
India,26.053,90.7616,Violence against civilians,224
India,26.1075,94.5601,Explosions/Remote violence,11
India,26.1075,94.5601,Riots,71
India,26.1075,94.5601,Violence against civilians,54
India,26.6284,73.8263,Explosions/Remote violence,3
India,26.6284,73.8263,Riots,583
India,26.6284,73.8263,Violence against civilians,119
India,27.1334,80.7821,Explosions/Remote violence,20
India,27.1334,80.7821,Riots,2711
India,27.1334,80.7821,Violence against civilians,644
India,27.5982,88.4505,Riots,30
India,27.5982,88.4505,Violence against civilians,11
India,28.0279,95.055,Explosions/Remote violence,5
India,28.0279,95.055,Riots,125
India,28.0279,95.055,Violence against civilians,61
India,28.6453,77.1233,Explosions/Remote violence,5
India,28.6453,77.1233,Riots,465
India,28.6453,77.1233,Violence against civilians,61
India,29.2937,76.0525,Explosions/Remote violence,4
India,29.2937,76.0525,Riots,780
India,29.2937,76.0525,Violence against civilians,170
India,29.996,79.237,Riots,247
India,29.996,79.237,Violence against civilians,25
India,30.7261,76.7873,Explosions/Remote violence,1
India,30.7261,76.7873,Riots,118
India,30.7261,76.7873,Violence against civilians,16
India,31.0242,75.5815,Explosions/Remote violence,35
India,31.0242,75.5815,Riots,1304
India,31.0242,75.5815,Violence against civilians,520
India,31.8158,77.3219,Riots,145
India,31.8158,77.3219,Violence against civilians,16
India,33.5308,75.1814,Explosions/Remote violence,630
India,33.5308,75.1814,Riots,2878
India,33.5308,75.1814,Violence against civilians,959
India,33.9276,77.3887,Explosions/Remote violence,1
India,33.9276,77.3887,Riots,1
India,33.9276,77.3887,Violence against civilians,2
Indonesia,-8.5943,117.2596,Riots,104
Indonesia,-8.5943,117.2596,Violence against civilians,7
Indonesia,-8.5127,120.5925,Riots,35
Indonesia,-8.5127,120.5925,Violence against civilians,26
Indonesia,-8.457,115.2709,Riots,15
Indonesia,-8.457,115.2709,Violence against civilians,5
Indonesia,-7.8757,110.4123,Riots,26
Indonesia,-7.8757,110.4123,Violence against civilians,9
Indonesia,-7.762,112.2764,Explosions/Remote violence,5
Indonesia,-7.762,112.2764,Riots,167
Indonesia,-7.762,112.2764,Violence against civilians,30
Indonesia,-7.3101,109.8819,Riots,105
Indonesia,-7.3101,109.8819,Violence against civilians,22
Indonesia,-6.8686,107.6533,Explosions/Remote violence,4
Indonesia,-6.8686,107.6533,Riots,176
Indonesia,-6.8686,107.6533,Violence against civilians,26
Indonesia,-6.8596,139.7925,Riots,15
Indonesia,-6.8596,139.7925,Violence against civilians,39
Indonesia,-6.4392,106.1329,Explosions/Remote violence,1
Indonesia,-6.4392,106.1329,Riots,45
Indonesia,-6.4392,106.1329,Violence against civilians,9
Indonesia,-6.233,106.8455,Explosions/Remote violence,8
Indonesia,-6.233,106.8455,Riots,157
Indonesia,-6.233,106.8455,Violence against civilians,26
Indonesia,-4.8329,105.1106,Riots,39
Indonesia,-4.8329,105.1106,Violence against civilians,11
Indonesia,-4.2368,139.3379,Explosions/Remote violence,33
Indonesia,-4.2368,139.3379,Riots,106
Indonesia,-4.2368,139.3379,Violence against civilians,223
Indonesia,-3.8083,136.7429,Explosions/Remote violence,21
Indonesia,-3.8083,136.7429,Riots,96
Indonesia,-3.8083,136.7429,Violence against civilians,327
Indonesia,-3.8032,121.8134,Riots,59
Indonesia,-3.8032,121.8134,Violence against civilians,14
Indonesia,-3.7903,119.9488,Explosions/Remote violence,1
Indonesia,-3.7903,119.9488,Riots,158
Indonesia,-3.7903,119.9488,Violence against civilians,19
Indonesia,-3.6009,102.4738,Explosions/Remote violence,1
Indonesia,-3.6009,102.4738,Riots,20
Indonesia,-3.6009,102.4738,Violence against civilians,3
Indonesia,-3.4506,126.6507,Explosions/Remote violence,1
Indonesia,-3.4506,126.6507,Riots,47
Indonesia,-3.4506,126.6507,Violence against civilians,12
Indonesia,-3.2762,104.281,Riots,45
Indonesia,-3.2762,104.281,Violence against civilians,9
Indonesia,-2.8967,107.9086,Riots,14
Indonesia,-2.8967,107.9086,Violence against civilians,2
Indonesia,-2.7405,115.5426,Riots,4
Indonesia,-2.7405,115.5426,Violence against civilians,6
Indonesia,-2.7038,138.5058,Explosions/Remote violence,1
Indonesia,-2.7038,138.5058,Riots,58
Indonesia,-2.7038,138.5058,Violence against civilians,63
Indonesia,-2.4847,134.0397,Riots,28
Indonesia,-2.4847,134.0397,Violence against civilians,37
Indonesia,-2.2144,119.3808,Riots,39
Indonesia,-2.2144,119.3808,Violence against civilians,5
Indonesia,-1.8329,124.83,Riots,20
Indonesia,-1.8329,124.83,Violence against civilians,3
Indonesia,-1.7571,102.4866,Riots,42
Indonesia,-1.7571,102.4866,Violence against civilians,9
Indonesia,-1.373,113.474,Riots,10
Indonesia,-1.373,113.474,Violence against civilians,1
Indonesia,-1.3106,131.5267,Explosions/Remote violence,1
Indonesia,-1.3106,131.5267,Riots,32
Indonesia,-1.3106,131.5267,Violence against civilians,40
Indonesia,-0.9595,119.9309,Riots,25
Indonesia,-0.9595,119.9309,Violence against civilians,18
Indonesia,-0.7937,100.8846,Riots,24
Indonesia,-0.7937,100.8846,Violence against civilians,6
Indonesia,-0.4788,111.1109,Explosions/Remote violence,1
Indonesia,-0.4788,111.1109,Riots,18
Indonesia,-0.4788,111.1109,Violence against civilians,3
Indonesia,0.0947,116.1271,Riots,14
Indonesia,0.0947,116.1271,Violence against civilians,9
Indonesia,0.6723,122.2557,Riots,8
Indonesia,0.6723,122.2557,Violence against civilians,4
Indonesia,0.7167,101.5568,Riots,38
Indonesia,0.7167,101.5568,Violence against civilians,8
Indonesia,1.0221,124.6107,Riots,14
Indonesia,1.0221,124.6107,Violence against civilians,10
Indonesia,2.2814,99.234,Explosions/Remote violence,3
Indonesia,2.2814,99.234,Riots,111
Indonesia,2.2814,99.234,Violence against civilians,43
Indonesia,2.7275,116.4554,Riots,4
Indonesia,2.7275,116.4554,Violence against civilians,1
Indonesia,3.9083,97.125,Explosions/Remote violence,2
Indonesia,3.9083,97.125,Riots,46
Indonesia,3.9083,97.125,Violence against civilians,45
Indonesia,3.9327,108.1946,Riots,17
Indonesia,3.9327,108.1946,Violence against civilians,10
Japan,24.3463,123.8467,Riots,5
Japan,33.9099,135.3431,Explosions/Remote violence,1
Japan,34.32,135.8968,Violence against civilians,1
Japan,34.6509,132.7662,Riots,3
Japan,35.6998,139.4913,Riots,7
Japan,35.6998,139.4913,Violence against civilians,1
Japan,36.801,136.7906,Riots,1
Laos,14.6895,105.8871,Explosions/Remote violence,1
Laos,14.6895,105.8871,Violence against civilians,2
Laos,15.6087,107.013,Riots,1
Laos,15.6087,107.013,Violence against civilians,1
Laos,15.9131,106.3312,Violence against civilians,1
Laos,16.5,105.7157,Violence against civilians,1
Laos,18.122,102.6504,Explosions/Remote violence,1
Laos,18.122,102.6504,Violence against civilians,6
Laos,18.6256,102.2227,Violence against civilians,2
Laos,18.8832,103.0482,Explosions/Remote violence,1
Laos,18.8832,103.0482,Violence against civilians,3
Laos,19.4275,103.3767,Violence against civilians,1
Laos,20.0948,102.6498,Violence against civilians,3
Malaysia,2.0508,103.3031,Riots,4
Malaysia,2.0508,103.3031,Violence against civilians,5
Malaysia,2.3039,102.2935,Riots,1
Malaysia,2.8386,102.2253,Riots,1
Malaysia,2.8386,102.2253,Violence against civilians,4
Malaysia,2.925,113.6584,Riots,5
Malaysia,2.925,113.6584,Violence against civilians,2
Malaysia,2.926,101.689,Violence against civilians,1
Malaysia,3.1414,101.681,Riots,7
Malaysia,3.1414,101.681,Violence against civilians,4
Malaysia,3.2341,101.4774,Riots,13
Malaysia,3.2341,101.4774,Violence against civilians,12
Malaysia,3.6239,102.5917,Riots,2
Malaysia,3.6239,102.5917,Violence against civilians,4
Malaysia,4.8014,101.0249,Riots,2
Malaysia,4.8014,101.0249,Violence against civilians,3
Malaysia,4.8934,102.9795,Violence against civilians,2
Malaysia,5.356,100.4622,Riots,2
Malaysia,5.356,100.4622,Violence against civilians,7
Malaysia,5.4068,102.0664,Explosions/Remote violence,1
Malaysia,5.4068,102.0664,Riots,1
Malaysia,5.4068,102.0664,Violence against civilians,3
Malaysia,5.5748,117.2142,Riots,2
Malaysia,5.5748,117.2142,Violence against civilians,9
Malaysia,5.8102,100.6778,Riots,3
Malaysia,5.8102,100.6778,Violence against civilians,3
Malaysia,6.4905,100.2665,Violence against civilians,1
Maldives,-0.6944,73.1566,Riots,2
Maldives,-0.2948,73.4241,Riots,1
Maldives,0.2271,73.2733,Riots,3
Maldives,0.4997,73.5484,Riots,2
Maldives,2.1189,73.5644,Riots,1
Maldives,2.1462,73.0288,Riots,1
Maldives,2.8473,72.903,Riots,1
Maldives,3.6152,73.587,Riots,1
Maldives,4.2034,73.5397,Explosions/Remote violence,1
Maldives,4.2034,73.5397,Riots,9
Maldives,4.2034,73.5397,Violence against civilians,3
Maldives,4.4367,72.9591,Riots,1
Maldives,4.8719,72.9979,Riots,1
Maldives,4.9564,73.4632,Riots,3
Maldives,4.9564,73.4632,Violence against civilians,1
Maldives,5.6609,72.7682,Riots,1
Maldives,5.824,73.4768,Riots,2
Maldives,6.3024,73.1088,Riots,1
Mongolia,43.4315,103.6995,Riots,2
Mongolia,46.2665,113.8549,Riots,1
Mongolia,47.9527,106.9548,Riots,3
Mongolia,47.9527,106.9548,Violence against civilians,3
Mongolia,48.8206,103.2183,Violence against civilians,1
Myanmar,12.5406,99.0665,Explosions/Remote violence,946
Myanmar,12.5406,99.0665,Riots,2
Myanmar,12.5406,99.0665,Violence against civilians,704
Myanmar,17.0528,96.1147,Explosions/Remote violence,1469
Myanmar,17.0528,96.1147,Riots,49
Myanmar,17.0528,96.1147,Violence against civilians,772
Myanmar,17.1075,95.1442,Explosions/Remote violence,312
Myanmar,17.1075,95.1442,Riots,8
Myanmar,17.1075,95.1442,Violence against civilians,267
Myanmar,17.1104,97.3547,Explosions/Remote violence,1026
Myanmar,17.1104,97.3547,Riots,6
Myanmar,17.1104,97.3547,Violence against civilians,399
Myanmar,17.3688,97.7871,Explosions/Remote violence,1234
Myanmar,17.3688,97.7871,Riots,1
Myanmar,17.3688,97.7871,Violence against civilians,219
Myanmar,18.1932,96.618,Explosions/Remote violence,1718
Myanmar,18.1932,96.618,Riots,6
Myanmar,18.1932,96.618,Violence against civilians,262
Myanmar,18.3281,95.6418,Explosions/Remote violence,338
Myanmar,18.3281,95.6418,Riots,15
Myanmar,18.3281,95.6418,Violence against civilians,585
Myanmar,19.2447,97.3195,Explosions/Remote violence,515
Myanmar,19.2447,97.3195,Riots,2
Myanmar,19.2447,97.3195,Violence against civilians,124
Myanmar,19.4094,94.2324,Explosions/Remote violence,1932
Myanmar,19.4094,94.2324,Riots,53
Myanmar,19.4094,94.2324,Violence against civilians,964
Myanmar,19.8671,96.1286,Explosions/Remote violence,77
Myanmar,19.8671,96.1286,Riots,5
Myanmar,19.8671,96.1286,Violence against civilians,49
Myanmar,20.8068,97.5304,Explosions/Remote violence,624
Myanmar,20.8068,97.5304,Riots,2
Myanmar,20.8068,97.5304,Violence against civilians,398
Myanmar,20.8101,94.5426,Explosions/Remote violence,2254
Myanmar,20.8101,94.5426,Riots,12
Myanmar,20.8101,94.5426,Violence against civilians,1048
Myanmar,20.9398,99.5081,Explosions/Remote violence,32
Myanmar,20.9398,99.5081,Violence against civilians,24
Myanmar,21.9374,96.4122,Explosions/Remote violence,2280
Myanmar,21.9374,96.4122,Riots,35
Myanmar,21.9374,96.4122,Violence against civilians,1348
Myanmar,22.3745,93.6043,Explosions/Remote violence,477
Myanmar,22.3745,93.6043,Riots,1
Myanmar,22.3745,93.6043,Violence against civilians,226
Myanmar,22.8216,98.0067,Explosions/Remote violence,1913
Myanmar,22.8216,98.0067,Riots,7
Myanmar,22.8216,98.0067,Violence against civilians,871
Myanmar,24.4759,95.4768,Explosions/Remote violence,5271
Myanmar,24.4759,95.4768,Riots,31
Myanmar,24.4759,95.4768,Violence against civilians,2363
Myanmar,26.0894,97.3736,Explosions/Remote violence,1604
Myanmar,26.0894,97.3736,Riots,10
Myanmar,26.0894,97.3736,Violence against civilians,639
Nepal,26.9437,85.607,Explosions/Remote violence,60
Nepal,26.9437,85.607,Riots,1516
Nepal,26.9437,85.607,Violence against civilians,179
Nepal,27.2278,87.18,Explosions/Remote violence,91
Nepal,27.2278,87.18,Riots,685
Nepal,27.2278,87.18,Violence against civilians,93
Nepal,27.6525,85.393,Explosions/Remote violence,64
Nepal,27.6525,85.393,Riots,1130
Nepal,27.6525,85.393,Violence against civilians,124
Nepal,28.1,82.5221,Explosions/Remote violence,68
Nepal,28.1,82.5221,Riots,476
Nepal,28.1,82.5221,Violence against civilians,94
Nepal,28.3824,84.036,Explosions/Remote violence,32
Nepal,28.3824,84.036,Riots,309
Nepal,28.3824,84.036,Violence against civilians,48
Nepal,29.2983,82.4752,Explosions/Remote violence,28
Nepal,29.2983,82.4752,Riots,358
Nepal,29.2983,82.4752,Violence against civilians,65
Nepal,29.3068,80.9111,Explosions/Remote violence,29
Nepal,29.3068,80.9111,Riots,455
Nepal,29.3068,80.9111,Violence against civilians,43
New Caledonia,-21.7938,166.1205,Riots,95
New Caledonia,-20.9603,167.2022,Riots,4
New Caledonia,-20.8426,164.8672,Riots,27
New Zealand,-45.3162,169.6237,Riots,1
New Zealand,-43.5833,171.6677,Riots,1
New Zealand,-41.2539,174.7275,Riots,6
New Zealand,-41.1978,173.0498,Riots,1
New Zealand,-39.3178,174.3689,Riots,2
New Zealand,-38.058,175.429,Riots,1
New Zealand,-36.8873,174.71,Riots,2
New Zealand,-36.8873,174.71,Violence against civilians,1
North Korea,35.3866,123.2984,Violence against civilians,1
North Korea,38.1911,125.4195,Violence against civilians,2
North Korea,38.4705,126.206,Explosions/Remote violence,1
North Korea,38.4705,126.206,Violence against civilians,1
North Korea,38.7879,127.5079,Violence against civilians,1
North Korea,38.8482,125.3346,Violence against civilians,1
North Korea,39.0861,125.9289,Explosions/Remote violence,1
North Korea,39.0861,125.9289,Violence against civilians,15
North Korea,39.6251,126.1661,Riots,1
North Korea,39.6251,126.1661,Violence against civilians,2
North Korea,39.7231,134.3949,Riots,1
North Korea,40.0876,125.2428,Violence against civilians,1
North Korea,40.8996,126.7111,Violence against civilians,3
North Korea,41.2585,128.083,Riots,2
North Korea,41.2585,128.083,Violence against civilians,15
North Korea,41.7905,129.3952,Violence against civilians,9
North Korea,42.3951,130.4761,Violence against civilians,2
Pakistan,26.1083,68.7499,Explosions/Remote violence,504
Pakistan,26.1083,68.7499,Riots,1788
Pakistan,26.1083,68.7499,Violence against civilians,1804
Pakistan,28.4595,65.8155,Explosions/Remote violence,2345
Pakistan,28.4595,65.8155,Riots,290
Pakistan,28.4595,65.8155,Violence against civilians,2088
Pakistan,30.873,72.3124,Explosions/Remote violence,168
Pakistan,30.873,72.3124,Riots,1601
Pakistan,30.873,72.3124,Violence against civilians,703
Pakistan,33.6493,73.0128,Explosions/Remote violence,19
Pakistan,33.6493,73.0128,Riots,178
Pakistan,33.6493,73.0128,Violence against civilians,80
Pakistan,33.77,70.7,Explosions/Remote violence,2083
Pakistan,33.77,70.7,Riots,14
Pakistan,33.77,70.7,Violence against civilians,220
Pakistan,33.9425,73.891,Explosions/Remote violence,80
Pakistan,33.9425,73.891,Riots,63
Pakistan,33.9425,73.891,Violence against civilians,35
Pakistan,33.9926,71.6722,Explosions/Remote violence,2000
Pakistan,33.9926,71.6722,Riots,613
Pakistan,33.9926,71.6722,Violence against civilians,1334
Pakistan,35.8009,74.8562,Explosions/Remote violence,7
Pakistan,35.8009,74.8562,Riots,29
Pakistan,35.8009,74.8562,Violence against civilians,14
Papua New Guinea,-10.1512,149.9632,Riots,8
Papua New Guinea,-10.1512,149.9632,Violence against civilians,5
Papua New Guinea,-9.4413,147.2134,Riots,94
Papua New Guinea,-9.4413,147.2134,Violence against civilians,7
Papua New Guinea,-9.0645,147.3392,Explosions/Remote violence,1
Papua New Guinea,-9.0645,147.3392,Riots,11
Papua New Guinea,-9.0645,147.3392,Violence against civilians,2
Papua New Guinea,-8.9867,148.0868,Riots,9
Papua New Guinea,-8.9867,148.0868,Violence against civilians,1
Papua New Guinea,-7.6487,145.6607,Riots,8
Papua New Guinea,-7.2117,142.1038,Riots,11
Papua New Guinea,-7.2117,142.1038,Violence against civilians,5
Papua New Guinea,-6.9391,146.46,Riots,118
Papua New Guinea,-6.9391,146.46,Violence against civilians,5
Papua New Guinea,-6.4697,145.5372,Explosions/Remote violence,1
Papua New Guinea,-6.4697,145.5372,Riots,32
Papua New Guinea,-6.3527,143.8119,Riots,22
Papua New Guinea,-6.3527,143.8119,Violence against civilians,3
Papua New Guinea,-6.3217,144.9475,Riots,23
Papua New Guinea,-6.3217,144.9475,Violence against civilians,3
Papua New Guinea,-6.1409,155.2056,Riots,7
Papua New Guinea,-5.8239,144.5801,Riots,15
Papua New Guinea,-5.8239,144.5801,Violence against civilians,1
Papua New Guinea,-5.7121,144.276,Riots,45
Papua New Guinea,-5.6313,142.5779,Riots,36
Papua New Guinea,-5.6313,142.5779,Violence against civilians,2
Papua New Guinea,-5.6063,149.6389,Riots,16
Papua New Guinea,-5.6063,149.6389,Violence against civilians,2
Papua New Guinea,-5.4929,143.3725,Explosions/Remote violence,1
Papua New Guinea,-5.4929,143.3725,Riots,164
Papua New Guinea,-5.4929,143.3725,Violence against civilians,4
Papua New Guinea,-5.1046,151.6213,Riots,38
Papua New Guinea,-4.9992,144.8976,Riots,45
Papua New Guinea,-4.9992,144.8976,Violence against civilians,10
Papua New Guinea,-4.1634,143.0259,Riots,50
Papua New Guinea,-4.1634,143.0259,Violence against civilians,6
Papua New Guinea,-3.9888,142.1496,Riots,4
Papua New Guinea,-2.5209,150.2433,Riots,6
Papua New Guinea,-2.5209,150.2433,Violence against civilians,2
Papua New Guinea,-2.1045,146.9339,Riots,3
Papua New Guinea,-2.1045,146.9339,Violence against civilians,1
Philippines,5.9742,121.1565,Explosions/Remote violence,284
Philippines,5.9742,121.1565,Riots,25
Philippines,5.9742,121.1565,Violence against civilians,484
Philippines,6.6035,124.4214,Explosions/Remote violence,74
Philippines,6.6035,124.4214,Riots,4
Philippines,6.6035,124.4214,Violence against civilians,345
Philippines,6.7793,125.2197,Explosions/Remote violence,17
Philippines,6.7793,125.2197,Riots,2
Philippines,6.7793,125.2197,Violence against civilians,287
Philippines,7.8086,122.7851,Explosions/Remote violence,26
Philippines,7.8086,122.7851,Riots,1
Philippines,7.8086,122.7851,Violence against civilians,256
Philippines,8.2466,124.7935,Explosions/Remote violence,48
Philippines,8.2466,124.7935,Riots,3
Philippines,8.2466,124.7935,Violence against civilians,196
Philippines,8.8721,125.7841,Explosions/Remote violence,3
Philippines,8.8721,125.7841,Riots,1
Philippines,8.8721,125.7841,Violence against civilians,165
Philippines,9.8816,124.2056,Explosions/Remote violence,4
Philippines,9.8816,124.2056,Riots,6
Philippines,9.8816,124.2056,Violence against civilians,966
Philippines,11.177,122.5309,Explosions/Remote violence,11
Philippines,11.177,122.5309,Riots,4
Philippines,11.177,122.5309,Violence against civilians,475
Philippines,11.8005,125.1663,Explosions/Remote violence,19
Philippines,11.8005,125.1663,Riots,1
Philippines,11.8005,125.1663,Violence against civilians,229
Philippines,12.8703,121.134,Explosions/Remote violence,15
Philippines,12.8703,121.134,Riots,3
Philippines,12.8703,121.134,Violence against civilians,65
Philippines,13.4419,123.4386,Explosions/Remote violence,33
Philippines,13.4419,123.4386,Violence against civilians,441
Philippines,14.1907,121.1633,Explosions/Remote violence,13
Philippines,14.1907,121.1633,Riots,8
Philippines,14.1907,121.1633,Violence against civilians,1303
Philippines,14.5678,121.04,Explosions/Remote violence,9
Philippines,14.5678,121.04,Riots,45
Philippines,14.5678,121.04,Violence against civilians,1841
Philippines,15.4589,120.6956,Explosions/Remote violence,16
Philippines,15.4589,120.6956,Riots,6
Philippines,15.4589,120.6956,Violence against civilians,1540
Philippines,17.1342,120.6136,Explosions/Remote violence,6
Philippines,17.1342,120.6136,Riots,1
Philippines,17.1342,120.6136,Violence against civilians,403
Philippines,17.1911,121.9856,Explosions/Remote violence,9
Philippines,17.1911,121.9856,Riots,1
Philippines,17.1911,121.9856,Violence against civilians,321
Philippines,17.3668,121.0635,Explosions/Remote violence,16
Philippines,17.3668,121.0635,Riots,5
Philippines,17.3668,121.0635,Violence against civilians,141
Samoa,-13.9042,-171.8262,Riots,1
Samoa,-13.8813,-171.9636,Violence against civilians,1
Samoa,-13.5468,-172.4994,Riots,1
Solomon Islands,-10.7178,165.9313,Riots,1
Solomon Islands,-9.6268,160.1568,Riots,8
Solomon Islands,-9.6268,160.1568,Violence against civilians,2
Solomon Islands,-9.0197,160.9688,Riots,2
Solomon Islands,-9.0197,160.9688,Violence against civilians,1
Solomon Islands,-8.1976,157.3615,Riots,2
Solomon Islands,-8.1976,157.3615,Violence against civilians,1
South Korea,33.3806,126.5474,Riots,11
South Korea,34.8793,127.0284,Riots,2
South Korea,35.2018,129.0779,Riots,15
South Korea,35.2018,129.0779,Violence against civilians,2
South Korea,35.2135,126.9155,Riots,9
South Korea,35.3454,128.4493,Riots,14
South Korea,35.3454,128.4493,Violence against civilians,2
South Korea,35.5008,129.1907,Riots,17
South Korea,35.7081,127.1419,Riots,9
South Korea,35.9226,128.644,Riots,5
South Korea,35.9226,128.644,Violence against civilians,1
South Korea,36.3092,128.6071,Riots,24
South Korea,36.3254,127.3805,Riots,5
South Korea,36.4937,126.7827,Riots,10
South Korea,36.5917,127.1557,Riots,4
South Korea,36.5922,127.5307,Riots,17
South Korea,37.4657,126.6878,Riots,6
South Korea,37.5388,127.455,Explosions/Remote violence,2
South Korea,37.5388,127.455,Riots,33
South Korea,37.5545,127.0028,Riots,137
South Korea,37.5545,127.0028,Violence against civilians,3
South Korea,37.6171,128.3023,Riots,13
Sri Lanka,6.2501,80.4608,Explosions/Remote violence,1
Sri Lanka,6.2501,80.4608,Riots,93
Sri Lanka,6.2501,80.4608,Violence against civilians,38
Sri Lanka,6.8134,80.3364,Explosions/Remote violence,5
Sri Lanka,6.8134,80.3364,Riots,39
Sri Lanka,6.8134,80.3364,Violence against civilians,19
Sri Lanka,6.8275,80.0326,Explosions/Remote violence,15
Sri Lanka,6.8275,80.0326,Riots,240
Sri Lanka,6.8275,80.0326,Violence against civilians,87
Sri Lanka,6.9631,81.2387,Riots,39
Sri Lanka,6.9631,81.2387,Violence against civilians,19
Sri Lanka,7.3824,80.7237,Explosions/Remote violence,4
Sri Lanka,7.3824,80.7237,Riots,93
Sri Lanka,7.3824,80.7237,Violence against civilians,26
Sri Lanka,7.7527,81.4615,Explosions/Remote violence,8
Sri Lanka,7.7527,81.4615,Riots,86
Sri Lanka,7.7527,81.4615,Violence against civilians,36
Sri Lanka,7.9108,80.1078,Explosions/Remote violence,10
Sri Lanka,7.9108,80.1078,Riots,97
Sri Lanka,7.9108,80.1078,Violence against civilians,32
Sri Lanka,8.2816,80.4848,Explosions/Remote violence,6
Sri Lanka,8.2816,80.4848,Riots,66
Sri Lanka,8.2816,80.4848,Violence against civilians,23
Sri Lanka,9.1777,80.4814,Explosions/Remote violence,30
Sri Lanka,9.1777,80.4814,Riots,121
Sri Lanka,9.1777,80.4814,Violence against civilians,122
Taiwan,22.3898,120.6569,Riots,2
Taiwan,22.837,121.0261,Riots,1
Taiwan,22.9732,120.6356,Riots,7
Taiwan,23.1492,120.3425,Riots,1
Taiwan,23.4256,120.5098,Riots,1
Taiwan,23.6692,120.4005,Riots,2
Taiwan,23.6692,120.4005,Violence against civilians,1
Taiwan,23.8408,120.9311,Riots,1
Taiwan,23.9911,120.4962,Riots,5
Taiwan,24.2201,120.8179,Riots,3
Taiwan,24.5148,120.8753,Riots,4
Taiwan,24.6871,121.1495,Riots,3
Taiwan,24.8538,121.2561,Riots,3
Taiwan,24.8538,121.2561,Violence against civilians,1
Taiwan,24.9864,121.7713,Riots,7
Taiwan,25.0863,121.5641,Riots,51
Taiwan,25.0863,121.5641,Violence against civilians,2
Taiwan,25.1156,121.708,Riots,1
Thailand,6.149,101.2377,Explosions/Remote violence,622
Thailand,6.149,101.2377,Riots,2
Thailand,6.149,101.2377,Violence against civilians,279
Thailand,6.1853,101.7333,Explosions/Remote violence,1108
Thailand,6.1853,101.7333,Riots,2
Thailand,6.1853,101.7333,Violence against civilians,391
Thailand,6.7271,101.3344,Explosions/Remote violence,760
Thailand,6.7271,101.3344,Riots,2
Thailand,6.7271,101.3344,Violence against civilians,581
Thailand,6.7848,100.0002,Explosions/Remote violence,3
Thailand,6.7848,100.0002,Riots,2
Thailand,6.7848,100.0002,Violence against civilians,4
Thailand,6.7999,100.6169,Explosions/Remote violence,67
Thailand,6.7999,100.6169,Riots,3
Thailand,6.7999,100.6169,Violence against civilians,69
Thailand,7.4984,100.0212,Explosions/Remote violence,3
Thailand,7.4984,100.0212,Violence against civilians,19
Thailand,7.5242,99.5684,Explosions/Remote violence,1
Thailand,7.5242,99.5684,Riots,1
Thailand,7.5242,99.5684,Violence against civilians,11
Thailand,7.9781,98.3364,Explosions/Remote violence,2
Thailand,7.9781,98.3364,Riots,9
Thailand,7.9781,98.3364,Violence against civilians,3
Thailand,8.165,99.023,Violence against civilians,13
Thailand,8.56,99.7015,Explosions/Remote violence,1
Thailand,8.56,99.7015,Riots,4
Thailand,8.56,99.7015,Violence against civilians,18
Thailand,8.7439,98.4287,Explosions/Remote violence,1
Thailand,8.7439,98.4287,Riots,1
Thailand,8.7439,98.4287,Violence against civilians,2
Thailand,9.0522,99.1143,Explosions/Remote violence,5
Thailand,9.0522,99.1143,Riots,4
Thailand,9.0522,99.1143,Violence against civilians,10
Thailand,10.047,98.7691,Explosions/Remote violence,1
Thailand,10.047,98.7691,Riots,1
Thailand,10.047,98.7691,Violence against civilians,1
Thailand,10.3206,99.0456,Violence against civilians,8
Thailand,11.7938,99.7258,Explosions/Remote violence,2
Thailand,11.7938,99.7258,Riots,2
Thailand,11.7938,99.7258,Violence against civilians,1
Thailand,12.2032,102.4208,Explosions/Remote violence,1
Thailand,12.2032,102.4208,Violence against civilians,6
Thailand,12.8204,102.1751,Explosions/Remote violence,1
Thailand,12.8204,102.1751,Violence against civilians,3
Thailand,12.8624,101.4431,Explosions/Remote violence,3
Thailand,12.8624,101.4431,Violence against civilians,2
Thailand,12.9379,99.601,Explosions/Remote violence,1
Thailand,12.9379,99.601,Riots,1
Thailand,12.9379,99.601,Violence against civilians,7
Thailand,13.0916,101.2277,Explosions/Remote violence,1
Thailand,13.0916,101.2277,Riots,2
Thailand,13.0916,101.2277,Violence against civilians,6
Thailand,13.375,99.9322,Explosions/Remote violence,1
Thailand,13.375,99.9322,Violence against civilians,1
Thailand,13.5428,99.6187,Riots,2
Thailand,13.5428,99.6187,Violence against civilians,9
Thailand,13.5687,100.2164,Riots,1
Thailand,13.5687,100.2164,Violence against civilians,1
Thailand,13.5726,101.5904,Explosions/Remote violence,1
Thailand,13.5726,101.5904,Riots,1
Thailand,13.5726,101.5904,Violence against civilians,3
Thailand,13.5987,100.7632,Explosions/Remote violence,3
Thailand,13.5987,100.7632,Riots,1
Thailand,13.5987,100.7632,Violence against civilians,4
Thailand,13.6722,102.2824,Explosions/Remote violence,3
Thailand,13.6722,102.2824,Riots,4
Thailand,13.6722,102.2824,Violence against civilians,8
Thailand,13.7285,100.6043,Explosions/Remote violence,75
Thailand,13.7285,100.6043,Riots,143
Thailand,13.7285,100.6043,Violence against civilians,43
Thailand,13.9168,100.1097,Explosions/Remote violence,1
Thailand,13.9168,100.1097,Riots,1
Thailand,13.9168,100.1097,Violence against civilians,8
Thailand,13.9657,100.3823,Explosions/Remote violence,8
Thailand,13.9657,100.3823,Riots,4
Thailand,13.9657,100.3823,Violence against civilians,6
Thailand,14.0232,101.6456,Explosions/Remote violence,1
Thailand,14.0232,101.6456,Violence against civilians,4
Thailand,14.1011,100.628,Explosions/Remote violence,7
Thailand,14.1011,100.628,Riots,9
Thailand,14.1011,100.628,Violence against civilians,3
Thailand,14.2307,101.1631,Explosions/Remote violence,1
Thailand,14.3985,100.53,Explosions/Remote violence,7
Thailand,14.3985,100.53,Riots,1
Thailand,14.3985,100.53,Violence against civilians,3
Thailand,14.57,100.0415,Explosions/Remote violence,2
Thailand,14.57,100.0415,Riots,1
Thailand,14.57,100.0415,Violence against civilians,1
Thailand,14.6203,100.8914,Violence against civilians,1
Thailand,14.6221,100.3599,Explosions/Remote violence,1
Thailand,14.6221,100.3599,Violence against civilians,1
Thailand,14.6945,98.9054,Riots,1
Thailand,14.6945,98.9054,Violence against civilians,1
Thailand,14.9044,103.6678,Explosions/Remote violence,10
Thailand,14.9044,103.6678,Riots,1
Thailand,14.9044,103.6678,Violence against civilians,19
Thailand,14.9429,100.3266,Violence against civilians,1
Thailand,14.9475,104.3348,Explosions/Remote violence,6
Thailand,14.9475,104.3348,Riots,1
Thailand,14.9475,104.3348,Violence against civilians,18
Thailand,14.9488,101.9895,Violence against civilians,2
Thailand,14.9629,103.0702,Explosions/Remote violence,2
Thailand,14.9629,103.0702,Riots,2
Thailand,15.0739,100.8886,Explosions/Remote violence,2
Thailand,15.0739,100.8886,Riots,1
Thailand,15.0739,100.8886,Violence against civilians,2
Thailand,15.1537,105.1065,Explosions/Remote violence,8
Thailand,15.1537,105.1065,Riots,1
Thailand,15.1537,105.1065,Violence against civilians,8
Thailand,15.1653,100.0283,Explosions/Remote violence,1
Thailand,15.1653,100.0283,Riots,1
Thailand,15.1653,100.0283,Violence against civilians,2
Thailand,15.7002,100.057,Violence against civilians,5
Thailand,16.2061,101.0107,Explosions/Remote violence,1
Thailand,16.2061,101.0107,Violence against civilians,2
Thailand,16.249,100.3632,Riots,1
Thailand,16.336,99.5199,Riots,1
Thailand,16.3485,102.6835,Explosions/Remote violence,2
Thailand,16.3485,102.6835,Riots,4
Thailand,16.3485,102.6835,Violence against civilians,1
Thailand,16.4677,98.8178,Explosions/Remote violence,2
Thailand,16.4677,98.8178,Riots,2
Thailand,16.4677,98.8178,Violence against civilians,4
Thailand,16.5412,104.4823,Riots,1
Thailand,16.5412,104.4823,Violence against civilians,1
Thailand,16.6464,103.6707,Riots,1
Thailand,17.0525,100.5269,Explosions/Remote violence,1
Thailand,17.2518,99.7125,Explosions/Remote violence,1
Thailand,17.2518,99.7125,Violence against civilians,2
Thailand,17.4164,104.6013,Violence against civilians,3
Thailand,17.4571,102.8362,Riots,2
Thailand,17.4571,102.8362,Violence against civilians,2
Thailand,17.4889,101.648,Riots,1
Thailand,17.4889,101.648,Violence against civilians,4
Thailand,17.7755,100.4638,Explosions/Remote violence,1
Thailand,17.7755,100.4638,Violence against civilians,1
Thailand,17.9461,103.1112,Riots,1
Thailand,17.9461,103.1112,Violence against civilians,1
Thailand,18.2503,100.1671,Riots,1
Thailand,18.3589,99.5584,Explosions/Remote violence,1
Thailand,18.3589,99.5584,Riots,1
Thailand,18.3589,99.5584,Violence against civilians,2
Thailand,18.6906,97.9402,Explosions/Remote violence,1
Thailand,18.6906,97.9402,Violence against civilians,1
Thailand,18.6958,98.617,Explosions/Remote violence,8
Thailand,18.6958,98.617,Riots,7
Thailand,18.6958,98.617,Violence against civilians,6
Thailand,18.824,100.7933,Riots,1
Thailand,18.824,100.7933,Violence against civilians,1
Thailand,19.734,99.8852,Riots,1
Thailand,19.734,99.8852,Violence against civilians,6
Vanuatu,-19.4862,169.3358,Riots,1
Vanuatu,-15.374,167.8285,Riots,1
Vietnam,9.5983,105.8575,Violence against civilians,1
Vietnam,9.8306,105.6647,Violence against civilians,1
Vietnam,9.9821,105.2839,Riots,1
Vietnam,9.9821,105.2839,Violence against civilians,1
Vietnam,10.0724,106.5763,Violence against civilians,3
Vietnam,10.0961,105.5432,Violence against civilians,1
Vietnam,10.1354,105.9375,Violence against civilians,2
Vietnam,10.4169,106.1387,Violence against civilians,2
Vietnam,10.5359,107.2729,Riots,1
Vietnam,10.5359,107.2729,Violence against civilians,1
Vietnam,10.5537,105.7183,Violence against civilians,2
Vietnam,10.5864,105.1733,Violence against civilians,4
Vietnam,10.7255,106.6412,Riots,4
Vietnam,10.7255,106.6412,Violence against civilians,28
Vietnam,10.7391,106.099,Violence against civilians,1
Vietnam,11.0328,107.1746,Riots,2
Vietnam,11.0328,107.1746,Violence against civilians,7
Vietnam,11.0517,107.931,Riots,1
Vietnam,11.0517,107.931,Violence against civilians,1
Vietnam,11.1721,106.6646,Explosions/Remote violence,1
Vietnam,11.1721,106.6646,Riots,3
Vietnam,11.1721,106.6646,Violence against civilians,1
Vietnam,11.739,108.9516,Violence against civilians,1
Vietnam,11.7802,108.0802,Violence against civilians,5
Vietnam,11.7947,106.9188,Riots,1
Vietnam,12.2898,107.7893,Violence against civilians,2
Vietnam,12.3248,108.9498,Riots,2
Vietnam,12.3248,108.9498,Violence against civilians,4
Vietnam,12.8021,108.31,Violence against civilians,2
Vietnam,13.1971,109.0782,Violence against civilians,2
Vietnam,13.8113,108.1486,Violence against civilians,3
Vietnam,14.1266,108.9595,Riots,2
Vietnam,14.6764,108.0679,Violence against civilians,1
Vietnam,14.9763,108.6569,Riots,2
Vietnam,14.9763,108.6569,Violence against civilians,1
Vietnam,15.5194,108.0063,Riots,8
Vietnam,15.5194,108.0063,Violence against civilians,3
Vietnam,16.0709,108.0309,Riots,2
Vietnam,16.0709,108.0309,Violence against civilians,4
Vietnam,16.3693,107.4488,Violence against civilians,2
Vietnam,16.7182,106.9622,Violence against civilians,1
Vietnam,17.5115,106.2887,Violence against civilians,1
Vietnam,18.2979,105.6568,Riots,7
Vietnam,18.2979,105.6568,Violence against civilians,7
Vietnam,19.3,104.8436,Riots,2
Vietnam,19.3,104.8436,Violence against civilians,11
Vietnam,19.9733,105.5117,Violence against civilians,3
Vietnam,20.2221,106.2748,Riots,1
Vietnam,20.5097,106.0348,Violence against civilians,2
Vietnam,20.5187,106.4004,Violence against civilians,2
Vietnam,20.775,106.6552,Riots,2
Vietnam,20.775,106.6552,Violence against civilians,1
Vietnam,20.8134,106.0904,Riots,2
Vietnam,20.8134,106.0904,Violence against civilians,3
Vietnam,20.9866,105.7845,Riots,4
Vietnam,20.9866,105.7845,Violence against civilians,31
Vietnam,21.1383,106.178,Riots,1
Vietnam,21.2913,107.2388,Riots,2
Vietnam,21.3785,105.6462,Riots,1
Vietnam,21.3922,106.5436,Riots,1
Vietnam,21.3922,106.5436,Violence against civilians,2
Vietnam,21.6914,105.8946,Riots,1
Vietnam,21.6914,105.8946,Violence against civilians,3
Vietnam,21.7223,103.2845,Riots,7
Vietnam,21.9013,106.5987,Violence against civilians,2
Vietnam,22.0848,105.1833,Violence against civilians,2
Vietnam,22.3182,104.1876,Riots,1
Vietnam,22.7811,104.9606,Violence against civilians,1
Akrotiri and Dhekelia,35.0206,33.758,Riots,1
Albania,40.1474,19.7619,Explosions/Remote violence,1
Albania,40.1474,19.7619,Riots,4
Albania,40.1474,19.7619,Violence against civilians,3
Albania,40.1758,20.2249,Riots,5
Albania,40.1758,20.2249,Violence against civilians,1
Albania,40.5899,20.7267,Riots,5
Albania,40.5899,20.7267,Violence against civilians,1
Albania,40.6567,20.088,Riots,3
Albania,40.7396,19.5686,Riots,6
Albania,40.7396,19.5686,Violence against civilians,2
Albania,41.0618,20.1215,Riots,9
Albania,41.0618,20.1215,Violence against civilians,1
Albania,41.2532,19.8102,Explosions/Remote violence,5
Albania,41.2532,19.8102,Riots,106
Albania,41.2532,19.8102,Violence against civilians,14
Albania,41.4352,19.6217,Explosions/Remote violence,1
Albania,41.4352,19.6217,Riots,5
Albania,41.4352,19.6217,Violence against civilians,2
Albania,41.6084,20.186,Riots,5
Albania,41.6084,20.186,Violence against civilians,1
Albania,41.7908,19.8765,Explosions/Remote violence,1
Albania,41.7908,19.8765,Riots,3
Albania,41.7908,19.8765,Violence against civilians,3
Albania,42.1892,20.3556,Riots,5
Albania,42.2464,19.7066,Explosions/Remote violence,1
Albania,42.2464,19.7066,Riots,12
Albania,42.2464,19.7066,Violence against civilians,1
Andorra,42.4941,1.5082,Violence against civilians,1
Armenia,39.3523,46.1498,Explosions/Remote violence,26
Armenia,39.3523,46.1498,Riots,6
Armenia,39.3523,46.1498,Violence against civilians,14
Armenia,39.7515,45.4249,Explosions/Remote violence,58
Armenia,39.7515,45.4249,Riots,6
Armenia,39.7515,45.4249,Violence against civilians,2
Armenia,39.9541,44.8018,Explosions/Remote violence,38
Armenia,39.9541,44.8018,Riots,2
Armenia,39.9541,44.8018,Violence against civilians,9
Armenia,40.1503,44.0446,Riots,10
Armenia,40.167,44.5319,Riots,53
Armenia,40.167,44.5319,Violence against civilians,7
Armenia,40.307,45.408,Explosions/Remote violence,59
Armenia,40.307,45.408,Violence against civilians,3
Armenia,40.4056,44.7202,Explosions/Remote violence,1
Armenia,40.4056,44.7202,Riots,1
Armenia,40.4056,44.7202,Violence against civilians,1
Armenia,40.8115,43.8826,Explosions/Remote violence,1
Armenia,40.8115,43.8826,Riots,2
Armenia,40.8115,43.8826,Violence against civilians,2
Armenia,40.959,44.5461,Riots,2
Armenia,40.9719,45.155,Explosions/Remote violence,139
Armenia,40.9719,45.155,Riots,4
Armenia,40.9719,45.155,Violence against civilians,4
Austria,46.752,13.9392,Violence against civilians,1
Austria,47.2187,9.8914,Riots,2
Austria,47.22,14.9755,Riots,2
Austria,47.22,14.9755,Violence against civilians,2
Austria,47.2529,11.1632,Riots,3
Austria,47.4927,13.2929,Riots,1
Austria,48.1173,13.6236,Riots,5
Austria,48.2209,16.3725,Riots,39
Austria,48.2209,16.3725,Violence against civilians,6
Austria,48.2216,15.5766,Riots,4
Austria,48.2216,15.5766,Violence against civilians,1
Azerbaijan,38.5148,48.7024,Violence against civilians,1
Azerbaijan,39.0758,45.918,Explosions/Remote violence,1
Azerbaijan,39.0846,46.6524,Explosions/Remote violence,5
Azerbaijan,39.0846,46.6524,Riots,1
Azerbaijan,39.3014,46.6456,Explosions/Remote violence,13
Azerbaijan,39.3474,46.9337,Explosions/Remote violence,16
Azerbaijan,39.3531,49.0601,Riots,1
Azerbaijan,39.4406,45.6057,Explosions/Remote violence,1
Azerbaijan,39.5451,48.469,Riots,1
Azerbaijan,39.5669,47.3784,Explosions/Remote violence,32
Azerbaijan,39.6525,46.9576,Explosions/Remote violence,75
Azerbaijan,39.6525,46.9576,Violence against civilians,41
Azerbaijan,39.6713,44.87,Explosions/Remote violence,1
Azerbaijan,39.6935,46.682,Explosions/Remote violence,32
Azerbaijan,39.6935,46.682,Riots,2
Azerbaijan,39.6935,46.682,Violence against civilians,3
Azerbaijan,39.71,46.3226,Explosions/Remote violence,16
Azerbaijan,39.71,46.3226,Violence against civilians,1
Azerbaijan,39.8395,46.657,Explosions/Remote violence,41
Azerbaijan,39.8395,46.657,Violence against civilians,25
Azerbaijan,39.8417,46.7972,Explosions/Remote violence,35
Azerbaijan,39.8417,46.7972,Violence against civilians,3
Azerbaijan,39.8539,47.6519,Explosions/Remote violence,3
Azerbaijan,39.999,47.4139,Explosions/Remote violence,29
Azerbaijan,39.999,47.4139,Violence against civilians,1
Azerbaijan,40.0304,46.9274,Explosions/Remote violence,86
Azerbaijan,40.0304,46.9274,Violence against civilians,4
Azerbaijan,40.0625,46.3451,Explosions/Remote violence,36
Azerbaijan,40.0625,46.3451,Violence against civilians,4
Azerbaijan,40.137,49.4229,Riots,4
Azerbaijan,40.137,49.4229,Violence against civilians,14
Azerbaijan,40.2781,46.816,Explosions/Remote violence,136
Azerbaijan,40.2781,46.816,Violence against civilians,7
Azerbaijan,40.2869,48.2211,Explosions/Remote violence,1
Azerbaijan,40.2869,48.2211,Violence against civilians,1
Azerbaijan,40.3229,49.2148,Explosions/Remote violence,1
Azerbaijan,40.3229,49.2148,Riots,1
Azerbaijan,40.3644,47.2092,Explosions/Remote violence,16
Azerbaijan,40.4817,46.0089,Explosions/Remote violence,8
Azerbaijan,40.506,46.8227,Explosions/Remote violence,1
Azerbaijan,40.5538,46.364,Explosions/Remote violence,3
Azerbaijan,40.5565,45.6854,Explosions/Remote violence,4
Azerbaijan,40.5726,46.7158,Explosions/Remote violence,28
Azerbaijan,40.692,46.3539,Explosions/Remote violence,5
Azerbaijan,40.692,46.3539,Riots,1
Azerbaijan,40.692,46.3539,Violence against civilians,2
Azerbaijan,40.7045,47.061,Explosions/Remote violence,2
Azerbaijan,40.7045,47.061,Riots,1
Azerbaijan,40.7471,49.2196,Explosions/Remote violence,2
Azerbaijan,40.7712,47.0241,Explosions/Remote violence,3
Azerbaijan,40.9062,45.6773,Explosions/Remote violence,9
Azerbaijan,40.937,47.8424,Explosions/Remote violence,1
Azerbaijan,41.0278,49.0752,Explosions/Remote violence,1
Azerbaijan,41.1093,47.1346,Riots,1
Azerbaijan,41.1712,45.273,Explosions/Remote violence,6
Azerbaijan,41.1712,45.273,Violence against civilians,2
Azerbaijan,41.2129,45.5619,Explosions/Remote violence,4
Azerbaijan,41.2129,45.5619,Violence against civilians,2
Azerbaijan,41.6183,46.7656,Explosions/Remote violence,1
Belarus,52.2929,29.5463,Explosions/Remote violence,9
Belarus,52.2929,29.5463,Riots,1
Belarus,52.2929,29.5463,Violence against civilians,18
Belarus,52.4512,25.2526,Explosions/Remote violence,1
Belarus,52.4512,25.2526,Riots,4
Belarus,52.4512,25.2526,Violence against civilians,15
Belarus,53.581,30.7647,Violence against civilians,15
Belarus,53.7134,27.832,Explosions/Remote violence,3
Belarus,53.7134,27.832,Riots,1
Belarus,53.7134,27.832,Violence against civilians,19
Belarus,53.8709,27.6066,Explosions/Remote violence,4
Belarus,53.8709,27.6066,Riots,7
Belarus,53.8709,27.6066,Violence against civilians,87
Belarus,53.8741,24.9266,Riots,8
Belarus,53.8741,24.9266,Violence against civilians,18
Belarus,55.2031,28.8137,Riots,2
Belarus,55.2031,28.8137,Violence against civilians,12
Belgium,50.1545,5.3991,Riots,20
Belgium,50.1545,5.3991,Violence against civilians,2
Belgium,50.8388,4.3755,Riots,66
Belgium,50.8388,4.3755,Violence against civilians,1
Belgium,51.0964,4.1983,Riots,34
Belgium,51.0964,4.1983,Violence against civilians,5
Bosnia and Herzegovina,43.9146,17.549,Explosions/Remote violence,21
Bosnia and Herzegovina,43.9146,17.549,Riots,29
Bosnia and Herzegovina,43.9146,17.549,Violence against civilians,33
Bosnia and Herzegovina,44.67,17.3655,Explosions/Remote violence,8
Bosnia and Herzegovina,44.67,17.3655,Riots,6
Bosnia and Herzegovina,44.67,17.3655,Violence against civilians,25
Bosnia and Herzegovina,44.8439,18.7944,Riots,3
Bosnia and Herzegovina,44.8439,18.7944,Violence against civilians,2
Bulgaria,41.5738,25.4003,Riots,1
Bulgaria,41.75,23.488,Riots,5
Bulgaria,41.7639,25.9254,Riots,1
Bulgaria,41.7639,25.9254,Violence against civilians,1
Bulgaria,42.2391,24.7889,Riots,7
Bulgaria,42.2391,24.7889,Violence against civilians,2
Bulgaria,42.4124,25.5511,Riots,2
Bulgaria,42.4124,25.5511,Violence against civilians,1
Bulgaria,42.4466,27.2043,Riots,4
Bulgaria,42.4466,27.2043,Violence against civilians,3
Bulgaria,42.6415,23.9744,Riots,1
Bulgaria,42.6475,26.2653,Riots,1
Bulgaria,42.6514,23.3331,Riots,33
Bulgaria,42.6514,23.3331,Violence against civilians,3
Bulgaria,42.9665,25.2128,Riots,2
Bulgaria,43.2141,27.6201,Riots,3
Bulgaria,43.3988,23.7159,Riots,1
Bulgaria,43.4808,23.1153,Violence against civilians,1
Bulgaria,43.4815,24.6062,Violence against civilians,1
Bulgaria,43.664,27.9001,Riots,1
Croatia,42.9436,16.9128,Explosions/Remote violence,1
Croatia,42.9436,16.9128,Violence against civilians,1
Croatia,43.5319,16.7809,Riots,6
Croatia,43.5319,16.7809,Violence against civilians,7
Croatia,43.8538,16.0139,Explosions/Remote violence,2
Croatia,43.8538,16.0139,Violence against civilians,1
Croatia,44.1765,15.3439,Explosions/Remote violence,2
Croatia,44.1765,15.3439,Riots,2
Croatia,44.1765,15.3439,Violence against civilians,8
Croatia,44.6975,15.4255,Violence against civilians,2
Croatia,45.1435,13.9123,Riots,2
Croatia,45.1435,13.9123,Violence against civilians,1
Croatia,45.1694,18.857,Riots,2
Croatia,45.1694,18.857,Violence against civilians,1
Croatia,45.2185,17.3973,Explosions/Remote violence,1
Croatia,45.2185,17.3973,Riots,1
Croatia,45.2185,17.3973,Violence against civilians,1
Croatia,45.3244,15.4874,Explosions/Remote violence,1
Croatia,45.3244,15.4874,Violence against civilians,5
Croatia,45.3337,16.4917,Explosions/Remote violence,1
Croatia,45.3531,14.7601,Riots,4
Croatia,45.3531,14.7601,Violence against civilians,1
Croatia,45.5643,18.4369,Violence against civilians,2
Croatia,45.7675,15.5943,Riots,1
Croatia,45.7807,16.8969,Explosions/Remote violence,1
Croatia,45.7807,16.8969,Violence against civilians,1
Croatia,45.7918,15.9821,Explosions/Remote violence,9
Croatia,45.7918,15.9821,Riots,7
Croatia,45.7918,15.9821,Violence against civilians,7
Croatia,46.0916,15.9287,Riots,2
Croatia,46.1197,16.7782,Violence against civilians,1
Cyprus,34.7949,32.9856,Explosions/Remote violence,9
Cyprus,34.7949,32.9856,Riots,43
Cyprus,34.7949,32.9856,Violence against civilians,17
Cyprus,34.9115,33.4695,Explosions/Remote violence,6
Cyprus,34.9115,33.4695,Riots,19
Cyprus,34.9115,33.4695,Violence against civilians,4
Cyprus,34.917,32.4982,Explosions/Remote violence,1
Cyprus,34.917,32.4982,Riots,17
Cyprus,34.917,32.4982,Violence against civilians,9
Cyprus,35.0821,33.0732,Explosions/Remote violence,8
Cyprus,35.0821,33.0732,Riots,72
Cyprus,35.0821,33.0732,Violence against civilians,14
Cyprus,35.3157,33.2782,Explosions/Remote violence,1
Cyprus,35.3157,33.2782,Riots,1
Cyprus,35.3157,33.2782,Violence against civilians,2
Cyprus,35.326,33.8245,Riots,8
Cyprus,35.326,33.8245,Violence against civilians,2
Czech Republic,49.0865,14.6002,Riots,1
Czech Republic,49.1243,16.683,Riots,1
Czech Republic,49.1243,16.683,Violence against civilians,1
Czech Republic,49.5231,13.2062,Riots,1
Czech Republic,49.8591,16.9561,Violence against civilians,1
Czech Republic,49.8602,18.0387,Riots,3
Czech Republic,49.8602,18.0387,Violence against civilians,2
Czech Republic,49.8898,16.1283,Riots,1
Czech Republic,50.0596,14.4465,Riots,11
Czech Republic,50.0596,14.4465,Violence against civilians,4
Czech Republic,50.0602,13.8307,Riots,2
Czech Republic,50.1748,12.8045,Riots,1
Czech Republic,50.1748,12.8045,Violence against civilians,1
Czech Republic,50.4093,15.6855,Riots,1
Czech Republic,50.4093,15.6855,Violence against civilians,1
Czech Republic,50.566,13.8205,Riots,2
Czech Republic,50.566,13.8205,Violence against civilians,2
Czech Republic,50.7479,14.9898,Riots,2
Denmark,55.3564,9.1337,Riots,5
Denmark,55.487,11.6901,Riots,10
Denmark,55.8687,12.3079,Explosions/Remote violence,2
Denmark,55.8687,12.3079,Riots,15
Denmark,55.8687,12.3079,Violence against civilians,3
Denmark,56.2223,9.22,Riots,9
Denmark,56.2223,9.22,Violence against civilians,4
Estonia,58.3978,26.7071,Riots,1
Estonia,58.891,23.7944,Violence against civilians,1
Faroe Islands,62.1277,-6.9812,Riots,1
Finland,60.3244,24.6292,Riots,8
Finland,60.3244,24.6292,Violence against civilians,1
Finland,60.5946,22.8678,Riots,2
Finland,60.5946,22.8678,Violence against civilians,1
Finland,61.592,22.158,Riots,1
Finland,61.7109,23.7157,Riots,2
Finland,61.9017,27.9882,Explosions/Remote violence,1
Finland,62.531,25.5057,Violence against civilians,2
Finland,62.7302,23.1173,Explosions/Remote violence,1
Finland,62.7302,23.1173,Riots,1
Finland,64.9581,26.4362,Riots,1
Finland,64.9581,26.4362,Violence against civilians,2
Finland,67.8427,26.5441,Explosions/Remote violence,2
France,42.1881,9.0685,Riots,49
France,42.1881,9.0685,Violence against civilians,3
France,43.6899,2.1175,Riots,153
France,43.6899,2.1175,Violence against civilians,12
France,44.0762,6.2367,Riots,109
France,44.0762,6.2367,Violence against civilians,5
France,44.9769,0.1049,Riots,160
France,44.9769,0.1049,Violence against civilians,3
France,45.4595,4.7994,Riots,282
France,45.4595,4.7994,Violence against civilians,17
France,47.2781,4.9512,Riots,117
France,47.2781,4.9512,Violence against civilians,3
France,47.4173,-1.1268,Riots,112
France,47.4173,-1.1268,Violence against civilians,4
France,47.6439,1.7161,Riots,46
France,48.1625,-2.6839,Riots,142
France,48.1625,-2.6839,Violence against civilians,4
France,48.6808,2.5299,Riots,452
France,48.6808,2.5299,Violence against civilians,34
France,48.7948,5.7593,Riots,117
France,48.7948,5.7593,Violence against civilians,3
France,49.126,0.0264,Riots,109
France,49.126,0.0264,Violence against civilians,3
France,49.9631,2.889,Riots,151
France,49.9631,2.889,Violence against civilians,8
Georgia,41.5113,44.5886,Riots,25
Georgia,41.5113,44.5886,Violence against civilians,15
Georgia,41.5265,43.2466,Explosions/Remote violence,1
Georgia,41.5265,43.2466,Riots,5
Georgia,41.5265,43.2466,Violence against civilians,3
Georgia,41.6718,42.1025,Riots,31
Georgia,41.6718,42.1025,Violence against civilians,2
Georgia,41.7319,44.8369,Riots,105
Georgia,41.7319,44.8369,Violence against civilians,35
Georgia,41.815,45.7178,Riots,10
Georgia,41.815,45.7178,Violence against civilians,4
Georgia,41.9766,42.1264,Riots,9
Georgia,41.9766,42.1264,Violence against civilians,2
Georgia,41.9887,43.9811,Riots,9
Georgia,41.9887,43.9811,Violence against civilians,7
Georgia,42.1876,42.9522,Riots,20
Georgia,42.1876,42.9522,Violence against civilians,3
Georgia,42.2276,44.8569,Riots,4
Georgia,42.2276,44.8569,Violence against civilians,2
Georgia,42.2984,44.0998,Explosions/Remote violence,1
Georgia,42.2984,44.0998,Riots,2
Georgia,42.2984,44.0998,Violence against civilians,6
Georgia,42.6628,42.2329,Explosions/Remote violence,1
Georgia,42.6628,42.2329,Riots,23
Georgia,42.6628,42.2329,Violence against civilians,8
Georgia,42.6687,43.1253,Riots,1
Georgia,42.6687,43.1253,Violence against civilians,2
Georgia,42.9989,41.45,Riots,9
Georgia,42.9989,41.45,Violence against civilians,11
Germany,48.6264,9.0657,Riots,61
Germany,48.6264,9.0657,Violence against civilians,9
Germany,48.9173,12.0483,Riots,49
Germany,48.9173,12.0483,Violence against civilians,7
Germany,49.3769,6.9704,Riots,1
Germany,49.3769,6.9704,Violence against civilians,2
Germany,49.9542,7.2745,Riots,16
Germany,49.9542,7.2745,Violence against civilians,1
Germany,50.5255,9.0181,Riots,42
Germany,50.5255,9.0181,Violence against civilians,5
Germany,50.9267,11.3149,Riots,26
Germany,50.9267,11.3149,Violence against civilians,3
Germany,50.9282,13.5213,Explosions/Remote violence,1
Germany,50.9282,13.5213,Riots,137
Germany,50.9282,13.5213,Violence against civilians,8
Germany,51.4271,7.5809,Explosions/Remote violence,2
Germany,51.4271,7.5809,Riots,80
Germany,51.4271,7.5809,Violence against civilians,10
Germany,51.9908,11.5586,Explosions/Remote violence,1
Germany,51.9908,11.5586,Riots,26
Germany,51.9908,11.5586,Violence against civilians,5
Germany,52.4587,14.1594,Riots,23
Germany,52.4587,14.1594,Violence against civilians,4
Germany,52.5074,13.398,Explosions/Remote violence,2
Germany,52.5074,13.398,Riots,260
Germany,52.5074,13.398,Violence against civilians,9
Germany,52.5923,8.835,Explosions/Remote violence,2
Germany,52.5923,8.835,Riots,57
Germany,52.5923,8.835,Violence against civilians,6
Germany,53.1202,8.8364,Riots,12
Germany,53.5675,9.9418,Explosions/Remote violence,1
Germany,53.5675,9.9418,Riots,46
Germany,53.5675,9.9418,Violence against civilians,5
Germany,53.7964,12.3528,Riots,23
Germany,53.7964,12.3528,Violence against civilians,1
Germany,54.2079,9.9574,Riots,17
Germany,54.2079,9.9574,Violence against civilians,1
Greece,33.56,24.785,Explosions/Remote violence,1
Greece,35.3087,24.469,Explosions/Remote violence,1
Greece,35.3087,24.469,Riots,40
Greece,35.3087,24.469,Violence against civilians,11
Greece,37.3702,22.2354,Explosions/Remote violence,7
Greece,37.3702,22.2354,Riots,79
Greece,37.3702,22.2354,Violence against civilians,8
Greece,37.7203,26.8212,Riots,68
Greece,37.7203,26.8212,Violence against civilians,29
Greece,37.9941,23.8012,Explosions/Remote violence,94
Greece,37.9941,23.8012,Riots,647
Greece,37.9941,23.8012,Violence against civilians,91
Greece,38.9244,25.2103,Violence against civilians,1
Greece,39.1663,22.1208,Riots,47
Greece,39.1663,22.1208,Violence against civilians,15
Greece,39.9468,21.1177,Riots,11
Greece,39.9468,21.1177,Violence against civilians,3
Greece,40.2746,24.2194,Explosions/Remote violence,1
Greece,40.2746,24.2194,Violence against civilians,1
Greece,40.8445,23.0136,Explosions/Remote violence,19
Greece,40.8445,23.0136,Riots,276
Greece,40.8445,23.0136,Violence against civilians,52
Hungary,46.0821,18.2204,Riots,2
Hungary,46.4226,17.5992,Riots,1
Hungary,46.464,20.2522,Riots,1
Hungary,46.464,20.2522,Violence against civilians,1
Hungary,47.089,16.8423,Riots,1
Hungary,47.4527,21.5123,Riots,2
Hungary,47.4527,21.5123,Violence against civilians,4
Hungary,47.4799,19.1474,Riots,10
Hungary,47.4799,19.1474,Violence against civilians,10
Hungary,47.5019,19.5388,Violence against civilians,2
Hungary,47.5792,18.3063,Violence against civilians,1
Hungary,47.7889,20.0808,Violence against civilians,2
Iceland,64.2444,-21.7685,Riots,3
Iceland,64.2444,-21.7685,Violence against civilians,2
Ireland,51.9179,-8.6039,Riots,2
Ireland,52.5186,-8.7959,Violence against civilians,1
Ireland,52.6849,-7.8977,Riots,2
Ireland,52.6909,-6.8253,Riots,1
Ireland,52.9577,-6.3821,Riots,1
Ireland,52.9577,-6.3821,Violence against civilians,1
Ireland,53.1545,-6.8181,Riots,1
Ireland,53.3434,-8.8737,Riots,1
Ireland,53.4065,-6.2876,Riots,20
Ireland,53.5606,-7.3446,Riots,2
Ireland,53.6496,-6.5893,Riots,1
Ireland,53.907,-9.2968,Riots,1
Ireland,53.9132,-6.5191,Riots,1
Ireland,53.9132,-6.5191,Violence against civilians,1
Ireland,54.9198,-7.9525,Violence against civilians,1
Italy,37.4746,14.1382,Explosions/Remote violence,1
Italy,37.4746,14.1382,Riots,82
Italy,37.4746,14.1382,Violence against civilians,4
Italy,39.0302,16.6449,Explosions/Remote violence,1
Italy,39.0302,16.6449,Riots,11
Italy,39.0302,16.6449,Violence against civilians,4
Italy,40.0615,9.0976,Explosions/Remote violence,3
Italy,40.0615,9.0976,Riots,16
Italy,40.0615,9.0976,Violence against civilians,1
Italy,40.5168,16.1313,Riots,6
Italy,40.7501,14.9148,Explosions/Remote violence,6
Italy,40.7501,14.9148,Riots,66
Italy,40.7501,14.9148,Violence against civilians,7
Italy,40.8708,16.8208,Explosions/Remote violence,2
Italy,40.8708,16.8208,Riots,36
Italy,40.8708,16.8208,Violence against civilians,8
Italy,41.7176,14.6255,Riots,4
Italy,42.0211,12.4995,Explosions/Remote violence,1
Italy,42.0211,12.4995,Riots,111
Italy,42.0211,12.4995,Violence against civilians,2
Italy,42.2897,13.8526,Explosions/Remote violence,1
Italy,42.2897,13.8526,Riots,9
Italy,42.9909,12.4306,Riots,4
Italy,43.3282,13.255,Riots,4
Italy,43.4174,11.2181,Riots,44
Italy,43.4174,11.2181,Violence against civilians,6
Italy,44.2274,9.6832,Explosions/Remote violence,1
Italy,44.2274,9.6832,Riots,25
Italy,44.2274,9.6832,Violence against civilians,1
Italy,44.4354,11.1525,Riots,52
Italy,44.4354,11.1525,Violence against civilians,4
Italy,45.2618,7.8349,Riots,149
Italy,45.2618,7.8349,Violence against civilians,2
Italy,45.6567,9.6787,Riots,90
Italy,45.6567,9.6787,Violence against civilians,5
Italy,45.7274,7.3719,Riots,1
Italy,45.7382,12.0971,Riots,39
Italy,45.7382,12.0971,Violence against civilians,3
Italy,46.1152,13.0482,Riots,39
Italy,46.3828,11.2221,Riots,4
Kazakhstan,42.2939,69.6387,Riots,4
Kazakhstan,42.2939,69.6387,Violence against civilians,26
Kazakhstan,43.2183,76.9193,Riots,14
Kazakhstan,43.2183,76.9193,Violence against civilians,72
Kazakhstan,43.2858,68.7208,Riots,14
Kazakhstan,43.2858,68.7208,Violence against civilians,19
Kazakhstan,43.8846,53.502,Riots,2
Kazakhstan,43.8846,53.502,Violence against civilians,17
Kazakhstan,44.1646,72.5474,Riots,11
Kazakhstan,44.1646,72.5474,Violence against civilians,26
Kazakhstan,44.7707,77.3136,Explosions/Remote violence,1
Kazakhstan,44.7707,77.3136,Riots,11
Kazakhstan,44.7707,77.3136,Violence against civilians,48
Kazakhstan,45.1091,63.5406,Riots,2
Kazakhstan,45.1091,63.5406,Violence against civilians,16
Kazakhstan,47.5089,51.716,Riots,4
Kazakhstan,47.5089,51.716,Violence against civilians,12
Kazakhstan,48.2452,59.4557,Riots,1
Kazakhstan,48.2452,59.4557,Violence against civilians,17
Kazakhstan,48.6224,81.9706,Riots,3
Kazakhstan,48.6224,81.9706,Violence against civilians,26
Kazakhstan,48.6549,70.8936,Riots,8
Kazakhstan,48.6549,70.8936,Violence against civilians,34
Kazakhstan,49.8643,51.5073,Riots,4
Kazakhstan,49.8643,51.5073,Violence against civilians,16
Kazakhstan,51.1153,71.4664,Riots,7
Kazakhstan,51.1153,71.4664,Violence against civilians,34
Kazakhstan,51.4437,63.3923,Violence against civilians,14
Kazakhstan,51.861,69.8196,Riots,1
Kazakhstan,51.861,69.8196,Violence against civilians,10
Kazakhstan,52.2384,76.4467,Riots,5
Kazakhstan,52.2384,76.4467,Violence against civilians,7
Kazakhstan,53.8272,69.7362,Violence against civilians,3
Kosovo,42.2328,20.6873,Riots,3
Kosovo,42.2328,20.6873,Violence against civilians,4
Kosovo,42.2936,21.1198,Riots,3
Kosovo,42.2936,21.1198,Violence against civilians,3
Kosovo,42.4551,20.4303,Explosions/Remote violence,1
Kosovo,42.4551,20.4303,Riots,1
Kosovo,42.4551,20.4303,Violence against civilians,1
Kosovo,42.4846,21.5764,Explosions/Remote violence,1
Kosovo,42.4846,21.5764,Riots,2
Kosovo,42.4846,21.5764,Violence against civilians,6
Kosovo,42.7035,20.3306,Explosions/Remote violence,1
Kosovo,42.7035,20.3306,Riots,3
Kosovo,42.7035,20.3306,Violence against civilians,9
Kosovo,42.7916,21.2465,Explosions/Remote violence,2
Kosovo,42.7916,21.2465,Riots,11
Kosovo,42.7916,21.2465,Violence against civilians,20
Kosovo,42.9352,20.7816,Explosions/Remote violence,19
Kosovo,42.9352,20.7816,Riots,43
Kosovo,42.9352,20.7816,Violence against civilians,44
Kyrgyzstan,39.8683,71.5736,Explosions/Remote violence,5
Kyrgyzstan,39.8683,71.5736,Riots,43
Kyrgyzstan,39.8683,71.5736,Violence against civilians,23
Kyrgyzstan,40.1638,73.3612,Riots,15
Kyrgyzstan,40.1638,73.3612,Violence against civilians,10
Kyrgyzstan,40.5307,72.7964,Riots,13
Kyrgyzstan,40.5307,72.7964,Violence against civilians,24
Kyrgyzstan,41.3659,75.9935,Riots,9
Kyrgyzstan,41.3659,75.9935,Violence against civilians,2
Kyrgyzstan,41.5126,73.2176,Riots,15
Kyrgyzstan,41.5126,73.2176,Violence against civilians,18
Kyrgyzstan,42.0618,78.1593,Riots,6
Kyrgyzstan,42.0618,78.1593,Violence against civilians,10
Kyrgyzstan,42.4409,72.1411,Riots,3
Kyrgyzstan,42.4409,72.1411,Violence against civilians,6
Kyrgyzstan,42.5551,74.6253,Riots,20
Kyrgyzstan,42.5551,74.6253,Violence against civilians,34
Kyrgyzstan,42.8723,4.5847,Explosions/Remote violence,1
Kyrgyzstan,42.8723,4.5847,Riots,37
Kyrgyzstan,42.8723,4.5847,Violence against civilians,93
Latvia,55.9373,27.302,Violence against civilians,1
Latvia,55.9416,26.7697,Violence against civilians,1
Latvia,56.9724,24.1648,Riots,2
Lithuania,54.8223,25.2495,Riots,3
Lithuania,54.8223,25.2495,Violence against civilians,2
Lithuania,55.4879,25.6383,Violence against civilians,1
Luxembourg,49.6047,6.1426,Riots,3
Malta,35.8493,14.4575,Riots,3
Malta,35.8613,14.536,Riots,4
Malta,35.904,14.4672,Riots,2
Malta,35.904,14.4672,Violence against civilians,2
Malta,36.047,14.2584,Riots,2
Malta,36.059,15.1831,Explosions/Remote violence,1
Malta,36.059,15.1831,Violence against civilians,1
Moldova,45.8127,28.292,Riots,1
Moldova,46.215,28.7682,Riots,3
Moldova,46.215,28.7682,Violence against civilians,3
Moldova,46.5158,29.6603,Violence against civilians,1
Moldova,46.6045,29.2602,Explosions/Remote violence,1
Moldova,46.6045,29.2602,Riots,1
Moldova,46.6045,29.2602,Violence against civilians,1
Moldova,46.716,29.8295,Explosions/Remote violence,2
Moldova,46.716,29.8295,Violence against civilians,1
Moldova,46.8198,29.4503,Violence against civilians,1
Moldova,46.8471,28.4181,Violence against civilians,2
Moldova,46.8547,29.668,Explosions/Remote violence,3
Moldova,46.8547,29.668,Violence against civilians,2
Moldova,46.867,28.8136,Riots,2
Moldova,46.867,28.8136,Violence against civilians,1
Moldova,46.9239,29.2496,Riots,2
Moldova,46.9239,29.2496,Violence against civilians,1
Moldova,47.0073,28.844,Explosions/Remote violence,1
Moldova,47.0073,28.844,Riots,27
Moldova,47.0073,28.844,Violence against civilians,10
Moldova,47.082,28.1634,Riots,1
Moldova,47.1436,29.4328,Explosions/Remote violence,1
Moldova,47.1616,28.5424,Violence against civilians,2
Moldova,47.291,29.2616,Violence against civilians,1
Moldova,47.3027,28.306,Violence against civilians,2
Moldova,47.4014,28.761,Riots,2
Moldova,47.4014,28.761,Violence against civilians,2
Moldova,47.5768,27.684,Violence against civilians,1
Moldova,47.6714,28.1803,Violence against civilians,1
Moldova,47.7069,28.7997,Violence against civilians,1
Moldova,47.7319,29.0924,Explosions/Remote violence,3
Moldova,47.7319,29.0924,Violence against civilians,1
Moldova,47.7766,27.925,Riots,1
Moldova,47.7766,27.925,Violence against civilians,1
Moldova,47.9237,27.4528,Riots,2
Moldova,48.0338,27.829,Violence against civilians,1
Moldova,48.1483,27.2729,Violence against civilians,2
Moldova,48.1643,28.1613,Violence against civilians,1
Moldova,48.2822,26.9435,Riots,1
Moldova,48.3548,27.4415,Riots,2
Montenegro,42.1305,19.2113,Violence against civilians,1
Montenegro,42.2598,18.919,Explosions/Remote violence,1
Montenegro,42.2598,18.919,Riots,2
Montenegro,42.2598,18.919,Violence against civilians,1
Montenegro,42.3043,19.3355,Explosions/Remote violence,1
Montenegro,42.3043,19.3355,Violence against civilians,1
Montenegro,42.4637,19.2729,Explosions/Remote violence,16
Montenegro,42.4637,19.2729,Riots,6
Montenegro,42.4637,19.2729,Violence against civilians,6
Montenegro,42.4687,18.8975,Explosions/Remote violence,2
Montenegro,42.4687,18.8975,Riots,3
Montenegro,42.4687,18.8975,Violence against civilians,1
Montenegro,42.5482,19.8241,Riots,1
Montenegro,42.6121,19.1008,Explosions/Remote violence,3
Montenegro,42.6121,19.1008,Riots,1
Montenegro,42.722,19.7546,Riots,1
Montenegro,42.7893,19.4247,Riots,1
Montenegro,42.8304,19.8331,Explosions/Remote violence,1
Montenegro,42.8304,19.8331,Riots,1
Montenegro,42.8304,19.8331,Violence against civilians,2
Montenegro,42.8378,18.8503,Explosions/Remote violence,2
Montenegro,42.8378,18.8503,Riots,3
Montenegro,42.8378,18.8503,Violence against civilians,3
Montenegro,42.8686,20.1908,Violence against civilians,1
Montenegro,42.93,19.9795,Violence against civilians,1
Montenegro,43.0766,19.6945,Explosions/Remote violence,2
Montenegro,43.0766,19.6945,Riots,1
Montenegro,43.0766,19.6945,Violence against civilians,2
Montenegro,43.1293,19.1532,Riots,1
Montenegro,43.1293,19.1532,Violence against civilians,1
Montenegro,43.3132,19.3055,Explosions/Remote violence,1
Montenegro,43.3132,19.3055,Riots,3
Montenegro,43.3132,19.3055,Violence against civilians,1
Netherlands,51.2613,5.8644,Riots,10
Netherlands,51.3048,3.8866,Riots,3
Netherlands,51.5273,5.0382,Explosions/Remote violence,2
Netherlands,51.5273,5.0382,Riots,21
Netherlands,51.5273,5.0382,Violence against civilians,2
Netherlands,52.0147,4.4753,Riots,46
Netherlands,52.0147,4.4753,Violence against civilians,2
Netherlands,52.1187,5.1525,Riots,16
Netherlands,52.127,6.0855,Riots,41
Netherlands,52.4305,5.5181,Riots,5
Netherlands,52.4867,6.3817,Riots,18
Netherlands,52.567,4.8251,Explosions/Remote violence,1
Netherlands,52.567,4.8251,Riots,56
Netherlands,52.567,4.8251,Violence against civilians,5
Netherlands,52.9073,6.6878,Riots,4
Netherlands,53.1079,5.8298,Riots,7
Netherlands,53.1079,5.8298,Violence against civilians,1
Netherlands,53.1528,6.8874,Riots,6
Netherlands,53.1528,6.8874,Violence against civilians,3
North Macedonia,41.0455,21.2694,Violence against civilians,1
North Macedonia,41.0805,20.8458,Violence against civilians,2
North Macedonia,41.2533,22.3919,Violence against civilians,2
North Macedonia,41.2833,21.6289,Riots,1
North Macedonia,41.4996,20.9324,Violence against civilians,2
North Macedonia,41.4998,21.9042,Violence against civilians,1
North Macedonia,41.7173,22.1853,Riots,1
North Macedonia,41.7594,20.9142,Violence against civilians,1
North Macedonia,41.9924,22.4233,Riots,1
North Macedonia,41.9967,21.4316,Explosions/Remote violence,1
North Macedonia,41.9967,21.4316,Riots,10
North Macedonia,41.9967,21.4316,Violence against civilians,8
North Macedonia,42.0453,20.8837,Riots,1
North Macedonia,42.0453,20.8837,Violence against civilians,3
North Macedonia,42.1106,21.7924,Violence against civilians,2
North Macedonia,42.1454,21.3854,Violence against civilians,1
North Macedonia,42.1669,21.5844,Violence against civilians,1
Norway,58.7194,8.0351,Riots,1
Norway,58.7194,8.0351,Violence against civilians,1
Norway,59.3956,9.0635,Riots,3
Norway,59.9263,9.9042,Riots,1
Norway,59.9263,9.9042,Violence against civilians,2
Norway,59.9724,10.7757,Riots,10
Norway,59.9724,10.7757,Violence against civilians,6
Norway,60.9291,6.1079,Riots,3
Norway,63.8782,10.1962,Riots,2
Poland,49.8485,20.2656,Riots,3
Poland,49.911,22.1785,Riots,2
Poland,50.2465,18.8469,Riots,4
Poland,50.2465,18.8469,Violence against civilians,1
Poland,50.764,20.7989,Explosions/Remote violence,3
Poland,50.9506,16.3618,Riots,7
Poland,50.9506,16.3618,Violence against civilians,2
Poland,51.27,22.7794,Explosions/Remote violence,8
Poland,51.27,22.7794,Riots,2
Poland,51.6187,19.3934,Explosions/Remote violence,1
Poland,51.6187,19.3934,Riots,1
Poland,52.2451,15.2811,Riots,3
Poland,52.2473,21.5627,Explosions/Remote violence,4
Poland,52.2473,21.5627,Riots,22
Poland,52.2473,21.5627,Violence against civilians,6
Poland,52.3797,17.3138,Riots,2
Poland,52.3797,17.3138,Violence against civilians,2
Poland,53.0571,18.4879,Riots,1
Poland,53.0571,18.4879,Violence against civilians,1
Poland,53.3456,22.709,Riots,267
Poland,53.3456,22.709,Violence against civilians,4
Poland,53.597,15.6705,Riots,3
Poland,53.597,15.6705,Violence against civilians,2
Poland,53.7906,21.0987,Explosions/Remote violence,1
Poland,53.7906,21.0987,Riots,1
Poland,53.7906,21.0987,Violence against civilians,1
Poland,54.1651,18.0006,Riots,2
Poland,54.1651,18.0006,Violence against civilians,2
Portugal,38.2966,-8.4614,Riots,6
Portugal,38.9953,-9.187,Riots,38
Portugal,38.9953,-9.187,Violence against civilians,6
Portugal,39.208,-7.721,Riots,1
Portugal,40.2214,-8.338,Riots,1
Portugal,40.6785,-8.52,Riots,1
Portugal,40.6785,-8.52,Violence against civilians,1
Portugal,41.2369,-8.302,Riots,4
Portugal,41.2369,-8.302,Violence against civilians,2
Portugal,41.5696,-8.306,Violence against civilians,1
Romania,44.0685,25.1911,Violence against civilians,1
Romania,44.1219,26.0461,Violence against civilians,1
Romania,44.207,23.6643,Riots,1
Romania,44.207,23.6643,Violence against civilians,1
Romania,44.2685,28.2918,Explosions/Remote violence,2
Romania,44.2685,28.2918,Violence against civilians,2
Romania,44.3145,27.1383,Riots,1
Romania,44.4455,26.0962,Riots,25
Romania,44.4455,26.0962,Violence against civilians,3
Romania,44.4919,26.2404,Riots,1
Romania,44.4919,26.2404,Violence against civilians,1
Romania,44.6031,23.0576,Riots,1
Romania,44.9219,25.485,Violence against civilians,1
Romania,44.9606,23.325,Violence against civilians,1
Romania,44.9949,24.8495,Violence against civilians,1
Romania,45.0389,28.8982,Explosions/Remote violence,1
Romania,45.0389,28.8982,Violence against civilians,2
Romania,45.1209,27.6663,Riots,1
Romania,45.1209,27.6663,Violence against civilians,2
Romania,45.1284,26.0296,Violence against civilians,1
Romania,45.2685,26.7747,Riots,1
Romania,45.2685,26.7747,Violence against civilians,1
Romania,45.6915,21.6321,Riots,2
Romania,45.6915,21.6321,Violence against civilians,1
Romania,45.7764,27.7498,Riots,1
Romania,45.7764,27.7498,Violence against civilians,1
Romania,45.7856,25.1548,Riots,4
Romania,45.7883,26.8842,Riots,1
Romania,45.7883,26.8842,Violence against civilians,1
Romania,45.8033,22.9062,Riots,1
Romania,45.8894,24.2371,Riots,1
Romania,45.8894,24.2371,Violence against civilians,2
Romania,45.8965,26.0099,Riots,1
Romania,46.0123,23.5454,Riots,1
Romania,46.2917,21.8927,Violence against civilians,1
Romania,46.423,26.7164,Riots,1
Romania,46.423,26.7164,Violence against civilians,1
Romania,46.4968,27.8049,Riots,1
Romania,46.4968,27.8049,Violence against civilians,1
Romania,46.6427,25.6217,Violence against civilians,1
Romania,46.8883,23.7174,Riots,1
Romania,46.8883,23.7174,Violence against civilians,1
Romania,47.5325,25.8348,Riots,3
Romania,47.5325,25.8348,Violence against civilians,3
Romania,47.7265,22.7527,Riots,1
Romania,47.852,26.7615,Riots,1
Russia,43.089,46.9834,Explosions/Remote violence,3
Russia,43.089,46.9834,Riots,15
Russia,43.089,46.9834,Violence against civilians,49
Russia,43.1159,45.0129,Explosions/Remote violence,8
Russia,43.1159,45.0129,Riots,3
Russia,43.1159,45.0129,Violence against civilians,20
Russia,43.191,44.2456,Explosions/Remote violence,2
Russia,43.191,44.2456,Riots,5
Russia,43.191,44.2456,Violence against civilians,11
Russia,43.2434,45.7661,Explosions/Remote violence,7
Russia,43.2434,45.7661,Violence against civilians,79
Russia,43.4573,43.4358,Riots,4
Russia,43.4573,43.4358,Violence against civilians,9
Russia,43.8425,41.6987,Explosions/Remote violence,1
Russia,43.8425,41.6987,Violence against civilians,9
Russia,44.4888,40.1402,Explosions/Remote violence,6
Russia,44.4888,40.1402,Violence against civilians,5
Russia,44.9414,43.6631,Explosions/Remote violence,11
Russia,44.9414,43.6631,Riots,1
Russia,44.9414,43.6631,Violence against civilians,16
Russia,45.1326,38.0694,Explosions/Remote violence,153
Russia,45.1326,38.0694,Riots,4
Russia,45.1326,38.0694,Violence against civilians,68
Russia,45.3796,135.1381,Explosions/Remote violence,4
Russia,45.3796,135.1381,Riots,1
Russia,45.3796,135.1381,Violence against civilians,18
Russia,46.5148,45.4414,Explosions/Remote violence,1
Russia,46.5148,45.4414,Violence against civilians,8
Russia,47.1094,47.7101,Explosions/Remote violence,11
Russia,47.1094,47.7101,Violence against civilians,4
Russia,48.0823,40.9463,Explosions/Remote violence,165
Russia,48.0823,40.9463,Riots,3
Russia,48.0823,40.9463,Violence against civilians,36
Russia,49.3455,44.407,Explosions/Remote violence,51
Russia,49.3455,44.407,Riots,2
Russia,49.3455,44.407,Violence against civilians,16
Russia,50.1592,143.0267,Violence against civilians,3
Russia,50.6124,37.2397,Explosions/Remote violence,21330
Russia,50.6124,37.2397,Riots,1
Russia,50.6124,37.2397,Violence against civilians,22
Russia,50.8307,40.0384,Explosions/Remote violence,93
Russia,50.8307,40.0384,Violence against civilians,20
Russia,50.8658,86.8913,Violence against civilians,1
Russia,51.3129,46.5936,Explosions/Remote violence,28
Russia,51.3129,46.5936,Riots,2
Russia,51.3129,46.5936,Violence against civilians,24
Russia,51.6735,36.1629,Explosions/Remote violence,4270
Russia,51.6735,36.1629,Violence against civilians,62
Russia,51.7358,94.2284,Riots,1
Russia,51.7358,94.2284,Violence against civilians,1
Russia,52.4308,53.538,Explosions/Remote violence,7
Russia,52.4308,53.538,Violence against civilians,21
Russia,52.5418,82.7009,Riots,1
Russia,52.5418,82.7009,Violence against civilians,12
Russia,52.7039,41.5692,Explosions/Remote violence,17
Russia,52.7039,41.5692,Violence against civilians,2
Russia,52.7372,38.9229,Explosions/Remote violence,27
Russia,52.7372,38.9229,Violence against civilians,2
Russia,52.7951,36.4173,Explosions/Remote violence,26
Russia,52.7951,36.4173,Violence against civilians,1
Russia,52.939,33.1688,Explosions/Remote violence,409
Russia,52.939,33.1688,Violence against civilians,10
Russia,52.9573,130.1919,Explosions/Remote violence,1
Russia,52.9573,130.1919,Riots,1
Russia,52.9573,130.1919,Violence against civilians,2
Russia,53.1615,44.7305,Explosions/Remote violence,3
Russia,53.1615,44.7305,Violence against civilians,4
Russia,53.2238,50.1375,Explosions/Remote violence,23
Russia,53.2238,50.1375,Riots,1
Russia,53.2238,50.1375,Violence against civilians,11
Russia,53.3615,90.424,Riots,1
Russia,53.6095,111.0271,Violence against civilians,11
Russia,53.7123,47.4211,Explosions/Remote violence,1
Russia,53.7123,47.4211,Riots,1
Russia,53.7123,47.4211,Violence against civilians,7
Russia,53.7962,118.1383,Explosions/Remote violence,1
Russia,53.7962,118.1383,Violence against civilians,11
Russia,53.8995,37.3902,Explosions/Remote violence,28
Russia,53.8995,37.3902,Violence against civilians,5
Russia,54.0528,56.3635,Explosions/Remote violence,9
Russia,54.0528,56.3635,Riots,2
Russia,54.0528,56.3635,Violence against civilians,25
Russia,54.1781,61.4301,Riots,5
Russia,54.1781,61.4301,Violence against civilians,22
Russia,54.3141,35.3241,Explosions/Remote violence,33
Russia,54.3141,35.3241,Violence against civilians,7
Russia,54.3378,40.602,Explosions/Remote violence,19
Russia,54.3378,40.602,Violence against civilians,8
Russia,54.4168,44.5595,Explosions/Remote violence,2
Russia,54.4168,44.5595,Violence against civilians,6
Russia,54.4979,86.8115,Riots,2
Russia,54.4979,86.8115,Violence against civilians,12
Russia,54.5833,133.4478,Explosions/Remote violence,1
Russia,54.5833,133.4478,Riots,2
Russia,54.5833,133.4478,Violence against civilians,10
Russia,54.7379,32.9104,Explosions/Remote violence,18
Russia,54.7379,32.9104,Violence against civilians,1
Russia,54.8058,21.417,Explosions/Remote violence,2
Russia,54.8058,21.417,Violence against civilians,7
Russia,55.2643,80.0638,Riots,4
Russia,55.2643,80.0638,Violence against civilians,24
Russia,55.3253,50.68,Explosions/Remote violence,16
Russia,55.3253,50.68,Violence against civilians,8
Russia,55.4803,47.1488,Explosions/Remote violence,5
Russia,55.4803,47.1488,Violence against civilians,4
Russia,55.5171,65.4591,Violence against civilians,1
Russia,55.5499,37.3561,Explosions/Remote violence,28
Russia,55.5499,37.3561,Riots,17
Russia,55.5499,37.3561,Violence against civilians,155
Russia,55.6071,38.9283,Explosions/Remote violence,62
Russia,55.6071,38.9283,Riots,5
Russia,55.6071,38.9283,Violence against civilians,44
Russia,55.957,40.6536,Explosions/Remote violence,9
Russia,55.957,40.6536,Violence against civilians,23
Russia,56.0069,73.2047,Explosions/Remote violence,1
Russia,56.0069,73.2047,Riots,3
Russia,56.0069,73.2047,Violence against civilians,9
Russia,56.2766,44.3524,Explosions/Remote violence,24
Russia,56.2766,44.3524,Riots,2
Russia,56.2766,44.3524,Violence against civilians,12
Russia,56.5862,47.9228,Violence against civilians,1
Russia,57.0453,41.378,Explosions/Remote violence,5
Russia,57.0453,41.378,Violence against civilians,5
Russia,57.1983,52.7618,Explosions/Remote violence,3
Russia,57.1983,52.7618,Riots,1
Russia,57.1983,52.7618,Violence against civilians,3
Russia,57.2478,35.3202,Explosions/Remote violence,16
Russia,57.2478,35.3202,Violence against civilians,9
Russia,57.3053,29.1921,Explosions/Remote violence,5
Russia,57.3053,29.1921,Violence against civilians,1
Russia,57.5679,67.8396,Explosions/Remote violence,1
Russia,57.5679,67.8396,Violence against civilians,6
Russia,57.7256,109.0151,Explosions/Remote violence,2
Russia,57.7256,109.0151,Riots,1
Russia,57.7256,109.0151,Violence against civilians,25
Russia,57.7472,39.1041,Explosions/Remote violence,2
Russia,57.7472,39.1041,Violence against civilians,13
Russia,57.9014,159.8265,Violence against civilians,1
Russia,58.1711,31.8241,Explosions/Remote violence,2
Russia,58.3247,81.5294,Violence against civilians,4
Russia,58.4462,43.8231,Explosions/Remote violence,1
Russia,58.4462,43.8231,Riots,1
Russia,58.4462,43.8231,Violence against civilians,2
Russia,58.5638,50.1832,Explosions/Remote violence,1
Russia,58.5638,50.1832,Violence against civilians,6
Russia,58.8858,56.4404,Explosions/Remote violence,2
Russia,58.8858,56.4404,Riots,2
Russia,58.8858,56.4404,Violence against civilians,6
Russia,58.9982,62.2203,Explosions/Remote violence,3
Russia,58.9982,62.2203,Riots,5
Russia,58.9982,62.2203,Violence against civilians,26
Russia,59.8736,32.9508,Explosions/Remote violence,20
Russia,59.8736,32.9508,Riots,1
Russia,59.8736,32.9508,Violence against civilians,13
Russia,59.9394,30.3506,Explosions/Remote violence,13
Russia,59.9394,30.3506,Riots,5
Russia,59.9394,30.3506,Violence against civilians,87
Russia,60.0458,40.9497,Explosions/Remote violence,1
Russia,60.0458,40.9497,Riots,1
Russia,60.0458,40.9497,Violence against civilians,6
Russia,62.1496,71.9298,Explosions/Remote violence,2
Russia,62.1496,71.9298,Riots,1
Russia,62.1496,71.9298,Violence against civilians,9
Russia,62.5878,154.066,Violence against civilians,2
Russia,63.5471,41.4717,Explosions/Remote violence,1
Russia,63.5471,41.4717,Riots,2
Russia,63.5471,41.4717,Violence against civilians,3
Russia,63.6722,33.3087,Explosions/Remote violence,1
Russia,63.6722,33.3087,Violence against civilians,1
Russia,63.8096,53.0964,Explosions/Remote violence,2
Russia,63.8096,53.0964,Riots,1
Russia,63.8096,53.0964,Violence against civilians,4
Russia,64.7437,129.3107,Violence against civilians,2
Russia,64.7479,95.8342,Riots,1
Russia,64.7479,95.8342,Violence against civilians,28
Russia,67.5743,69.2861,Violence against civilians,2
Russia,68.0046,34.5567,Explosions/Remote violence,3
Russia,68.0046,34.5567,Violence against civilians,4
Serbia,42.5318,22.1022,Riots,2
Serbia,42.5318,22.1022,Violence against civilians,4
Serbia,42.9175,21.9206,Explosions/Remote violence,2
Serbia,42.9175,21.9206,Riots,1
Serbia,42.9175,21.9206,Violence against civilians,4
Serbia,43.133,22.6348,Explosions/Remote violence,1
Serbia,43.133,22.6348,Riots,2
Serbia,43.133,22.6348,Violence against civilians,2
Serbia,43.134,21.4504,Explosions/Remote violence,2
Serbia,43.134,21.4504,Violence against civilians,1
Serbia,43.3579,20.645,Explosions/Remote violence,1
Serbia,43.3579,20.645,Riots,5
Serbia,43.3579,20.645,Violence against civilians,3
Serbia,43.4403,21.957,Explosions/Remote violence,3
Serbia,43.4403,21.957,Riots,5
Serbia,43.4403,21.957,Violence against civilians,9
Serbia,43.4924,21.18,Riots,2
Serbia,43.4924,21.18,Violence against civilians,1
Serbia,43.5872,19.7625,Explosions/Remote violence,1
Serbia,43.5872,19.7625,Riots,2
Serbia,43.5872,19.7625,Violence against civilians,3
Serbia,43.7561,22.0387,Riots,2
Serbia,43.7561,22.0387,Violence against civilians,3
Serbia,43.7718,20.3314,Riots,5
Serbia,43.7718,20.3314,Violence against civilians,1
Serbia,44.0219,21.4413,Riots,1
Serbia,44.1198,20.8532,Riots,4
Serbia,44.1198,20.8532,Violence against civilians,2
Serbia,44.3101,22.2281,Riots,2
Serbia,44.3101,22.2281,Violence against civilians,1
Serbia,44.329,19.8553,Riots,3
Serbia,44.329,19.8553,Violence against civilians,2
Serbia,44.4704,21.008,Riots,1
Serbia,44.5193,19.5054,Riots,6
Serbia,44.5193,19.5054,Violence against civilians,2
Serbia,44.6781,20.3803,Explosions/Remote violence,14
Serbia,44.6781,20.3803,Riots,50
Serbia,44.6781,20.3803,Violence against civilians,38
Serbia,44.9188,19.9727,Riots,1
Serbia,44.9188,19.9727,Violence against civilians,3
Serbia,44.9934,20.9404,Riots,3
Serbia,44.9934,20.9404,Violence against civilians,2
Serbia,45.4356,20.5141,Violence against civilians,3
Serbia,45.4485,19.7684,Explosions/Remote violence,2
Serbia,45.4485,19.7684,Riots,24
Serbia,45.4485,19.7684,Violence against civilians,20
Serbia,45.7281,19.2383,Violence against civilians,1
Serbia,45.8889,20.1907,Violence against civilians,1
Serbia,45.9018,19.5845,Explosions/Remote violence,1
Serbia,45.9018,19.5845,Violence against civilians,1
Slovakia,48.3179,17.649,Riots,2
Slovakia,48.3179,17.649,Violence against civilians,1
Slovakia,48.3292,17.1806,Riots,7
Slovakia,48.3292,17.1806,Violence against civilians,3
Slovakia,48.5001,19.4198,Riots,1
Slovakia,48.5001,19.4198,Violence against civilians,1
Slovakia,48.6762,21.2901,Riots,4
Slovakia,48.6762,21.2901,Violence against civilians,1
Slovakia,48.9035,18.2294,Riots,1
Slovakia,48.9035,18.2294,Violence against civilians,1
Slovakia,49.112,21.1875,Riots,2
Slovenia,45.6311,14.8679,Riots,1
Slovenia,45.7287,14.7399,Riots,1
Slovenia,45.7287,14.7399,Violence against civilians,1
Slovenia,45.7808,15.2102,Riots,2
Slovenia,45.8251,15.3188,Riots,1
Slovenia,45.9378,15.633,Riots,1
Slovenia,45.9462,15.4607,Riots,1
Slovenia,46.06,14.5913,Riots,10
Slovenia,46.06,14.5913,Violence against civilians,4
Slovenia,46.567,15.6315,Riots,1
Spain,28.2931,-16.6215,Riots,16
Spain,28.2931,-16.6215,Violence against civilians,2
Spain,35.2927,-2.9521,Riots,7
Spain,35.2927,-2.9521,Violence against civilians,2
Spain,35.8943,-5.3556,Riots,7
Spain,35.8943,-5.3556,Violence against civilians,1
Spain,36.0148,-3.3309,Explosions/Remote violence,1
Spain,37.3647,-4.5425,Riots,79
Spain,37.3647,-4.5425,Violence against civilians,4
Spain,38.0634,-1.6718,Riots,16
Spain,38.0634,-1.6718,Violence against civilians,1
Spain,39.2143,-5.9731,Riots,10
Spain,39.2143,-5.9731,Violence against civilians,1
Spain,39.3162,-0.7483,Riots,28
Spain,39.3162,-0.7483,Violence against civilians,5
Spain,39.6136,2.8888,Riots,7
Spain,39.6746,-3.2734,Riots,8
Spain,39.6746,-3.2734,Violence against civilians,1
Spain,40.5251,-3.771,Explosions/Remote violence,1
Spain,40.5251,-3.771,Riots,41
Spain,40.5251,-3.771,Violence against civilians,6
Spain,41.3853,-0.8397,Riots,4
Spain,41.6602,-4.0791,Riots,34
Spain,41.6602,-4.0791,Violence against civilians,1
Spain,41.6921,1.5843,Riots,139
Spain,41.6921,1.5843,Violence against civilians,3
Spain,42.2824,-2.4826,Riots,5
Spain,42.6115,-1.8395,Riots,13
Spain,42.7994,-7.8848,Riots,57
Spain,42.9647,-2.5632,Riots,93
Spain,43.1358,-4.2636,Riots,12
Spain,43.2705,-5.8537,Riots,18
Sweden,55.935,13.5537,Explosions/Remote violence,1
Sweden,55.935,13.5537,Riots,7
Sweden,56.2485,15.227,Riots,1
Sweden,57.2271,16.0014,Riots,2
Sweden,57.5423,14.6387,Riots,2
Sweden,58.2099,13.1648,Riots,12
Sweden,58.3689,15.6265,Riots,5
Sweden,59.0709,16.5071,Riots,1
Sweden,59.3842,14.9966,Riots,3
Sweden,59.4994,17.975,Riots,11
Sweden,59.4994,17.975,Violence against civilians,9
Sweden,59.7054,16.1907,Riots,1
Sweden,60.0313,17.5905,Riots,3
Sweden,60.0313,17.5905,Violence against civilians,2
Sweden,61.0604,14.2149,Riots,2
Sweden,61.2676,16.3597,Riots,1
Sweden,61.2676,16.3597,Violence against civilians,1
Sweden,64.9038,18.053,Riots,1
Sweden,67.0636,20.0325,Violence against civilians,1
Switzerland,46.223,6.0781,Riots,6
Switzerland,46.2257,8.7927,Violence against civilians,1
Switzerland,46.2563,7.6249,Riots,1
Switzerland,46.561,6.5182,Riots,15
Switzerland,46.561,6.5182,Violence against civilians,1
Switzerland,46.8234,7.6174,Riots,12
Switzerland,47.0067,6.8351,Riots,1
Switzerland,47.0316,8.1897,Riots,1
Switzerland,47.2031,9.2304,Riots,1
Switzerland,47.4256,8.6511,Riots,8
Switzerland,47.4256,8.6511,Violence against civilians,2
Switzerland,47.5593,7.5909,Riots,3
Tajikistan,37.8288,69.1687,Explosions/Remote violence,2
Tajikistan,37.8288,69.1687,Riots,2
Tajikistan,37.8288,69.1687,Violence against civilians,10
Tajikistan,38.0731,73.0775,Riots,4
Tajikistan,38.0731,73.0775,Violence against civilians,1
Tajikistan,38.5604,68.8096,Riots,1
Tajikistan,38.5604,68.8096,Violence against civilians,17
Tajikistan,38.762,69.371,Explosions/Remote violence,1
Tajikistan,38.762,69.371,Riots,2
Tajikistan,38.762,69.371,Violence against civilians,1
Tajikistan,39.9748,69.1341,Explosions/Remote violence,5
Tajikistan,39.9748,69.1341,Riots,12
Tajikistan,39.9748,69.1341,Violence against civilians,13
Turkmenistan,37.27,62.1533,Riots,4
Turkmenistan,37.27,62.1533,Violence against civilians,2
Turkmenistan,37.9485,58.2447,Riots,2
Turkmenistan,37.9485,58.2447,Violence against civilians,4
Turkmenistan,39.0859,62.8162,Violence against civilians,3
Turkmenistan,39.8492,55.3381,Violence against civilians,2
Turkmenistan,41.165,58.7371,Riots,2
Ukraine,42.7697,38.1352,Explosions/Remote violence,3
Ukraine,43.9783,30.1149,Explosions/Remote violence,22
Ukraine,44.4978,33.4874,Explosions/Remote violence,1
Ukraine,44.6222,33.4661,Explosions/Remote violence,3
Ukraine,45.306,34.1423,Explosions/Remote violence,353
Ukraine,45.306,34.1423,Riots,5
Ukraine,45.306,34.1423,Violence against civilians,60
Ukraine,46.0295,36.467,Explosions/Remote violence,5
Ukraine,46.729,30.5619,Explosions/Remote violence,683
Ukraine,46.729,30.5619,Riots,38
Ukraine,46.729,30.5619,Violence against civilians,40
Ukraine,46.7759,33.4838,Explosions/Remote violence,21906
Ukraine,46.7759,33.4838,Riots,15
Ukraine,46.7759,33.4838,Violence against civilians,339
Ukraine,47.2038,35.6963,Explosions/Remote violence,16516
Ukraine,47.2038,35.6963,Riots,19
Ukraine,47.2038,35.6963,Violence against civilians,201
Ukraine,47.416,31.9603,Explosions/Remote violence,3387
Ukraine,47.416,31.9603,Riots,4
Ukraine,47.416,31.9603,Violence against civilians,21
Ukraine,48.0458,37.8392,Explosions/Remote violence,57348
Ukraine,48.0458,37.8392,Riots,4
Ukraine,48.0458,37.8392,Violence against civilians,148
Ukraine,48.2002,25.7745,Explosions/Remote violence,7
Ukraine,48.2002,25.7745,Riots,6
Ukraine,48.2002,25.7745,Violence against civilians,4
Ukraine,48.3228,35.1654,Explosions/Remote violence,5026
Ukraine,48.3228,35.1654,Riots,22
Ukraine,48.3228,35.1654,Violence against civilians,30
Ukraine,48.3353,32.2443,Explosions/Remote violence,131
Ukraine,48.3353,32.2443,Riots,3
Ukraine,48.3353,32.2443,Violence against civilians,8
Ukraine,48.4969,23.035,Explosions/Remote violence,12
Ukraine,48.4969,23.035,Riots,11
Ukraine,48.4969,23.035,Violence against civilians,6
Ukraine,48.633,24.691,Explosions/Remote violence,54
Ukraine,48.633,24.691,Riots,6
Ukraine,48.633,24.691,Violence against civilians,4
Ukraine,48.9564,38.8906,Explosions/Remote violence,10139
Ukraine,48.9564,38.8906,Riots,2
Ukraine,48.9564,38.8906,Violence against civilians,67
Ukraine,48.9819,28.5387,Explosions/Remote violence,67
Ukraine,48.9819,28.5387,Riots,9
Ukraine,48.9819,28.5387,Violence against civilians,8
Ukraine,49.3396,31.6048,Explosions/Remote violence,131
Ukraine,49.3396,31.6048,Riots,14
Ukraine,49.3396,31.6048,Violence against civilians,5
Ukraine,49.3869,25.5249,Explosions/Remote violence,33
Ukraine,49.3869,25.5249,Riots,5
Ukraine,49.3869,25.5249,Violence against civilians,3
Ukraine,49.4986,36.6649,Explosions/Remote violence,18363
Ukraine,49.4986,36.6649,Riots,36
Ukraine,49.4986,36.6649,Violence against civilians,209
Ukraine,49.5267,26.9499,Explosions/Remote violence,127
Ukraine,49.5267,26.9499,Riots,5
Ukraine,49.5267,26.9499,Violence against civilians,3
Ukraine,49.639,34.0764,Explosions/Remote violence,201
Ukraine,49.639,34.0764,Riots,6
Ukraine,49.639,34.0764,Violence against civilians,5
Ukraine,49.6799,23.8938,Explosions/Remote violence,97
Ukraine,49.6799,23.8938,Riots,22
Ukraine,49.6799,23.8938,Violence against civilians,15
Ukraine,50.3543,31.4261,Explosions/Remote violence,469
Ukraine,50.3543,31.4261,Riots,14
Ukraine,50.3543,31.4261,Violence against civilians,176
Ukraine,50.4017,30.6164,Explosions/Remote violence,473
Ukraine,50.4017,30.6164,Riots,157
Ukraine,50.4017,30.6164,Violence against civilians,77
Ukraine,50.6307,28.3335,Explosions/Remote violence,151
Ukraine,50.6307,28.3335,Riots,3
Ukraine,50.6307,28.3335,Violence against civilians,7
Ukraine,50.9778,26.6492,Explosions/Remote violence,51
Ukraine,50.9778,26.6492,Riots,12
Ukraine,50.9778,26.6492,Violence against civilians,5
Ukraine,51.1282,24.9367,Explosions/Remote violence,25
Ukraine,51.1282,24.9367,Riots,9
Ukraine,51.1282,24.9367,Violence against civilians,4
Ukraine,51.2386,33.6755,Explosions/Remote violence,24503
Ukraine,51.2386,33.6755,Riots,4
Ukraine,51.2386,33.6755,Violence against civilians,32
Ukraine,51.3624,31.8357,Explosions/Remote violence,7731
Ukraine,51.3624,31.8357,Riots,7
Ukraine,51.3624,31.8357,Violence against civilians,72
United Kingdom,52.3684,-3.6077,Riots,7
United Kingdom,52.8839,-1.5767,Explosions/Remote violence,1
United Kingdom,52.8839,-1.5767,Riots,226
United Kingdom,52.8839,-1.5767,Violence against civilians,17
United Kingdom,54.6374,-6.8572,Explosions/Remote violence,1
United Kingdom,54.6374,-6.8572,Riots,145
United Kingdom,54.6374,-6.8572,Violence against civilians,35
United Kingdom,56.6527,-3.9123,Riots,23
Uzbekistan,38.0963,67.5499,Explosions/Remote violence,2
Uzbekistan,38.0963,67.5499,Riots,8
Uzbekistan,38.0963,67.5499,Violence against civilians,10
Uzbekistan,38.7419,66.1405,Riots,12
Uzbekistan,38.7419,66.1405,Violence against civilians,16
Uzbekistan,39.9581,66.3945,Riots,10
Uzbekistan,39.9581,66.3945,Violence against civilians,12
Uzbekistan,40.2085,63.6509,Riots,1
Uzbekistan,40.2085,63.6509,Violence against civilians,5
Uzbekistan,40.3319,67.5001,Riots,1
Uzbekistan,40.3319,67.5001,Violence against civilians,7
Uzbekistan,40.4607,71.241,Riots,6
Uzbekistan,40.4607,71.241,Violence against civilians,16
Uzbekistan,40.6027,68.8708,Violence against civilians,1
Uzbekistan,40.7269,72.2977,Riots,5
Uzbekistan,40.7269,72.2977,Violence against civilians,10
Uzbekistan,41.0812,71.3478,Riots,2
Uzbekistan,41.0812,71.3478,Violence against civilians,11
Uzbekistan,41.2482,69.9156,Riots,5
Uzbekistan,41.2482,69.9156,Violence against civilians,9
Uzbekistan,41.2868,69.255,Riots,25
Uzbekistan,41.2868,69.255,Violence against civilians,47
Uzbekistan,41.567,60.5134,Riots,2
Uzbekistan,41.567,60.5134,Violence against civilians,3
Uzbekistan,41.6569,64.2995,Riots,1
Uzbekistan,41.6569,64.2995,Violence against civilians,6
Uzbekistan,43.2883,59.1575,Riots,2
Uzbekistan,43.2883,59.1575,Violence against civilians,14
Anguilla,18.2169,-63.0513,Riots,1
Antigua and Barbuda,17.037,-61.7715,Violence against civilians,1
Antigua and Barbuda,17.0492,-61.8615,Violence against civilians,1
Antigua and Barbuda,17.1103,-61.8287,Riots,3
Antigua and Barbuda,17.1103,-61.8287,Violence against civilians,9
Antigua and Barbuda,17.118,-61.7959,Violence against civilians,1
Argentina,-49.1933,-70.3874,Riots,29
Argentina,-49.1933,-70.3874,Violence against civilians,4
Argentina,-43.9958,-68.4745,Riots,125
Argentina,-43.9958,-68.4745,Violence against civilians,4
Argentina,-39.794,-66.4321,Riots,45
Argentina,-39.794,-66.4321,Violence against civilians,6
Argentina,-38.5735,-69.5414,Riots,10
Argentina,-38.5735,-69.5414,Violence against civilians,3
Argentina,-37.1788,-65.8186,Riots,55
Argentina,-37.1788,-65.8186,Violence against civilians,4
Argentina,-37.1495,-60.1324,Explosions/Remote violence,5
Argentina,-37.1495,-60.1324,Riots,308
Argentina,-37.1495,-60.1324,Violence against civilians,60
Argentina,-34.7859,-68.4388,Riots,19
Argentina,-34.7859,-68.4388,Violence against civilians,5
Argentina,-34.6195,-58.4479,Explosions/Remote violence,5
Argentina,-34.6195,-58.4479,Riots,103
Argentina,-34.6195,-58.4479,Violence against civilians,20
Argentina,-33.9186,-65.9205,Riots,27
Argentina,-33.9186,-65.9205,Violence against civilians,1
Argentina,-32.2563,-63.6282,Explosions/Remote violence,1
Argentina,-32.2563,-63.6282,Riots,84
Argentina,-32.2563,-63.6282,Violence against civilians,15
Argentina,-32.1014,-59.4199,Riots,5
Argentina,-32.1014,-59.4199,Violence against civilians,1
Argentina,-31.1882,-60.9831,Riots,71
Argentina,-31.1882,-60.9831,Violence against civilians,34
Argentina,-30.5099,-68.847,Riots,16
Argentina,-30.5099,-68.847,Violence against civilians,1
Argentina,-29.8518,-66.8579,Riots,6
Argentina,-28.9986,-57.8104,Riots,22
Argentina,-28.9986,-57.8104,Violence against civilians,3
Argentina,-28.1224,-63.4292,Riots,14
Argentina,-28.1224,-63.4292,Violence against civilians,3
Argentina,-27.6438,-67.4923,Riots,21
Argentina,-27.6438,-67.4923,Violence against civilians,3
Argentina,-27.0418,-65.3628,Riots,68
Argentina,-27.0418,-65.3628,Violence against civilians,7
Argentina,-26.8297,-54.3909,Riots,15
Argentina,-26.8297,-54.3909,Violence against civilians,1
Argentina,-26.0839,-60.695,Riots,14
Argentina,-26.0839,-60.695,Violence against civilians,5
Argentina,-24.6768,-60.0817,Riots,18
Argentina,-24.6768,-60.0817,Violence against civilians,1
Argentina,-24.2083,-63.2581,Riots,6
Argentina,-24.2083,-63.2581,Violence against civilians,4
Argentina,-23.1988,-66.0611,Riots,6
Argentina,-23.1988,-66.0611,Violence against civilians,3
Aruba,12.5176,-69.9841,Violence against civilians,1
Bahamas,25.0328,-77.3928,Riots,4
Bahamas,25.0328,-77.3928,Violence against civilians,14
Bahamas,25.7504,-79.2544,Violence against civilians,1
Bahamas,26.4726,-77.1207,Violence against civilians,1
Barbados,13.1182,-59.6011,Riots,1
Barbados,13.1327,-59.4682,Violence against civilians,1
Belize,16.2923,-88.873,Riots,1
Belize,16.2923,-88.873,Violence against civilians,28
Belize,16.8133,-88.4616,Riots,2
Belize,16.8133,-88.4616,Violence against civilians,40
Belize,16.9478,-88.8908,Riots,8
Belize,16.9478,-88.8908,Violence against civilians,89
Belize,17.5378,-88.4345,Riots,15
Belize,17.5378,-88.4345,Violence against civilians,405
Belize,17.7831,-88.8577,Riots,6
Belize,17.7831,-88.8577,Violence against civilians,29
Belize,18.2259,-88.3249,Riots,2
Belize,18.2259,-88.3249,Violence against civilians,23
Bolivia,-21.8751,-63.9593,Riots,30
Bolivia,-21.8751,-63.9593,Violence against civilians,2
Bolivia,-20.3534,-66.9506,Riots,62
Bolivia,-20.3534,-66.9506,Violence against civilians,1
Bolivia,-19.9325,-64.2715,Explosions/Remote violence,1
Bolivia,-19.9325,-64.2715,Riots,57
Bolivia,-19.9325,-64.2715,Violence against civilians,3
Bolivia,-18.6055,-67.8346,Explosions/Remote violence,1
Bolivia,-18.6055,-67.8346,Riots,61
Bolivia,-18.6055,-67.8346,Violence against civilians,4
Bolivia,-17.2305,-65.6196,Explosions/Remote violence,3
Bolivia,-17.2305,-65.6196,Riots,279
Bolivia,-17.2305,-65.6196,Violence against civilians,6
Bolivia,-16.9792,-61.569,Riots,282
Bolivia,-16.9792,-61.569,Violence against civilians,17
Bolivia,-14.9474,-68.3901,Explosions/Remote violence,2
Bolivia,-14.9474,-68.3901,Riots,284
Bolivia,-14.9474,-68.3901,Violence against civilians,12
Bolivia,-13.4364,-64.6435,Riots,21
Bolivia,-13.4364,-64.6435,Violence against civilians,1
Bolivia,-11.0859,-67.3592,Riots,4
Brazil,-30.4168,-53.8309,Explosions/Remote violence,48
Brazil,-30.4168,-53.8309,Riots,94
Brazil,-30.4168,-53.8309,Violence against civilians,631
Brazil,-27.6481,-50.0177,Explosions/Remote violence,8
Brazil,-27.6481,-50.0177,Riots,82
Brazil,-27.6481,-50.0177,Violence against civilians,459
Brazil,-24.6143,-51.8166,Explosions/Remote violence,59
Brazil,-24.6143,-51.8166,Riots,91
Brazil,-24.6143,-51.8166,Violence against civilians,478
Brazil,-22.5166,-49.3058,Explosions/Remote violence,140
Brazil,-22.5166,-49.3058,Riots,554
Brazil,-22.5166,-49.3058,Violence against civilians,1769
Brazil,-22.0653,-42.0616,Explosions/Remote violence,74
Brazil,-22.0653,-42.0616,Riots,426
Brazil,-22.0653,-42.0616,Violence against civilians,2516
Brazil,-20.6198,-54.7885,Explosions/Remote violence,3
Brazil,-20.6198,-54.7885,Riots,175
Brazil,-20.6198,-54.7885,Violence against civilians,805
Brazil,-19.5971,-40.4429,Explosions/Remote violence,9
Brazil,-19.5971,-40.4429,Riots,170
Brazil,-19.5971,-40.4429,Violence against civilians,825
Brazil,-18.5803,-45.186,Explosions/Remote violence,89
Brazil,-18.5803,-45.186,Riots,248
Brazil,-18.5803,-45.186,Violence against civilians,2034
Brazil,-15.9489,-50.2595,Explosions/Remote violence,31
Brazil,-15.9489,-50.2595,Riots,63
Brazil,-15.9489,-50.2595,Violence against civilians,328
Brazil,-15.7764,-47.7812,Explosions/Remote violence,13
Brazil,-15.7764,-47.7812,Riots,72
Brazil,-15.7764,-47.7812,Violence against civilians,168
Brazil,-13.4234,-42.6559,Explosions/Remote violence,107
Brazil,-13.4234,-42.6559,Riots,382
Brazil,-13.4234,-42.6559,Violence against civilians,3432
Brazil,-12.6936,-55.3627,Explosions/Remote violence,37
Brazil,-12.6936,-55.3627,Riots,84
Brazil,-12.6936,-55.3627,Violence against civilians,1533
Brazil,-10.8335,-63.4101,Explosions/Remote violence,2
Brazil,-10.8335,-63.4101,Riots,109
Brazil,-10.8335,-63.4101,Violence against civilians,574
Brazil,-10.542,-37.1891,Explosions/Remote violence,5
Brazil,-10.542,-37.1891,Riots,77
Brazil,-10.542,-37.1891,Violence against civilians,306
Brazil,-9.6584,-36.7975,Explosions/Remote violence,19
Brazil,-9.6584,-36.7975,Riots,414
Brazil,-9.6584,-36.7975,Violence against civilians,1796
Brazil,-9.3146,-48.4294,Explosions/Remote violence,11
Brazil,-9.3146,-48.4294,Riots,34
Brazil,-9.3146,-48.4294,Violence against civilians,361
Brazil,-9.1321,-70.7088,Riots,27
Brazil,-9.1321,-70.7088,Violence against civilians,436
Brazil,-8.3747,-37.8995,Explosions/Remote violence,68
Brazil,-8.3747,-37.8995,Riots,372
Brazil,-8.3747,-37.8995,Violence against civilians,2342
Brazil,-7.1637,-36.7401,Explosions/Remote violence,78
Brazil,-7.1637,-36.7401,Riots,127
Brazil,-7.1637,-36.7401,Violence against civilians,1284
Brazil,-6.8341,-41.8926,Explosions/Remote violence,28
Brazil,-6.8341,-41.8926,Riots,135
Brazil,-6.8341,-41.8926,Violence against civilians,1013
Brazil,-5.9074,-36.6503,Explosions/Remote violence,35
Brazil,-5.9074,-36.6503,Riots,67
Brazil,-5.9074,-36.6503,Violence against civilians,555
Brazil,-5.6915,-45.2856,Explosions/Remote violence,48
Brazil,-5.6915,-45.2856,Riots,114
Brazil,-5.6915,-45.2856,Violence against civilians,531
Brazil,-5.321,-39.3666,Explosions/Remote violence,35
Brazil,-5.321,-39.3666,Riots,169
Brazil,-5.321,-39.3666,Violence against civilians,915
Brazil,-3.8237,-63.4458,Explosions/Remote violence,2
Brazil,-3.8237,-63.4458,Riots,523
Brazil,-3.8237,-63.4458,Violence against civilians,2615
Brazil,-3.6307,-51.9953,Explosions/Remote violence,21
Brazil,-3.6307,-51.9953,Riots,263
Brazil,-3.6307,-51.9953,Violence against civilians,1732
Brazil,1.5995,-52.0142,Riots,38
Brazil,1.5995,-52.0142,Violence against civilians,559
Brazil,1.8387,-61.1865,Explosions/Remote violence,4
Brazil,1.8387,-61.1865,Riots,86
Brazil,1.8387,-61.1865,Violence against civilians,442
Chile,-53.7122,-69.2809,Riots,33
Chile,-53.7122,-69.2809,Violence against civilians,2
Chile,-46.4247,-72.723,Riots,11
Chile,-46.4247,-72.723,Violence against civilians,2
Chile,-42.601,-73.9637,Explosions/Remote violence,1
Chile,-42.601,-73.9637,Riots,182
Chile,-42.601,-73.9637,Violence against civilians,16
Chile,-39.9833,-72.6673,Explosions/Remote violence,1
Chile,-39.9833,-72.6673,Riots,167
Chile,-39.9833,-72.6673,Violence against civilians,16
Chile,-38.6094,-72.1644,Explosions/Remote violence,3
Chile,-38.6094,-72.1644,Riots,271
Chile,-38.6094,-72.1644,Violence against civilians,203
Chile,-37.4685,-72.3557,Explosions/Remote violence,7
Chile,-37.4685,-72.3557,Riots,481
Chile,-37.4685,-72.3557,Violence against civilians,119
Chile,-36.6018,-71.9238,Explosions/Remote violence,1
Chile,-36.6018,-71.9238,Riots,19
Chile,-36.6018,-71.9238,Violence against civilians,1
Chile,-35.6147,-71.5126,Explosions/Remote violence,1
Chile,-35.6147,-71.5126,Riots,64
Chile,-35.6147,-71.5126,Violence against civilians,12
Chile,-34.4279,-71.0468,Riots,56
Chile,-34.4279,-71.0468,Violence against civilians,9
Chile,-33.607,-70.6054,Explosions/Remote violence,17
Chile,-33.607,-70.6054,Riots,1445
Chile,-33.607,-70.6054,Violence against civilians,98
Chile,-32.9885,-70.2956,Explosions/Remote violence,2
Chile,-32.9885,-70.2956,Riots,548
Chile,-32.9885,-70.2956,Violence against civilians,29
Chile,-30.6591,-70.9811,Riots,170
Chile,-30.6591,-70.9811,Violence against civilians,13
Chile,-27.4099,-69.9287,Riots,79
Chile,-27.4099,-69.9287,Violence against civilians,4
Chile,-23.4982,-68.79,Riots,162
Chile,-23.4982,-68.79,Violence against civilians,12
Chile,-20.2839,-69.4118,Riots,94
Chile,-20.2839,-69.4118,Violence against civilians,6
Chile,-18.3615,-69.7091,Explosions/Remote violence,2
Chile,-18.3615,-69.7091,Riots,55
Chile,-18.3615,-69.7091,Violence against civilians,7
Colombia,-2.0564,-71.3241,Explosions/Remote violence,2
Colombia,-2.0564,-71.3241,Riots,2
Colombia,-2.0564,-71.3241,Violence against civilians,27
Colombia,0.4223,-70.945,Violence against civilians,1
Colombia,0.4548,-76.0571,Explosions/Remote violence,39
Colombia,0.4548,-76.0571,Riots,15
Colombia,0.4548,-76.0571,Violence against civilians,391
Colombia,1.1135,-74.7692,Explosions/Remote violence,36
Colombia,1.1135,-74.7692,Riots,11
Colombia,1.1135,-74.7692,Violence against civilians,190
Colombia,1.4943,-77.8971,Explosions/Remote violence,177
Colombia,1.4943,-77.8971,Riots,53
Colombia,1.4943,-77.8971,Violence against civilians,655
Colombia,1.7908,-72.3731,Explosions/Remote violence,41
Colombia,1.7908,-72.3731,Riots,6
Colombia,1.7908,-72.3731,Violence against civilians,64
Colombia,2.1422,-76.8708,Explosions/Remote violence,309
Colombia,2.1422,-76.8708,Riots,138
Colombia,2.1422,-76.8708,Violence against civilians,1765
Colombia,2.6052,-69.1891,Explosions/Remote violence,2
Colombia,2.6052,-69.1891,Riots,1
Colombia,2.6052,-69.1891,Violence against civilians,2
Colombia,2.7008,-75.4513,Explosions/Remote violence,24
Colombia,2.7008,-75.4513,Riots,27
Colombia,2.7008,-75.4513,Violence against civilians,139
Colombia,3.2641,-72.86,Explosions/Remote violence,52
Colombia,3.2641,-72.86,Riots,23
Colombia,3.2641,-72.86,Violence against civilians,302
Colombia,4.0646,-76.1232,Explosions/Remote violence,117
Colombia,4.0646,-76.1232,Riots,232
Colombia,4.0646,-76.1232,Violence against civilians,642
Colombia,4.0898,-75.1212,Explosions/Remote violence,7
Colombia,4.0898,-75.1212,Riots,97
Colombia,4.0898,-75.1212,Violence against civilians,67
Colombia,4.2804,-74.1758,Explosions/Remote violence,14
Colombia,4.2804,-74.1758,Riots,541
Colombia,4.2804,-74.1758,Violence against civilians,92
Colombia,4.3969,-75.694,Explosions/Remote violence,3
Colombia,4.3969,-75.694,Riots,7
Colombia,4.3969,-75.694,Violence against civilians,18
Colombia,4.5296,-69.467,Violence against civilians,19
Colombia,4.7814,-73.6705,Explosions/Remote violence,3
Colombia,4.7814,-73.6705,Riots,63
Colombia,4.7814,-73.6705,Violence against civilians,29
Colombia,5.1159,-75.9811,Explosions/Remote violence,1
Colombia,5.1159,-75.9811,Riots,41
Colombia,5.1159,-75.9811,Violence against civilians,40
Colombia,5.2907,-75.3354,Riots,42
Colombia,5.2907,-75.3354,Violence against civilians,33
Colombia,5.2953,-71.6775,Explosions/Remote violence,10
Colombia,5.2953,-71.6775,Riots,2
Colombia,5.2953,-71.6775,Violence against civilians,53
Colombia,5.8558,-72.7682,Explosions/Remote violence,12
Colombia,5.8558,-72.7682,Riots,14
Colombia,5.8558,-72.7682,Violence against civilians,22
Colombia,6.3194,-77.083,Explosions/Remote violence,63
Colombia,6.3194,-77.083,Riots,16
Colombia,6.3194,-77.083,Violence against civilians,408
Colombia,6.5728,-70.9574,Explosions/Remote violence,239
Colombia,6.5728,-70.9574,Riots,4
Colombia,6.5728,-70.9574,Violence against civilians,886
Colombia,6.9262,-73.269,Explosions/Remote violence,23
Colombia,6.9262,-73.269,Riots,207
Colombia,6.9262,-73.269,Violence against civilians,114
Colombia,7.1569,-75.4446,Explosions/Remote violence,173
Colombia,7.1569,-75.4446,Riots,316
Colombia,7.1569,-75.4446,Violence against civilians,1380
Colombia,8.0823,-72.8624,Explosions/Remote violence,298
Colombia,8.0823,-72.8624,Riots,82
Colombia,8.0823,-72.8624,Violence against civilians,1229
Colombia,8.3947,-75.5141,Explosions/Remote violence,25
Colombia,8.3947,-75.5141,Riots,66
Colombia,8.3947,-75.5141,Violence against civilians,254
Colombia,8.8677,-74.2129,Explosions/Remote violence,38
Colombia,8.8677,-74.2129,Riots,150
Colombia,8.8677,-74.2129,Violence against civilians,398
Colombia,9.1582,-75.1521,Explosions/Remote violence,9
Colombia,9.1582,-75.1521,Riots,39
Colombia,9.1582,-75.1521,Violence against civilians,106
Colombia,9.2742,-73.6214,Explosions/Remote violence,25
Colombia,9.2742,-73.6214,Riots,38
Colombia,9.2742,-73.6214,Violence against civilians,218
Colombia,10.1339,-74.5037,Explosions/Remote violence,4
Colombia,10.1339,-74.5037,Riots,64
Colombia,10.1339,-74.5037,Violence against civilians,180
Colombia,10.6677,-74.9939,Explosions/Remote violence,4
Colombia,10.6677,-74.9939,Riots,188
Colombia,10.6677,-74.9939,Violence against civilians,120
Colombia,11.4272,-72.5864,Explosions/Remote violence,18
Colombia,11.4272,-72.5864,Riots,78
Colombia,11.4272,-72.5864,Violence against civilians,241
Colombia,13.3552,-81.3728,Violence against civilians,2
Costa Rica,9.1882,-83.2681,Riots,32
Costa Rica,9.1882,-83.2681,Violence against civilians,11
Costa Rica,9.6354,-84.0589,Explosions/Remote violence,3
Costa Rica,9.6354,-84.0589,Riots,47
Costa Rica,9.6354,-84.0589,Violence against civilians,15
Costa Rica,9.8226,-83.6895,Riots,10
Costa Rica,9.8226,-83.6895,Violence against civilians,2
Costa Rica,10.0034,-83.3736,Riots,21
Costa Rica,10.0034,-83.3736,Violence against civilians,9
Costa Rica,10.3787,-84.0149,Riots,9
Costa Rica,10.3787,-84.0149,Violence against civilians,3
Costa Rica,10.4559,-84.4674,Riots,25
Costa Rica,10.4559,-84.4674,Violence against civilians,11
Costa Rica,10.4797,-85.2792,Riots,9
Costa Rica,10.4797,-85.2792,Violence against civilians,5
Cuba,20.2158,-74.8011,Riots,3
Cuba,20.2158,-74.8011,Violence against civilians,14
Cuba,20.2227,-75.9463,Riots,18
Cuba,20.2227,-75.9463,Violence against civilians,43
Cuba,20.295,-76.7794,Riots,3
Cuba,20.295,-76.7794,Violence against civilians,5
Cuba,20.8162,-76.2418,Riots,9
Cuba,20.8162,-76.2418,Violence against civilians,18
Cuba,21.0488,-76.8757,Violence against civilians,7
Cuba,21.3895,-77.83,Riots,7
Cuba,21.3895,-77.83,Violence against civilians,17
Cuba,21.6919,-82.8157,Violence against civilians,3
Cuba,21.9655,-78.595,Riots,1
Cuba,21.9655,-78.595,Violence against civilians,4
Cuba,21.9973,-79.3859,Violence against civilians,1
Cuba,22.2005,-80.4865,Riots,4
Cuba,22.2005,-80.4865,Violence against civilians,5
Cuba,22.3273,-83.842,Riots,1
Cuba,22.3273,-83.842,Violence against civilians,4
Cuba,22.5086,-79.8413,Riots,4
Cuba,22.5086,-79.8413,Violence against civilians,15
Cuba,22.5976,-81.0832,Riots,9
Cuba,22.5976,-81.0832,Violence against civilians,14
Cuba,22.7832,-82.9185,Riots,4
Cuba,22.7832,-82.9185,Violence against civilians,10
Cuba,22.8773,-82.0713,Riots,4
Cuba,22.8773,-82.0713,Violence against civilians,15
Cuba,23.0575,-82.3594,Riots,49
Cuba,23.0575,-82.3594,Violence against civilians,141
Curacao,12.1626,-68.9606,Riots,7
Dominica,15.2523,-61.3606,Explosions/Remote violence,1
Dominica,15.3051,-61.3481,Riots,2
Dominica,15.4448,-61.3833,Riots,2
Dominica,15.5433,-61.3578,Riots,4
Dominica,15.5433,-61.3578,Violence against civilians,1
Dominica,15.5736,-61.4369,Violence against civilians,1
Dominican Republic,17.948,-71.5248,Explosions/Remote violence,1
Dominican Republic,17.948,-71.5248,Riots,7
Dominican Republic,17.948,-71.5248,Violence against civilians,5
Dominican Republic,18.1749,-71.2484,Riots,1
Dominican Republic,18.1749,-71.2484,Violence against civilians,2
Dominican Republic,18.3512,-70.3695,Riots,1
Dominican Republic,18.3512,-70.3695,Violence against civilians,2
Dominican Republic,18.4142,-71.6353,Riots,1
Dominican Republic,18.4142,-71.6353,Violence against civilians,2
Dominican Republic,18.4841,-69.9293,Riots,15
Dominican Republic,18.4841,-69.9293,Violence against civilians,20
Dominican Republic,18.4904,-71.3316,Violence against civilians,2
Dominican Republic,18.5188,-70.2176,Riots,5
Dominican Republic,18.5188,-70.2176,Violence against civilians,3
Dominican Republic,18.526,-68.9665,Riots,1
Dominican Republic,18.526,-68.9665,Violence against civilians,4
Dominican Republic,18.5653,-69.8561,Riots,21
Dominican Republic,18.5653,-69.8561,Violence against civilians,10
Dominican Republic,18.5868,-68.6061,Riots,8
Dominican Republic,18.5868,-68.6061,Violence against civilians,4
Dominican Republic,18.6078,-69.4887,Riots,1
Dominican Republic,18.6078,-69.4887,Violence against civilians,1
Dominican Republic,18.608,-70.514,Riots,1
Dominican Republic,18.6262,-70.9043,Riots,1
Dominican Republic,18.6262,-70.9043,Violence against civilians,1
Dominican Republic,18.7857,-69.0197,Violence against civilians,1
Dominican Republic,18.8149,-69.3477,Violence against civilians,1
Dominican Republic,18.8387,-69.8364,Riots,1
Dominican Republic,18.8835,-71.3076,Riots,3
Dominican Republic,18.8835,-71.3076,Violence against civilians,5
Dominican Republic,18.9232,-70.4161,Riots,5
Dominican Republic,18.9685,-71.7205,Riots,2
Dominican Republic,18.9685,-71.7205,Violence against civilians,2
Dominican Republic,19.0037,-70.1489,Riots,4
Dominican Republic,19.0037,-70.1489,Violence against civilians,2
Dominican Republic,19.031,-70.7272,Riots,4
Dominican Republic,19.031,-70.7272,Violence against civilians,2
Dominican Republic,19.1777,-69.651,Riots,1
Dominican Republic,19.1777,-69.651,Violence against civilians,1
Dominican Republic,19.283,-70.1883,Riots,14
Dominican Republic,19.283,-70.1883,Violence against civilians,2
Dominican Republic,19.3364,-70.952,Riots,31
Dominican Republic,19.3364,-70.952,Violence against civilians,24
Dominican Republic,19.3686,-71.3523,Violence against civilians,1
Dominican Republic,19.3959,-70.3838,Riots,8
Dominican Republic,19.4385,-71.5725,Riots,6
Dominican Republic,19.4385,-71.5725,Violence against civilians,7
Dominican Republic,19.4417,-69.9988,Riots,2
Dominican Republic,19.5112,-70.4918,Riots,5
Dominican Republic,19.5112,-70.4918,Violence against civilians,3
Dominican Republic,19.5967,-71.0309,Riots,3
Dominican Republic,19.5967,-71.0309,Violence against civilians,1
Dominican Republic,19.719,-71.4444,Violence against civilians,2
Dominican Republic,19.7231,-70.7218,Riots,5
Ecuador,-4.1783,-78.8486,Riots,3
Ecuador,-4.1783,-78.8486,Violence against civilians,13
Ecuador,-4.0351,-79.7996,Explosions/Remote violence,6
Ecuador,-4.0351,-79.7996,Riots,16
Ecuador,-4.0351,-79.7996,Violence against civilians,29
Ecuador,-3.4688,-79.8412,Explosions/Remote violence,117
Ecuador,-3.4688,-79.8412,Riots,28
Ecuador,-3.4688,-79.8412,Violence against civilians,866
Ecuador,-3.0632,-79.217,Explosions/Remote violence,5
Ecuador,-3.0632,-79.217,Riots,78
Ecuador,-3.0632,-79.217,Violence against civilians,54
Ecuador,-2.5243,-78.9973,Riots,9
Ecuador,-2.5243,-78.9973,Violence against civilians,18
Ecuador,-2.5176,-77.7334,Riots,7
Ecuador,-2.5176,-77.7334,Violence against civilians,1
Ecuador,-2.0874,-80.5199,Explosions/Remote violence,5
Ecuador,-2.0874,-80.5199,Riots,11
Ecuador,-2.0874,-80.5199,Violence against civilians,241
Ecuador,-1.9982,-78.7488,Riots,38
Ecuador,-1.9982,-78.7488,Violence against civilians,18
Ecuador,-1.9496,-79.9255,Explosions/Remote violence,157
Ecuador,-1.9496,-79.9255,Riots,145
Ecuador,-1.9496,-79.9255,Violence against civilians,1938
Ecuador,-1.8064,-76.8234,Riots,4
Ecuador,-1.8064,-76.8234,Violence against civilians,8
Ecuador,-1.6759,-79.0577,Explosions/Remote violence,6
Ecuador,-1.6759,-79.0577,Riots,15
Ecuador,-1.6759,-79.0577,Violence against civilians,9
Ecuador,-1.335,-79.5373,Explosions/Remote violence,1
Ecuador,-1.335,-79.5373,Riots,27
Ecuador,-1.335,-79.5373,Violence against civilians,634
Ecuador,-1.2562,-78.502,Explosions/Remote violence,2
Ecuador,-1.2562,-78.502,Riots,101
Ecuador,-1.2562,-78.502,Violence against civilians,64
Ecuador,-0.8057,-76.2234,Explosions/Remote violence,1
Ecuador,-0.8057,-76.2234,Riots,3
Ecuador,-0.8057,-76.2234,Violence against civilians,9
Ecuador,-0.7882,-80.102,Explosions/Remote violence,8
Ecuador,-0.7882,-80.102,Riots,42
Ecuador,-0.7882,-80.102,Violence against civilians,1129
Ecuador,-0.7744,-78.7901,Explosions/Remote violence,1
Ecuador,-0.7744,-78.7901,Riots,55
Ecuador,-0.7744,-78.7901,Violence against civilians,17
Ecuador,-0.607,-77.9516,Explosions/Remote violence,1
Ecuador,-0.607,-77.9516,Riots,12
Ecuador,-0.607,-77.9516,Violence against civilians,5
Ecuador,-0.3409,-79.1702,Explosions/Remote violence,9
Ecuador,-0.3409,-79.1702,Riots,21
Ecuador,-0.3409,-79.1702,Violence against civilians,104
Ecuador,-0.1948,-78.5046,Explosions/Remote violence,19
Ecuador,-0.1948,-78.5046,Riots,186
Ecuador,-0.1948,-78.5046,Violence against civilians,181
Ecuador,0.0032,-76.6835,Explosions/Remote violence,3
Ecuador,0.0032,-76.6835,Riots,2
Ecuador,0.0032,-76.6835,Violence against civilians,29
Ecuador,0.4993,-78.3243,Explosions/Remote violence,1
Ecuador,0.4993,-78.3243,Riots,39
Ecuador,0.4993,-78.3243,Violence against civilians,7
Ecuador,0.6564,-79.2806,Explosions/Remote violence,16
Ecuador,0.6564,-79.2806,Riots,35
Ecuador,0.6564,-79.2806,Violence against civilians,330
Ecuador,0.7772,-77.9729,Riots,11
Ecuador,0.7772,-77.9729,Violence against civilians,7
El Salvador,13.4304,-88.5401,Violence against civilians,84
El Salvador,13.4649,-88.9857,Riots,3
El Salvador,13.4649,-88.9857,Violence against civilians,97
El Salvador,13.5256,-88.7405,Riots,3
El Salvador,13.5256,-88.7405,Violence against civilians,28
El Salvador,13.5368,-87.9025,Riots,1
El Salvador,13.5368,-87.9025,Violence against civilians,58
El Salvador,13.5386,-88.2024,Explosions/Remote violence,1
El Salvador,13.5386,-88.2024,Violence against civilians,131
El Salvador,13.7117,-89.6602,Riots,6
El Salvador,13.7117,-89.6602,Violence against civilians,137
El Salvador,13.7454,-89.361,Explosions/Remote violence,1
El Salvador,13.7454,-89.361,Riots,10
El Salvador,13.7454,-89.361,Violence against civilians,203
El Salvador,13.7699,-89.1583,Explosions/Remote violence,3
El Salvador,13.7699,-89.1583,Riots,22
El Salvador,13.7699,-89.1583,Violence against civilians,481
El Salvador,13.7725,-88.095,Violence against civilians,49
El Salvador,13.8594,-89.0641,Explosions/Remote violence,1
El Salvador,13.8594,-89.0641,Riots,1
El Salvador,13.8594,-89.0641,Violence against civilians,70
El Salvador,13.8657,-89.9277,Explosions/Remote violence,1
El Salvador,13.8657,-89.9277,Riots,4
El Salvador,13.8657,-89.9277,Violence against civilians,97
El Salvador,13.8839,-88.7384,Violence against civilians,27
El Salvador,14.1166,-89.568,Explosions/Remote violence,1
El Salvador,14.1166,-89.568,Riots,3
El Salvador,14.1166,-89.568,Violence against civilians,93
El Salvador,14.1764,-89.0937,Explosions/Remote violence,1
El Salvador,14.1764,-89.0937,Riots,1
El Salvador,14.1764,-89.0937,Violence against civilians,24
French Guiana,3.8675,-52.4777,Riots,18
French Guiana,3.8675,-52.4777,Violence against civilians,2
French Guiana,3.9213,-53.7188,Riots,16
French Guiana,3.9213,-53.7188,Violence against civilians,2
Grenada,12.1428,-61.7147,Riots,1
Guadeloupe,16.1709,-61.7032,Riots,99
Guadeloupe,16.1709,-61.7032,Violence against civilians,2
Guadeloupe,16.3302,-61.4201,Riots,84
Guatemala,14.1508,-89.8865,Riots,9
Guatemala,14.1508,-89.8865,Violence against civilians,58
Guatemala,14.1597,-90.3215,Riots,7
Guatemala,14.1597,-90.3215,Violence against civilians,53
Guatemala,14.1916,-90.9878,Riots,34
Guatemala,14.1916,-90.9878,Violence against civilians,149
Guatemala,14.3769,-91.481,Explosions/Remote violence,2
Guatemala,14.3769,-91.481,Riots,12
Guatemala,14.3769,-91.481,Violence against civilians,42
Guatemala,14.4193,-91.8289,Riots,10
Guatemala,14.4193,-91.8289,Violence against civilians,43
Guatemala,14.5506,-90.7532,Riots,10
Guatemala,14.5506,-90.7532,Violence against civilians,62
Guatemala,14.5849,-90.4357,Explosions/Remote violence,5
Guatemala,14.5849,-90.4357,Riots,138
Guatemala,14.5849,-90.4357,Violence against civilians,1800
Guatemala,14.6504,-89.9233,Riots,11
Guatemala,14.6504,-89.9233,Violence against civilians,72
Guatemala,14.6575,-90.9261,Riots,14
Guatemala,14.6575,-90.9261,Violence against civilians,64
Guatemala,14.6811,-89.3982,Riots,9
Guatemala,14.6811,-89.3982,Violence against civilians,81
Guatemala,14.7022,-91.282,Riots,9
Guatemala,14.7022,-91.282,Violence against civilians,39
Guatemala,14.8565,-91.5934,Explosions/Remote violence,3
Guatemala,14.8565,-91.5934,Riots,35
Guatemala,14.8565,-91.5934,Violence against civilians,92
Guatemala,14.8904,-90.0723,Riots,5
Guatemala,14.8904,-90.0723,Violence against civilians,36
Guatemala,14.954,-91.9122,Riots,43
Guatemala,14.954,-91.9122,Violence against civilians,61
Guatemala,15.0194,-89.4819,Riots,5
Guatemala,15.0194,-89.4819,Violence against civilians,69
Guatemala,15.0425,-91.4061,Riots,10
Guatemala,15.0425,-91.4061,Violence against civilians,6
Guatemala,15.0796,-90.358,Riots,8
Guatemala,15.0796,-90.358,Violence against civilians,21
Guatemala,15.4386,-91.0003,Riots,29
Guatemala,15.4386,-91.0003,Violence against civilians,26
Guatemala,15.5166,-88.7255,Riots,26
Guatemala,15.5166,-88.7255,Violence against civilians,119
Guatemala,15.601,-90.0912,Riots,25
Guatemala,15.601,-90.0912,Violence against civilians,66
Guatemala,15.6034,-91.6419,Explosions/Remote violence,1
Guatemala,15.6034,-91.6419,Riots,26
Guatemala,15.6034,-91.6419,Violence against civilians,54
Guatemala,16.8981,-90.062,Riots,23
Guatemala,16.8981,-90.062,Violence against civilians,87
Guyana,2.8427,-58.9791,Riots,1
Guyana,3.8908,-58.1384,Riots,18
Guyana,4.8622,-59.4194,Riots,1
Guyana,5.539,-58.1577,Riots,7
Guyana,5.539,-58.1577,Violence against civilians,3
Guyana,6.1888,-59.8496,Violence against civilians,4
Guyana,6.2685,-57.8289,Riots,41
Guyana,6.2685,-57.8289,Violence against civilians,1
Guyana,6.455,-58.1338,Explosions/Remote violence,1
Guyana,6.455,-58.1338,Riots,29
Guyana,6.455,-58.1338,Violence against civilians,16
Guyana,6.4899,-58.443,Riots,6
Guyana,6.4899,-58.443,Violence against civilians,3
Guyana,7.2057,-58.8312,Riots,4
Guyana,7.2057,-58.8312,Violence against civilians,2
Guyana,7.7363,-59.7041,Violence against civilians,1
Haiti,18.2184,-72.7834,Riots,59
Haiti,18.2184,-72.7834,Violence against civilians,11
Haiti,18.2277,-73.8826,Riots,72
Haiti,18.2277,-73.8826,Violence against civilians,37
Haiti,18.4043,-73.3192,Riots,51
Haiti,18.4043,-73.3192,Violence against civilians,21
Haiti,18.5162,-74.0986,Riots,63
Haiti,18.5162,-74.0986,Violence against civilians,34
Haiti,18.6173,-72.1737,Explosions/Remote violence,72
Haiti,18.6173,-72.1737,Riots,1129
Haiti,18.6173,-72.1737,Violence against civilians,2467
Haiti,19.0106,-72.0155,Riots,93
Haiti,19.0106,-72.0155,Violence against civilians,66
Haiti,19.3354,-72.4926,Riots,180
Haiti,19.3354,-72.4926,Violence against civilians,356
Haiti,19.4972,-71.8909,Riots,62
Haiti,19.4972,-71.8909,Violence against civilians,27
Haiti,19.5671,-72.2175,Riots,88
Haiti,19.5671,-72.2175,Violence against civilians,58
Haiti,19.7875,-73.0981,Riots,25
Haiti,19.7875,-73.0981,Violence against civilians,29
Honduras,13.373,-87.0487,Riots,48
Honduras,13.373,-87.0487,Violence against civilians,97
Honduras,13.5789,-87.5931,Explosions/Remote violence,2
Honduras,13.5789,-87.5931,Riots,11
Honduras,13.5789,-87.5931,Violence against civilians,28
Honduras,13.9618,-86.5626,Riots,17
Honduras,13.9618,-86.5626,Violence against civilians,118
Honduras,14.1286,-87.9838,Riots,7
Honduras,14.1286,-87.9838,Violence against civilians,15
Honduras,14.2535,-88.2362,Riots,7
Honduras,14.2535,-88.2362,Violence against civilians,29
Honduras,14.343,-87.1148,Riots,330
Honduras,14.343,-87.1148,Violence against civilians,1147
Honduras,14.4575,-88.6154,Explosions/Remote violence,1
Honduras,14.4575,-88.6154,Riots,6
Honduras,14.4575,-88.6154,Violence against civilians,47
Honduras,14.4758,-89.0369,Riots,7
Honduras,14.4758,-89.0369,Violence against civilians,19
Honduras,14.5551,-87.678,Riots,21
Honduras,14.5551,-87.678,Violence against civilians,146
Honduras,14.8226,-85.9538,Riots,13
Honduras,14.8226,-85.9538,Violence against civilians,230
Honduras,14.8945,-88.9263,Explosions/Remote violence,1
Honduras,14.8945,-88.9263,Riots,13
Honduras,14.8945,-88.9263,Violence against civilians,166
Honduras,15.0945,-88.3723,Explosions/Remote violence,2
Honduras,15.0945,-88.3723,Riots,23
Honduras,15.0945,-88.3723,Violence against civilians,117
Honduras,15.2978,-84.4084,Riots,5
Honduras,15.2978,-84.4084,Violence against civilians,12
Honduras,15.2997,-87.2913,Riots,15
Honduras,15.2997,-87.2913,Violence against civilians,236
Honduras,15.3572,-87.9949,Explosions/Remote violence,1
Honduras,15.3572,-87.9949,Riots,182
Honduras,15.3572,-87.9949,Violence against civilians,1108
Honduras,15.5482,-85.3097,Riots,32
Honduras,15.5482,-85.3097,Violence against civilians,163
Honduras,15.6737,-87.0416,Explosions/Remote violence,2
Honduras,15.6737,-87.0416,Riots,22
Honduras,15.6737,-87.0416,Violence against civilians,260
Honduras,16.0958,-86.9488,Riots,2
Honduras,16.0958,-86.9488,Violence against civilians,21
Jamaica,17.9519,-77.2719,Riots,10
Jamaica,17.9519,-77.2719,Violence against civilians,103
Jamaica,17.9692,-76.7838,Riots,41
Jamaica,17.9692,-76.7838,Violence against civilians,581
Jamaica,17.9708,-76.4439,Riots,8
Jamaica,17.9708,-76.4439,Violence against civilians,21
Jamaica,18.0472,-77.0333,Riots,28
Jamaica,18.0472,-77.0333,Violence against civilians,251
Jamaica,18.0488,-76.7672,Violence against civilians,3
Jamaica,18.0574,-77.7834,Riots,8
Jamaica,18.0574,-77.7834,Violence against civilians,27
Jamaica,18.0691,-77.519,Riots,10
Jamaica,18.0691,-77.519,Violence against civilians,62
Jamaica,18.1247,-76.5353,Riots,8
Jamaica,18.1247,-76.5353,Violence against civilians,21
Jamaica,18.2142,-77.9961,Riots,14
Jamaica,18.2142,-77.9961,Violence against civilians,147
Jamaica,18.2833,-76.9062,Riots,12
Jamaica,18.2833,-76.9062,Violence against civilians,37
Jamaica,18.3281,-77.25,Riots,22
Jamaica,18.3281,-77.25,Violence against civilians,73
Jamaica,18.3679,-77.8543,Riots,9
Jamaica,18.3679,-77.8543,Violence against civilians,171
Jamaica,18.3681,-77.6045,Riots,10
Jamaica,18.3681,-77.6045,Violence against civilians,38
Jamaica,18.3841,-78.1312,Riots,10
Jamaica,18.3841,-78.1312,Violence against civilians,51
Martinique,14.5251,-60.9587,Riots,37
Martinique,14.6414,-61.0348,Riots,83
Martinique,14.6414,-61.0348,Violence against civilians,1
Martinique,14.7448,-61.1316,Riots,18
Martinique,14.7555,-61.0269,Riots,17
Mexico,16.2598,-92.2326,Explosions/Remote violence,7
Mexico,16.2598,-92.2326,Riots,389
Mexico,16.2598,-92.2326,Violence against civilians,540
Mexico,17.1631,-96.278,Explosions/Remote violence,3
Mexico,17.1631,-96.278,Riots,426
Mexico,17.1631,-96.278,Violence against civilians,910
Mexico,17.6017,-99.9455,Explosions/Remote violence,49
Mexico,17.6017,-99.9455,Riots,278
Mexico,17.6017,-99.9455,Violence against civilians,2564
Mexico,17.9234,-92.5903,Riots,133
Mexico,17.9234,-92.5903,Violence against civilians,1108
Mexico,17.9603,-95.1781,Explosions/Remote violence,15
Mexico,17.9603,-95.1781,Riots,349
Mexico,17.9603,-95.1781,Violence against civilians,2379
Mexico,18.7341,-99.1011,Explosions/Remote violence,1
Mexico,18.7341,-99.1011,Riots,155
Mexico,18.7341,-99.1011,Violence against civilians,2028
Mexico,19.1002,-103.9241,Explosions/Remote violence,4
Mexico,19.1002,-103.9241,Riots,15
Mexico,19.1002,-103.9241,Violence against civilians,1491
Mexico,19.1612,-101.6684,Explosions/Remote violence,89
Mexico,19.1612,-101.6684,Riots,401
Mexico,19.1612,-101.6684,Violence against civilians,2985
Mexico,19.32,-99.1522,Explosions/Remote violence,3
Mexico,19.32,-99.1522,Riots,519
Mexico,19.32,-99.1522,Violence against civilians,1373
Mexico,19.3277,-99.8217,Explosions/Remote violence,4
Mexico,19.3277,-99.8217,Riots,525
Mexico,19.3277,-99.8217,Violence against civilians,1822
Mexico,19.3333,-89.9417,Explosions/Remote violence,1
Mexico,19.3333,-89.9417,Riots,288
Mexico,19.3333,-89.9417,Violence against civilians,299
Mexico,19.3503,-97.4203,Explosions/Remote violence,5
Mexico,19.3503,-97.4203,Riots,646
Mexico,19.3503,-97.4203,Violence against civilians,1901
Mexico,19.4175,-98.1101,Riots,76
Mexico,19.4175,-98.1101,Violence against civilians,98
Mexico,19.7414,-88.3237,Explosions/Remote violence,7
Mexico,19.7414,-88.3237,Riots,60
Mexico,19.7414,-88.3237,Violence against civilians,990
Mexico,20.4972,-99.2137,Explosions/Remote violence,3
Mexico,20.4972,-99.2137,Riots,359
Mexico,20.4972,-99.2137,Violence against civilians,594
Mexico,20.6151,-89.0852,Riots,103
Mexico,20.6151,-89.0852,Violence against civilians,69
Mexico,20.8381,-103.217,Explosions/Remote violence,6
Mexico,20.8381,-103.217,Riots,62
Mexico,20.8381,-103.217,Violence against civilians,2689
Mexico,20.8445,-99.9978,Riots,10
Mexico,20.8445,-99.9978,Violence against civilians,59
Mexico,20.8769,-101.2589,Explosions/Remote violence,24
Mexico,20.8769,-101.2589,Riots,111
Mexico,20.8769,-101.2589,Violence against civilians,4918
Mexico,21.8428,-104.8277,Riots,11
Mexico,21.8428,-104.8277,Violence against civilians,133
Mexico,22.0396,-102.3127,Riots,12
Mexico,22.0396,-102.3127,Violence against civilians,52
Mexico,22.8281,-101.0965,Riots,61
Mexico,22.8281,-101.0965,Violence against civilians,510
Mexico,23.0824,-103.2086,Explosions/Remote violence,6
Mexico,23.0824,-103.2086,Riots,23
Mexico,23.0824,-103.2086,Violence against civilians,1374
Mexico,24.5851,-104.5837,Explosions/Remote violence,4
Mexico,24.5851,-104.5837,Riots,31
Mexico,24.5851,-104.5837,Violence against civilians,172
Mexico,24.7569,-107.3863,Explosions/Remote violence,21
Mexico,24.7569,-107.3863,Riots,42
Mexico,24.7569,-107.3863,Violence against civilians,2638
Mexico,24.9437,-98.4314,Explosions/Remote violence,9
Mexico,24.9437,-98.4314,Riots,92
Mexico,24.9437,-98.4314,Violence against civilians,467
Mexico,25.4369,-111.5449,Riots,19
Mexico,25.4369,-111.5449,Violence against civilians,156
Mexico,25.4801,-99.5024,Explosions/Remote violence,4
Mexico,25.4801,-99.5024,Riots,116
Mexico,25.4801,-99.5024,Violence against civilians,3692
Mexico,27.2043,-102.3112,Riots,69
Mexico,27.2043,-102.3112,Violence against civilians,267
Mexico,28.7044,-106.0382,Explosions/Remote violence,7
Mexico,28.7044,-106.0382,Riots,41
Mexico,28.7044,-106.0382,Violence against civilians,1239
Mexico,29.4014,-110.5536,Explosions/Remote violence,4
Mexico,29.4014,-110.5536,Riots,40
Mexico,29.4014,-110.5536,Violence against civilians,1610
Mexico,30.3589,-115.2442,Explosions/Remote violence,3
Mexico,30.3589,-115.2442,Riots,66
Mexico,30.3589,-115.2442,Violence against civilians,2943
Nicaragua,11.308,-84.755,Violence against civilians,5
Nicaragua,11.3794,-85.5983,Explosions/Remote violence,1
Nicaragua,11.3794,-85.5983,Riots,17
Nicaragua,11.3794,-85.5983,Violence against civilians,1
Nicaragua,11.738,-86.2708,Riots,22
Nicaragua,11.738,-86.2708,Violence against civilians,14
Nicaragua,11.9136,-85.8832,Riots,8
Nicaragua,11.9136,-85.8832,Violence against civilians,2
Nicaragua,11.9866,-85.1855,Riots,7
Nicaragua,11.9866,-85.1855,Violence against civilians,7
Nicaragua,11.9937,-86.0882,Explosions/Remote violence,4
Nicaragua,11.9937,-86.0882,Riots,44
Nicaragua,11.9937,-86.0882,Violence against civilians,20
Nicaragua,12.1175,-84.2118,Riots,9
Nicaragua,12.1175,-84.2118,Violence against civilians,5
Nicaragua,12.1819,-86.2203,Riots,83
Nicaragua,12.1819,-86.2203,Violence against civilians,74
Nicaragua,12.2547,-85.7231,Riots,15
Nicaragua,12.2547,-85.7231,Violence against civilians,2
Nicaragua,12.5588,-86.6469,Riots,39
Nicaragua,12.5588,-86.6469,Violence against civilians,13
Nicaragua,12.8825,-87.1647,Riots,10
Nicaragua,12.8825,-87.1647,Violence against civilians,2
Nicaragua,12.9396,-85.6965,Explosions/Remote violence,1
Nicaragua,12.9396,-85.6965,Riots,25
Nicaragua,12.9396,-85.6965,Violence against civilians,14
Nicaragua,13.1455,-86.4713,Explosions/Remote violence,2
Nicaragua,13.1455,-86.4713,Riots,11
Nicaragua,13.1455,-86.4713,Violence against civilians,8
Nicaragua,13.4268,-86.4027,Riots,6
Nicaragua,13.4268,-86.4027,Violence against civilians,2
Nicaragua,13.7721,-86.0596,Riots,8
Nicaragua,13.7721,-86.0596,Violence against civilians,3
Nicaragua,13.7999,-85.3968,Riots,15
Nicaragua,13.7999,-85.3968,Violence against civilians,20
Nicaragua,14.0251,-84.1218,Riots,13
Nicaragua,14.0251,-84.1218,Violence against civilians,39
Panama,7.6174,-80.3464,Riots,1
Panama,7.8391,-80.7468,Riots,1
Panama,8.0473,-81.2413,Riots,37
Panama,8.0473,-81.2413,Violence against civilians,4
Panama,8.1552,-78.0488,Riots,9
Panama,8.4599,-82.5155,Riots,30
Panama,8.4599,-82.5155,Violence against civilians,7
Panama,8.5649,-80.4733,Riots,6
Panama,8.5649,-80.4733,Violence against civilians,1
Panama,8.7191,-81.6898,Riots,6
Panama,8.7191,-81.6898,Violence against civilians,2
Panama,8.798,-79.9702,Riots,24
Panama,8.798,-79.9702,Violence against civilians,2
Panama,8.9138,-78.5304,Riots,103
Panama,8.9138,-78.5304,Violence against civilians,11
Panama,9.1299,-80.1826,Riots,41
Panama,9.1299,-80.1826,Violence against civilians,10
Panama,9.2171,-82.6475,Riots,23
Panama,9.2171,-82.6475,Violence against civilians,2
Paraguay,-26.9262,-57.0904,Riots,7
Paraguay,-26.8416,-55.8786,Riots,15
Paraguay,-26.8416,-55.8786,Violence against civilians,4
Paraguay,-26.59,-57.9438,Riots,2
Paraguay,-26.1584,-55.9467,Riots,1
Paraguay,-26.1584,-55.9467,Violence against civilians,2
Paraguay,-26.0097,-57.1029,Riots,9
Paraguay,-26.0097,-57.1029,Violence against civilians,2
Paraguay,-25.8812,-56.3256,Riots,5
Paraguay,-25.8812,-56.3256,Violence against civilians,3
Paraguay,-25.5625,-57.4519,Riots,60
Paraguay,-25.5625,-57.4519,Violence against civilians,9
Paraguay,-25.3663,-54.7433,Riots,75
Paraguay,-25.3663,-54.7433,Violence against civilians,17
Paraguay,-25.3025,-57.6105,Riots,65
Paraguay,-25.3025,-57.6105,Violence against civilians,10
Paraguay,-25.2554,-56.9957,Riots,10
Paraguay,-25.2554,-56.9957,Violence against civilians,1
Paraguay,-25.0861,-55.866,Riots,31
Paraguay,-25.0861,-55.866,Violence against civilians,5
Paraguay,-24.16,-56.7137,Riots,14
Paraguay,-24.16,-56.7137,Violence against civilians,5
Paraguay,-24.1536,-55.2498,Riots,12
Paraguay,-24.1536,-55.2498,Violence against civilians,5
Paraguay,-23.717,-58.9816,Riots,6
Paraguay,-23.717,-58.9816,Violence against civilians,1
Paraguay,-22.9528,-55.9046,Riots,7
Paraguay,-22.9528,-55.9046,Violence against civilians,33
Paraguay,-22.795,-57.2701,Explosions/Remote violence,3
Paraguay,-22.795,-57.2701,Riots,16
Paraguay,-22.795,-57.2701,Violence against civilians,14
Paraguay,-21.9376,-61.2459,Riots,1
Paraguay,-20.8461,-58.8544,Riots,2
Paraguay,-20.8461,-58.8544,Violence against civilians,1
Peru,-17.5581,-70.2073,Riots,46
Peru,-17.5581,-70.2073,Violence against civilians,4
Peru,-16.8996,-70.9373,Riots,6
Peru,-15.9601,-72.4436,Explosions/Remote violence,1
Peru,-15.9601,-72.4436,Riots,139
Peru,-15.9601,-72.4436,Violence against civilians,7
Peru,-15.1491,-70.0933,Riots,235
Peru,-15.1491,-70.0933,Violence against civilians,10
Peru,-14.2045,-75.6294,Explosions/Remote violence,1
Peru,-14.2045,-75.6294,Riots,67
Peru,-14.2045,-75.6294,Violence against civilians,8
Peru,-14.0058,-72.8392,Riots,34
Peru,-14.0058,-72.8392,Violence against civilians,2
Peru,-13.9,-74.2315,Riots,47
Peru,-13.9,-74.2315,Violence against civilians,2
Peru,-13.3184,-71.8593,Riots,83
Peru,-13.3184,-71.8593,Violence against civilians,2
Peru,-13.0577,-75.016,Riots,45
Peru,-13.0577,-75.016,Violence against civilians,1
Peru,-11.9493,-77.1293,Riots,10
Peru,-11.9493,-77.1293,Violence against civilians,4
Peru,-11.7987,-76.6512,Explosions/Remote violence,7
Peru,-11.7987,-76.6512,Riots,402
Peru,-11.7987,-76.6512,Violence against civilians,44
Peru,-11.6708,-74.9045,Explosions/Remote violence,1
Peru,-11.6708,-74.9045,Riots,178
Peru,-11.6708,-74.9045,Violence against civilians,14
Peru,-11.6245,-70.7515,Riots,9
Peru,-11.6245,-70.7515,Violence against civilians,2
Peru,-10.2928,-75.0422,Riots,2
Peru,-10.2928,-75.0422,Violence against civilians,2
Peru,-9.4178,-77.6755,Explosions/Remote violence,5
Peru,-9.4178,-77.6755,Riots,75
Peru,-9.4178,-77.6755,Violence against civilians,10
Peru,-9.403,-75.8048,Explosions/Remote violence,1
Peru,-9.403,-75.8048,Riots,29
Peru,-9.403,-75.8048,Violence against civilians,1
Peru,-9.3548,-73.8918,Riots,10
Peru,-9.3548,-73.8918,Violence against civilians,2
Peru,-7.952,-78.3321,Explosions/Remote violence,8
Peru,-7.952,-78.3321,Riots,98
Peru,-7.952,-78.3321,Violence against civilians,12
Peru,-7.1013,-76.8675,Riots,3
Peru,-7.1013,-76.8675,Violence against civilians,3
Peru,-6.336,-80.017,Explosions/Remote violence,1
Peru,-6.336,-80.017,Riots,83
Peru,-6.336,-80.017,Violence against civilians,1
Peru,-6.1962,-78.8391,Riots,23
Peru,-6.1962,-78.8391,Violence against civilians,7
Peru,-5.2283,-80.2649,Explosions/Remote violence,2
Peru,-5.2283,-80.2649,Riots,147
Peru,-5.2283,-80.2649,Violence against civilians,10
Peru,-4.9872,-78.2026,Riots,9
Peru,-4.9872,-78.2026,Violence against civilians,4
Peru,-4.3783,-74.3894,Riots,204
Peru,-4.3783,-74.3894,Violence against civilians,16
Peru,-3.8181,-80.4909,Explosions/Remote violence,1
Peru,-3.8181,-80.4909,Riots,17
Peru,-3.8181,-80.4909,Violence against civilians,2
Puerto Rico,17.9799,-66.9157,Violence against civilians,5
Puerto Rico,17.9895,-66.3922,Violence against civilians,11
Puerto Rico,17.9963,-66.0526,Violence against civilians,6
Puerto Rico,18.0042,-67.0353,Riots,1
Puerto Rico,18.0042,-67.0353,Violence against civilians,1
Puerto Rico,18.01,-66.27,Violence against civilians,20
Puerto Rico,18.0155,-66.1465,Violence against civilians,15
Puerto Rico,18.0213,-65.9174,Violence against civilians,3
Puerto Rico,18.0388,-66.0186,Violence against civilians,4
Puerto Rico,18.043,-66.7955,Violence against civilians,6
Puerto Rico,18.0493,-67.1558,Violence against civilians,11
Puerto Rico,18.0514,-66.7196,Violence against civilians,4
Puerto Rico,18.0581,-66.4851,Violence against civilians,21
Puerto Rico,18.0629,-66.8618,Violence against civilians,14
Puerto Rico,18.0639,-66.6134,Riots,1
Puerto Rico,18.0639,-66.6134,Violence against civilians,49
Puerto Rico,18.0683,-65.9033,Violence against civilians,14
Puerto Rico,18.0869,-66.9497,Violence against civilians,4
Puerto Rico,18.0966,-66.3507,Violence against civilians,6
Puerto Rico,18.103,-66.1653,Violence against civilians,22
Puerto Rico,18.1136,-67.0294,Violence against civilians,8
Puerto Rico,18.1214,-65.4574,Violence against civilians,11
Puerto Rico,18.127,-66.4761,Riots,1
Puerto Rico,18.127,-66.4761,Violence against civilians,5
Puerto Rico,18.1274,-66.2702,Violence against civilians,10
Puerto Rico,18.1305,-67.1156,Violence against civilians,4
Puerto Rico,18.1383,-65.8194,Violence against civilians,8
Puerto Rico,18.1493,-65.9755,Violence against civilians,17
Puerto Rico,18.1729,-66.9532,Violence against civilians,1
Puerto Rico,18.182,-66.1576,Violence against civilians,15
Puerto Rico,18.1971,-65.862,Violence against civilians,7
Puerto Rico,18.2001,-66.3076,Violence against civilians,2
Puerto Rico,18.2052,-65.9136,Violence against civilians,13
Puerto Rico,18.2118,-67.0962,Violence against civilians,35
Puerto Rico,18.2122,-66.0559,Riots,1
Puerto Rico,18.2122,-66.0559,Violence against civilians,58
Puerto Rico,18.2212,-66.4338,Violence against civilians,4
Puerto Rico,18.2234,-66.5897,Violence against civilians,5
Puerto Rico,18.2268,-66.2202,Violence against civilians,2
Puerto Rico,18.2339,-65.7578,Violence against civilians,8
Puerto Rico,18.2382,-66.9818,Violence against civilians,3
Puerto Rico,18.2475,-65.6448,Violence against civilians,6
Puerto Rico,18.2498,-66.6949,Riots,1
Puerto Rico,18.2498,-66.6949,Violence against civilians,3
Puerto Rico,18.2526,-66.1312,Violence against civilians,8
Puerto Rico,18.2601,-65.9746,Violence against civilians,23
Puerto Rico,18.2652,-66.5072,Riots,1
Puerto Rico,18.2652,-66.5072,Violence against civilians,5
Puerto Rico,18.2826,-67.1158,Violence against civilians,7
Puerto Rico,18.2883,-66.2485,Violence against civilians,5
Puerto Rico,18.3032,-66.3291,Violence against civilians,6
Puerto Rico,18.3139,-65.2828,Violence against civilians,1
Puerto Rico,18.3174,-66.4121,Violence against civilians,7
Puerto Rico,18.3246,-66.9712,Violence against civilians,9
Puerto Rico,18.3276,-65.6563,Violence against civilians,25
Puerto Rico,18.3339,-65.8884,Violence against civilians,30
Puerto Rico,18.3359,-67.232,Riots,2
Puerto Rico,18.3359,-67.232,Violence against civilians,1
Puerto Rico,18.3362,-66.0015,Violence against civilians,27
Puerto Rico,18.3376,-65.7169,Riots,1
Puerto Rico,18.3376,-65.7169,Violence against civilians,7
Puerto Rico,18.3444,-66.1678,Riots,1
Puerto Rico,18.3444,-66.1678,Violence against civilians,49
Puerto Rico,18.3472,-65.8165,Violence against civilians,20
Puerto Rico,18.3593,-66.2464,Violence against civilians,12
Puerto Rico,18.3597,-66.1154,Riots,1
Puerto Rico,18.3597,-66.1154,Violence against civilians,33
Puerto Rico,18.3643,-65.9532,Violence against civilians,46
Puerto Rico,18.3676,-67.1803,Violence against civilians,3
Puerto Rico,18.3771,-66.5605,Violence against civilians,5
Puerto Rico,18.3818,-67.0832,Violence against civilians,4
Puerto Rico,18.384,-66.0542,Riots,16
Puerto Rico,18.384,-66.0542,Violence against civilians,224
Puerto Rico,18.402,-66.6805,Riots,1
Puerto Rico,18.402,-66.6805,Violence against civilians,31
Puerto Rico,18.4068,-66.7958,Violence against civilians,3
Puerto Rico,18.4094,-66.3318,Violence against civilians,15
Puerto Rico,18.4154,-66.3995,Violence against civilians,26
Puerto Rico,18.4165,-66.4914,Riots,1
Puerto Rico,18.4165,-66.4914,Violence against civilians,21
Puerto Rico,18.4194,-65.8641,Riots,1
Puerto Rico,18.4194,-65.8641,Violence against civilians,17
Puerto Rico,18.4264,-66.8631,Violence against civilians,2
Puerto Rico,18.4294,-66.2145,Violence against civilians,30
Puerto Rico,18.4322,-66.2799,Violence against civilians,24
Puerto Rico,18.4405,-66.1394,Violence against civilians,15
Puerto Rico,18.4406,-66.561,Violence against civilians,7
Puerto Rico,18.4457,-67.0073,Violence against civilians,4
Puerto Rico,18.4497,-67.1181,Riots,2
Puerto Rico,18.4497,-67.1181,Violence against civilians,12
Saint Kitts and Nevis,17.2853,-62.6951,Violence against civilians,2
Saint Lucia,13.7804,-60.9668,Riots,1
Saint Lucia,13.8484,-61.0331,Riots,1
Saint Lucia,13.9263,-60.919,Riots,1
Saint Lucia,13.9543,-60.9778,Riots,3
Saint Lucia,13.9543,-60.9778,Violence against civilians,1
Saint Lucia,14.0279,-60.9128,Riots,3
Saint Lucia,14.0279,-60.9128,Violence against civilians,1
Saint Vincent and the Grenadines,13.1654,-61.1905,Riots,1
Saint Vincent and the Grenadines,13.1654,-61.1905,Violence against civilians,1
Saint-Martin,18.0827,-63.0536,Riots,25
Sint Maarten,18.0422,-63.0544,Riots,1
Sint Maarten,18.0422,-63.0544,Violence against civilians,4
Suriname,3.6884,-55.9652,Riots,2
Suriname,3.6884,-55.9652,Violence against civilians,2
Suriname,4.6586,-55.0794,Riots,12
Suriname,4.6586,-55.0794,Violence against civilians,2
Suriname,5.345,-55.3244,Riots,6
Suriname,5.345,-55.3244,Violence against civilians,2
Suriname,5.5949,-54.3193,Violence against civilians,2
Suriname,5.6252,-56.2555,Riots,1
Suriname,5.6288,-56.8516,Riots,1
Suriname,5.6288,-56.8516,Violence against civilians,3
Suriname,5.6985,-55.6178,Riots,3
Suriname,5.7845,-55.255,Riots,2
Suriname,5.8384,-55.1859,Explosions/Remote violence,1
Suriname,5.8384,-55.1859,Riots,16
Suriname,5.8384,-55.1859,Violence against civilians,14
Trinidad and Tobago,10.1475,-61.5754,Riots,28
Trinidad and Tobago,10.1475,-61.5754,Violence against civilians,66
Trinidad and Tobago,10.1642,-61.4256,Riots,23
Trinidad and Tobago,10.1642,-61.4256,Violence against civilians,69
Trinidad and Tobago,10.1775,-61.6698,Riots,2
Trinidad and Tobago,10.1775,-61.6698,Violence against civilians,15
Trinidad and Tobago,10.2064,-61.2782,Riots,35
Trinidad and Tobago,10.2064,-61.2782,Violence against civilians,69
Trinidad and Tobago,10.2659,-61.0912,Riots,6
Trinidad and Tobago,10.2659,-61.0912,Violence against civilians,21
Trinidad and Tobago,10.2802,-61.4547,Riots,9
Trinidad and Tobago,10.2802,-61.4547,Violence against civilians,77
Trinidad and Tobago,10.4492,-61.342,Riots,29
Trinidad and Tobago,10.4492,-61.342,Violence against civilians,129
Trinidad and Tobago,10.5332,-61.4183,Riots,9
Trinidad and Tobago,10.5332,-61.4183,Violence against civilians,129
Trinidad and Tobago,10.6297,-61.2797,Riots,5
Trinidad and Tobago,10.6297,-61.2797,Violence against civilians,122
Trinidad and Tobago,10.6385,-61.1177,Riots,10
Trinidad and Tobago,10.6385,-61.1177,Violence against civilians,95
Trinidad and Tobago,10.6607,-61.5167,Explosions/Remote violence,2
Trinidad and Tobago,10.6607,-61.5167,Riots,19
Trinidad and Tobago,10.6607,-61.5167,Violence against civilians,215
Trinidad and Tobago,10.6777,-61.4718,Riots,16
Trinidad and Tobago,10.6777,-61.4718,Violence against civilians,293
Trinidad and Tobago,10.6874,-61.3199,Riots,13
Trinidad and Tobago,10.6874,-61.3199,Violence against civilians,352
Trinidad and Tobago,10.7136,-61.581,Riots,8
Trinidad and Tobago,10.7136,-61.581,Violence against civilians,156
Trinidad and Tobago,11.2406,-60.671,Riots,5
Trinidad and Tobago,11.2406,-60.671,Violence against civilians,46
Turks and Caicos Islands,21.4589,-71.1399,Riots,1
Uruguay,-34.8157,-56.2298,Explosions/Remote violence,1
Uruguay,-34.8157,-56.2298,Riots,34
Uruguay,-34.8157,-56.2298,Violence against civilians,4
Uruguay,-34.5431,-55.9739,Riots,2
Uruguay,-34.5431,-55.9739,Violence against civilians,1
Uruguay,-34.4504,-54.7791,Riots,2
Uruguay,-34.3076,-56.7571,Riots,1
Uruguay,-32.9582,-56.0518,Violence against civilians,1
Uruguay,-32.0216,-57.2147,Riots,1
Uruguay,-31.4711,-55.1934,Riots,1
Uruguay,-31.4711,-55.1934,Violence against civilians,1
Uruguay,-31.3066,-57.0638,Riots,3
Uruguay,-31.3066,-57.0638,Violence against civilians,1
Uruguay,-30.5841,-57.0737,Violence against civilians,1
Venezuela,3.4225,-65.7227,Riots,15
Venezuela,3.4225,-65.7227,Violence against civilians,42
Venezuela,6.027,-63.4549,Explosions/Remote violence,13
Venezuela,6.027,-63.4549,Riots,109
Venezuela,6.027,-63.4549,Violence against civilians,624
Venezuela,7.0738,-68.8098,Explosions/Remote violence,13
Venezuela,7.0738,-68.8098,Riots,20
Venezuela,7.0738,-68.8098,Violence against civilians,52
Venezuela,8.0048,-72.0091,Explosions/Remote violence,10
Venezuela,8.0048,-72.0091,Riots,49
Venezuela,8.0048,-72.0091,Violence against civilians,375
Venezuela,8.1729,-69.9744,Riots,31
Venezuela,8.1729,-69.9744,Violence against civilians,36
Venezuela,8.4289,-71.3221,Riots,57
Venezuela,8.4289,-71.3221,Violence against civilians,21
Venezuela,8.831,-66.3818,Explosions/Remote violence,4
Venezuela,8.831,-66.3818,Riots,27
Venezuela,8.831,-66.3818,Violence against civilians,60
Venezuela,8.8845,-61.4186,Riots,19
Venezuela,8.8845,-61.4186,Violence against civilians,73
Venezuela,8.9595,-64.1291,Explosions/Remote violence,3
Venezuela,8.9595,-64.1291,Riots,58
Venezuela,8.9595,-64.1291,Violence against civilians,86
Venezuela,8.9656,-69.3916,Riots,37
Venezuela,8.9656,-69.3916,Violence against civilians,22
Venezuela,9.3091,-68.3518,Riots,22
Venezuela,9.3091,-68.3518,Violence against civilians,17
Venezuela,9.3499,-63.1482,Explosions/Remote violence,1
Venezuela,9.3499,-63.1482,Riots,23
Venezuela,9.3499,-63.1482,Violence against civilians,59
Venezuela,9.4941,-70.5822,Explosions/Remote violence,1
Venezuela,9.4941,-70.5822,Riots,27
Venezuela,9.4941,-70.5822,Violence against civilians,48
Venezuela,9.8961,-66.8795,Explosions/Remote violence,3
Venezuela,9.8961,-66.8795,Riots,22
Venezuela,9.8961,-66.8795,Violence against civilians,132
Venezuela,10.0743,-70.0249,Explosions/Remote violence,5
Venezuela,10.0743,-70.0249,Riots,56
Venezuela,10.0743,-70.0249,Violence against civilians,84
Venezuela,10.0997,-72.4433,Explosions/Remote violence,79
Venezuela,10.0997,-72.4433,Riots,150
Venezuela,10.0997,-72.4433,Violence against civilians,617
Venezuela,10.1967,-68.0108,Explosions/Remote violence,4
Venezuela,10.1967,-68.0108,Riots,62
Venezuela,10.1967,-68.0108,Violence against civilians,139
Venezuela,10.2926,-66.5422,Explosions/Remote violence,8
Venezuela,10.2926,-66.5422,Riots,82
Venezuela,10.2926,-66.5422,Violence against civilians,675
Venezuela,10.3047,-68.7001,Riots,8
Venezuela,10.3047,-68.7001,Violence against civilians,9
Venezuela,10.399,-63.5759,Explosions/Remote violence,3
Venezuela,10.399,-63.5759,Riots,43
Venezuela,10.399,-63.5759,Violence against civilians,68
Venezuela,10.4754,-66.97,Explosions/Remote violence,7
Venezuela,10.4754,-66.97,Riots,71
Venezuela,10.4754,-66.97,Violence against civilians,691
Venezuela,10.5101,-67.2368,Explosions/Remote violence,4
Venezuela,10.5101,-67.2368,Riots,22
Venezuela,10.5101,-67.2368,Violence against civilians,41
Venezuela,10.9313,-65.3168,Violence against civilians,1
Venezuela,11.0205,-63.9075,Riots,27
Venezuela,11.0205,-63.9075,Violence against civilians,7
Venezuela,11.2485,-69.5103,Explosions/Remote violence,3
Venezuela,11.2485,-69.5103,Riots,23
Venezuela,11.2485,-69.5103,Violence against civilians,146
"Virgin Islands, U.S.",18.3478,-64.9251,Riots,1
Bahrain,25.9954,50.5421,Explosions/Remote violence,2
Bahrain,25.9954,50.5421,Riots,436
Bahrain,25.9954,50.5421,Violence against civilians,29
Bahrain,26.1468,50.4809,Explosions/Remote violence,4
Bahrain,26.1468,50.4809,Riots,1528
Bahrain,26.1468,50.4809,Violence against civilians,10
Bahrain,26.1927,50.5508,Explosions/Remote violence,8
Bahrain,26.1927,50.5508,Riots,2047
Bahrain,26.1927,50.5508,Violence against civilians,11
Bahrain,26.2547,50.6428,Explosions/Remote violence,1
Bahrain,26.2547,50.6428,Riots,144
Bahrain,26.2547,50.6428,Violence against civilians,12
Iran,12.1336,62.3764,Explosions/Remote violence,2
Iran,22.0188,62.9761,Explosions/Remote violence,1
Iran,24.5876,58.5161,Explosions/Remote violence,3
Iran,27.0645,51.452,Violence against civilians,1
Iran,27.1422,55.0325,Explosions/Remote violence,9
Iran,27.1422,55.0325,Riots,36
Iran,27.1422,55.0325,Violence against civilians,20
Iran,28.2728,60.8613,Explosions/Remote violence,51
Iran,28.2728,60.8613,Riots,112
Iran,28.2728,60.8613,Violence against civilians,250
Iran,28.7846,51.5038,Explosions/Remote violence,8
Iran,28.7846,51.5038,Riots,23
Iran,28.7846,51.5038,Violence against civilians,2
Iran,29.2326,57.3392,Explosions/Remote violence,4
Iran,29.2326,57.3392,Riots,26
Iran,29.2326,57.3392,Violence against civilians,30
Iran,29.3576,53.3176,Explosions/Remote violence,9
Iran,29.3576,53.3176,Riots,43
Iran,29.3576,53.3176,Violence against civilians,11
Iran,30.7032,51.0949,Riots,15
Iran,30.7032,51.0949,Violence against civilians,5
Iran,31.4636,48.9916,Explosions/Remote violence,23
Iran,31.4636,48.9916,Riots,146
Iran,31.4636,48.9916,Violence against civilians,34
Iran,31.4825,54.4162,Explosions/Remote violence,3
Iran,31.4825,54.4162,Riots,11
Iran,31.4825,54.4162,Violence against civilians,2
Iran,31.979,50.8101,Explosions/Remote violence,2
Iran,31.979,50.8101,Riots,18
Iran,32.6094,52.0477,Explosions/Remote violence,31
Iran,32.6094,52.0477,Riots,65
Iran,32.6094,52.0477,Violence against civilians,5
Iran,32.8019,58.24,Riots,1
Iran,32.8019,58.24,Violence against civilians,2
Iran,33.0433,46.8724,Explosions/Remote violence,10
Iran,33.0433,46.8724,Riots,14
Iran,33.0433,46.8724,Violence against civilians,5
Iran,33.5164,48.3219,Explosions/Remote violence,11
Iran,33.5164,48.3219,Riots,27
Iran,33.5164,48.3219,Violence against civilians,9
Iran,34.4772,49.5818,Explosions/Remote violence,13
Iran,34.4772,49.5818,Riots,15
Iran,34.4772,49.5818,Violence against civilians,6
Iran,34.4871,46.8086,Explosions/Remote violence,30
Iran,34.4871,46.8086,Riots,45
Iran,34.4871,46.8086,Violence against civilians,39
Iran,34.6674,51.002,Explosions/Remote violence,14
Iran,34.6674,51.002,Riots,13
Iran,34.6674,51.002,Violence against civilians,2
Iran,34.8698,48.559,Explosions/Remote violence,10
Iran,34.8698,48.559,Riots,24
Iran,34.8698,48.559,Violence against civilians,3
Iran,35.5022,51.3269,Explosions/Remote violence,130
Iran,35.5022,51.3269,Riots,220
Iran,35.5022,51.3269,Violence against civilians,46
Iran,35.6014,47.0057,Explosions/Remote violence,29
Iran,35.6014,47.0057,Riots,113
Iran,35.6014,47.0057,Violence against civilians,88
Iran,35.7792,59.0295,Explosions/Remote violence,4
Iran,35.7792,59.0295,Riots,47
Iran,35.7792,59.0295,Violence against civilians,19
Iran,35.7868,54.9676,Explosions/Remote violence,4
Iran,35.7868,54.9676,Riots,5
Iran,35.7868,54.9676,Violence against civilians,1
Iran,35.9457,50.906,Explosions/Remote violence,26
Iran,35.9457,50.906,Riots,40
Iran,35.9457,50.906,Violence against civilians,8
Iran,36.1089,50.0386,Explosions/Remote violence,7
Iran,36.1089,50.0386,Riots,16
Iran,36.1089,50.0386,Violence against civilians,3
Iran,36.3633,52.3677,Explosions/Remote violence,11
Iran,36.3633,52.3677,Riots,32
Iran,36.3633,52.3677,Violence against civilians,3
Iran,36.4014,48.422,Explosions/Remote violence,9
Iran,36.4014,48.422,Riots,8
Iran,36.4014,48.422,Violence against civilians,2
Iran,37.2982,54.8804,Explosions/Remote violence,2
Iran,37.2982,54.8804,Riots,14
Iran,37.2982,54.8804,Violence against civilians,2
Iran,37.4249,57.178,Riots,3
Iran,37.4249,57.178,Violence against civilians,2
Iran,37.5092,49.0189,Explosions/Remote violence,6
Iran,37.5092,49.0189,Riots,43
Iran,37.5092,49.0189,Violence against civilians,5
Iran,37.8742,44.7003,Explosions/Remote violence,18
Iran,37.8742,44.7003,Riots,76
Iran,37.8742,44.7003,Violence against civilians,123
Iran,38.0858,46.6924,Explosions/Remote violence,34
Iran,38.0858,46.6924,Riots,22
Iran,38.0858,46.6924,Violence against civilians,3
Iran,38.4066,47.9857,Explosions/Remote violence,5
Iran,38.4066,47.9857,Riots,7
Iran,38.4066,47.9857,Violence against civilians,2
Iraq,30.2047,47.5084,Explosions/Remote violence,210
Iraq,30.2047,47.5084,Riots,181
Iraq,30.2047,47.5084,Violence against civilians,217
Iraq,30.4107,45.3606,Explosions/Remote violence,64
Iraq,30.4107,45.3606,Riots,68
Iraq,30.4107,45.3606,Violence against civilians,33
Iraq,31.0697,43.38,Explosions/Remote violence,39
Iraq,31.0697,43.38,Riots,63
Iraq,31.0697,43.38,Violence against civilians,55
Iraq,31.2876,46.2732,Explosions/Remote violence,224
Iraq,31.2876,46.2732,Riots,443
Iraq,31.2876,46.2732,Violence against civilians,199
Iraq,31.8451,45.1666,Explosions/Remote violence,74
Iraq,31.8451,45.1666,Riots,94
Iraq,31.8451,45.1666,Violence against civilians,38
Iraq,31.999,47.135,Explosions/Remote violence,56
Iraq,31.999,47.135,Riots,68
Iraq,31.999,47.135,Violence against civilians,257
Iraq,32.49,43.8069,Explosions/Remote violence,29
Iraq,32.49,43.8069,Riots,48
Iraq,32.49,43.8069,Violence against civilians,32
Iraq,32.5765,44.6371,Explosions/Remote violence,230
Iraq,32.5765,44.6371,Riots,40
Iraq,32.5765,44.6371,Violence against civilians,52
Iraq,32.7059,45.704,Explosions/Remote violence,12
Iraq,32.7059,45.704,Riots,72
Iraq,32.7059,45.704,Violence against civilians,43
Iraq,33.1774,41.3987,Explosions/Remote violence,2984
Iraq,33.1774,41.3987,Riots,3
Iraq,33.1774,41.3987,Violence against civilians,152
Iraq,33.278,44.3783,Explosions/Remote violence,2504
Iraq,33.278,44.3783,Riots,193
Iraq,33.278,44.3783,Violence against civilians,758
Iraq,34.0711,44.8903,Explosions/Remote violence,1350
Iraq,34.0711,44.8903,Riots,16
Iraq,34.0711,44.8903,Violence against civilians,434
Iraq,34.6687,43.6316,Explosions/Remote violence,1406
Iraq,34.6687,43.6316,Riots,2
Iraq,34.6687,43.6316,Violence against civilians,165
Iraq,35.2858,44.0603,Explosions/Remote violence,1518
Iraq,35.2858,44.0603,Riots,26
Iraq,35.2858,44.0603,Violence against civilians,373
Iraq,35.5263,45.379,Explosions/Remote violence,372
Iraq,35.5263,45.379,Riots,58
Iraq,35.5263,45.379,Violence against civilians,85
Iraq,35.9879,42.3496,Explosions/Remote violence,4401
Iraq,35.9879,42.3496,Riots,14
Iraq,35.9879,42.3496,Violence against civilians,649
Iraq,36.3791,44.2104,Explosions/Remote violence,3773
Iraq,36.3791,44.2104,Riots,14
Iraq,36.3791,44.2104,Violence against civilians,76
Iraq,37.0446,43.1386,Explosions/Remote violence,12165
Iraq,37.0446,43.1386,Riots,7
Iraq,37.0446,43.1386,Violence against civilians,38
Israel,25.4074,35.9101,Explosions/Remote violence,63
Israel,30.6783,34.8831,Explosions/Remote violence,1136
Israel,30.6783,34.8831,Riots,126
Israel,30.6783,34.8831,Violence against civilians,92
Israel,31.7281,34.9945,Explosions/Remote violence,29
Israel,31.7281,34.9945,Riots,470
Israel,31.7281,34.9945,Violence against civilians,23
Israel,32.085,34.9167,Explosions/Remote violence,166
Israel,32.085,34.9167,Riots,156
Israel,32.085,34.9167,Violence against civilians,53
Israel,32.0984,34.8103,Explosions/Remote violence,154
Israel,32.0984,34.8103,Riots,272
Israel,32.0984,34.8103,Violence against civilians,27
Israel,32.6278,34.9819,Explosions/Remote violence,210
Israel,32.6278,34.9819,Riots,98
Israel,32.6278,34.9819,Violence against civilians,23
Israel,32.839,35.3807,Explosions/Remote violence,3330
Israel,32.839,35.3807,Riots,121
Israel,32.839,35.3807,Violence against civilians,67
Israel,33.8438,28.4103,Explosions/Remote violence,9
Jordan,29.9747,35.2057,Riots,2
Jordan,30.2431,36.501,Explosions/Remote violence,1
Jordan,30.2431,36.501,Riots,12
Jordan,30.8097,35.6612,Riots,3
Jordan,31.1106,35.8385,Riots,39
Jordan,31.1106,35.8385,Violence against civilians,5
Jordan,31.6029,35.6669,Explosions/Remote violence,1
Jordan,31.6029,35.6669,Riots,22
Jordan,31.6029,35.6669,Violence against civilians,1
Jordan,31.6696,36.3151,Riots,70
Jordan,31.6696,36.3151,Violence against civilians,5
Jordan,31.8608,36.8739,Explosions/Remote violence,1
Jordan,31.8608,36.8739,Riots,52
Jordan,31.9393,35.6476,Explosions/Remote violence,3
Jordan,31.9393,35.6476,Riots,20
Jordan,32.2431,35.9005,Riots,16
Jordan,32.2912,35.7319,Riots,10
Jordan,32.4735,35.8353,Explosions/Remote violence,14
Jordan,32.4735,35.8353,Riots,138
Jordan,32.4735,35.8353,Violence against civilians,7
Jordan,32.5408,38.1525,Explosions/Remote violence,10
Jordan,32.5408,38.1525,Riots,10
Jordan,32.5408,38.1525,Violence against civilians,1
Kuwait,29.1958,49.6063,Violence against civilians,1
Kuwait,29.3474,47.9688,Riots,3
Lebanon,33.2832,35.4971,Explosions/Remote violence,9652
Lebanon,33.2832,35.4971,Riots,172
Lebanon,33.2832,35.4971,Violence against civilians,131
Lebanon,33.3416,35.3035,Explosions/Remote violence,5417
Lebanon,33.3416,35.3035,Riots,382
Lebanon,33.3416,35.3035,Violence against civilians,56
Lebanon,33.6407,35.8097,Explosions/Remote violence,283
Lebanon,33.6407,35.8097,Riots,239
Lebanon,33.6407,35.8097,Violence against civilians,31
Lebanon,33.8513,35.6478,Explosions/Remote violence,341
Lebanon,33.8513,35.6478,Riots,584
Lebanon,33.8513,35.6478,Violence against civilians,39
Lebanon,33.8886,35.5016,Explosions/Remote violence,30
Lebanon,33.8886,35.5016,Riots,469
Lebanon,33.8886,35.5016,Violence against civilians,16
Lebanon,34.1673,36.2993,Explosions/Remote violence,1018
Lebanon,34.1673,36.2993,Riots,152
Lebanon,34.1673,36.2993,Violence against civilians,92
Lebanon,34.3195,35.9369,Explosions/Remote violence,30
Lebanon,34.3195,35.9369,Riots,546
Lebanon,34.3195,35.9369,Violence against civilians,36
Lebanon,34.5499,36.1901,Explosions/Remote violence,36
Lebanon,34.5499,36.1901,Riots,220
Lebanon,34.5499,36.1901,Violence against civilians,29
Oman,18.8597,54.5566,Riots,1
Oman,18.8597,54.5566,Violence against civilians,2
Oman,22.1156,59.5208,Explosions/Remote violence,1
Oman,22.1156,59.5208,Riots,1
Oman,22.3885,57.2237,Riots,1
Oman,23.0064,55.9877,Riots,1
Oman,23.2501,58.7601,Violence against civilians,2
Oman,23.4831,57.6494,Riots,1
Oman,24.2357,56.5739,Riots,1
Oman,24.5876,58.5161,Violence against civilians,2
Palestine,31.407,34.3577,Explosions/Remote violence,22021
Palestine,31.407,34.3577,Riots,836
Palestine,31.407,34.3577,Violence against civilians,1069
Palestine,31.9475,35.267,Explosions/Remote violence,646
Palestine,31.9475,35.267,Riots,27755
Palestine,31.9475,35.267,Violence against civilians,4800
Qatar,24.931,50.9784,Explosions/Remote violence,1
Qatar,25.2934,51.5014,Explosions/Remote violence,1
Qatar,25.2934,51.5014,Riots,1
Qatar,25.4451,51.0111,Riots,1
Saudi Arabia,17.353,42.7999,Explosions/Remote violence,1360
Saudi Arabia,17.353,42.7999,Riots,1
Saudi Arabia,17.353,42.7999,Violence against civilians,10
Saudi Arabia,18.2376,45.6117,Explosions/Remote violence,642
Saudi Arabia,18.2376,45.6117,Violence against civilians,2
Saudi Arabia,18.7938,39.9069,Explosions/Remote violence,3
Saudi Arabia,19.2036,42.9532,Explosions/Remote violence,245
Saudi Arabia,19.2036,42.9532,Violence against civilians,2
Saudi Arabia,21.0317,41.4478,Explosions/Remote violence,25
Saudi Arabia,21.0317,41.4478,Riots,1
Saudi Arabia,21.0317,41.4478,Violence against civilians,5
Saudi Arabia,23.1567,50.3153,Explosions/Remote violence,30
Saudi Arabia,23.1567,50.3153,Riots,4
Saudi Arabia,23.1567,50.3153,Violence against civilians,16
Saudi Arabia,23.4556,45.232,Explosions/Remote violence,21
Saudi Arabia,23.4556,45.232,Violence against civilians,11
Saudi Arabia,23.5255,49.9021,Violence against civilians,1
Saudi Arabia,25.0041,39.9162,Explosions/Remote violence,5
Saudi Arabia,25.0041,39.9162,Violence against civilians,1
Syria,32.7624,36.8919,Explosions/Remote violence,341
Syria,32.7624,36.8919,Riots,134
Syria,32.7624,36.8919,Violence against civilians,430
Syria,32.831,36.1112,Explosions/Remote violence,3663
Syria,32.831,36.1112,Riots,46
Syria,32.831,36.1112,Violence against civilians,1784
Syria,33.0113,35.7989,Explosions/Remote violence,1458
Syria,33.0113,35.7989,Riots,7
Syria,33.0113,35.7989,Violence against civilians,103
Syria,33.4538,37.4305,Explosions/Remote violence,4694
Syria,33.4538,37.4305,Riots,12
Syria,33.4538,37.4305,Violence against civilians,1160
Syria,33.5153,36.2738,Explosions/Remote violence,965
Syria,33.5153,36.2738,Riots,2
Syria,33.5153,36.2738,Violence against civilians,261
Syria,34.4708,38.2063,Explosions/Remote violence,2964
Syria,34.4708,38.2063,Riots,11
Syria,34.4708,38.2063,Violence against civilians,585
Syria,34.9536,36.075,Explosions/Remote violence,57
Syria,34.9536,36.075,Violence against civilians,135
Syria,35.2318,40.2761,Explosions/Remote violence,6042
Syria,35.2318,40.2761,Riots,190
Syria,35.2318,40.2761,Violence against civilians,2651
Syria,35.3165,37.3411,Explosions/Remote violence,14815
Syria,35.3165,37.3411,Riots,3
Syria,35.3165,37.3411,Violence against civilians,371
Syria,35.5854,35.9916,Explosions/Remote violence,1938
Syria,35.5854,35.9916,Riots,2
Syria,35.5854,35.9916,Violence against civilians,193
Syria,35.8547,36.5648,Explosions/Remote violence,20701
Syria,35.8547,36.5648,Riots,21
Syria,35.8547,36.5648,Violence against civilians,1150
Syria,36.0265,38.922,Explosions/Remote violence,4873
Syria,36.0265,38.922,Riots,20
Syria,36.0265,38.922,Violence against civilians,1529
Syria,36.1445,37.3978,Explosions/Remote violence,15321
Syria,36.1445,37.3978,Riots,72
Syria,36.1445,37.3978,Violence against civilians,2695
Syria,36.4131,40.5519,Explosions/Remote violence,3858
Syria,36.4131,40.5519,Riots,72
Syria,36.4131,40.5519,Violence against civilians,2249
Turkey,36.4111,36.2273,Explosions/Remote violence,23
Turkey,36.4111,36.2273,Riots,19
Turkey,36.4111,36.2273,Violence against civilians,14
Turkey,36.7331,33.7591,Explosions/Remote violence,31
Turkey,36.7331,33.7591,Riots,16
Turkey,36.7331,33.7591,Violence against civilians,25
Turkey,36.7628,31.9301,Explosions/Remote violence,2
Turkey,36.7628,31.9301,Riots,16
Turkey,36.7628,31.9301,Violence against civilians,10
Turkey,36.8316,37.0107,Explosions/Remote violence,24
Turkey,36.8316,37.0107,Riots,1
Turkey,36.8316,37.0107,Violence against civilians,2
Turkey,36.946,28.646,Explosions/Remote violence,5
Turkey,36.946,28.646,Riots,7
Turkey,37.0098,33.1805,Riots,2
Turkey,37.0098,33.1805,Violence against civilians,1
Turkey,37.1146,37.2439,Explosions/Remote violence,11
Turkey,37.1146,37.2439,Riots,11
Turkey,37.1146,37.2439,Violence against civilians,9
Turkey,37.3257,40.7757,Explosions/Remote violence,129
Turkey,37.3257,40.7757,Riots,32
Turkey,37.3257,40.7757,Violence against civilians,44
Turkey,37.326,30.2481,Riots,1
Turkey,37.326,30.2481,Violence against civilians,1
Turkey,37.3416,36.2986,Explosions/Remote violence,7
Turkey,37.3416,36.2986,Riots,7
Turkey,37.3416,36.2986,Violence against civilians,7
Turkey,37.3442,38.9233,Explosions/Remote violence,30
Turkey,37.3442,38.9233,Riots,35
Turkey,37.3442,38.9233,Violence against civilians,44
Turkey,37.3909,43.9965,Explosions/Remote violence,356
Turkey,37.3909,43.9965,Riots,13
Turkey,37.3909,43.9965,Violence against civilians,52
Turkey,37.4379,42.5882,Explosions/Remote violence,237
Turkey,37.4379,42.5882,Riots,21
Turkey,37.4379,42.5882,Violence against civilians,53
Turkey,37.4745,35.3726,Explosions/Remote violence,23
Turkey,37.4745,35.3726,Riots,29
Turkey,37.4745,35.3726,Violence against civilians,28
Turkey,37.6788,29.2458,Explosions/Remote violence,2
Turkey,37.6788,29.2458,Riots,3
Turkey,37.6788,29.2458,Violence against civilians,5
Turkey,37.7322,28.0578,Explosions/Remote violence,5
Turkey,37.7322,28.0578,Riots,5
Turkey,37.7322,28.0578,Violence against civilians,2
Turkey,37.815,38.2092,Explosions/Remote violence,2
Turkey,37.815,38.2092,Riots,4
Turkey,37.815,38.2092,Violence against civilians,2
Turkey,37.8852,36.8854,Explosions/Remote violence,2
Turkey,37.8852,36.8854,Riots,7
Turkey,37.8852,36.8854,Violence against civilians,12
Turkey,37.9278,42.0911,Explosions/Remote violence,53
Turkey,37.9278,42.0911,Riots,2
Turkey,37.9278,42.0911,Violence against civilians,9
Turkey,37.9293,30.8094,Violence against civilians,3
Turkey,38.0226,41.3125,Explosions/Remote violence,36
Turkey,38.0226,41.3125,Riots,17
Turkey,38.0226,41.3125,Violence against civilians,11
Turkey,38.0284,32.412,Explosions/Remote violence,1
Turkey,38.0284,32.412,Riots,8
Turkey,38.0284,32.412,Violence against civilians,4
Turkey,38.1105,40.2245,Explosions/Remote violence,256
Turkey,38.1105,40.2245,Riots,42
Turkey,38.1105,40.2245,Violence against civilians,108
Turkey,38.4969,42.2274,Explosions/Remote violence,37
Turkey,38.4969,42.2274,Riots,1
Turkey,38.4969,42.2274,Violence against civilians,10
Turkey,38.5057,35.9186,Explosions/Remote violence,1
Turkey,38.5057,35.9186,Riots,5
Turkey,38.5057,35.9186,Violence against civilians,8
Turkey,38.5104,37.8439,Riots,11
Turkey,38.5104,37.8439,Violence against civilians,3
Turkey,38.5127,33.8656,Violence against civilians,2
Turkey,38.5248,30.6111,Riots,2
Turkey,38.5248,30.6111,Violence against civilians,9
Turkey,38.5455,43.5949,Explosions/Remote violence,110
Turkey,38.5455,43.5949,Riots,25
Turkey,38.5455,43.5949,Violence against civilians,68
Turkey,38.5491,29.3243,Riots,1
Turkey,38.5491,29.3243,Violence against civilians,1
Turkey,38.5994,27.042,Explosions/Remote violence,36
Turkey,38.5994,27.042,Riots,25
Turkey,38.5994,27.042,Violence against civilians,28
Turkey,38.7101,39.3439,Explosions/Remote violence,4
Turkey,38.7101,39.3439,Riots,8
Turkey,38.7101,39.3439,Violence against civilians,26
Turkey,38.7462,28.0939,Explosions/Remote violence,3
Turkey,38.7462,28.0939,Riots,5
Turkey,38.7462,28.0939,Violence against civilians,9
Turkey,38.8286,34.6035,Violence against civilians,1
Turkey,39.009,41.9466,Explosions/Remote violence,5
Turkey,39.009,41.9466,Riots,3
Turkey,39.009,41.9466,Violence against civilians,6
Turkey,39.0247,40.718,Explosions/Remote violence,26
Turkey,39.0247,40.718,Riots,1
Turkey,39.0247,40.718,Violence against civilians,7
Turkey,39.1892,39.347,Explosions/Remote violence,57
Turkey,39.1892,39.347,Riots,1
Turkey,39.1892,39.347,Violence against civilians,7
Turkey,39.3091,34.0422,Violence against civilians,2
Turkey,39.3321,29.606,Riots,2
Turkey,39.466,43.4673,Explosions/Remote violence,36
Turkey,39.466,43.4673,Violence against civilians,17
Turkey,39.5452,39.043,Explosions/Remote violence,9
Turkey,39.5452,39.043,Riots,2
Turkey,39.5473,37.2125,Violence against civilians,1
Turkey,39.6143,31.0627,Riots,4
Turkey,39.6143,31.0627,Violence against civilians,2
Turkey,39.6218,35.2999,Riots,1
Turkey,39.7073,32.5011,Explosions/Remote violence,7
Turkey,39.7073,32.5011,Riots,69
Turkey,39.7073,32.5011,Violence against civilians,37
Turkey,39.8038,27.9824,Riots,2
Turkey,39.8038,27.9824,Violence against civilians,6
Turkey,39.8662,33.6922,Violence against civilians,10
Turkey,39.8813,43.9762,Explosions/Remote violence,5
Turkey,39.8813,43.9762,Riots,3
Turkey,39.8813,43.9762,Violence against civilians,2
Turkey,39.9635,26.8428,Riots,5
Turkey,39.9635,26.8428,Violence against civilians,2
Turkey,40.0725,41.4751,Explosions/Remote violence,3
Turkey,40.0725,41.4751,Riots,6
Turkey,40.0725,41.4751,Violence against civilians,7
Turkey,40.1017,28.9389,Explosions/Remote violence,7
Turkey,40.1017,28.9389,Riots,28
Turkey,40.1017,28.9389,Violence against civilians,6
Turkey,40.2477,40.2223,Riots,2
Turkey,40.3376,39.4286,Explosions/Remote violence,1
Turkey,40.3376,39.4286,Riots,1
Turkey,40.3376,39.4286,Violence against civilians,3
Turkey,40.4006,36.6865,Explosions/Remote violence,1
Turkey,40.4006,36.6865,Riots,1
Turkey,40.4006,36.6865,Violence against civilians,4
Turkey,40.5157,43.0403,Explosions/Remote violence,9
Turkey,40.5157,43.0403,Riots,9
Turkey,40.5157,43.0403,Violence against civilians,4
Turkey,40.5664,38.4409,Explosions/Remote violence,1
Turkey,40.5664,38.4409,Riots,1
Turkey,40.5664,38.4409,Violence against civilians,5
Turkey,40.5731,31.59,Riots,3
Turkey,40.5731,31.59,Violence against civilians,6
Turkey,40.5992,29.2123,Explosions/Remote violence,1
Turkey,40.646,34.7294,Riots,4
Turkey,40.646,34.7294,Violence against civilians,1
Turkey,40.6554,35.8544,Riots,3
Turkey,40.6554,35.8544,Violence against civilians,1
Turkey,40.7353,30.5722,Explosions/Remote violence,5
Turkey,40.7353,30.5722,Riots,2
Turkey,40.7353,30.5722,Violence against civilians,7
Turkey,40.738,37.411,Explosions/Remote violence,2
Turkey,40.738,37.411,Riots,2
Turkey,40.8094,39.7814,Explosions/Remote violence,1
Turkey,40.8094,39.7814,Riots,8
Turkey,40.8094,39.7814,Violence against civilians,4
Turkey,40.8687,31.2116,Riots,1
Turkey,40.8687,31.2116,Violence against civilians,2
Turkey,40.8691,29.8208,Explosions/Remote violence,6
Turkey,40.8691,29.8208,Riots,12
Turkey,40.8691,29.8208,Violence against civilians,11
Turkey,40.9104,40.817,Explosions/Remote violence,1
Turkey,40.9104,40.817,Riots,5
Turkey,40.9104,40.817,Violence against civilians,4
Turkey,41.0385,41.8484,Riots,3
Turkey,41.0734,27.3901,Riots,3
Turkey,41.0734,27.3901,Violence against civilians,12
Turkey,41.2036,32.5224,Explosions/Remote violence,1
Turkey,41.2036,32.5224,Riots,2
Turkey,41.2036,32.5224,Violence against civilians,1
Turkey,41.2707,28.4707,Explosions/Remote violence,117
Turkey,41.2707,28.4707,Riots,143
Turkey,41.2707,28.4707,Violence against civilians,137
Turkey,41.2783,35.8756,Riots,6
Turkey,41.2783,35.8756,Violence against civilians,5
Turkey,41.2961,26.6957,Riots,2
Turkey,41.2961,26.6957,Violence against civilians,8
Turkey,41.4214,33.7891,Riots,2
Turkey,41.571,32.4886,Riots,1
Turkey,41.6486,34.992,Riots,1
Turkey,41.6597,27.5054,Riots,1
United Arab Emirates,23.7727,53.7133,Explosions/Remote violence,5
United Arab Emirates,23.7727,53.7133,Riots,1
United Arab Emirates,23.7727,53.7133,Violence against civilians,2
United Arab Emirates,24.9904,55.3711,Explosions/Remote violence,3
United Arab Emirates,24.9904,55.3711,Violence against civilians,2
United Arab Emirates,25.1368,55.8094,Riots,1
United Arab Emirates,25.1368,55.8094,Violence against civilians,1
United Arab Emirates,25.4363,56.2301,Explosions/Remote violence,2
Yemen,4.769,59.6413,Explosions/Remote violence,10
Yemen,12.4081,48.278,Explosions/Remote violence,52
Yemen,12.4081,48.278,Violence against civilians,1
Yemen,12.5081,53.893,Explosions/Remote violence,4
Yemen,12.5081,53.893,Riots,3
Yemen,12.5081,53.893,Violence against civilians,21
Yemen,12.613,43.3362,Explosions/Remote violence,34
Yemen,12.8058,44.788,Explosions/Remote violence,582
Yemen,12.8058,44.788,Riots,281
Yemen,12.8058,44.788,Violence against civilians,615
Yemen,13.2949,43.7855,Explosions/Remote violence,4892
Yemen,13.2949,43.7855,Riots,44
Yemen,13.2949,43.7855,Violence against civilians,840
Yemen,13.3204,44.7623,Explosions/Remote violence,745
Yemen,13.3204,44.7623,Riots,41
Yemen,13.3204,44.7623,Violence against civilians,172
Yemen,13.6274,46.228,Explosions/Remote violence,679
Yemen,13.6274,46.228,Riots,48
Yemen,13.6274,46.228,Violence against civilians,174
Yemen,13.8711,57.1292,Explosions/Remote violence,20
Yemen,13.8943,44.7825,Explosions/Remote violence,1274
Yemen,13.8943,44.7825,Riots,10
Yemen,13.8943,44.7825,Violence against civilians,238
Yemen,14.0881,44.175,Explosions/Remote violence,359
Yemen,14.0881,44.175,Riots,10
Yemen,14.0881,44.175,Violence against civilians,620
Yemen,14.326,45.216,Explosions/Remote violence,1448
Yemen,14.326,45.216,Riots,5
Yemen,14.326,45.216,Violence against civilians,173
Yemen,14.5395,44.3063,Explosions/Remote violence,215
Yemen,14.5395,44.3063,Riots,1
Yemen,14.5395,44.3063,Violence against civilians,180
Yemen,14.651,46.62,Explosions/Remote violence,845
Yemen,14.651,46.62,Riots,24
Yemen,14.651,46.62,Violence against civilians,251
Yemen,14.657,43.6874,Explosions/Remote violence,19
Yemen,14.657,43.6874,Violence against civilians,21
Yemen,14.7791,43.2181,Explosions/Remote violence,10109
Yemen,14.7791,43.2181,Riots,6
Yemen,14.7791,43.2181,Violence against civilians,412
Yemen,15.3084,43.4994,Explosions/Remote violence,72
Yemen,15.3084,43.4994,Violence against civilians,22
Yemen,15.3329,45.4523,Explosions/Remote violence,5020
Yemen,15.3329,45.4523,Riots,7
Yemen,15.3329,45.4523,Violence against civilians,122
Yemen,15.3931,44.4753,Explosions/Remote violence,2968
Yemen,15.3931,44.4753,Riots,1
Yemen,15.3931,44.4753,Violence against civilians,140
Yemen,15.4201,44.1919,Explosions/Remote violence,1602
Yemen,15.4201,44.1919,Riots,13
Yemen,15.4201,44.1919,Violence against civilians,466
Yemen,15.5791,40.9906,Explosions/Remote violence,94
Yemen,15.5791,40.9906,Violence against civilians,8
Yemen,16.0944,43.2039,Explosions/Remote violence,3512
Yemen,16.0944,43.2039,Riots,3
Yemen,16.0944,43.2039,Violence against civilians,69
Yemen,16.1156,43.9414,Explosions/Remote violence,490
Yemen,16.1156,43.9414,Riots,2
Yemen,16.1156,43.9414,Violence against civilians,126
Yemen,16.5288,48.6269,Explosions/Remote violence,159
Yemen,16.5288,48.6269,Riots,166
Yemen,16.5288,48.6269,Violence against civilians,185
Yemen,16.5757,53.0427,Violence against civilians,1
Yemen,16.5962,45.5989,Explosions/Remote violence,2529
Yemen,16.5962,45.5989,Riots,1
Yemen,16.5962,45.5989,Violence against civilians,108
Yemen,17.0575,51.8238,Explosions/Remote violence,9
Yemen,17.0575,51.8238,Riots,1
Yemen,17.0575,51.8238,Violence against civilians,28
Yemen,17.0883,44.0424,Explosions/Remote violence,10387
Yemen,17.0883,44.0424,Riots,4
Yemen,17.0883,44.0424,Violence against civilians,422
Yemen,18.7938,39.9069,Explosions/Remote violence,24
Yemen,25.4074,35.9101,Explosions/Remote violence,7
Canada,44.727,-64.4005,Riots,1
Canada,49.1103,-87.1396,Riots,39
Canada,49.1103,-87.1396,Violence against civilians,2
Canada,49.1144,-56.6866,Riots,1
Canada,53.7854,-73.2977,Riots,37
Canada,53.7854,-73.2977,Violence against civilians,3
Canada,54.498,-115.0035,Riots,7
Canada,54.498,-115.0035,Violence against civilians,5
Canada,54.5005,-124.9951,Explosions/Remote violence,1
Canada,54.5005,-124.9951,Riots,23
Canada,54.5005,-124.9951,Violence against civilians,5
Canada,54.5554,-97.1852,Riots,4
Canada,54.5554,-97.1852,Violence against civilians,2
Canada,54.5991,-105.9266,Riots,1
Canada,54.5991,-105.9266,Violence against civilians,2
Saint Pierre and Miquelon,46.7818,-56.1928,Riots,1
Saint Pierre and Miquelon,47.0396,-56.3336,Riots,1
United States,19.5898,-155.4492,Riots,4
United States,19.5898,-155.4492,Violence against civilians,2
United States,27.9746,-81.5608,Riots,48
United States,27.9746,-81.5608,Violence against civilians,32
United States,30.9714,-91.6468,Riots,7
United States,30.9714,-91.6468,Violence against civilians,9
United States,31.1686,-99.6829,Explosions/Remote violence,1
United States,31.1686,-99.6829,Riots,35
United States,31.1686,-99.6829,Violence against civilians,22
United States,32.5929,-89.7047,Riots,3
United States,32.5929,-89.7047,Violence against civilians,7
United States,32.6025,-86.7323,Explosions/Remote violence,1
United States,32.6025,-86.7323,Riots,9
United States,32.6025,-86.7323,Violence against civilians,8
United States,32.675,-83.2508,Explosions/Remote violence,1
United States,32.675,-83.2508,Riots,40
United States,32.675,-83.2508,Violence against civilians,17
United States,33.6219,-80.5703,Riots,10
United States,33.6219,-80.5703,Violence against civilians,6
United States,34.0853,-106.0451,Riots,14
United States,34.0853,-106.0451,Violence against civilians,13
United States,34.1687,-111.668,Riots,26
United States,34.1687,-111.668,Violence against civilians,14
United States,34.752,-92.495,Explosions/Remote violence,1
United States,34.752,-92.495,Riots,7
United States,34.752,-92.495,Violence against civilians,5
United States,35.2157,-80.4324,Explosions/Remote violence,2
United States,35.2157,-80.4324,Riots,46
United States,35.2157,-80.4324,Violence against civilians,9
United States,35.2898,-97.2176,Riots,8
United States,35.8318,-86.3207,Explosions/Remote violence,2
United States,35.8318,-86.3207,Riots,12
United States,35.8318,-86.3207,Violence against civilians,10
United States,37.2724,-119.9915,Explosions/Remote violence,9
United States,37.2724,-119.9915,Riots,267
United States,37.2724,-119.9915,Violence against civilians,58
United States,37.8238,-84.7291,Riots,17
United States,37.8238,-84.7291,Violence against civilians,5
United States,38.0021,-78.24,Riots,39
United States,38.0021,-78.24,Violence against civilians,8
United States,38.3026,-92.4931,Riots,34
United States,38.3026,-92.4931,Violence against civilians,5
United States,38.5334,-116.6892,Riots,12
United States,38.5334,-116.6892,Violence against civilians,7
United States,38.5371,-98.3288,Riots,9
United States,38.5371,-98.3288,Violence against civilians,3
United States,38.823,-76.7496,Riots,17
United States,38.823,-76.7496,Violence against civilians,6
United States,38.896,-76.9892,Riots,40
United States,38.896,-76.9892,Violence against civilians,12
United States,38.9151,-80.2973,Riots,2
United States,38.9151,-80.2973,Violence against civilians,3
United States,38.961,-105.5497,Riots,22
United States,38.961,-105.5497,Violence against civilians,10
United States,39.1463,-75.5798,Riots,3
United States,39.1463,-75.5798,Violence against civilians,3
United States,39.4988,-111.5492,Riots,7
United States,39.4988,-111.5492,Violence against civilians,2
United States,39.735,-86.1735,Riots,13
United States,39.735,-86.1735,Violence against civilians,5
United States,39.7588,-89.4493,Riots,49
United States,39.7588,-89.4493,Violence against civilians,18
United States,40.1422,-74.3782,Explosions/Remote violence,1
United States,40.1422,-74.3782,Riots,12
United States,40.1422,-74.3782,Violence against civilians,5
United States,40.1773,-82.7467,Riots,26
United States,40.1773,-82.7467,Violence against civilians,11
United States,40.9976,-77.8194,Explosions/Remote violence,1
United States,40.9976,-77.8194,Riots,40
United States,40.9976,-77.8194,Violence against civilians,13
United States,41.4977,-100.0302,Riots,8
United States,41.5268,-72.661,Riots,12
United States,41.5268,-72.661,Violence against civilians,1
United States,41.6622,-71.6167,Riots,8
United States,41.9412,-93.1512,Riots,14
United States,41.9412,-93.1512,Violence against civilians,1
United States,42.191,-72.0933,Riots,30
United States,42.191,-72.0933,Violence against civilians,6
United States,42.8757,-76.0829,Riots,246
United States,42.8757,-76.0829,Violence against civilians,35
United States,43.8667,-72.7797,Riots,3
United States,43.8667,-72.7797,Violence against civilians,2
United States,44.0036,-71.5541,Riots,5
United States,44.0036,-71.5541,Violence against civilians,1
United States,44.1147,-120.5243,Riots,207
United States,44.1147,-120.5243,Violence against civilians,4
United States,44.2573,-100.2539,Riots,2
United States,44.731,-90.3737,Riots,27
United States,44.731,-90.3737,Violence against civilians,6
United States,45.2622,-69.1597,Riots,7
United States,45.4938,-115.465,Riots,6
United States,45.4938,-115.465,Violence against civilians,5
United States,46.283,-86.9795,Riots,21
United States,46.283,-86.9795,Violence against civilians,10
United States,46.4526,-94.5044,Riots,42
United States,46.4526,-94.5044,Violence against civilians,16
United States,46.6854,-109.339,Riots,1
United States,46.6854,-109.339,Violence against civilians,1
United States,47.2728,-119.7245,Riots,83
United States,47.2728,-119.7245,Violence against civilians,4
United States,47.4676,-100.4501,Riots,2
