{
  "type": "FeatureCollection",
  "crs": {
    "type": "name",
    "properties": {
      "name": "urn:ogc:def:crs:OGC:1.3:CRS84"
    }
  },
  "features": [
    {
      "type": "Feature",
      "properties": {
        "shapeName": "Southern District",
        "shapeISO": "IL-D",
        "shapeID": "19161824B24193204184747",
        "shapeGroup": "ISR",
        "shapeType": "ADM1"
      },
      "geometry": {
        "type": "Polygon",
        "coordinates": [
          [
            [
              34.68059872900005,
              31.882668055000067
            ],
            [
              34.66538996100007,
              31.855294895000043
            ],
            [
              34.64333363600008,
              31.80939389400004
            ],
            [
              34.61710449200007,
              31.765877360000047
            ],
            [
              34.58014524500004,
              31.70924625500004
            ],
            [
              34.53960929500005,
              31.654403500000058
            ],
            [
              34.503452793000065,
              31.611235976000046
            ],
            [
              34.491732658000046,
              31.594984055000054
            ],
            [
              34.568773013000055,
              31.53966501700006
            ],
            [
              34.567210328000044,
              31.53232039900007
            ],
            [
              34.55611526700005,
              31.520131459000027
            ],
            [
              34.535800366000046,
              31.504504612000062
            ],
            [
              34.50578705300006,
              31.491514796000047
            ],
            [
              34.496020274000045,
              31.48467805000007
            ],
            [
              34.44303549600005,
              31.44194839100004
            ],
            [
              34.42740864900003,
              31.426809883000033
            ],
            [
              34.38496378900004,
              31.392310102000067
            ],
            [
              34.37956315100007,
              31.38270896800003
            ],
            [
              34.369661981000036,
              31.371507644000076
            ],
            [
              34.36386129500005,
              31.362306556000078
            ],
            [
              34.36666162600005,
              31.334703294000064
            ],
            [
              34.37091012800005,
              31.316021086000035
            ],
            [
              34.37129417400007,
              31.298675036000077
            ],
            [
              34.36937394700004,
              31.294322522000073
            ],
            [
              34.36756173300006,
              31.291898235000076
            ],
            [
              34.35145983000007,
              31.283197207000057
            ],
            [
              34.33455783200003,
              31.264094949000025
            ],
            [
              34.32965725300005,
              31.260494524000023
            ],
            [
              34.31285526700003,
              31.24859311700004
            ],
            [
              34.294678119000025,
              31.242754927000078
            ],
            [
              34.28061395700007,
              31.229940913000064
            ],
            [
              34.26639352600006,
              31.219783462000066
            ],
            [
              34.34892342100005,
              30.987777893000043
            ],
            [
              34.398138833000075,
              30.858825885000044
            ],
            [
              34.48665027000004,
              30.697445118000076
            ],
            [
              34.497714200000075,
              30.666923933000078
            ],
            [
              34.511830248000024,
              30.618471551000027
            ],
            [
              34.51488236600005,
              30.59748823700005
            ],
            [
              34.512593278000054,
              30.55437706200007
            ],
            [
              34.51335630700004,
              30.534156777000078
            ],
            [
              34.51869751500004,
              30.524237392000032
            ],
            [
              34.530142959000045,
              30.512028918000055
            ],
            [
              34.53777325500005,
              30.505161651000037
            ],
            [
              34.54196991800006,
              30.503635592000023
            ],
            [
              34.550744759000054,
              30.48799348400007
            ],
            [
              34.550744759000054,
              30.467010170000037
            ],
            [
              34.548837185000025,
              30.458616844000062
            ],
            [
              34.54120688900008,
              30.443737766000027
            ],
            [
              34.53739174100008,
              30.424662025000032
            ],
            [
              34.54120688900008,
              30.413598095000054
            ],
            [
              34.55608596700006,
              30.39948204700005
            ],
            [
              34.60453834800006,
              30.370868436000023
            ],
            [
              34.61178713000004,
              30.360949051000034
            ],
            [
              34.70795938400005,
              30.104387967000036
            ],
            [
              34.72749294300007,
              30.06312332500005
            ],
            [
              34.75581660300003,
              29.990360819000045
            ],
            [
              34.76680423000005,
              29.957153770000048
            ],
            [
              34.82003317700003,
              29.813826283000026
            ],
            [
              34.824428227000055,
              29.807477877000053
            ],
            [
              34.838101718000075,
              29.77646835300004
            ],
            [
              34.84469429400008,
              29.75376059100006
            ],
            [
              34.84908934500004,
              29.744482151000057
            ],
            [
              34.848845176000054,
              29.716890999000043
            ],
            [
              34.85299605700004,
              29.702729169000065
            ],
            [
              34.85411923600003,
              29.686320980000062
            ],
            [
              34.87021488900007,
              29.655848629000047
            ],
            [
              34.87443413700004,
              29.64272207700003
            ],
            [
              34.87469967800007,
              29.619060438000076
            ],
            [
              34.865204531000074,
              29.599689648000037
            ],
            [
              34.867890395000074,
              29.58015608900007
            ],
            [
              34.874238802000036,
              29.568680123000036
            ],
            [
              34.87372155300005,
              29.543891647000066
            ],
            [
              34.896924295000076,
              29.50488703700006
            ],
            [
              34.90142482700003,
              29.500086470000042
            ],
            [
              34.90432517000005,
              29.493185654000058
            ],
            [
              34.91082593800007,
              29.49628602100006
            ],
            [
              34.91622657700003,
              29.502086706000057
            ],
            [
              34.92822799500004,
              29.520088834000035
            ],
            [
              34.936288948000026,
              29.52688163700003
            ],
            [
              34.95273889200007,
              29.54774810300006
            ],
            [
              34.96073983700006,
              29.54877222400006
            ],
            [
              34.97651529400002,
              29.542599771000027
            ],
            [
              34.97498923400008,
              29.557478848000073
            ],
            [
              34.97651529400002,
              29.57922519300007
            ],
            [
              34.98452710500004,
              29.59791941900005
            ],
            [
              34.995972549000044,
              29.612035467000055
            ],
            [
              35.00131375700005,
              29.625388486000077
            ],
            [
              35.010470112000064,
              29.63607090000005
            ],
            [
              35.02115252700003,
              29.655909671000074
            ],
            [
              35.02267858600004,
              29.667355115000078
            ],
            [
              35.01390374600004,
              29.689864490000048
            ],
            [
              35.013522231000024,
              29.69863933000005
            ],
            [
              35.01886343800004,
              29.72305627800006
            ],
            [
              35.02235201000008,
              29.733186870000054
            ],
            [
              35.03001893100003,
              29.74497049000007
            ],
            [
              35.04686662600005,
              29.792339369000047
            ],
            [
              35.06102845600003,
              29.821395537000058
            ],
            [
              35.07372526900008,
              29.842149943000038
            ],
            [
              35.083003709000025,
              29.87242695900005
            ],
            [
              35.078608658000064,
              29.87950787400007
            ],
            [
              35.07543445500005,
              29.89220468700006
            ],
            [
              35.074946116000035,
              29.902459806000024
            ],
            [
              35.078608658000064,
              29.915156619000072
            ],
            [
              35.07680180400007,
              29.931975013000056
            ],
            [
              35.073207629000024,
              29.941194852000024
            ],
            [
              35.07289509300006,
              29.946507980000035
            ],
            [
              35.08055224700007,
              29.95729050400007
            ],
            [
              35.08977208700003,
              29.966510344000028
            ],
            [
              35.100710880000065,
              30.001514481000072
            ],
            [
              35.10383624900004,
              30.028705195000043
            ],
            [
              35.106492813000045,
              30.034799665000037
            ],
            [
              35.117431606000025,
              30.049957706000043
            ],
            [
              35.13977799700007,
              30.06886619100004
            ],
            [
              35.158686482000064,
              30.09105631400007
            ],
            [
              35.16946900600004,
              30.117778222000027
            ],
            [
              35.17509467100007,
              30.12762313500008
            ],
            [
              35.171969302000036,
              30.144656398000052
            ],
            [
              35.16259319400007,
              30.17387860200006
            ],
            [
              35.157905139000036,
              30.201538121000056
            ],
            [
              35.149554152000064,
              30.22217180900003
            ],
            [
              35.14345343100007,
              30.23017275500007
            ],
            [
              35.14175323100005,
              30.236073452000028
            ],
            [
              35.15195443600004,
              30.253875556000025
            ],
            [
              35.16345179500007,
              30.284987233000038
            ],
            [
              35.16453992400005,
              30.292796156000065
            ],
            [
              35.16082748500003,
              30.300605079000036
            ],
            [
              35.161595576000025,
              30.303613435000045
            ],
            [
              35.19185915200006,
              30.345686407000073
            ],
            [
              35.18935885700006,
              30.355487565000033
            ],
            [
              35.18385820700007,
              30.36428860600006
            ],
            [
              35.18175795800005,
              30.38169066200004
            ],
            [
              35.16402786300006,
              30.403401228000064
            ],
            [
              35.159739356000046,
              30.410762098000077
            ],
            [
              35.157163052000044,
              30.424971777000053
            ],
            [
              35.15865047800003,
              30.43358079500007
            ],
            [
              35.16249318200005,
              30.44085390400005
            ],
            [
              35.17509467100007,
              30.456568262000076
            ],
            [
              35.18681480600003,
              30.485477928000023
            ],
            [
              35.18869002800005,
              30.510793420000027
            ],
            [
              35.19678668800003,
              30.53559127300008
            ],
            [
              35.20191424700005,
              30.541207171000053
            ],
            [
              35.20435594200006,
              30.547555577000026
            ],
            [
              35.20826265300008,
              30.579053441000042
            ],
            [
              35.21046017900005,
              30.58613435600006
            ],
            [
              35.21216936500008,
              30.59052940600003
            ],
            [
              35.22413367000007,
              30.604691236000065
            ],
            [
              35.227796212000044,
              30.617388049000056
            ],
            [
              35.250503974000026,
              30.646200048000026
            ],
            [
              35.267107499000076,
              30.675500386000067
            ],
            [
              35.27651290700004,
              30.684407689000068
            ],
            [
              35.27682544400005,
              30.689564548000078
            ],
            [
              35.28088842400007,
              30.698784388000036
            ],
            [
              35.291514680000034,
              30.71534884600004
            ],
            [
              35.29573392900005,
              30.724724954000067
            ],
            [
              35.298859298000025,
              30.737695237000025
            ],
            [
              35.300314548000074,
              30.772191501000066
            ],
            [
              35.30348875200008,
              30.78146994100007
            ],
            [
              35.315453056000024,
              30.797829297000078
            ],
            [
              35.33547495400006,
              30.814432821000025
            ],
            [
              35.341823360000035,
              30.823467092000044
            ],
            [
              35.33596329300008,
              30.839826448000053
            ],
            [
              35.33498661500005,
              30.84739570200003
            ],
            [
              35.34157919100005,
              30.872789328000067
            ],
            [
              35.35793854600007,
              30.901601327000037
            ],
            [
              35.371856207000064,
              30.921134885000072
            ],
            [
              35.38552969800003,
              30.92626244400003
            ],
            [
              35.39847068000006,
              30.928459970000063
            ],
            [
              35.40945830700008,
              30.933831698000063
            ],
            [
              35.41531837400004,
              30.944819325000026
            ],
            [
              35.41776006900005,
              30.954830274000074
            ],
            [
              35.418736747000025,
              31.003908340000066
            ],
            [
              35.423248999000066,
              31.025854293000066
            ],
            [
              35.427468248000025,
              31.042575019000026
            ],
            [
              35.44700180600006,
              31.072109759000057
            ],
            [
              35.45934701500005,
              31.118208958000025
            ],
            [
              35.45872194200007,
              31.138992664000057
            ],
            [
              35.45537193600006,
              31.153203328000075
            ],
            [
              35.449160265000046,
              31.167150289000062
            ],
            [
              35.40384240900005,
              31.224149213000032
            ],
            [
              35.39969152700007,
              31.237822704000052
            ],
            [
              35.39969152700007,
              31.257844601000045
            ],
            [
              35.40188905300005,
              31.26907639700005
            ],
            [
              35.416783391000024,
              31.30081843000005
            ],
            [
              35.42581766200004,
              31.31546859900004
            ],
            [
              35.44022366200005,
              31.332072124000035
            ],
            [
              35.448525424000024,
              31.34525727600004
            ],
            [
              35.46610562700005,
              31.38066185100007
            ],
            [
              35.47325490900005,
              31.408712041000058
            ],
            [
              35.476067742000055,
              31.45715526600003
            ],
            [
              35.475139897000076,
              31.49444482900003
            ],
            [
              35.46859788000006,
              31.496378185000026
            ],
            [
              35.455118,
              31.49737486300006
            ],
            [
              35.40476031400004,
              31.495562305000078
            ],
            [
              35.399132018000046,
              31.493201433000024
            ],
            [
              35.37358062900006,
              31.472219546000076
            ],
            [
              35.28371102300002,
              31.408497172000068
            ],
            [
              35.235121296000045,
              31.371139241000037
            ],
            [
              35.23170292400005,
              31.369918393000034
            ],
            [
              35.20118173800006,
              31.368453377000037
            ],
            [
              35.19190329800006,
              31.362593309000033
            ],
            [
              35.14673194400007,
              31.35697741100006
            ],
            [
              35.12988425000003,
              31.35136151300003
            ],
            [
              35.040441257000055,
              31.352305374000025
            ],
            [
              35.01173786500004,
              31.355805788000055
            ],
            [
              34.98595881800003,
              31.34904899000003
            ],
            [
              34.95197080100007,
              31.346104642000057
            ],
            [
              34.93110433500004,
              31.33951186200005
            ],
            [
              34.921567208000056,
              31.340728006000063
            ],
            [
              34.91523045900004,
              31.344888498000046
            ],
            [
              34.907357528000034,
              31.35615382900005
            ],
            [
              34.89551612900004,
              31.366010994000078
            ],
            [
              34.88111442700006,
              31.39283016400003
            ],
            [
              34.90372509900004,
              31.434715114000028
            ],
            [
              34.918326825000065,
              31.45031695800003
            ],
            [
              34.928183990000036,
              31.46396657100007
            ],
            [
              34.94160157600004,
              31.48967360900008
            ],
            [
              34.945385703000056,
              31.50491253000007
            ],
            [
              34.94124713400004,
              31.52473503300007
            ],
            [
              34.95023059500005,
              31.582132537000064
            ],
            [
              34.96233202600007,
              31.60093475900004
            ],
            [
              34.95773148200004,
              31.603135019000035
            ],
            [
              34.95013058400008,
              31.610535893000076
            ],
            [
              34.93422870400008,
              31.612636142000042
            ],
            [
              34.92882806600005,
              31.615136437000046
            ],
            [
              34.91152602100004,
              31.628638033000072
            ],
            [
              34.90272498100006,
              31.63853920300005
            ],
            [
              34.87253741300003,
              31.653981028000032
            ],
            [
              34.872921459000054,
              31.66262204900005
            ],
            [
              34.86809832900008,
              31.68363717300008
            ],
            [
              34.87122125800005,
              31.686344853000037
            ],
            [
              34.87042116300006,
              31.694245787000057
            ],
            [
              34.87252141100004,
              31.712547950000044
            ],
            [
              34.86732079700005,
              31.729950006000024
            ],
            [
              34.86782085600004,
              31.733150385000044
            ],
            [
              34.873021470000026,
              31.738150976000043
            ],
            [
              34.874121600000024,
              31.741751401000045
            ],
            [
              34.87032115100004,
              31.74695201600008
            ],
            [
              34.86182014700006,
              31.750352418000034
            ],
            [
              34.84521818500008,
              31.753952843000036
            ],
            [
              34.842617877000066,
              31.76535419100003
            ],
            [
              34.83751727400005,
              31.771754947000034
            ],
            [
              34.83641714400005,
              31.78025595200006
            ],
            [
              34.82931630500008,
              31.787956862000044
            ],
            [
              34.80451337400007,
              31.76775447400007
            ],
            [
              34.800112854000076,
              31.75615310300003
            ],
            [
              34.797212511000055,
              31.755052973000033
            ],
            [
              34.788511483000036,
              31.76095367100004
            ],
            [
              34.784511010000074,
              31.766254297000046
            ],
            [
              34.77861031200007,
              31.777555633000077
            ],
            [
              34.77590999300003,
              31.788256897000053
            ],
            [
              34.771709497000074,
              31.79255740600007
            ],
            [
              34.768209083000045,
              31.78995709800006
            ],
            [
              34.763808563000055,
              31.782156176000058
            ],
            [
              34.76160830300006,
              31.782956271000046
            ],
            [
              34.76190833900006,
              31.79045715700005
            ],
            [
              34.76610883500007,
              31.80135844600005
            ],
            [
              34.76470866900007,
              31.804458812000064
            ],
            [
              34.75680773600004,
              31.808159249000028
            ],
            [
              34.74400622300004,
              31.81055953300006
            ],
            [
              34.738505573000054,
              31.81516007700003
            ],
            [
              34.73250486300003,
              31.80615901300007
            ],
            [
              34.72890443800003,
              31.803658718000065
            ],
            [
              34.725504036000075,
              31.803658718000065
            ],
            [
              34.71560286600004,
              31.808259261000046
            ],
            [
              34.71110233400003,
              31.806959108000058
            ],
            [
              34.71040225100006,
              31.803958753000074
            ],
            [
              34.72110351600003,
              31.792457394000053
            ],
            [
              34.72820435500006,
              31.788956980000023
            ],
            [
              34.73220482800008,
              31.78465647200005
            ],
            [
              34.72900445000005,
              31.778855786000065
            ],
            [
              34.72480395300005,
              31.77675553800003
            ],
            [
              34.71890325600003,
              31.77685555000005
            ],
            [
              34.71020222800007,
              31.769754711000076
            ],
            [
              34.704801589000056,
              31.76815452200003
            ],
            [
              34.68769956800003,
              31.780655999000032
            ],
            [
              34.680498717000035,
              31.778255715000057
            ],
            [
              34.675098079000065,
              31.778855786000065
            ],
            [
              34.67669826800005,
              31.782956271000046
            ],
            [
              34.692200100000036,
              31.798158068000077
            ],
            [
              34.69530046600005,
              31.808459285000026
            ],
            [
              34.680298693000054,
              31.817660372000034
            ],
            [
              34.67439799600004,
              31.82336104600006
            ],
            [
              34.67449800800006,
              31.826361401000042
            ],
            [
              34.69740071500007,
              31.826861460000032
            ],
            [
              34.70640177800004,
              31.82336104600006
            ],
            [
              34.71170240500004,
              31.82306101100005
            ],
            [
              34.72030342100004,
              31.834262334000073
            ],
            [
              34.72030342100004,
              31.837762748000046
            ],
            [
              34.71620293700005,
              31.841263162000075
            ],
            [
              34.71520281900007,
              31.846063729000036
            ],
            [
              34.721203528000046,
              31.850664273000064
            ],
            [
              34.71960333900006,
              31.852964545000077
            ],
            [
              34.72020341000007,
              31.85566486400006
            ],
            [
              34.72660416600007,
              31.863265762000026
            ],
            [
              34.72700421300004,
              31.868366365000043
            ],
            [
              34.722503681000035,
              31.871266708000064
            ],
            [
              34.705801708000024,
              31.87686737000007
            ],
            [
              34.68059872900005,
              31.882668055000067
            ]
          ]
        ]
      }
    },
    {
      "type": "Feature",
      "properties": {
        "shapeName": "Central District",
        "shapeISO": "IL-M",
        "shapeID": "19161824B470428506180",
        "shapeGroup": "ISR",
        "shapeType": "ADM1"
      },
      "geometry": {
        "type": "Polygon",
        "coordinates": [
          [
            [
              34.82931630500008,
              31.787956862000044
            ],
            [
              34.83761728600007,
              31.795357737000074
            ],
            [
              34.86572060800006,
              31.80245857600005
            ],
            [
              34.876321861000065,
              31.806959108000058
            ],
            [
              34.91252613900008,
              31.808259261000046
            ],
            [
              34.918726872000036,
              31.813559888000043
            ],
            [
              34.91542648200004,
              31.81506006500007
            ],
            [
              34.91382629300006,
              31.819760621000057
            ],
            [
              34.91522645800006,
              31.82796159000003
            ],
            [
              34.926127747000066,
              31.836762630000067
            ],
            [
              34.93512881100003,
              31.838462831000072
            ],
            [
              34.94953051300007,
              31.846363765000035
            ],
            [
              34.99163548900003,
              31.846963836000043
            ],
            [
              35.00713732100007,
              31.850964308000073
            ],
            [
              35.03064009900004,
              31.851564379000024
            ],
            [
              35.03934112700006,
              31.85636494700003
            ],
            [
              35.04294155200006,
              31.862065620000067
            ],
            [
              35.044441730000074,
              31.887868670000046
            ],
            [
              35.040441257000055,
              31.910171306000052
            ],
            [
              35.03774093800007,
              31.91507188500003
            ],
            [
              35.03064009900004,
              31.92017248800005
            ],
            [
              35.01443818400003,
              31.92427297200004
            ],
            [
              35.00797742000003,
              31.928445466000028
            ],
            [
              35.00605719300006,
              31.937022479000063
            ],
            [
              35.00906554900007,
              31.941118963000065
            ],
            [
              35.00906554900007,
              31.943935296000063
            ],
            [
              35.00426498100006,
              31.94956796200006
            ],
            [
              34.998440293000044,
              31.952704333000042
            ],
            [
              34.988839158000076,
              31.96121733900003
            ],
            [
              34.98928721100003,
              31.96460974000007
            ],
            [
              34.99530392200006,
              31.96825817100006
            ],
            [
              35.00042452800005,
              31.976451139000062
            ],
            [
              35.00189670200007,
              31.986884372000077
            ],
            [
              35.00113661200004,
              31.998581755000032
            ],
            [
              35.00593717900006,
              32.014683658000024
            ],
            [
              35.007237333000035,
              32.030585537000036
            ],
            [
              34.99366697900007,
              32.07285303200007
            ],
            [
              34.98694743500005,
              32.088636148000035
            ],
            [
              34.98913519300004,
              32.095980766000025
            ],
            [
              34.99460459000005,
              32.10348165200003
            ],
            [
              34.996323543000074,
              32.10879478000004
            ],
            [
              34.993510710000066,
              32.114420445000064
            ],
            [
              34.989760267000065,
              32.11645193500004
            ],
            [
              34.988197583000044,
              32.11988984100003
            ],
            [
              34.98772877700003,
              32.126140580000026
            ],
            [
              34.991322952000075,
              32.13379773500003
            ],
            [
              34.991166683000074,
              32.13817325200006
            ],
            [
              34.988822656000025,
              32.14426772300004
            ],
            [
              34.981634307000036,
              32.14692428600006
            ],
            [
              34.97772759500003,
              32.159113227000034
            ],
            [
              34.966163728000026,
              32.170208288000026
            ],
            [
              34.959600453000064,
              32.18302230300003
            ],
            [
              34.96866402400008,
              32.19677392800003
            ],
            [
              34.97913401100004,
              32.19771153900007
            ],
            [
              34.98382206500003,
              32.199586760000045
            ],
            [
              35.00726233600005,
              32.218651514000044
            ],
            [
              35.02242037700006,
              32.23584104500003
            ],
            [
              35.03351543800005,
              32.25943758400007
            ],
            [
              35.03351543800005,
              32.26709473900007
            ],
            [
              35.029139921000024,
              32.271626524000055
            ],
            [
              35.019920082000056,
              32.278346069000065
            ],
            [
              35.01273173200008,
              32.27990875300003
            ],
            [
              35.01195039000004,
              32.28147143800004
            ],
            [
              35.015438302000064,
              32.30161756900003
            ],
            [
              35.019638798000074,
              32.312418845000025
            ],
            [
              35.02283917700004,
              32.33322130400006
            ],
            [
              35.02683964900007,
              32.33792186000005
            ],
            [
              35.04354162300007,
              32.34422260400004
            ],
            [
              35.04734207300004,
              32.34772301800007
            ],
            [
              35.048842250000064,
              32.35382373900006
            ],
            [
              35.05461168200003,
              32.361168357000054
            ],
            [
              35.056486903000064,
              32.36726282700005
            ],
            [
              35.05179884900008,
              32.37210715000003
            ],
            [
              35.040547520000075,
              32.37351356600004
            ],
            [
              35.03460931800004,
              32.370075660000055
            ],
            [
              35.02460813600004,
              32.37085700200004
            ],
            [
              35.011637853000025,
              32.376638935000074
            ],
            [
              34.99007280400008,
              32.39539115200006
            ],
            [
              34.97929028000004,
              32.40148562200005
            ],
            [
              34.96350716500007,
              32.40507979700004
            ],
            [
              34.92452755800008,
              32.41053044100005
            ],
            [
              34.92012703800003,
              32.40092930600002
            ],
            [
              34.87572179000006,
              32.40923028700007
            ],
            [
              34.87122125800005,
              32.41083047600006
            ],
            [
              34.86615190900005,
              32.37320102900003
            ],
            [
              34.85318162600004,
              32.326633025000035
            ],
            [
              34.826459718000024,
              32.238028804000066
            ],
            [
              34.81191424800005,
              32.198905430000025
            ],
            [
              34.82381565500003,
              32.19280470900003
            ],
            [
              34.834816955000065,
              32.190604449000034
            ],
            [
              34.84111770000004,
              32.18500378700003
            ],
            [
              34.852519047000044,
              32.17960314900006
            ],
            [
              34.86708951900005,
              32.16848933500006
            ],
            [
              34.86708951900005,
              32.15942576400005
            ],
            [
              34.86443295500004,
              32.15473771000006
            ],
            [
              34.85786968000008,
              32.149737119000065
            ],
            [
              34.85568192100004,
              32.14348638000007
            ],
            [
              34.86724578800005,
              32.135829225000066
            ],
            [
              34.86896474100007,
              32.12254640500004
            ],
            [
              34.86724578800005,
              32.11395164000004
            ],
            [
              34.86129781900007,
              32.110972772000025
            ],
            [
              34.85714693800003,
              32.11072860200005
            ],
            [
              34.84908934500004,
              32.09534592500006
            ],
            [
              34.84738015900007,
              32.08875334900006
            ],
            [
              34.848845176000054,
              32.072149824000064
            ],
            [
              34.853240226000025,
              32.065801418000035
            ],
            [
              34.86813456500005,
              32.065801418000035
            ],
            [
              34.870576260000064,
              32.063115553000046
            ],
            [
              34.87277378500005,
              32.05603463800003
            ],
            [
              34.872285446000035,
              32.03552440200008
            ],
            [
              34.87741300500005,
              32.021362572000044
            ],
            [
              34.87668049700005,
              32.01916504700006
            ],
            [
              34.87082042900005,
              32.01452582600007
            ],
            [
              34.86300700600003,
              32.012572471000055
            ],
            [
              34.856170260000056,
              32.01306081000007
            ],
            [
              34.84029924400005,
              32.02185091100006
            ],
            [
              34.83053246500003,
              32.02258341900006
            ],
            [
              34.81026639700008,
              31.996945624000034
            ],
            [
              34.80318548300005,
              31.99206223400006
            ],
            [
              34.79146534700004,
              31.988155522000056
            ],
            [
              34.75508409500003,
              31.99474809800006
            ],
            [
              34.736771383000075,
              32.00329403000006
            ],
            [
              34.73014828600003,
              31.99091769000006
            ],
            [
              34.713041162000025,
              31.944845960000066
            ],
            [
              34.68059872900005,
              31.882668055000067
            ],
            [
              34.705801708000024,
              31.87686737000007
            ],
            [
              34.722503681000035,
              31.871266708000064
            ],
            [
              34.72700421300004,
              31.868366365000043
            ],
            [
              34.72660416600007,
              31.863265762000026
            ],
            [
              34.72020341000007,
              31.85566486400006
            ],
            [
              34.71960333900006,
              31.852964545000077
            ],
            [
              34.721203528000046,
              31.850664273000064
            ],
            [
              34.71520281900007,
              31.846063729000036
            ],
            [
              34.71620293700005,
              31.841263162000075
            ],
            [
              34.72030342100004,
              31.837762748000046
            ],
            [
              34.72030342100004,
              31.834262334000073
            ],
            [
              34.71170240500004,
              31.82306101100005
            ],
            [
              34.70640177800004,
              31.82336104600006
            ],
            [
              34.69740071500007,
              31.826861460000032
            ],
            [
              34.67449800800006,
              31.826361401000042
            ],
            [
              34.67439799600004,
              31.82336104600006
            ],
            [
              34.680298693000054,
              31.817660372000034
            ],
            [
              34.69530046600005,
              31.808459285000026
            ],
            [
              34.692200100000036,
              31.798158068000077
            ],
            [
              34.67669826800005,
              31.782956271000046
            ],
            [
              34.675098079000065,
              31.778855786000065
            ],
            [
              34.680498717000035,
              31.778255715000057
            ],
            [
              34.68769956800003,
              31.780655999000032
            ],
            [
              34.704801589000056,
              31.76815452200003
            ],
            [
              34.71020222800007,
              31.769754711000076
            ],
            [
              34.71890325600003,
              31.77685555000005
            ],
            [
              34.72480395300005,
              31.77675553800003
            ],
            [
              34.72900445000005,
              31.778855786000065
            ],
            [
              34.73220482800008,
              31.78465647200005
            ],
            [
              34.72820435500006,
              31.788956980000023
            ],
            [
              34.72110351600003,
              31.792457394000053
            ],
            [
              34.71040225100006,
              31.803958753000074
            ],
            [
              34.71110233400003,
              31.806959108000058
            ],
            [
              34.71560286600004,
              31.808259261000046
            ],
            [
              34.725504036000075,
              31.803658718000065
            ],
            [
              34.72890443800003,
              31.803658718000065
            ],
            [
              34.73250486300003,
              31.80615901300007
            ],
            [
              34.738505573000054,
              31.81516007700003
            ],
            [
              34.74400622300004,
              31.81055953300006
            ],
            [
              34.75680773600004,
              31.808159249000028
            ],
            [
              34.76470866900007,
              31.804458812000064
            ],
            [
              34.76610883500007,
              31.80135844600005
            ],
            [
              34.76190833900006,
              31.79045715700005
            ],
            [
              34.76160830300006,
              31.782956271000046
            ],
            [
              34.763808563000055,
              31.782156176000058
            ],
            [
              34.768209083000045,
              31.78995709800006
            ],
            [
              34.771709497000074,
              31.79255740600007
            ],
            [
              34.77590999300003,
              31.788256897000053
            ],
            [
              34.77861031200007,
              31.777555633000077
            ],
            [
              34.784511010000074,
              31.766254297000046
            ],
            [
              34.788511483000036,
              31.76095367100004
            ],
            [
              34.797212511000055,
              31.755052973000033
            ],
            [
              34.800112854000076,
              31.75615310300003
            ],
            [
              34.80451337400007,
              31.76775447400007
            ],
            [
              34.82931630500008,
              31.787956862000044
            ]
          ]
        ]
      }
    },
    {
      "type": "Feature",
      "properties": {
        "shapeName": "Jerusalem District",
        "shapeISO": "IL-JM",
        "shapeID": "19161824B79530266069959",
        "shapeGroup": "ISR",
        "shapeType": "ADM1"
      },
      "geometry": {
        "type": "Polygon",
        "coordinates": [
          [
            [
              34.96233202600007,
              31.60093475900004
            ],
            [
              34.98048972700008,
              31.614580816000057
            ],
            [
              34.99311344100005,
              31.63413868300006
            ],
            [
              35.00413696600003,
              31.644273214000066
            ],
            [
              35.01302690600005,
              31.648718184000074
            ],
            [
              35.02565062000008,
              31.65245195800003
            ],
            [
              35.06707773800008,
              31.675210204000052
            ],
            [
              35.09499214900006,
              31.69832404600004
            ],
            [
              35.10916896500004,
              31.713944646000073
            ],
            [
              35.112245151000025,
              31.71529630400005
            ],
            [
              35.11982748500003,
              31.71474818300004
            ],
            [
              35.12743964800006,
              31.720796152000048
            ],
            [
              35.15278614300007,
              31.732058024000025
            ],
            [
              35.15970465000004,
              31.737447177000035
            ],
            [
              35.164292712000076,
              31.739340663000064
            ],
            [
              35.177401461000045,
              31.739631968000026
            ],
            [
              35.191748259000065,
              31.74764287100004
            ],
            [
              35.198011328000064,
              31.748662440000032
            ],
            [
              35.21272225800004,
              31.74567655800007
            ],
            [
              35.220223376000035,
              31.73111128100004
            ],
            [
              35.22502991700003,
              31.73132976100004
            ],
            [
              35.22845275700007,
              31.735262385000055
            ],
            [
              35.23034624300004,
              31.76737882100008
            ],
            [
              35.23020059000004,
              31.770510356000045
            ],
            [
              35.22663209800004,
              31.77582668200006
            ],
            [
              35.22961797900007,
              31.786022375000073
            ],
            [
              35.226704924000046,
              31.795708285000046
            ],
            [
              35.22138859800003,
              31.80240831200007
            ],
            [
              35.21578096600007,
              31.80459310400005
            ],
            [
              35.20267221700004,
              31.80561267300004
            ],
            [
              35.17426992700007,
              31.801752875000034
            ],
            [
              35.14797960200008,
              31.808744208000064
            ],
            [
              35.10823460200004,
              31.828999046000035
            ],
            [
              35.098789931000056,
              31.832412783000052
            ],
            [
              35.085134984000035,
              31.851188335000074
            ],
            [
              35.070228333000045,
              31.853691742000024
            ],
            [
              35.05725613300007,
              31.85300899500004
            ],
            [
              35.04974591200005,
              31.847774598000058
            ],
            [
              35.03392893200004,
              31.828088716000025
            ],
            [
              35.02665084500006,
              31.825275797000074
            ],
            [
              35.01572688700003,
              31.82432905400003
            ],
            [
              34.99016482600007,
              31.825057318000063
            ],
            [
              34.98259088200007,
              31.828844290000063
            ],
            [
              34.981016012000055,
              31.834461025000053
            ],
            [
              34.99423528400007,
              31.846963836000043
            ],
            [
              34.99163548900003,
              31.846963836000043
            ],
            [
              34.94953051300007,
              31.846363765000035
            ],
            [
              34.93512881100003,
              31.838462831000072
            ],
            [
              34.926127747000066,
              31.836762630000067
            ],
            [
              34.91522645800006,
              31.82796159000003
            ],
            [
              34.91382629300006,
              31.819760621000057
            ],
            [
              34.91542648200004,
              31.81506006500007
            ],
            [
              34.918726872000036,
              31.813559888000043
            ],
            [
              34.91252613900008,
              31.808259261000046
            ],
            [
              34.876321861000065,
              31.806959108000058
            ],
            [
              34.86572060800006,
              31.80245857600005
            ],
            [
              34.83761728600007,
              31.795357737000074
            ],
            [
              34.82931630500008,
              31.787956862000044
            ],
            [
              34.83641714400005,
              31.78025595200006
            ],
            [
              34.83751727400005,
              31.771754947000034
            ],
            [
              34.842617877000066,
              31.76535419100003
            ],
            [
              34.84521818500008,
              31.753952843000036
            ],
            [
              34.86182014700006,
              31.750352418000034
            ],
            [
              34.87032115100004,
              31.74695201600008
            ],
            [
              34.874121600000024,
              31.741751401000045
            ],
            [
              34.873021470000026,
              31.738150976000043
            ],
            [
              34.86782085600004,
              31.733150385000044
            ],
            [
              34.86732079700005,
              31.729950006000024
            ],
            [
              34.87252141100004,
              31.712547950000044
            ],
            [
              34.87042116300006,
              31.694245787000057
            ],
            [
              34.87122125800005,
              31.686344853000037
            ],
            [
              34.86809832900008,
              31.68363717300008
            ],
            [
              34.872921459000054,
              31.66262204900005
            ],
            [
              34.87253741300003,
              31.653981028000032
            ],
            [
              34.90272498100006,
              31.63853920300005
            ],
            [
              34.91152602100004,
              31.628638033000072
            ],
            [
              34.92882806600005,
              31.615136437000046
            ],
            [
              34.93422870400008,
              31.612636142000042
            ],
            [
              34.95013058400008,
              31.610535893000076
            ],
            [
              34.95773148200004,
              31.603135019000035
            ],
            [
              34.96233202600007,
              31.60093475900004
            ]
          ]
        ]
      }
    },
    {
      "type": "Feature",
      "properties": {
        "shapeName": "Tel Aviv",
        "shapeISO": "IL-TA",
        "shapeID": "19161824B77983365125372",
        "shapeGroup": "ISR",
        "shapeType": "ADM1"
      },
      "geometry": {
        "type": "Polygon",
        "coordinates": [
          [
            [
              34.81191424800005,
              32.198905430000025
            ],
            [
              34.773617278000074,
              32.09373433400003
            ],
            [
              34.740916524000056,
              32.01641319500004
            ],
            [
              34.736771383000075,
              32.00329403000006
            ],
            [
              34.75508409500003,
              31.99474809800006
            ],
            [
              34.79146534700004,
              31.988155522000056
            ],
            [
              34.80318548300005,
              31.99206223400006
            ],
            [
              34.81026639700008,
              31.996945624000034
            ],
            [
              34.83053246500003,
              32.02258341900006
            ],
            [
              34.84029924400005,
              32.02185091100006
            ],
            [
              34.856170260000056,
              32.01306081000007
            ],
            [
              34.86300700600003,
              32.012572471000055
            ],
            [
              34.87082042900005,
              32.01452582600007
            ],
            [
              34.87668049700005,
              32.01916504700006
            ],
            [
              34.87741300500005,
              32.021362572000044
            ],
            [
              34.872285446000035,
              32.03552440200008
            ],
            [
              34.87277378500005,
              32.05603463800003
            ],
            [
              34.870576260000064,
              32.063115553000046
            ],
            [
              34.86813456500005,
              32.065801418000035
            ],
            [
              34.853240226000025,
              32.065801418000035
            ],
            [
              34.848845176000054,
              32.072149824000064
            ],
            [
              34.84738015900007,
              32.08875334900006
            ],
            [
              34.84908934500004,
              32.09534592500006
            ],
            [
              34.85714693800003,
              32.11072860200005
            ],
            [
              34.86129781900007,
              32.110972772000025
            ],
            [
              34.86724578800005,
              32.11395164000004
            ],
            [
              34.86896474100007,
              32.12254640500004
            ],
            [
              34.86724578800005,
              32.135829225000066
            ],
            [
              34.85568192100004,
              32.14348638000007
            ],
            [
              34.85786968000008,
              32.149737119000065
            ],
            [
              34.86443295500004,
              32.15473771000006
            ],
            [
              34.86708951900005,
              32.15942576400005
            ],
            [
              34.86708951900005,
              32.16848933500006
            ],
            [
              34.852519047000044,
              32.17960314900006
            ],
            [
              34.84111770000004,
              32.18500378700003
            ],
            [
              34.834816955000065,
              32.190604449000034
            ],
            [
              34.82381565500003,
              32.19280470900003
            ],
            [
              34.81191424800005,
              32.198905430000025
            ]
          ]
        ]
      }
    },
    {
      "type": "Feature",
      "properties": {
        "shapeName": "Haifa",
        "shapeISO": "IL-HA",
        "shapeID": "19161824B12012272353046",
        "shapeGroup": "ISR",
        "shapeType": "ADM1"
      },
      "geometry": {
        "type": "Polygon",
        "coordinates": [
          [
            [
              35.040547520000075,
              32.37351356600004
            ],
            [
              35.04704223300007,
              32.37351356600004
            ],
            [
              35.04988246200003,
              32.38450960600005
            ],
            [
              35.058039017000056,
              32.39390420900003
            ],
            [
              35.06317327700003,
              32.42401336800003
            ],
            [
              35.07170761900005,
              32.442902711000045
            ],
            [
              35.082745368000076,
              32.458492109000076
            ],
            [
              35.09275899600004,
              32.46566095600008
            ],
            [
              35.11642757100003,
              32.473398760000066
            ],
            [
              35.13292729900007,
              32.48136414600003
            ],
            [
              35.168202579000024,
              32.50617063300007
            ],
            [
              35.18015776900006,
              32.517087479000054
            ],
            [
              35.20042683200006,
              32.530422388000034
            ],
            [
              35.212161552000055,
              32.542334907000054
            ],
            [
              35.19758205100004,
              32.549802456000066
            ],
            [
              35.18833651400007,
              32.551580444000024
            ],
            [
              35.18086896500006,
              32.55993698700007
            ],
            [
              35.178557580000074,
              32.56527095100006
            ],
            [
              35.174646007000035,
              32.56384856100004
            ],
            [
              35.16397807900006,
              32.55193604200008
            ],
            [
              35.14299782200004,
              32.533622766000065
            ],
            [
              35.13801945600005,
              32.53166698000007
            ],
            [
              35.11650580200006,
              32.530066790000035
            ],
            [
              35.09232516700007,
              32.530422388000034
            ],
            [
              35.08716900200005,
              32.53184477800005
            ],
            [
              35.085924410000075,
              32.53931232800005
            ],
            [
              35.082190636000064,
              32.542157108000026
            ],
            [
              35.07561208000004,
              32.54269050500005
            ],
            [
              35.06188734800003,
              32.55284083200007
            ],
            [
              35.05729880500007,
              32.554958621000026
            ],
            [
              35.044319493000046,
              32.555669816000034
            ],
            [
              35.03382936400004,
              32.559047993000036
            ],
            [
              35.032762572000024,
              32.56118157900005
            ],
            [
              35.03436276100007,
              32.56455975600005
            ],
            [
              35.049120060000064,
              32.568115732000024
            ],
            [
              35.054276225000024,
              32.571671707000064
            ],
            [
              35.05374282900004,
              32.574160891000076
            ],
            [
              35.045564085000024,
              32.57718347000008
            ],
            [
              35.044319493000046,
              32.583939824000026
            ],
            [
              35.03418496200004,
              32.59034058100008
            ],
            [
              35.02973999200003,
              32.597452532000034
            ],
            [
              35.03880773100008,
              32.60331989200006
            ],
            [
              35.05356503000007,
              32.60740926400007
            ],
            [
              35.05836559800008,
              32.61025404500003
            ],
            [
              35.061388177000026,
              32.61985518000006
            ],
            [
              35.06103257900003,
              32.63230109500006
            ],
            [
              35.06298836600007,
              32.63674606500007
            ],
            [
              35.06796673200006,
              32.638879650000035
            ],
            [
              35.08716900200005,
              32.63727946100005
            ],
            [
              35.09232516700007,
              32.64012424200007
            ],
            [
              35.09356975800006,
              32.64368021800004
            ],
            [
              35.08983598400005,
              32.64954757800007
            ],
            [
              35.090547179000055,
              32.65470374300003
            ],
            [
              35.10583787500008,
              32.65808192000003
            ],
            [
              35.111527436000074,
              32.663949280000054
            ],
            [
              35.123795553000036,
              32.671772427000064
            ],
            [
              35.124506748000044,
              32.67870658000004
            ],
            [
              35.11434255100005,
              32.685600098000066
            ],
            [
              35.11331424300005,
              32.698901109000076
            ],
            [
              35.115863166000054,
              32.700867421000055
            ],
            [
              35.12751538800006,
              32.70006633100007
            ],
            [
              35.13137518600007,
              32.701377206000075
            ],
            [
              35.13487085300005,
              32.70429026100004
            ],
            [
              35.14149805400007,
              32.71681639900004
            ],
            [
              35.15518941400006,
              32.72810448900003
            ],
            [
              35.15475245600004,
              32.733420815000045
            ],
            [
              35.150080381000066,
              32.738678297000035
            ],
            [
              35.15902928700007,
              32.75171387100005
            ],
            [
              35.15989581900004,
              32.756169957000054
            ],
            [
              35.156954334000034,
              32.765348424000024
            ],
            [
              35.16299663600006,
              32.76961168300005
            ],
            [
              35.16472675700004,
              32.773728180000035
            ],
            [
              35.16410033400007,
              32.77578642800006
            ],
            [
              35.157060528000045,
              32.77975377700005
            ],
            [
              35.15425653700004,
              32.784377378000045
            ],
            [
              35.15312300900007,
              32.791148717000056
            ],
            [
              35.142494319000036,
              32.79983847800003
            ],
            [
              35.14207483900003,
              32.802541793000046
            ],
            [
              35.147108598000045,
              32.80864755700003
            ],
            [
              35.15102374500003,
              32.82169804500006
            ],
            [
              35.13239475600005,
              32.82685706700005
            ],
            [
              35.11950448600004,
              32.82838642100006
            ],
            [
              35.110692493000045,
              32.831882087000054
            ],
            [
              35.10171154300008,
              32.83829080900006
            ],
            [
              35.104088596000054,
              32.852692955000066
            ],
            [
              35.10828339600005,
              32.86056985700003
            ],
            [
              35.108376614000065,
              32.86774762500005
            ],
            [
              35.091466327000035,
              32.884972522000055
            ],
            [
              35.08046954300005,
              32.88795840300003
            ],
            [
              35.07952280000006,
              32.87623335500007
            ],
            [
              35.075954307000075,
              32.866256141000065
            ],
            [
              35.05736992400006,
              32.833775573000025
            ],
            [
              35.04644596700007,
              32.820462
            ],
            [
              35.03108415100007,
              32.813634526000044
            ],
            [
              35.02528079900003,
              32.81329315200003
            ],
            [
              35.01356030200003,
              32.817503428000066
            ],
            [
              34.99990535500007,
              32.828313594000065
            ],
            [
              34.98363321000005,
              32.83434452900008
            ],
            [
              34.96656452600007,
              32.828313594000065
            ],
            [
              34.95985084400007,
              32.819893044000025
            ],
            [
              34.95905430500005,
              32.79463139100005
            ],
            [
              34.953592326000035,
              32.74831836200008
            ],
            [
              34.94005117000006,
              32.68209186900003
            ],
            [
              34.92608329700005,
              32.625189144000046
            ],
            [
              34.92146052900006,
              32.583228629000075
            ],
            [
              34.90940354800006,
              32.545235250000076
            ],
            [
              34.90079141900003,
              32.50634176400007
            ],
            [
              34.89384615400007,
              32.488561885000024
            ],
            [
              34.87122125800005,
              32.41083047600006
            ],
            [
              34.87572179000006,
              32.40923028700007
            ],
            [
              34.92012703800003,
              32.40092930600002
            ],
            [
              34.92452755800008,
              32.41053044100005
            ],
            [
              34.96350716500007,
              32.40507979700004
            ],
            [
              34.97929028000004,
              32.40148562200005
            ],
            [
              34.99007280400008,
              32.39539115200006
            ],
            [
              35.011637853000025,
              32.376638935000074
            ],
            [
              35.02460813600004,
              32.37085700200004
            ],
            [
              35.03460931800004,
              32.370075660000055
            ],
            [
              35.040547520000075,
              32.37351356600004
            ]
          ]
        ]
      }
    },
    {
      "type": "Feature",
      "properties": {
        "shapeName": "Northern District",
        "shapeISO": "IL-Z",
        "shapeID": "19161824B91089536365577",
        "shapeGroup": "ISR",
        "shapeType": "ADM1"
      },
      "geometry": {
        "type": "Polygon",
        "coordinates": [
          [
            [
              35.212161552000055,
              32.542334907000054
            ],
            [
              35.22466578500007,
              32.552884207000034
            ],
            [
              35.23507995800003,
              32.53715370800006
            ],
            [
              35.25335938100005,
              32.52287973700004
            ],
            [
              35.29291776300005,
              32.50867404000007
            ],
            [
              35.31943111800007,
              32.50890162200005
            ],
            [
              35.34059628600005,
              32.51880145900003
            ],
            [
              35.34844788100003,
              32.51902904100007
            ],
            [
              35.37223024700006,
              32.515160140000035
            ],
            [
              35.383427304000065,
              32.50576553600007
            ],
            [
              35.396171921000075,
              32.50226987000008
            ],
            [
              35.40316325400005,
              32.49855572400003
            ],
            [
              35.40665892100003,
              32.49367635600004
            ],
            [
              35.40957197600005,
              32.480640433000076
            ],
            [
              35.421369850000076,
              32.46527406600006
            ],
            [
              35.422826378000025,
              32.46112296200005
            ],
            [
              35.42260789900007,
              32.45420445600007
            ],
            [
              35.41423286500003,
              32.43774569300007
            ],
            [
              35.41510678100008,
              32.433011978000025
            ],
            [
              35.423554642000056,
              32.42332606900004
            ],
            [
              35.42747588800006,
              32.41556436900004
            ],
            [
              35.438143815000046,
              32.40507424000003
            ],
            [
              35.44934513900006,
              32.40774122200003
            ],
            [
              35.45627929200003,
              32.412008393000065
            ],
            [
              35.46961420100007,
              32.412186192000036
            ],
            [
              35.535267403000034,
              32.38744305200004
            ],
            [
              35.54169942900006,
              32.386650701000065
            ],
            [
              35.554796526000075,
              32.38902775400004
            ],
            [
              35.55283895300005,
              32.39536656300004
            ],
            [
              35.55791932200003,
              32.399887625000076
            ],
            [
              35.559504024000034,
              32.40613321600006
            ],
            [
              35.556913407000025,
              32.41650314700007
            ],
            [
              35.55725478100004,
              32.42173754300006
            ],
            [
              35.57079593700007,
              32.44836469000006
            ],
            [
              35.57307176200004,
              32.45724040600004
            ],
            [
              35.572502805000056,
              32.45940243900003
            ],
            [
              35.56772357400007,
              32.46224722000005
            ],
            [
              35.56556154100008,
              32.46554716500003
            ],
            [
              35.56647187000004,
              32.471464309000055
            ],
            [
              35.57102351900005,
              32.47942969500008
            ],
            [
              35.58024060900004,
              32.486370960000045
            ],
            [
              35.57921648800004,
              32.491719147000026
            ],
            [
              35.56556154100008,
              32.501391401000035
            ],
            [
              35.56419604600006,
              32.50992574300005
            ],
            [
              35.55930302300004,
              32.515956678000066
            ],
            [
              35.56009956200006,
              32.519370415000026
            ],
            [
              35.56658566200008,
              32.52449102000003
            ],
            [
              35.56658566200008,
              32.527904757000044
            ],
            [
              35.56283055100005,
              32.53473223100008
            ],
            [
              35.56487879300005,
              32.538487341000064
            ],
            [
              35.57386830000007,
              32.544632067000066
            ],
            [
              35.577355227000055,
              32.54964197600003
            ],
            [
              35.57665609400004,
              32.55751887800005
            ],
            [
              35.57278755700003,
              32.56306533600008
            ],
            [
              35.57959245400008,
              32.575416691000044
            ],
            [
              35.576516267000045,
              32.586090125000055
            ],
            [
              35.57893993000005,
              32.59597120900003
            ],
            [
              35.57782131600004,
              32.597835565000025
            ],
            [
              35.569478326000024,
              32.59983974700003
            ],
            [
              35.567334317000075,
              32.60184392900004
            ],
            [
              35.572740948000046,
              32.60990726600005
            ],
            [
              35.571855379000056,
              32.61354275900004
            ],
            [
              35.563931868000054,
              32.62486871900006
            ],
            [
              35.56449117500006,
              32.62724577200004
            ],
            [
              35.570350844000075,
              32.63484115600005
            ],
            [
              35.59112815300006,
              32.645300889000055
            ],
            [
              35.59455099300004,
              32.652000917000066
            ],
            [
              35.59782818100007,
              32.65323896500007
            ],
            [
              35.604746687000045,
              32.65302048600006
            ],
            [
              35.60729561100004,
              32.65746289600003
            ],
            [
              35.60015862500006,
              32.66744011000003
            ],
            [
              35.60101552900005,
              32.66949160000007
            ],
            [
              35.60748880500006,
              32.67239673200004
            ],
            [
              35.610587363000036,
              32.677070671000024
            ],
            [
              35.62680725600006,
              32.67865537400007
            ],
            [
              35.635616335000066,
              32.68462131100006
            ],
            [
              35.638366259000065,
              32.70084120300004
            ],
            [
              35.650904050000065,
              32.71598909100004
            ],
            [
              35.65987626000003,
              32.75978396600004
            ],
            [
              35.66402736400005,
              32.76968835500003
            ],
            [
              35.66424584400005,
              32.77558729200007
            ],
            [
              35.65638059400004,
              32.78891452000005
            ],
            [
              35.65266644800005,
              32.80559176200006
            ],
            [
              35.64560228900007,
              32.815860282000074
            ],
            [
              35.646257727000034,
              32.823434227000064
            ],
            [
              35.64305336600006,
              32.833775573000025
            ],
            [
              35.649462087000074,
              32.83938320500005
            ],
            [
              35.64938926100007,
              32.85161803700004
            ],
            [
              35.64334467100008,
              32.86130394700007
            ],
            [
              35.641801662000034,
              32.86802673200003
            ],
            [
              35.63372248500008,
              32.87872310700004
            ],
            [
              35.627008803000024,
              32.885664372000065
            ],
            [
              35.612215943000024,
              32.89579179100008
            ],
            [
              35.617336548000026,
              32.903757177000045
            ],
            [
              35.627008803000024,
              32.90967432100007
            ],
            [
              35.62598468200008,
              32.92697058700003
            ],
            [
              35.63486039700007,
              32.98489032200007
            ],
            [
              35.63230009500006,
              33.01261270900005
            ],
            [
              35.635322674000065,
              33.02612541700006
            ],
            [
              35.647768590000055,
              33.06079618100006
            ],
            [
              35.65256915700007,
              33.09777833000004
            ],
            [
              35.65363595000008,
              33.124981545000026
            ],
            [
              35.66359268200006,
              33.13831645400006
            ],
            [
              35.67034903600006,
              33.15218476000007
            ],
            [
              35.66590406600005,
              33.18987810400006
            ],
            [
              35.668037652000066,
              33.20996936700004
            ],
            [
              35.66558402800007,
              33.22419327000006
            ],
            [
              35.682083756000054,
              33.23978266800003
            ],
            [
              35.684245790000034,
              33.24513085600006
            ],
            [
              35.682994086000065,
              33.24740668000004
            ],
            [
              35.668428809000034,
              33.25025146100006
            ],
            [
              35.64760501500007,
              33.25070662600007
            ],
            [
              35.63611210100004,
              33.243537779000064
            ],
            [
              35.62848808900003,
              33.24217228400005
            ],
            [
              35.62143303300007,
              33.243879152000034
            ],
            [
              35.60311264500007,
              33.25161695600008
            ],
            [
              35.59548863300006,
              33.25685135200007
            ],
            [
              35.58467846700006,
              33.26982355200005
            ],
            [
              35.584337093000045,
              33.27926822400008
            ],
            [
              35.58160610300007,
              33.28313712500005
            ],
            [
              35.56886148600006,
              33.28962322500007
            ],
            [
              35.56374088100006,
              33.28768877400006
            ],
            [
              35.56248917700003,
              33.27175800300006
            ],
            [
              35.54758252700003,
              33.248772175000056
            ],
            [
              35.544054999000025,
              33.23648272300005
            ],
            [
              35.53893439400008,
              33.23352415100004
            ],
            [
              35.53791027300008,
              33.22920008400007
            ],
            [
              35.53688615200008,
              33.21008315800003
            ],
            [
              35.541665383000066,
              33.19984194800003
            ],
            [
              35.54234813000005,
              33.19346963900006
            ],
            [
              35.528806975000066,
              33.149091061000036
            ],
            [
              35.52857939200004,
              33.14226358700006
            ],
            [
              35.53369999700004,
              33.13452578400006
            ],
            [
              35.53278966700003,
              33.130884465000065
            ],
            [
              35.53040005200006,
              33.12712935400003
            ],
            [
              35.51981746800004,
              33.11859501200007
            ],
            [
              35.50434186100006,
              33.11483990200003
            ],
            [
              35.50232917900007,
              33.11093544000005
            ],
            [
              35.50321817300005,
              33.09244436600005
            ],
            [
              35.45272331600006,
              33.091021976000036
            ],
            [
              35.439388407000024,
              33.077687067000056
            ],
            [
              35.434410040000046,
              33.06808593200003
            ],
            [
              35.42391991200003,
              33.06346316300005
            ],
            [
              35.39191612900004,
              33.062040773000035
            ],
            [
              35.375914238000064,
              33.053684230000044
            ],
            [
              35.370580274000076,
              33.053150833000075
            ],
            [
              35.35671196900006,
              33.05759580300003
            ],
            [
              35.342665864000026,
              33.067019139000024
            ],
            [
              35.334131522000064,
              33.07608687700008
            ],
            [
              35.32808636300007,
              33.07982065200002
            ],
            [
              35.32399699100006,
              33.08515461600007
            ],
            [
              35.32275240000007,
              33.08995518300003
            ],
            [
              35.324708186000066,
              33.094577952000066
            ],
            [
              35.324708186000066,
              33.10044531200003
            ],
            [
              35.31866302800006,
              33.104179086000045
            ],
            [
              35.314651887000025,
              33.103460779000045
            ],
            [
              35.30987265500005,
              33.09959187800007
            ],
            [
              35.30680029200005,
              33.09959187800007
            ],
            [
              35.29462463100003,
              33.106419351000056
            ],
            [
              35.28404204700007,
              33.101526328000034
            ],
            [
              35.27163880300003,
              33.09981946000005
            ],
            [
              35.26287687900003,
              33.09572297600005
            ],
            [
              35.24774264600006,
              33.09367473400005
            ],
            [
              35.24080138100004,
              33.09094374400007
            ],
            [
              35.22282236700005,
              33.09936429500004
            ],
            [
              35.21542593800007,
              33.09856775700007
            ],
            [
              35.20074686900006,
              33.08809896400004
            ],
            [
              35.193691813000044,
              33.08798517200006
            ],
            [
              35.17912653600007,
              33.09310577800005
            ],
            [
              35.17241285400007,
              33.091626492000046
            ],
            [
              35.16626812800007,
              33.087757590000024
            ],
            [
              35.16251301700004,
              33.087530008000044
            ],
            [
              35.15249938900007,
              33.09230923900003
            ],
            [
              35.11198971300007,
              33.09401610700007
            ],
            [
              35.10504844800005,
              33.09321956900004
            ],
            [
              35.10726965300006,
              33.080220059000055
            ],
            [
              35.106905521000044,
              33.05465799800004
            ],
            [
              35.09073806400005,
              33.00739367400007
            ],
            [
              35.08112384300006,
              32.96282904800006
            ],
            [
              35.068905510000036,
              32.922504282000034
            ],
            [
              35.07466619100006,
              32.92188554200004
            ],
            [
              35.078990257000044,
              32.91966661300006
            ],
            [
              35.08391172800003,
              32.91167277900007
            ],
            [
              35.08046954300005,
              32.88795840300003
            ],
            [
              35.091466327000035,
              32.884972522000055
            ],
            [
              35.108376614000065,
              32.86774762500005
            ],
            [
              35.10828339600005,
              32.86056985700003
            ],
            [
              35.104088596000054,
              32.852692955000066
            ],
            [
              35.10171154300008,
              32.83829080900006
            ],
            [
              35.110692493000045,
              32.831882087000054
            ],
            [
              35.11950448600004,
              32.82838642100006
            ],
            [
              35.13239475600005,
              32.82685706700005
            ],
            [
              35.15102374500003,
              32.82169804500006
            ],
            [
              35.147108598000045,
              32.80864755700003
            ],
            [
              35.14207483900003,
              32.802541793000046
            ],
            [
              35.142494319000036,
              32.79983847800003
            ],
            [
              35.15312300900007,
              32.791148717000056
            ],
            [
              35.15425653700004,
              32.784377378000045
            ],
            [
              35.157060528000045,
              32.77975377700005
            ],
            [
              35.16410033400007,
              32.77578642800006
            ],
            [
              35.16472675700004,
              32.773728180000035
            ],
            [
              35.16299663600006,
              32.76961168300005
            ],
            [
              35.156954334000034,
              32.765348424000024
            ],
            [
              35.15989581900004,
              32.756169957000054
            ],
            [
              35.15902928700007,
              32.75171387100005
            ],
            [
              35.150080381000066,
              32.738678297000035
            ],
            [
              35.15475245600004,
              32.733420815000045
            ],
            [
              35.15518941400006,
              32.72810448900003
            ],
            [
              35.14149805400007,
              32.71681639900004
            ],
            [
              35.13487085300005,
              32.70429026100004
            ],
            [
              35.13137518600007,
              32.701377206000075
            ],
            [
              35.12751538800006,
              32.70006633100007
            ],
            [
              35.115863166000054,
              32.700867421000055
            ],
            [
              35.11331424300005,
              32.698901109000076
            ],
            [
              35.11434255100005,
              32.685600098000066
            ],
            [
              35.124506748000044,
              32.67870658000004
            ],
            [
              35.123795553000036,
              32.671772427000064
            ],
            [
              35.111527436000074,
              32.663949280000054
            ],
            [
              35.10583787500008,
              32.65808192000003
            ],
            [
              35.090547179000055,
              32.65470374300003
            ],
            [
              35.08983598400005,
              32.64954757800007
            ],
            [
              35.09356975800006,
              32.64368021800004
            ],
            [
              35.09232516700007,
              32.64012424200007
            ],
            [
              35.08716900200005,
              32.63727946100005
            ],
            [
              35.06796673200006,
              32.638879650000035
            ],
            [
              35.06298836600007,
              32.63674606500007
            ],
            [
              35.06103257900003,
              32.63230109500006
            ],
            [
              35.061388177000026,
              32.61985518000006
            ],
            [
              35.05836559800008,
              32.61025404500003
            ],
            [
              35.05356503000007,
              32.60740926400007
            ],
            [
              35.03880773100008,
              32.60331989200006
            ],
            [
              35.02973999200003,
              32.597452532000034
            ],
            [
              35.03418496200004,
              32.59034058100008
            ],
            [
              35.044319493000046,
              32.583939824000026
            ],
            [
              35.045564085000024,
              32.57718347000008
            ],
            [
              35.05374282900004,
              32.574160891000076
            ],
            [
              35.054276225000024,
              32.571671707000064
            ],
            [
              35.049120060000064,
              32.568115732000024
            ],
            [
              35.03436276100007,
              32.56455975600005
            ],
            [
              35.032762572000024,
              32.56118157900005
            ],
            [
              35.03382936400004,
              32.559047993000036
            ],
            [
              35.044319493000046,
              32.555669816000034
            ],
            [
              35.05729880500007,
              32.554958621000026
            ],
            [
              35.06188734800003,
              32.55284083200007
            ],
            [
              35.07561208000004,
              32.54269050500005
            ],
            [
              35.082190636000064,
              32.542157108000026
            ],
            [
              35.085924410000075,
              32.53931232800005
            ],
            [
              35.08716900200005,
              32.53184477800005
            ],
            [
              35.09232516700007,
              32.530422388000034
            ],
            [
              35.11650580200006,
              32.530066790000035
            ],
            [
              35.13801945600005,
              32.53166698000007
            ],
            [
              35.14299782200004,
              32.533622766000065
            ],
            [
              35.16397807900006,
              32.55193604200008
            ],
            [
              35.174646007000035,
              32.56384856100004
            ],
            [
              35.178557580000074,
              32.56527095100006
            ],
            [
              35.18086896500006,
              32.55993698700007
            ],
            [
              35.18833651400007,
              32.551580444000024
            ],
            [
              35.19758205100004,
              32.549802456000066
            ],
            [
              35.212161552000055,
              32.542334907000054
            ]
          ]
        ]
      }
    },
    {
      "type": "Feature",
      "properties": {
        "shapeISO": "PS-WBK",
        "shapeName": "West Bank",
        "shapeID": "83478781B28849486138516",
        "shapeGroup": "PSE",
        "shapeType": "ADM1"
      },
      "geometry": {
        "type": "Polygon",
        "coordinates": [
          [
            [
              35.23165017600013,
              32.54265779800005
            ],
            [
              35.224572840000235,
              32.552146355000104
            ],
            [
              35.217603208000185,
              32.54874593200003
            ],
            [
              35.21481622300007,
              32.54443030900012
            ],
            [
              35.19874553900013,
              32.53882888900006
            ],
            [
              35.19534481900013,
              32.532385270000134
            ],
            [
              35.18780039600023,
              32.524251929000116
            ],
            [
              35.180643408000094,
              32.52435569500017
            ],
            [
              35.17681323800008,
              32.51865443600019
            ],
            [
              35.16407033799999,
              32.50879882900017
            ],
            [
              35.160509301,
              32.50409527900018
            ],
            [
              35.15508388100011,
              32.5028866880001
            ],
            [
              35.14474833800017,
              32.49631487400006
            ],
            [
              35.13899801900004,
              32.496292001000086
            ],
            [
              35.13788285000004,
              32.49454179100019
            ],
            [
              35.13993944300012,
              32.49340708900013
            ],
            [
              35.12603731799993,
              32.48390341600009
            ],
            [
              35.11356006300008,
              32.47963541299998
            ],
            [
              35.10901578500017,
              32.476043328999936
            ],
            [
              35.106819690000236,
              32.4754052670001
            ],
            [
              35.10192987900024,
              32.47820884999999
            ],
            [
              35.09249061500009,
              32.47646829800004
            ],
            [
              35.08579310099998,
              32.46896398399997
            ],
            [
              35.08227152100011,
              32.46784924900004
            ],
            [
              35.07281535100003,
              32.45912598000024
            ],
            [
              35.072405539000044,
              32.453862158000106
            ],
            [
              35.06572753299997,
              32.449434193000116
            ],
            [
              35.06579236099998,
              32.443059983000126
            ],
            [
              35.060738162000234,
              32.43674781200019
            ],
            [
              35.05994165000004,
              32.42953206900006
            ],
            [
              35.05660947800004,
              32.42333308100018
            ],
            [
              35.05724114200024,
              32.419949581000026
            ],
            [
              35.05338249800019,
              32.4159715720001
            ],
            [
              35.05511170300019,
              32.411885544000086
            ],
            [
              35.05389730700023,
              32.40290227499992
            ],
            [
              35.04020230700007,
              32.38059990199997
            ],
            [
              35.04176386699993,
              32.37767739900005
            ],
            [
              35.04904441200006,
              32.37649163600008
            ],
            [
              35.05160792300018,
              32.36700183500011
            ],
            [
              35.05072828599998,
              32.36403617200017
            ],
            [
              35.04827754899998,
              32.35963634600006
            ],
            [
              35.044267286000036,
              32.358949474999974
            ],
            [
              35.041415841000116,
              32.355537964000064
            ],
            [
              35.04210631000012,
              32.350684305000016
            ],
            [
              35.04059499500005,
              32.34874322700017
            ],
            [
              35.03551968900024,
              32.34625294900019
            ],
            [
              35.02855668900003,
              32.346944619000226
            ],
            [
              35.027078385000095,
              32.34034961599997
            ],
            [
              35.02032964600011,
              32.34106953800023
            ],
            [
              35.016209571,
              32.33845811200018
            ],
            [
              35.015122303000055,
              32.30614730700006
            ],
            [
              35.01363239799997,
              32.303430576000096
            ],
            [
              35.013018252000165,
              32.30704210700003
            ],
            [
              35.01061215900012,
              32.293557573000044
            ],
            [
              35.01324967599993,
              32.292188051000096
            ],
            [
              35.00899043400017,
              32.28122504600009
            ],
            [
              35.012821288000225,
              32.27950008500011
            ],
            [
              35.01593808700005,
              32.280386341999986
            ],
            [
              35.020121430000245,
              32.279269814000145
            ],
            [
              35.023520830000166,
              32.274618363000116
            ],
            [
              35.02585810300019,
              32.273832541000104
            ],
            [
              35.03062752200003,
              32.26566359700013
            ],
            [
              35.02857275399998,
              32.26036536200024
            ],
            [
              35.02626344000004,
              32.25939398000014
            ],
            [
              35.023972344000015,
              32.255283642999984
            ],
            [
              35.02397054800008,
              32.248794247000035
            ],
            [
              35.01922989299993,
              32.242458057000135
            ],
            [
              35.02018670500024,
              32.23442726000013
            ],
            [
              35.01775285400004,
              32.23352439600018
            ],
            [
              35.01421940299997,
              32.23554499800008
            ],
            [
              35.00509886700013,
              32.223882897000124
            ],
            [
              34.991298382000025,
              32.21264953399998
            ],
            [
              34.98908903900008,
              32.20754181500024
            ],
            [
              34.98468302900022,
              32.20670741800018
            ],
            [
              34.98292933500005,
              32.20438921400023
            ],
            [
              34.97781878600006,
              32.20301076300012
            ],
            [
              34.97518007000008,
              32.20052302400012
            ],
            [
              34.963464865,
              32.19991797400013
            ],
            [
              34.95735974399997,
              32.19068445400018
            ],
            [
              34.95960663699998,
              32.17564740100005
            ],
            [
              34.96452448800022,
              32.173277062000125
            ],
            [
              34.964230814000075,
              32.16892893099998
            ],
            [
              34.967267440000114,
              32.16902875700009
            ],
            [
              34.97066032099991,
              32.1665142220001
            ],
            [
              34.97738875300013,
              32.1590640120001
            ],
            [
              34.974365849000094,
              32.152278894000176
            ],
            [
              34.97938521900011,
              32.148735577000025
            ],
            [
              34.98663880500004,
              32.14843613300013
            ],
            [
              34.99043027500022,
              32.14215182999999
            ],
            [
              34.989196984000046,
              32.138670560000094
            ],
            [
              34.98763046900018,
              32.13823346200013
            ],
            [
              34.98871423300017,
              32.134107229999984
            ],
            [
              34.98569515300011,
              32.13013921200013
            ],
            [
              34.985390704999986,
              32.125576538000075
            ],
            [
              34.98880740300024,
              32.11935533999997
            ],
            [
              34.98894475999998,
              32.11503033300011
            ],
            [
              34.99167326399993,
              32.11276268000017
            ],
            [
              34.993754774000024,
              32.1072967070001
            ],
            [
              34.99019421999998,
              32.10523535100003
            ],
            [
              34.990632111000025,
              32.102352482000185
            ],
            [
              34.98582921700017,
              32.10054642600011
            ],
            [
              34.98542693400003,
              32.09531927600017
            ],
            [
              34.98250513000022,
              32.08982141400003
            ],
            [
              34.983662659000174,
              32.08879298699992
            ],
            [
              34.986350467000136,
              32.08957978000012
            ],
            [
              34.99834052300014,
              32.0563691000001
            ],
            [
              34.99553585400014,
              32.052209356
            ],
            [
              34.9991131650001,
              32.05299228900003
            ],
            [
              35.003711159000034,
              32.034787584000185
            ],
            [
              35.00511380100011,
              32.02078626600007
            ],
            [
              34.999391033000165,
              32.0174885240001
            ],
            [
              34.99932034100004,
              31.994871409999973
            ],
            [
              34.99678003000008,
              31.98219721499993
            ],
            [
              34.995068170000025,
              31.981618008000055
            ],
            [
              34.9964413620001,
              31.97900443200018
            ],
            [
              34.99563589400009,
              31.974810124999976
            ],
            [
              34.993342165000115,
              31.97226544800003
            ],
            [
              34.986359229000186,
              31.97053760600022
            ],
            [
              34.986430053,
              31.967626034000034
            ],
            [
              34.980572031000236,
              31.967915827000127
            ],
            [
              34.981036411000105,
              31.96576964899998
            ],
            [
              34.99097511100018,
              31.94959429500011
            ],
            [
              34.997192468000094,
              31.928947337000125
            ],
            [
              35.00729048500011,
              31.92145497200005
            ],
            [
              35.02095736399997,
              31.918354507000117
            ],
            [
              35.02265151400019,
              31.916684666000037
            ],
            [
              35.02741225400007,
              31.891558514000167
            ],
            [
              35.02417468300018,
              31.885512383999924
            ],
            [
              35.02736674200003,
              31.88044809000013
            ],
            [
              35.02681500600005,
              31.869435332000023
            ],
            [
              35.006196240000236,
              31.870405950000077
            ],
            [
              35.0035987980001,
              31.864936603000046
            ],
            [
              34.9969830710001,
              31.866626562000192
            ],
            [
              34.99640901000009,
              31.863521200000093
            ],
            [
              34.993401301000176,
              31.862307377000093
            ],
            [
              34.990942890999975,
              31.858190083000125
            ],
            [
              34.98568366100022,
              31.858854007
            ],
            [
              34.981953966000106,
              31.863482919000035
            ],
            [
              34.97993705500011,
              31.862777370000174
            ],
            [
              34.978659156,
              31.859553662999986
            ],
            [
              34.979165873000056,
              31.85484743900014
            ],
            [
              34.965767990000245,
              31.862943223000116
            ],
            [
              34.96295324699997,
              31.862472547000095
            ],
            [
              34.96133794200017,
              31.861220925999987
            ],
            [
              34.96313745000003,
              31.85706715200024
            ],
            [
              34.96653260800008,
              31.855240504999983
            ],
            [
              34.97012540800017,
              31.84860737300022
            ],
            [
              34.977873314000135,
              31.841439356000024
            ],
            [
              34.98266119300007,
              31.84014327600005
            ],
            [
              34.98351325400017,
              31.83716570500019
            ],
            [
              34.98614112700005,
              31.837858577000134
            ],
            [
              34.991224645000045,
              31.83492232300017
            ],
            [
              34.99128121700011,
              31.831605285000023
            ],
            [
              34.99432363699992,
              31.830440408000186
            ],
            [
              34.995767759000046,
              31.831249784000136
            ],
            [
              34.99775949100018,
              31.82819959900013
            ],
            [
              35.00046747300007,
              31.82935243300011
            ],
            [
              35.00249829300009,
              31.83292295500013
            ],
            [
              35.014307750000114,
              31.833947032000026
            ],
            [
              35.02065713600018,
              31.831124337000176
            ],
            [
              35.02707410900007,
              31.831205137000097
            ],
            [
              35.029863654999986,
              31.829171369999983
            ],
            [
              35.03224000000023,
              31.832143838000036
            ],
            [
              35.031333631999985,
              31.829244094000103
            ],
            [
              35.034753083000226,
              31.829700231000118
            ],
            [
              35.03335799600018,
              31.827353683000126
            ],
            [
              35.03598974400012,
              31.826963235000164
            ],
            [
              35.03469557300008,
              31.823429294999926
            ],
            [
              35.03664518700009,
              31.820760035999967
            ],
            [
              35.04364011899992,
              31.826090451000027
            ],
            [
              35.05512995800018,
              31.850989084000048
            ],
            [
              35.08041077200011,
              31.840037378000034
            ],
            [
              35.100799410000036,
              31.82875165200022
            ],
            [
              35.098002947000225,
              31.82869281600017
            ],
            [
              35.10656138500008,
              31.823385213999927
            ],
            [
              35.11616453200003,
              31.82227569800017
            ],
            [
              35.11708206499998,
              31.82475895200008
            ],
            [
              35.11992971000018,
              31.825157748000038
            ],
            [
              35.13912839600005,
              31.81388581599998
            ],
            [
              35.143257259000166,
              31.813186329000132
            ],
            [
              35.142921063000244,
              31.814843354000175
            ],
            [
              35.14596282700023,
              31.81209072900009
            ],
            [
              35.16258569500019,
              31.808334065999986
            ],
            [
              35.17752170099999,
              31.807800072000077
            ],
            [
              35.19671576000013,
              31.809744800000033
            ],
            [
              35.204991741000185,
              31.807926716000225
            ],
            [
              35.21002278700007,
              31.805196705000014
            ],
            [
              35.217101701,
              31.80486873300009
            ],
            [
              35.22379726600019,
              31.800605015000087
            ],
            [
              35.227402096,
              31.784140435000097
            ],
            [
              35.225476727000114,
              31.776849056000117
            ],
            [
              35.23000785400012,
              31.771655028000055
            ],
            [
              35.22844250200012,
              31.768947211000125
            ],
            [
              35.22563437300005,
              31.77088994600018
            ],
            [
              35.226037370000086,
              31.76721654700009
            ],
            [
              35.22856591099992,
              31.76652430500019
            ],
            [
              35.228490308000175,
              31.75991912600017
            ],
            [
              35.227790405000064,
              31.756447721000086
            ],
            [
              35.22511097900008,
              31.757044946000235
            ],
            [
              35.22457016300007,
              31.747402419000082
            ],
            [
              35.22312144099993,
              31.745927301999984
            ],
            [
              35.224206696000124,
              31.7445053240001
            ],
            [
              35.227562711000076,
              31.74460819900014
            ],
            [
              35.22334900900012,
              31.735342268000238
            ],
            [
              35.220743185000174,
              31.733876439000028
            ],
            [
              35.21753488799999,
              31.73478657300018
            ],
            [
              35.214017599000044,
              31.738561458
            ],
            [
              35.213302543000225,
              31.740886134000107
            ],
            [
              35.21604329600024,
              31.744683216000226
            ],
            [
              35.20663063900008,
              31.748728694000135
            ],
            [
              35.20082592400024,
              31.746688410000047
            ],
            [
              35.19634424600014,
              31.7504522480001
            ],
            [
              35.19287443400009,
              31.746614906
            ],
            [
              35.19024959799998,
              31.74619231899993
            ],
            [
              35.18657927100014,
              31.747853454000165
            ],
            [
              35.18172631599998,
              31.743494340000098
            ],
            [
              35.174846592999984,
              31.741557511000167
            ],
            [
              35.16466776200002,
              31.741845391000027
            ],
            [
              35.160673124000084,
              31.744990677000033
            ],
            [
              35.15821913600013,
              31.744509812000103
            ],
            [
              35.153487909000035,
              31.73746615500022
            ],
            [
              35.14396720600001,
              31.731777780000186
            ],
            [
              35.14201534800003,
              31.73331958099999
            ],
            [
              35.14017250300003,
              31.72899560899998
            ],
            [
              35.138248100000226,
              31.728832542000077
            ],
            [
              35.13594477600009,
              31.73419854100024
            ],
            [
              35.13284212800022,
              31.733746844999985
            ],
            [
              35.12590832000012,
              31.728119357000082
            ],
            [
              35.12156636200024,
              31.72118068200018
            ],
            [
              35.12051842200003,
              31.715567659000044
            ],
            [
              35.116391769000074,
              31.71371322100009
            ],
            [
              35.10639831200018,
              31.71478260900011
            ],
            [
              35.09318455900012,
              31.70083267100017
            ],
            [
              35.085724506000076,
              31.695955317000028
            ],
            [
              35.08527908800016,
              31.690610687000117
            ],
            [
              35.068979151000235,
              31.684008095000024
            ],
            [
              35.030109587000084,
              31.66029742500018
            ],
            [
              35.01598185000023,
              31.65551470200012
            ],
            [
              35.013100760999976,
              31.655689068000186
            ],
            [
              34.99973750300023,
              31.647808997000027
            ],
            [
              34.97982418800012,
              31.625860482000235
            ],
            [
              34.975463007000144,
              31.618000217000088
            ],
            [
              34.95239371300005,
              31.594663445000094
            ],
            [
              34.94692047299998,
              31.580689436000227
            ],
            [
              34.945248076999974,
              31.565314876000173
            ],
            [
              34.942993241000124,
              31.561251990000073
            ],
            [
              34.94127447200009,
              31.550235527000098
            ],
            [
              34.942002553000236,
              31.52886813000009
            ],
            [
              34.94026948300018,
              31.524134416000095
            ],
            [
              34.94411855200008,
              31.510461401999976
            ],
            [
              34.94026709100018,
              31.494354268000052
            ],
            [
              34.926083839000114,
              31.466246619000117
            ],
            [
              34.91797943900008,
              31.456741210000132
            ],
            [
              34.91107102299998,
              31.45414525100017
            ],
            [
              34.913060673000246,
              31.450948492000123
            ],
            [
              34.90832905200017,
              31.445073792000187
            ],
            [
              34.90354483200014,
              31.443505599000048
            ],
            [
              34.887628471000085,
              31.413294395000037
            ],
            [
              34.881078979000165,
              31.396041476000107
            ],
            [
              34.88186864300013,
              31.39000912199998
            ],
            [
              34.887397254000234,
              31.380851731000178
            ],
            [
              34.89095696499999,
              31.369600543000047
            ],
            [
              34.90992490100018,
              31.355636205000167
            ],
            [
              34.91155530100008,
              31.34939026600017
            ],
            [
              34.92290902800005,
              31.34241873500008
            ],
            [
              34.94750608600003,
              31.347664430000236
            ],
            [
              34.960181368000235,
              31.348591505000115
            ],
            [
              34.96476605300023,
              31.351349511000024
            ],
            [
              34.96734753700008,
              31.34898060400002
            ],
            [
              34.98226518900003,
              31.352097349000076
            ],
            [
              34.98634400499998,
              31.35160189499993
            ],
            [
              34.98862760800017,
              31.353926996999974
            ],
            [
              35.00847234899999,
              31.35774889900017
            ],
            [
              35.06683353900013,
              31.35805365200008
            ],
            [
              35.074841434000234,
              31.35761211700003
            ],
            [
              35.076208570000176,
              31.355646360000037
            ],
            [
              35.115050666999934,
              31.356358393999926
            ],
            [
              35.132110122000086,
              31.354806825000082
            ],
            [
              35.14993943600018,
              31.359835517000135
            ],
            [
              35.15572653700019,
              31.35708741600024
            ],
            [
              35.164471663000086,
              31.35873064600014
            ],
            [
              35.17038036100013,
              31.357371855999986
            ],
            [
              35.174177322000105,
              31.359945730000106
            ],
            [
              35.174238374000026,
              31.364241680000134
            ],
            [
              35.175816594000025,
              31.3644312830001
            ],
            [
              35.17750898899999,
              31.36239659299997
            ],
            [
              35.179677218999984,
              31.365197497999986
            ],
            [
              35.18217822200023,
              31.36601029600024
            ],
            [
              35.185087140000235,
              31.364728838000076
            ],
            [
              35.187955,
              31.367713607999974
            ],
            [
              35.19886346000004,
              31.369738858000233
            ],
            [
              35.20279298100019,
              31.366729705000182
            ],
            [
              35.20621716699998,
              31.368189329000188
            ],
            [
              35.20980399800004,
              31.367668747000096
            ],
            [
              35.212780182000074,
              31.371674053
            ],
            [
              35.21637149600019,
              31.371138201000065
            ],
            [
              35.230744505000075,
              31.37446423000023
            ],
            [
              35.252265680999926,
              31.391629520000095
            ],
            [
              35.254480055000045,
              31.391342053000187
            ],
            [
              35.255660496000075,
              31.394313049000175
            ],
            [
              35.27225173000011,
              31.406778004000103
            ],
            [
              35.28713453900019,
              31.414937099999975
            ],
            [
              35.293624450000095,
              31.421878112000172
            ],
            [
              35.379785589000164,
              31.477801772000078
            ],
            [
              35.39510573899997,
              31.49012007099992
            ],
            [
              35.39415090099999,
              31.49599200500012
            ],
            [
              35.39908848900018,
              31.51103336900013
            ],
            [
              35.39513203100017,
              31.515145125000174
            ],
            [
              35.39675978900004,
              31.516846583000074
            ],
            [
              35.39629022999998,
              31.528553377000094
            ],
            [
              35.40025785000017,
              31.53184241600013
            ],
            [
              35.39788188600022,
              31.53949832500024
            ],
            [
              35.40100337200005,
              31.543845513000235
            ],
            [
              35.40021811200012,
              31.549206460000164
            ],
            [
              35.41255432500003,
              31.558660212000234
            ],
            [
              35.413052768000114,
              31.56080550500019
            ],
            [
              35.41703466299998,
              31.56394223400008
            ],
            [
              35.41832290100018,
              31.568188933000044
            ],
            [
              35.415112543000134,
              31.576128320000123
            ],
            [
              35.40906604800011,
              31.584353996000175
            ],
            [
              35.410157836000224,
              31.602973385999974
            ],
            [
              35.412011374000144,
              31.605029768000122
            ],
            [
              35.41609183800023,
              31.6061286420001
            ],
            [
              35.41343052900004,
              31.611032164999983
            ],
            [
              35.418091949000086,
              31.61683406500009
            ],
            [
              35.41882937899999,
              31.620051048999983
            ],
            [
              35.42185425000008,
              31.622485577000134
            ],
            [
              35.426692279000235,
              31.622109021000085
            ],
            [
              35.43124322200009,
              31.62623435500018
            ],
            [
              35.42804532700012,
              31.631817932999923
            ],
            [
              35.42852796100004,
              31.637626669999975
            ],
            [
              35.436524374999976,
              31.643660429000136
            ],
            [
              35.43641814300008,
              31.64680386000009
            ],
            [
              35.43914223300004,
              31.651849741000035
            ],
            [
              35.443590745999984,
              31.656109487000037
            ],
            [
              35.443168689000174,
              31.66064333200012
            ],
            [
              35.44832553200024,
              31.667068885
            ],
            [
              35.44917093100008,
              31.67350836300011
            ],
            [
              35.445098956000095,
              31.682969475999982
            ],
            [
              35.45211791300022,
              31.698414605000096
            ],
            [
              35.452367026,
              31.70219544600019
            ],
            [
              35.4608758550001,
              31.710047872000132
            ],
            [
              35.46978131000003,
              31.711797855000043
            ],
            [
              35.48173372100018,
              31.724128101000076
            ],
            [
              35.48624636699998,
              31.733751972000107
            ],
            [
              35.50165422900011,
              31.754274457000236
            ],
            [
              35.50394255100008,
              31.763383547000046
            ],
            [
              35.50684183300018,
              31.766803629000037
            ],
            [
              35.52172777700014,
              31.763202278999984
            ],
            [
              35.52766899699998,
              31.764875180000104
            ],
            [
              35.54525896900003,
              31.76053372500013
            ],
            [
              35.55567187800017,
              31.760658644000102
            ],
            [
              35.55884914799998,
              31.763488132000077
            ],
            [
              35.55794467099997,
              31.765714608999986
            ],
            [
              35.55400704300018,
              31.76807557299992
            ],
            [
              35.55486085500013,
              31.77209026400004
            ],
            [
              35.548399642000106,
              31.78072940200019
            ],
            [
              35.54826666200012,
              31.784195125000167
            ],
            [
              35.551861154000164,
              31.79273842300023
            ],
            [
              35.54646812300024,
              31.80161013499992
            ],
            [
              35.541928770000084,
              31.805542994000177
            ],
            [
              35.543079652000074,
              31.80960430200014
            ],
            [
              35.54170317400008,
              31.811041622000232
            ],
            [
              35.54379819100012,
              31.81331088100012
            ],
            [
              35.54114707200023,
              31.813592082000184
            ],
            [
              35.54197674500023,
              31.81570468800004
            ],
            [
              35.53933051299998,
              31.816635974000178
            ],
            [
              35.54279833900017,
              31.81731080600008
            ],
            [
              35.54115214500007,
              31.822254268000165
            ],
            [
              35.54555772100008,
              31.821501142000045
            ],
            [
              35.546315730000174,
              31.823418440000182
            ],
            [
              35.54863734100013,
              31.823568686000044
            ],
            [
              35.547365604,
              31.8290787680001
            ],
            [
              35.54512186900024,
              31.830592844000137
            ],
            [
              35.546886,
              31.831331251000222
            ],
            [
              35.54642468100019,
              31.833270429000095
            ],
            [
              35.54897292499999,
              31.835994197000048
            ],
            [
              35.54642166600024,
              31.836382238000112
            ],
            [
              35.547079989999986,
              31.840364314000226
            ],
            [
              35.545402194000076,
              31.842500672000085
            ],
            [
              35.54865864099992,
              31.843401473000085
            ],
            [
              35.54388553900009,
              31.845799241000236
            ],
            [
              35.54647564800007,
              31.846885166000106
            ],
            [
              35.545968315000096,
              31.848280900000134
            ],
            [
              35.541956156000026,
              31.848466152000185
            ],
            [
              35.54343092400023,
              31.851703666
            ],
            [
              35.542015433000074,
              31.85182969599998
            ],
            [
              35.54204645400023,
              31.850246784000092
            ],
            [
              35.539834956999925,
              31.85125137600005
            ],
            [
              35.54141304500013,
              31.854252702999986
            ],
            [
              35.53654494199998,
              31.85635402400004
            ],
            [
              35.539401242000224,
              31.857292055000073
            ],
            [
              35.53765970799998,
              31.85902898200004
            ],
            [
              35.53942655399999,
              31.85870545299997
            ],
            [
              35.539878060000035,
              31.86063484800019
            ],
            [
              35.542228552999916,
              31.85966334000011
            ],
            [
              35.54165934600019,
              31.863160336000078
            ],
            [
              35.54348249800023,
              31.861638603000188
            ],
            [
              35.54378647300007,
              31.864637094000045
            ],
            [
              35.54684486500014,
              31.863827367000113
            ],
            [
              35.54505640200023,
              31.86653843
            ],
            [
              35.54842631399998,
              31.866046297000025
            ],
            [
              35.54634166500006,
              31.867162178000058
            ],
            [
              35.54726544400023,
              31.868331830000045
            ],
            [
              35.54520395500009,
              31.871031481000045
            ],
            [
              35.54931442600014,
              31.87321816700012
            ],
            [
              35.54340045800018,
              31.87520773000017
            ],
            [
              35.53902779400005,
              31.874242251000112
            ],
            [
              35.53891621899999,
              31.879724012999986
            ],
            [
              35.532442107000236,
              31.882693644000142
            ],
            [
              35.53548333600003,
              31.88555349600017
            ],
            [
              35.53133448799997,
              31.88687425600017
            ],
            [
              35.53006487400006,
              31.890623850999987
            ],
            [
              35.533313495000186,
              31.891817907000018
            ],
            [
              35.534098661000144,
              31.89377230700012
            ],
            [
              35.530385841000054,
              31.89273901600012
            ],
            [
              35.532458938000104,
              31.89644520100012
            ],
            [
              35.527940634000174,
              31.89920611700012
            ],
            [
              35.52428085400004,
              31.907969799000114
            ],
            [
              35.527930675000164,
              31.916429379000192
            ],
            [
              35.52724073799999,
              31.92279624100007
            ],
            [
              35.529822971000044,
              31.92378501000013
            ],
            [
              35.53209725300013,
              31.92138235699997
            ],
            [
              35.53276661700005,
              31.924657012000125
            ],
            [
              35.53529579700006,
              31.925024273000076
            ],
            [
              35.53389682400024,
              31.92332374700004
            ],
            [
              35.53526036699998,
              31.92233069700012
            ],
            [
              35.53911316300008,
              31.923810470999967
            ],
            [
              35.53679691700012,
              31.92526782699997
            ],
            [
              35.536069827000176,
              31.93017999600005
            ],
            [
              35.54242540300004,
              31.92931668300014
            ],
            [
              35.53907042300011,
              31.932459004000123
            ],
            [
              35.54027426599998,
              31.93364324099997
            ],
            [
              35.54427945499998,
              31.931939437999972
            ],
            [
              35.54268820200002,
              31.93416457900014
            ],
            [
              35.54535154400014,
              31.93546228800011
            ],
            [
              35.54525499800013,
              31.93726565200012
            ],
            [
              35.54100123699999,
              31.938068590000114
            ],
            [
              35.54502603700013,
              31.941642092000222
            ],
            [
              35.541053980000186,
              31.943159311000045
            ],
            [
              35.544099303000166,
              31.944373025000118
            ],
            [
              35.54121458800017,
              31.945509952000123
            ],
            [
              35.54351869700008,
              31.946010953000098
            ],
            [
              35.541965399,
              31.94764246300008
            ],
            [
              35.543868292000184,
              31.94952735700008
            ],
            [
              35.54178127500023,
              31.949060849000034
            ],
            [
              35.5390593030001,
              31.953045636000127
            ],
            [
              35.54131362800018,
              31.951716052999984
            ],
            [
              35.54138605200012,
              31.95370593000024
            ],
            [
              35.54413636200013,
              31.95434654200011
            ],
            [
              35.54280189800022,
              31.95475737000004
            ],
            [
              35.54316844800019,
              31.957011349000084
            ],
            [
              35.54113698999993,
              31.956933438000135
            ],
            [
              35.5402191230001,
              31.958416850000106
            ],
            [
              35.54087852900017,
              31.960525507000227
            ],
            [
              35.54523305500004,
              31.962352824000163
            ],
            [
              35.54168117100011,
              31.96537054400011
            ],
            [
              35.54418252800002,
              31.966159907000133
            ],
            [
              35.54391053500018,
              31.967824462000124
            ],
            [
              35.54735959000004,
              31.969286923000027
            ],
            [
              35.54741985200019,
              31.970888070000115
            ],
            [
              35.546442448000164,
              31.972958615000096
            ],
            [
              35.54372207400013,
              31.971753360000093
            ],
            [
              35.54132320400009,
              31.975356137000233
            ],
            [
              35.540718264000134,
              31.982361128000093
            ],
            [
              35.53966660700007,
              31.982974812000236
            ],
            [
              35.537323255,
              31.980926119000117
            ],
            [
              35.53450602999999,
              31.985734213999933
            ],
            [
              35.537178149000226,
              31.98951443300018
            ],
            [
              35.5357738080001,
              31.99275986600003
            ],
            [
              35.54104441400011,
              31.995923064000124
            ],
            [
              35.54167358500018,
              31.998324558000036
            ],
            [
              35.53893542800023,
              31.996821957000122
            ],
            [
              35.539077995000184,
              31.999476384000104
            ],
            [
              35.535768366000184,
              31.997575124000036
            ],
            [
              35.53724306300006,
              32.000993575000166
            ],
            [
              35.53489921500011,
              31.998231654000165
            ],
            [
              35.53288823500003,
              32.00179757700005
            ],
            [
              35.532168812000236,
              31.998880411000073
            ],
            [
              35.52942586900008,
              32.0001708210001
            ],
            [
              35.527276597000025,
              31.99927792099993
            ],
            [
              35.528875970000115,
              32.00341838500003
            ],
            [
              35.52794780500017,
              32.00412534300011
            ],
            [
              35.52650636100009,
              32.00262725600004
            ],
            [
              35.52375769800011,
              32.00489484400009
            ],
            [
              35.5266224290001,
              32.0054948290001
            ],
            [
              35.52537112400023,
              32.00781262100003
            ],
            [
              35.52865748500005,
              32.007689343000095
            ],
            [
              35.52766283300019,
              32.00880903900003
            ],
            [
              35.529373212999985,
              32.011471444000165
            ],
            [
              35.52723470800004,
              32.01119519200017
            ],
            [
              35.52629202200018,
              32.01362783000002
            ],
            [
              35.52296621400018,
              32.0146119960001
            ],
            [
              35.52904015600018,
              32.01730578299998
            ],
            [
              35.528971243000115,
              32.01981345700017
            ],
            [
              35.522483264000186,
              32.01970614100014
            ],
            [
              35.52255251400004,
              32.020976322000024
            ],
            [
              35.52493004500002,
              32.02078623200009
            ],
            [
              35.52474000800004,
              32.02209388700004
            ],
            [
              35.520566713000164,
              32.02192023600014
            ],
            [
              35.52260922900024,
              32.02487929000017
            ],
            [
              35.52120906900018,
              32.026392483999985
            ],
            [
              35.52405362400009,
              32.02990183300017
            ],
            [
              35.522020342000076,
              32.029667594000045
            ],
            [
              35.51984265800019,
              32.0314588760001
            ],
            [
              35.52248164800022,
              32.031765281
            ],
            [
              35.52270961099998,
              32.035060631000135
            ],
            [
              35.52058431900019,
              32.03424025200019
            ],
            [
              35.51885664600013,
              32.03574639100003
            ],
            [
              35.52246489900017,
              32.04169253300017
            ],
            [
              35.51928247900014,
              32.04627446500018
            ],
            [
              35.52185570100022,
              32.048385403000225
            ],
            [
              35.52048505400023,
              32.051051271000176
            ],
            [
              35.52322422800023,
              32.05022861300017
            ],
            [
              35.52401773999998,
              32.04768080300005
            ],
            [
              35.525526731000184,
              32.0507698940001
            ],
            [
              35.52980876100014,
              32.05031966600012
            ],
            [
              35.528782192000165,
              32.05850933300019
            ],
            [
              35.532122771000104,
              32.060274629999924
            ],
            [
              35.53064723600011,
              32.0597462720001
            ],
            [
              35.529344802000026,
              32.06186559800011
            ],
            [
              35.53457801200011,
              32.06379813700005
            ],
            [
              35.53011186100014,
              32.063708314000166
            ],
            [
              35.52972867799997,
              32.0647989630001
            ],
            [
              35.53281187199997,
              32.06528517100003
            ],
            [
              35.52982404699998,
              32.066509244000144
            ],
            [
              35.53253997400003,
              32.06763446300005
            ],
            [
              35.530013734000136,
              32.06890802700008
            ],
            [
              35.52987330100012,
              32.07129045199997
            ],
            [
              35.532967841000186,
              32.07072497100012
            ],
            [
              35.533972624000114,
              32.068619050999985
            ],
            [
              35.53516547800024,
              32.06914811300004
            ],
            [
              35.53506161300004,
              32.076806270000134
            ],
            [
              35.53870343300014,
              32.07501064500019
            ],
            [
              35.536800264000135,
              32.078506633000075
            ],
            [
              35.5411815220001,
              32.07961008300009
            ],
            [
              35.53902835500003,
              32.08117425500018
            ],
            [
              35.53934627900003,
              32.08261785900004
            ],
            [
              35.54363957000004,
              32.07999631700022
            ],
            [
              35.54630872900003,
              32.08109149100005
            ],
            [
              35.542827322000164,
              32.08179770500004
            ],
            [
              35.54588152800011,
              32.084015983000086
            ],
            [
              35.54295171100006,
              32.08493611500023
            ],
            [
              35.54556873100006,
              32.087995365999916
            ],
            [
              35.543766823000226,
              32.08793684600005
            ],
            [
              35.54297070400014,
              32.09009296300019
            ],
            [
              35.537548636999986,
              32.08954981900018
            ],
            [
              35.54065598199992,
              32.09166687900023
            ],
            [
              35.539013790000126,
              32.09459810300012
            ],
            [
              35.53987011900017,
              32.096661131000076
            ],
            [
              35.537250702999984,
              32.09977825900006
            ],
            [
              35.531818135000094,
              32.10061598200019
            ],
            [
              35.5351046830001,
              32.10246420200019
            ],
            [
              35.53200213900004,
              32.10795206000023
            ],
            [
              35.53848990900002,
              32.110481896000124
            ],
            [
              35.543016986000225,
              32.11031784200003
            ],
            [
              35.544102280000175,
              32.113034378000066
            ],
            [
              35.54267881200013,
              32.11476136200014
            ],
            [
              35.54766378100004,
              32.122117243000105
            ],
            [
              35.5458555620001,
              32.12512876599999
            ],
            [
              35.548816725999984,
              32.12416136400003
            ],
            [
              35.55057104600019,
              32.12649493700013
            ],
            [
              35.54708151099999,
              32.12838207900012
            ],
            [
              35.55016211600008,
              32.12915493100013
            ],
            [
              35.55075980800018,
              32.13214259700004
            ],
            [
              35.549058972000125,
              32.129789877000064
            ],
            [
              35.54697023000011,
              32.13141279600018
            ],
            [
              35.54536435199998,
              32.128566367000076
            ],
            [
              35.54407685300009,
              32.1289946980001
            ],
            [
              35.54548280400019,
              32.13008736699999
            ],
            [
              35.542696692999925,
              32.130519707000076
            ],
            [
              35.54348533400008,
              32.13469058100003
            ],
            [
              35.54679801800012,
              32.132831428000145
            ],
            [
              35.549805789000175,
              32.13561919500012
            ],
            [
              35.54916753900011,
              32.13730671800005
            ],
            [
              35.54737241999999,
              32.13561209900024
            ],
            [
              35.543895851999935,
              32.13675902300008
            ],
            [
              35.54307620500009,
              32.14059413600006
            ],
            [
              35.54670405700023,
              32.14107778200014
            ],
            [
              35.54422737099992,
              32.142468711
            ],
            [
              35.54719582000013,
              32.14329675300013
            ],
            [
              35.54915057800008,
              32.141853458000185
            ],
            [
              35.55137051899999,
              32.14504079200009
            ],
            [
              35.55539059000017,
              32.14267236800009
            ],
            [
              35.55503144700003,
              32.14568857900014
            ],
            [
              35.55842594100022,
              32.14410300399999
            ],
            [
              35.558020363000026,
              32.14764824500014
            ],
            [
              35.56206469000011,
              32.15253773500018
            ],
            [
              35.55876030700017,
              32.1524784930001
            ],
            [
              35.55556185900019,
              32.15483103800017
            ],
            [
              35.553361664000136,
              32.152699062000124
            ],
            [
              35.552166452000165,
              32.15629318800018
            ],
            [
              35.554070930000194,
              32.15694581100024
            ],
            [
              35.556226176000166,
              32.155733758999986
            ],
            [
              35.55636630499998,
              32.1588376310001
            ],
            [
              35.55363039399998,
              32.15996905399999
            ],
            [
              35.55077344600022,
              32.158948984000176
            ],
            [
              35.548757355000134,
              32.16291536699998
            ],
            [
              35.552177708000045,
              32.16370094200005
            ],
            [
              35.553265287000045,
              32.1614502490001
            ],
            [
              35.55798802599992,
              32.16556250899998
            ],
            [
              35.5562533260001,
              32.167198288000236
            ],
            [
              35.553068716999974,
              32.16486345900023
            ],
            [
              35.552286486000185,
              32.167134406000116
            ],
            [
              35.55465443600019,
              32.16995858900009
            ],
            [
              35.55126089300012,
              32.172064862000184
            ],
            [
              35.55371652400004,
              32.17342866000024
            ],
            [
              35.55642913200012,
              32.17032371800019
            ],
            [
              35.558944143000076,
              32.170357818000184
            ],
            [
              35.55800740500024,
              32.17408832100017
            ],
            [
              35.5532226630001,
              32.17497873899998
            ],
            [
              35.557774668000036,
              32.17644631200017
            ],
            [
              35.55989744200019,
              32.17506982500004
            ],
            [
              35.56168331599997,
              32.17780019600008
            ],
            [
              35.55954386100018,
              32.17903970200018
            ],
            [
              35.55820974900007,
              32.184265209000046
            ],
            [
              35.56133043400007,
              32.1842483530001
            ],
            [
              35.561437964000106,
              32.18701654800009
            ],
            [
              35.56391302600008,
              32.18907906200019
            ],
            [
              35.569363951000184,
              32.18864591300013
            ],
            [
              35.568923553,
              32.191429381000034
            ],
            [
              35.57257271100008,
              32.19266601400017
            ],
            [
              35.56970627400017,
              32.19564296800024
            ],
            [
              35.5691581160001,
              32.19971505800004
            ],
            [
              35.56453697100011,
              32.19741207400011
            ],
            [
              35.56245955700018,
              32.19813064699997
            ],
            [
              35.56600060800014,
              32.20407605499997
            ],
            [
              35.56333011900006,
              32.20575571600017
            ],
            [
              35.564171854000165,
              32.209009594000065
            ],
            [
              35.566856583000174,
              32.20683648800002
            ],
            [
              35.56991537000005,
              32.20951394400009
            ],
            [
              35.57349417299997,
              32.209119807000036
            ],
            [
              35.5709778530001,
              32.215305830000034
            ],
            [
              35.567860666999934,
              32.214256718000115
            ],
            [
              35.564799538000045,
              32.21746571900013
            ],
            [
              35.56817079100023,
              32.21915514300014
            ],
            [
              35.571830934000104,
              32.218208556000036
            ],
            [
              35.572996704000104,
              32.219283615999984
            ],
            [
              35.57197392500012,
              32.221016178000184
            ],
            [
              35.56827418199998,
              32.22130728900004
            ],
            [
              35.569700924000244,
              32.230435396000075
            ],
            [
              35.56729984700007,
              32.23113426600014
            ],
            [
              35.566799511000056,
              32.228775324000026
            ],
            [
              35.56400802500002,
              32.22843736500005
            ],
            [
              35.56199348100017,
              32.23391264500009
            ],
            [
              35.558872214000075,
              32.23504057700018
            ],
            [
              35.55799605699997,
              32.237637403000235
            ],
            [
              35.563587479000034,
              32.237275737000175
            ],
            [
              35.563359978000165,
              32.24179197100011
            ],
            [
              35.56784849400009,
              32.23809615800013
            ],
            [
              35.56912282600018,
              32.23931337200008
            ],
            [
              35.566597748,
              32.24060782900017
            ],
            [
              35.56863146699993,
              32.242234730000234
            ],
            [
              35.57043808999998,
              32.24177168900019
            ],
            [
              35.571475707000104,
              32.24373871900008
            ],
            [
              35.56908685400009,
              32.24537347000023
            ],
            [
              35.567387093000036,
              32.25003606400003
            ],
            [
              35.56250514400011,
              32.25130138300017
            ],
            [
              35.564811368000164,
              32.26185687100008
            ],
            [
              35.560075240000174,
              32.264439742000036
            ],
            [
              35.55795196800017,
              32.272469510000235
            ],
            [
              35.56597093800019,
              32.27589323000018
            ],
            [
              35.566874931000086,
              32.28601442000024
            ],
            [
              35.562136485999986,
              32.295248050000225
            ],
            [
              35.554552286000046,
              32.298748772000124
            ],
            [
              35.56018960300014,
              32.30299610499992
            ],
            [
              35.55900892600005,
              32.30326238900011
            ],
            [
              35.560020518000044,
              32.305357936000235
            ],
            [
              35.56369061500004,
              32.30971979399999
            ],
            [
              35.56015574800023,
              32.317969447000166
            ],
            [
              35.55299202599991,
              32.32180557600009
            ],
            [
              35.55508475800008,
              32.32569534800018
            ],
            [
              35.554635153000106,
              32.329201995000176
            ],
            [
              35.557263,
              32.33156148900002
            ],
            [
              35.55375068900008,
              32.34357270499993
            ],
            [
              35.55949519500024,
              32.348303236000106
            ],
            [
              35.55487271900017,
              32.354528336000044
            ],
            [
              35.55676009300004,
              32.35695560400012
            ],
            [
              35.55356686300013,
              32.35944770600008
            ],
            [
              35.55423352600013,
              32.36350360199998
            ],
            [
              35.55281843700004,
              32.36671546500003
            ],
            [
              35.5580347180001,
              32.365383795000184
            ],
            [
              35.557629649000035,
              32.3610297620001
            ],
            [
              35.559530001999974,
              32.36031273499998
            ],
            [
              35.5638285230001,
              32.36944634000014
            ],
            [
              35.56403377999993,
              32.37385402500024
            ],
            [
              35.56026008900011,
              32.37957756200012
            ],
            [
              35.56256461099997,
              32.38469552200013
            ],
            [
              35.55362376700009,
              32.38937980300017
            ],
            [
              35.541292053000234,
              32.387601182000026
            ],
            [
              35.53024718800009,
              32.39335157700003
            ],
            [
              35.494565459000114,
              32.40095849400012
            ],
            [
              35.47955301500019,
              32.41048710500007
            ],
            [
              35.45300052800013,
              32.412992034000126
            ],
            [
              35.44822813900009,
              32.41050270900013
            ],
            [
              35.444835771999976,
              32.41086536800003
            ],
            [
              35.443842377000124,
              32.407595101000084
            ],
            [
              35.44072608100004,
              32.40594250300012
            ],
            [
              35.43214640400004,
              32.408472449000044
            ],
            [
              35.41940844700014,
              32.416791407000176
            ],
            [
              35.41761584900013,
              32.42080865000014
            ],
            [
              35.418648029999986,
              32.42211614799993
            ],
            [
              35.41611487900008,
              32.42529540400011
            ],
            [
              35.41739033300013,
              32.426427864000175
            ],
            [
              35.41541522600022,
              32.42668682900023
            ],
            [
              35.411984254000174,
              32.43633240899999
            ],
            [
              35.41729936000013,
              32.45657027200019
            ],
            [
              35.42105192900004,
              32.458930474000226
            ],
            [
              35.41550902000017,
              32.469675916000085
            ],
            [
              35.40947233300011,
              32.477150399000095
            ],
            [
              35.40701841800018,
              32.48332684500008
            ],
            [
              35.40767616200009,
              32.48899235300007
            ],
            [
              35.40558948500018,
              32.49097682800004
            ],
            [
              35.40622443299992,
              32.49346515500014
            ],
            [
              35.402533458000164,
              32.501800619999926
            ],
            [
              35.385233742000025,
              32.50532473200019
            ],
            [
              35.37989426600018,
              32.509848240000224
            ],
            [
              35.365952316000175,
              32.516773344000114
            ],
            [
              35.34403382400012,
              32.51924376200009
            ],
            [
              35.33268675200003,
              32.51529609900024
            ],
            [
              35.306374958000106,
              32.50995964700007
            ],
            [
              35.28453534,
              32.509821916000135
            ],
            [
              35.275661630000116,
              32.50501994700011
            ],
            [
              35.27598756000009,
              32.514405848000024
            ],
            [
              35.25217373400005,
              32.52326064200008
            ],
            [
              35.23675968800012,
              32.536004787000024
            ],
            [
              35.23165017600013,
              32.54265779800005
            ]
          ]
        ]
      }
    },
    {
      "type": "Feature",
      "properties": {
        "shapeISO": "PS-GZZ",
        "shapeName": "Gaza",
        "shapeID": "83478781B7121896376882",
        "shapeGroup": "PSE",
        "shapeType": "ADM1"
      },
      "geometry": {
        "type": "Polygon",
        "coordinates": [
          [
            [
              34.56217253900007,
              31.545227899000054
            ],
            [
              34.49138741500008,
              31.59491276500006
            ],
            [
              34.45074385400005,
              31.543365031000064
            ],
            [
              34.434213638000074,
              31.52546232900005
            ],
            [
              34.43175238400005,
              31.52372062200004
            ],
            [
              34.429060280000044,
              31.524044484000058
            ],
            [
              34.42987257200008,
              31.521903932000043
            ],
            [
              34.41812419900003,
              31.507637054000043
            ],
            [
              34.34335204000007,
              31.43112751600006
            ],
            [
              34.28625150400006,
              31.382730946000038
            ],
            [
              34.27633572800005,
              31.371962159000077
            ],
            [
              34.21866518500008,
              31.323752329000058
            ],
            [
              34.23545837900008,
              31.296888529000057
            ],
            [
              34.24011021700005,
              31.295834005000074
            ],
            [
              34.265970854000045,
              31.224384788000066
            ],
            [
              34.28049667400006,
              31.229209420000075
            ],
            [
              34.293240463000075,
              31.241440586000067
            ],
            [
              34.31953681600004,
              31.252923874000032
            ],
            [
              34.332972521000045,
              31.26355019400006
            ],
            [
              34.34296701400007,
              31.27842114200007
            ],
            [
              34.36664631200006,
              31.290000486000054
            ],
            [
              34.37385137800004,
              31.30581456500005
            ],
            [
              34.36556543000006,
              31.362811156000078
            ],
            [
              34.36765440800008,
              31.369376964000026
            ],
            [
              34.37217611500006,
              31.369986468000036
            ],
            [
              34.37439273100006,
              31.37865989900007
            ],
            [
              34.37989708600003,
              31.38561180000005
            ],
            [
              34.38069218600003,
              31.38940920500005
            ],
            [
              34.39308433400004,
              31.39998051500004
            ],
            [
              34.39558986900005,
              31.404617140000028
            ],
            [
              34.40215839500007,
              31.41103217500006
            ],
            [
              34.40696466600008,
              31.41248696200006
            ],
            [
              34.426749468000025,
              31.426841915000068
            ],
            [
              34.437308431000076,
              31.439981639000052
            ],
            [
              34.446402729000056,
              31.443806469000037
            ],
            [
              34.473458469000036,
              31.470381290000034
            ],
            [
              34.47832310200005,
              31.472262442000044
            ],
            [
              34.48333090500006,
              31.478818059000048
            ],
            [
              34.50782525500006,
              31.49722862200008
            ],
            [
              34.51322829700007,
              31.500553101000037
            ],
            [
              34.52528736700003,
              31.50271310200003
            ],
            [
              34.531648623000024,
              31.506777765000038
            ],
            [
              34.54729342400003,
              31.51269302000003
            ],
            [
              34.55079066700006,
              31.516516031000037
            ],
            [
              34.55374946000006,
              31.517212692000044
            ],
            [
              34.55502505800007,
              31.52203387000003
            ],
            [
              34.566702891000034,
              31.534623870000075
            ],
            [
              34.567550606000054,
              31.541503615000067
            ],
            [
              34.56217253900007,
              31.545227899000054
            ]
          ]
        ]
      }
    }
  ]
}